# https://github.com/mikedh/trimesh
mtllib material.mtl

o geometry_0
usemtl material_0
v 0.09396192 0.24578470 0.06158497
v 0.09504145 0.24112436 0.05801937
v 0.09414981 0.22993754 0.05932347
v 0.15044472 -0.19291222 0.10936535
v 0.15370198 -0.19440074 0.11298215
v 0.15421337 -0.18595846 0.11399405
v -0.09830689 -0.49229759 -0.10675757
v -0.09979305 -0.49302140 -0.05410220
v -0.13594528 -0.49252561 -0.02156632
v -0.10574015 -0.49353558 0.00397178
v -0.06049276 -0.49120513 -0.17114697
v -0.04967367 -0.49371928 -0.07920849
v -0.02756398 -0.49453676 -0.08346564
v -0.03348932 -0.49230015 -0.16289993
v -0.01849514 -0.49428552 -0.11155650
v -0.13666502 -0.49246103 -0.06681448
v -0.12350100 -0.49250653 -0.10246750
v -0.11237672 -0.49209726 -0.13414110
v -0.08097479 -0.49138051 -0.17167944
v -0.09891873 -0.49151254 -0.16633800
v -0.05739559 -0.49586609 -0.00567987
v -0.10306127 -0.49330664 0.03859862
v -0.14893840 -0.49230230 -0.03174502
v -0.16379365 -0.49168694 0.02033044
v -0.04744315 -0.49559346 -0.03645472
v -0.01415008 -0.49421430 -0.13813917
v -0.16062000 -0.49082255 0.04709535
v -0.08408601 -0.49343136 0.05942475
v -0.06791401 -0.49615863 0.02947220
v -0.04434626 -0.49231610 -0.17181651
v -0.13429664 -0.48938295 0.07055699
v -0.10543522 -0.49037468 0.07265364
v -0.14750919 -0.48873982 0.06195110
v -0.07581593 -0.49341246 0.04844783
v -0.02333973 -0.49294177 -0.15059204
v 0.11405909 0.34654453 -0.06962308
v 0.11211595 0.33983415 -0.06202775
v 0.10999174 0.30016413 -0.06574930
v 0.11607322 0.34332955 -0.08916260
v 0.11230839 0.29655513 -0.08583280
v 0.10927238 0.26614052 -0.07863904
v 0.11144672 0.23822640 -0.11221810
v 0.11399399 0.28534347 -0.10532934
v 0.11634380 0.27896079 -0.12798046
v 0.11534879 0.25141904 -0.13767041
v 0.11738189 0.31411317 -0.11623271
v 0.11759999 0.32916671 -0.10910203
v 0.11732176 0.29610524 -0.12296949
v 0.10741786 0.21543801 -0.08753166
v 0.11533209 0.23504178 -0.14342666
v 0.11497656 0.21461676 -0.14687009
v 0.11218207 0.20396860 -0.12078571
v 0.10777255 0.19611320 -0.09163027
v 0.11404315 0.19857450 -0.13957368
v 0.11564589 0.20434210 -0.15505542
v 0.11485293 0.18335091 -0.15447141
v 0.11927292 0.35226676 -0.09932940
v 0.11447421 0.17790104 -0.14064802
v 0.11404353 0.18281937 -0.12882929
v 0.11493862 0.16706875 -0.14149986
v 0.10717712 0.26980826 -0.06848048
v 0.10580548 0.24146505 -0.07467270
v 0.11516585 0.15995723 -0.15460101
v 0.11366381 0.15886937 -0.12734452
v 0.11417265 0.19723196 -0.12213453
v 0.11217895 0.19414322 -0.11384355
v 0.11377839 0.17219041 -0.12052467
v 0.10880170 0.16432229 -0.09045423
v 0.11064361 0.15475105 -0.10753050
v 0.11564405 0.16709219 -0.12758447
v 0.10681800 0.30860832 -0.05350976
v 0.11532832 0.34688756 -0.08827323
v 0.10640288 0.28653726 -0.06122020
v 0.11971966 0.23185794 -0.15051746
v 0.10601186 0.36644170 -0.04267048
v 0.12305227 0.36139455 -0.10332089
v 0.11144227 0.15034370 -0.14644524
v 0.10342178 0.32469499 -0.04423355
v 0.10655706 0.15758391 -0.09119228
v 0.11218367 0.35099131 -0.05888462
v 0.11850396 0.21517470 -0.15576874
v 0.12417761 0.36424407 -0.09781364
v 0.12375042 0.36835620 -0.10492671
v 0.12310467 0.35661498 -0.11010600
v 0.12280485 0.33122498 -0.11529407
v 0.12302022 0.31266874 -0.12309714
v 0.12303336 0.36515355 -0.07171873
v 0.10028928 0.34475565 -0.03663180
v 0.11188485 0.36360961 -0.05295767
v 0.11961922 0.24610437 -0.14594081
v 0.11420334 0.16686626 -0.15767722
v 0.12635711 0.37080565 -0.05748644
v 0.12233068 0.36340225 -0.05669204
v 0.12290384 0.36069500 -0.05918745
v 0.12027005 0.25752530 -0.14215107
v 0.12118719 0.27683729 -0.13567349
v 0.11794639 0.26754913 -0.13473542
v 0.12221599 0.29041183 -0.13049993
v 0.12802769 0.37462032 -0.08838689
v 0.12925658 0.38100192 -0.08021970
v 0.12568188 0.38373867 -0.05677942
v 0.13104303 0.37368464 -0.10397135
v 0.13155028 0.38507971 -0.09658189
v 0.13029246 0.38633195 -0.10328855
v 0.12254683 0.30281445 -0.12668225
v 0.11526506 0.34483013 -0.06367381
v 0.12607805 0.38551426 -0.08103894
v 0.12488110 0.38641649 -0.06321157
v 0.12665281 0.40842560 -0.05863257
v 0.12754351 0.40951529 -0.07667026
v 0.12546854 0.38925385 -0.09771192
v 0.12674190 0.41015378 -0.09531663
v 0.12155004 0.41784549 -0.09462197
v 0.10840773 0.15256608 -0.15804550
v 0.12148818 0.41425616 -0.05708217
v 0.12296130 0.41027683 -0.05093521
v 0.12178657 0.39021426 -0.10240725
v 0.02814729 0.20898537 0.14099027
v 0.00171774 0.24167080 0.14841881
v -0.02482842 0.23009527 0.14548062
v -0.01048844 0.16344181 0.13048284
v 0.02939403 0.16275097 0.13075095
v 0.02890298 0.25524759 0.15140983
v 0.03008053 0.24606828 0.14942269
v -0.03076483 0.15847392 0.12856072
v -0.04466389 0.19316028 0.13593429
v -0.04391894 0.24337934 0.14862420
v -0.02372179 0.24379101 0.14932825
v 0.02643424 0.15575135 0.12793513
v 0.05094137 0.21655761 0.13976777
v 0.07243877 0.18472791 0.13223381
v 0.07412995 0.20413660 0.13603139
v 0.06972844 0.15777247 0.12717579
v 0.07750682 0.24680994 0.14530315
v 0.05314253 0.24028984 0.14541242
v 0.06301697 0.26823926 0.15365031
v 0.08043082 0.27443758 0.15269376
v 0.03005115 0.26804790 0.15786690
v -0.05301321 0.17844661 0.13046119
v -0.06767977 0.15938398 0.12350789
v -0.06766680 0.18619432 0.13065238
v -0.06738430 0.21675500 0.13752764
v -0.06676265 0.24127594 0.14303084
v 0.00967234 0.26177755 0.15461041
v 0.00392534 0.24509506 0.14839599
v -0.01173786 0.24454173 0.14830108
v -0.04628714 0.26899245 0.15561014
v -0.04626256 0.24473347 0.14797403
v 0.00070968 0.26868105 0.15771830
v -0.06670774 0.27303058 0.15215392
v -0.04280117 0.27609241 0.15556759
v -0.07144893 0.17630240 0.12398206
v 0.02964818 0.27707598 0.15671042
v 0.07962483 0.27784479 0.15219590
v -0.07410475 0.26747230 0.14669374
v 0.06759781 0.15433306 0.12416063
v -0.07569097 0.25015876 0.13933310
v -0.06366099 0.15123972 0.11594378
v -0.01482225 0.15220498 0.12243396
v -0.07274896 0.19040230 0.12779921
v -0.07647956 0.27665812 0.14544448
v -0.03225891 0.14745559 0.11328344
v 0.02303024 0.14773101 0.11542740
v 0.05330684 0.14742082 0.11424543
v -0.06253553 0.28091681 0.14859122
v -0.07250021 0.15662000 0.11548495
v 0.06721435 0.14822464 0.11343136
v -0.01946837 0.28044075 0.15331247
v 0.07737163 0.15301862 0.11010921
v -0.06580559 0.14777124 0.10378800
v -0.01364625 0.28392613 0.11880096
v -0.03077056 0.28379604 0.12135521
v 0.02645599 0.28386837 0.11781453
v -0.03185933 0.28397447 0.11257742
v 0.07025678 0.28373438 0.12415552
v 0.04293286 0.28415841 0.11170409
v 0.07966984 0.28532463 0.09450795
v 0.08016075 0.28256238 0.14567077
v -0.01458385 0.28258279 0.14841793
v -0.07244584 0.28180394 0.14131367
v -0.04916803 0.28387806 0.10223906
v -0.07215286 0.28266034 0.10873734
v -0.06585248 0.28415877 0.08701836
v -0.06253553 0.28091681 0.14859122
v 0.03565706 0.28132147 0.15186638
v 0.08733520 0.28133970 0.13058649
v -0.01946837 0.28044075 0.15331247
v -0.07548825 0.28098962 0.09546587
v 0.07962483 0.27784479 0.15219590
v 0.05368950 0.28595021 0.10456589
v 0.07229788 0.28789556 0.09203249
v 0.08267362 0.28601381 0.08220197
v -0.07838947 0.27791446 0.12132473
v 0.02964818 0.27707598 0.15671042
v 0.08655768 0.27976173 0.08915410
v -0.07647956 0.27665812 0.14544448
v -0.04280117 0.27609241 0.15556759
v 0.09933978 -0.46670583 -0.00092514
v 0.13217150 -0.47541389 0.00914866
v 0.09951679 -0.47826761 0.02432894
v 0.12386620 -0.46503201 -0.01030039
v 0.05460524 -0.48201576 0.03793120
v 0.05892469 -0.46644846 0.00719462
v 0.04049822 -0.46688700 0.01024396
v 0.09484117 -0.48749247 0.04750163
v 0.14091991 -0.49422240 0.05960724
v 0.06509018 -0.49292213 0.06046191
v 0.10892876 -0.49434128 0.06614199
v 0.06990382 -0.49748155 0.07409260
v 0.15766153 -0.49068871 0.04218213
v 0.17935258 -0.49820098 0.05730601
v 0.15672654 -0.47715330 0.00190359
v 0.14876799 -0.46905962 -0.01304400
v 0.16735955 -0.48667490 0.02347382
v 0.17924930 -0.49588791 0.04204325
v 0.09364454 -0.43748048 -0.04665157
v 0.02708431 -0.44705668 -0.01934745
v 0.03988263 -0.42938507 -0.05209612
v 0.04755156 -0.40811285 -0.09192102
v 0.07473470 -0.41622651 -0.08115429
v 0.02393280 -0.41429016 -0.07681674
v 0.07337910 -0.40949649 -0.09445541
v 0.10539912 -0.43784440 -0.04872545
v 0.02022416 -0.41999024 -0.06664962
v 0.09464402 -0.41271916 -0.09566115
v 0.02059794 -0.43275970 -0.04517243
v 0.11303795 -0.44538769 -0.04014154
v 0.13786231 -0.45477414 -0.03164488
v 0.12720829 -0.44415206 -0.04846535
v 0.11884263 -0.43668821 -0.06016382
v 0.10582483 -0.42333922 -0.08008035
v 0.02906552 -0.41038814 -0.08368642
v 0.11806444 -0.49629453 0.07665547
v 0.15499885 -0.49702427 0.07480261
v 0.07227121 -0.49956578 0.08850776
v 0.09872779 -0.49951074 0.10206368
v 0.14936174 -0.49783316 0.09837528
v 0.17428111 -0.49809703 0.07151863
v 0.12589097 -0.49859163 0.10607298
v 0.16668046 -0.49521238 0.08438500
v 0.15758853 -0.49497509 0.09443083
v 0.10497832 -0.49787009 0.10452840
v 0.14502533 -0.49570718 0.10207421
v -0.08320505 0.14919756 -0.16079280
v -0.05634975 0.14953305 -0.13879000
v -0.08294807 0.14857800 -0.11350197
v -0.03896942 0.14857511 -0.16790143
v -0.05811781 0.14944674 -0.17439109
v -0.00809077 0.14987449 -0.14787731
v -0.02702715 0.15234858 -0.11272286
v -0.06573569 0.15019022 -0.10004397
v 0.01118337 0.15221933 -0.11928424
v 0.03371587 0.14899532 -0.16266038
v 0.09967592 0.14916521 -0.12782484
v 0.09232871 0.14889771 -0.15811136
v 0.06325462 0.14981073 -0.12941770
v 0.09900361 0.15040773 -0.10279664
v 0.07051396 0.15175703 -0.10312265
v 0.09595958 0.15152809 -0.09176739
v 0.11144227 0.15034370 -0.14644524
v 0.10801000 0.15124997 -0.11947482
v -0.01808148 0.15345529 -0.10671691
v 0.01025515 0.15385981 -0.10876244
v -0.04250996 0.15333408 -0.09928468
v 0.02869503 0.15347998 -0.10646558
v 0.04875730 0.15304007 -0.10037344
v 0.02499158 0.14975691 -0.16793160
v 0.06602033 0.15481037 -0.09276335
v -0.08183613 0.15188280 -0.17506698
v -0.08322182 0.15170424 -0.10434162
v 0.10840773 0.15256608 -0.15804550
v 0.11064361 0.15475105 -0.10753050
v -0.09034672 0.15282735 -0.16000919
v 0.10655706 0.15758391 -0.09119228
v -0.08985151 0.15306164 -0.12786865
v 0.01576127 0.15230294 -0.17265181
v 0.07476396 0.15761065 -0.08753051
v -0.04736469 0.15526427 -0.09610789
v -0.06071199 0.15572780 -0.09229837
v -0.06925184 0.15726504 -0.09227393
v -0.07375317 0.15717493 -0.08874963
v -0.05973800 0.15295279 -0.17926517
v 0.07951737 0.15333234 -0.16593921
v -0.07171552 0.15761606 -0.18266729
v -0.08917604 0.15825514 -0.17434075
v -0.06665677 0.15073514 -0.08462930
v -0.07393669 0.15055440 -0.07583253
v -0.08133999 0.14932778 -0.06610603
v -0.08714859 0.15676728 -0.07161219
v -0.09444293 0.15484521 -0.05508823
v 0.00095172 0.31468290 -0.14843890
v 0.00976772 0.33337057 -0.14204295
v 0.03276366 0.27884734 -0.15742333
v -0.00570519 0.29797325 -0.15352309
v -0.00070006 0.27978969 -0.15939392
v 0.02705053 0.30337545 -0.14993578
v 0.03631319 0.33438218 -0.13935491
v 0.02357942 0.35194919 -0.13509279
v -0.00644368 0.37620184 -0.13098265
v -0.01694831 0.34104609 -0.14217134
v 0.01892191 0.37020200 -0.13046752
v -0.03268478 0.32901499 -0.14639792
v -0.04320845 0.33633044 -0.14509720
v -0.00486208 0.27864358 -0.15913817
v -0.02994078 0.26618490 -0.16511032
v -0.04574683 0.30062562 -0.15575571
v -0.04233569 0.37729162 -0.13215739
v 0.00652481 0.39931640 -0.12234187
v 0.03105389 0.37985089 -0.12661669
v 0.04489244 0.39998984 -0.11970157
v 0.05581917 0.38357028 -0.12361187
v 0.06709085 0.40445414 -0.11639336
v 0.08365206 0.38767925 -0.12007850
v 0.06160602 0.42537233 -0.11008134
v -0.01154488 0.42586842 -0.11407015
v -0.02698342 0.41276988 -0.11983381
v 0.07948150 0.42536542 -0.10993706
v -0.07312583 0.29309189 -0.15898229
v -0.04632190 0.40471900 -0.12294610
v 0.03456861 0.26358098 -0.16144101
v 0.03492432 0.37431195 -0.12718618
v 0.05745125 0.36305791 -0.12806010
v 0.05399788 0.33257204 -0.13720420
v 0.08031670 0.33890051 -0.13292952
v 0.07632170 0.30981836 -0.14123790
v 0.07107510 0.37609977 -0.12392571
v 0.09668429 0.36091527 -0.12526450
v 0.09353421 0.38711199 -0.11795466
v 0.06694608 0.28577194 -0.15031338
v 0.04545202 0.27548009 -0.15669827
v 0.08423824 0.29905224 -0.14409666
v 0.10875870 0.30801845 -0.13949054
v 0.10885536 0.34897298 -0.12657259
v 0.10835326 0.27582139 -0.14992777
v 0.08506434 0.27595183 -0.15110989
v -0.04374089 0.25654370 -0.17016836
v -0.06668557 0.25584033 -0.17201689
v 0.06072628 0.26181647 -0.15969414
v 0.10701648 0.25578880 -0.15753810
v 0.08485751 0.25697434 -0.15810932
v 0.04722854 0.24051335 -0.16976923
v 0.10506750 0.23920797 -0.16400537
v -0.07185355 0.34880903 -0.14078130
v -0.07295875 0.37807000 -0.13173656
v -0.07219861 0.39936954 -0.12461005
v -0.00783642 0.24337257 -0.17302203
v 0.10517268 0.39403668 -0.11351316
v 0.08322748 0.21606125 -0.17617220
v 0.09580351 0.21688324 -0.17427087
v -0.06995480 0.42710245 -0.11380510
v 0.05600240 0.22459701 -0.17638342
v 0.07341460 0.21085963 -0.17967737
v 0.01269321 0.21010755 -0.18705739
v 0.00152389 0.22438897 -0.18190283
v -0.04255734 0.23665708 -0.17907611
v -0.04056405 0.21698146 -0.18529542
v -0.07272642 0.22865015 -0.18152149
v -0.02601968 0.43091395 -0.11198549
v -0.07347130 0.26961139 -0.16669357
v 0.10521779 0.41783673 -0.10706055
v 0.04554978 0.26843101 -0.15980749
v -0.02525456 0.42112651 -0.11773894
v -0.07413071 0.21769877 -0.18358135
v 0.03818029 0.26862469 -0.16164978
v 0.05340707 0.19567133 -0.18323775
v -0.07665865 0.42762175 -0.11225799
v 0.00054150 0.19877826 -0.18744679
v 0.02786626 0.19801141 -0.18538141
v 0.09829938 0.42497036 -0.10456824
v 0.10551681 0.21823344 -0.16942699
v -0.06806117 0.43127519 -0.11060508
v 0.06804062 0.19526519 -0.18015897
v 0.02912689 0.37607983 -0.12974636
v 0.08026417 0.19263384 -0.17722841
v -0.03057813 0.19879425 -0.18505138
v -0.05517676 0.19825658 -0.18319215
v -0.05581035 0.21456471 -0.18367083
v -0.06776359 0.21230046 -0.18531384
v -0.06120471 0.19527358 -0.18562905
v -0.07321784 0.21518239 -0.18319084
v -0.07388975 0.19648166 -0.18380907
v -0.07367796 0.32088524 -0.14943820
v 0.08625697 0.21277148 -0.17430292
v 0.09046507 0.20601574 -0.17540284
v 0.10433434 0.21206923 -0.17022364
v 0.09862918 0.19131282 -0.17399341
v 0.05737983 0.37977713 -0.12711489
v 0.07207769 0.38357463 -0.12355944
v 0.08808108 0.38461685 -0.11845703
v 0.10420797 0.21514422 -0.16723180
v 0.11468885 0.42043152 -0.09982515
v 0.12674190 0.41015378 -0.09531663
v 0.12178657 0.39021426 -0.10240725
v 0.11899039 0.38398167 -0.10554480
v 0.13029246 0.38633195 -0.10328855
v 0.12522422 0.38352510 -0.10582688
v 0.13104303 0.37368464 -0.10397135
v 0.12375042 0.36835620 -0.10492671
v 0.03751271 0.42936060 -0.10767100
v 0.08282316 0.42722794 -0.10511298
v 0.12310467 0.35661498 -0.11010600
v 0.11498803 0.31293628 -0.13109218
v 0.12302022 0.31266874 -0.12309714
v 0.12118719 0.27683729 -0.13567349
v 0.12254683 0.30281445 -0.12668225
v 0.12221599 0.29041183 -0.13049993
v 0.10572960 0.20609093 -0.16882083
v 0.12155004 0.41784549 -0.09462197
v 0.11961922 0.24610437 -0.14594081
v 0.11850396 0.21517470 -0.15576874
v 0.11971966 0.23185794 -0.15051746
v 0.12027005 0.25752530 -0.14215107
v 0.10682132 0.21526168 -0.16521542
v 0.11564589 0.20434210 -0.15505542
v 0.10751076 0.19125912 -0.16201648
v -0.09834005 0.22326988 -0.02025734
v -0.09869085 0.21430473 -0.02584318
v -0.09805893 0.22406654 -0.00834075
v -0.09906718 0.21521911 -0.00195987
v -0.10011248 0.19324683 -0.01348059
v -0.09879930 0.19473659 0.00568096
v -0.09857579 0.17477474 0.00531004
v -0.09912498 0.17773819 -0.02204815
v -0.09820192 0.19339749 -0.03272498
v -0.09552246 0.23046915 -0.03717465
v -0.09448319 0.21128905 -0.05059990
v -0.09129954 0.24132989 -0.05174661
v -0.09365077 0.18055791 -0.04841377
v -0.09642845 0.22979030 0.00063491
v -0.08531044 0.25088450 -0.06720059
v -0.08878010 0.21634962 -0.06638281
v -0.08830638 0.19502434 -0.06611452
v -0.08163673 0.22666337 -0.07952131
v -0.08165077 0.20098907 -0.08030851
v -0.08343823 0.18218826 -0.07319700
v -0.08805679 0.25576884 -0.06306226
v -0.07787263 0.26239911 -0.07625323
v -0.08421720 0.27367839 -0.06934325
v -0.09498715 0.21639891 0.01836930
v -0.09484239 0.23699878 0.00894361
v -0.09144545 0.24520902 0.02128775
v -0.10061534 0.17473002 -0.02740813
v -0.09445733 0.18793629 0.02591868
v -0.09409260 0.17724565 -0.05436524
v -0.09636562 0.16604131 -0.05093590
v -0.10007384 0.15422913 -0.03144714
v -0.10117829 0.15770246 -0.01828417
v -0.10062552 0.17078970 -0.00012677
v -0.09444293 0.15484521 -0.05508823
v -0.09970336 0.15344746 0.00221906
v -0.08714859 0.15676728 -0.07161219
v -0.08123352 0.17920473 -0.08045539
v -0.09645511 0.16899268 0.02027873
v -0.09485407 0.15179662 0.02304230
v -0.08591996 0.24068899 0.04315284
v -0.08678123 0.26372197 0.03515385
v -0.08797259 0.17018318 0.03950432
v -0.07280441 0.27424261 0.07112944
v -0.08022687 0.29035440 0.04448283
v -0.07878602 0.24084532 0.06168602
v -0.07163209 0.25775963 0.08068385
v -0.08397190 0.19737709 0.05194524
v -0.06891868 0.27834439 0.08088943
v -0.07320144 0.25973046 0.09045829
v -0.07200187 0.22110340 0.07345440
v -0.07436915 0.20532353 0.09090325
v -0.07346632 0.19455957 0.07859895
v -0.07433156 0.15436456 0.09037868
v -0.07306166 0.15640034 0.07354812
v -0.07486339 0.19426870 0.10352906
v -0.07409300 0.15453577 0.10477246
v -0.07144893 0.17630240 0.12398206
v -0.07250021 0.15662000 0.11548495
v -0.07274896 0.19040230 0.12779921
v -0.07505910 0.20422132 0.11467460
v -0.07592602 0.21545421 0.10608395
v -0.07602733 0.21444546 0.09741592
v -0.07517732 0.23248751 0.10116253
v -0.07495756 0.21757850 0.12701157
v -0.07569097 0.25015876 0.13933310
v -0.07671443 0.25679350 0.12006849
v -0.07650714 0.25913846 0.10191857
v -0.07065568 0.28730938 0.06887888
v -0.07802811 0.26689649 0.14124793
v -0.08771428 0.16699842 0.04168854
v -0.06423103 0.29209158 0.08257635
v -0.06585248 0.28415877 0.08701836
v -0.07819191 0.29629105 0.04525045
v -0.08962988 0.15113682 0.03474018
v -0.07883793 0.26360655 0.11444783
v -0.07838947 0.27791446 0.12132473
v -0.07647956 0.27665812 0.14544448
v -0.07794856 0.27449593 0.10188267
v -0.07548825 0.28098962 0.09546587
v -0.07770778 0.21296993 0.11240280
v -0.07036100 0.17025489 0.06496825
v -0.06956749 0.29602015 0.07236023
v -0.07713258 0.30023527 0.05738923
v -0.08324692 0.31072304 0.03773606
v -0.07430014 0.30881286 0.05955288
v -0.07280310 0.31354845 0.06427073
v -0.07506373 0.32598481 0.05453848
v -0.08471603 0.32260630 0.03112149
v -0.08709460 0.33542848 0.01894460
v -0.07130235 0.31977782 0.06580603
v -0.06359295 0.30139071 0.08397301
v -0.06497350 0.31111404 0.07789382
v -0.08091004 0.34473273 0.06406747
v -0.07952822 0.34069559 0.04749637
v -0.07941908 0.35600850 0.08513691
v -0.08390862 0.36217821 0.07394428
v -0.08801024 0.39039412 0.07763507
v -0.08114727 0.38985908 0.09543359
v -0.08567119 0.40954697 0.08135457
v -0.07742471 0.40828824 0.10177287
v -0.07860571 0.42465588 0.09396613
v -0.08422547 0.42784375 0.07569890
v -0.07498921 0.36376923 0.10105009
v -0.07510787 0.44050181 0.08946515
v -0.09113830 0.37369323 0.06172424
v -0.09451000 0.39405349 0.05736493
v -0.09360928 0.37596714 0.04370920
v -0.09218299 0.37122566 0.05148632
v -0.09574945 0.39565393 0.04329576
v -0.09337351 0.41450500 0.05757458
v -0.09349643 0.41795033 0.04182389
v -0.08893169 0.41063672 0.07493280
v -0.09445130 0.39197713 0.02840460
v -0.08994141 0.43149155 0.04845838
v -0.08744755 0.42783263 0.06925394
v -0.08369009 0.34832036 0.06043363
v -0.09040361 0.42360130 0.02519877
v -0.09032011 0.37023768 0.02691593
v -0.08688743 0.35433659 0.04519266
v -0.08888986 0.41413677 0.01129829
v -0.09057653 0.38825044 0.01308992
v -0.07050884 0.38484758 0.11405549
v -0.07818794 0.34135622 0.03215791
v -0.08720671 0.39914230 0.00296167
v -0.08325268 0.14918856 0.04541649
v -0.06533560 0.33157289 0.09698821
v -0.08302672 0.34816670 0.03323825
v -0.07941548 0.44699609 0.06143185
v -0.07700202 0.16588745 0.05890068
v -0.07678518 0.18322843 0.06046760
v -0.07967523 0.45232728 0.03240019
v -0.06840404 0.41996542 0.11251441
v -0.08010412 0.45133331 0.04943514
v -0.07235260 0.45653999 0.07083963
v -0.06957771 0.15102673 0.06686722
v -0.06720075 0.35727981 0.11053839
v -0.08556660 0.36456645 0.01657597
v -0.06767977 0.15938398 0.12350789
v -0.07972945 0.44243985 0.01035911
v -0.08221009 0.42092156 -0.00256408
v -0.07410475 0.26747230 0.14669374
v -0.06842554 0.45563206 0.08440034
v -0.06264430 0.43795377 0.11075887
v -0.08126826 0.37143970 0.00031710
v -0.08227763 0.38545632 -0.00540577
v -0.09584101 0.14708546 -0.02112082
v -0.06545351 0.46851450 0.06301772
v -0.07246093 0.46057636 0.04162376
v -0.08794526 0.34156811 0.00702734
v -0.07864858 0.40386075 -0.01375911
v -0.09550987 0.14790677 0.00491793
v -0.05647578 0.30727741 0.08901125
v -0.08406179 0.28298432 0.03956336
v -0.08362183 0.29444832 0.04082180
v -0.07545535 0.43613362 -0.00583996
v -0.07786515 0.35367692 0.01004580
v -0.06103175 0.45463842 0.09895246
v -0.07422776 0.41968113 -0.01752763
v -0.07499129 0.39102387 -0.01823029
v -0.07357537 0.36061797 -0.00387697
v -0.08580262 0.34577182 -0.00512937
v -0.06111095 0.47451717 0.04280893
v -0.06451380 0.46755803 0.01584113
v -0.06566627 0.46772909 0.02560424
v -0.05698947 0.46928748 0.08350171
v -0.06591353 0.45528314 -0.00209880
v -0.07648946 0.35345009 -0.02031725
v -0.07182296 0.36009464 -0.02264763
v -0.06909936 0.14728606 0.06344168
v -0.06609940 0.40828487 -0.02982889
v -0.06733385 0.37967473 -0.02431042
v -0.06602383 0.44141904 -0.01635481
v -0.06256774 0.42448783 -0.03024821
v -0.07375317 0.15717493 -0.08874963
v -0.07123960 0.16889508 -0.09265273
v -0.06263589 0.39099780 -0.03227330
v -0.07032441 0.18553054 -0.09061038
v -0.07308230 0.18473749 -0.09455475
v -0.06749900 0.36518595 -0.01492303
v -0.05134178 0.48309004 0.04899522
v -0.09000318 0.14682882 0.02254006
v -0.05888699 0.37064853 -0.02757398
v -0.06485693 0.36266226 -0.03434687
v -0.04916803 0.28387806 0.10223906
v -0.05006425 0.30001497 0.09555390
v -0.06440894 0.19177060 -0.09511371
v -0.05425953 0.45422348 -0.01785229
v -0.05294541 0.44116846 -0.03026972
v -0.06580559 0.14777124 0.10378800
v -0.05255562 0.46626002 -0.00422842
v -0.08028059 0.14439763 0.03787524
v -0.06737807 0.14944389 0.06688286
v -0.06925184 0.15726504 -0.09227393
v 0.05058543 0.42422119 -0.05209494
v 0.00579414 0.43010417 -0.08621959
v -0.00780282 0.42524427 -0.05244155
v 0.04655340 0.42928037 -0.09884402
v -0.00150361 0.43180260 -0.10292421
v 0.07903103 0.42383748 -0.07107969
v 0.08282316 0.42722794 -0.10511298
v 0.08833326 0.41974980 -0.04824256
v -0.04198813 0.43031743 -0.08700785
v -0.03245766 0.43268728 -0.10685086
v -0.07308347 0.43150520 -0.10643531
v -0.03929757 0.42451945 -0.05302908
v -0.07234062 0.42865673 -0.08794820
v 0.09829938 0.42497036 -0.10456824
v 0.03751271 0.42936060 -0.10767100
v -0.05999378 0.42498341 -0.06748740
v 0.12148818 0.41425616 -0.05708217
v -0.08488031 0.42242712 -0.06976265
v -0.08190773 0.41980779 -0.05990702
v -0.06941466 0.41957340 -0.05377156
v 0.12155004 0.41784549 -0.09462197
v 0.11468885 0.42043152 -0.09982515
v -0.06806117 0.43127519 -0.11060508
v -0.08559124 0.42620438 -0.09210779
v 0.07701561 0.41931716 -0.04547770
v 0.10202073 0.41566321 -0.04664783
v -0.02601968 0.43091395 -0.11198549
v 0.12296130 0.41027683 -0.05093521
v -0.07665865 0.42762175 -0.11225799
v -0.08437862 0.42443857 -0.10433853
v -0.05424613 0.42015436 -0.05180287
v 0.05796044 0.18741871 -0.17034161
v 0.08916452 0.15845908 -0.16711967
v 0.03619053 0.15754962 -0.17196566
v 0.08112909 0.18274502 -0.16759969
v 0.08506034 0.18447842 -0.16738322
v 0.02490682 0.19014657 -0.17439991
v -0.00521888 0.15563327 -0.17719300
v -0.01773634 0.19416219 -0.17828551
v -0.03497854 0.17173725 -0.17955345
v -0.03865062 0.15645821 -0.18005572
v 0.10134847 0.18686377 -0.16391401
v 0.10634628 0.15892515 -0.16352953
v 0.10751076 0.19125912 -0.16201648
v 0.06664816 0.18967754 -0.17098905
v 0.01576127 0.15230294 -0.17265181
v 0.03651792 0.19181904 -0.17371486
v 0.01418132 0.19325931 -0.17601830
v 0.07951737 0.15333234 -0.16593921
v 0.11420334 0.16686626 -0.15767722
v -0.03992998 0.16471869 -0.18213315
v -0.04494384 0.15879059 -0.18057026
v -0.05973800 0.15295279 -0.17926517
v -0.07171552 0.15761606 -0.18266729
v -0.05673773 0.19050562 -0.17912821
v -0.07868903 0.18077196 -0.18047319
v -0.07990714 0.15836228 -0.18172690
v -0.07307202 0.18855350 -0.17904478
v -0.05517676 0.19825658 -0.18319215
v -0.07963911 0.18717173 -0.17693944
v -0.07388975 0.19648166 -0.18380907
v -0.06120471 0.19527358 -0.18562905
v 0.10840773 0.15256608 -0.15804550
v 0.11516585 0.15995723 -0.15460101
v 0.11485293 0.18335091 -0.15447141
v 0.11564589 0.20434210 -0.15505542
v 0.10682132 0.21526168 -0.16521542
v -0.08183613 0.15188280 -0.17506698
v -0.08917604 0.15825514 -0.17434075
v 0.21264598 0.20129448 0.01012375
v 0.20575915 0.19214627 0.02201803
v 0.21488923 0.18749169 0.00928556
v 0.20626980 0.18752185 0.02083840
v 0.19340979 0.18044885 0.03143924
v 0.19621535 0.18880658 0.03309412
v 0.20359896 0.19873215 0.02963325
v 0.21177211 0.20700014 0.02058159
v 0.21559896 0.21193762 0.00929447
v 0.21795577 0.19071835 -0.00709674
v 0.21711585 0.21635965 -0.00383634
v 0.21528617 0.20178495 -0.00472578
v 0.21389334 0.20679066 -0.01946769
v 0.21459818 0.19435126 -0.01727984
v 0.19282867 0.20844004 0.03500468
v 0.20316164 0.22150078 0.02034985
v 0.19772966 0.21569403 0.02939811
v 0.19095176 0.21511018 0.03737366
v 0.20134753 0.22867954 0.02414004
v 0.19005828 0.23678437 0.03449911
v 0.16992311 0.17371820 -0.04743858
v 0.18576139 0.16991632 -0.04589508
v 0.18053670 0.16429704 -0.04630890
v 0.18092686 0.17724015 -0.04638561
v 0.19198002 0.18280990 -0.04574456
v 0.19815132 0.17347421 -0.04200407
v 0.20577335 0.18439876 -0.04140601
v 0.20781894 0.17364207 -0.03724618
v 0.16887261 0.15790324 -0.04313888
v 0.16021481 0.17090887 -0.04310231
v 0.15029226 0.15099032 -0.03267378
v 0.14599556 0.16142109 -0.03169819
v 0.14227508 0.15508494 -0.02870790
v 0.14718106 0.14034323 -0.02940804
v 0.14173281 0.14558312 -0.02598179
v 0.14257842 0.13746627 -0.01757220
v 0.17585057 0.15206484 -0.04983665
v 0.18836559 0.14736873 -0.05470528
v 0.17370515 0.13689949 -0.05114253
v 0.19060206 0.10561027 -0.05411574
v 0.16292107 0.14431763 -0.04516336
v 0.17629795 0.09613974 -0.04902928
v 0.18888026 0.06233763 -0.05158150
v 0.16683406 0.11813507 -0.04663376
v 0.18003663 0.05937843 -0.04752541
v 0.20119591 0.06859794 -0.05438929
v 0.19105633 0.04580911 -0.05011137
v 0.18192977 0.04077451 -0.04517260
v 0.20356978 0.04928356 -0.05155969
v 0.15278774 0.13211437 -0.03722370
v 0.16707541 0.08100988 -0.04020937
v 0.20098588 0.12479020 -0.05329315
v 0.20874268 0.12802342 -0.05276669
v 0.21382320 0.07010446 -0.05190740
v 0.20006543 0.15227312 -0.05354089
v 0.20025088 0.16765466 -0.04858974
v 0.16669239 0.05763659 -0.03472487
v 0.15337937 0.11071747 -0.03238634
v 0.21301965 0.16505150 -0.04771879
v 0.21296650 0.14611678 -0.05052041
v 0.20324309 0.04095510 -0.05748044
v 0.19395466 0.03497811 -0.05530230
v 0.20576724 0.01994843 -0.05843393
v 0.18455468 0.01986939 -0.05113472
v 0.18008277 0.03485499 -0.04861056
v 0.20344183 0.00635147 -0.05518638
v 0.21682687 0.03428897 -0.05880132
v 0.18477057 0.00856980 -0.04824825
v 0.22069636 0.01104128 -0.05832396
v 0.17451639 0.02376816 -0.04420830
v 0.20262003 -0.00829512 -0.04905274
v 0.21497376 -0.00486809 -0.05234099
v 0.21671258 0.04776696 -0.05519132
v 0.18677582 -0.01088715 -0.04011576
v 0.22827254 0.02834179 -0.05667600
v 0.16674742 0.03272262 -0.03463783
v 0.17315158 0.00300881 -0.03489588
v 0.23138840 0.01486975 -0.05538236
v 0.21550874 0.05397810 -0.04902681
v 0.22919102 0.04239132 -0.05325456
v 0.22096193 0.10658647 -0.04901281
v 0.23488589 -0.00087577 -0.04999764
v 0.22494653 0.07266633 -0.04758550
v 0.17814624 -0.01374325 -0.02970156
v 0.16838972 0.03983422 -0.02829764
v 0.16560434 0.01812998 -0.03065408
v 0.22746210 0.05594987 -0.04384859
v 0.21782990 0.15496413 -0.04501709
v 0.22694744 0.05070952 -0.05011218
v 0.22191998 0.14517009 -0.04568054
v 0.22453977 0.16354653 -0.04076920
v 0.13598357 0.15142611 -0.01736134
v 0.14427115 0.12244502 -0.01867271
v 0.15443973 0.07674715 -0.01840379
v 0.13952430 0.16366236 -0.01632659
v 0.14466113 0.16739532 -0.02470595
v 0.13704802 0.16888817 -0.01644262
v 0.14125390 0.17411944 -0.02491606
v 0.13208354 0.19143040 -0.01577964
v 0.13666071 0.19515619 -0.02379259
v 0.11841372 0.21860674 -0.01446418
v 0.11668424 0.23378345 -0.02320861
v 0.11671309 0.22619507 -0.01870832
v 0.16355325 0.00876855 -0.01865299
v 0.16049953 0.03397775 -0.01870883
v 0.16426003 0.04080237 -0.01773556
v 0.11889975 0.20799762 -0.00280403
v 0.12981319 0.18616654 -0.00306430
v 0.17510577 -0.01606347 -0.01808160
v 0.24032666 0.00969990 -0.04850307
v 0.13415861 0.17120454 -0.00436158
v 0.16049761 0.02090034 -0.00624633
v 0.14956343 0.09107019 -0.00588546
v 0.14531599 0.11190818 -0.00505258
v 0.16689631 -0.00151519 -0.00594259
v 0.16287531 0.04251020 -0.00581419
v 0.15956569 0.03622024 -0.00184944
v 0.13939267 0.16260859 -0.00588457
v 0.17360036 -0.01482267 -0.00830717
v 0.14311485 0.13695429 -0.00564224
v 0.13760060 0.14759521 -0.00619822
v 0.15360263 -0.28497094 0.02910778
v 0.15580818 -0.29585570 0.03360237
v 0.15269570 -0.30690724 0.02729543
v 0.15678366 -0.27712795 0.03968398
v 0.15250555 -0.26725316 0.03151359
v 0.15550292 -0.26579633 0.04260064
v 0.15269549 -0.25524113 0.02735523
v 0.15326348 -0.31392607 0.03291165
v 0.14727747 -0.33092555 0.02327488
v 0.14956769 -0.26010150 0.02246020
v 0.14955415 -0.26810449 0.01302714
v 0.15368533 -0.28736180 0.01750527
v 0.15293753 -0.30472812 0.01650430
v 0.14784779 -0.30598968 -0.00227889
v 0.14761904 -0.28364241 -0.00027113
v 0.14809088 -0.32552564 0.00910953
v 0.14313595 -0.33072805 -0.00198935
v 0.14774327 -0.33338201 0.03315772
v 0.13630797 -0.35099185 -0.00127599
v 0.13909912 -0.35166812 0.01218677
v 0.13665925 -0.35646063 -0.00094012
v 0.13869624 -0.35809040 0.01437214
v 0.13080609 -0.38773477 0.00801880
v 0.12851094 -0.39127326 -0.00101662
v 0.13948423 -0.35400304 0.02660710
v 0.12404674 -0.38198721 -0.01728171
v 0.13109244 -0.35186684 -0.01522423
v 0.13792904 -0.32100371 -0.01522394
v 0.13883077 -0.35268763 0.03191192
v 0.13450859 -0.36861777 0.02461933
v 0.13717884 -0.35178396 0.04388363
v 0.12786353 -0.39195099 0.01905600
v 0.12639442 -0.39652857 0.00955290
v 0.15274307 -0.27857289 0.06033524
v 0.14861727 -0.30117115 0.05892261
v 0.14538220 -0.31891465 0.05410092
v 0.15163766 -0.27824119 0.06499802
v 0.15196392 -0.26702821 0.06310079
v 0.13968265 -0.34230185 0.04784124
v 0.12731476 -0.39637420 -0.01772023
v 0.13155495 -0.40503836 -0.00062149
v 0.13147023 -0.34719968 -0.01240077
v 0.11958019 -0.36462677 -0.03030659
v 0.11893743 -0.37495711 -0.02705144
v 0.11755262 -0.40711603 -0.04602268
v 0.12690437 -0.41792169 -0.03037712
v 0.13753223 -0.42684498 -0.00653163
v 0.13779712 -0.42007443 0.00338428
v 0.14962906 -0.44942868 0.01224756
v 0.13705622 -0.44805858 -0.01722719
v 0.15140793 -0.46560299 0.01086552
v 0.15781482 -0.45049360 0.03229783
v 0.15920021 -0.47602051 0.02919294
v 0.16611490 -0.48680049 0.04631355
v 0.16506615 -0.46100003 0.05252372
v 0.16757970 -0.46812582 0.06275356
v 0.12167435 -0.43226141 -0.04608693
v 0.16846576 -0.49078220 0.05836383
v 0.10352329 -0.39523283 -0.06730410
v 0.10973982 -0.38023475 -0.04787901
v 0.11017229 -0.36495996 -0.03902182
v 0.10391720 -0.41315013 -0.07305595
v 0.13826184 -0.29815289 -0.01639923
v 0.12339877 -0.34467369 -0.02667639
v 0.14488012 -0.25299117 0.01664816
v 0.14050108 -0.28097540 -0.00991621
v 0.14233744 -0.26536107 -0.00028258
v 0.15999863 -0.44751823 0.04451700
v 0.15808289 -0.27172467 0.04408678
v 0.09258198 -0.39981645 -0.08440561
v 0.10037981 -0.37302744 -0.05853277
v 0.10932959 -0.35289258 -0.04196344
v 0.11275812 -0.33696318 -0.03677174
v 0.14770897 -0.43545449 0.01809925
v 0.11863222 -0.33749834 -0.02947733
v 0.13940093 -0.24337049 0.01438658
v 0.12616263 -0.31467181 -0.02729789
v 0.10582483 -0.42333922 -0.08008035
v 0.16383092 -0.45402342 0.05894124
v 0.11884263 -0.43668821 -0.06016382
v 0.09464402 -0.41271916 -0.09566115
v 0.16752473 -0.47657758 0.07280498
v 0.12720829 -0.44415206 -0.04846535
v 0.10089771 -0.35699669 -0.04561728
v 0.13786231 -0.45477414 -0.03164488
v 0.14876799 -0.46905962 -0.01304400
v 0.15718369 -0.27444568 0.05827552
v 0.16680245 -0.49103129 0.07238347
v 0.16345766 -0.45657599 0.07110649
v 0.15672654 -0.47715330 0.00190359
v 0.16735955 -0.48667490 0.02347382
v 0.13518205 -0.41433692 0.01306682
v 0.13526821 -0.41657314 0.02379385
v 0.16668046 -0.49521238 0.08438500
v 0.14854024 -0.25015062 0.04433566
v 0.14559123 -0.42892474 0.03643440
v 0.14948334 -0.25705376 0.05592575
v 0.14910343 -0.24349120 0.05958544
v 0.14925931 -0.25916120 0.06859859
v 0.15473771 -0.25278127 0.07855066
v 0.15348418 -0.22998011 0.07490603
v 0.16177286 -0.24112400 0.09252665
v 0.16255419 -0.22284259 0.09322606
v 0.16315572 -0.22637309 0.10523549
v 0.15800673 -0.24954434 0.08813920
v 0.16090217 -0.22009379 0.09960463
v 0.15444496 -0.43998584 0.05861484
v 0.16347831 -0.47566912 0.08508109
v 0.16235518 -0.48027840 0.02627572
v 0.17924930 -0.49588791 0.04204325
v 0.16284697 -0.49310118 0.08292063
v 0.16975451 -0.21542421 0.10297518
v 0.17036912 -0.22290783 0.11289869
v 0.17446353 -0.21444227 0.11193959
v 0.16836062 -0.20644592 0.09571919
v 0.17581870 -0.20083536 0.10677200
v 0.16909073 -0.19773820 0.09817638
v 0.16920689 -0.18891318 0.11723695
v 0.17413202 -0.19886288 0.12075847
v 0.16779079 -0.19512710 0.13343340
v 0.16088003 -0.18392895 0.12857826
v 0.17796163 -0.49549669 0.05521047
v 0.17935258 -0.49820098 0.05730601
v 0.17428111 -0.49809703 0.07151863
v 0.15735535 -0.21828334 0.09770645
v -0.02237100 0.10691511 0.05614727
v -0.03481368 0.09397749 0.04901754
v -0.01420377 0.09832036 0.05587952
v -0.04205924 0.10626784 0.04868124
v -0.01485510 0.07632375 0.05433891
v -0.03280640 0.05948279 0.04928738
v -0.00214168 0.05873729 0.05684628
v 0.00253039 0.08151282 0.05722842
v 0.00526752 0.10426088 0.05955698
v -0.05301218 0.05871892 0.03952786
v -0.05190847 0.09929436 0.04070760
v -0.05070899 0.10702867 0.04353006
v 0.01997354 0.05973520 0.05564445
v 0.01980190 0.07718514 0.05554853
v -0.02086298 0.11950550 0.06325908
v -0.03884034 0.11963139 0.05850602
v -0.02444963 0.14347132 0.06865139
v -0.04935674 0.14300588 0.06085896
v 0.00460258 0.13033976 0.06951716
v 0.00565586 0.14239743 0.07212768
v -0.05720747 0.11323389 0.04897053
v 0.00151735 0.11249500 0.06348378
v -0.06894156 0.11628439 0.04360044
v -0.06118516 0.14259094 0.05421910
v 0.01735804 0.11438736 0.06357362
v 0.03041668 0.14326254 0.07090271
v 0.00535305 0.14689751 0.07488130
v -0.04033898 0.14710957 0.06887832
v 0.05169547 0.11738802 0.05881885
v 0.04438782 0.14677052 0.07174722
v 0.04855116 0.14348592 0.06698562
v 0.03091918 0.09551841 0.05408934
v 0.03584053 0.10755217 0.05547719
v 0.03551456 0.06025175 0.05138539
v -0.06999670 0.14232317 0.04738655
v 0.06345889 0.14266908 0.06074888
v 0.04870167 0.10673329 0.04998283
v 0.05158377 0.09104872 0.04528699
v 0.04738723 0.06141998 0.04623822
v 0.07632552 0.12506911 0.04846993
v 0.06728637 0.11409019 0.04990412
v 0.06470490 0.09911913 0.03976219
v 0.05975058 0.10681286 0.04549382
v 0.06491069 0.08296255 0.03725421
v 0.07757287 0.14265272 0.05259569
v 0.07061118 0.10736162 0.03928123
v 0.06159648 0.06297113 0.03853463
v 0.06791557 0.14756657 0.06710191
v 0.07312512 0.14709061 0.06313128
v 0.07758258 0.11322881 0.04114226
v 0.07229580 0.15041678 0.06713177
v -0.08193117 0.12092784 0.03251305
v -0.08028059 0.14439763 0.03787524
v -0.07333191 0.11622519 0.03896263
v -0.09418416 0.12728380 0.01635501
v -0.08878948 0.11991047 0.02169596
v -0.06909936 0.14728606 0.06344168
v -0.06737807 0.14944389 0.06688286
v -0.06957771 0.15102673 0.06686722
v -0.01817496 -0.29904675 -0.02096209
v -0.02252031 -0.30795795 -0.00877730
v -0.02026820 -0.32216451 -0.02185019
v -0.02393081 -0.28708905 -0.00301612
v -0.02116085 -0.27042311 -0.01719558
v -0.01743694 -0.32180962 -0.03816309
v -0.01681714 -0.29828429 -0.03523568
v -0.02164867 -0.34362820 -0.03852387
v -0.01944493 -0.33864141 -0.04995869
v -0.01752827 -0.31030515 -0.05420912
v -0.01926676 -0.27845597 -0.03267607
v -0.02736835 -0.36899310 -0.04862316
v -0.02951455 -0.35826594 -0.02454412
v -0.03108338 -0.37545288 -0.03383972
v -0.02627310 -0.37194398 -0.05296933
v -0.02705894 -0.34207311 -0.01924637
v -0.02896551 -0.33624628 -0.00839543
v -0.03315970 -0.30228192 0.01337544
v -0.02689753 -0.36155057 -0.06950162
v -0.02105610 -0.33745924 -0.06418779
v -0.01820864 -0.29505336 -0.04917542
v -0.03001741 -0.38035491 -0.06206585
v -0.02823597 -0.27894318 0.00452267
v -0.03734347 -0.32116473 0.01139080
v -0.03819275 -0.30955267 0.01977005
v -0.03943020 -0.38062033 -0.02472156
v -0.04511382 -0.32778877 0.01844624
v -0.04504869 -0.33383241 0.01241948
v -0.04585081 -0.31839347 0.02459218
v -0.03883645 -0.36462906 -0.01531301
v -0.04008518 -0.38522297 -0.02410084
v -0.03059227 -0.38753569 -0.03580011
v -0.02806189 -0.38001856 -0.03796930
v -0.02911878 -0.40097558 -0.05110544
v -0.03825502 -0.40802142 -0.04056273
v -0.03506894 -0.28842002 0.01396762
v -0.02952162 -0.36181092 -0.08080380
v -0.02283717 -0.26478946 -0.03268130
v -0.03200434 -0.34831780 -0.08750984
v -0.03571564 -0.37648314 -0.08398400
v -0.02466240 -0.33903828 -0.07402918
v -0.02572798 -0.32603094 -0.07790415
v -0.03818287 -0.38576871 -0.07898208
v -0.04176963 -0.39640427 -0.07553667
v -0.03353334 -0.38404027 -0.08734763
v -0.03741136 -0.36558217 -0.09627657
v -0.03570308 -0.38375941 -0.10681389
v -0.03032758 -0.40662155 -0.10045132
v -0.03235719 -0.39660469 -0.08248082
v -0.03595797 -0.41852888 -0.08617850
v -0.03263862 -0.41848889 -0.09969429
v -0.03264686 -0.41593799 -0.11021125
v -0.03270349 -0.40705207 -0.11859173
v -0.03888050 -0.40998921 -0.07574390
v -0.04333415 -0.41921154 -0.07265040
v -0.02998125 -0.43642303 -0.09354737
v -0.02574999 -0.44143081 -0.11334311
v -0.02846070 -0.45903447 -0.09371870
v -0.02265855 -0.46379110 -0.11885488
v -0.02186219 -0.48342061 -0.11855529
v -0.01890669 -0.48608407 -0.13688079
v -0.02445622 -0.48680311 -0.10751329
v -0.02123301 -0.46436486 -0.13285384
v -0.03098810 -0.48623458 -0.08719385
v -0.03748903 -0.44554132 -0.07191369
v -0.04516648 -0.45768672 -0.05537628
v -0.04671586 -0.48812702 -0.05045424
v -0.05669260 -0.46339053 -0.03007341
v -0.05934756 -0.48928228 -0.01778767
v -0.06391522 -0.45213106 -0.01596841
v -0.06940250 -0.47131464 0.00913624
v -0.07443465 -0.46040446 0.02148194
v -0.07408795 -0.46994483 0.01996897
v -0.06774332 -0.48883799 0.00847728
v -0.07331418 -0.48908672 0.02586369
v -0.05825036 -0.44144115 -0.03585603
v -0.06363443 -0.43747753 -0.02588642
v -0.05293041 -0.44877553 -0.04198263
v -0.04796774 -0.43708217 -0.05624689
v -0.07868850 -0.48807967 0.03732119
v -0.08706650 -0.46838254 0.04787251
v -0.07665563 -0.45682669 0.02312137
v -0.08852400 -0.48637602 0.05149073
v -0.03699834 -0.39833906 -0.07717713
v -0.04630878 -0.42691565 -0.06480191
v -0.07537681 -0.44038305 0.00390566
v -0.09704414 -0.47274247 0.05914740
v -0.03936455 -0.39849395 -0.06242285
v -0.03418662 -0.35769013 -0.09284128
v -0.02853569 -0.26031652 -0.01134525
v -0.08695584 -0.45509779 0.03861992
v -0.05064309 -0.38482222 -0.01914388
v -0.06240333 -0.42721477 -0.04325749
v -0.03000935 -0.43383268 -0.12863797
v -0.03203449 -0.42505813 -0.11955278
v -0.04533540 -0.39768520 -0.02797943
v -0.02541501 -0.26042604 -0.02159550
v -0.02728711 -0.23779114 -0.01700529
v -0.03022677 -0.23792499 -0.00556605
v -0.02665099 -0.22291891 -0.00746962
v -0.03017661 -0.22953890 0.00210142
v -0.03501174 -0.24982308 -0.00178428
v -0.02802669 -0.21680170 -0.01679970
v -0.03657429 -0.25506523 0.00627947
v -0.03328917 -0.27279714 0.00707519
v -0.03918866 -0.25758767 0.01878405
v -0.04195174 -0.27597469 0.02895930
v -0.04441821 -0.25741750 0.03987319
v -0.03965048 -0.24788566 0.02626445
v -0.03672699 -0.23206589 0.02635767
v -0.04575514 -0.26875603 0.04225234
v -0.04701201 -0.28050962 0.03986312
v -0.04695595 -0.29361230 0.03033512
v -0.04233502 -0.30221233 0.02039617
v -0.04684386 -0.25906783 0.05030153
v -0.03780894 -0.23157643 0.04189269
v -0.04156352 -0.23945053 0.05236841
v -0.03962723 -0.23017700 0.05008040
v -0.04734415 -0.27918217 0.04942953
v -0.04213386 -0.24539673 0.05651090
v -0.02697208 -0.25842717 -0.03273295
v -0.05403063 -0.28960028 0.04135080
v -0.05101261 -0.31121191 0.02438695
v -0.03303399 -0.22258124 0.05048001
v -0.02593960 -0.22532286 0.01315640
v -0.01656446 -0.21228229 0.01474515
v -0.02632927 -0.22621532 0.02755306
v -0.01790880 -0.21198761 0.02529630
v -0.00715114 -0.18284003 0.00587127
v -0.01005524 -0.17997652 0.02076175
v -0.02247088 -0.21261092 0.03862872
v -0.01490631 -0.17792588 0.03342194
v -0.00143230 -0.16802852 0.00673824
v -0.02914764 -0.22712195 0.04094382
v -0.00715665 -0.17249629 0.02233622
v -0.00214019 -0.15475725 0.01671274
v -0.01206807 -0.17128764 0.03465538
v -0.01278276 -0.15030918 0.03872202
v -0.00438872 -0.18046403 -0.00603832
v -0.03118748 -0.21426654 0.05342771
v -0.02352247 -0.17517096 0.04668073
v -0.02162851 -0.16681327 0.04877473
v -0.01270787 -0.19468510 -0.00484680
v -0.02190184 -0.20256484 -0.01748102
v -0.00242093 -0.16166280 -0.00042535
v -0.00501929 -0.17122671 -0.01065725
v -0.03438429 -0.17277756 0.05690259
v -0.03423941 -0.16666108 0.05952360
v -0.03888713 -0.20030576 0.05941314
v -0.03672896 -0.21282914 0.06279965
v -0.04356131 -0.21277305 0.07241321
v -0.04010679 -0.21765910 0.06706552
v -0.06090060 -0.30340463 0.03582570
v -0.06010901 -0.29219601 0.04565640
v -0.01234060 -0.18780045 -0.01947000
v -0.03400879 -0.14950633 0.05771727
v -0.04497428 -0.22412196 0.06744052
v -0.05106581 -0.28339320 0.05782665
v -0.05632249 -0.40674663 -0.06405064
v -0.04147543 -0.25205377 0.01648319
v -0.03957273 -0.24147752 0.02366232
v -0.03618547 -0.23114927 0.01597380
v -0.08217289 -0.44583979 0.02172599
v -0.10526306 -0.48524615 0.06286605
v -0.04930453 -0.40236843 -0.06929571
v -0.06343037 -0.40792364 -0.05266103
v -0.06167167 -0.41136011 -0.05984913
v -0.06800059 -0.41542602 -0.05022434
v -0.07126714 -0.41179448 -0.04587199
v -0.07194525 -0.41851446 -0.04045329
v -0.07249691 -0.41275108 -0.04036080
v -0.03876541 -0.41569218 -0.12434202
v -0.00854552 -0.15647113 -0.01592506
v -0.00485717 -0.15143538 -0.00233374
v -0.00657893 -0.15143555 0.01197714
v -0.00704038 -0.12447470 0.00839979
v -0.01099913 -0.14877602 0.02307646
v -0.01306327 -0.11650341 0.02173719
v -0.00992915 -0.09968801 0.00855168
v -0.00654546 -0.10891480 -0.00573266
v -0.00958826 -0.08814818 -0.01128167
v -0.00787214 -0.10948785 -0.01829941
v -0.01082031 -0.08279626 -0.01846157
v -0.01461060 -0.08419857 0.00839870
v -0.01348941 -0.08008543 -0.00750040
v 0.06471935 -0.13861275 0.11767922
v 0.05065191 -0.13217181 0.09856383
v 0.06134564 -0.14848727 0.11771861
v 0.04272985 -0.13853557 0.09085734
v 0.05581481 -0.15792225 0.11168546
v 0.06601461 -0.16637385 0.12369204
v 0.07604522 -0.16074018 0.13177301
v 0.05957559 -0.17986096 0.11251656
v 0.04676142 -0.16457638 0.09477387
v 0.03807048 -0.14652726 0.08091187
v 0.07345565 -0.18709505 0.12675990
v 0.03605007 -0.14387068 0.07576049
v 0.07450965 -0.20526019 0.11828327
v 0.08987727 -0.21964514 0.13202901
v 0.08565510 -0.22158323 0.12624268
v 0.05763368 -0.18873923 0.10087992
v 0.04557956 -0.17524885 0.08303005
v 0.08137228 -0.22369431 0.11580563
v 0.03730297 -0.15799311 0.07081121
v 0.07238230 -0.21018577 0.10442708
v 0.07235788 -0.22168133 0.08800439
v 0.07743987 -0.22894315 0.10171074
v 0.06875940 -0.20744601 0.08896297
v 0.04846480 -0.18288544 0.07805087
v 0.03361453 -0.14790590 0.05358962
v 0.04071821 -0.17391783 0.04613607
v 0.03500357 -0.15938635 0.03948767
v 0.03850466 -0.17366169 0.02616144
v 0.04481105 -0.19307522 0.02538957
v 0.04722461 -0.18612453 0.04623806
v 0.05063023 -0.20017432 0.03109303
v 0.06614892 -0.20434076 0.06778243
v 0.06863408 -0.21699740 0.06818968
v 0.05506643 -0.19294202 0.07338523
v 0.05995149 -0.20291898 0.04382263
v 0.05872240 -0.20584044 0.03822134
v 0.05270572 -0.19102171 0.06302242
v 0.06819607 -0.20841487 0.05400734
v 0.06866970 -0.21772487 0.05317376
v 0.03498988 -0.14878941 0.04150451
v 0.04209590 -0.17533150 0.01684538
v 0.03675681 -0.15529200 0.03050371
v 0.02621162 -0.12289388 0.02740027
v 0.02765396 -0.11659890 0.04540648
v 0.03645434 -0.14191376 0.05739418
v 0.02281099 -0.10768303 0.01781218
v 0.03722657 -0.11957153 0.06607921
v 0.02492719 -0.09946791 0.03670089
v 0.04592678 -0.13336940 0.07712051
v 0.02187202 -0.09026445 0.01636250
v 0.02831364 -0.12629198 0.01110177
v 0.03059252 -0.10464706 0.05312531
v 0.02262953 -0.09400214 -0.00194843
v 0.02188077 -0.07769088 -0.00525912
v 0.02947368 -0.09155603 0.04739460
v 0.05506167 -0.12770158 0.09112050
v 0.04266675 -0.16483422 0.02017921
v 0.02773939 -0.07523096 0.03211905
v 0.02565562 -0.06842850 0.00643820
v 0.02487305 -0.07904553 -0.02254488
v 0.03084058 -0.12426037 -0.00232141
v 0.02817016 -0.09617084 -0.01788262
v 0.03776600 -0.09451288 0.06427914
v 0.04876123 -0.10560167 0.08175583
v 0.07262781 -0.21557440 0.03975018
v 0.03720018 -0.07688081 0.05401882
v 0.03006841 -0.06014477 0.01578565
v 0.04275501 -0.09570937 0.06854067
v 0.03511518 -0.06395591 0.03985153
v 0.06381278 -0.12336312 0.10069270
v 0.03510672 -0.05154024 0.02217066
v 0.04046297 -0.04234346 0.02658438
v 0.06489509 -0.22430021 0.06693242
v 0.06818547 -0.23330119 0.08994795
v 0.07162279 -0.21031474 0.04379998
v 0.07155962 -0.20900171 0.03712265
v 0.03108998 -0.07996017 -0.03486988
v 0.04362013 -0.14931840 -0.00027465
v 0.04794928 -0.17080988 0.01451623
v 0.06288661 -0.10891814 0.09701152
v 0.05183918 -0.08329485 0.07685882
v 0.04402627 -0.05695613 0.04921137
v 0.05470700 -0.06276012 0.06636949
v 0.08900033 -0.20555553 0.13451833
v 0.09306470 -0.21949998 0.13538237
v 0.09553797 -0.22784951 0.14030030
v 0.05575535 -0.08518606 0.07814116
v 0.06508420 -0.09029686 0.08981198
v 0.08792354 -0.19129783 0.13582712
v 0.04752633 -0.13414262 0.08287752
v 0.04132649 -0.12723389 -0.01725781
v 0.07884056 -0.11611727 0.10993128
v 0.05344993 -0.02591510 0.02801341
v 0.06588271 -0.12417601 0.10872395
v 0.05617902 -0.04493082 0.05266038
v 0.08475875 -0.22710040 0.13481084
v 0.07876921 -0.13899851 0.12684485
v 0.08925322 -0.17802362 0.13736264
v 0.08846890 -0.19225751 0.14689638
v 0.08434911 -0.19799660 0.14256437
v 0.08996570 -0.21257342 0.15161674
v 0.07171401 -0.06697435 0.08235462
v 0.09377267 -0.18116112 0.14346813
v 0.09735258 -0.17021963 0.13987538
v 0.07951266 -0.06634069 0.08398639
v 0.07582859 -0.12282035 0.11533001
v 0.08098701 -0.08873962 0.09836231
v 0.08388568 -0.15490070 0.13393673
v 0.07689917 -0.04359872 0.06812087
v 0.07688265 -0.02748907 0.05247546
v 0.06854562 -0.01336476 0.02718534
v 0.06149257 -0.23795418 0.08891419
v 0.05149193 -0.23563889 0.07034813
v 0.05101014 -0.23078869 0.05493463
v 0.07868326 -0.22626765 0.12607421
v 0.07100832 -0.23385967 0.10836487
v 0.05514780 -0.22669066 0.04211605
v 0.08460686 -0.20991771 0.14194769
v 0.09042751 -0.22113900 0.14527342
v 0.09527835 -0.22686191 0.15045197
v 0.10974660 -0.24189077 0.14473237
v 0.09908742 -0.23810069 0.14234973
v 0.09514449 -0.24584067 0.13507614
v 0.10836805 -0.25202671 0.13348149
v 0.09199340 -0.25599536 0.11372676
v 0.10469348 -0.26198745 0.11152378
v 0.08963835 -0.26320231 0.10539693
v 0.07995164 -0.24535926 0.11610547
v 0.08086254 -0.25725061 0.10390496
v 0.06805492 -0.24983107 0.10174362
v 0.07800449 -0.23404662 0.12356894
v 0.10138609 -0.26720563 0.10678608
v 0.06060794 -0.25721645 0.09512249
v 0.10410508 -0.23231074 0.14595750
v 0.10835882 -0.23058601 0.14803910
v 0.10132179 -0.22847486 0.15103133
v 0.03400303 -0.27860922 0.05260101
v 0.03398765 -0.31298661 0.03835516
v 0.04052166 -0.30997869 0.05542849
v 0.04044545 -0.27786219 0.06833253
v 0.04181986 -0.35103127 0.03393185
v 0.03645599 -0.34661299 0.02017180
v 0.03066237 -0.29683456 0.03177087
v 0.04086427 -0.26024035 0.06915026
v 0.03807703 -0.35414785 0.02472912
v 0.04877053 -0.25837240 0.08415598
v 0.04924735 -0.34747592 0.04772341
v 0.04901451 -0.27891946 0.07945959
v 0.04414568 -0.35409600 0.04025931
v 0.04835006 -0.35306779 0.04853486
v 0.04519052 -0.38708892 0.01839842
v 0.04036800 -0.38206324 0.00629984
v 0.05695354 -0.39131328 0.03423442
v 0.03500301 -0.35163176 0.01208934
v 0.05413626 -0.36798379 0.04453816
v 0.05013740 -0.31803247 0.06337398
v 0.04236130 -0.39317974 0.01271473
v 0.05043684 -0.42335474 0.01985494
v 0.03264389 -0.41558200 -0.01094213
v 0.04171582 -0.44572920 0.00234701
v 0.05582052 -0.42212209 0.02793045
v 0.03147742 -0.44078884 -0.01419888
v 0.02633916 -0.43325537 -0.02705934
v 0.04833914 -0.45944223 0.01639503
v 0.06154547 -0.45137256 0.04760825
v 0.05886916 -0.47171339 0.03730663
v 0.06859890 -0.47980252 0.05460262
v 0.07489598 -0.46191949 0.06976263
v 0.07667699 -0.48935726 0.07159954
v 0.03507950 -0.38844433 -0.00812345
v 0.02914430 -0.40341121 -0.02653269
v 0.03149417 -0.31879470 0.01156984
v 0.03704299 -0.25706932 0.05523812
v 0.03096248 -0.27554354 0.03161210
v 0.03465546 -0.34111148 0.00623579
v 0.03736741 -0.37358636 -0.01098659
v 0.03354359 -0.34498230 -0.00135142
v 0.02429672 -0.41444692 -0.04911383
v 0.03205104 -0.38255736 -0.02694811
v 0.03005900 -0.29308164 0.01443787
v 0.06731353 -0.44913474 0.05616275
v 0.08375836 -0.46365121 0.08138461
v 0.08629904 -0.49265227 0.08467501
v 0.02708431 -0.44705668 -0.01934745
v 0.02059794 -0.43275970 -0.04517243
v 0.04446252 -0.24501136 0.06821063
v 0.05455762 -0.39386857 0.02711380
v 0.02022416 -0.41999024 -0.06664962
v 0.05761621 -0.26818469 0.09032489
v 0.06246645 -0.26702243 0.09783607
v 0.05884348 -0.35460895 0.05405174
v 0.04049822 -0.46688700 0.01024396
v 0.05423386 -0.24395655 0.08513591
v 0.07963609 -0.45069674 0.07215638
v 0.05795911 -0.31185147 0.07356371
v 0.06561068 -0.24078144 0.10084514
v 0.03237225 -0.31531361 -0.00067943
v 0.09664877 -0.47245532 0.09351677
v 0.06018677 -0.28955260 0.08487744
v 0.03837373 -0.36552656 -0.02151273
v 0.06324051 -0.41111606 0.03413623
v 0.06486493 -0.42512465 0.03933090
v 0.03620401 -0.25722775 0.03635816
v 0.09680019 -0.49334505 0.09284460
v 0.05460524 -0.48201576 0.03793120
v 0.10128325 -0.46390542 0.09580640
v 0.03651220 -0.34477112 -0.01756294
v 0.04434009 -0.24126971 0.05636732
v 0.02952668 -0.39557731 -0.04784762
v 0.02393280 -0.41429016 -0.07681674
v 0.06727321 -0.27435556 0.09415497
v 0.06509018 -0.49292213 0.06046191
v 0.03466687 -0.27164668 0.01236767
v 0.03889544 -0.33300519 -0.01614478
v 0.03523675 -0.29990384 -0.00802385
v 0.04006881 -0.31507170 -0.01983279
v 0.03574794 -0.28453565 -0.00244126
v 0.06666000 -0.31696784 0.07647549
v 0.06704197 -0.34819129 0.06120724
v 0.07093360 -0.35328951 0.06526642
v 0.06652004 -0.37619618 0.04727812
v 0.07746703 -0.38485157 0.04917038
v 0.06772756 -0.39167345 0.04070552
v 0.07701036 -0.37032077 0.05780109
v 0.07048640 -0.26955822 0.10240187
v 0.08090789 -0.28112322 0.09841722
v 0.03630833 -0.38370189 -0.05858910
v 0.04088241 -0.36529374 -0.03587603
v 0.04273584 -0.35721517 -0.03032321
v 0.06162125 -0.39676896 0.03110618
v 0.08380252 -0.27587789 0.10649616
v 0.04714475 -0.23743969 0.04793856
v 0.04299704 -0.34652525 -0.03197094
v 0.04306424 -0.33419403 -0.02828861
v 0.07956006 -0.31634161 0.08266596
v 0.04187679 -0.25609270 0.01493040
v 0.08122627 -0.35351452 0.07036112
v 0.07793190 -0.34739748 0.06608877
v 0.08138391 -0.39512604 0.04505954
v 0.04256011 -0.27481008 -0.00899252
v 0.04230436 -0.29676422 -0.01941481
v -0.05673255 -0.09272525 0.05593135
v -0.07435635 -0.10231701 0.06095811
v -0.06325205 -0.10276964 0.05994377
v -0.07564322 -0.06762371 0.05548001
v -0.09538453 -0.07565297 0.05601266
v -0.05720862 -0.08543431 0.05575166
v -0.05820586 -0.07187069 0.05213462
v -0.09838730 -0.09038203 0.05736744
v -0.09190053 -0.10183754 0.06031122
v -0.09061022 -0.05304820 0.04995030
v -0.07842788 -0.04518682 0.04813853
v -0.10943497 -0.06095966 0.04799239
v -0.11136745 -0.08071993 0.05205987
v -0.08853152 -0.04300476 0.04562088
v -0.10451353 -0.10217585 0.05651916
v -0.10502373 -0.04805107 0.04351632
v -0.07818206 -0.02924800 0.03879867
v -0.09345464 -0.02782647 0.03519289
v -0.06485715 -0.03530773 0.03916566
v -0.06131507 -0.00883019 0.02219723
v -0.07453610 0.00133447 0.01566096
v -0.07405430 0.00608466 0.01485861
v -0.05271414 -0.05402984 0.04089295
v -0.05169717 -0.02362467 0.02489350
v -0.10172836 -0.03188763 0.03399127
v -0.09291912 -0.01285487 0.02129675
v -0.08420528 0.00653131 0.00687256
v -0.04985359 -0.03395934 0.02748714
v -0.04332791 -0.03892842 0.02438396
v -0.03817003 -0.04921234 0.02171613
v -0.05809991 -0.10841305 0.05701492
v -0.04551057 -0.08418965 0.04591552
v -0.04838704 -0.09333298 0.04990304
v -0.03688292 -0.12362092 0.04870492
v -0.04840433 -0.13052607 0.05733336
v -0.05974688 -0.12871492 0.06141316
v -0.07279964 -0.13145205 0.06429373
v -0.07202584 -0.10849232 0.05939633
v -0.07108539 -0.14876860 0.06586015
v -0.04890599 -0.14653529 0.05968549
v -0.03497497 -0.14561382 0.05106125
v -0.04173621 -0.07000842 0.03787604
v -0.02325948 -0.10827040 0.03314817
v -0.02104290 -0.14625540 0.03815087
v -0.01715751 -0.08946220 0.01842599
v -0.03452215 -0.06283598 0.02491250
v -0.01306327 -0.11650341 0.02173719
v -0.01099913 -0.14877602 0.02307646
v -0.02879292 -0.06195127 0.01376963
v -0.01461060 -0.08419857 0.00839870
v -0.01982728 -0.07130879 0.00558114
v -0.00992915 -0.09968801 0.00855168
v -0.03400879 -0.14950633 0.05771727
v -0.05411477 -0.15052889 0.06733495
v -0.01278276 -0.15030918 0.03872202
v -0.01348941 -0.08008543 -0.00750040
v -0.00049664 0.13107410 -0.11631083
v 0.01361374 0.12909725 -0.11624469
v 0.00138255 0.09323461 -0.12149570
v 0.02060413 0.08993852 -0.12139994
v 0.00101166 0.07334512 -0.12577690
v 0.01990900 0.07384157 -0.12461699
v 0.03338932 0.13106535 -0.11250283
v 0.04260099 0.07436579 -0.12036558
v 0.03894498 0.09242138 -0.11695822
v 0.02869503 0.15347998 -0.10646558
v 0.01025515 0.15385981 -0.10876244
v 0.04806532 0.13632578 -0.10680433
v 0.04875730 0.15304007 -0.10037344
v 0.05342217 0.09789614 -0.10993482
v 0.06296625 0.07542264 -0.11120392
v 0.06161425 0.13779184 -0.09960598
v 0.06179301 0.09910441 -0.10485228
v 0.06060584 0.15177332 -0.09455306
v -0.01281152 0.14063983 -0.11228821
v -0.01808148 0.15345529 -0.10671691
v -0.01562892 0.09060822 -0.11974565
v -0.01634354 0.12078363 -0.11586421
v -0.02117222 0.07351914 -0.12266222
v -0.03467127 0.13324749 -0.10877992
v -0.03416086 0.15236062 -0.10252827
v -0.03324534 0.09747373 -0.11294407
v -0.03468419 0.07569431 -0.11670803
v -0.04250996 0.15333408 -0.09928468
v -0.05143096 0.13855213 -0.09921935
v -0.05382204 0.07292360 -0.10835291
v -0.04736469 0.15526427 -0.09610789
v -0.05264304 0.09295284 -0.10206066
v -0.05218261 0.07434062 -0.10656076
v -0.06078123 0.14994463 -0.08972828
v 0.06602033 0.15481037 -0.09276335
v -0.06071199 0.15572780 -0.09229837
v 0.07433182 0.09887283 -0.09503003
v 0.07515633 0.07506146 -0.10119159
v 0.07111625 0.14927769 -0.08674563
v 0.07275964 0.13881274 -0.08985846
v 0.07476396 0.15761065 -0.08753051
v 0.09135311 0.07318685 -0.08307076
v 0.08674172 0.09407353 -0.08149704
v -0.18598558 0.14539975 -0.03592868
v -0.16853003 0.14283828 -0.03169978
v -0.18763609 0.13692929 -0.03067823
v -0.17649697 0.12508133 -0.01780745
v -0.18889347 0.12134761 -0.01770360
v -0.18918817 0.09199099 0.00978187
v -0.17697859 0.10352007 0.00355429
v -0.17971756 0.08008019 0.02719434
v -0.15719017 0.13409059 -0.01614069
v -0.16080371 0.14748225 -0.03142631
v -0.19040126 0.04724112 0.05250739
v -0.20427263 0.05850482 0.04116514
v -0.20417173 0.04185994 0.05428916
v -0.16367909 0.12400739 -0.00667603
v -0.15181522 0.14890555 -0.02524081
v -0.15444234 0.15461171 -0.03297056
v -0.17288551 0.08256655 0.03108654
v -0.18246827 0.05118218 0.05492269
v -0.17911291 0.04182444 0.06212661
v -0.20450626 0.08597216 0.01669505
v -0.18556531 0.03853627 0.05746643
v -0.20325607 0.12376041 -0.01661902
v -0.20341779 0.03555267 0.05633777
v -0.19767348 0.14740962 -0.03351660
v -0.20881695 0.13622203 -0.02082742
v -0.20441724 -0.05450038 0.13678472
v -0.21192865 -0.03789054 0.12923530
v -0.21147744 -0.05205300 0.12473300
v -0.20363377 -0.03805176 0.14226104
v -0.21590704 -0.05777484 0.11596102
v -0.21834031 -0.04208135 0.11638866
v -0.21785530 -0.06066114 0.11106274
v -0.22008787 0.00900124 0.11928019
v -0.22449102 0.00501586 0.11061132
v -0.21227385 -0.06613679 0.12248959
v -0.22328317 -0.03495714 0.10510626
v -0.22041997 -0.05910872 0.10354802
v -0.22883889 -0.00108157 0.09537773
v -0.20493427 -0.02749257 0.13725130
v -0.21020170 0.00400990 0.13026504
v -0.21314500 -0.07957213 0.10371573
v -0.21068528 -0.07901092 0.11131178
v -0.20907407 -0.07726870 0.12053447
v -0.20511167 -0.07495509 0.12760980
v -0.19865592 -0.09078560 0.12497336
v -0.22816926 -0.00606140 0.09162922
v -0.22306499 -0.03692804 0.09163088
v -0.21196029 0.01380549 0.12611797
v -0.22717378 0.00621922 0.10843210
v -0.20497411 -0.09048283 0.10382222
v -0.21739782 0.01415332 0.12239134
v -0.22321004 0.01048396 0.11766218
v -0.20397313 -0.08567871 0.11162446
v -0.20345804 -0.05886947 0.12769295
v -0.19876274 -0.02904411 0.14254721
v -0.19855119 -0.01468648 0.13901056
v -0.20074309 0.00336550 0.13548088
v -0.19666712 -0.05069438 0.14157672
v -0.19662593 -0.04410873 0.14606252
v -0.19289778 -0.05796243 0.14980283
v -0.18971774 -0.05705795 0.15394148
v -0.18592991 -0.07148314 0.15521276
v -0.17833716 -0.07192970 0.16199477
v -0.17798044 -0.08188424 0.15876381
v -0.17008030 -0.08592039 0.16320907
v -0.19667099 -0.06429418 0.14358462
v -0.19079436 -0.04055701 0.14902580
v -0.16738886 -0.09237443 0.15799204
v -0.20165361 0.01550251 0.13109437
v -0.20982756 -0.06468624 0.11312881
v -0.19539103 -0.09607571 0.10617515
v -0.13096577 -0.09567616 -0.02347343
v -0.13035925 -0.09203577 -0.03095516
v -0.13127695 -0.11262684 -0.02084840
v -0.12869017 -0.10211067 -0.00461499
v -0.13330540 -0.13423637 -0.02092014
v -0.13356322 -0.14062290 -0.00477082
v -0.13967374 -0.17530957 -0.01270290
v -0.12640318 -0.11147156 0.01175078
v -0.12937307 -0.13521101 0.02256637
v -0.13613486 -0.16965327 0.02486451
v -0.12475192 -0.10364941 0.02726373
v -0.12455064 -0.12256931 0.03592600
v -0.13863811 -0.17084052 0.00967191
v -0.14408626 -0.18882950 -0.00130279
v -0.12668912 -0.09946644 0.00617690
v -0.14376344 -0.18984826 0.01551105
v -0.14563175 -0.20289169 0.00300543
v -0.13418691 -0.18240401 0.04204568
v -0.12956332 -0.15986137 0.04034694
v -0.12171486 -0.10493913 0.03669110
v -0.14215499 -0.20270534 0.02424416
v -0.13534397 -0.20184132 0.04145046
v -0.13227066 -0.18680097 0.04761661
v -0.14142090 -0.19886714 -0.01685273
v -0.13575184 -0.16446149 -0.02381014
v -0.12892778 -0.12996311 -0.04020096
v -0.12666099 -0.10790222 -0.04625951
v -0.12991877 -0.06037678 -0.03638886
v -0.14166677 -0.20753691 0.02034324
v -0.12504220 -0.06403165 -0.04910998
v -0.14325465 -0.20943950 -0.00082615
v -0.11914203 -0.03794516 -0.04957517
v -0.12154656 -0.03072838 -0.03330806
v -0.12775187 -0.04361626 -0.01916510
v -0.11565310 -0.01659453 -0.02832053
v -0.12027307 -0.02980660 -0.00068807
v -0.12730403 -0.04602288 0.00073661
v -0.13169391 -0.05911506 -0.00713144
v -0.12864929 -0.06703473 0.02279153
v -0.13041516 -0.07527348 0.00577999
v -0.13435040 -0.07429101 -0.02231304
v -0.13247778 -0.06126900 -0.02359824
v -0.13401946 -0.07639584 -0.03057043
v -0.13181624 -0.06225040 -0.03389202
v -0.12767486 -0.08411819 0.02736579
v -0.12591481 -0.07839663 0.03502594
v -0.12549223 -0.09704610 0.03614531
v -0.11978801 -0.04463271 0.02329405
v -0.13979195 -0.08664836 -0.02043960
v -0.13817883 -0.08628546 -0.00372036
v -0.13828647 -0.09228235 -0.00476819
v -0.13453332 -0.09191147 0.01531512
v -0.13926792 -0.09104281 -0.02424301
v -0.13052279 -0.09313999 0.02569839
v -0.12059119 -0.06386694 0.03812514
v -0.11270602 -0.01485754 -0.00999243
v -0.10324474 -0.00201096 -0.05262230
v -0.09562220 0.01492197 -0.03711586
v -0.09388912 0.01583644 -0.02433449
v -0.09569275 0.01857509 -0.03866336
v -0.09280952 0.01811904 -0.02130396
v -0.09217884 0.01352484 -0.01285877
v -0.08974221 0.01776968 -0.00630274
v -0.09068488 0.00945634 -0.00345110
v -0.09374044 0.01828057 -0.04947890
v -0.09147668 0.01660159 -0.07075904
v -0.09245641 0.02327046 -0.05344388
v -0.09189984 0.02443924 -0.06854589
v -0.09195927 0.02646799 -0.07222639
v -0.10496144 -0.01621534 -0.06320886
v -0.08755854 0.01496075 -0.08592085
v -0.08923748 0.03348294 -0.07487345
v -0.08419823 0.03390392 -0.08688265
v -0.10084160 -0.02242748 -0.07615928
v -0.11358917 -0.05078750 -0.06265577
v -0.08337968 0.01202132 -0.09399207
v -0.08042324 0.03419653 -0.09649133
v -0.10977973 -0.02856849 0.02233110
v -0.10402215 -0.01281164 0.00867578
v -0.13113540 -0.09604853 -0.01389497
v -0.13065936 -0.09770323 -0.00146506
v -0.13162076 -0.21187140 0.03806407
v -0.12749070 -0.21158975 0.05101011
v -0.12595280 -0.43974671 -0.04420774
v -0.12439714 -0.44366995 -0.05661467
v -0.13568982 -0.46323529 -0.04015875
v -0.11313748 -0.42567652 -0.06494199
v -0.11509839 -0.43273106 -0.07767010
v -0.11764220 -0.44357222 -0.08577727
v -0.11019652 -0.43694738 -0.11207516
v -0.10543960 -0.41889986 -0.09253860
v -0.10025000 -0.41713953 -0.11723658
v -0.10442446 -0.43527976 -0.12453053
v -0.09687899 -0.41537014 -0.12705983
v -0.10377143 -0.41449553 -0.07087529
v -0.10882740 -0.41742694 -0.05454658
v -0.10398980 -0.41174844 -0.06425774
v -0.11650833 -0.42585334 -0.04049105
v -0.12349427 -0.46710908 -0.07909482
v -0.10325693 -0.40938258 -0.09141335
v -0.10105962 -0.40799704 -0.11200947
v -0.09780584 -0.40841880 -0.12753226
v -0.12543860 -0.45742545 -0.06188083
v -0.11662824 -0.45643187 -0.09559608
v -0.10947119 -0.46320239 -0.12497104
v -0.10869426 -0.45328212 -0.12098727
v -0.09723234 -0.46055350 -0.15181252
v -0.09969933 -0.43953881 -0.13357188
v -0.12217136 -0.48357952 -0.08915771
v -0.13093396 -0.48234716 -0.06079562
v -0.13937503 -0.47955012 -0.03494673
v -0.14358929 -0.46270472 -0.01725720
v -0.14336294 -0.48411560 -0.02695213
v -0.14960627 -0.48456442 -0.00443308
v -0.14160436 -0.44916657 -0.01643262
v -0.13311289 -0.44301382 -0.03425845
v -0.15064549 -0.46138257 0.00911964
v -0.14508161 -0.45039442 -0.00204949
v -0.09089590 -0.45028269 -0.15632027
v -0.10468110 -0.48406953 -0.14039668
v -0.09543600 -0.48358950 -0.16066425
v -0.11181309 -0.48373345 -0.11982328
v -0.15455829 -0.48567963 0.02507852
v -0.15281250 -0.46589962 0.02720770
v -0.10304976 -0.40692663 -0.07217408
v -0.12773129 -0.43497214 -0.03597406
v -0.08806174 -0.42519310 -0.14151646
v -0.14705241 -0.45210463 0.02132425
v -0.12350100 -0.49250653 -0.10246750
v -0.11237672 -0.49209726 -0.13414110
v -0.09891873 -0.49151254 -0.16633800
v -0.13666502 -0.49246103 -0.06681448
v -0.09126616 -0.46638048 -0.16144940
v -0.10394471 -0.40964115 -0.08495584
v -0.14893840 -0.49230230 -0.03174502
v -0.13618837 -0.43829203 -0.00275164
v -0.15564972 -0.48834950 -0.00307385
v -0.16379365 -0.49168694 0.02033044
v -0.08752614 -0.40987003 -0.13384664
v -0.15078430 -0.46798515 0.03992834
v -0.15250701 -0.48589239 0.03844340
v -0.14421733 -0.45481324 0.03773122
v -0.16324152 -0.48853979 0.03581148
v -0.14485146 -0.46764648 0.05067444
v -0.14567159 -0.48551834 0.05063152
v -0.16062000 -0.49082255 0.04709535
v -0.13451740 -0.30716422 -0.02312385
v -0.13566935 -0.31355697 -0.04523205
v -0.13323970 -0.33251068 -0.03460596
v -0.13342044 -0.33543992 -0.04890521
v -0.13502720 -0.29251894 -0.03426843
v -0.13177846 -0.29407257 -0.00931710
v -0.13170408 -0.27845940 -0.01711768
v -0.13145934 -0.27719328 -0.00876740
v -0.13113844 -0.27116114 -0.01891231
v -0.12987611 -0.32951546 -0.01673922
v -0.12888049 -0.30558625 0.00107934
v -0.12202147 -0.37350005 -0.03989583
v -0.12129544 -0.36726651 -0.02835670
v -0.12530889 -0.36493483 -0.05031838
v -0.12487327 -0.37374476 -0.05027948
v -0.12614289 -0.36866742 -0.06396706
v -0.11900152 -0.39060059 -0.05016907
v -0.12046227 -0.38750812 -0.06149302
v -0.12519892 -0.36181957 -0.06822238
v -0.13306537 -0.32492220 -0.05948479
v -0.12958495 -0.34256354 -0.06659622
v -0.12129112 -0.35288605 -0.01550654
v -0.13386753 -0.29853076 -0.05023104
v -0.12311075 -0.32997096 -0.00266687
v -0.11467714 -0.38083544 -0.02899345
v -0.11310388 -0.40125781 -0.04887633
v -0.11407275 -0.40616572 -0.06818874
v -0.11115288 -0.40911782 -0.05345470
v -0.11594139 -0.40349111 -0.07064880
v -0.11855251 -0.39016473 -0.07995560
v -0.11665642 -0.41009811 -0.08025334
v -0.12404948 -0.36558554 -0.07482290
v -0.11581268 -0.40843880 -0.09733387
v -0.11723232 -0.38461778 -0.08962736
v -0.13239892 -0.30007300 0.00611339
v -0.13397489 -0.28959933 -0.00296997
v -0.12793143 -0.26688316 -0.03104625
v -0.11093104 -0.39880928 -0.11278205
v -0.12998843 -0.31952655 -0.06926834
v -0.11928058 -0.35662603 -0.08970892
v -0.11601516 -0.37197140 -0.09336399
v -0.11290040 -0.37916130 -0.10101324
v -0.11920238 -0.35385743 -0.08581121
v -0.11121967 -0.40375337 -0.10982090
v -0.10389982 -0.40256065 -0.12628499
v -0.12382203 -0.33233878 -0.08119006
v -0.12890077 -0.30037007 -0.06544819
v -0.12806323 -0.27698633 -0.04863114
v -0.12740959 -0.26327252 -0.01242228
v -0.12793405 -0.27740347 0.00369619
v -0.12200058 -0.30800337 -0.07988600
v -0.10592516 -0.36837557 -0.10834077
v -0.11180183 -0.34794337 -0.09622842
v -0.12183248 -0.28348938 -0.06629352
v -0.12278709 -0.25819999 -0.03165083
v -0.12499671 -0.26766276 -0.04157404
v -0.10521027 -0.34886754 -0.10586704
v -0.11245775 -0.32100379 -0.09340109
v -0.11894595 -0.26120496 -0.04827759
v -0.12381746 -0.27027839 -0.04562447
v -0.12098770 -0.26507285 -0.04559677
v -0.09676559 -0.40240273 -0.13475114
v -0.11192880 -0.29251036 -0.08310837
v -0.12214615 -0.28016564 0.01503962
v -0.09759551 -0.36333364 -0.11447617
v -0.11158510 -0.26599553 -0.06311563
v -0.11195116 -0.25357449 -0.04668815
v -0.09481378 -0.33960375 -0.10727964
v -0.11931373 -0.25564444 -0.02233260
v -0.11297788 -0.25173986 -0.03479823
v -0.12108769 -0.26024380 -0.01029255
v 0.15267953 -0.05474492 0.00769451
v 0.14940654 -0.04822679 0.03192879
v 0.15522851 -0.06305674 0.01338465
v 0.15409662 -0.05737936 0.03464679
v 0.14414614 -0.04202858 0.02583968
v 0.14300144 -0.04166409 0.00243295
v 0.13303497 -0.02526029 -0.00973700
v 0.12899369 -0.01954985 0.02845661
v 0.14380477 -0.04169874 -0.01722511
v 0.13987626 -0.03436383 -0.03749428
v 0.12834597 -0.01458112 -0.03358245
v 0.14231879 -0.04193544 0.03559914
v 0.12997678 -0.02318175 0.04035752
v 0.12165557 -0.00802186 -0.02309088
v 0.12554422 -0.01687184 -0.00360746
v 0.12138922 -0.01179579 0.00140806
v 0.12507080 -0.01683722 0.01241159
v 0.11801090 -0.00973154 0.01864694
v 0.10525963 0.00946163 -0.02068789
v 0.10529165 0.01219676 -0.03494760
v 0.11157703 0.00294396 -0.05091005
v 0.10320501 0.01490236 -0.05416680
v 0.12555033 -0.01430882 -0.04790897
v 0.10349955 0.00620155 -0.00578060
v 0.13296437 -0.02565542 -0.04472096
v 0.13830921 -0.03370885 -0.04597588
v 0.15409565 -0.04674320 -0.03178216
v 0.15451780 -0.05224165 -0.01254207
v 0.15776122 -0.05555671 -0.01121587
v 0.15550998 -0.05830720 0.00793045
v 0.10182919 0.01617603 -0.01230452
v 0.12886307 -0.02873903 0.05412816
v 0.13658021 -0.04208411 0.04960954
v 0.14474283 -0.05196737 0.04028357
v 0.10885319 -0.00315806 -0.06543928
v 0.10052764 0.01591264 -0.06726524
v 0.11726747 -0.01605607 0.04024083
v 0.14044045 -0.07286271 0.06914558
v 0.09637024 0.01011426 0.00246177
v 0.10198520 0.00308243 0.00353256
v 0.14889099 -0.06399324 0.03823924
v 0.14819245 -0.07988901 0.05382310
v 0.15051198 -0.10776535 0.07495999
v 0.14254090 -0.10425792 0.09167760
v 0.14811404 -0.11114287 0.08757164
v 0.15447463 -0.12781791 0.08828028
v 0.15702571 -0.12271331 0.06602459
v 0.16048004 -0.14231972 0.08569493
v 0.15923399 -0.14564219 0.10066532
v 0.16838278 -0.16515255 0.08526300
v 0.16805422 -0.16078655 0.07534011
v 0.16361789 -0.14646658 0.05995857
v 0.15696950 -0.12563752 0.04977341
v 0.15188956 -0.09469302 0.05205153
v 0.15050325 -0.06763579 0.03343104
v 0.15132298 -0.07213444 0.01689486
v 0.15321362 -0.08835495 0.03724693
v 0.15552092 -0.09684871 0.03110465
v 0.15368737 -0.09251749 0.02179821
v 0.15115857 -0.08950412 0.00923881
v 0.16553088 -0.15646547 0.05946465
v 0.16960631 -0.17364360 0.07592783
v 0.10437392 0.02214442 -0.03565867
v 0.16712233 -0.17410007 0.06021643
v 0.15114544 -0.07183170 0.00959869
v 0.15551424 -0.12476002 0.03079409
v 0.15716349 -0.10673677 0.01673986
v 0.15707679 -0.12449349 0.01538683
v 0.15484118 -0.15114978 0.03070928
v 0.15620530 -0.12079447 0.09760531
v 0.14456429 -0.10554580 0.09777812
v 0.10058683 0.03372209 -0.06410908
v 0.10434446 0.03106128 -0.04795663
v 0.10373919 0.03351975 -0.05321407
v 0.09605859 0.01180203 -0.08152460
v 0.09615818 0.03440962 -0.08015139
v 0.15861751 -0.16501570 0.03983825
v 0.14693238 -0.07207795 -0.00485469
v 0.14882001 -0.09012026 -0.00272888
v 0.10203371 0.02050197 -0.00994632
v 0.16481085 -0.18516183 0.05492930
v 0.15420404 -0.17513272 0.02975328
v 0.15120822 -0.17604303 0.01772490
v 0.15239003 -0.14468545 0.01194396
v 0.14929979 -0.10215864 -0.00005629
v 0.10743146 -0.01389562 -0.07289366
v 0.14165318 -0.08516483 -0.01564343
v 0.14095284 -0.06701788 -0.02082164
v 0.15066314 -0.18657473 0.02481562
v 0.08556461 0.01578612 -0.09603848
v 0.09444252 0.03739540 -0.08635450
v 0.14628077 -0.09459182 -0.00637633
v 0.13526303 -0.06642447 -0.03078317
v 0.16144443 -0.18614659 0.09775995
v 0.13914052 -0.13044524 -0.01107781
v 0.14153691 -0.15462559 -0.00264110
v 0.08953004 0.03765340 -0.09370245
v 0.09710817 0.01846484 0.00183255
v 0.16155507 -0.17212047 0.10079960
v 0.15786286 -0.18809223 0.10859128
v 0.15906520 -0.19533992 0.09970716
v 0.16021515 -0.19378662 0.10702871
v 0.15950872 -0.19507462 0.09010299
v 0.16338719 -0.19063099 0.07486212
v 0.10061415 -0.02335706 -0.08197526
v 0.11376350 -0.03200042 -0.06788507
v 0.12774403 -0.03213296 -0.05108260
v 0.12808263 -0.10226963 -0.02938705
v 0.12843594 -0.03986127 -0.04928685
v 0.08362444 0.03738942 -0.10068653
v 0.15832444 -0.09732742 0.02244803
v 0.11807808 -0.08286638 -0.04799426
v 0.12887846 -0.05121721 -0.04458169
v 0.11574963 -0.06158530 -0.05965165
v 0.15943007 -0.09745362 0.00334453
v 0.13169450 -0.05739428 0.07055695
v 0.12224252 -0.03464884 0.06689260
v 0.16300684 -0.09770997 0.01281221
v 0.13248572 -0.07588966 0.08331846
v 0.13400441 -0.05800990 -0.03556681
v 0.13892554 -0.06111760 -0.02974172
v 0.09280297 0.01417992 0.00627775
v 0.09171312 0.00285973 0.01041968
v 0.08940335 0.01627168 0.01215535
v 0.11394911 -0.02120031 0.05262195
v 0.09976581 -0.00749512 0.03276053
v 0.02085398 0.49801216 0.05134913
v 0.00357850 0.49836436 0.06099835
v 0.03055081 0.49297890 0.06847040
v 0.00509943 0.49219608 0.08104761
v 0.03165524 0.48691875 0.08443116
v 0.01349878 0.48283154 0.09915831
v -0.00677847 0.48297280 0.09911665
v -0.01473628 0.49641162 0.06204277
v -0.01789094 0.48918992 0.08287296
v 0.04053383 0.47793987 0.09535967
v 0.02951124 0.47200245 0.10956980
v 0.01395470 0.46820128 0.11837439
v -0.00649890 0.46786723 0.11921419
v -0.02733689 0.47870100 0.09833610
v -0.02956489 0.46643341 0.11359455
v -0.03153975 0.49199349 0.06173577
v -0.04175020 0.48103327 0.08163209
v -0.00065023 0.49958986 0.04273159
v 0.04451384 0.46908966 0.10553118
v 0.03755492 0.45719832 0.12319731
v 0.03827576 0.46521944 0.11392476
v 0.04960197 0.48065907 0.08062370
v -0.00454009 0.45382372 0.13196333
v 0.01482002 0.44882423 0.13496532
v 0.03903767 0.45244190 0.12717927
v 0.05151853 0.46816179 0.10101233
v -0.03082741 0.45378199 0.12461985
v -0.04529085 0.46970239 0.09846827
v 0.05885962 0.46344420 0.10130493
v 0.04265661 0.49040389 0.05616618
v 0.05574290 0.48019341 0.07021050
v 0.03343293 0.49453017 0.04277002
v -0.02786650 0.49475566 0.04227620
v -0.04814977 0.48170999 0.06942362
v 0.01766779 0.49715883 0.03167995
v 0.05302259 0.48538777 0.04847266
v -0.01273622 0.49582699 0.02535486
v -0.02432344 0.49441904 0.03193312
v 0.00450789 0.49606016 0.02226289
v 0.02981247 0.49301782 0.02466004
v -0.05134178 0.48309004 0.04899522
v -0.05698947 0.46928748 0.08350171
v 0.06554288 0.47107115 0.07420170
v -0.05169103 0.45225245 0.11169677
v -0.02696399 0.44076696 0.13452548
v 0.00631733 0.42981708 0.14597245
v 0.02362352 0.43224680 0.14297567
v -0.01429663 0.43250081 0.14225747
v -0.06103175 0.45463842 0.09895246
v -0.03751058 0.48864222 0.02827631
v 0.02664278 0.43414277 0.14876927
v 0.01773843 0.43093264 0.15192543
v 0.00882129 0.42767492 0.15171756
v 0.02983792 0.42865261 0.15191554
v 0.05275126 0.44592190 0.12606402
v 0.02842588 0.43115565 0.14264798
v -0.06545351 0.46851450 0.06301772
v 0.06948317 0.45617649 0.09469832
v 0.07112785 0.46170259 0.08195787
v 0.04770246 0.48548558 0.02696628
v 0.07835253 0.45577252 0.07894716
v 0.07377008 0.46662730 0.05788120
v 0.07781866 0.46064848 0.06854512
v 0.07178999 0.46350804 0.07577410
v 0.06312381 0.47678360 0.03894148
v 0.00455678 0.49021533 0.00754055
v 0.01488276 0.48801655 0.00338821
v 0.04040148 0.48379579 0.01226510
v 0.03540478 0.48592511 0.00795832
v 0.05545284 0.47408226 0.00975120
v 0.00024172 0.48796910 0.00177434
v -0.02083892 0.48639196 0.00402806
v -0.01614440 0.48777989 0.00680428
v -0.03158450 0.48491088 0.01083813
v 0.06370241 0.47051933 0.01873050
v 0.06371965 0.47108662 0.01565646
v 0.06902688 0.46773583 0.02445647
v 0.05172030 0.46957076 -0.00570540
v 0.03454259 0.47884089 -0.00494404
v -0.04039066 0.47919762 0.00591124
v -0.05300393 0.47361752 0.01272880
v 0.01336604 0.47616428 -0.01620146
v -0.00900928 0.47615492 -0.01597646
v -0.06111095 0.47451717 0.04280893
v -0.05266787 0.47816747 0.02501795
v -0.06566627 0.46772909 0.02560424
v -0.06451380 0.46755803 0.01584113
v -0.05255562 0.46626002 -0.00422842
v -0.03948760 0.46570387 -0.01619521
v -0.02562396 0.46666861 -0.02288713
v 0.06666213 0.45703903 -0.00512775
v -0.05425953 0.45422348 -0.01785229
v 0.03088163 0.42710525 0.14455757
v 0.08257645 0.02678643 0.03829489
v 0.06757735 0.04375199 0.05324759
v 0.06866127 0.02812089 0.04957676
v 0.08310995 0.05082314 0.04009821
v 0.06767812 0.05853525 0.05283697
v 0.08478682 0.05941475 0.03776003
v 0.08619507 0.02005887 0.03304347
v 0.08931687 0.05658120 0.03213952
v 0.09141918 0.01687986 0.02905578
v 0.09921718 0.05894290 0.02425173
v 0.09870575 0.01714309 0.02397848
v 0.11215085 0.04365826 0.00624385
v 0.11158743 0.05826833 0.00587806
v 0.10651618 0.01612837 0.01162608
v 0.11158971 0.01722628 0.00562264
v 0.08659585 0.06318772 0.03140938
v 0.11445083 0.01917946 -0.00431521
v 0.11888313 0.03718197 -0.01658781
v 0.11803815 0.05837330 -0.01647864
v 0.12070661 0.06155662 -0.03103126
v 0.11794855 0.02308950 -0.02104475
v 0.12219243 0.03821342 -0.03938066
v 0.12071663 0.02531330 -0.04163352
v 0.12057718 0.06240308 -0.04413401
v 0.09306701 0.06308459 0.02545447
v 0.11610758 0.02043020 -0.01906414
v -0.16585808 0.23827095 0.03602710
v -0.18598302 0.23339619 0.02899337
v -0.17329520 0.22448906 0.03874373
v -0.19065796 0.22085232 0.03231069
v -0.17833276 0.24538468 0.02544317
v -0.17579429 0.21305335 0.04053944
v -0.16890661 0.24755707 0.02685397
v -0.19155172 0.23878659 0.02002884
v -0.18406817 0.25064823 0.01497967
v -0.20185715 0.22173837 0.01912888
v -0.19703951 0.24059138 0.00750877
v -0.20519342 0.22314364 0.01036753
v -0.21258920 0.21345951 0.00778574
v -0.20435807 0.21545240 0.02158692
v -0.18915278 0.21569374 0.03204311
v -0.19693337 0.20161282 0.03411993
v -0.20429276 0.19786851 0.02945531
v -0.18302378 0.20277251 0.03976268
v -0.20973480 0.20004426 0.01985943
v -0.18893932 0.19367272 0.03941631
v -0.20971490 0.19060357 0.03287090
v -0.22214901 0.18954247 0.01423225
v -0.17859434 0.20987697 0.03722295
v -0.19322211 0.18998307 0.04145157
v -0.20010704 0.18050833 0.03879336
v -0.19040026 0.17695336 0.04344074
v -0.21186890 0.17928307 0.03105753
v -0.20094179 0.16931580 0.04730003
v -0.21094500 0.16973293 0.04028722
v -0.20377269 0.16269515 0.04731426
v -0.21810186 0.16123787 0.03390450
v -0.21276389 0.14809848 0.05197537
v -0.20128533 0.15184210 0.05680451
v -0.21164970 0.11905251 0.07379323
v -0.22339483 0.10483770 0.07175779
v -0.21294366 0.09514600 0.09024542
v -0.21841145 0.07557918 0.09892661
v -0.20051479 0.10181491 0.09367292
v -0.20042843 0.11872504 0.07997859
v -0.20194700 0.08779984 0.09979328
v -0.21747561 0.05751303 0.11049005
v -0.22188628 0.05198694 0.11182531
v -0.21611893 0.05480721 0.11344279
v -0.20432165 0.06251433 0.11159150
v -0.20219950 0.09682816 0.09901284
v -0.22278859 0.17244062 0.03315429
v -0.19101402 0.16959995 0.05030337
v -0.18975715 0.16208380 0.05134061
v -0.18839100 0.13059747 0.07219363
v -0.21641868 0.18013243 0.02319402
v -0.21282762 0.20015503 0.01125543
v -0.18972510 0.10263368 0.09229568
v -0.16947448 0.19014063 0.04221804
v -0.15031333 0.22708315 0.03956016
v -0.15476127 0.23727657 0.03663240
v -0.15609032 0.25684822 0.03160835
v -0.16532327 0.26134029 0.02214214
v -0.17887649 0.25480616 0.00942987
v -0.16033977 0.27284387 0.02032338
v -0.14675122 0.25242594 0.03670541
v -0.16318551 0.28285748 0.00609713
v -0.14877337 0.29694587 0.01995940
v -0.14946981 0.27279413 0.03066423
v -0.13237658 0.30297694 0.03135914
v -0.13938510 0.31647152 0.01863832
v -0.11857904 0.31886327 0.03072835
v -0.13829266 0.27069208 0.03855428
v -0.15399364 0.30506572 0.00668205
v -0.16038859 0.26607591 0.02798217
v -0.15176141 0.26426563 0.03787225
v -0.12353631 0.29364872 0.03850751
v -0.14605030 0.31867269 0.00608488
v -0.10702879 0.31351277 0.03660234
v -0.14772272 0.26195213 0.04002171
v -0.10560415 0.32790139 0.02767607
v -0.12087928 0.27816117 0.04229604
v -0.10458318 0.29215318 0.04228408
v -0.13788113 0.25704664 0.03932447
v -0.08471603 0.32260630 0.03112149
v -0.08324692 0.31072304 0.03773606
v -0.16544789 0.20651376 0.04212376
v -0.16800249 0.20180975 0.03957032
v -0.18754509 0.09706357 0.09715918
v -0.19189553 0.09161179 0.09814421
v -0.14102699 0.22665623 0.03583837
v -0.12525523 0.25723943 0.04117467
v -0.08362183 0.29444832 0.04082180
v -0.11145126 0.27443135 0.04281614
v -0.18861020 0.07961594 0.10056308
v -0.19280086 0.06331935 0.11020514
v -0.17604098 0.15613097 0.05087852
v -0.17414249 0.17405167 0.04209274
v -0.17348772 0.16107692 0.04865504
v -0.17859688 0.12353869 0.07267730
v -0.18363678 0.06174883 0.10736463
v -0.11312434 0.25955886 0.04063760
v -0.15380815 0.19922000 0.03953087
v -0.12299595 0.24180008 0.03548414
v -0.08406179 0.28298432 0.03956336
v -0.13713682 0.21984589 0.03592721
v -0.15109161 0.19105881 0.03426198
v -0.16571343 0.17546828 0.03985709
v -0.18207240 0.09496667 0.09197326
v -0.17624924 0.11117917 0.07834399
v -0.13065538 0.22185218 0.03121527
v -0.10868382 0.24808972 0.03501828
v -0.18090616 0.07312018 0.09763322
v -0.16379464 0.16809970 0.03728772
v -0.09030757 0.26400733 0.03521234
v -0.08678123 0.26372197 0.03515385
v -0.09144545 0.24520902 0.02128775
v 0.01357416 0.41953182 -0.05074695
v 0.02675032 0.42125520 -0.04845012
v 0.02079238 0.40013680 -0.04868011
v 0.00558303 0.42403647 -0.05227514
v 0.04565134 0.42032716 -0.04201869
v 0.05325145 0.40327463 -0.03910232
v 0.03118657 0.39324510 -0.04442522
v 0.04407547 0.38750821 -0.04137070
v 0.05178450 0.38017687 -0.03747150
v 0.02523947 0.43394145 -0.04725190
v 0.00313289 0.43366423 -0.05112483
v 0.03942025 0.43631864 -0.04144645
v -0.00780282 0.42524427 -0.05244155
v 0.02021577 0.44380340 -0.04528255
v 0.06071385 0.42429170 -0.03260477
v 0.06456679 0.38440847 -0.02982798
v 0.07103064 0.39285600 -0.02634349
v 0.07431903 0.40956929 -0.02330218
v 0.02494928 0.39402494 -0.04816264
v 0.00390130 0.44705880 -0.04651129
v 0.05061426 0.44520491 -0.03105566
v 0.06675065 0.43369827 -0.02452476
v 0.06335802 0.36771965 -0.02533568
v 0.02988728 0.45560238 -0.03472443
v 0.03527501 0.38800862 -0.04543001
v -0.02136195 0.44370297 -0.04734105
v -0.02870900 0.43820527 -0.04775712
v -0.02493972 0.42813495 -0.05011051
v -0.01870651 0.41836321 -0.05043764
v -0.02212834 0.39866376 -0.04848371
v -0.03407633 0.39102596 -0.04513251
v -0.04633921 0.40930909 -0.04275382
v -0.04685521 0.37653622 -0.03856139
v 0.08152977 0.37924337 -0.01256908
v 0.07449054 0.36000338 -0.01063068
v 0.08863962 0.40386334 -0.00706074
v 0.08359432 0.42262319 -0.00916743
v 0.01302079 0.46227974 -0.03341109
v 0.06084140 0.45038363 -0.01913100
v 0.09342003 0.39476356 0.00138494
v 0.08238122 0.43498814 -0.00431312
v 0.04483935 0.46267322 -0.01975383
v 0.08937114 0.37732801 -0.00031776
v 0.07739203 0.44481283 -0.00357200
v -0.00096364 0.46264380 -0.03390080
v -0.01626634 0.45898908 -0.03530442
v 0.02851317 0.47004905 -0.01986304
v 0.06666213 0.45703903 -0.00512775
v 0.05172030 0.46957076 -0.00570540
v 0.03454259 0.47884089 -0.00494404
v 0.01336604 0.47616428 -0.01620146
v -0.03134625 0.44995379 -0.03904701
v -0.04515351 0.43208718 -0.04028442
v -0.05552418 0.41041470 -0.03767277
v -0.06263589 0.39099780 -0.03227330
v -0.06256774 0.42448783 -0.03024821
v -0.05294541 0.44116846 -0.03026972
v -0.00900928 0.47615492 -0.01597646
v -0.06609940 0.40828487 -0.02982889
v -0.02562396 0.46666861 -0.02288713
v -0.03948760 0.46570387 -0.01619521
v -0.05425953 0.45422348 -0.01785229
v -0.16335399 0.05528439 0.09876273
v -0.16896737 0.05051037 0.11325381
v -0.16171961 0.04180998 0.10374188
v -0.17096877 0.06458341 0.10679948
v -0.16580337 0.01692390 0.11981662
v -0.17230098 0.03432401 0.12312137
v -0.16108869 0.00886301 0.10897091
v -0.15980519 0.04927826 0.08814360
v -0.15908457 0.02603659 0.08989858
v -0.16198632 0.05624548 0.08507005
v -0.16352290 0.01286008 0.11546574
v -0.16022031 0.04795820 0.07777921
v -0.16716567 0.06163463 0.09881715
v -0.16058487 0.03192357 0.07567128
v -0.17730612 0.02013365 0.13145231
v -0.17894655 0.05545729 0.12013954
v -0.18002945 0.06748342 0.11382610
v -0.18892249 0.06982908 0.11797234
v -0.18894137 0.05125068 0.12689562
v -0.18806316 0.02007006 0.13622119
v -0.20156071 0.04861492 0.12961520
v -0.19957899 0.01961743 0.13794778
v -0.20550470 0.06871099 0.12091406
v -0.07807292 -0.32939324 0.02680368
v -0.09063794 -0.34822443 0.01406092
v -0.07785276 -0.35652137 0.01071884
v -0.09408280 -0.32853246 0.02409661
v -0.08087296 -0.38038209 -0.00718147
v -0.09190147 -0.37959215 -0.00906653
v -0.07690125 -0.32319823 0.03228186
v -0.09902103 -0.32008260 0.02914077
v -0.08421085 -0.38664141 -0.01084337
v -0.10066617 -0.38251528 -0.01441476
v -0.10357869 -0.36872232 -0.00652694
v -0.10124474 -0.34781653 0.00914462
v -0.08985402 -0.40752420 -0.03168382
v -0.10433237 -0.32513520 0.02063749
v -0.10681627 -0.38147706 -0.01945974
v -0.11723576 -0.31317818 0.02229815
v -0.09528167 -0.41074389 -0.03884355
v -0.11223157 -0.35270891 -0.00247779
v -0.11402468 -0.32090896 0.01564774
v -0.10371040 -0.40679517 -0.04212129
v -0.09543564 -0.41512170 -0.04020628
v -0.11467714 -0.38083544 -0.02899345
v -0.08175992 -0.39213678 -0.01612632
v -0.07917155 -0.40752837 -0.02827984
v -0.11310388 -0.40125781 -0.04887633
v -0.11115288 -0.40911782 -0.05345470
v -0.10465448 -0.41225907 -0.05109412
v -0.12129112 -0.35288605 -0.01550654
v -0.11943594 -0.31481755 0.01181702
v -0.12311075 -0.32997096 -0.00266687
v -0.12888049 -0.30558625 0.00107934
v -0.07808268 -0.41308293 -0.03787550
v -0.05701795 -0.40638676 -0.02827897
v -0.12221862 -0.31048280 0.01870769
v -0.12135592 -0.29297000 0.02199097
v -0.11692689 -0.27862367 0.02672092
v -0.11292245 -0.29626065 0.02823256
v -0.10800425 -0.31072119 0.02416152
v -0.09357134 -0.29857969 0.04157454
v -0.09462003 -0.31337845 0.02869424
v -0.07975668 -0.29962957 0.04510444
v -0.07737143 -0.31521222 0.03099231
v -0.10559568 -0.29238209 0.03980391
v -0.11247911 -0.28545514 0.03527713
v -0.09070503 -0.28895077 0.06278849
v -0.10403135 -0.27785105 0.06805449
v -0.09387978 -0.27579850 0.07766831
v -0.11400969 -0.26290432 0.06901005
v -0.09926245 -0.26006237 0.08469000
v -0.08874239 -0.25782475 0.09098573
v -0.07743338 -0.26981124 0.08686244
v -0.11428487 -0.27535707 0.05473309
v -0.07917403 -0.28913695 0.06613228
v -0.07763734 -0.25350145 0.09277014
v -0.11962476 -0.25893393 0.05861641
v -0.12653698 -0.30462646 0.01233669
v -0.13239892 -0.30007300 0.00611339
v -0.11887027 -0.24776858 0.06560759
v -0.12214615 -0.28016564 0.01503962
v -0.11442728 -0.27707139 0.03850586
v -0.06263646 -0.34323651 0.01713440
v -0.05489706 -0.41257045 -0.03639672
v -0.06044820 -0.38144252 -0.01066952
v -0.06096480 -0.27597103 0.07786018
v -0.05665939 -0.38853639 -0.01731594
v -0.05899876 -0.32161969 0.02879412
v -0.07077123 -0.29713580 0.04526205
v -0.05962330 -0.28455001 0.06717297
v -0.05568276 -0.27157047 0.08198503
v -0.06137239 -0.26625139 0.08242802
v -0.05741436 -0.25737265 0.08611408
v -0.06088524 -0.25245875 0.08364607
v -0.07249691 -0.41275108 -0.04036080
v -0.06533308 -0.26051795 0.08810937
v -0.05324826 -0.22731231 0.08464938
v -0.06090060 -0.30340463 0.03582570
v -0.06322658 -0.31503597 0.02858297
v -0.06010901 -0.29219601 0.04565640
v -0.05198077 -0.24861166 0.08709708
v -0.06166086 -0.29132086 0.05599513
v -0.04533540 -0.39768520 -0.02797943
v -0.03825502 -0.40802142 -0.04056273
v -0.05162851 -0.33015534 0.01951262
v -0.04585081 -0.31839347 0.02459218
v -0.04511382 -0.32778877 0.01844624
v -0.04504869 -0.33383241 0.01241948
v -0.05101261 -0.31121191 0.02438695
v -0.04008518 -0.38522297 -0.02410084
v -0.05064309 -0.38482222 -0.01914388
v -0.05154865 -0.27749246 0.07048161
v -0.05076645 -0.26475093 0.08142889
v -0.10591768 -0.41576508 -0.05166575
v -0.05106581 -0.28339320 0.05782665
v -0.04529526 -0.27723521 0.06696334
v -0.04147415 -0.26472864 0.07194331
v -0.03777757 -0.26516140 0.06833497
v -0.07194525 -0.41851446 -0.04045329
v -0.03554576 -0.24145980 0.07245775
v -0.00214168 0.05873729 0.05684628
v -0.03280640 0.05948279 0.04928738
v -0.02072263 0.05756451 0.06357770
v 0.00072148 0.05686451 0.06909831
v -0.03296040 0.05778321 0.05887505
v 0.01639993 0.05776201 0.06697511
v 0.01997354 0.05973520 0.05564445
v 0.03802661 0.05933857 0.05958611
v 0.03551456 0.06025175 0.05138539
v 0.04738723 0.06141998 0.04623822
v -0.05844269 0.05748466 0.04729033
v -0.05301218 0.05871892 0.03952786
v 0.06258387 0.06261472 0.05030678
v 0.06159648 0.06297113 0.03853463
v 0.07957015 0.06393291 0.02312507
v 0.08659585 0.06318772 0.03140938
v 0.08680941 0.06483539 0.02183185
v -0.06712811 0.05668453 0.02921879
v -0.07485251 0.05542481 0.03199174
v -0.08384161 0.05488516 0.02481928
v -0.08154898 0.05626492 0.01180770
v -0.10013589 0.05377135 0.00599775
v -0.09116808 0.05699735 -0.01022332
v -0.09696478 0.05705606 -0.01968732
v -0.10574196 0.05508063 -0.01905245
v 0.09306701 0.06308459 0.02545447
v 0.09730520 0.06278680 -0.00159726
v 0.10771738 0.06113038 0.00622211
v 0.10451505 0.06389417 -0.02348647
v 0.11399133 0.06207680 -0.01812560
v 0.10396194 0.06760215 -0.04310241
v 0.11660980 0.06626692 -0.04927183
v 0.11238954 0.06857820 -0.06024988
v -0.10773566 0.05889084 -0.02998458
v -0.09322549 0.06156801 -0.03268906
v -0.10380519 0.06340127 -0.04947004
v -0.09109531 0.06549232 -0.04847346
v -0.08713321 0.06786650 -0.05940325
v -0.10256025 0.06606723 -0.06920498
v -0.08036373 0.07006215 -0.07381964
v -0.09280118 0.06888585 -0.08842517
v -0.07600079 0.07072284 -0.11212628
v -0.07128114 0.07124297 -0.08833115
v -0.05382204 0.07292360 -0.10835291
v -0.05602566 0.07161809 -0.13067339
v -0.02117222 0.07351914 -0.12266222
v -0.02517574 0.07198632 -0.13572581
v 0.00101166 0.07334512 -0.12577690
v 0.03064832 0.07281385 -0.13664620
v 0.01990900 0.07384157 -0.12461699
v 0.05903343 0.07279561 -0.13060710
v 0.04260099 0.07436579 -0.12036558
v 0.06296625 0.07542264 -0.11120392
v 0.07945120 0.07304021 -0.11838915
v 0.07515633 0.07506146 -0.10119159
v 0.00569745 0.07113865 -0.14328064
v 0.09135311 0.07318685 -0.08307076
v -0.08512347 0.06826171 -0.11297903
v 0.10105623 0.06988090 -0.09599651
v 0.10886022 0.06991447 -0.07928783
v 0.09704304 0.07247555 -0.07123809
v 0.10264997 0.07061262 -0.05280636
v -0.07402412 0.05367126 0.03786282
v -0.07539556 0.06777834 -0.12341591
v -0.06301350 0.06865622 -0.13369070
v 0.12070661 0.06155662 -0.03103126
v -0.04689570 0.06944855 -0.13858946
v -0.02278957 0.06948698 -0.14269868
v -0.09469466 0.06608864 -0.10032687
v -0.06459757 0.05410580 0.04830733
v 0.03842659 0.07015718 -0.14090385
v 0.05118429 0.05938786 0.05720579
v -0.05170566 0.05533820 0.05390227
v -0.05218261 0.07434062 -0.10656076
v -0.10058883 0.06452241 -0.08399776
v 0.05695952 0.06927392 -0.13734922
v 0.06767812 0.05853525 0.05283697
v 0.03380942 0.05636432 0.06367850
v 0.11158743 0.05826833 0.00587806
v 0.10249001 0.06532025 -0.02253689
v 0.11803815 0.05837330 -0.01647864
v -0.10729672 0.06055741 -0.05452626
v 0.08311784 0.06901889 -0.12255711
v 0.09105530 0.06938236 -0.10973482
v 0.09921718 0.05894290 0.02425173
v 0.11420210 0.06559854 -0.07760552
v -0.11193750 0.05504825 -0.03266929
v 0.12057718 0.06240308 -0.04413401
v -0.10689414 0.06088747 -0.07203984
v 0.10872179 0.06495569 -0.09154625
v 0.00045282 0.06647812 -0.14693028
v 0.07365799 -0.26603046 -0.02765298
v 0.08902600 -0.26693040 -0.02981231
v 0.07409075 -0.29016712 -0.03748027
v 0.08678391 -0.29398307 -0.03967679
v 0.10178667 -0.27620828 -0.03186565
v 0.09845974 -0.29849690 -0.03900985
v 0.08039644 -0.32313162 -0.04376990
v 0.09070238 -0.32514036 -0.04295067
v 0.06737655 -0.32364899 -0.04159516
v 0.11363534 -0.29337043 -0.03298582
v 0.10428216 -0.32933506 -0.03919703
v 0.10457234 -0.25373703 -0.01937479
v 0.11476076 -0.26984566 -0.02411296
v 0.12490535 -0.28015423 -0.02292092
v 0.09197269 -0.24654768 -0.01630467
v 0.12246429 -0.24859133 -0.00746166
v 0.12591076 -0.29341832 -0.02593550
v 0.13280348 -0.26336375 -0.00950204
v 0.12616263 -0.31467181 -0.02729789
v 0.11118931 -0.23390138 -0.00099820
v 0.14050108 -0.28097540 -0.00991621
v 0.13826184 -0.29815289 -0.01639923
v 0.11863222 -0.33749834 -0.02947733
v 0.14233744 -0.26536107 -0.00028258
v 0.12783797 -0.23300843 0.01283257
v 0.13940093 -0.24337049 0.01438658
v 0.10053439 -0.33081710 -0.04327803
v 0.11275812 -0.33696318 -0.03677174
v 0.09499875 -0.34496632 -0.04972839
v 0.08262771 -0.32685363 -0.04820793
v 0.07950053 -0.34012756 -0.05226479
v 0.10932959 -0.35289258 -0.04196344
v 0.10089771 -0.35699669 -0.04561728
v 0.09124938 -0.35265580 -0.04918403
v 0.09126059 -0.37846956 -0.07160278
v 0.10037981 -0.37302744 -0.05853277
v 0.07748099 -0.38104722 -0.07751596
v 0.09258198 -0.39981645 -0.08440561
v 0.07720297 -0.39712673 -0.08690894
v 0.06324702 -0.39998484 -0.08864152
v 0.07907494 -0.35092467 -0.05067931
v 0.09464402 -0.41271916 -0.09566115
v 0.07337910 -0.40949649 -0.09445541
v 0.04755156 -0.40811285 -0.09192102
v 0.06205859 -0.38563699 -0.07920005
v 0.09569196 -0.23114125 0.00011516
v 0.07793776 -0.24735042 -0.01506037
v 0.06262556 -0.37229383 -0.06873325
v 0.06480777 -0.32791680 -0.04484588
v 0.06422682 -0.34188414 -0.04950669
v 0.06738541 -0.35094857 -0.04895027
v 0.04454593 -0.39605477 -0.08019307
v 0.06005855 -0.29144853 -0.03298509
v 0.07869894 -0.23681398 -0.00301932
v 0.06684502 -0.25376034 -0.01565704
v 0.05064521 -0.37581059 -0.06627031
v 0.05979266 -0.35186806 -0.04591952
v 0.05523083 -0.28075901 -0.02538982
v 0.02906552 -0.41038814 -0.08368642
v 0.05393038 -0.26671675 -0.01635631
v 0.05792492 -0.32641765 -0.03726323
v 0.05102751 -0.30983347 -0.03119967
v 0.06254144 -0.24595156 -0.00401726
v 0.05378935 -0.33020580 -0.03863123
v 0.03833333 -0.38854966 -0.06854788
v 0.08353700 -0.22404329 0.01681888
v 0.09116162 -0.21886772 0.02283109
v 0.07276888 -0.22028537 0.02858636
v 0.06981844 -0.22677259 0.02319200
v 0.07338350 -0.23023200 0.01149885
v 0.05154924 -0.34546551 -0.04146411
v 0.08181790 -0.21474893 0.03501254
v 0.05168746 -0.35382068 -0.04058043
v 0.06229547 -0.22258553 0.03580691
v 0.04993222 -0.25797096 -0.00348476
v 0.04230436 -0.29676422 -0.01941481
v 0.07262781 -0.21557440 0.03975018
v 0.08137804 -0.21016435 0.03745892
v 0.04256011 -0.27481008 -0.00899252
v 0.03630833 -0.38370189 -0.05858910
v 0.05506229 -0.23240012 0.03577770
v 0.04782902 -0.32902560 -0.02904309
v 0.04306424 -0.33419403 -0.02828861
v 0.05473826 -0.24339251 0.01151228
v 0.04299704 -0.34652525 -0.03197094
v 0.05514780 -0.22669066 0.04211605
v 0.04006881 -0.31507170 -0.01983279
v 0.02393280 -0.41429016 -0.07681674
v 0.04187679 -0.25609270 0.01493040
v 0.03889544 -0.33300519 -0.01614478
v 0.03574794 -0.28453565 -0.00244126
v 0.04088241 -0.36529374 -0.03587603
v 0.04273584 -0.35721517 -0.03032321
v 0.04714475 -0.23743969 0.04793856
v -0.07980669 0.39266646 -0.06210038
v -0.07848630 0.37167317 -0.06313851
v -0.06472486 0.37873685 -0.05914541
v -0.09170536 0.37427059 -0.06475722
v -0.09135898 0.39294654 -0.06431557
v -0.07921744 0.40600279 -0.05900040
v -0.06025077 0.39969924 -0.05450843
v -0.06941466 0.41957340 -0.05377156
v -0.05424613 0.42015436 -0.05180287
v -0.01870651 0.41836321 -0.05043764
v -0.02115194 0.40086597 -0.05017160
v -0.04792798 0.38373551 -0.05233553
v -0.05658544 0.37940004 -0.05434950
v -0.08190773 0.41980779 -0.05990702
v -0.03423362 0.37977341 -0.04851428
v -0.04312167 0.37157711 -0.04816438
v -0.05025778 0.36537525 -0.04737795
v -0.03929757 0.42451945 -0.05302908
v -0.00780282 0.42524427 -0.05244155
v -0.05754690 0.37256393 -0.05778594
v -0.06734086 0.37332118 -0.06253289
v -0.06036501 0.36504403 -0.05820186
v -0.07449431 0.36111891 -0.06553886
v -0.06601415 0.36122903 -0.06078617
v -0.06798925 0.35000253 -0.06034084
v -0.05620728 0.34924698 -0.05428676
v -0.06041279 0.34285694 -0.05895216
v -0.07754082 0.34592158 -0.06128420
v -0.08009196 0.34402063 -0.06149473
v -0.07920014 0.33657348 -0.06291995
v -0.06364442 0.33261833 -0.06144008
v -0.07445059 0.32732812 -0.06254672
v -0.07878274 0.35513559 -0.06398393
v -0.08088878 0.35925287 -0.06512920
v -0.05557723 0.36450148 -0.05254234
v -0.08015906 0.31475481 -0.07253063
v -0.07520170 0.32060474 -0.06570348
v -0.07405917 0.29935610 -0.07435238
v -0.08009078 0.29930669 -0.07838754
v -0.07304527 0.28598693 -0.07766385
v -0.07975402 0.28604835 -0.08205707
v -0.07099027 0.27342293 -0.08053453
v -0.07963666 0.26933286 -0.08609697
v -0.07966624 0.24431339 -0.09145347
v -0.07137213 0.24145409 -0.08829559
v -0.07937977 0.23046677 -0.09453075
v -0.06970252 0.22968622 -0.09121307
v -0.06801461 0.20845966 -0.09369260
v -0.07969985 0.21157026 -0.09767636
v -0.07898393 0.18983306 -0.10022925
v -0.06440894 0.19177060 -0.09511371
v -0.07308230 0.18473749 -0.09455475
v -0.08031800 0.16880456 -0.10045844
v -0.07123960 0.16889508 -0.09265273
v -0.06925184 0.15726504 -0.09227393
v -0.08322182 0.15170424 -0.10434162
v -0.05966008 0.33907735 -0.05679404
v -0.22986321 0.04374532 0.12085431
v -0.24188164 0.03343166 0.10683120
v -0.22967492 0.01041659 0.12517509
v -0.23915781 0.05771948 0.10670526
v -0.22845061 0.06345017 0.11666322
v -0.22158924 0.01422456 0.13160373
v -0.24139200 0.01249890 0.10597210
v -0.23490752 0.00504638 0.11603139
v -0.24437784 0.04817403 0.09216698
v -0.24601342 0.03815619 0.08934174
v -0.23962025 0.00105423 0.10275043
v -0.24339810 0.01064455 0.09072170
v -0.21841587 0.04947411 0.12666616
v -0.21223068 0.01805099 0.13562411
v -0.21866094 0.06780271 0.11958540
v -0.19957899 0.01961743 0.13794778
v -0.20156071 0.04861492 0.12961520
v -0.20550470 0.06871099 0.12091406
v -0.06347450 -0.42948467 -0.14630318
v -0.03675313 -0.45054910 -0.15300685
v -0.05800804 -0.45944673 -0.15991001
v -0.06198043 -0.42080843 -0.14142862
v -0.07921056 -0.41673228 -0.14047699
v -0.08196667 -0.43882063 -0.15299387
v -0.06693824 -0.46008831 -0.15872431
v -0.03532344 -0.46254271 -0.15725897
v -0.08241451 -0.45567226 -0.16015264
v -0.06219161 -0.40895677 -0.13739917
v -0.07890553 -0.40836796 -0.13747893
v -0.05486834 -0.47627708 -0.16401848
v -0.08317426 -0.48418775 -0.16616721
v -0.09089590 -0.45028269 -0.15632027
v -0.06573988 -0.48763913 -0.16335021
v -0.09126616 -0.46638048 -0.16144940
v -0.08878522 -0.48479664 -0.16548403
v -0.03038048 -0.48634669 -0.15963712
v -0.04059405 -0.43093711 -0.14119421
v -0.05010019 -0.41601312 -0.13474834
v -0.04911366 -0.40929163 -0.13355865
v -0.08097479 -0.49138051 -0.17167944
v -0.05746600 -0.48348320 -0.16428611
v -0.04062892 -0.48841321 -0.16168092
v -0.03348932 -0.49230015 -0.16289993
v -0.09891873 -0.49151254 -0.16633800
v -0.04974986 -0.48531270 -0.16758750
v -0.06049276 -0.49120513 -0.17114697
v -0.04434626 -0.49231610 -0.17181651
v -0.08806174 -0.42519310 -0.14151646
v -0.08752614 -0.40987003 -0.13384664
v -0.03047753 -0.46946555 -0.15556604
v -0.09543600 -0.48358950 -0.16066425
v -0.03876541 -0.41569218 -0.12434202
v -0.04348261 -0.41296443 -0.12925202
v -0.03000935 -0.43383268 -0.12863797
v -0.02854893 -0.45214438 -0.14259274
v -0.03270349 -0.40705207 -0.11859173
v -0.02333973 -0.49294177 -0.15059204
v -0.01890669 -0.48608407 -0.13688079
v -0.02123301 -0.46436486 -0.13285384
v -0.06675720 -0.29750258 -0.09531698
v -0.06222555 -0.31762546 -0.10305837
v -0.07986370 -0.30238995 -0.09956570
v -0.07821984 -0.33551505 -0.11029266
v -0.06522803 -0.33660105 -0.10907824
v -0.07923271 -0.28335139 -0.08874407
v -0.08912244 -0.29100221 -0.09377640
v -0.09390248 -0.31805021 -0.10301527
v -0.05292936 -0.30262214 -0.09346427
v -0.06338386 -0.27205408 -0.07813463
v -0.04802549 -0.28429413 -0.08068794
v -0.07964719 -0.26298741 -0.07219661
v -0.05036721 -0.33977282 -0.10431596
v -0.04192167 -0.30739138 -0.09008769
v -0.05824797 -0.26761508 -0.07226430
v -0.07404271 -0.25218642 -0.06097463
v -0.04387474 -0.25998667 -0.05783037
v -0.03812100 -0.28064147 -0.07171617
v -0.05208182 -0.25385836 -0.05581447
v -0.06486282 -0.34095263 -0.11385644
v -0.07691708 -0.33952385 -0.11448018
v -0.06770488 -0.35868049 -0.11970128
v -0.08000385 -0.35994509 -0.12076764
v -0.07751586 -0.39090592 -0.13867168
v -0.06594954 -0.39131477 -0.13898632
v -0.05632073 -0.37671790 -0.12720199
v -0.05538388 -0.35756892 -0.11453705
v -0.05164860 -0.40312749 -0.13973352
v -0.04837785 -0.39077872 -0.13168274
v -0.06289032 -0.40332481 -0.14307426
v -0.04956562 -0.34444016 -0.10854582
v -0.07761008 -0.40337655 -0.14375837
v -0.04089424 -0.38844016 -0.12258837
v -0.03149552 -0.29918352 -0.07718156
v -0.09384974 -0.26436111 -0.07180731
v -0.03416070 -0.32190308 -0.08833396
v -0.03066586 -0.27648106 -0.06131845
v -0.03927418 -0.40535423 -0.13016798
v -0.02683479 -0.26380152 -0.04485954
v -0.04166227 -0.34266946 -0.09815136
v -0.03763472 -0.34760761 -0.09746425
v -0.04252625 -0.36167097 -0.10391098
v -0.03387995 -0.25556698 -0.04257721
v -0.02397603 -0.29754889 -0.06626804
v -0.09894621 -0.25125098 -0.05565973
v -0.09512400 -0.34320435 -0.11108989
v -0.08968884 -0.36382553 -0.11945146
v -0.09481378 -0.33960375 -0.10727964
v -0.10340656 -0.27626145 -0.07750554
v -0.10263167 -0.29974800 -0.09284218
v -0.09049428 -0.40312281 -0.13924073
v -0.05332038 -0.25061616 -0.04987507
v -0.03735344 -0.24594215 -0.03962273
v -0.04723157 -0.22991450 -0.03780603
v -0.06371642 -0.23511699 -0.04418598
v -0.07609684 -0.24846314 -0.05350256
v -0.05182042 -0.21694973 -0.03508825
v -0.06331326 -0.21904203 -0.03796368
v -0.03703053 -0.21471706 -0.02777737
v -0.07855858 -0.23403911 -0.04403610
v -0.07690330 -0.21891412 -0.03808198
v -0.03274591 -0.22703516 -0.02763359
v -0.09527984 -0.23615305 -0.04024140
v -0.09051079 -0.21966015 -0.03468630
v -0.09978423 -0.24934426 -0.04723110
v -0.02946543 -0.24683765 -0.03104682
v -0.11158510 -0.26599553 -0.06311563
v -0.11192880 -0.29251036 -0.08310837
v -0.09706268 -0.22064438 -0.03167676
v -0.02802669 -0.21680170 -0.01679970
v -0.09676559 -0.40240273 -0.13475114
v -0.09759551 -0.36333364 -0.11447617
v -0.11245775 -0.32100379 -0.09340109
v -0.11297788 -0.25173986 -0.03479823
v -0.11195116 -0.25357449 -0.04668815
v -0.10521027 -0.34886754 -0.10586704
v -0.03200434 -0.34831780 -0.08750984
v -0.02572798 -0.32603094 -0.07790415
v -0.02697208 -0.25842717 -0.03273295
v -0.02283717 -0.26478946 -0.03268130
v -0.03270349 -0.40705207 -0.11859173
v -0.03418662 -0.35769013 -0.09284128
v -0.03570308 -0.38375941 -0.10681389
v -0.03741136 -0.36558217 -0.09627657
v -0.01820864 -0.29505336 -0.04917542
v -0.04348261 -0.41296443 -0.12925202
v -0.02728711 -0.23779114 -0.01700529
v -0.01752827 -0.31030515 -0.05420912
v -0.01926676 -0.27845597 -0.03267607
v -0.07299107 -0.22711109 0.01801621
v -0.06479377 -0.22357836 0.03666447
v -0.08389328 -0.22286606 0.03593084
v -0.05508988 -0.22747637 0.02419204
v -0.05306279 -0.22590929 0.03952859
v -0.04161887 -0.22803511 0.00355413
v -0.06287532 -0.22885880 -0.00595964
v -0.04766377 -0.22976640 -0.01007872
v -0.08963317 -0.22820842 0.02020964
v -0.08880687 -0.23392572 -0.00787102
v -0.03744816 -0.23009802 -0.00128833
v -0.03017661 -0.22953890 0.00210142
v -0.09941074 -0.22973616 0.02773959
v -0.09285641 -0.23170066 0.01049433
v -0.04422579 -0.23098430 0.02369998
v -0.03618547 -0.23114927 0.01597380
v -0.10305937 -0.22270215 0.03871531
v -0.10728756 -0.22893773 0.03139128
v -0.11250715 -0.21951881 0.04660598
v -0.11949935 -0.22495826 0.03630244
v -0.11248836 -0.23263821 0.02266267
v -0.12063694 -0.22869170 0.02710704
v -0.11790848 -0.23263410 0.00916845
v -0.09356510 -0.21154791 0.05170228
v -0.10755677 -0.21388608 0.05677346
v -0.09394760 -0.20853837 0.06199074
v -0.07587647 -0.20538114 0.05913065
v -0.07240580 -0.20920753 0.05106399
v -0.05916035 -0.20816562 0.05907423
v -0.11331787 -0.21673223 0.05437445
v -0.05569905 -0.21262485 0.05324175
v -0.12749070 -0.21158975 0.05101011
v -0.12322784 -0.21616206 0.04515260
v -0.11457777 -0.21343939 0.06037490
v -0.02593960 -0.22532286 0.01315640
v -0.12887874 -0.22070265 0.03412437
v -0.03022677 -0.23792499 -0.00556605
v -0.12793948 -0.22723830 0.00915668
v -0.03672699 -0.23206589 0.02635767
v -0.02632927 -0.22621532 0.02755306
v -0.02914764 -0.22712195 0.04094382
v -0.03780894 -0.23157643 0.04189269
v -0.03303399 -0.22258124 0.05048001
v -0.13067245 -0.22385836 0.01673842
v -0.13162076 -0.21187140 0.03806407
v -0.03829001 -0.23422419 -0.00449398
v -0.04195256 -0.23272778 -0.01211829
v -0.11939833 -0.23063980 -0.00197594
v -0.04524231 -0.23136015 0.04078355
v -0.07057771 -0.20811705 0.06292041
v -0.05044840 -0.21859406 0.05653151
v -0.09257082 0.01805941 0.01686325
v -0.08292407 0.01903878 0.02561070
v -0.08968977 0.02261179 0.02348421
v -0.07486793 0.02503007 0.03297197
v -0.07652268 0.04138286 0.03535911
v -0.07402412 0.05367126 0.03786282
v -0.08687615 0.04839238 0.02716409
v -0.06481286 0.02855297 0.04773144
v -0.06995448 0.04115212 0.04406320
v -0.06459757 0.05410580 0.04830733
v -0.10275892 0.04107384 0.00513199
v -0.10325065 0.02726149 0.00277806
v -0.09928910 0.01875113 0.00717593
v -0.06859822 0.02476447 0.04052939
v -0.09110764 0.05225016 0.01706874
v -0.10013589 0.05377135 0.00599775
v -0.08384161 0.05488516 0.02481928
v -0.10759654 0.04899200 -0.01880863
v -0.10357574 0.01979854 -0.00610828
v -0.10574196 0.05508063 -0.01905245
v -0.11193750 0.05504825 -0.03266929
v -0.10709994 0.02348122 -0.02787635
v -0.11016437 0.01811151 -0.03510507
v -0.10376576 0.01821529 -0.02630121
v -0.10711349 0.01421783 -0.03472495
v -0.10773566 0.05889084 -0.02998458
v -0.10856694 0.01539290 -0.04447637
v -0.14474840 0.14112020 0.01293366
v -0.15428580 0.12576915 0.01258798
v -0.14461686 0.14164202 -0.00388340
v -0.15709132 0.12720151 -0.00443121
v -0.15903208 0.12419220 0.00088954
v -0.15906282 0.11079646 0.02398546
v -0.15719017 0.13409059 -0.01614069
v -0.14701095 0.14362369 -0.01352424
v -0.16774282 0.08311013 0.03972040
v -0.17288551 0.08256655 0.03108654
v -0.17094442 0.06389020 0.05942872
v -0.17569542 0.04995811 0.06506482
v -0.16367909 0.12400739 -0.00667603
v -0.18246827 0.05118218 0.05492269
v -0.15181522 0.14890555 -0.02524081
v -0.17265081 0.05316768 0.07864603
v -0.16232833 0.09467441 0.04919162
v -0.16900912 0.07120606 0.07240445
v -0.15830776 0.11331410 0.03900256
v -0.15344301 0.13106881 0.02197389
v -0.17289421 0.04598942 0.07844058
v -0.17257445 0.04944455 0.08537996
v -0.17911291 0.04182444 0.06212661
v -0.17243338 0.03948018 0.07296965
v -0.16399576 0.09871472 0.05999751
v -0.15507311 0.13825034 0.03148004
v -0.17604090 0.06353356 0.09448401
v -0.17431748 0.05408904 0.09421510
v -0.14613937 0.15329750 -0.00281590
v -0.15147343 0.14724103 0.03104762
v -0.17124146 0.09166003 0.07962652
v -0.16247550 0.12010009 0.05432117
v -0.14688116 0.15442656 0.00817508
v -0.14291415 0.15959388 0.01324434
v -0.13870171 0.16457853 -0.00329117
v -0.13885061 0.16966318 0.00716936
v -0.14195009 0.16351150 -0.01846577
v -0.13031249 0.18256953 -0.01588425
v -0.12856570 0.18279409 -0.00534146
v -0.12767231 0.18645710 0.00556606
v -0.10769410 0.21016926 -0.00803973
v -0.10806283 0.20986068 -0.01793972
v -0.09834005 0.22326988 -0.02025734
v -0.09805893 0.22406654 -0.00834075
v -0.10177717 0.22308792 -0.03295197
v -0.12745239 0.18547736 -0.01874757
v -0.15037547 0.15357029 -0.01986042
v -0.11965558 0.20269966 -0.03079969
v -0.09552246 0.23046915 -0.03717465
v -0.13373078 0.18634862 -0.03061348
v -0.10625974 0.21781456 0.00411072
v -0.09642845 0.22979030 0.00063491
v -0.11935670 0.21728633 -0.04483303
v -0.09484239 0.23699878 0.00894361
v -0.10149381 0.23439416 -0.04900934
v -0.15444234 0.15461171 -0.03297056
v -0.15098530 0.15708858 -0.02261931
v -0.12846774 0.19432525 0.01887989
v -0.10302565 0.23511200 0.02136810
v -0.09144545 0.24520902 0.02128775
v -0.11832879 0.21185857 0.01969943
v -0.13941342 0.18283266 0.02105505
v -0.14726982 0.16585153 0.02487127
v -0.15053427 0.15657245 0.02016604
v -0.11787242 0.21817392 0.02149491
v -0.09129954 0.24132989 -0.05174661
v -0.17930189 0.05926938 0.10443551
v -0.15584162 0.16188787 0.03016584
v -0.14455099 0.19412351 0.03425035
v -0.12532781 0.21422431 0.02784035
v -0.16650917 0.12210492 0.06105803
v -0.16319209 0.14969593 0.04288278
v -0.15292886 0.17115541 0.03248893
v -0.17401254 0.09822620 0.08231304
v -0.17624924 0.11117917 0.07834399
v -0.15109161 0.19105881 0.03426198
v -0.16203579 0.15392072 0.04255353
v -0.18090616 0.07312018 0.09763322
v -0.11040276 0.23675512 0.02821386
v -0.10868382 0.24808972 0.03501828
v -0.09030757 0.26400733 0.03521234
v -0.16379464 0.16809970 0.03728772
v -0.13065538 0.22185218 0.03121527
v -0.18207240 0.09496667 0.09197326
v -0.13713682 0.21984589 0.03592721
v -0.17604098 0.15613097 0.05087852
v -0.17859688 0.12353869 0.07267730
v -0.16571343 0.17546828 0.03985709
v -0.16947448 0.19014063 0.04221804
v -0.12299595 0.24180008 0.03548414
v -0.17348772 0.16107692 0.04865504
v -0.15380815 0.19922000 0.03953087
v -0.18861020 0.07961594 0.10056308
v -0.18363678 0.06174883 0.10736463
v 0.13655294 -0.26711705 0.08225179
v 0.13831231 -0.26124227 0.08636407
v 0.13432068 -0.26133332 0.09148820
v 0.14925931 -0.25916120 0.06859859
v 0.14651360 -0.26661399 0.06764781
v 0.13695288 -0.27300936 0.08032227
v 0.15196392 -0.26702821 0.06310079
v 0.11609080 -0.27016348 0.09728374
v 0.11862610 -0.26330829 0.10329136
v 0.14787699 -0.27797833 0.06780003
v 0.15163766 -0.27824119 0.06499802
v 0.14504118 -0.29635894 0.06247025
v 0.13536365 -0.29335469 0.07612886
v 0.13880628 -0.32569021 0.05471605
v 0.12426730 -0.32444674 0.07011575
v 0.12262020 -0.30396897 0.08173937
v 0.12176125 -0.29496238 0.08633717
v 0.12192064 -0.34794033 0.05714268
v 0.13066648 -0.34789214 0.04683698
v 0.13881631 -0.28146425 0.08103378
v 0.11032265 -0.34747964 0.06478953
v 0.14861727 -0.30117115 0.05892261
v 0.10887139 -0.32184994 0.07962187
v 0.14538220 -0.31891465 0.05410092
v 0.13968265 -0.34230185 0.04784124
v 0.10932202 -0.29239985 0.09321120
v 0.09668145 -0.34780535 0.06755769
v 0.09805525 -0.32440862 0.08066722
v 0.09537447 -0.28812656 0.09707566
v 0.13717884 -0.35178396 0.04388363
v 0.13479763 -0.29006794 0.08654258
v 0.12384185 -0.28983730 0.09442300
v 0.11534057 -0.27469045 0.09942028
v 0.10915462 -0.28576347 0.10357682
v 0.11520800 -0.28955165 0.09843784
v 0.09878065 -0.27537996 0.10852759
v 0.10138609 -0.26720563 0.10678608
v 0.09557706 -0.28062284 0.10754863
v 0.07793190 -0.34739748 0.06608877
v 0.07956006 -0.31634161 0.08266596
v 0.08090789 -0.28112322 0.09841722
v 0.08380252 -0.27587789 0.10649616
v 0.08963835 -0.26320231 0.10539693
v 0.08086254 -0.25725061 0.10390496
v 0.12417334 -0.24039301 0.14958356
v 0.12523456 -0.24566261 0.14323922
v 0.13275957 -0.23525293 0.15407161
v 0.13621446 -0.23920763 0.14736423
v 0.13984226 -0.24547482 0.13251935
v 0.12762631 -0.24856706 0.12758063
v 0.12062724 -0.24847129 0.13316202
v 0.12553781 -0.25693321 0.11533885
v 0.10469348 -0.26198745 0.11152378
v 0.10836805 -0.25202671 0.13348149
v 0.14418520 -0.25267613 0.11225369
v 0.14176500 -0.24608479 0.12330735
v 0.10974660 -0.24189077 0.14473237
v 0.11940386 -0.24134661 0.14096686
v 0.15800673 -0.24954434 0.08813920
v 0.15473771 -0.25278127 0.07855066
v 0.15552145 -0.23722547 0.11397005
v 0.15552881 -0.24404299 0.10778002
v 0.12815729 -0.22995223 0.15848430
v 0.13462906 -0.22574216 0.16004010
v 0.16177286 -0.24112400 0.09252665
v 0.16315572 -0.22637309 0.10523549
v 0.16063653 -0.23278783 0.11616600
v 0.17036912 -0.22290783 0.11289869
v 0.12956938 -0.21179792 0.16707347
v 0.16617237 -0.21033724 0.13098381
v 0.15618204 -0.21328492 0.14435358
v 0.15800223 -0.22831389 0.12893750
v 0.17446353 -0.21444227 0.11193959
v 0.15511905 -0.20142348 0.15151608
v 0.13954403 -0.20715757 0.16338727
v 0.17413202 -0.19886288 0.12075847
v 0.16779079 -0.19512710 0.13343340
v 0.17581870 -0.20083536 0.10677200
v 0.15877791 -0.18827914 0.14273712
v -0.07320990 0.11941404 0.02257879
v -0.08302491 0.08617437 0.00485983
v -0.07538478 0.08786849 0.01848894
v -0.07734746 0.12416377 0.01641534
v -0.08110791 0.12721707 0.00997174
v -0.08154898 0.05626492 0.01180770
v -0.09116808 0.05699735 -0.01022332
v -0.08618072 0.12411896 -0.00780135
v -0.08919087 0.08173791 -0.01343119
v -0.08875186 0.11706724 -0.01692021
v -0.08416694 0.12676980 -0.00145102
v -0.06712811 0.05668453 0.02921879
v -0.06506271 0.09446257 0.03028306
v -0.06198070 0.11173273 0.03601334
v -0.05301218 0.05871892 0.03952786
v -0.05190847 0.09929436 0.04070760
v -0.05070899 0.10702867 0.04353006
v -0.08645804 0.12941590 -0.04903303
v -0.08951952 0.09922038 -0.03250755
v -0.08835302 0.12660693 -0.03487714
v -0.08646625 0.10041559 -0.05144203
v -0.09322549 0.06156801 -0.03268906
v -0.09109531 0.06549232 -0.04847346
v -0.08848551 0.12474437 -0.02101440
v -0.08713321 0.06786650 -0.05940325
v -0.08207376 0.10338663 -0.06360601
v -0.08142867 0.13251396 -0.06310659
v -0.08036373 0.07006215 -0.07381964
v -0.07155926 0.09657889 -0.08332700
v -0.06761834 0.13419619 -0.08525813
v -0.07128114 0.07124297 -0.08833115
v -0.08533005 0.14115462 -0.05948920
v -0.06430969 0.14020726 -0.08968730
v -0.06665677 0.15073514 -0.08462930
v -0.07393669 0.15055440 -0.07583253
v -0.08133999 0.14932778 -0.06610603
v -0.08942285 0.14773126 -0.04986090
v -0.09538173 0.13436942 -0.03760747
v -0.09584101 0.14708546 -0.02112082
v -0.09856953 0.13210966 -0.01864013
v -0.09623302 0.13008045 -0.02784849
v -0.09550987 0.14790677 0.00491793
v -0.09805554 0.13052574 0.00215475
v -0.09706829 0.12731189 -0.00637958
v -0.05264304 0.09295284 -0.10206066
v -0.05218261 0.07434062 -0.10656076
v -0.05143096 0.13855213 -0.09921935
v -0.06078123 0.14994463 -0.08972828
v -0.06071199 0.15572780 -0.09229837
v -0.09418416 0.12728380 0.01635501
v -0.09000318 0.14682882 0.02254006
v -0.10007384 0.15422913 -0.03144714
v -0.09444293 0.15484521 -0.05508823
v -0.08028059 0.14439763 0.03787524
v -0.22775823 0.10688171 0.02620827
v -0.22200486 0.11012988 0.01127061
v -0.22759190 0.05905011 0.06186816
v -0.22260264 0.13305575 -0.00289171
v -0.22960959 0.07524102 0.05569536
v -0.22670427 0.13213114 0.00907140
v -0.23219933 0.04955735 0.08622575
v -0.22517487 0.04716517 0.07005747
v -0.23106751 0.10020599 0.04914538
v -0.22914536 0.13201661 0.02325696
v -0.22961466 0.13540828 0.01644505
v -0.23354810 0.03004597 0.08515057
v -0.23426537 0.03128339 0.09141723
v -0.23094261 0.02853336 0.07726986
v -0.22377191 0.05498796 0.05863603
v -0.21971440 0.13513325 -0.00832038
v -0.22136156 0.03308631 0.06493402
v -0.21289080 0.12182906 -0.00780746
v -0.21562716 0.08740318 0.02242662
v -0.22045000 0.14624396 -0.01381090
v -0.20881695 0.13622203 -0.02082742
v -0.20870471 0.15405017 -0.02868475
v -0.21737817 0.15983130 -0.02173452
v -0.22269247 0.15067810 -0.00977245
v -0.22485101 0.16354929 -0.00958357
v -0.22609396 0.15243424 0.00196230
v -0.22817577 0.16765250 0.00777481
v -0.21507427 0.04568774 0.05916231
v -0.21643041 0.05036819 0.05475787
v -0.20325607 0.12376041 -0.01661902
v -0.19767348 0.14740962 -0.03351660
v -0.20417173 0.04185994 0.05428916
v -0.20450626 0.08597216 0.01669505
v -0.20427263 0.05850482 0.04116514
v -0.20566458 0.16784456 -0.02787981
v -0.22696695 0.13986509 -0.01241504
v -0.23302999 0.14466214 -0.01186809
v -0.23636018 0.13857286 -0.01027851
v -0.16885614 0.27288941 -0.03015808
v -0.16209581 0.25668833 -0.04714429
v -0.17201370 0.24639536 -0.04268416
v -0.17902215 0.25283042 -0.02928429
v -0.16283630 0.23703359 -0.05014339
v -0.14254242 0.24624117 -0.05774599
v -0.16788991 0.23501818 -0.05008953
v -0.17786099 0.24387512 -0.04114991
v -0.18696271 0.22887121 -0.04080618
v -0.19160146 0.23686296 -0.03239473
v -0.18684316 0.21413931 -0.04487054
v -0.19884488 0.21889192 -0.03306792
v -0.18454066 0.24930403 -0.02998230
v -0.19750358 0.24037793 -0.01843906
v -0.20596330 0.22266212 -0.01635159
v -0.17667921 0.20839995 -0.04858498
v -0.15311453 0.26204076 -0.05525760
v -0.14415964 0.25812459 -0.05987295
v -0.19273151 0.21281476 -0.03583960
v -0.18462941 0.20713079 -0.04162488
v -0.15107405 0.31549957 -0.01769127
v -0.16312465 0.29184362 -0.01843541
v -0.15303116 0.31324869 -0.00546613
v -0.16226341 0.29313311 -0.00646706
v -0.17220801 0.27355984 -0.00692769
v -0.18258634 0.25481352 -0.01809659
v -0.18206525 0.25596404 -0.00579601
v -0.14170109 0.32809803 -0.01645516
v -0.15754505 0.29545221 -0.03295731
v -0.14384307 0.31897178 -0.03267691
v -0.14108232 0.32822907 -0.00343430
v -0.13047275 0.33225590 -0.03191766
v -0.16136843 0.26668355 -0.04742882
v -0.14493765 0.30089602 -0.04608717
v -0.13089360 0.32446057 -0.04264379
v -0.12688053 0.33950111 -0.01699351
v -0.12722100 0.30770162 -0.05633922
v -0.14167410 0.28797272 -0.05498967
v -0.19234315 0.25034708 -0.00913339
v -0.19839437 0.24181290 -0.00477394
v -0.20709862 0.22389641 -0.00260849
v -0.21388090 0.21095751 -0.00313922
v -0.21171011 0.20431203 -0.01807086
v -0.20189436 0.21744886 -0.02578221
v -0.20589633 0.19335136 -0.03124905
v -0.21258920 0.21345951 0.00778574
v -0.21160500 0.19646968 -0.01812638
v -0.20986862 0.19066711 -0.02562726
v -0.21888722 0.18788953 -0.01282369
v -0.22194974 0.18850444 -0.00257221
v -0.21390983 0.19966716 -0.00243460
v -0.22214901 0.18954247 0.01423225
v -0.21282762 0.20015503 0.01125543
v -0.19703951 0.24059138 0.00750877
v -0.20519342 0.22314364 0.01036753
v -0.12893364 0.33840424 -0.00627886
v -0.15399364 0.30506572 0.00668205
v -0.14605030 0.31867269 0.00608488
v -0.17887649 0.25480616 0.00942987
v -0.16318551 0.28285748 0.00609713
v -0.18406817 0.25064823 0.01497967
v -0.22018752 0.17430840 -0.00240247
v -0.21577111 0.17234302 -0.01477519
v -0.22485101 0.16354929 -0.00958357
v -0.21737817 0.15983130 -0.02173452
v -0.20566458 0.16784456 -0.02787981
v -0.19171131 0.18984316 -0.04134734
v -0.08243556 0.34624749 -0.03396564
v -0.11125477 0.34543407 -0.01892658
v -0.08365645 0.34781784 -0.01949093
v -0.11229346 0.34252599 -0.03055730
v -0.08650170 0.34134686 -0.04506743
v -0.08006822 0.34050983 -0.04756405
v -0.09937973 0.33705160 -0.04784791
v -0.11899742 0.33067521 -0.04482376
v -0.06951854 0.35495952 -0.03289087
v -0.05811688 0.35255426 -0.04581635
v -0.07648946 0.35345009 -0.02031725
v -0.07445059 0.32732812 -0.06254672
v -0.10846306 0.32489541 -0.05470864
v -0.09497785 0.32025918 -0.06339613
v -0.05966008 0.33907735 -0.05679404
v -0.06364442 0.33261833 -0.06144008
v -0.11037882 0.31190696 -0.06196322
v -0.07520170 0.32060474 -0.06570348
v -0.09403810 0.30510491 -0.07020522
v -0.12607303 0.29033640 -0.06344957
v -0.10630312 0.29657036 -0.06904645
v -0.07987898 0.30339903 -0.07149595
v -0.07405917 0.29935610 -0.07435238
v -0.06485693 0.36266226 -0.03434687
v -0.05025778 0.36537525 -0.04737795
v -0.04685521 0.37653622 -0.03856139
v -0.04312167 0.37157711 -0.04816438
v -0.03423362 0.37977341 -0.04851428
v -0.03031303 0.38549706 -0.04766084
v -0.07182296 0.36009464 -0.02264763
v -0.11334104 0.27896789 -0.06898723
v -0.08116578 0.28874230 -0.07199026
v -0.07304527 0.28598693 -0.07766385
v -0.03407633 0.39102596 -0.04513251
v -0.02212834 0.39866376 -0.04848371
v -0.08421720 0.27367839 -0.06934325
v -0.07787263 0.26239911 -0.07625323
v -0.07099027 0.27342293 -0.08053453
v -0.07137213 0.24145409 -0.08829559
v -0.08163673 0.22666337 -0.07952131
v -0.07641421 0.20791093 -0.08711988
v -0.06970252 0.22968622 -0.09121307
v -0.06801461 0.20845966 -0.09369260
v -0.07032441 0.18553054 -0.09061038
v -0.06440894 0.19177060 -0.09511371
v -0.08165077 0.20098907 -0.08030851
v -0.05888699 0.37064853 -0.02757398
v -0.06263589 0.39099780 -0.03227330
v -0.05620728 0.34924698 -0.05428676
v -0.07006964 -0.25879475 0.02374718
v -0.07786244 -0.26152843 0.03881979
v -0.05276256 -0.25705343 0.02410104
v -0.05726041 -0.25982919 0.04245755
v -0.09602495 -0.25971815 0.03431571
v -0.08353231 -0.25863582 0.01451664
v -0.05838646 -0.25858110 0.01217654
v -0.07336926 -0.26113522 0.01231810
v -0.04603160 -0.25433561 0.00878806
v -0.08774021 -0.25811517 0.00392345
v -0.09513016 -0.25817239 0.02876170
v -0.05223415 -0.25757882 0.00221708
v -0.04147543 -0.25205377 0.01648319
v -0.03657429 -0.25506523 0.00627947
v -0.04090023 -0.25088468 0.00001156
v -0.04231317 -0.24933034 -0.00733166
v -0.04972488 -0.25510800 0.04576777
v -0.09458424 -0.25463963 0.00039521
v -0.09453867 -0.24944066 -0.01051682
v -0.03501174 -0.24982308 -0.00178428
v -0.10413305 -0.26565436 0.04218326
v -0.04826241 -0.25392836 0.02468307
v -0.10054889 -0.25365973 0.02768231
v -0.09984328 -0.25154355 0.01233845
v -0.10851637 -0.26301894 0.04089704
v -0.10700168 -0.25727844 0.02980667
v -0.09829335 -0.27010611 0.05920232
v -0.05391039 -0.26253691 0.05050512
v -0.06252422 -0.26924530 0.04923308
v -0.06597415 -0.27207693 0.06038231
v -0.08312716 -0.27510089 0.04936066
v -0.08268452 -0.27513671 0.05966059
v -0.09074537 -0.27548930 0.05263000
v -0.09993183 -0.27090782 0.04760468
v -0.07004927 -0.27013296 0.04732921
v -0.08582665 -0.27114150 0.06675730
v -0.06697439 -0.26662216 0.06866840
v -0.11180923 -0.26461098 0.02674726
v -0.11178417 -0.26625288 0.03831648
v -0.03057813 0.19879425 -0.18505138
v 0.00054150 0.19877826 -0.18744679
v -0.01773634 0.19416219 -0.17828551
v 0.02710935 0.19518377 -0.18302973
v -0.05517676 0.19825658 -0.18319215
v 0.01418132 0.19325931 -0.17601830
v 0.02490682 0.19014657 -0.17439991
v 0.03651792 0.19181904 -0.17371486
v 0.05340707 0.19567133 -0.18323775
v 0.06664816 0.18967754 -0.17098905
v 0.06804062 0.19526519 -0.18015897
v 0.08026417 0.19263384 -0.17722841
v 0.08506034 0.18447842 -0.16738322
v 0.09862918 0.19131282 -0.17399341
v 0.10134847 0.18686377 -0.16391401
v 0.02786626 0.19801141 -0.18538141
v 0.10751076 0.19125912 -0.16201648
v 0.20460922 -0.04424877 0.00968759
v 0.19267482 -0.04117303 0.00585924
v 0.19621266 -0.06901821 0.01417775
v 0.20678316 -0.02024919 0.00883641
v 0.19958162 -0.01305927 0.00625207
v 0.19179833 -0.01377639 0.00257307
v 0.19168246 -0.04936336 0.00709916
v 0.18812525 -0.07658029 0.01152566
v 0.19614828 -0.08342661 0.01421682
v 0.18950325 -0.09737458 0.01058882
v 0.18348972 -0.06244928 0.00386368
v 0.18144326 -0.03343333 -0.00956261
v 0.18439569 -0.01340825 -0.00761112
v 0.18332069 -0.05085110 -0.00672482
v 0.18269514 -0.05727404 -0.00030777
v 0.18117942 -0.05729729 -0.00413091
v 0.18444325 -0.06710429 0.00366473
v 0.18816864 -0.08371165 0.00380045
v 0.20361449 -0.01469424 0.01049096
v 0.18878119 -0.09822550 -0.00106972
v 0.20814487 -0.04266225 0.00913637
v 0.20599496 -0.06333589 0.01154616
v 0.17489693 -0.06328917 0.00894265
v 0.17633562 -0.07175201 0.00563353
v 0.16050744 -0.07060570 0.00793365
v 0.16462684 -0.06350937 0.00868519
v 0.15522851 -0.06305674 0.01338465
v 0.15114544 -0.07183170 0.00959869
v -0.09581085 -0.24016953 0.07166783
v -0.09116114 -0.22405946 0.07164712
v -0.08315571 -0.25555393 0.07649224
v -0.08133346 -0.23432744 0.07504261
v -0.09366174 -0.25851721 0.07257861
v -0.10880606 -0.22172122 0.06199207
v -0.11138757 -0.23606351 0.05967424
v -0.11118472 -0.24698688 0.05620076
v -0.10323342 -0.25940654 0.06170187
v -0.08355106 -0.26288128 0.07391552
v -0.11168069 -0.22264658 0.05713639
v -0.09829335 -0.27010611 0.05920232
v -0.09394760 -0.20853837 0.06199074
v -0.10755677 -0.21388608 0.05677346
v -0.11331787 -0.21673223 0.05437445
v -0.11116779 -0.25488067 0.04965626
v -0.08582665 -0.27114150 0.06675730
v -0.07747950 -0.21684235 0.06971511
v -0.06813575 -0.23105933 0.07345215
v -0.06526425 -0.25906664 0.07227422
v -0.05751534 -0.22345410 0.06842785
v -0.05719936 -0.23835671 0.06841195
v -0.05778579 -0.21354501 0.06392052
v -0.07057771 -0.20811705 0.06292041
v -0.06697439 -0.26662216 0.06866840
v -0.11832743 -0.24870722 0.05878406
v -0.11543320 -0.23123121 0.06289169
v -0.05916035 -0.20816562 0.05907423
v -0.11460678 -0.26041862 0.04566739
v -0.10851637 -0.26301894 0.04089704
v -0.11178417 -0.26625288 0.03831648
v -0.18810090 -0.04701791 0.12605961
v -0.17895241 -0.04699788 0.13415153
v -0.18650596 -0.05714982 0.13363186
v -0.17864841 -0.05771657 0.13911046
v -0.19285545 -0.05676880 0.12545376
v -0.19883078 -0.05963109 0.11431558
v -0.19881801 -0.05070845 0.10943922
v -0.20525531 -0.06498978 0.11159430
v -0.20428802 -0.04941087 0.09622600
v -0.17603211 -0.05379073 0.14447251
v -0.18717055 -0.04374898 0.11980212
v -0.20398718 -0.03551956 0.08895601
v -0.19255954 -0.03224145 0.10243788
v -0.21000831 -0.05215846 0.09154246
v -0.19922303 -0.01795988 0.08742366
v -0.19064420 -0.01894101 0.09741013
v -0.20186599 -0.00568727 0.07787325
v -0.20788966 -0.06164712 0.09688667
v -0.20412341 -0.06268270 0.10525165
v -0.17703971 -0.04210256 0.13776988
v -0.20543683 -0.00856602 0.07918243
v -0.18120696 -0.00062560 0.09209538
v -0.17553827 -0.03219503 0.11839540
v -0.17884330 -0.04212527 0.12606432
v -0.17244045 -0.03360014 0.12352062
v -0.17943357 -0.02966913 0.10973082
v -0.20927443 -0.02906914 0.08357750
v -0.17271322 -0.06720205 0.14775558
v -0.17682682 -0.06955440 0.14429708
v -0.17244536 -0.01224430 0.10176583
v -0.17520799 0.00312049 0.09536922
v -0.16979881 0.00588819 0.10460646
v -0.16572249 -0.00939024 0.10865442
v -0.18453777 -0.00113710 0.08614489
v -0.18538429 -0.06049085 0.13802619
v -0.17080919 -0.02748611 0.12993412
v -0.16676950 -0.08296689 0.14806458
v -0.15965724 -0.08427426 0.15403992
v -0.16619895 -0.09130484 0.15257536
v -0.15867040 -0.08872745 0.15869968
v -0.16283070 -0.02728618 0.11033215
v -0.16750218 -0.03281849 0.11536605
v -0.19643089 -0.05866828 0.12327928
v -0.19980633 -0.06175662 0.12812303
v -0.16738886 -0.09237443 0.15799204
v 0.12767319 0.35983288 -0.09547882
v 0.12686750 0.34766892 -0.07582789
v 0.12781142 0.34882516 -0.09600266
v 0.12663911 0.36101615 -0.07609460
v 0.12449044 0.34605575 -0.06226350
v 0.12290384 0.36069500 -0.05918745
v 0.12303336 0.36515355 -0.07171873
v 0.12417761 0.36424407 -0.09781364
v 0.11487891 0.06456259 -0.06416833
v 0.11447068 0.04058363 -0.05183968
v 0.11359404 0.03840506 -0.07049047
v 0.11529722 0.04773324 -0.07695522
v 0.11420210 0.06559854 -0.07760552
v 0.11179460 0.03730359 -0.08294567
v 0.10990375 0.05398748 -0.09323053
v 0.11605974 0.04599404 -0.04986328
v 0.11660980 0.06626692 -0.04927183
v 0.10872179 0.06495569 -0.09154625
v 0.11151908 0.03387637 -0.05721869
v 0.10568532 0.03830168 -0.09288369
v 0.11098678 0.03516582 -0.04911204
v 0.12057718 0.06240308 -0.04413401
v 0.12071663 0.02531330 -0.04163352
v 0.12219243 0.03821342 -0.03938066
v 0.11637259 0.03454790 -0.04767742
v 0.11238954 0.06857820 -0.06024988
v 0.09105530 0.06938236 -0.10973482
v 0.09545818 0.05412262 -0.10605829
v 0.08311784 0.06901889 -0.12255711
v 0.08473192 0.04371819 -0.11794736
v 0.08960285 0.04105348 -0.11128107
v 0.09788068 0.03849819 -0.09962597
v 0.07654407 0.05101208 -0.12796474
v 0.07564390 0.06069021 -0.12988241
v 0.07245192 0.05129904 -0.13399145
v 0.06666703 0.04105241 -0.13301386
v 0.07323613 0.04057558 -0.12660305
v 0.08005986 0.03929754 -0.11996222
v 0.08458693 0.03847840 -0.11318616
v 0.06505808 0.06305473 -0.13753854
v 0.05921519 0.04689148 -0.13968424
v 0.11533657 0.02422277 -0.04381747
v 0.10105623 0.06988090 -0.09599651
v 0.04957445 0.06031710 -0.14279467
v 0.04939489 0.04881674 -0.14212352
v 0.05695952 0.06927392 -0.13734922
v 0.04748155 0.06308333 -0.14098196
v 0.03842659 0.07015718 -0.14090385
v 0.02717027 0.06371119 -0.14458023
v 0.00045282 0.06647812 -0.14693028
v 0.01657161 0.03705412 -0.14529806
v 0.00168974 0.03689728 -0.14658298
v 0.22704639 -0.06523865 -0.01894047
v 0.22788045 -0.05631086 -0.01160926
v 0.22322129 -0.06380960 -0.00921104
v 0.23515545 -0.06386220 -0.02728480
v 0.23074037 -0.04987555 -0.01388044
v 0.23255239 -0.07472908 -0.02781546
v 0.21783276 -0.05165091 0.00284612
v 0.21907993 -0.04354492 0.00500190
v 0.21989213 -0.06911886 -0.00622765
v 0.21930976 -0.07815395 -0.01314110
v 0.21285346 -0.09107456 -0.00939846
v 0.21748006 -0.08991788 -0.02036097
v 0.21200997 -0.10750815 -0.02400918
v 0.22799371 -0.04186678 -0.00374961
v 0.23513305 -0.04295382 -0.01531619
v 0.20496079 -0.11070670 -0.01842523
v 0.23895299 -0.04395921 -0.02597993
v 0.23611671 -0.05178214 -0.02906865
v 0.23984067 -0.05844435 -0.03862179
v 0.23781103 -0.06696508 -0.04300907
v 0.23353720 -0.06079327 -0.03342227
v 0.23892032 -0.07235889 -0.05205486
v 0.22972138 -0.02189261 -0.00517726
v 0.23733512 -0.01493745 -0.02092639
v 0.23113397 -0.00459785 -0.00802405
v 0.22027621 -0.00808584 0.00585582
v 0.22551382 -0.00284257 0.00118912
v 0.23330103 -0.00128694 -0.01022618
v 0.21782176 -0.02804458 0.00571744
v 0.23285899 -0.07780622 -0.03780468
v 0.23932877 -0.02244873 -0.03324038
v 0.23191513 -0.08072583 -0.05306564
v 0.21325189 -0.10368024 -0.02816164
v 0.23029247 -0.08820121 -0.06475744
v 0.23281078 -0.08321085 -0.03483799
v 0.22566378 -0.08993424 -0.03139612
v 0.22500065 -0.09886063 -0.03866324
v 0.22682184 -0.09745984 -0.04533101
v 0.21943112 -0.10835949 -0.05006570
v 0.23280321 -0.08351636 -0.06496548
v 0.23961999 -0.04906195 -0.04107749
v 0.23940960 -0.05928328 -0.04793591
v 0.23417170 0.00073446 -0.02566822
v 0.21483466 -0.11043216 -0.04409699
v 0.20136255 -0.11796588 -0.02780566
v 0.23265667 -0.06879195 -0.04071052
v 0.21634646 -0.06661277 -0.00341976
v 0.21461605 -0.05984921 -0.00114729
v 0.21121973 -0.06305305 0.00446420
v 0.20599496 -0.06333589 0.01154616
v 0.20654261 -0.07484087 0.00775613
v 0.19614828 -0.08342661 0.01421682
v 0.19949150 -0.08916234 0.01046488
v 0.20814487 -0.04266225 0.00913637
v 0.21601902 -0.01239319 0.00779535
v 0.20991388 -0.07916456 -0.00436747
v 0.20548876 -0.11479383 -0.03323374
v 0.20089151 -0.10436644 -0.01260763
v 0.18950325 -0.09737458 0.01058882
v 0.19454275 -0.10192788 0.00449488
v 0.21635178 -0.10006232 -0.03629384
v 0.21216270 -0.11305854 -0.05221183
v 0.20678316 -0.02024919 0.00883641
v 0.20361449 -0.01469424 0.01049096
v 0.19715942 -0.11392014 -0.02101007
v 0.22094114 -0.06628887 -0.01686152
v 0.21611799 -0.07396041 -0.02876713
v 0.21683684 -0.08356194 -0.04118000
v 0.21523094 -0.08913267 -0.03532361
v 0.21958524 -0.06924289 -0.03666535
v 0.20983483 -0.09907040 -0.04445812
v 0.21015286 -0.10125411 -0.05236904
v 0.20643501 -0.11094657 -0.05222482
v 0.20812285 -0.10759576 -0.04449976
v 0.21938242 -0.08476952 -0.04494214
v 0.21503679 -0.05694855 -0.03052547
v 0.21531188 -0.06526021 -0.02285182
v 0.22098605 -0.05498158 -0.03623621
v 0.10042498 0.31544071 -0.04712697
v 0.08435771 0.30359408 -0.05124218
v 0.08878436 0.30184087 -0.05257080
v 0.09839947 0.29370189 -0.05653128
v 0.08373222 0.31943083 -0.04506632
v 0.08387055 0.29098248 -0.05926494
v 0.09402581 0.33077189 -0.03738875
v 0.08550932 0.32697192 -0.04030010
v 0.07918955 0.32754904 -0.03917856
v 0.08478803 0.27662513 -0.06038879
v 0.08413254 0.30080938 -0.05520703
v 0.08271511 0.31300291 -0.04655176
v 0.08493457 0.32891685 -0.03519539
v -0.04546626 -0.23003328 0.04928347
v -0.04532402 -0.24682337 0.04178024
v -0.04685408 -0.24180479 0.05278447
v -0.04524231 -0.23136015 0.04078355
v -0.04431899 -0.24133097 0.02636178
v -0.04422579 -0.23098430 0.02369998
v -0.04826241 -0.25392836 0.02468307
v -0.04888900 -0.22833653 0.05761310
v -0.05044840 -0.21859406 0.05653151
v -0.04972488 -0.25510800 0.04576777
v -0.05413185 -0.25972638 0.05920172
v -0.05391039 -0.26253691 0.05050512
v -0.05719936 -0.23835671 0.06841195
v -0.04147543 -0.25205377 0.01648319
v -0.05751534 -0.22345410 0.06842785
v -0.06526425 -0.25906664 0.07227422
v -0.05778579 -0.21354501 0.06392052
v -0.06697439 -0.26662216 0.06866840
v -0.03618547 -0.23114927 0.01597380
v -0.06597415 -0.27207693 0.06038231
v -0.05916035 -0.20816562 0.05907423
v -0.03957273 -0.24147752 0.02366232
v -0.24337925 0.03760668 0.07769284
v -0.23974442 0.00748324 0.07807427
v -0.24339810 0.01064455 0.09072170
v -0.24601342 0.03815619 0.08934174
v -0.23861723 0.03090817 0.06901406
v -0.23619315 -0.00879315 0.08790791
v -0.23204483 -0.01272257 0.07847255
v -0.23248632 0.01654924 0.06422536
v -0.22932661 -0.00352013 0.06840409
v -0.23962025 0.00105423 0.10275043
v -0.24437784 0.04817403 0.09216698
v -0.05489706 -0.41257045 -0.03639672
v -0.04802900 -0.40326205 -0.05201572
v -0.03825502 -0.40802142 -0.04056273
v -0.03233220 -0.40149513 -0.05534028
v -0.03936455 -0.39849395 -0.06242285
v -0.06343037 -0.40792364 -0.05266103
v -0.07249691 -0.41275108 -0.04036080
v -0.04648399 -0.39993939 -0.06401670
v -0.04176963 -0.39640427 -0.07553667
v -0.02911878 -0.40097558 -0.05110544
v -0.04930453 -0.40236843 -0.06929571
v -0.07126714 -0.41179448 -0.04587199
v -0.04594816 -0.39895126 -0.07372552
v -0.03001741 -0.38035491 -0.06206585
v -0.09816164 0.05561396 -0.09642707
v -0.09067064 0.05827020 -0.11105507
v -0.09963812 0.03394390 -0.09511869
v -0.09195499 0.03370398 -0.10770231
v -0.09469466 0.06608864 -0.10032687
v -0.10058883 0.06452241 -0.08399776
v -0.09985931 0.03790020 -0.08591047
v -0.10243861 0.03831393 -0.07869284
v -0.10689414 0.06088747 -0.07203984
v -0.10723738 0.02555559 -0.07287508
v -0.10842751 0.04572403 -0.06376342
v -0.10729672 0.06055741 -0.05452626
v -0.10713525 0.02301241 -0.05596093
v -0.11036843 0.04792638 -0.04823746
v -0.10856694 0.01539290 -0.04447637
v -0.11016437 0.01811151 -0.03510507
v -0.11193750 0.05504825 -0.03266929
v -0.08512347 0.06826171 -0.11297903
v -0.07539556 0.06777834 -0.12341591
v -0.06757407 0.05846026 -0.13128985
v -0.08435571 0.04136654 -0.11326756
v -0.06301350 0.06865622 -0.13369070
v -0.06193051 0.06398766 -0.13741803
v -0.06290952 0.04766455 -0.13661028
v -0.06642152 0.04010122 -0.12836531
v -0.05989689 0.03993830 -0.13598624
v -0.04268736 0.04971041 -0.14403673
v -0.04375875 0.06023380 -0.14358039
v -0.04689570 0.06944855 -0.13858946
v -0.04066194 0.06409941 -0.14129418
v -0.02278957 0.06948698 -0.14269868
v 0.00045282 0.06647812 -0.14693028
v -0.01179259 0.03681241 -0.14512102
v -0.08365645 0.34781784 -0.01949093
v -0.11063652 0.34538293 -0.00591056
v -0.08580262 0.34577182 -0.00512937
v -0.11125477 0.34543407 -0.01892658
v -0.08794526 0.34156811 0.00702734
v -0.11431038 0.34190664 0.00574389
v -0.08709460 0.33542848 0.01894460
v -0.10678570 0.33573914 0.01936306
v -0.12267004 0.33106762 0.01884347
v -0.12893364 0.33840424 -0.00627886
v -0.12688053 0.33950111 -0.01699351
v -0.13192876 0.33184212 0.00830646
v -0.10560415 0.32790139 0.02767607
v -0.14108232 0.32822907 -0.00343430
v -0.08471603 0.32260630 0.03112149
v -0.11857904 0.31886327 0.03072835
v -0.13938510 0.31647152 0.01863832
v -0.14605030 0.31867269 0.00608488
v -0.07648946 0.35345009 -0.02031725
v -0.07185724 -0.24678075 -0.00275915
v -0.08880687 -0.23392572 -0.00787102
v -0.09453867 -0.24944066 -0.01051682
v -0.06287532 -0.22885880 -0.00595964
v -0.06070397 -0.25164783 0.00432538
v -0.07336926 -0.26113522 0.01231810
v -0.08774021 -0.25811517 0.00392345
v -0.09244360 0.39480767 -0.08893853
v -0.09135898 0.39294654 -0.06431557
v -0.08174863 0.39463714 -0.07285757
v -0.08306058 0.39547750 -0.08451965
v -0.07980669 0.39266646 -0.06210038
v -0.08419725 0.40121043 -0.09595018
v -0.09172209 0.39944768 -0.09816821
v -0.08344654 0.40497670 -0.10898253
v -0.09146839 0.39991942 -0.10868026
v -0.04231317 -0.24933034 -0.00733166
v -0.03985139 -0.24178086 -0.00833050
v -0.04766377 -0.22976640 -0.01007872
v -0.04195256 -0.23272778 -0.01211829
v 0.14851058 0.26888543 0.07058756
v 0.12987113 0.26619273 0.06575891
v 0.14351635 0.25884137 0.05903203
v 0.13615598 0.27306622 0.07635545
v 0.11905220 0.27539268 0.07552436
v 0.11803295 0.25558639 0.05727823
v 0.10607457 0.26133987 0.06219705
v 0.10992900 0.24950376 0.05134191
v 0.11676780 0.24334456 0.04948119
v 0.10596109 0.27018777 0.06866213
v 0.16141298 0.26220846 0.05644998
v 0.15544093 0.26777402 0.06594925
v 0.09739316 0.26030916 0.06537508
v 0.14190091 0.24492158 0.05257737
v 0.15679243 0.25348744 0.05337807
v 0.13200407 0.22843251 0.04537998
v 0.15634355 0.22348818 0.04752259
v 0.14622594 0.21316716 0.04103514
v 0.09947258 0.27960306 0.07094850
v 0.10816610 0.28677303 0.07645148
v 0.15857454 0.23549984 0.05020183
v 0.17132884 0.22219896 0.04557354
v 0.16241555 0.19683015 0.03951593
v 0.17422649 0.20341770 0.04163595
v 0.17349936 0.18727303 0.03721181
v 0.15512356 0.17533523 0.02698409
v 0.16981834 0.17307223 0.02925977
v 0.18528602 0.18137476 0.03324348
v 0.16768573 0.24165544 0.05041809
v 0.19621535 0.18880658 0.03309412
v 0.19340979 0.18044885 0.03143924
v 0.15124132 0.19470325 0.03605713
v 0.12351713 0.28318095 0.07608014
v 0.18168713 0.17204617 0.03287026
v 0.17568405 0.16513276 0.02755472
v 0.19510598 0.17027140 0.02899745
v 0.20563900 0.17807859 0.02715364
v 0.16167749 0.24633758 0.05039386
v 0.20242420 0.15863258 0.02278371
v 0.19095176 0.21511018 0.03737366
v 0.19282867 0.20844004 0.03500468
v 0.15774238 0.16449872 0.01894339
v 0.14763995 0.18927033 0.02977943
v 0.13625726 0.21164697 0.03587962
v 0.08959195 0.29422909 0.07037784
v 0.09273695 0.27321222 0.07122649
v 0.12102401 0.22522454 0.03762091
v 0.14331202 0.19337097 0.03080852
v 0.14754355 0.17054845 0.01910940
v 0.11172748 0.23513962 0.03981695
v 0.09682566 0.30280021 0.07259133
v 0.16724606 0.26408336 0.05443283
v 0.17327240 0.25605446 0.04662628
v 0.18002626 0.23262011 0.04264341
v 0.12216984 0.30473545 0.07300647
v 0.11288092 0.31469494 0.07243945
v 0.20359896 0.19873215 0.02963325
v 0.21137781 0.16358785 0.01791443
v 0.08862653 0.30993423 0.06870012
v 0.13749053 0.30984685 0.06638248
v 0.14501980 0.28098673 0.06652829
v 0.14830561 0.15914333 0.00726360
v 0.12755086 0.32477912 0.06631286
v 0.13834137 0.18651009 0.01991902
v 0.21706325 0.17996672 0.01748058
v 0.19005828 0.23678437 0.03449911
v 0.11203285 0.33271185 0.06505821
v 0.10073818 0.33030340 0.06332617
v 0.08842400 0.31874973 0.06504171
v 0.14538504 0.31403783 0.06011676
v 0.20358349 0.14911717 0.02688258
v 0.21850157 0.15852296 0.01854706
v 0.22241035 0.15419887 0.01713400
v 0.21494965 0.14748450 0.01989169
v 0.22671381 0.14856653 0.00560492
v 0.15665539 0.30395833 0.05138312
v 0.16228487 0.28315929 0.05164501
v 0.13147065 0.19951203 0.02197838
v 0.12326454 0.21583161 0.02475430
v 0.14053006 0.16586237 0.00629068
v 0.11431628 0.22613710 0.03125976
v 0.11663175 0.21859206 0.01822265
v 0.08821119 0.33267289 0.05566375
v 0.13316537 0.18549164 0.00907802
v 0.11883619 0.20970643 0.00266527
v 0.08937293 0.34261811 0.04905425
v 0.13939267 0.16260859 -0.00588457
v 0.12376614 0.34439909 0.05289812
v 0.13415861 0.17120454 -0.00436158
v 0.12981319 0.18616654 -0.00306430
v 0.11889975 0.20799762 -0.00280403
v -0.01082031 -0.08279626 -0.01846157
v 0.01560691 -0.07964292 -0.01813035
v 0.01212142 -0.08020163 -0.00676009
v 0.02188077 -0.07769088 -0.00525912
v 0.02487305 -0.07904553 -0.02254488
v 0.02901057 -0.07704099 -0.03839935
v -0.01348941 -0.08008543 -0.00750040
v -0.00045712 -0.07712673 -0.03355784
v 0.01442904 -0.06870505 -0.06001025
v 0.00046685 -0.07002559 -0.05608328
v -0.00876020 -0.07437713 -0.05174308
v 0.03076697 -0.07199777 -0.06194984
v -0.00200435 -0.05257356 -0.09059665
v 0.02456983 -0.06097961 -0.08187895
v -0.01907524 -0.05928071 -0.08195775
v -0.02775877 -0.06940892 -0.06795125
v -0.02723496 -0.04954863 -0.09650753
v 0.02324240 -0.05214073 -0.09417406
v 0.04794091 -0.06580153 -0.08193605
v -0.03464907 -0.06582484 -0.07953908
v 0.05182237 -0.08076403 -0.06311680
v -0.01634687 -0.07936540 -0.04783366
v -0.01492556 -0.08366176 -0.03471036
v 0.05058416 -0.08251176 -0.06011121
v 0.03974165 -0.08058631 -0.04990610
v 0.07428065 -0.10037176 -0.05537609
v 0.03108998 -0.07996017 -0.03486988
v 0.00657767 -0.07709619 0.00173679
v 0.05660620 -0.09998807 -0.04800651
v 0.04298758 -0.09196108 -0.04243690
v 0.05671096 -0.12706622 -0.03058266
v 0.04132649 -0.12723389 -0.01725781
v 0.05806931 -0.14890592 -0.01593563
v 0.04362013 -0.14931840 -0.00027465
v 0.06290697 -0.17473772 0.00100849
v 0.05551750 -0.17871746 0.01099942
v 0.04794928 -0.17080988 0.01451623
v -0.01982728 -0.07130879 0.00558114
v -0.15796587 -0.03102167 0.12888074
v -0.17080919 -0.02748611 0.12993412
v -0.16205887 -0.03228146 0.13088918
v -0.14457123 -0.04755504 0.13798009
v -0.13712485 -0.04262645 0.13377617
v -0.16763638 -0.01258719 0.12594363
v -0.15789163 -0.04245214 0.13216335
v -0.13593824 -0.05034570 0.13441303
v 0.11473402 0.25869998 -0.04001581
v 0.13079834 0.25078240 -0.03722960
v 0.11630972 0.24226519 -0.02956774
v 0.14344455 0.25940576 -0.03994194
v 0.13373233 0.26709068 -0.04382497
v 0.15966326 0.25950623 -0.03824301
v 0.11936126 0.27283221 -0.04461026
v 0.10994434 0.27331629 -0.04306656
v 0.11509486 0.28854907 -0.04417649
v 0.10333762 0.30143464 -0.04161373
v 0.12896703 0.29490483 -0.04147309
v 0.11296570 0.31488967 -0.03832759
v 0.09748899 0.31279719 -0.03865739
v 0.10184783 0.28905430 -0.04460014
v 0.15150101 0.28643805 -0.03639853
v 0.16022071 0.25058877 -0.04091464
v 0.15172890 0.23989859 -0.04259157
v 0.17035224 0.23168118 -0.04004531
v 0.16114898 0.21794461 -0.04225760
v 0.17698056 0.21699587 -0.04163722
v 0.16114239 0.20280500 -0.04041148
v 0.17734425 0.21150489 -0.04067568
v 0.17878696 0.19430652 -0.04372864
v 0.19609067 0.20157103 -0.03973343
v 0.18927144 0.18940572 -0.04116767
v 0.13955319 0.23646370 -0.04022758
v 0.17745683 0.18553646 -0.04251257
v 0.16059363 0.18604776 -0.03993075
v 0.12309494 0.24571845 -0.03372749
v 0.14889458 0.19889373 -0.03564432
v 0.17059872 0.26194751 -0.03452251
v 0.19876774 0.19182968 -0.03750030
v 0.12992719 0.32518932 -0.02974884
v 0.18872596 0.21911210 -0.03468286
v 0.17218888 0.26759270 -0.03106026
v 0.18781550 0.22511648 -0.03481783
v 0.17539808 0.25183386 -0.03322130
v 0.10558973 0.32846937 -0.03158606
v 0.09755134 0.26926541 -0.05320186
v 0.12161253 0.33473492 -0.02633761
v 0.09548461 0.32794413 -0.03038816
v 0.08415554 0.29058364 -0.05516338
v 0.10295043 0.25062132 -0.05352662
v 0.08435771 0.30359408 -0.05124218
v 0.08271511 0.31300291 -0.04655176
v 0.08493457 0.32891685 -0.03519539
v 0.07918955 0.32754904 -0.03917856
v 0.19198002 0.18280990 -0.04574456
v 0.16992311 0.17371820 -0.04743858
v 0.20577335 0.18439876 -0.04140601
v 0.08478803 0.27662513 -0.06038879
v 0.08946804 0.26538768 -0.06256666
v 0.09391795 0.24974780 -0.06622053
v 0.08255573 0.33668679 -0.02962435
v 0.10867771 0.24507248 -0.04765859
v 0.10607286 0.23888107 -0.05109677
v 0.16065753 0.17932397 -0.03710825
v 0.14957361 0.18409772 -0.03420724
v 0.15155257 0.17500134 -0.03244315
v 0.13159221 0.22250038 -0.03312953
v 0.09580716 0.23431633 -0.07126760
v 0.16021481 0.17090887 -0.04310231
v 0.14125390 0.17411944 -0.02491606
v 0.14466113 0.16739532 -0.02470595
v 0.13666071 0.19515619 -0.02379259
v 0.11668424 0.23378345 -0.02320861
v 0.14599556 0.16142109 -0.03169819
v 0.15304063 -0.48152345 0.09680279
v 0.14179794 -0.49322331 0.10077905
v 0.15313329 -0.49313417 0.09406921
v 0.13989158 -0.48221236 0.10346088
v 0.14940383 -0.46796942 0.09818075
v 0.13931377 -0.46744955 0.10245397
v 0.12781315 -0.47680977 0.10523003
v 0.12708628 -0.49353996 0.10322889
v 0.12215500 -0.46397567 0.10277176
v 0.14288451 -0.45429543 0.09537347
v 0.12613831 -0.45016903 0.09596568
v 0.11600003 -0.47723475 0.10318462
v 0.11007634 -0.49318936 0.09963206
v 0.10128325 -0.46390542 0.09580640
v 0.10951387 -0.45186067 0.09460772
v 0.14502533 -0.49570718 0.10207421
v 0.12589097 -0.49859163 0.10607298
v 0.10497832 -0.49787009 0.10452840
v 0.09664877 -0.47245532 0.09351677
v 0.09680019 -0.49334505 0.09284460
v 0.09725308 -0.44855466 0.08641694
v 0.08375836 -0.46365121 0.08138461
v 0.11136744 -0.44005811 0.08509313
v 0.07963609 -0.45069674 0.07215638
v 0.08487383 -0.43887702 0.06894703
v 0.10052463 -0.43098825 0.07048526
v 0.08114730 -0.42164794 0.04884848
v 0.06486493 -0.42512465 0.03933090
v 0.06324051 -0.41111606 0.03413623
v 0.08037975 -0.41023493 0.04095780
v 0.09287913 -0.41763851 0.05074938
v 0.06162125 -0.39676896 0.03110618
v 0.07552305 -0.39899358 0.03558833
v 0.05455762 -0.39386857 0.02711380
v 0.07480976 -0.39608553 0.03606314
v 0.08327063 -0.39248571 0.03348687
v 0.11603766 -0.42084748 0.05236871
v 0.12474184 -0.43626875 0.07960699
v 0.13742514 -0.43584919 0.07293986
v 0.10580861 -0.42169309 0.05700894
v 0.14165363 -0.44465721 0.08602296
v 0.14360151 -0.43569267 0.06739958
v 0.13166775 -0.41899943 0.03535465
v 0.10713977 -0.40896115 0.03867752
v 0.12711737 -0.40731823 0.02026242
v 0.14135669 -0.42842990 0.04851077
v 0.09117895 -0.40688920 0.03974285
v 0.10567736 -0.40032336 0.03088399
v 0.15668486 -0.45428252 0.08358621
v 0.15444496 -0.43998584 0.05861484
v 0.13526821 -0.41657314 0.02379385
v 0.14559123 -0.42892474 0.03643440
v 0.11755236 -0.39974567 0.02179701
v 0.12639442 -0.39652857 0.00955290
v 0.09061456 -0.39650401 0.03353188
v 0.16345766 -0.45657599 0.07110649
v 0.13518205 -0.41433692 0.01306682
v 0.10808571 -0.39196414 0.02637758
v 0.09878769 -0.39167753 0.03043237
v 0.16347831 -0.47566912 0.08508109
v 0.11575891 -0.39390829 0.02253050
v 0.12254852 -0.39473799 0.01557348
v 0.16284697 -0.49310118 0.08292063
v 0.06841527 0.02528230 0.02935789
v 0.07735611 0.02273107 0.02545612
v 0.07191028 0.02502674 0.03437719
v 0.07746358 0.02440244 0.03928037
v 0.05759331 0.02816687 0.03657494
v 0.06352303 0.02525260 0.04553364
v 0.05015771 0.02869463 0.04105319
v 0.04670823 0.02692410 0.05324470
v 0.04387482 0.02803362 0.04448273
v 0.03936030 0.02717466 0.04858584
v 0.08221677 0.02106700 0.03385362
v 0.03911317 0.03142322 0.05798888
v 0.06866127 0.02812089 0.04957676
v 0.02612098 0.02807123 0.06043350
v 0.02427909 0.02572756 0.05013289
v -0.00034514 0.02581641 0.05225436
v 0.00980737 0.02565142 0.05852912
v -0.01428595 0.02779829 0.06062024
v -0.02124814 0.02647317 0.05554770
v 0.00340215 0.02830755 0.06433803
v 0.03667237 0.02316256 0.04541380
v -0.01456891 0.02113891 0.04972919
v -0.02303759 0.02543410 0.04877289
v -0.02995943 0.02893282 0.05645835
v -0.03021907 0.02418361 0.04686874
v -0.04343124 0.03018930 0.05338920
v -0.04204348 0.02639137 0.04053532
v -0.04604926 0.02799118 0.04031919
v -0.05652741 0.02680820 0.03211374
v 0.08257645 0.02678643 0.03829489
v 0.08619507 0.02005887 0.03304347
v 0.07906681 0.01925651 0.02262072
v 0.08692221 0.01530994 0.02797781
v 0.09468465 0.01386469 0.01946178
v 0.09141918 0.01687986 0.02905578
v 0.09870575 0.01714309 0.02397848
v 0.10651618 0.01612837 0.01162608
v 0.09972423 0.01379610 0.01018213
v 0.10687149 0.01400717 0.00158503
v 0.08940335 0.01627168 0.01215535
v 0.07468767 0.01946048 0.02423521
v 0.09280297 0.01417992 0.00627775
v 0.11158971 0.01722628 0.00562264
v 0.11445083 0.01917946 -0.00431521
v 0.10806622 0.01754093 -0.00689813
v 0.11610758 0.02043020 -0.01906414
v 0.10993164 0.02187406 -0.02129769
v 0.10203371 0.02050197 -0.00994632
v 0.10437392 0.02214442 -0.03565867
v 0.09710817 0.01846484 0.00183255
v 0.19510598 0.17027140 0.02899745
v 0.17568405 0.16513276 0.02755472
v 0.18832448 0.15473039 0.02396921
v 0.20242420 0.15863258 0.02278371
v 0.16734262 0.15683785 0.02249816
v 0.17593643 0.15107010 0.02210187
v 0.16144839 0.14228305 0.01561582
v 0.15343224 0.14990938 0.01464218
v 0.14886221 0.13812162 0.00593563
v 0.14426658 0.14757553 0.00808184
v 0.15774238 0.16449872 0.01894339
v 0.20968518 0.00048140 0.02119190
v 0.20310885 -0.01235500 0.01636017
v 0.22038747 -0.00981206 0.01730241
v 0.22399536 0.00573218 0.02029072
v 0.20792466 0.01841503 0.02343453
v 0.22102942 0.02571435 0.02217864
v 0.19197890 0.01940129 0.02101173
v 0.19315904 0.00295865 0.01830810
v 0.19070806 0.04024548 0.02060194
v 0.20315765 0.04404426 0.02225203
v 0.21773151 0.04593275 0.02006403
v 0.17867644 0.02605548 0.01618261
v 0.17691661 0.03964471 0.01513322
v 0.17619509 0.01367857 0.01328047
v 0.19136177 -0.01471194 0.01147836
v 0.17957446 -0.00321591 0.01023725
v 0.16707289 0.03934539 0.00892991
v 0.17716144 -0.01424784 0.00266358
v 0.16746436 0.00745361 0.00371478
v 0.19068827 0.04779697 0.01688958
v 0.18334052 -0.01782735 0.00294409
v 0.15956569 0.03622024 -0.00184944
v 0.23504747 0.01971007 0.01539462
v 0.22694963 -0.00854912 0.01402773
v 0.23332384 0.03520704 0.01429161
v 0.23218943 0.00062288 0.01365766
v 0.22845457 0.04886507 0.01298113
v 0.21994597 0.05436398 0.01276923
v 0.16689631 -0.00151519 -0.00594259
v 0.16049761 0.02090034 -0.00624633
v 0.17360036 -0.01482267 -0.00830717
v 0.14895016 0.12717116 0.00712756
v 0.14531599 0.11190818 -0.00505258
v 0.15177979 0.10310915 0.00678378
v 0.14311485 0.13695429 -0.00564224
v 0.15711026 0.07330237 0.00392416
v 0.14956343 0.09107019 -0.00588546
v 0.16287531 0.04251020 -0.00581419
v 0.16609335 0.04365845 0.00227435
v 0.16228497 0.06642315 0.00796093
v 0.13760060 0.14759521 -0.00619822
v 0.13939267 0.16260859 -0.00588457
v 0.16028327 0.11012644 0.01656615
v 0.17516583 0.04459996 0.01068762
v 0.16949378 0.06525993 0.01358808
v 0.16082391 0.13705952 0.01724738
v 0.17543063 0.08056416 0.02006368
v 0.14830561 0.15914333 0.00726360
v 0.13598357 0.15142611 -0.01736134
v 0.17331120 0.13840643 0.02370209
v 0.17395771 0.11692483 0.02362406
v 0.18596075 0.14071275 0.02735607
v 0.18904547 0.08963693 0.02412311
v 0.20358349 0.14911717 0.02688258
v 0.20223317 0.08350874 0.02215213
v 0.20311710 0.05083371 0.01757930
v 0.20560357 0.10529999 0.02340387
v 0.20441772 0.13100295 0.02359299
v 0.21298708 0.07361721 0.01757407
v 0.21684071 0.12428015 0.01902522
v 0.21376860 0.13473454 0.02103397
v 0.22917895 0.12869446 0.02128015
v 0.23457536 0.13753822 0.01786789
v 0.21494965 0.14748450 0.01989169
v 0.22020811 0.09878530 0.01711737
v 0.22142659 0.14114632 0.01604629
v 0.23544882 0.12797892 0.01715220
v 0.22390836 0.12259960 0.01326558
v 0.22844462 0.05609272 0.00495306
v 0.18439569 -0.01340825 -0.00761112
v 0.18516926 -0.02218966 -0.01665477
v 0.18144326 -0.03343333 -0.00956261
v 0.18174641 -0.03255465 -0.01450413
v 0.18417160 -0.00932939 -0.01639742
v 0.18420283 -0.01404464 -0.00326232
v 0.19826573 -0.01377993 -0.03229677
v 0.19484225 -0.00437313 -0.03245533
v 0.19630866 -0.02910069 -0.02461629
v 0.22010952 -0.02800333 -0.04390331
v 0.21048044 -0.03429698 -0.03407854
v 0.22016490 -0.04163452 -0.04317934
v 0.22576477 -0.04926275 -0.04747249
v 0.22432248 -0.05610976 -0.04427165
v 0.20335257 -0.00402390 -0.03788543
v 0.22098605 -0.05498158 -0.03623621
v 0.21503679 -0.05694855 -0.03052547
v 0.20350733 -0.03506074 -0.02631966
v 0.20029184 -0.04977114 -0.01614925
v 0.20747162 -0.06330562 -0.01702729
v 0.18777578 -0.04147679 -0.01519096
v 0.18332069 -0.05085110 -0.00672482
v 0.19054919 -0.06419255 -0.00444785
v 0.21531188 -0.06526021 -0.02285182
v 0.21444829 -0.06746648 -0.01953431
v 0.18712904 -0.00543064 -0.02382175
v 0.20230223 -0.05530915 -0.01155332
v 0.20399156 -0.06726401 -0.01022622
v 0.18373768 -0.06483255 -0.00270093
v 0.18117942 -0.05729729 -0.00413091
v 0.21288514 -0.00534491 -0.04099904
v 0.21512854 -0.00213047 -0.04353394
v 0.20018385 -0.08640929 -0.01569246
v 0.22682290 -0.06537406 -0.05301971
v 0.22444931 -0.06914740 -0.05138277
v 0.22731097 -0.06223712 -0.03759967
v 0.21958524 -0.06924289 -0.03666535
v 0.22536403 -0.08306614 -0.04459972
v 0.20295183 -0.08916061 -0.02146495
v 0.20568377 -0.09443810 -0.02822553
v 0.21328847 -0.08783130 -0.02540548
v 0.19416773 -0.10530613 -0.02222744
v 0.19581790 -0.11265425 -0.02967886
v 0.20646216 -0.10642856 -0.03304299
v 0.20548876 -0.11479383 -0.03323374
v 0.20136255 -0.11796588 -0.02780566
v 0.22902973 -0.01996911 -0.04372833
v 0.23138432 -0.05057785 -0.04849150
v 0.23080367 -0.06529446 -0.05668117
v 0.22355387 -0.00440538 -0.04120129
v 0.21331520 -0.09564096 -0.02896046
v 0.22111730 -0.07820108 -0.05697949
v 0.22432593 -0.07563996 -0.06698014
v 0.22705765 0.00136210 -0.04270829
v 0.21606517 -0.08312296 -0.07596710
v 0.22335313 -0.08460934 -0.07980449
v 0.21557964 -0.09052587 -0.07763892
v 0.22358420 -0.08968431 -0.08010803
v 0.09680019 -0.49334505 0.09284460
v 0.07615615 -0.49760562 0.09199147
v 0.11007634 -0.49318936 0.09963206
v 0.08629904 -0.49265227 0.08467501
v 0.07515521 -0.49325269 0.07732093
v 0.07667699 -0.48935726 0.07159954
v 0.10497832 -0.49787009 0.10452840
v 0.12708628 -0.49353996 0.10322889
v 0.07227121 -0.49956578 0.08850776
v 0.06990382 -0.49748155 0.07409260
v 0.06509018 -0.49292213 0.06046191
v 0.09872779 -0.49951074 0.10206368
v -0.23896407 0.04645861 0.08991881
v -0.23426537 0.03128339 0.09141723
v -0.23354810 0.03004597 0.08515057
v -0.23414746 0.03443725 0.10015745
v -0.23494785 0.03848884 0.10397407
v -0.23989737 0.04160471 0.07871026
v -0.23548600 0.03358791 0.07372081
v -0.23641314 0.05314875 0.10240270
v -0.23819262 0.05795627 0.10488769
v -0.23094261 0.02853336 0.07726986
v -0.23282254 0.02875161 0.06587473
v -0.22666892 0.02675928 0.06807674
v -0.22764266 0.02275600 0.06099686
v -0.22868361 0.04282571 0.10792273
v -0.22136156 0.03308631 0.06493402
v -0.21845484 0.02846317 0.05738572
v -0.22666892 0.02675928 0.06807674
v -0.23094261 0.02853336 0.07726986
v -0.21082518 0.03589843 0.05895733
v -0.22764266 0.02275600 0.06099686
v -0.14650057 0.17067285 -0.03081951
v -0.15098530 0.15708858 -0.02261931
v -0.16250105 0.15869899 -0.03257851
v -0.14195009 0.16351150 -0.01846577
v -0.15037547 0.15357029 -0.01986042
v -0.13031249 0.18256953 -0.01588425
v -0.14012356 0.18326421 -0.03131835
v -0.15196329 0.19046436 -0.04201832
v -0.16683953 0.16630372 -0.03780032
v -0.15993741 0.17853893 -0.03996573
v -0.17786066 0.15407884 -0.03347672
v -0.16771369 0.19065323 -0.04506161
v -0.17959262 0.17248404 -0.04028611
v -0.18879135 0.16410436 -0.03747514
v -0.18009999 0.17986554 -0.04025373
v -0.16717272 0.19800042 -0.04524159
v -0.14096105 0.18971206 -0.03890804
v -0.14958513 0.19439863 -0.04509212
v -0.13194205 0.21473813 -0.04955821
v -0.11935670 0.21728633 -0.04483303
v -0.16037522 0.19883363 -0.04827342
v -0.14421834 0.22021072 -0.05314898
v -0.13373078 0.18634862 -0.03061348
v -0.13439052 0.22072276 -0.05084921
v -0.11140978 0.23768814 -0.05585533
v -0.10149381 0.23439416 -0.04900934
v -0.13123104 0.23879811 -0.05855422
v -0.11069229 0.24457161 -0.05938543
v -0.09129954 0.24132989 -0.05174661
v -0.08805679 0.25576884 -0.06306226
v -0.10116140 0.25233144 -0.06403550
v -0.09494070 0.26825607 -0.06950421
v -0.08421720 0.27367839 -0.06934325
v -0.13156170 0.25270438 -0.06312372
v -0.10859712 0.26432988 -0.06818331
v -0.14950974 0.22929630 -0.05349150
v -0.09380630 0.28383330 -0.07240895
v -0.08116578 0.28874230 -0.07199026
v -0.19862413 0.15697581 -0.03111603
v -0.15524837 0.22474790 -0.05329998
v -0.19171131 0.18984316 -0.04134734
v -0.17667921 0.20839995 -0.04858498
v -0.14254242 0.24624117 -0.05774599
v -0.17959383 0.19826165 -0.04425250
v -0.19326334 0.18195191 -0.03689196
v -0.11334104 0.27896789 -0.06898723
v -0.07987898 0.30339903 -0.07149595
v -0.14415964 0.25812459 -0.05987295
v -0.16283630 0.23703359 -0.05014339
v -0.09403810 0.30510491 -0.07020522
v -0.15444234 0.15461171 -0.03297056
v -0.16080371 0.14748225 -0.03142631
v -0.18598558 0.14539975 -0.03592868
v -0.16788991 0.23501818 -0.05008953
v -0.10630312 0.29657036 -0.06904645
v -0.19986422 0.16784014 -0.03278194
v -0.18462941 0.20713079 -0.04162488
v -0.19767348 0.14740962 -0.03351660
v -0.20870471 0.15405017 -0.02868475
v -0.20566458 0.16784456 -0.02787981
v -0.18684316 0.21413931 -0.04487054
v -0.20589633 0.19335136 -0.03124905
v -0.20986862 0.19066711 -0.02562726
v -0.19273151 0.21281476 -0.03583960
v 0.10076465 -0.21047249 0.14382698
v 0.10400766 -0.21635601 0.14630489
v 0.10806043 -0.21329804 0.14731045
v 0.10056360 -0.19957463 0.14372243
v 0.11429477 -0.22574471 0.14827119
v 0.10835882 -0.23058601 0.14803910
v 0.10527211 -0.19421878 0.14766307
v 0.11605209 -0.21780853 0.15241131
v 0.10099832 -0.18334651 0.14176680
v 0.11799327 -0.22419347 0.15287563
v 0.10132179 -0.22847486 0.15103133
v 0.10974660 -0.24189077 0.14473237
v 0.09407015 -0.18507697 0.14659728
v 0.11940386 -0.24134661 0.14096686
v 0.12242293 -0.22518043 0.14560889
v 0.09176973 -0.20529521 0.15025516
v 0.08996570 -0.21257342 0.15161674
v 0.08846890 -0.19225751 0.14689638
v 0.09377267 -0.18116112 0.14346813
v 0.09735258 -0.17021963 0.13987538
v -0.12160142 -0.48277381 0.06532189
v -0.13497844 -0.48496944 0.06192670
v -0.11663148 -0.48701990 0.07204262
v -0.13698168 -0.48281524 0.05872644
v -0.14567159 -0.48551834 0.05063152
v -0.14485146 -0.46764648 0.05067444
v -0.13424636 -0.46862817 0.06185904
v -0.12158561 -0.47003376 0.06667801
v -0.11025457 -0.47248033 0.06617286
v -0.10526306 -0.48524615 0.06286605
v -0.09704414 -0.47274247 0.05914740
v -0.10198852 -0.46388334 0.05961963
v -0.08706650 -0.46838254 0.04787251
v -0.09654655 -0.45822129 0.05193523
v -0.08695584 -0.45509779 0.03861992
v -0.09677518 -0.44207525 0.03142242
v -0.10995885 -0.43630770 0.02402983
v -0.11095137 -0.44808400 0.04732545
v -0.09618926 -0.42835373 0.00186626
v -0.08335962 -0.43162158 0.00056259
v -0.09315193 -0.41971755 -0.02430347
v -0.07768480 -0.41685483 -0.03665877
v -0.10930848 -0.42891335 0.00372146
v -0.09543564 -0.41512170 -0.04020628
v -0.12493449 -0.44003856 0.02897648
v -0.12123191 -0.45162579 0.05169880
v -0.10145494 -0.41888839 -0.03343531
v -0.12082772 -0.43073890 0.00111089
v -0.13551806 -0.45622694 0.05142894
v -0.10591768 -0.41576508 -0.05166575
v -0.13588765 -0.44243401 0.02272363
v -0.12471665 -0.45957246 0.06025771
v -0.10805304 -0.42168641 -0.03326422
v -0.12344780 -0.42955297 -0.01478847
v -0.14421733 -0.45481324 0.03773122
v -0.13618837 -0.43829203 -0.00275164
v -0.10538999 -0.42041817 -0.03694753
v -0.10940682 -0.42215902 -0.04355080
v -0.11650833 -0.42585334 -0.04049105
v -0.10975712 -0.46227890 0.06222625
v -0.11091614 -0.42460868 -0.03769762
v -0.10882740 -0.41742694 -0.05454658
v -0.10398980 -0.41174844 -0.06425774
v -0.14705241 -0.45210463 0.02132425
v -0.12773129 -0.43497214 -0.03597406
v -0.08217289 -0.44583979 0.02172599
v -0.07033457 -0.42907226 -0.02348883
v -0.07194525 -0.41851446 -0.04045329
v -0.07537681 -0.44038305 0.00390566
v -0.06240333 -0.42721477 -0.04325749
v -0.07808268 -0.41308293 -0.03787550
v -0.06363443 -0.43747753 -0.02588642
v -0.10465448 -0.41225907 -0.05109412
v -0.08042324 0.03419653 -0.09649133
v -0.09586098 0.03497222 -0.08516931
v -0.09254274 0.03200119 -0.09911400
v -0.09963812 0.03394390 -0.09511869
v -0.08419823 0.03390392 -0.08688265
v -0.08923748 0.03348294 -0.07487345
v -0.09195499 0.03370398 -0.10770231
v -0.10243861 0.03831393 -0.07869284
v -0.07565802 0.03733495 -0.10414982
v -0.08199360 0.03860869 -0.11145689
v -0.09985931 0.03790020 -0.08591047
v 0.05584510 -0.19560221 0.01882292
v 0.06450199 -0.20110008 0.03020163
v 0.05063023 -0.20017432 0.03109303
v 0.05872240 -0.20584044 0.03822134
v 0.07155962 -0.20900171 0.03712265
v 0.04481105 -0.19307522 0.02538957
v 0.05495925 -0.19459951 0.01286754
v 0.06288072 -0.20026700 0.01239775
v 0.06900068 -0.20414610 0.01325192
v 0.07298280 -0.20910202 0.02790977
v 0.07977598 -0.20768358 0.02228439
v 0.04827487 -0.18360552 0.01272985
v 0.04209590 -0.17533150 0.01684538
v 0.06195066 -0.21011010 0.03928889
v 0.07162279 -0.21031474 0.04379998
v -0.09496433 -0.24106655 -0.00483632
v -0.09997880 -0.23932204 0.01372832
v -0.09984328 -0.25154355 0.01233845
v -0.09453867 -0.24944066 -0.01051682
v -0.10054889 -0.25365973 0.02768231
v -0.10326155 -0.24051820 0.02632817
v -0.09941074 -0.22973616 0.02773959
v -0.09458424 -0.25463963 0.00039521
v -0.09289034 -0.23646091 -0.00217104
v -0.08880687 -0.23392572 -0.00787102
v -0.09285641 -0.23170066 0.01049433
v -0.08446738 0.01823881 0.00388600
v -0.07958689 0.01804234 0.01055102
v -0.08965915 0.01717300 0.01258893
v -0.09651550 0.01633625 0.00253188
v -0.08974221 0.01776968 -0.00630274
v -0.09882016 0.01711665 -0.00878643
v -0.09280952 0.01811904 -0.02130396
v -0.10376576 0.01821529 -0.02630121
v -0.09569275 0.01857509 -0.03866336
v -0.08254526 0.01605124 0.01749643
v -0.09257082 0.01805941 0.01686325
v -0.09928910 0.01875113 0.00717593
v -0.08292407 0.01903878 0.02561070
v -0.07630955 0.02157606 0.02784868
v -0.07338578 0.02109319 0.01742110
v -0.06661799 0.02300169 0.02315305
v -0.06717594 0.02472004 0.03497041
v -0.10711349 0.01421783 -0.03472495
v -0.10856694 0.01539290 -0.04447637
v -0.09964842 0.02161076 -0.05345227
v -0.06323994 0.02591457 0.02673330
v -0.06065601 0.02683526 0.03639713
v -0.05652741 0.02680820 0.03211374
v -0.04604926 0.02799118 0.04031919
v -0.05798969 0.02515168 0.04361938
v -0.04682144 0.02612538 0.04865137
v -0.06859822 0.02476447 0.04052939
v -0.07486793 0.02503007 0.03297197
v -0.10713525 0.02301241 -0.05596093
v -0.10723738 0.02555559 -0.07287508
v -0.10293184 0.02419692 -0.07408043
v -0.09189984 0.02443924 -0.06854589
v -0.09245641 0.02327046 -0.05344388
v -0.09195927 0.02646799 -0.07222639
v -0.04343124 0.03018930 0.05338920
v -0.05037658 0.02886154 0.05301769
v -0.06481286 0.02855297 0.04773144
v -0.09374044 0.01828057 -0.04947890
v -0.10357574 0.01979854 -0.00610828
v -0.19280086 0.06331935 0.11020514
v -0.18002945 0.06748342 0.11382610
v -0.18363678 0.06174883 0.10736463
v -0.18892249 0.06982908 0.11797234
v -0.17930189 0.05926938 0.10443551
v -0.16716567 0.06163463 0.09881715
v -0.17431748 0.05408904 0.09421510
v -0.16372517 0.05257360 0.07899566
v -0.16198632 0.05624548 0.08507005
v -0.17257445 0.04944455 0.08537996
v -0.16990124 0.04868659 0.07472543
v -0.16706748 0.04551733 0.06614225
v -0.17096877 0.06458341 0.10679948
v -0.19332968 0.06362126 0.11322646
v -0.20581079 0.06242228 0.11439002
v -0.21866094 0.06780271 0.11958540
v -0.22689694 0.06296607 0.11424220
v -0.22845061 0.06345017 0.11666322
v -0.23915781 0.05771948 0.10670526
v -0.20550470 0.06871099 0.12091406
v -0.20432165 0.06251433 0.11159150
v -0.23819262 0.05795627 0.10488769
v -0.21611893 0.05480721 0.11344279
v -0.24437784 0.04817403 0.09216698
v -0.23896407 0.04645861 0.08991881
v -0.23989737 0.04160471 0.07871026
v -0.24337925 0.03760668 0.07769284
v -0.23861723 0.03090817 0.06901406
v -0.23548600 0.03358791 0.07372081
v -0.23282254 0.02875161 0.06587473
v -0.23641314 0.05314875 0.10240270
v -0.16022031 0.04795820 0.07777921
v -0.17289421 0.04598942 0.07844058
v -0.22188628 0.05198694 0.11182531
v -0.22868361 0.04282571 0.10792273
v -0.17243338 0.03948018 0.07296965
v -0.17183241 0.03621121 0.06226874
v -0.17911291 0.04182444 0.06212661
v 0.22536403 -0.08306614 -0.04459972
v 0.22682184 -0.09745984 -0.04533101
v 0.21495895 -0.10491926 -0.05504614
v 0.23285899 -0.07780622 -0.03780468
v 0.23353720 -0.06079327 -0.03342227
v 0.22731097 -0.06223712 -0.03759967
v 0.21943112 -0.10835949 -0.05006570
v 0.21216270 -0.11305854 -0.05221183
v 0.21938242 -0.08476952 -0.04494214
v 0.21958524 -0.06924289 -0.03666535
v 0.21015286 -0.10125411 -0.05236904
v 0.20643501 -0.11094657 -0.05222482
v -0.18892293 -0.00486319 0.07908335
v -0.18453777 -0.00113710 0.08614489
v -0.20186599 -0.00568727 0.07787325
v -0.20777825 -0.00799104 0.07301255
v -0.19601789 -0.01102110 0.06855862
v -0.18642113 -0.00930826 0.07158932
v -0.17194369 -0.00491620 0.08469936
v -0.16676460 -0.00122451 0.09228157
v -0.17520799 0.00312049 0.09536922
v -0.16979881 0.00588819 0.10460646
v -0.16108869 0.00886301 0.10897091
v -0.16937140 0.00844136 0.10906879
v -0.16352290 0.01286008 0.11546574
v -0.17154337 0.01337913 0.11467433
v -0.17545390 0.01588913 0.12059543
v -0.17730612 0.02013365 0.13145231
v -0.18806316 0.02007006 0.13622119
v -0.18305835 0.01738216 0.12586661
v -0.19406395 0.01730649 0.13086510
v -0.19957899 0.01961743 0.13794778
v -0.20165361 0.01550251 0.13109437
v -0.21223068 0.01805099 0.13562411
v -0.22158924 0.01422456 0.13160373
v -0.21196029 0.01380549 0.12611797
v -0.21928976 -0.00937483 0.07883275
v -0.22225153 -0.01549336 0.07259756
v -0.22629692 -0.00637887 0.08504148
v -0.23204483 -0.01272257 0.07847255
v -0.23619315 -0.00879315 0.08790791
v -0.22883889 -0.00108157 0.09537773
v -0.23625647 -0.00271992 0.10067632
v -0.20631112 -0.01310246 0.06811035
v -0.21739782 0.01415332 0.12239134
v -0.22967492 0.01041659 0.12517509
v -0.22321004 0.01048396 0.11766218
v -0.23490752 0.00504638 0.11603139
v -0.22717378 0.00621922 0.10843210
v -0.22989735 0.00222222 0.09977499
v -0.23962025 0.00105423 0.10275043
v -0.21739785 -0.01315703 0.06650639
v -0.02075211 0.03679397 0.06207197
v -0.02124814 0.02647317 0.05554770
v -0.01428595 0.02779829 0.06062024
v 0.00212463 0.03635366 0.06725452
v 0.00340215 0.02830755 0.06433803
v -0.01496508 0.05141922 0.06631574
v -0.03601669 0.04800158 0.05900790
v -0.04343124 0.03018930 0.05338920
v -0.02995943 0.02893282 0.05645835
v 0.00072148 0.05686451 0.06909831
v -0.05037658 0.02886154 0.05301769
v -0.06481286 0.02855297 0.04773144
v -0.05170566 0.05533820 0.05390227
v -0.06459757 0.05410580 0.04830733
v -0.03296040 0.05778321 0.05887505
v -0.02072263 0.05756451 0.06357770
v 0.02011155 0.05032944 0.06782296
v 0.01670345 0.03290447 0.06526379
v 0.03043965 0.03902657 0.06349044
v 0.01639993 0.05776201 0.06697511
v 0.03380942 0.05636432 0.06367850
v 0.04199719 0.05052326 0.06121219
v 0.02612098 0.02807123 0.06043350
v 0.03911317 0.03142322 0.05798888
v 0.04563479 0.03254879 0.05805125
v 0.06757735 0.04375199 0.05324759
v 0.06866127 0.02812089 0.04957676
v 0.06767812 0.05853525 0.05283697
v 0.05118429 0.05938786 0.05720579
v 0.04670823 0.02692410 0.05324470
v 0.02842588 0.43115565 0.14264798
v 0.02575425 0.42307696 0.14631622
v 0.04734426 0.41807452 0.13827464
v 0.05108947 0.43862227 0.12959641
v 0.05275126 0.44592190 0.12606402
v 0.03614112 0.40777385 0.14569530
v 0.04484582 0.39333016 0.14293808
v 0.05459738 0.39831045 0.13656397
v 0.06401572 0.42115498 0.12534194
v 0.06695728 0.43590537 0.11814701
v 0.06757921 0.39379478 0.12579623
v 0.02862277 0.38775823 0.14945997
v 0.04886081 0.36843333 0.13881005
v 0.03402244 0.36525565 0.14492665
v 0.06342307 0.37204069 0.12803222
v 0.01691880 0.41053534 0.15045971
v 0.01563881 0.39133462 0.15189739
v 0.00938164 0.42231026 0.14919421
v 0.05954931 0.35672399 0.12724401
v 0.08121237 0.40786070 0.10743118
v 0.07802489 0.38167679 0.11294380
v 0.08139469 0.42509949 0.10241099
v 0.04784999 0.34416974 0.13101682
v 0.03282247 0.33966801 0.13668415
v 0.07026803 0.35106862 0.11311531
v 0.01536822 0.36105931 0.14834000
v 0.06606797 0.44521594 0.11275476
v 0.01707768 0.33322561 0.13756402
v 0.00882129 0.42767492 0.15171756
v 0.03038116 0.32002443 0.12610716
v 0.04623747 0.32431710 0.12103712
v 0.02993766 0.30349290 0.11322274
v 0.04626407 0.30449072 0.10590153
v 0.04242746 0.29576319 0.10788538
v 0.05080316 0.29425511 0.10551878
v 0.02741400 0.29545942 0.11139333
v 0.00597308 0.29750195 0.11390945
v 0.04293286 0.28415841 0.11170409
v 0.03365564 0.29340711 0.11299100
v 0.02645599 0.28386837 0.11781453
v 0.01578571 0.30894604 0.12108241
v 0.00093590 0.32168674 0.13147216
v -0.00099301 0.29052377 0.11767612
v -0.01364625 0.28392613 0.11880096
v 0.02983792 0.42865261 0.15191554
v 0.01773843 0.43093264 0.15192543
v -0.02021435 0.29197791 0.11378314
v -0.03185933 0.28397447 0.11257742
v 0.22016387 0.18684560 -0.02974821
v 0.22731134 0.18538065 -0.01651699
v 0.21824232 0.17310697 -0.02678346
v 0.21800594 0.18411438 -0.03193781
v 0.22282636 0.17295097 -0.01613909
v 0.20781894 0.17364207 -0.03724618
v 0.20577335 0.18439876 -0.04140601
v 0.22667164 0.18205810 -0.00203620
v 0.22306031 0.17194794 -0.00759140
v 0.21955408 0.16812268 0.00666331
v 0.21706325 0.17996672 0.01748058
v 0.21137781 0.16358785 0.01791443
v -0.03908190 -0.23832551 0.07214478
v -0.04674128 -0.24708405 0.06851129
v -0.04100906 -0.25257984 0.07351321
v -0.04010679 -0.21765910 0.06706552
v -0.04906248 -0.25481251 0.07173792
v -0.04147415 -0.26472864 0.07194331
v -0.05154865 -0.27749246 0.07048161
v -0.03554576 -0.24145980 0.07245775
v -0.04497428 -0.22412196 0.06744052
v -0.03361610 -0.22262448 0.06791845
v -0.03672896 -0.21282914 0.06279965
v -0.02976330 -0.21892190 0.06110288
v 0.08327063 -0.39248571 0.03348687
v 0.09878769 -0.39167753 0.03043237
v 0.09966028 -0.39306557 0.03813612
v 0.08138391 -0.39512604 0.04505954
v 0.10808571 -0.39196414 0.02637758
v 0.11364534 -0.39212427 0.03483636
v 0.11745597 -0.39147362 0.03152960
v 0.10001300 -0.39212963 0.04402838
v 0.07480976 -0.39608553 0.03606314
v 0.11575891 -0.39390829 0.02253050
v 0.12786353 -0.39195099 0.01905600
v 0.12254852 -0.39473799 0.01557348
v 0.12639442 -0.39652857 0.00955290
v 0.06772756 -0.39167345 0.04070552
v 0.06162125 -0.39676896 0.03110618
v 0.11890528 -0.36195901 0.05473136
v 0.10796795 -0.37055269 0.05504763
v 0.10747966 -0.38528228 0.04394540
v 0.11025897 -0.35676700 0.06624294
v 0.12843911 -0.35394937 0.05480506
v 0.11538867 -0.35090062 0.06610184
v 0.12117857 -0.37196165 0.04201110
v 0.13099745 -0.36057311 0.03841816
v 0.13717884 -0.35178396 0.04388363
v 0.13003653 -0.36547768 0.03122345
v 0.13450859 -0.36861777 0.02461933
v 0.13948423 -0.35400304 0.02660710
v 0.09415716 -0.37915909 0.05244276
v 0.09667052 -0.35350677 0.07171884
v 0.08122627 -0.35351452 0.07036112
v 0.07701036 -0.37032077 0.05780109
v 0.07746703 -0.38485157 0.04917038
v 0.22730820 -0.07471947 -0.04793090
v 0.22155061 -0.08468622 -0.05927623
v 0.23191513 -0.08072583 -0.05306564
v 0.23265667 -0.06879195 -0.04071052
v 0.22731097 -0.06223712 -0.03759967
v 0.23353720 -0.06079327 -0.03342227
v 0.23029247 -0.08820121 -0.06475744
v 0.22111730 -0.07820108 -0.05697949
v 0.21599580 -0.08390454 -0.06955208
v 0.21557964 -0.09052587 -0.07763892
v 0.22444931 -0.06914740 -0.05138277
v 0.22432248 -0.05610976 -0.04427165
v 0.21606517 -0.08312296 -0.07596710
v -0.10243861 0.03831393 -0.07869284
v -0.08923748 0.03348294 -0.07487345
v -0.10293184 0.02419692 -0.07408043
v -0.09195927 0.02646799 -0.07222639
v -0.10723738 0.02555559 -0.07287508
v -0.19408603 -0.07542610 0.12579031
v -0.18820715 -0.08553730 0.12171581
v -0.19128333 -0.08156151 0.11617934
v -0.18243463 -0.09616390 0.11198551
v -0.18247788 -0.09642942 0.11854605
v -0.19684365 -0.06616996 0.11977782
v -0.19860806 -0.06598894 0.12589933
v -0.20075569 -0.06537963 0.11347993
v -0.18341833 -0.10327158 0.11670900
v -0.19643089 -0.05866828 0.12327928
v -0.19883078 -0.05963109 0.11431558
v -0.19980633 -0.06175662 0.12812303
v -0.18590945 -0.09971119 0.10782173
v 0.22562882 0.16727284 -0.03744760
v 0.21824232 0.17310697 -0.02678346
v 0.23004608 0.16829434 -0.02005196
v 0.22282636 0.17295097 -0.01613909
v 0.21491362 0.16860391 -0.04367549
v 0.20781894 0.17364207 -0.03724618
v 0.23290575 0.16303863 -0.02852293
v 0.22306031 0.17194794 -0.00759140
v 0.20025088 0.16765466 -0.04858974
v 0.19815132 0.17347421 -0.04200407
v 0.21301965 0.16505150 -0.04771879
v 0.18576139 0.16991632 -0.04589508
v 0.23474589 0.16257995 -0.01688609
v 0.23365156 0.16083041 -0.00380769
v 0.23056909 0.15913270 0.00612959
v 0.21955408 0.16812268 0.00666331
v 0.21850157 0.15852296 0.01854706
v 0.21137781 0.16358785 0.01791443
v -0.16037761 -0.01405596 0.11862320
v -0.15331417 -0.03033328 0.12324856
v -0.15472451 -0.02809049 0.11775933
v -0.16572249 -0.00939024 0.10865442
v -0.16288255 -0.01812932 0.10799519
v -0.16491085 -0.00834143 0.11950938
v -0.16937140 0.00844136 0.10906879
v -0.16979881 0.00588819 0.10460646
v -0.17545390 0.01588913 0.12059543
v -0.14768234 -0.03486410 0.12121174
v -0.13394253 -0.04216738 0.12741186
v -0.13574329 -0.04367547 0.12233607
v -0.13375498 -0.05083580 0.12771483
v -0.17244536 -0.01224430 0.10176583
v -0.15276009 -0.03723197 0.11823698
v -0.16283070 -0.02728618 0.11033215
v -0.14054494 -0.04669910 0.12153536
v 0.10071311 -0.20216812 0.15949892
v 0.10812332 -0.21105286 0.14997417
v 0.10415956 -0.21399136 0.15855907
v 0.10019614 -0.18998142 0.15337384
v 0.10527211 -0.19421878 0.14766307
v 0.10079371 -0.17832097 0.14583470
v 0.11186725 -0.22058402 0.15781985
v 0.11605209 -0.21780853 0.15241131
v 0.11799327 -0.22419347 0.15287563
v 0.11434901 -0.22968645 0.15825291
v 0.10892233 -0.21560831 0.16649979
v 0.10806043 -0.21329804 0.14731045
v 0.10099832 -0.18334651 0.14176680
v 0.09735258 -0.17021963 0.13987538
v 0.10198796 -0.18461338 0.15599029
v 0.22016387 0.18684560 -0.02974821
v 0.20785132 0.19387434 -0.03003116
v 0.21459818 0.19435126 -0.01727984
v 0.22731134 0.18538065 -0.01651699
v 0.21795577 0.19071835 -0.00709674
v 0.22667164 0.18205810 -0.00203620
v 0.21488923 0.18749169 0.00928556
v 0.21706325 0.17996672 0.01748058
v 0.20626980 0.18752185 0.02083840
v 0.20563900 0.17807859 0.02715364
v 0.19340979 0.18044885 0.03143924
v 0.11902843 0.34574237 -0.09276950
v 0.12686750 0.34766892 -0.07582789
v 0.11951211 0.34627590 -0.08253482
v 0.12449044 0.34605575 -0.06226350
v 0.12781142 0.34882516 -0.09600266
v 0.11526506 0.34483013 -0.06367381
v 0.11607322 0.34332955 -0.08916260
v 0.11405909 0.34654453 -0.06962308
v 0.11532832 0.34688756 -0.08827323
v 0.11927292 0.35226676 -0.09932940
v 0.13749358 -0.19893521 0.03408727
v 0.14305636 -0.20844720 0.02750218
v 0.13587490 -0.21570583 0.03796136
v 0.14393154 -0.20020838 0.02424686
v 0.13153477 -0.20919231 0.04089530
v 0.13930795 -0.19585536 0.02893271
v 0.13266316 -0.20117961 0.03722583
v 0.14123599 -0.21613348 0.03475549
v 0.14512235 -0.19429842 0.02724854
v 0.13267550 -0.21039481 0.04391643
v -0.14325465 -0.20943950 -0.00082615
v -0.13478659 -0.21216922 0.00989802
v -0.14166677 -0.20753691 0.02034324
v -0.13539615 -0.21071474 0.02495511
v -0.13349316 -0.21217765 -0.00098721
v -0.13395210 -0.20747085 -0.01813592
v -0.12946975 -0.20891894 -0.01144746
v -0.12509467 -0.20765209 -0.01709556
v -0.11557337 -0.21553464 -0.02019716
v -0.12815176 -0.22371922 -0.00311103
v -0.13067245 -0.22385836 0.01673842
v -0.13115433 -0.21983740 -0.00125150
v -0.12793948 -0.22723830 0.00915668
v -0.11939833 -0.23063980 -0.00197594
v -0.11629914 -0.22845578 -0.01294207
v -0.11125404 -0.22472022 -0.02121028
v -0.12887874 -0.22070265 0.03412437
v -0.13162076 -0.21187140 0.03806407
v -0.14215499 -0.20270534 0.02424416
v -0.11896853 -0.24626794 -0.00544233
v -0.11607973 -0.24808972 0.00981517
v -0.11790848 -0.23263410 0.00916845
v -0.11931373 -0.25564444 -0.02233260
v -0.12108769 -0.26024380 -0.01029255
v -0.11160839 -0.23660134 -0.02455391
v -0.11297788 -0.25173986 -0.03479823
v -0.09706268 -0.22064438 -0.03167676
v -0.20585048 -0.08324390 0.09835704
v -0.19381529 -0.09418049 0.09999936
v -0.20497411 -0.09048283 0.10382222
v -0.21314500 -0.07957213 0.10371573
v -0.21433058 -0.06465932 0.09712999
v -0.21801053 -0.05997062 0.09756559
v -0.21000831 -0.05215846 0.09154246
v -0.21653274 -0.04284352 0.08769087
v -0.20788966 -0.06164712 0.09688667
v -0.20927443 -0.02906914 0.08357750
v -0.21751611 -0.02087746 0.08073864
v -0.20543683 -0.00856602 0.07918243
v -0.21928976 -0.00937483 0.07883275
v -0.20186599 -0.00568727 0.07787325
v -0.19136383 -0.08828146 0.09987292
v -0.20565222 -0.07091390 0.09820771
v -0.19539103 -0.09607571 0.10617515
v -0.19016361 -0.09313230 0.10382075
v -0.22306499 -0.03692804 0.09163088
v -0.22629692 -0.00637887 0.08504148
v -0.22041997 -0.05910872 0.10354802
v -0.22816926 -0.00606140 0.09162922
v -0.22883889 -0.00108157 0.09537773
v 0.23381387 0.12485793 -0.00479530
v 0.24202898 0.12979335 0.00362494
v 0.23026186 0.12310827 0.00475039
v 0.23544882 0.12797892 0.01715220
v 0.22390836 0.12259960 0.01326558
v 0.22917895 0.12869446 0.02128015
v 0.21684071 0.12428015 0.01902522
v 0.24260823 0.13455456 -0.00019263
v 0.24062422 0.13676018 0.00956854
v 0.23536868 0.13348316 -0.00860809
v 0.23476110 0.12999085 -0.01714203
v 0.23618376 0.14190222 -0.01676647
v 0.23069942 0.14362381 -0.03376962
v 0.23128518 0.10178757 -0.03348616
v 0.23319966 0.09046400 -0.00406433
v 0.23381998 0.09175344 -0.01924566
v 0.23356359 0.05682563 -0.00637778
v 0.23502542 0.13956764 -0.00560081
v 0.23588647 0.05691177 -0.02046065
v 0.23315638 0.05695968 -0.03542531
v 0.22858028 0.10189860 0.00795945
v 0.22844462 0.05609272 0.00495306
v 0.22993845 0.15037040 -0.00450097
v 0.22671381 0.14856653 0.00560492
v 0.23365156 0.16083041 -0.00380769
v 0.23056909 0.15913270 0.00612959
v 0.23474589 0.16257995 -0.01688609
v 0.23167634 0.15123664 -0.01930283
v 0.23290575 0.16303863 -0.02852293
v 0.22806178 0.15316390 -0.03325143
v 0.22769925 0.14211117 0.00729177
v 0.22494653 0.07266633 -0.04758550
v 0.22705497 0.11871263 -0.03996691
v 0.22746210 0.05594987 -0.04384859
v 0.22453977 0.16354653 -0.04076920
v 0.22096193 0.10658647 -0.04901281
v 0.22191998 0.14517009 -0.04568054
v 0.22562882 0.16727284 -0.03744760
v 0.21782990 0.15496413 -0.04501709
v 0.22241035 0.15419887 0.01713400
v 0.23457536 0.13753822 0.01786789
v 0.22142659 0.14114632 0.01604629
v 0.22020811 0.09878530 0.01711737
v 0.21494965 0.14748450 0.01989169
v 0.23717637 0.05325679 -0.03668184
v 0.23984165 0.05285975 -0.01403594
v 0.24373621 0.04015505 -0.03379584
v 0.24513595 0.03949159 -0.01947580
v 0.24781634 0.02153047 -0.03262302
v 0.24837072 0.02140330 -0.02080127
v 0.24732924 0.00634901 -0.02193296
v 0.24524976 -0.00059819 -0.03500454
v 0.24623850 0.02065260 -0.00689900
v 0.24202913 0.04239142 -0.00613963
v 0.24071845 0.02602206 -0.04748137
v 0.24152243 0.02728229 0.00443760
v 0.24032666 0.00969990 -0.04850307
v 0.23806064 0.04256607 -0.04470032
v 0.24402717 -0.00125923 -0.01451923
v 0.23925264 0.00208057 0.00449885
v 0.23525479 0.04924323 0.00431723
v 0.23504747 0.01971007 0.01539462
v 0.23332384 0.03520704 0.01429161
v 0.23218943 0.00062288 0.01365766
v 0.22845457 0.04886507 0.01298113
v 0.22694963 -0.00854912 0.01402773
v 0.22919102 0.04239132 -0.05325456
v 0.21850157 0.15852296 0.01854706
v 0.22694744 0.05070952 -0.05011218
v 0.23138840 0.01486975 -0.05538236
v 0.22827254 0.02834179 -0.05667600
v 0.23676199 -0.00332883 -0.00274927
v 0.23013820 -0.00645654 0.00771168
v 0.21301965 0.16505150 -0.04771879
v 0.21994597 0.05436398 0.01276923
v 0.16637138 -0.04524038 -0.00838275
v 0.15451780 -0.05224165 -0.01254207
v 0.16842261 -0.05692909 -0.00814218
v 0.15776122 -0.05555671 -0.01121587
v 0.17300245 -0.05302548 -0.00821929
v 0.17297836 -0.04590247 -0.00901308
v 0.15317558 -0.04658517 -0.01818288
v 0.17327249 -0.04009899 -0.01507835
v 0.14380477 -0.04169874 -0.01722511
v 0.08632211 0.09156657 0.02006201
v 0.08206755 0.08695893 0.02085424
v 0.08680941 0.06483539 0.02183185
v 0.09009480 0.10941865 0.01828857
v 0.07957015 0.06393291 0.02312507
v -0.13497844 -0.48496944 0.06192670
v -0.14750919 -0.48873982 0.06195110
v -0.13429664 -0.48938295 0.07055699
v -0.11663148 -0.48701990 0.07204262
v -0.16324152 -0.48853979 0.03581148
v -0.16062000 -0.49082255 0.04709535
v -0.14567159 -0.48551834 0.05063152
v -0.15250701 -0.48589239 0.03844340
v -0.15455829 -0.48567963 0.02507852
v -0.15564972 -0.48834950 -0.00307385
v -0.11152000 -0.41060865 -0.09552993
v -0.10394471 -0.40964115 -0.08495584
v -0.11173265 -0.41148958 -0.08257245
v -0.10325693 -0.40938258 -0.09141335
v -0.10416346 -0.40666589 -0.10306784
v -0.10737330 -0.40793884 -0.07047633
v -0.10304976 -0.40692663 -0.07217408
v -0.11665642 -0.41009811 -0.08025334
v -0.11407275 -0.40616572 -0.06818874
v -0.11581268 -0.40843880 -0.09733387
v -0.11121967 -0.40375337 -0.10982090
v -0.10105962 -0.40799704 -0.11200947
v -0.10398980 -0.41174844 -0.06425774
v -0.09780584 -0.40841880 -0.12753226
v -0.11115288 -0.40911782 -0.05345470
v -0.10465448 -0.41225907 -0.05109412
v -0.15789163 -0.04245214 0.13216335
v -0.15878044 -0.04264785 0.12496517
v -0.14210711 -0.05254345 0.12966639
v -0.17244045 -0.03360014 0.12352062
v -0.14457123 -0.04755504 0.13798009
v -0.13593824 -0.05034570 0.13441303
v -0.17080919 -0.02748611 0.12993412
v -0.16750218 -0.03281849 0.11536605
v -0.13375498 -0.05083580 0.12771483
v -0.14054494 -0.04669910 0.12153536
v -0.15276009 -0.03723197 0.11823698
v -0.16283070 -0.02728618 0.11033215
v -0.19828066 -0.08630541 0.11337738
v -0.19128333 -0.08156151 0.11617934
v -0.19273154 -0.08630961 0.11285540
v -0.18590945 -0.09971119 0.10782173
v -0.18243463 -0.09616390 0.11198551
v -0.20075569 -0.06537963 0.11347993
v -0.20633288 -0.08105972 0.11588654
v -0.20525531 -0.06498978 0.11159430
v -0.19783267 -0.09535508 0.11561368
v -0.19883078 -0.05963109 0.11431558
v 0.16842261 -0.05692909 -0.00814218
v 0.16596292 -0.05965004 0.00190891
v 0.18269514 -0.05727404 -0.00030777
v 0.16352388 -0.05740301 -0.01291854
v 0.18117942 -0.05729729 -0.00413091
v 0.15550998 -0.05830720 0.00793045
v 0.15776122 -0.05555671 -0.01121587
v 0.17489693 -0.06328917 0.00894265
v 0.16462684 -0.06350937 0.00868519
v 0.15522851 -0.06305674 0.01338465
v 0.18348972 -0.06244928 0.00386368
v 0.16575882 -0.07362824 -0.00283080
v 0.17633562 -0.07175201 0.00563353
v 0.16050744 -0.07060570 0.00793365
v 0.15450621 -0.07229475 -0.00174109
v 0.17748335 -0.07247797 0.00025936
v 0.15114544 -0.07183170 0.00959869
v 0.14693238 -0.07207795 -0.00485469
v 0.16791643 -0.06995204 -0.00913586
v 0.16024254 -0.06958494 -0.01678921
v 0.14626811 -0.06791527 -0.01236438
v 0.15361197 -0.06742401 -0.02517881
v 0.14332677 -0.06495141 -0.02214534
v 0.14834523 -0.06336610 -0.03489800
v 0.13892554 -0.06111760 -0.02974172
v 0.14095284 -0.06701788 -0.02082164
v 0.14308865 -0.05332567 -0.04240359
v 0.13400441 -0.05800990 -0.03556681
v 0.12887846 -0.05121721 -0.04458169
v -0.23697560 0.13317747 -0.00320467
v -0.22670427 0.13213114 0.00907140
v -0.23556210 0.13659243 0.01281900
v -0.22961466 0.13540828 0.01644505
v -0.24135453 0.13923873 0.00627435
v -0.24127537 0.13815273 -0.00224650
v -0.22260264 0.13305575 -0.00289171
v -0.22696695 0.13986509 -0.01241504
v -0.23636018 0.13857286 -0.01027851
v -0.04156352 -0.23945053 0.05236841
v -0.03206484 -0.24361047 0.05669102
v -0.04213386 -0.24539673 0.05651090
v -0.03403262 -0.25479236 0.06059902
v -0.03962723 -0.23017700 0.05008040
v -0.03303399 -0.22258124 0.05048001
v -0.04312548 -0.25606519 0.05695436
v -0.03590959 -0.26461190 0.05999944
v -0.02876602 -0.22311859 0.05581223
v -0.03118748 -0.21426654 0.05342771
v -0.02791755 -0.23287965 0.06034987
v -0.04684386 -0.25906783 0.05030153
v -0.04347212 -0.26984581 0.04860234
v -0.04316116 -0.27744165 0.05773516
v -0.04734415 -0.27918217 0.04942953
v -0.04575514 -0.26875603 0.04225234
v -0.03287349 -0.25238040 0.06679197
v -0.02976330 -0.21892190 0.06110288
v -0.05106581 -0.28339320 0.05782665
v -0.03777757 -0.26516140 0.06833497
v -0.04529526 -0.27723521 0.06696334
v -0.03134784 -0.23743328 0.06805281
v -0.03361610 -0.22262448 0.06791845
v -0.03554576 -0.24145980 0.07245775
v -0.03672896 -0.21282914 0.06279965
v 0.15029627 -0.20036104 0.10538016
v 0.16021515 -0.19378662 0.10702871
v 0.15376802 -0.20830493 0.10203848
v 0.14972359 -0.20832887 0.09877716
v 0.15682372 -0.21072367 0.09663738
v 0.15735535 -0.21828334 0.09770645
v 0.16836062 -0.20644592 0.09571919
v 0.16152446 -0.19730836 0.09729111
v 0.16909073 -0.19773820 0.09817638
v 0.16411242 -0.18723394 0.11779584
v 0.15695179 -0.18988271 0.11744767
v 0.15370198 -0.19440074 0.11298215
v 0.15756495 -0.18189195 0.12155977
v 0.15038614 -0.18501461 0.11946030
v 0.16920689 -0.18891318 0.11723695
v 0.16088003 -0.18392895 0.12857826
v -0.08110791 0.12721707 0.00997174
v -0.07957587 0.12324258 0.02175737
v -0.08767901 0.12543622 0.01505414
v -0.07734746 0.12416377 0.01641534
v -0.08410086 0.12690504 0.00708930
v -0.09706829 0.12731189 -0.00637958
v -0.08416694 0.12676980 -0.00145102
v -0.09418416 0.12728380 0.01635501
v -0.07320990 0.11941404 0.02257879
v -0.07083847 0.11966091 0.02999151
v -0.07333191 0.11622519 0.03896263
v -0.06739784 0.11695233 0.03456672
v -0.08878948 0.11991047 0.02169596
v -0.08335555 0.11905936 0.02446193
v -0.06198070 0.11173273 0.03601334
v -0.06894156 0.11628439 0.04360044
v -0.05720747 0.11323389 0.04897053
v -0.08618072 0.12411896 -0.00780135
v -0.08848551 0.12474437 -0.02101440
v -0.05070899 0.10702867 0.04353006
v -0.08193117 0.12092784 0.03251305
v -0.10526306 -0.48524615 0.06286605
v -0.11663148 -0.48701990 0.07204262
v -0.09214500 -0.48856553 0.06431355
v -0.12160142 -0.48277381 0.06532189
v -0.10543522 -0.49037468 0.07265364
v -0.08852400 -0.48637602 0.05149073
v -0.07868850 -0.48807967 0.03732119
v -0.07581593 -0.49341246 0.04844783
v -0.07331418 -0.48908672 0.02586369
v -0.06579863 -0.49376768 0.01957444
v -0.06774332 -0.48883799 0.00847728
v -0.05934756 -0.48928228 -0.01778767
v -0.05739559 -0.49586609 -0.00567987
v -0.04744315 -0.49559346 -0.03645472
v -0.08408601 -0.49343136 0.05942475
v -0.04671586 -0.48812702 -0.05045424
v -0.03644515 -0.48846921 -0.07211865
v -0.03098810 -0.48623458 -0.08719385
v -0.02756398 -0.49453676 -0.08346564
v -0.01849514 -0.49428552 -0.11155650
v -0.02445622 -0.48680311 -0.10751329
v -0.01890669 -0.48608407 -0.13688079
v -0.01415008 -0.49421430 -0.13813917
v -0.06791401 -0.49615863 0.02947220
v -0.02333973 -0.49294177 -0.15059204
v -0.18460740 -0.06719665 0.13728274
v -0.18414792 -0.07320811 0.14265205
v -0.17879766 -0.08300588 0.14077631
v -0.19034025 -0.05955155 0.14059955
v -0.17765406 -0.09294719 0.14270054
v -0.17238727 -0.09693774 0.13146228
v -0.17514287 -0.10263965 0.13711174
v -0.18445964 -0.07592345 0.13185634
v -0.18650596 -0.05714982 0.13363186
v -0.18538429 -0.06049085 0.13802619
v -0.17563529 -0.10519370 0.13255267
v -0.19001843 -0.07580052 0.14577702
v -0.19667099 -0.06429418 0.14358462
v -0.19666712 -0.05069438 0.14157672
v -0.19860806 -0.06598894 0.12589933
v -0.20511167 -0.07495509 0.12760980
v -0.19408603 -0.07542610 0.12579031
v -0.19275562 -0.08779645 0.12660949
v -0.20345804 -0.05886947 0.12769295
v -0.19865592 -0.09078560 0.12497336
v -0.18606551 -0.09894665 0.12265483
v -0.21147744 -0.05205300 0.12473300
v -0.19061859 -0.10145873 0.12043991
v -0.18820715 -0.08553730 0.12171581
v -0.18247788 -0.09642942 0.11854605
v -0.18341833 -0.10327158 0.11670900
v 0.12192064 -0.34794033 0.05714268
v 0.11032265 -0.34747964 0.06478953
v 0.11538867 -0.35090062 0.06610184
v 0.09667052 -0.35350677 0.07171884
v 0.09668145 -0.34780535 0.06755769
v 0.08122627 -0.35351452 0.07036112
v 0.07793190 -0.34739748 0.06608877
v 0.06704197 -0.34819129 0.06120724
v 0.07093360 -0.35328951 0.06526642
v 0.13717884 -0.35178396 0.04388363
v 0.13066648 -0.34789214 0.04683698
v 0.12843911 -0.35394937 0.05480506
v -0.07761008 -0.40337655 -0.14375837
v -0.06219161 -0.40895677 -0.13739917
v -0.07890553 -0.40836796 -0.13747893
v -0.06289032 -0.40332481 -0.14307426
v -0.05164860 -0.40312749 -0.13973352
v -0.04911366 -0.40929163 -0.13355865
v -0.04348261 -0.41296443 -0.12925202
v -0.09049428 -0.40312281 -0.13924073
v -0.08752614 -0.40987003 -0.13384664
v -0.09780584 -0.40841880 -0.12753226
v -0.09676559 -0.40240273 -0.13475114
v -0.10389982 -0.40256065 -0.12628499
v -0.11121967 -0.40375337 -0.10982090
v 0.11446560 -0.20059647 0.02865744
v 0.11766057 -0.20205675 0.01849718
v 0.11427753 -0.21294506 0.02950485
v 0.11867415 -0.21212746 0.02054574
v 0.11521856 -0.19509238 0.01628935
v 0.11316114 -0.22038965 0.02343858
v 0.11831793 -0.22411878 0.02085195
v 0.11434901 -0.22968645 0.15825291
v 0.11860656 -0.22845341 0.15761100
v 0.11946845 -0.22202320 0.16276574
v 0.10892233 -0.21560831 0.16649979
v 0.10867629 -0.20884436 0.16811019
v 0.11844660 -0.21266711 0.16491972
v 0.11391165 -0.19558717 0.16195117
v 0.10722265 -0.19485767 0.16377898
v 0.11516020 -0.18832156 0.15525140
v 0.10970119 -0.17887652 0.15355480
v 0.11282479 -0.17919962 0.15116496
v 0.10446922 -0.17264473 0.15075384
v 0.11083613 -0.16460820 0.14253069
v 0.10657912 -0.16189159 0.14137897
v 0.12220789 -0.21322514 0.15589553
v 0.11963024 -0.22028761 0.15341766
v 0.11799327 -0.22419347 0.15287563
v 0.11853413 -0.19822161 0.15755793
v 0.12242293 -0.22518043 0.14560889
v -0.17603211 -0.05379073 0.14447251
v -0.17255995 -0.06461523 0.15300567
v -0.17271322 -0.06720205 0.14775558
v -0.17943476 -0.04333311 0.14406887
v -0.15965724 -0.08427426 0.15403992
v -0.16395876 -0.07850429 0.15974256
v -0.15867040 -0.08872745 0.15869968
v -0.17703971 -0.04210256 0.13776988
v -0.18284822 -0.05581325 0.15553692
v -0.18479684 -0.04013619 0.14701347
v -0.16359845 -0.08676717 0.16320282
v -0.17734219 -0.03212799 0.13928193
v -0.18913403 -0.01964564 0.14092919
v -0.17833716 -0.07192970 0.16199477
v -0.17733489 -0.01204742 0.13368610
v -0.19079436 -0.04055701 0.14902580
v -0.17836782 0.00307255 0.13080372
v -0.18951255 0.00341256 0.13537651
v -0.19406395 0.01730649 0.13086510
v -0.18305835 0.01738216 0.12586661
v -0.20074309 0.00336550 0.13548088
v -0.17086066 -0.00840098 0.12907015
v -0.19855119 -0.01468648 0.13901056
v -0.19876274 -0.02904411 0.14254721
v -0.20165361 0.01550251 0.13109437
v -0.17008030 -0.08592039 0.16320907
v -0.17545390 0.01588913 0.12059543
v -0.18971774 -0.05705795 0.15394148
v -0.16763638 -0.01258719 0.12594363
v -0.17080919 -0.02748611 0.12993412
v -0.16491085 -0.00834143 0.11950938
v -0.16037761 -0.01405596 0.11862320
v -0.15331417 -0.03033328 0.12324856
v -0.15796587 -0.03102167 0.12888074
v -0.13394253 -0.04216738 0.12741186
v -0.13712485 -0.04262645 0.13377617
v -0.13593824 -0.05034570 0.13441303
v -0.13375498 -0.05083580 0.12771483
v 0.21924733 -0.08532841 -0.02871488
v 0.21523094 -0.08913267 -0.03532361
v 0.21635178 -0.10006232 -0.03629384
v 0.21611799 -0.07396041 -0.02876713
v 0.21923657 -0.07066986 -0.02188153
v 0.21531188 -0.06526021 -0.02285182
v 0.22094114 -0.06628887 -0.01686152
v 0.20812285 -0.10759576 -0.04449976
v 0.21483466 -0.11043216 -0.04409699
v 0.22704639 -0.06523865 -0.01894047
v 0.22566378 -0.08993424 -0.03139612
v 0.20643501 -0.11094657 -0.05222482
v 0.21216270 -0.11305854 -0.05221183
v 0.18816864 -0.08371165 0.00380045
v 0.19338122 -0.07687958 -0.00066392
v 0.18878119 -0.09822550 -0.00106972
v 0.18444325 -0.06710429 0.00366473
v 0.19054919 -0.06419255 -0.00444785
v 0.20363866 -0.06127552 -0.00637453
v 0.19883768 -0.07699981 -0.00150007
v 0.19382991 -0.09806487 -0.00124108
v 0.20230223 -0.05530915 -0.01155332
v 0.15554874 -0.04518512 -0.02236560
v 0.16864039 -0.04782322 -0.01981901
v 0.16318403 -0.04787938 -0.02365156
v 0.15409565 -0.04674320 -0.03178216
v 0.14380477 -0.04169874 -0.01722511
v 0.15317558 -0.04658517 -0.01818288
v 0.17327249 -0.04009899 -0.01507835
v 0.16637138 -0.04524038 -0.00838275
v -0.08145688 0.36978298 -0.07261336
v -0.07848630 0.37167317 -0.06313851
v -0.09170536 0.37427059 -0.06475722
v -0.09162079 0.37556696 -0.10195944
v -0.08155825 0.36958477 -0.09718505
v -0.08125675 0.37176418 -0.10834851
v -0.08674274 0.37710527 -0.11338202
v 0.10688050 0.02496718 -0.02968138
v 0.10691744 0.02881056 -0.04080931
v 0.11533657 0.02422277 -0.04381747
v 0.10993164 0.02187406 -0.02129769
v 0.11098678 0.03516582 -0.04911204
v 0.11794855 0.02308950 -0.02104475
v 0.12071663 0.02531330 -0.04163352
v 0.11610758 0.02043020 -0.01906414
v -0.19923927 -0.07718296 0.10235909
v -0.19633527 -0.08542424 0.11004741
v -0.19128582 -0.08661596 0.10552138
v -0.20243308 -0.07358500 0.11079908
v -0.20412341 -0.06268270 0.10525165
v -0.20525531 -0.06498978 0.11159430
v -0.19136383 -0.08828146 0.09987292
v -0.19016361 -0.09313230 0.10382075
v -0.20565222 -0.07091390 0.09820771
v -0.20788966 -0.06164712 0.09688667
v 0.15906520 -0.19533992 0.09970716
v 0.15029627 -0.20036104 0.10538016
v 0.15303566 -0.20229958 0.09329621
v 0.16021515 -0.19378662 0.10702871
v 0.15950872 -0.19507462 0.09010299
v 0.14972359 -0.20832887 0.09877716
v 0.15251979 -0.20661484 0.09128813
v 0.15287492 -0.20228954 0.07590661
v 0.16338719 -0.19063099 0.07486212
v 0.15682834 -0.19308460 0.04535637
v 0.16481085 -0.18516183 0.05492930
v 0.14527614 -0.21977083 0.08544300
v 0.13853230 -0.21281075 0.05800599
v 0.14518595 -0.20338994 0.05492052
v 0.13267550 -0.21039481 0.04391643
v 0.13872206 -0.20403996 0.04393132
v 0.14536712 -0.19659139 0.03437433
v 0.12945764 -0.21355574 0.04276125
v 0.15066314 -0.18657473 0.02481562
v 0.14512235 -0.19429842 0.02724854
v 0.13202757 -0.22047587 0.04851544
v 0.13153477 -0.20919231 0.04089530
v 0.15075734 -0.21643598 0.09610722
v 0.14126237 -0.22428188 0.07589548
v 0.12712002 -0.22318016 0.03846490
v 0.13712795 -0.23029748 0.06270942
v -0.17183241 0.03621121 0.06226874
v -0.16361374 0.03280299 0.06891105
v -0.17792782 0.02868175 0.05509816
v -0.16706748 0.04551733 0.06614225
v -0.16022031 0.04795820 0.07777921
v -0.16058487 0.03192357 0.07567128
v -0.18089497 0.01209460 0.06110162
v -0.16861649 0.01662798 0.07188747
v -0.17643873 -0.00415581 0.07683415
v -0.17194369 -0.00491620 0.08469936
v -0.16676460 -0.00122451 0.09228157
v -0.18642113 -0.00930826 0.07158932
v -0.19484666 -0.00054562 0.06008502
v -0.18942273 0.02302980 0.05117378
v -0.15908457 0.02603659 0.08989858
v -0.16108869 0.00886301 0.10897091
v -0.19601789 -0.01102110 0.06855862
v -0.20480868 -0.00271044 0.05838231
v -0.18618366 0.03040429 0.05176359
v -0.20631112 -0.01310246 0.06811035
v -0.21739785 -0.01315703 0.06650639
v 0.20991388 -0.07916456 -0.00436747
v 0.20360628 -0.07400012 -0.00678573
v 0.20115215 -0.08917623 -0.00838898
v 0.20472844 -0.09216592 -0.00724615
v 0.20946415 -0.06230222 -0.00323290
v 0.19663376 -0.09710131 -0.01158704
v 0.20363866 -0.06127552 -0.00637453
v 0.20089151 -0.10436644 -0.01260763
v 0.21634646 -0.06661277 -0.00341976
v 0.21461605 -0.05984921 -0.00114729
v 0.21285346 -0.09107456 -0.00939846
v -0.20243308 -0.07358500 0.11079908
v -0.20397313 -0.08567871 0.11162446
v -0.19633527 -0.08542424 0.11004741
v -0.21068528 -0.07901092 0.11131178
v -0.20982756 -0.06468624 0.11312881
v -0.20525531 -0.06498978 0.11159430
v -0.19539103 -0.09607571 0.10617515
v -0.19016361 -0.09313230 0.10382075
v -0.19128582 -0.08661596 0.10552138
v -0.21785530 -0.06066114 0.11106274
v -0.04972136 0.03606659 -0.12668952
v -0.03938502 0.03331948 -0.12841217
v -0.05063964 0.03709891 -0.12353660
v -0.06257695 0.03836925 -0.12790266
v -0.04470008 0.03523038 -0.13504247
v -0.06033424 0.03709432 -0.11675896
v -0.06865402 0.03736599 -0.11027327
v -0.08199360 0.03860869 -0.11145689
v -0.07565802 0.03733495 -0.10414982
v -0.05989689 0.03993830 -0.13598624
v -0.06642152 0.04010122 -0.12836531
v -0.03911488 0.03516081 -0.13828363
v -0.03655366 0.02997811 -0.12962845
v -0.02590463 0.02974174 -0.13293086
v -0.02586794 0.03394111 -0.14140421
v -0.00987375 0.02942110 -0.13565654
v -0.00311373 0.02869648 -0.13906141
v 0.00120550 0.02586181 -0.13645540
v 0.00206763 0.03028733 -0.14333598
v -0.08435571 0.04136654 -0.11326756
v -0.09195499 0.03370398 -0.10770231
v -0.01179259 0.03681241 -0.14512102
v 0.00168974 0.03689728 -0.14658298
v 0.01657161 0.03705412 -0.14529806
v -0.04066194 0.06409941 -0.14129418
v -0.03792717 0.04805500 -0.13941485
v -0.04268736 0.04971041 -0.14403673
v 0.00045282 0.06647812 -0.14693028
v -0.04375875 0.06023380 -0.14358039
v -0.04012109 0.01311558 -0.12876129
v -0.05197775 0.01568333 -0.12351557
v -0.01961540 0.01469217 -0.13413882
v -0.00117840 0.01047727 -0.13425773
v -0.06457081 0.01547653 -0.11399711
v -0.04870474 0.00792840 -0.12221259
v -0.06430887 -0.01730301 -0.11082653
v -0.07245003 -0.00991128 -0.10696490
v -0.04927370 -0.00886924 -0.11903397
v -0.01964803 0.00178866 -0.12867045
v -0.08687459 -0.03852870 -0.09294356
v -0.07957183 -0.04872419 -0.09500698
v -0.04677422 -0.02636898 -0.11349113
v -0.06242675 -0.04299463 -0.10158487
v -0.07734019 -0.05866458 -0.09298532
v -0.09821800 -0.05989997 -0.08144639
v -0.08114450 -0.09708989 -0.08249074
v -0.09830409 -0.11598377 -0.07093605
v -0.08413470 -0.13068867 -0.07421537
v -0.09868276 -0.14943662 -0.06445325
v -0.08811149 -0.18134208 -0.06155051
v -0.10419039 -0.18093239 -0.05546768
v -0.07966949 -0.18101801 -0.06387665
v -0.09980248 -0.08088318 -0.07663905
v -0.11424881 -0.12616271 -0.05866286
v -0.12054192 -0.16263571 -0.04719201
v -0.11715950 -0.18455902 -0.04506480
v -0.13207664 -0.18819641 -0.03130824
v -0.12995125 -0.19860169 -0.02953955
v -0.08252800 -0.01074535 -0.09860425
v -0.11324967 -0.08858079 -0.06411052
v -0.07457593 0.01526291 -0.10454126
v -0.11103281 -0.05891260 -0.06753886
v -0.09566221 -0.02905880 -0.08515589
v -0.14142090 -0.19886714 -0.01685273
v -0.12666099 -0.10790222 -0.04625951
v -0.12892778 -0.12996311 -0.04020096
v -0.12764309 -0.15923175 -0.03784971
v -0.10836268 -0.18935362 -0.04496801
v -0.13395210 -0.20747085 -0.01813592
v -0.09872745 -0.18975084 -0.05188378
v -0.12504220 -0.06403165 -0.04910998
v -0.11358917 -0.05078750 -0.06265577
v -0.08337968 0.01202132 -0.09399207
v -0.08042324 0.03419653 -0.09649133
v -0.10084160 -0.02242748 -0.07615928
v -0.13575184 -0.16446149 -0.02381014
v -0.09000041 -0.18856394 -0.05289558
v -0.14325465 -0.20943950 -0.00082615
v 0.16668046 -0.49521238 0.08438500
v 0.16284697 -0.49310118 0.08292063
v 0.15758853 -0.49497509 0.09443083
v 0.16680245 -0.49103129 0.07238347
v 0.15313329 -0.49313417 0.09406921
v 0.14502533 -0.49570718 0.10207421
v 0.14179794 -0.49322331 0.10077905
v 0.06904863 0.36265936 -0.03061556
v 0.05642311 0.37101740 -0.03463729
v 0.06335802 0.36771965 -0.02533568
v 0.07431495 0.35668689 -0.02610488
v 0.07449054 0.36000338 -0.01063068
v 0.08237160 0.34757179 -0.01026798
v 0.07764793 0.35090944 -0.02957817
v 0.08249235 0.35145879 0.00392941
v 0.08255573 0.33668679 -0.02962435
v 0.08663835 0.35107380 0.01538453
v 0.08761930 0.34796664 0.01543182
v 0.09178197 0.34835368 0.03854256
v 0.08901997 0.34756523 0.00013391
v 0.05178450 0.38017687 -0.03747150
v 0.05080369 0.38048878 -0.03907342
v 0.04407547 0.38750821 -0.04137070
v 0.09986173 0.35252583 0.02594038
v 0.11029595 0.35417980 0.03391167
v 0.10742773 0.35514715 0.01289927
v 0.10985989 0.35224774 -0.00124818
v 0.12429035 0.35475001 0.00582463
v 0.12450513 0.35345855 0.02973398
v 0.09250026 0.34410432 -0.01111625
v 0.12245608 0.34543824 -0.01600295
v 0.09402961 0.33668250 -0.02218165
v 0.13799825 0.34397021 -0.00724749
v 0.14096335 0.34612638 0.00138215
v 0.10558973 0.32846937 -0.03158606
v 0.12161253 0.33473492 -0.02633761
v 0.09548461 0.32794413 -0.03038816
v 0.14002302 0.34713745 0.01606433
v 0.11123586 0.34703937 0.05110186
v 0.12376614 0.34439909 0.05289812
v 0.08937293 0.34261811 0.04905425
v 0.11203285 0.33271185 0.06505821
v 0.10073818 0.33030340 0.06332617
v 0.15430337 0.32850659 -0.00804299
v 0.15595594 0.33414617 0.00423462
v 0.13914187 0.33296534 -0.01973547
v 0.16610223 0.32148060 0.00382518
v 0.16079199 0.30993608 -0.01741310
v 0.17228106 0.31163198 0.00350336
v 0.18356000 0.28491583 -0.00145565
v 0.17999679 0.28629875 -0.00891186
v 0.16806716 0.29433304 -0.01963904
v 0.16022238 0.29001108 -0.02949911
v 0.17218888 0.26759270 -0.03106026
v 0.17870529 0.27388695 -0.01585963
v 0.18262658 0.26980197 -0.01402207
v 0.18621011 0.24807900 -0.02483931
v 0.18807283 0.25701809 -0.01596664
v 0.19867663 0.23580615 -0.01991474
v 0.18781550 0.22511648 -0.03481783
v 0.17539808 0.25183386 -0.03322130
v 0.19706351 0.22720002 -0.02628619
v 0.20171186 0.23000917 -0.01764712
v 0.21215054 0.21942633 -0.01716400
v 0.20616381 0.20518708 -0.03141503
v 0.21389334 0.20679066 -0.01946769
v 0.17059872 0.26194751 -0.03452251
v 0.20453140 0.23589505 -0.00083582
v 0.19279575 0.25700426 0.00059481
v 0.18242960 0.27598050 -0.00034672
v 0.20634308 0.22939683 -0.00186323
v 0.21711585 0.21635965 -0.00383634
v 0.18839306 0.26625872 0.01486418
v 0.20785132 0.19387434 -0.03003116
v 0.12992719 0.32518932 -0.02974884
v 0.15150101 0.28643805 -0.03639853
v 0.18872596 0.21911210 -0.03468286
v 0.19609067 0.20157103 -0.03973343
v 0.19876774 0.19182968 -0.03750030
v 0.21459818 0.19435126 -0.01727984
v 0.22016387 0.18684560 -0.02974821
v 0.20577335 0.18439876 -0.04140601
v 0.19736309 0.24661863 0.00940913
v 0.20422283 0.23283312 0.01180031
v 0.20645306 0.22565748 0.00938683
v 0.15677877 0.32996094 0.02125603
v 0.19498388 0.24634032 0.02116349
v 0.14830224 0.33610785 0.03390514
v 0.16704702 0.31409231 0.01263565
v 0.16027066 0.31673399 0.03598040
v 0.18089789 0.28068557 0.00501163
v 0.17295323 0.28305385 0.03433944
v 0.18158199 0.26931828 0.02554497
v 0.21559896 0.21193762 0.00929447
v 0.13937557 0.34234670 0.03905170
v 0.18437040 0.25819284 0.03509730
v 0.20134753 0.22867954 0.02414004
v 0.14698659 0.32680348 0.05072993
v 0.20316164 0.22150078 0.02034985
v 0.17989418 0.26324913 0.03450150
v 0.14154702 0.33167771 0.05313347
v 0.15665539 0.30395833 0.05138312
v 0.21177211 0.20700014 0.02058159
v 0.19005828 0.23678437 0.03449911
v 0.16228487 0.28315929 0.05164501
v 0.13231719 0.33889666 0.05330875
v 0.14538504 0.31403783 0.06011676
v 0.17327240 0.25605446 0.04662628
v 0.16724606 0.26408336 0.05443283
v 0.15544093 0.26777402 0.06594925
v 0.19772966 0.21569403 0.02939811
v 0.12755086 0.32477912 0.06631286
v 0.20654261 -0.07484087 0.00775613
v 0.19949150 -0.08916234 0.01046488
v 0.20041065 -0.08985201 0.00391137
v 0.19454275 -0.10192788 0.00449488
v 0.20506847 -0.06977066 -0.00111700
v 0.19382991 -0.09806487 -0.00124108
v 0.21121973 -0.06305305 0.00446420
v 0.20946415 -0.06230222 -0.00323290
v 0.19883768 -0.07699981 -0.00150007
v 0.20363866 -0.06127552 -0.00637453
v 0.21461605 -0.05984921 -0.00114729
v 0.11927292 0.35226676 -0.09932940
v 0.12767319 0.35983288 -0.09547882
v 0.12781142 0.34882516 -0.09600266
v 0.12417761 0.36424407 -0.09781364
v -0.15444234 0.15461171 -0.03297056
v -0.16250105 0.15869899 -0.03257851
v -0.15098530 0.15708858 -0.02261931
v -0.17552011 -0.09933948 0.12684833
v -0.18578766 -0.08681966 0.12844431
v -0.17238727 -0.09693774 0.13146228
v -0.18445964 -0.07592345 0.13185634
v -0.19200559 -0.06898365 0.12824118
v -0.19285545 -0.05676880 0.12545376
v -0.18650596 -0.05714982 0.13363186
v -0.17563529 -0.10519370 0.13255267
v -0.18165556 -0.10148343 0.12725860
v -0.18850510 -0.09319454 0.13278784
v -0.19376227 -0.08207788 0.13130282
v -0.19980633 -0.06175662 0.12812303
v -0.10326155 -0.24051820 0.02632817
v -0.10831263 -0.24090722 0.02574165
v -0.10700168 -0.25727844 0.02980667
v -0.10054889 -0.25365973 0.02768231
v -0.09602495 -0.25971815 0.03431571
v -0.10728756 -0.22893773 0.03139128
v -0.09941074 -0.22973616 0.02773959
v -0.11248836 -0.23263821 0.02266267
v -0.11311170 -0.25468951 0.01901481
v -0.11180923 -0.26461098 0.02674726
v -0.12023962 -0.26713839 0.00421967
v -0.11607973 -0.24808972 0.00981517
v -0.11790848 -0.23263410 0.00916845
v -0.11692689 -0.27862367 0.02672092
v -0.12214615 -0.28016564 0.01503962
v -0.12740959 -0.26327252 -0.01242228
v -0.12108769 -0.26024380 -0.01029255
v -0.11896853 -0.24626794 -0.00544233
v 0.10373919 0.03351975 -0.05321407
v 0.11151908 0.03387637 -0.05721869
v 0.10434446 0.03106128 -0.04795663
v 0.10058683 0.03372209 -0.06410908
v 0.10129418 0.03611920 -0.07723184
v 0.11179460 0.03730359 -0.08294567
v 0.10568532 0.03830168 -0.09288369
v 0.09444252 0.03739540 -0.08635450
v 0.09788068 0.03849819 -0.09962597
v 0.08953004 0.03765340 -0.09370245
v 0.08362444 0.03738942 -0.10068653
v 0.07618933 0.03766827 -0.10759487
v 0.08458693 0.03847840 -0.11318616
v 0.08005986 0.03929754 -0.11996222
v 0.06780499 0.03748155 -0.11486252
v 0.07323613 0.04057558 -0.12660305
v 0.05981580 0.03760872 -0.12008730
v 0.06666703 0.04105241 -0.13301386
v 0.04927326 0.03631630 -0.12668489
v 0.04777821 0.03862556 -0.13590783
v 0.09615818 0.03440962 -0.08015139
v 0.03910287 0.03059687 -0.12880652
v 0.04092335 0.03350021 -0.13803263
v 0.02505427 0.02939106 -0.13235059
v 0.02685969 0.03399577 -0.14244796
v 0.01869659 0.03010892 -0.14259711
v 0.00374138 0.02948035 -0.13538437
v 0.00206763 0.03028733 -0.14333598
v 0.11098678 0.03516582 -0.04911204
v 0.10691744 0.02881056 -0.04080931
v 0.08960285 0.04105348 -0.11128107
v 0.05921519 0.04689148 -0.13968424
v 0.00120550 0.02586181 -0.13645540
v 0.04939489 0.04881674 -0.14212352
v 0.04324565 0.04951949 -0.14011192
v 0.01657161 0.03705412 -0.14529806
v 0.02717027 0.06371119 -0.14458023
v 0.04748155 0.06308333 -0.14098196
v 0.08392826 -0.06555261 -0.07885189
v 0.10506741 -0.08478791 -0.05916218
v 0.09228523 -0.08503796 -0.06475516
v 0.09725039 -0.11035864 -0.04922212
v 0.12138278 -0.12721197 -0.02944669
v 0.09573003 -0.05696262 -0.07791146
v 0.06897269 -0.03903041 -0.09991038
v 0.06594644 -0.04801128 -0.09640706
v 0.08333686 -0.03881751 -0.09253933
v 0.04493411 -0.03036864 -0.11227755
v 0.04217773 -0.01376973 -0.11942814
v 0.06546797 -0.01838109 -0.10949234
v 0.12044506 -0.15224257 -0.02049725
v 0.04061326 -0.03963385 -0.10695040
v 0.00460204 -0.00585651 -0.12866433
v 0.01589958 -0.00244768 -0.12853849
v 0.09954923 -0.13783528 -0.03199181
v 0.12432829 -0.17156301 -0.00940178
v 0.00110834 -0.02947572 -0.11550968
v 0.09922839 -0.17108132 -0.01134886
v 0.07220396 -0.07667485 -0.07205568
v 0.07428065 -0.10037176 -0.05537609
v 0.07818801 -0.12545547 -0.03983803
v 0.05941885 -0.05751963 -0.08982540
v 0.04110684 -0.05027725 -0.09825338
v 0.11820854 -0.18031369 -0.00384742
v 0.12958960 -0.18306866 0.00043924
v -0.00551828 -0.00866573 -0.12706189
v -0.03366803 -0.03262891 -0.11137472
v -0.00335265 -0.04293590 -0.10291123
v -0.02723496 -0.04954863 -0.09650753
v -0.04417954 -0.05232614 -0.09656132
v 0.07598386 -0.15643997 -0.01854828
v -0.04677422 -0.02636898 -0.11349113
v -0.05952621 -0.05588178 -0.09538959
v -0.05264434 -0.06156681 -0.09230964
v 0.04794091 -0.06580153 -0.08193605
v 0.08199847 -0.17698507 -0.00405429
v 0.09380270 -0.18353401 0.00098032
v -0.05468253 -0.08327039 -0.08421078
v -0.03464907 -0.06582484 -0.07953908
v -0.03979162 -0.08202600 -0.07567733
v -0.06242675 -0.04299463 -0.10158487
v -0.07734019 -0.05866458 -0.09298532
v 0.02324240 -0.05214073 -0.09417406
v -0.00117840 0.01047727 -0.13425773
v 0.12951262 -0.19130796 0.01046058
v 0.05182237 -0.08076403 -0.06311680
v -0.06758191 -0.08888781 -0.08340286
v -0.00200435 -0.05257356 -0.09059665
v -0.01964803 0.00178866 -0.12867045
v -0.01961540 0.01469217 -0.13413882
v -0.08114450 -0.09708989 -0.08249074
v -0.07167395 -0.11482539 -0.07647531
v -0.01907524 -0.05928071 -0.08195775
v -0.04012109 0.01311558 -0.12876129
v -0.08413470 -0.13068867 -0.07421537
v -0.06071722 -0.09128542 -0.08369322
v -0.07414003 -0.15145068 -0.06873507
v -0.06245425 -0.12192402 -0.07652763
v -0.07966949 -0.18101801 -0.06387665
v 0.13493752 -0.17219426 -0.00281716
v 0.02115765 0.00512814 -0.12868206
v 0.01945295 0.01126526 -0.13225953
v 0.03135429 0.01599306 -0.12984124
v -0.04927370 -0.00886924 -0.11903397
v -0.06454586 -0.18241185 -0.06340122
v -0.06479486 -0.15007286 -0.07022273
v 0.05984459 -0.00136079 -0.11545116
v 0.05228053 0.01218973 -0.12070714
v 0.05681671 0.02035723 -0.12068293
v -0.05532590 -0.15137710 -0.06547993
v -0.05274006 -0.18469638 -0.05771153
v -0.05531309 -0.19151746 -0.05072677
v -0.04386152 -0.18759117 -0.05139862
v -0.04470840 -0.19738646 -0.04038587
v -0.03223536 -0.20291287 -0.02890233
v -0.05216590 -0.20183416 -0.03941250
v -0.05908087 -0.19749545 -0.04235408
v -0.05182042 -0.21694973 -0.03508825
v -0.06331326 -0.21904203 -0.03796368
v -0.03703053 -0.21471706 -0.02777737
v -0.04869371 -0.13028568 -0.06568616
v 0.07182705 0.01460034 -0.10931296
v 0.14067748 -0.18390308 0.00941421
v -0.07690330 -0.21891412 -0.03808198
v -0.07564899 -0.19393688 -0.04258301
v -0.02634647 -0.19076769 -0.03468423
v 0.08847181 -0.02888232 -0.09174063
v 0.10217474 -0.04526912 -0.07705775
v 0.08082135 -0.00980373 -0.10128210
v 0.11574963 -0.06158530 -0.05965165
v 0.06290697 -0.17473772 0.00100849
v -0.03926403 -0.10521264 -0.06677427
v -0.03962949 -0.14271089 -0.05411597
v -0.03982358 -0.15880908 -0.05140873
v 0.11521856 -0.19509238 0.01628935
v -0.09000041 -0.18856394 -0.05289558
v -0.08811149 -0.18134208 -0.06155051
v 0.11807808 -0.08286638 -0.04799426
v 0.14512235 -0.19429842 0.02724854
v 0.11531911 -0.10884204 -0.04052225
v -0.09051079 -0.21966015 -0.03468630
v -0.08407000 -0.19575600 -0.04087544
v -0.08978260 -0.19280124 -0.04132893
v -0.10447384 -0.19714507 -0.03363387
v 0.05671096 -0.12706622 -0.03058266
v 0.14153691 -0.15462559 -0.00264110
v 0.07004352 -0.19016464 0.01532627
v 0.05660620 -0.09998807 -0.04800651
v -0.02190184 -0.20256484 -0.01748102
v 0.05806931 -0.14890592 -0.01593563
v -0.10836268 -0.18935362 -0.04496801
v -0.12995125 -0.19860169 -0.02953955
v -0.11632898 -0.20080434 -0.02754410
v -0.12509467 -0.20765209 -0.01709556
v -0.13395210 -0.20747085 -0.01813592
v 0.05058416 -0.08251176 -0.06011121
v 0.11941615 -0.19617070 0.01812464
v 0.11766057 -0.20205675 0.01849718
v 0.11867415 -0.21212746 0.02054574
v 0.08101056 -0.19461903 0.01992433
v -0.02802669 -0.21680170 -0.01679970
v 0.06351253 -0.18483654 0.01234301
v 0.06288072 -0.20026700 0.01239775
v 0.15066314 -0.18657473 0.02481562
v -0.02618179 -0.17838421 -0.03710395
v 0.10061415 -0.02335706 -0.08197526
v 0.12808263 -0.10226963 -0.02938705
v -0.01234060 -0.18780045 -0.01947000
v 0.15120822 -0.17604303 0.01772490
v -0.01752590 -0.12305862 -0.03714751
v -0.01685786 -0.15035021 -0.02867798
v 0.09867065 -0.19703749 0.02174909
v 0.08524468 -0.20472595 0.02181248
v 0.09881120 -0.20615578 0.03298868
v 0.09079696 -0.20757125 0.02792379
v 0.07977598 -0.20768358 0.02228439
v 0.06900068 -0.20414610 0.01325192
v 0.11446560 -0.20059647 0.02865744
v 0.13914052 -0.13044524 -0.01107781
v -0.09706268 -0.22064438 -0.03167676
v -0.01157468 -0.17690144 -0.02081534
v 0.11376350 -0.03200042 -0.06788507
v -0.02775877 -0.06940892 -0.06795125
v -0.02598502 -0.08762032 -0.05710721
v 0.11427753 -0.21294506 0.02950485
v 0.10245765 -0.21157688 0.03401669
v 0.08137804 -0.21016435 0.03745892
v 0.08195841 -0.20656888 0.03471487
v 0.07155962 -0.20900171 0.03712265
v 0.07262781 -0.21557440 0.03975018
v 0.07298280 -0.20910202 0.02790977
v 0.08556461 0.01578612 -0.09603848
v 0.13930795 -0.19585536 0.02893271
v -0.09872745 -0.18975084 -0.05188378
v 0.11895221 -0.20110141 0.03262667
v 0.13266316 -0.20117961 0.03722583
v 0.13153477 -0.20919231 0.04089530
v 0.12945764 -0.21355574 0.04276125
v 0.11815537 -0.21436043 0.03506298
v 0.13749358 -0.19893521 0.03408727
v 0.05551750 -0.17871746 0.01099942
v -0.11557337 -0.21553464 -0.02019716
v -0.02078418 -0.08306020 -0.05023804
v -0.01634687 -0.07936540 -0.04783366
v -0.01492556 -0.08366176 -0.03471036
v -0.01357459 -0.10035751 -0.03489269
v -0.01097168 -0.12644233 -0.02531463
v -0.00854552 -0.15647113 -0.01592506
v -0.00501929 -0.17122671 -0.01065725
v -0.00438872 -0.18046403 -0.00603832
v -0.11125404 -0.22472022 -0.02121028
v -0.00787214 -0.10948785 -0.01829941
v -0.01082031 -0.08279626 -0.01846157
v 0.04957445 0.06031710 -0.14279467
v 0.22358420 -0.08968431 -0.08010803
v 0.22119680 -0.09250391 -0.07359295
v 0.21557964 -0.09052587 -0.07763892
v 0.23029247 -0.08820121 -0.06475744
v 0.22552447 -0.08796982 -0.06180578
v 0.22155061 -0.08468622 -0.05927623
v 0.04080753 0.46284387 0.12622811
v 0.03827576 0.46521944 0.11392476
v 0.03755492 0.45719832 0.12319731
v 0.04292677 0.47084895 0.12044128
v 0.03903767 0.45244190 0.12717927
v 0.04177157 0.45795432 0.12949102
v 0.07096879 0.46797064 0.08134859
v 0.07603773 0.47388595 0.07886132
v 0.07178999 0.46350804 0.07577410
v 0.08018736 0.46857390 0.07271382
v 0.07781866 0.46064848 0.06854512
v 0.07452206 0.47100684 0.09028072
v 0.07112785 0.46170259 0.08195787
v 0.07703089 0.47262043 0.08532603
v 0.06043777 0.46865186 0.10355920
v 0.05151853 0.46816179 0.10101233
v 0.05740512 0.47259635 0.11159942
v 0.04451384 0.46908966 0.10553118
v 0.04986197 0.47404617 0.11292250
v 0.04292677 0.47084895 0.12044128
v 0.04874653 0.47195175 0.12095746
v 0.03827576 0.46521944 0.11392476
v 0.05885962 0.46344420 0.10130493
v -0.11663148 -0.48701990 0.07204262
v -0.13429664 -0.48938295 0.07055699
v -0.10543522 -0.49037468 0.07265364
v 0.08413254 0.30080938 -0.05520703
v 0.08415554 0.29058364 -0.05516338
v 0.08387055 0.29098248 -0.05926494
v 0.08435771 0.30359408 -0.05124218
v 0.08478803 0.27662513 -0.06038879
v 0.08018736 0.46857390 0.07271382
v 0.08445217 0.45221177 0.06697270
v 0.07781866 0.46064848 0.06854512
v 0.18878119 -0.09822550 -0.00106972
v 0.19454275 -0.10192788 0.00449488
v 0.18950325 -0.09737458 0.01058882
v 0.19382991 -0.09806487 -0.00124108
v -0.07336926 -0.26113522 0.01231810
v -0.05838646 -0.25858110 0.01217654
v -0.06107888 -0.26404187 0.01073677
v -0.05223415 -0.25757882 0.00221708
v -0.06070397 -0.25164783 0.00432538
v -0.04231317 -0.24933034 -0.00733166
v -0.06287532 -0.22885880 -0.00595964
v -0.04766377 -0.22976640 -0.01007872
v -0.04497428 -0.22412196 0.06744052
v -0.04906248 -0.25481251 0.07173792
v -0.04674128 -0.24708405 0.06851129
v -0.04509186 -0.22326578 0.07118238
v -0.04356131 -0.21277305 0.07241321
v -0.04487723 -0.22195053 0.07896468
v -0.04549477 -0.23921755 0.07875238
v -0.04925187 -0.26404771 0.07539202
v -0.05154865 -0.27749246 0.07048161
v -0.04625285 -0.23981175 0.08387297
v -0.05076645 -0.26475093 0.08142889
v -0.05568276 -0.27157047 0.08198503
v -0.05198077 -0.24861166 0.08709708
v -0.19034025 -0.05955155 0.14059955
v -0.18538429 -0.06049085 0.13802619
v -0.18582444 -0.07078476 0.14730310
v -0.17682682 -0.06955440 0.14429708
v -0.17780404 -0.07657987 0.14629304
v -0.16676950 -0.08296689 0.14806458
v -0.16619895 -0.09130484 0.15257536
v -0.17732589 -0.08294073 0.15217255
v -0.16738886 -0.09237443 0.15799204
v -0.18592991 -0.07148314 0.15521276
v -0.17798044 -0.08188424 0.15876381
v -0.19289778 -0.05796243 0.14980283
v -0.19666712 -0.05069438 0.14157672
v -0.04280056 0.31596157 0.10499148
v -0.03444500 0.31601214 0.10893796
v -0.04188050 0.31499448 0.11435880
v -0.03559760 0.31623721 0.11791076
v -0.02915157 0.31575128 0.12050723
v -0.01953241 0.31329367 0.11758722
v -0.01343347 0.31387016 0.12291608
v -0.04619867 0.31726536 0.11056570
v 0.00413590 0.30629271 0.11813001
v -0.01562885 0.30690312 0.11273487
v 0.00093590 0.32168674 0.13147216
v 0.01578571 0.30894604 0.12108241
v 0.00597308 0.29750195 0.11390945
v -0.03474786 0.30573115 0.10499589
v -0.04558758 0.31177065 0.10062529
v -0.05280736 0.31451243 0.10019746
v -0.05647578 0.30727741 0.08901125
v -0.05006425 0.30001497 0.09555390
v -0.01925705 0.29596451 0.11050355
v -0.04174373 0.29547438 0.10156402
v -0.06359295 0.30139071 0.08397301
v -0.06423103 0.29209158 0.08257635
v -0.04916803 0.28387806 0.10223906
v -0.03185933 0.28397447 0.11257742
v -0.02021435 0.29197791 0.11378314
v -0.01250650 0.29392514 0.11354678
v 0.03365564 0.29340711 0.11299100
v -0.00099301 0.29052377 0.11767612
v 0.00201226 0.34765664 0.14447974
v -0.01245523 0.33219156 0.13560845
v 0.01707768 0.33322561 0.13756402
v -0.01740169 0.34644043 0.14099020
v -0.00468918 0.37021849 0.15018147
v 0.01536822 0.36105931 0.14834000
v -0.02517951 0.37616423 0.14607504
v -0.03355557 0.36239579 0.14014927
v -0.03452536 0.33392054 0.12840645
v -0.05101131 0.35302812 0.12647864
v -0.04664576 0.33906543 0.12330664
v -0.01543797 0.39233848 0.14987455
v -0.04498452 0.37673047 0.13674837
v 0.00237561 0.38850737 0.15234719
v -0.03246764 0.40216389 0.14358450
v -0.04539774 0.40432534 0.13666932
v -0.05943622 0.37283355 0.12487177
v -0.06174818 0.39278772 0.12437275
v -0.01380369 0.41089320 0.14851901
v 0.00225272 0.40734690 0.15135047
v 0.01563881 0.39133462 0.15189739
v -0.03158341 0.42585659 0.13880189
v 0.00938164 0.42231026 0.14919421
v 0.01691880 0.41053534 0.15045971
v -0.01429663 0.43250081 0.14225747
v -0.05799038 0.40967703 0.12598358
v -0.05192543 0.42489889 0.12722400
v -0.05704401 0.33442959 0.11047398
v -0.06720075 0.35727981 0.11053839
v -0.07050884 0.38484758 0.11405549
v -0.04675767 0.43891260 0.12507872
v -0.02696399 0.44076696 0.13452548
v -0.06840404 0.41996542 0.11251441
v 0.00631733 0.42981708 0.14597245
v -0.06264430 0.43795377 0.11075887
v -0.06533560 0.33157289 0.09698821
v -0.03082741 0.45378199 0.12461985
v -0.05169103 0.45225245 0.11169677
v -0.06103175 0.45463842 0.09895246
v 0.00882129 0.42767492 0.15171756
v 0.07112785 0.46170259 0.08195787
v 0.07779703 0.46458805 0.08303481
v 0.07452206 0.47100684 0.09028072
v 0.07835253 0.45577252 0.07894716
v 0.04266675 -0.16483422 0.02017921
v 0.04794928 -0.17080988 0.01451623
v 0.04209590 -0.17533150 0.01684538
v 0.05551750 -0.17871746 0.01099942
v 0.04827487 -0.18360552 0.01272985
v 0.05495925 -0.19459951 0.01286754
v 0.06351253 -0.18483654 0.01234301
v 0.06288072 -0.20026700 0.01239775
v -0.24135453 0.13923873 0.00627435
v -0.23739058 0.14555699 -0.00382503
v -0.24127537 0.13815273 -0.00224650
v -0.23680726 0.14410673 0.01019516
v -0.22704203 0.15124589 0.00890373
v -0.22609396 0.15243424 0.00196230
v -0.22318517 0.15908007 0.02169235
v -0.22269247 0.15067810 -0.00977245
v -0.23302999 0.14466214 -0.01186809
v -0.23636018 0.13857286 -0.01027851
v -0.22852264 0.14502810 0.01693399
v -0.22045000 0.14624396 -0.01381090
v -0.21810186 0.16123787 0.03390450
v -0.22507589 0.14041799 0.03906960
v -0.22075781 0.13803606 0.05043740
v -0.22766690 0.12740156 0.04439165
v -0.22339483 0.10483770 0.07175779
v -0.22851627 0.09830765 0.06493165
v -0.22798702 0.06787357 0.09091004
v -0.23138869 0.05518924 0.09094902
v -0.22868361 0.04282571 0.10792273
v -0.23414746 0.03443725 0.10015745
v -0.22961466 0.13540828 0.01644505
v -0.23106751 0.10020599 0.04914538
v -0.23219933 0.04955735 0.08622575
v -0.22914536 0.13201661 0.02325696
v -0.23426537 0.03128339 0.09141723
v -0.22188628 0.05198694 0.11182531
v -0.21841145 0.07557918 0.09892661
v -0.21276389 0.14809848 0.05197537
v -0.22278859 0.17244062 0.03315429
v -0.22817577 0.16765250 0.00777481
v -0.22031809 0.17680053 0.01325192
v -0.22018752 0.17430840 -0.00240247
v -0.22214901 0.18954247 0.01423225
v -0.21641868 0.18013243 0.02319402
v -0.21186890 0.17928307 0.03105753
v -0.22485101 0.16354929 -0.00958357
v -0.23556210 0.13659243 0.01281900
v -0.03829001 -0.23422419 -0.00449398
v -0.03985139 -0.24178086 -0.00833050
v -0.03660787 -0.24239391 -0.00419860
v -0.04195256 -0.23272778 -0.01211829
v -0.04231317 -0.24933034 -0.00733166
v -0.04090023 -0.25088468 0.00001156
v -0.09175333 0.18349871 -0.13784039
v -0.08756958 0.19227454 -0.13782877
v -0.09631606 0.19045414 -0.13836661
v 0.09239637 0.23620456 0.06086974
v 0.09504145 0.24112436 0.05801937
v 0.09181796 0.24306810 0.06434551
v 0.09396192 0.24578470 0.06158497
v 0.09739316 0.26030916 0.06537508
v 0.09414981 0.22993754 0.05932347
v 0.09947258 0.27960306 0.07094850
v 0.09273695 0.27321222 0.07122649
v 0.21331520 -0.09564096 -0.02896046
v 0.21325189 -0.10368024 -0.02816164
v 0.20646216 -0.10642856 -0.03304299
v 0.20548876 -0.11479383 -0.03323374
v 0.15196392 -0.26702821 0.06310079
v 0.15274307 -0.27857289 0.06033524
v 0.15718369 -0.27444568 0.05827552
v -0.13227066 -0.18680097 0.04761661
v -0.12732810 -0.17794192 0.05516107
v -0.12752748 -0.17621697 0.04995779
v -0.12374566 -0.16912925 0.05073385
v -0.12052760 -0.16850027 0.06012993
v -0.11861375 -0.16412038 0.05458033
v -0.13418691 -0.18240401 0.04204568
v -0.12956332 -0.15986137 0.04034694
v -0.11550549 -0.10738872 0.04610010
v -0.11675296 -0.13215289 0.05072045
v -0.12455064 -0.12256931 0.03592600
v -0.12171486 -0.10493913 0.03669110
v -0.12852827 -0.19615133 0.05390834
v -0.13534397 -0.20184132 0.04145046
v -0.11971423 -0.18275273 0.06281534
v -0.12749070 -0.21158975 0.05101011
v -0.10839090 -0.13417768 0.05686713
v -0.10791275 -0.15847784 0.06107234
v -0.10323736 -0.10961533 0.05474237
v -0.10677140 -0.16176133 0.06832714
v -0.10059237 -0.17343165 0.07371872
v -0.11629271 -0.20417300 0.06289991
v -0.11605514 -0.09960634 0.04954595
v -0.09719843 -0.16085073 0.07181753
v -0.09509290 -0.10957612 0.05777939
v -0.10038983 -0.18013978 0.07160115
v -0.10199068 -0.19998240 0.06950048
v -0.09240792 -0.15327552 0.06453961
v -0.09190053 -0.10183754 0.06031122
v -0.10451353 -0.10217585 0.05651916
v -0.11136745 -0.08071993 0.05205987
v -0.11942686 -0.08596959 0.04569734
v -0.12059119 -0.06386694 0.03812514
v -0.10943497 -0.06095966 0.04799239
v -0.12591481 -0.07839663 0.03502594
v -0.11394127 -0.04711472 0.03514960
v -0.10502373 -0.04805107 0.04351632
v -0.12549223 -0.09704610 0.03614531
v -0.10172836 -0.03188763 0.03399127
v -0.11457777 -0.21343939 0.06037490
v -0.11419421 -0.22541885 0.06722593
v -0.10417479 -0.22209604 0.07696779
v -0.11059143 -0.24372584 0.07629769
v -0.09745170 -0.23935196 0.08607834
v -0.09926245 -0.26006237 0.08469000
v -0.09028602 -0.21688750 0.08322497
v -0.08874239 -0.25782475 0.09098573
v -0.07989944 -0.23946469 0.09175810
v -0.11887027 -0.24776858 0.06560759
v -0.11400969 -0.26290432 0.06901005
v -0.08367908 -0.19372800 0.07336503
v -0.07763734 -0.25350145 0.09277014
v -0.07279964 -0.13145205 0.06429373
v -0.08093536 -0.21050681 0.08235370
v -0.07748717 -0.16895589 0.07516679
v -0.10977973 -0.02856849 0.02233110
v -0.07202584 -0.10849232 0.05939633
v -0.07108539 -0.14876860 0.06586015
v -0.07602175 -0.15415528 0.07183963
v -0.07746022 -0.17809232 0.07334236
v -0.11978801 -0.04463271 0.02329405
v -0.09291912 -0.01285487 0.02129675
v -0.09068488 0.00945634 -0.00345110
v -0.08420528 0.00653131 0.00687256
v -0.08974221 0.01776968 -0.00630274
v -0.06726971 -0.21600138 0.08229070
v -0.05411477 -0.15052889 0.06733495
v -0.05549428 -0.16757999 0.07022836
v -0.06637356 -0.19429484 0.07055118
v -0.06405736 -0.17488500 0.07118298
v -0.06434143 -0.23743272 0.08706553
v -0.05819024 -0.19778226 0.06790245
v -0.10402215 -0.01281164 0.00867578
v -0.06533308 -0.26051795 0.08810937
v -0.04827073 -0.17092358 0.06553004
v -0.04574671 -0.19627836 0.06357235
v -0.05401309 -0.21128277 0.07755659
v -0.05841278 -0.20754108 0.07276589
v -0.05838726 -0.21857233 0.07735956
v -0.05324826 -0.22731231 0.08464938
v -0.05964784 -0.23158973 0.08090056
v -0.06088524 -0.25245875 0.08364607
v -0.04487723 -0.22195053 0.07896468
v -0.04356131 -0.21277305 0.07241321
v -0.03400879 -0.14950633 0.05771727
v -0.03423941 -0.16666108 0.05952360
v -0.04625285 -0.23981175 0.08387297
v -0.05198077 -0.24861166 0.08709708
v -0.03438429 -0.17277756 0.05690259
v -0.03888713 -0.20030576 0.05941314
v -0.08446738 0.01823881 0.00388600
v -0.07453610 0.00133447 0.01566096
v -0.07405430 0.00608466 0.01485861
v -0.07958689 0.01804234 0.01055102
v -0.07338578 0.02109319 0.01742110
v -0.06661799 0.02300169 0.02315305
v -0.05036172 0.00051566 0.03260697
v -0.06131507 -0.00883019 0.02219723
v -0.05169717 -0.02362467 0.02489350
v -0.03017701 -0.02669184 0.03726695
v -0.03181536 -0.01017187 0.04084225
v -0.04204348 0.02639137 0.04053532
v -0.02585110 0.01910362 0.04634384
v -0.01054188 -0.01476595 0.04620663
v -0.01456891 0.02113891 0.04972919
v 0.00170228 -0.00571167 0.04978769
v -0.00034514 0.02581641 0.05225436
v 0.01781956 -0.00335117 0.04816195
v 0.02148086 0.02287580 0.04978691
v -0.05652741 0.02680820 0.03211374
v 0.00099118 -0.02532548 0.04495205
v -0.02303759 0.02543410 0.04877289
v -0.03021907 0.02418361 0.04686874
v 0.02427909 0.02572756 0.05013289
v -0.01433450 -0.03465008 0.03881143
v -0.06323994 0.02591457 0.02673330
v 0.03667237 0.02316256 0.04541380
v 0.01920922 -0.02657320 0.04156355
v -0.04332791 -0.03892842 0.02438396
v -0.01688025 -0.04683249 0.03237221
v 0.05021437 -0.00164007 0.03665965
v 0.03376286 -0.03081311 0.03516281
v 0.04862689 0.02372063 0.04055625
v -0.03817003 -0.04921234 0.02171613
v -0.00272097 -0.04278924 0.03523479
v 0.06173607 0.00678788 0.03211164
v 0.05759331 0.02816687 0.03657494
v 0.01989926 -0.04074351 0.03441812
v 0.05344993 -0.02591510 0.02801341
v 0.06784327 -0.01037568 0.02512067
v 0.06854562 -0.01336476 0.02718534
v 0.08225600 -0.00345247 0.01997094
v 0.08018757 -0.00123127 0.01810235
v 0.09171312 0.00285973 0.01041968
v 0.08940335 0.01627168 0.01215535
v 0.06841527 0.02528230 0.02935789
v 0.07468767 0.01946048 0.02423521
v 0.05015771 0.02869463 0.04105319
v 0.04387482 0.02803362 0.04448273
v 0.10093908 -0.01645374 0.05009101
v 0.09976581 -0.00749512 0.03276053
v 0.07688265 -0.02748907 0.05247546
v 0.04046297 -0.04234346 0.02658438
v 0.03510672 -0.05154024 0.02217066
v 0.11726747 -0.01605607 0.04024083
v 0.11394911 -0.02120031 0.05262195
v 0.10424525 -0.02776417 0.06430756
v 0.09113991 -0.02178042 0.05317960
v 0.09084304 -0.03364801 0.06611536
v 0.10949549 -0.04268033 0.07842048
v 0.09090959 -0.05502254 0.08306223
v 0.10969899 -0.04885513 0.07955351
v 0.09580266 -0.05651047 0.08328176
v 0.07951266 -0.06634069 0.08398639
v 0.07171401 -0.06697435 0.08235462
v 0.10928097 -0.07821397 0.09666345
v 0.09588622 -0.08071729 0.09805890
v 0.09698325 -0.10171051 0.10862301
v 0.10975897 -0.10056807 0.10793835
v 0.08994648 -0.10703890 0.11002378
v 0.08098701 -0.08873962 0.09836231
v 0.07884056 -0.11611727 0.10993128
v 0.09077593 -0.11615086 0.11614523
v 0.07689917 -0.04359872 0.06812087
v 0.07582859 -0.12282035 0.11533001
v 0.07876921 -0.13899851 0.12684485
v 0.09438043 -0.13786109 0.12992288
v 0.08388568 -0.15490070 0.13393673
v 0.09472120 -0.15368509 0.13614197
v 0.09735258 -0.17021963 0.13987538
v 0.09956643 -0.14513698 0.13604109
v 0.10040701 -0.16341053 0.14112806
v 0.10657912 -0.16189159 0.14137897
v 0.11172137 -0.14941385 0.13810386
v 0.11083613 -0.16460820 0.14253069
v 0.11171967 -0.13503511 0.13232164
v 0.09827054 -0.12003222 0.12416193
v 0.10826486 -0.10294215 0.11456373
v 0.09593308 -0.10337862 0.11481123
v 0.10446922 -0.17264473 0.15075384
v 0.12224252 -0.03464884 0.06689260
v 0.10079371 -0.17832097 0.14583470
v 0.12886307 -0.02873903 0.05412816
v 0.10198796 -0.18461338 0.15599029
v 0.10722265 -0.19485767 0.16377898
v 0.10071311 -0.20216812 0.15949892
v 0.10867629 -0.20884436 0.16811019
v 0.10892233 -0.21560831 0.16649979
v 0.12586159 -0.10324581 0.10392487
v 0.10198520 0.00308243 0.00353256
v -0.02879292 -0.06195127 0.01376963
v 0.03006841 -0.06014477 0.01578565
v 0.02145790 -0.05690010 0.02048759
v 0.01140527 -0.06146747 0.01499693
v -0.11543320 -0.23123121 0.06289169
v -0.01982728 -0.07130879 0.00558114
v 0.00022073 -0.05881165 0.01726980
v 0.00657767 -0.07709619 0.00173679
v 0.02565562 -0.06842850 0.00643820
v 0.19581790 -0.11265425 -0.02967886
v 0.20136255 -0.11796588 -0.02780566
v 0.19715942 -0.11392014 -0.02101007
v 0.19416773 -0.10530613 -0.02222744
v 0.20089151 -0.10436644 -0.01260763
v 0.19663376 -0.09710131 -0.01158704
v 0.20018385 -0.08640929 -0.01569246
v 0.20115215 -0.08917623 -0.00838898
v 0.20360628 -0.07400012 -0.00678573
v 0.20399156 -0.06726401 -0.01022622
v 0.20363866 -0.06127552 -0.00637453
v 0.20230223 -0.05530915 -0.01155332
v -0.09340650 0.19337770 -0.15975258
v -0.08846233 0.18660235 -0.16612551
v -0.09583220 0.18876231 -0.16145752
v -0.08806389 0.19318949 -0.15691039
v -0.09309381 0.18724552 -0.16629671
v -0.08806389 0.19318949 -0.15691039
v -0.09340650 0.19337770 -0.15975258
v -0.09359660 0.18907577 -0.14910896
v -0.08756958 0.19227454 -0.13782877
v -0.09481774 0.18817312 -0.14337684
v -0.09631606 0.19045414 -0.13836661
v -0.08818658 0.19470125 -0.14940523
v -0.09583220 0.18876231 -0.16145752
v -0.08446970 0.21525154 -0.16808835
v -0.08846233 0.18660235 -0.16612551
v 0.10691744 0.02881056 -0.04080931
v 0.10688050 0.02496718 -0.02968138
v 0.10437392 0.02214442 -0.03565867
v 0.10434446 0.03106128 -0.04795663
v 0.10993164 0.02187406 -0.02129769
v -0.03022677 -0.23792499 -0.00556605
v -0.03829001 -0.23422419 -0.00449398
v -0.03660787 -0.24239391 -0.00419860
v -0.03501174 -0.24982308 -0.00178428
v -0.04090023 -0.25088468 0.00001156
v 0.02741400 0.29545942 0.11139333
v 0.00597308 0.29750195 0.11390945
v 0.03365564 0.29340711 0.11299100
v 0.04242746 0.29576319 0.10788538
v -0.16359845 -0.08676717 0.16320282
v -0.16738886 -0.09237443 0.15799204
v -0.15867040 -0.08872745 0.15869968
v -0.17008030 -0.08592039 0.16320907
v 0.05058543 0.42422119 -0.05209494
v -0.00780282 0.42524427 -0.05244155
v 0.00558303 0.42403647 -0.05227514
v 0.08015943 0.39791685 -0.04267869
v 0.05563469 0.38814524 -0.04164352
v 0.08565512 0.37253535 -0.03653453
v 0.06189170 0.40242794 -0.04482402
v 0.09441626 0.39706942 -0.04313788
v 0.07701561 0.41931716 -0.04547770
v 0.10202073 0.41566321 -0.04664783
v 0.03397640 0.40713361 -0.04956802
v 0.03527501 0.38800862 -0.04543001
v 0.02494928 0.39402494 -0.04816264
v 0.03932036 0.42132023 -0.05028007
v 0.02079238 0.40013680 -0.04868011
v 0.01357416 0.41953182 -0.05074695
v 0.10246930 0.37619743 -0.03955835
v 0.09290517 0.35977107 -0.03423528
v 0.05642311 0.37101740 -0.03463729
v 0.05080369 0.38048878 -0.03907342
v 0.04407547 0.38750821 -0.04137070
v 0.06904863 0.36265936 -0.03061556
v 0.11005812 0.38671049 -0.04494655
v 0.07864480 0.35815808 -0.03073886
v 0.07764793 0.35090944 -0.02957817
v 0.12296130 0.41027683 -0.05093521
v 0.09887172 0.35581231 -0.03518403
v 0.07431495 0.35668689 -0.02610488
v 0.08838295 0.18432212 -0.08568285
v 0.09306804 0.15646614 -0.08735517
v 0.10880170 0.16432229 -0.09045423
v 0.10298967 0.18928693 -0.08806211
v 0.10655706 0.15758391 -0.09119228
v 0.09273903 0.20206149 -0.08230013
v 0.10326448 0.21416740 -0.08203230
v 0.08852365 0.16553976 -0.08544004
v 0.08559548 0.16115527 -0.08543637
v 0.09517013 0.22538564 -0.07488311
v 0.10344368 0.22937450 -0.07726726
v 0.09580716 0.23431633 -0.07126760
v 0.10580548 0.24146505 -0.07467270
v 0.09391795 0.24974780 -0.06622053
v 0.10392617 0.25213701 -0.07015821
v 0.10224876 0.26805592 -0.06456260
v 0.08946804 0.26538768 -0.06256666
v 0.08478803 0.27662513 -0.06038879
v 0.09839947 0.29370189 -0.05653128
v 0.10640288 0.28653726 -0.06122020
v 0.10681800 0.30860832 -0.05350976
v 0.10042498 0.31544071 -0.04712697
v 0.10342178 0.32469499 -0.04423355
v 0.09402581 0.33077189 -0.03738875
v 0.10028928 0.34475565 -0.03663180
v 0.08639452 0.33725017 -0.03228983
v 0.08493457 0.32891685 -0.03519539
v 0.08255573 0.33668679 -0.02962435
v 0.09215821 0.34275499 -0.03488157
v 0.09595958 0.15152809 -0.09176739
v 0.10717712 0.26980826 -0.06848048
v 0.10741786 0.21543801 -0.08753166
v 0.10777255 0.19611320 -0.09163027
v 0.10744146 0.17465200 -0.09102941
v 0.08048519 0.34357184 -0.03006791
v 0.09624085 0.35167542 -0.03687934
v 0.07476396 0.15761065 -0.08753051
v 0.10601186 0.36644170 -0.04267048
v 0.11639124 0.37703401 -0.05142516
v 0.12188505 0.38575980 -0.05479569
v 0.12110757 0.37146592 -0.05302209
v 0.12568188 0.38373867 -0.05677942
v 0.12635711 0.37080565 -0.05748644
v 0.12233068 0.36340225 -0.05669204
v 0.11188485 0.36360961 -0.05295767
v 0.11218367 0.35099131 -0.05888462
v 0.12290384 0.36069500 -0.05918745
v 0.12665281 0.40842560 -0.05863257
v 0.09183154 0.20380184 -0.07926840
v 0.12449044 0.34605575 -0.06226350
v 0.08840687 0.18711548 -0.08335917
v 0.12488110 0.38641649 -0.06321157
v 0.11526506 0.34483013 -0.06367381
v -0.19025505 -0.10262430 0.11313800
v -0.18341833 -0.10327158 0.11670900
v -0.19061859 -0.10145873 0.12043991
v -0.19783267 -0.09535508 0.11561368
v -0.19865592 -0.09078560 0.12497336
v -0.20633288 -0.08105972 0.11588654
v -0.20907407 -0.07726870 0.12053447
v -0.20982756 -0.06468624 0.11312881
v -0.21590704 -0.05777484 0.11596102
v -0.18590945 -0.09971119 0.10782173
v -0.20525531 -0.06498978 0.11159430
v 0.04292677 0.47084895 0.12044128
v 0.04080753 0.46284387 0.12622811
v 0.04408564 0.46353862 0.12543772
v 0.04177157 0.45795432 0.12949102
v 0.04874653 0.47195175 0.12095746
v 0.03088163 0.42710525 0.14455757
v 0.02983792 0.42865261 0.15191554
v 0.02575425 0.42307696 0.14631622
v 0.11429477 -0.22574471 0.14827119
v 0.12242293 -0.22518043 0.14560889
v 0.11799327 -0.22419347 0.15287563
v 0.07162279 -0.21031474 0.04379998
v 0.05872240 -0.20584044 0.03822134
v 0.06195066 -0.21011010 0.03928889
v 0.15044472 -0.19291222 0.10936535
v 0.15421337 -0.18595846 0.11399405
v 0.15051712 -0.19258963 0.11227454
v 0.15695179 -0.18988271 0.11744767
v 0.15370198 -0.19440074 0.11298215
v 0.17327249 -0.04009899 -0.01507835
v 0.17297836 -0.04590247 -0.00901308
v 0.17300245 -0.05302548 -0.00821929
v 0.16864039 -0.04782322 -0.01981901
v 0.16842261 -0.05692909 -0.00814218
v 0.16352388 -0.05740301 -0.01291854
v 0.16318403 -0.04787938 -0.02365156
v 0.15625884 -0.05526203 -0.02517092
v 0.15409565 -0.04674320 -0.03178216
v 0.16756511 -0.06267437 -0.01212701
v 0.15727548 -0.06335665 -0.02616710
v 0.14792731 -0.04999746 -0.04114529
v 0.13830921 -0.03370885 -0.04597588
v 0.13821498 -0.04170805 -0.04836661
v 0.14834523 -0.06336610 -0.03489800
v 0.16024254 -0.06958494 -0.01678921
v 0.16791643 -0.06995204 -0.00913586
v 0.17249897 -0.05929696 -0.00744511
v 0.18373768 -0.06483255 -0.00270093
v 0.14308865 -0.05332567 -0.04240359
v 0.18117942 -0.05729729 -0.00413091
v 0.15361197 -0.06742401 -0.02517881
v 0.17748335 -0.07247797 0.00025936
v 0.12887846 -0.05121721 -0.04458169
v 0.12843594 -0.03986127 -0.04928685
v 0.17633562 -0.07175201 0.00563353
v 0.18444325 -0.06710429 0.00366473
v 0.19054919 -0.06419255 -0.00444785
v 0.16352388 -0.05740301 -0.01291854
v 0.16842261 -0.05692909 -0.00814218
v 0.15776122 -0.05555671 -0.01121587
v 0.12450664 -0.21379513 0.15555952
v 0.12220789 -0.21322514 0.15589553
v 0.12242293 -0.22518043 0.14560889
v 0.12507719 -0.22271065 0.14741787
v 0.11853413 -0.19822161 0.15755793
v 0.12815729 -0.22995223 0.15848430
v 0.12370072 -0.20330513 0.16111961
v 0.11940386 -0.24134661 0.14096686
v 0.12417334 -0.24039301 0.14958356
v 0.12956938 -0.21179792 0.16707347
v 0.12772292 -0.19727166 0.16474399
v 0.11516020 -0.18832156 0.15525140
v 0.12411251 -0.18361960 0.15832964
v 0.11282479 -0.17919962 0.15116496
v 0.11797894 -0.16796368 0.14821611
v 0.11083613 -0.16460820 0.14253069
v -0.04494384 0.15879059 -0.18057026
v -0.03497854 0.17173725 -0.17955345
v -0.03992998 0.16471869 -0.18213315
v 0.02842588 0.43115565 0.14264798
v 0.03088163 0.42710525 0.14455757
v 0.02575425 0.42307696 0.14631622
v 0.03903767 0.45244190 0.12717927
v 0.04426501 0.45245171 0.12599300
v 0.04177157 0.45795432 0.12949102
v 0.05275126 0.44592190 0.12606402
v 0.14393154 -0.20020838 0.02424686
v 0.14708027 -0.20184718 0.02634086
v 0.14305636 -0.20844720 0.02750218
v 0.14123599 -0.21613348 0.03475549
v 0.14512235 -0.19429842 0.02724854
v 0.13872206 -0.20403996 0.04393132
v 0.14536712 -0.19659139 0.03437433
v 0.13267550 -0.21039481 0.04391643
v 0.13587490 -0.21570583 0.03796136
v -0.09309381 0.18724552 -0.16629671
v -0.08846233 0.18660235 -0.16612551
v -0.09527359 0.18246756 -0.16191010
v -0.17563529 -0.10519370 0.13255267
v -0.17514287 -0.10263965 0.13711174
v -0.18118311 -0.10315157 0.13495755
v -0.18714081 -0.08931506 0.14404629
v -0.17765406 -0.09294719 0.14270054
v -0.19140115 -0.08791582 0.14063202
v -0.19501457 -0.07613248 0.14446555
v -0.19001843 -0.07580052 0.14577702
v -0.19667099 -0.06429418 0.14358462
v -0.20103505 -0.06800007 0.13972841
v -0.20441724 -0.05450038 0.13678472
v -0.19804341 -0.07573160 0.13553351
v -0.18850510 -0.09319454 0.13278784
v -0.18165556 -0.10148343 0.12725860
v -0.19376227 -0.08207788 0.13130282
v -0.19980633 -0.06175662 0.12812303
v -0.20345804 -0.05886947 0.12769295
v -0.19860806 -0.06598894 0.12589933
v 0.21444829 -0.06746648 -0.01953431
v 0.21531188 -0.06526021 -0.02285182
v 0.22094114 -0.06628887 -0.01686152
v 0.21675907 -0.07428051 -0.02022448
v 0.21748006 -0.08991788 -0.02036097
v 0.21328847 -0.08783130 -0.02540548
v 0.21331520 -0.09564096 -0.02896046
v 0.21325189 -0.10368024 -0.02816164
v 0.21930976 -0.07815395 -0.01314110
v 0.22322129 -0.06380960 -0.00921104
v 0.13079834 0.25078240 -0.03722960
v 0.14344455 0.25940576 -0.03994194
v 0.12309494 0.24571845 -0.03372749
v 0.11799327 -0.22419347 0.15287563
v 0.11860656 -0.22845341 0.15761100
v 0.11434901 -0.22968645 0.15825291
v -0.23282254 0.02875161 0.06587473
v -0.22764266 0.02275600 0.06099686
v -0.23861723 0.03090817 0.06901406
v -0.23248632 0.01654924 0.06422536
v -0.21820530 0.01504472 0.05519573
v -0.21845484 0.02846317 0.05738572
v -0.21986851 -0.00328051 0.06118001
v -0.22932661 -0.00352013 0.06840409
v -0.20604092 0.01305657 0.05249025
v -0.20418428 0.02727129 0.05314362
v -0.18942273 0.02302980 0.05117378
v -0.18618366 0.03040429 0.05176359
v -0.20480868 -0.00271044 0.05838231
v -0.20341779 0.03555267 0.05633777
v -0.21082518 0.03589843 0.05895733
v -0.21507427 0.04568774 0.05916231
v -0.22136156 0.03308631 0.06493402
v -0.20417173 0.04185994 0.05428916
v -0.21739785 -0.01315703 0.06650639
v -0.19484666 -0.00054562 0.06008502
v -0.22225153 -0.01549336 0.07259756
v -0.23204483 -0.01272257 0.07847255
v -0.18556531 0.03853627 0.05746643
v -0.17911291 0.04182444 0.06212661
v -0.17792782 0.02868175 0.05509816
v -0.17183241 0.03621121 0.06226874
v 0.11532832 0.34688756 -0.08827323
v 0.11607322 0.34332955 -0.08916260
v 0.11951211 0.34627590 -0.08253482
v -0.11091614 -0.42460868 -0.03769762
v -0.11650833 -0.42585334 -0.04049105
v -0.10805304 -0.42168641 -0.03326422
v 0.13079834 0.25078240 -0.03722960
v 0.12309494 0.24571845 -0.03372749
v 0.11630972 0.24226519 -0.02956774
v -0.04494384 0.15879059 -0.18057026
v -0.01773634 0.19416219 -0.17828551
v -0.03497854 0.17173725 -0.17955345
v -0.04033898 0.14710957 0.06887832
v 0.00535305 0.14689751 0.07488130
v -0.03225891 0.14745559 0.11328344
v -0.06580559 0.14777124 0.10378800
v 0.02303024 0.14773101 0.11542740
v 0.05330684 0.14742082 0.11424543
v 0.04438782 0.14677052 0.07174722
v 0.06791557 0.14756657 0.06710191
v 0.06721435 0.14822464 0.11343136
v -0.06737807 0.14944389 0.06688286
v 0.14344455 0.25940576 -0.03994194
v 0.15172890 0.23989859 -0.04259157
v 0.12309494 0.24571845 -0.03372749
v 0.02188077 -0.07769088 -0.00525912
v 0.02565562 -0.06842850 0.00643820
v 0.00657767 -0.07709619 0.00173679
v -0.11178417 -0.26625288 0.03831648
v -0.11442728 -0.27707139 0.03850586
v -0.11962476 -0.25893393 0.05861641
v -0.11460678 -0.26041862 0.04566739
v -0.11832743 -0.24870722 0.05878406
v -0.11887027 -0.24776858 0.06560759
v -0.11543320 -0.23123121 0.06289169
v -0.11180923 -0.26461098 0.02674726
v -0.11692689 -0.27862367 0.02672092
v 0.11941615 -0.19617070 0.01812464
v 0.11895221 -0.20110141 0.03262667
v 0.11867415 -0.21212746 0.02054574
v -0.05557723 0.36450148 -0.05254234
v -0.05620728 0.34924698 -0.05428676
v -0.05811688 0.35255426 -0.04581635
v -0.05025778 0.36537525 -0.04737795
v -0.03699834 -0.39833906 -0.07717713
v -0.04594816 -0.39895126 -0.07372552
v -0.03888050 -0.40998921 -0.07574390
v -0.04176963 -0.39640427 -0.07553667
v -0.04930453 -0.40236843 -0.06929571
v 0.15038557 -0.17125171 0.11657371
v 0.15756495 -0.18189195 0.12155977
v 0.15038614 -0.18501461 0.11946030
v 0.14739721 -0.18444933 0.11532485
v 0.16088003 -0.18392895 0.12857826
v -0.11457777 -0.21343939 0.06037490
v -0.11168069 -0.22264658 0.05713639
v -0.11543320 -0.23123121 0.06289169
v -0.11331787 -0.21673223 0.05437445
v -0.09214500 -0.48856553 0.06431355
v -0.10543522 -0.49037468 0.07265364
v -0.08408601 -0.49343136 0.05942475
v -0.01082031 -0.08279626 -0.01846157
v -0.01348941 -0.08008543 -0.00750040
v -0.00958826 -0.08814818 -0.01128167
v 0.07227121 -0.49956578 0.08850776
v 0.09872779 -0.49951074 0.10206368
v 0.07615615 -0.49760562 0.09199147
v -0.18754509 0.09706357 0.09715918
v -0.19189553 0.09161179 0.09814421
v -0.18207240 0.09496667 0.09197326
v -0.23414746 0.03443725 0.10015745
v -0.23494785 0.03848884 0.10397407
v -0.22868361 0.04282571 0.10792273
v 0.14936174 -0.49783316 0.09837528
v 0.15758853 -0.49497509 0.09443083
v 0.14502533 -0.49570718 0.10207421
v -0.03031303 0.38549706 -0.04766084
v -0.02115194 0.40086597 -0.05017160
v -0.03423362 0.37977341 -0.04851428
v -0.02212834 0.39866376 -0.04848371
v -0.01870651 0.41836321 -0.05043764
v 0.22552447 -0.08796982 -0.06180578
v 0.23029247 -0.08820121 -0.06475744
v 0.22155061 -0.08468622 -0.05927623
v 0.15075734 -0.21643598 0.09610722
v 0.15196766 -0.22697519 0.07696819
v 0.14527614 -0.21977083 0.08544300
v 0.16255419 -0.22284259 0.09322606
v 0.14126237 -0.22428188 0.07589548
v 0.13712795 -0.23029748 0.06270942
v 0.14774853 -0.23514837 0.05931280
v 0.15735535 -0.21828334 0.09770645
v 0.13631821 -0.23672402 0.04694626
v 0.14487545 -0.24182944 0.04336223
v 0.14527437 -0.24416880 0.03126303
v 0.14854024 -0.25015062 0.04433566
v 0.15269549 -0.25524113 0.02735523
v 0.13940093 -0.24337049 0.01438658
v 0.14972359 -0.20832887 0.09877716
v 0.12783797 -0.23300843 0.01283257
v 0.12101261 -0.22636917 0.02497485
v 0.14910343 -0.24349120 0.05958544
v 0.16090217 -0.22009379 0.09960463
v 0.13099305 -0.23491311 0.03434158
v 0.11831793 -0.22411878 0.02085195
v 0.11815537 -0.21436043 0.03506298
v 0.11867415 -0.21212746 0.02054574
v 0.11895221 -0.20110141 0.03262667
v 0.12712002 -0.22318016 0.03846490
v 0.12945764 -0.21355574 0.04276125
v 0.15348418 -0.22998011 0.07490603
v 0.12783797 -0.23300843 0.01283257
v 0.11316114 -0.22038965 0.02343858
v 0.11831793 -0.22411878 0.02085195
v 0.11118931 -0.23390138 -0.00099820
v 0.09569196 -0.23114125 0.00011516
v 0.09116162 -0.21886772 0.02283109
v 0.09518652 -0.21403693 0.03268626
v 0.10245765 -0.21157688 0.03401669
v 0.11427753 -0.21294506 0.02950485
v 0.08181790 -0.21474893 0.03501254
v 0.08137804 -0.21016435 0.03745892
v 0.20770788 -0.00722050 -0.04663461
v 0.19717832 -0.01048951 -0.04249084
v 0.20262003 -0.00829512 -0.04905274
v 0.18677582 -0.01088715 -0.04011576
v 0.18488111 -0.01387147 -0.03530750
v 0.20335257 -0.00402390 -0.03788543
v 0.21512854 -0.00213047 -0.04353394
v 0.22838184 -0.00518627 -0.04881730
v 0.22705765 0.00136210 -0.04270829
v 0.23587956 -0.00278916 -0.04442326
v 0.23488589 -0.00087577 -0.04999764
v 0.24524976 -0.00059819 -0.03500454
v 0.24032666 0.00969990 -0.04850307
v 0.24104473 -0.00215547 -0.02922534
v 0.24402717 -0.00125923 -0.01451923
v 0.23676199 -0.00332883 -0.00274927
v 0.23330103 -0.00128694 -0.01022618
v 0.22551382 -0.00284257 0.00118912
v 0.23013820 -0.00645654 0.00771168
v 0.23417170 0.00073446 -0.02566822
v 0.22027621 -0.00808584 0.00585582
v 0.24732924 0.00634901 -0.02193296
v 0.22694963 -0.00854912 0.01402773
v 0.21601902 -0.01239319 0.00779535
v 0.22038747 -0.00981206 0.01730241
v 0.20361449 -0.01469424 0.01049096
v 0.20310885 -0.01235500 0.01636017
v 0.19136177 -0.01471194 0.01147836
v 0.19958162 -0.01305927 0.00625207
v 0.19179833 -0.01377639 0.00257307
v 0.18334052 -0.01782735 0.00294409
v 0.18420283 -0.01404464 -0.00326232
v 0.17895555 -0.01765277 -0.00172576
v 0.17716144 -0.01424784 0.00266358
v 0.17360036 -0.01482267 -0.00830717
v 0.18439569 -0.01340825 -0.00761112
v 0.21497376 -0.00486809 -0.05234099
v 0.23322666 0.00322833 -0.03782695
v 0.17510577 -0.01606347 -0.01808160
v 0.17814624 -0.01374325 -0.02970156
v 0.19484225 -0.00437313 -0.03245533
v 0.23925264 0.00208057 0.00449885
v 0.18712904 -0.00543064 -0.02382175
v 0.17966227 -0.01528169 -0.01953871
v 0.18417160 -0.00932939 -0.01639742
v 0.22919831 0.00279111 -0.03745004
v 0.23288216 -0.00170211 -0.03326973
v 0.17814624 -0.01374325 -0.02970156
v 0.17966227 -0.01528169 -0.01953871
v 0.17510577 -0.01606347 -0.01808160
v 0.18417160 -0.00932939 -0.01639742
v 0.18420283 -0.01404464 -0.00326232
v 0.17966227 -0.01528169 -0.01953871
v 0.06640705 0.29396006 0.09262725
v 0.06947953 0.30557084 0.09082976
v 0.05368950 0.28595021 0.10456589
v 0.07849044 0.30203691 0.07917181
v 0.08206932 0.29441032 0.07888529
v 0.08862653 0.30993423 0.06870012
v 0.05080316 0.29425511 0.10551878
v 0.05879078 0.30795905 0.09641208
v 0.04626407 0.30449072 0.10590153
v 0.06032804 0.33282879 0.11468694
v 0.07229788 0.28789556 0.09203249
v 0.07409205 0.32966217 0.09333707
v 0.07033126 0.31527936 0.08513691
v 0.08053954 0.32513544 0.07039385
v 0.08809253 0.35125282 0.07898933
v 0.08937293 0.34261811 0.04905425
v 0.09300150 0.36676925 0.07685947
v 0.09560020 0.36500564 0.06600199
v 0.09781358 0.36013895 0.04090677
v 0.09178197 0.34835368 0.03854256
v 0.08663835 0.35107380 0.01538453
v 0.10161316 0.37411654 0.03100812
v 0.09365238 0.36684951 0.01582436
v 0.08138948 0.35867468 0.10027094
v 0.10175297 0.38533232 0.06212270
v 0.10332114 0.37625948 0.04558273
v 0.09329543 0.38091165 0.08394411
v 0.08937114 0.37732801 -0.00031776
v 0.08959195 0.29422909 0.07037784
v 0.08821119 0.33267289 0.05566375
v 0.08842400 0.31874973 0.06504171
v 0.04623747 0.32431710 0.12103712
v 0.04784999 0.34416974 0.13101682
v 0.03282247 0.33966801 0.13668415
v 0.05954931 0.35672399 0.12724401
v 0.07887602 0.31532231 0.07867963
v 0.07026803 0.35106862 0.11311531
v 0.04293286 0.28415841 0.11170409
v 0.08438586 0.27948055 0.07829441
v 0.09273695 0.27321222 0.07122649
v 0.08340564 0.25260952 0.07936252
v 0.08655768 0.27976173 0.08915410
v 0.08440492 0.22962685 0.08592520
v 0.08299811 0.20590904 0.07821370
v 0.07980672 0.21250701 0.07099190
v 0.08503676 0.20604505 0.09529154
v 0.08506950 0.19338606 0.11373989
v 0.08548288 0.20332421 0.10716198
v 0.07998113 0.16577269 0.07076255
v 0.07935962 0.15520604 0.07210116
v 0.08955885 0.27654436 0.10963430
v 0.08650219 0.21848837 0.11927571
v 0.08998354 0.25798136 0.12802714
v 0.09143244 0.27534267 0.13184889
v 0.08043082 0.27443758 0.15269376
v 0.07962483 0.27784479 0.15219590
v 0.07750682 0.24680994 0.14530315
v 0.08162638 0.15789959 0.11106979
v 0.08868688 0.20746571 0.10360146
v 0.07739741 0.19101007 0.06546089
v 0.09181796 0.24306810 0.06434551
v 0.08016075 0.28256238 0.14567077
v 0.07509200 0.16165522 0.06358992
v 0.07737163 0.15301862 0.11010921
v 0.06972844 0.15777247 0.12717579
v 0.07229580 0.15041678 0.06713177
v 0.07243877 0.18472791 0.13223381
v 0.08733520 0.28133970 0.13058649
v 0.08642913 0.21663657 0.10491272
v 0.07412995 0.20413660 0.13603139
v 0.10272405 0.22515577 0.04905512
v 0.08117207 0.16799130 0.05472837
v 0.11024275 0.20203932 0.03085777
v 0.11431628 0.22613710 0.03125976
v 0.11663175 0.21859206 0.01822265
v 0.11418314 0.20265158 0.01861312
v 0.11883619 0.20970643 0.00266527
v 0.11617685 0.19041482 -0.00178270
v 0.11172748 0.23513962 0.03981695
v 0.10553150 0.24409731 0.05212804
v 0.10992900 0.24950376 0.05134191
v 0.11889975 0.20799762 -0.00280403
v 0.11280269 0.18193467 -0.02005406
v 0.11268725 0.17012224 0.00078654
v 0.11296546 0.20302583 -0.03199473
v 0.11671309 0.22619507 -0.01870832
v 0.10964198 0.18326014 -0.03615799
v 0.10499036 0.18336305 -0.05015245
v 0.10768193 0.20635222 -0.04810715
v 0.09670108 0.18309681 -0.06850793
v 0.09517013 0.22538564 -0.07488311
v 0.09183154 0.20380184 -0.07926840
v 0.10890758 0.15956597 -0.03429472
v 0.10607286 0.23888107 -0.05109677
v 0.09580716 0.23431633 -0.07126760
v 0.11112653 0.15242743 -0.00338479
v 0.09340487 0.16859829 0.04057536
v 0.08733097 0.16435179 0.05110653
v 0.10607482 0.17019786 0.02046916
v 0.10361120 0.16397899 -0.05262149
v 0.10867771 0.24507248 -0.04765859
v 0.09893559 0.16424869 0.03638135
v 0.09611467 0.14697953 0.03708572
v 0.08529615 0.14693311 0.05075413
v 0.10295043 0.25062132 -0.05352662
v 0.08840687 0.18711548 -0.08335917
v 0.08838295 0.18432212 -0.08568285
v 0.09438498 0.14348398 0.03449710
v 0.07757287 0.14265272 0.05259569
v 0.07632552 0.12506911 0.04846993
v 0.09194778 0.13027310 0.03190811
v 0.07758258 0.11322881 0.04114226
v 0.06728637 0.11409019 0.04990412
v 0.09009480 0.10941865 0.01828857
v 0.09879827 0.13383676 0.01929052
v 0.07878646 0.10444431 0.02926185
v 0.08206755 0.08695893 0.02085424
v 0.07581409 0.08372949 0.02783597
v 0.06470490 0.09911913 0.03976219
v 0.06491069 0.08296255 0.03725421
v 0.06159648 0.06297113 0.03853463
v 0.07061118 0.10736162 0.03928123
v 0.11668424 0.23378345 -0.02320861
v 0.07957015 0.06393291 0.02312507
v 0.09396192 0.24578470 0.06158497
v 0.10607457 0.26133987 0.06219705
v 0.09739316 0.26030916 0.06537508
v 0.07526112 0.16912685 0.06195289
v 0.09764253 0.39896873 0.00955959
v 0.09342003 0.39476356 0.00138494
v 0.10345706 0.39543504 0.02974837
v 0.09938557 0.41295660 0.01989028
v 0.09354107 0.42493817 0.01044239
v 0.10274345 0.41244736 0.04152722
v 0.09599823 0.42968136 0.02895593
v 0.08863962 0.40386334 -0.00706074
v 0.10568269 0.14936724 -0.01452467
v 0.10195089 0.15325838 -0.03454261
v 0.10057838 0.14057091 -0.04057882
v 0.10308637 0.12935060 -0.01743398
v 0.09900178 0.12664177 -0.03251908
v 0.09891927 0.12166919 -0.02083485
v 0.09739527 0.11718431 -0.00932045
v 0.09908035 0.08520710 -0.01497259
v 0.09122454 0.08508722 0.01138875
v 0.09462482 0.11425503 0.00535760
v 0.09730520 0.06278680 -0.00159726
v 0.10249001 0.06532025 -0.02253689
v 0.09474806 0.13770482 -0.05324722
v 0.08672521 0.14461035 -0.06687050
v 0.09882226 0.09627567 -0.04897447
v 0.08915342 0.13846132 -0.06678849
v 0.08406471 0.15453367 -0.06976716
v 0.10007486 0.09693748 -0.03405549
v 0.09356614 0.15410236 -0.05401372
v 0.07111625 0.14927769 -0.08674563
v 0.07476396 0.15761065 -0.08753051
v 0.08559548 0.16115527 -0.08543637
v 0.07449054 0.36000338 -0.01063068
v 0.08852365 0.16553976 -0.08544004
v 0.10534818 0.14933810 0.01946688
v 0.09887401 0.40065107 0.07559216
v 0.09206678 0.40016344 0.08899166
v 0.09433813 0.41316342 0.08461351
v 0.09082389 0.41634512 0.08804692
v 0.08121237 0.40786070 0.10743118
v 0.08139469 0.42509949 0.10241099
v 0.08783191 0.43457028 0.08348914
v 0.07863722 0.43860522 0.09869869
v 0.07835253 0.45577252 0.07894716
v 0.08445217 0.45221177 0.06697270
v 0.08208490 0.46468121 0.07779094
v 0.08018736 0.46857390 0.07271382
v 0.07603773 0.47388595 0.07886132
v 0.07703089 0.47262043 0.08532603
v 0.09382853 0.42484066 0.07715151
v 0.06695728 0.43590537 0.11814701
v 0.06606797 0.44521594 0.11275476
v 0.10130852 0.41319495 0.06236912
v 0.06948317 0.45617649 0.09469832
v 0.09611970 0.42621258 0.07217818
v 0.10369662 0.40083125 0.05605692
v 0.07779703 0.46458805 0.08303481
v 0.11630972 0.24226519 -0.02956774
v 0.10071673 0.12726401 0.00559306
v 0.08643275 0.38460198 0.09956983
v 0.09339286 0.10087365 -0.06561338
v 0.08387761 0.12896019 -0.07730622
v 0.08674172 0.09407353 -0.08149704
v 0.09704304 0.07247555 -0.07123809
v 0.09135311 0.07318685 -0.08307076
v 0.08267362 0.28601381 0.08220197
v 0.05885962 0.46344420 0.10130493
v 0.05486627 0.45887151 0.11239237
v 0.05908346 0.47010383 0.11067354
v 0.04933695 0.46529299 0.12127014
v 0.04608897 0.45812458 0.12057054
v 0.05740512 0.47259635 0.11159942
v 0.04874653 0.47195175 0.12095746
v 0.04408564 0.46353862 0.12543772
v 0.05275126 0.44592190 0.12606402
v 0.06043777 0.46865186 0.10355920
v 0.08613907 0.44513297 0.02002544
v 0.08687358 0.44900724 0.04732484
v 0.07816364 0.45956278 0.03621178
v 0.06902688 0.46773583 0.02445647
v 0.07583908 0.45558959 0.01033308
v 0.06312381 0.47678360 0.03894148
v 0.06371965 0.47108662 0.01565646
v 0.07739203 0.44481283 -0.00357200
v 0.07377008 0.46662730 0.05788120
v 0.06666213 0.45703903 -0.00512775
v 0.08238122 0.43498814 -0.00431312
v 0.09820063 0.16056728 -0.06235427
v 0.09226361 0.43955934 0.06146944
v 0.06791557 0.14756657 0.06710191
v 0.06721435 0.14822464 0.11343136
v 0.08359432 0.42262319 -0.00916743
v 0.10454814 0.39312366 0.04185631
v 0.09414981 0.22993754 0.05932347
v 0.10396194 0.06760215 -0.04310241
v 0.10449612 0.14565444 0.00895112
v 0.10515682 0.16547899 0.02484368
v 0.04177157 0.45795432 0.12949102
v 0.07802489 0.38167679 0.11294380
v 0.09239637 0.23620456 0.06086974
v 0.07275964 0.13881274 -0.08985846
v 0.07452206 0.47100684 0.09028072
v 0.07312512 0.14709061 0.06313128
v 0.04426501 0.45245171 0.12599300
v 0.10264997 0.07061262 -0.05280636
v 0.09910265 0.42496070 0.05072646
v 0.08117207 0.16799130 0.05472837
v 0.07526112 0.16912685 0.06195289
v 0.07509200 0.16165522 0.06358992
v 0.08733097 0.16435179 0.05110653
v 0.08529615 0.14693311 0.05075413
v 0.07312512 0.14709061 0.06313128
v 0.08821119 0.33267289 0.05566375
v 0.07887602 0.31532231 0.07867963
v 0.08842400 0.31874973 0.06504171
v 0.10274345 0.41244736 0.04152722
v 0.10130852 0.41319495 0.06236912
v 0.10369662 0.40083125 0.05605692
v 0.09910265 0.42496070 0.05072646
v 0.10454814 0.39312366 0.04185631
v 0.10071673 0.12726401 0.00559306
v 0.09009480 0.10941865 0.01828857
v 0.09462482 0.11425503 0.00535760
v 0.09122454 0.08508722 0.01138875
v 0.08632211 0.09156657 0.02006201
v 0.08680941 0.06483539 0.02183185
v 0.09730520 0.06278680 -0.00159726
v 0.08650219 0.21848837 0.11927571
v 0.07412995 0.20413660 0.13603139
v 0.08506950 0.19338606 0.11373989
v 0.08642913 0.21663657 0.10491272
v 0.09599823 0.42968136 0.02895593
v 0.09226361 0.43955934 0.06146944
v 0.09910265 0.42496070 0.05072646
v 0.08687358 0.44900724 0.04732484
v 0.08445217 0.45221177 0.06697270
v 0.09226361 0.43955934 0.06146944
v 0.07377008 0.46662730 0.05788120
v 0.07781866 0.46064848 0.06854512
v 0.08559548 0.16115527 -0.08543637
v 0.08852365 0.16553976 -0.08544004
v 0.09820063 0.16056728 -0.06235427
v 0.22335313 -0.08460934 -0.07980449
v 0.22432593 -0.07563996 -0.06698014
v 0.23027252 -0.07775048 -0.06762254
v 0.23280321 -0.08351636 -0.06496548
v 0.23610838 -0.06635910 -0.05594903
v 0.23892032 -0.07235889 -0.05205486
v 0.23940960 -0.05928328 -0.04793591
v 0.23138432 -0.05057785 -0.04849150
v 0.23552133 -0.04367921 -0.04538124
v 0.23961999 -0.04906195 -0.04107749
v 0.23578879 -0.02133521 -0.04101139
v 0.23080367 -0.06529446 -0.05668117
v 0.22358420 -0.08968431 -0.08010803
v 0.23029247 -0.08820121 -0.06475744
v 0.22902973 -0.01996911 -0.04372833
v 0.22355387 -0.00440538 -0.04120129
v 0.23288216 -0.00170211 -0.03326973
v 0.22919831 0.00279111 -0.03745004
v 0.22705765 0.00136210 -0.04270829
v 0.23932877 -0.02244873 -0.03324038
v 0.23733512 -0.01493745 -0.02092639
v 0.23417170 0.00073446 -0.02566822
v 0.23322666 0.00322833 -0.03782695
v 0.23417170 0.00073446 -0.02566822
v 0.23288216 -0.00170211 -0.03326973
v -0.09146839 0.39991942 -0.10868026
v -0.08344654 0.40497670 -0.10898253
v -0.08504803 0.39453810 -0.11174595
v -0.09021591 0.39063123 -0.10733135
v -0.08674274 0.37710527 -0.11338202
v -0.09162079 0.37556696 -0.10195944
v -0.09159205 0.38236982 -0.08160058
v -0.07839137 0.40040857 -0.11885100
v -0.09170536 0.37427059 -0.06475722
v -0.09244360 0.39480767 -0.08893853
v -0.08417523 0.37014097 -0.12206031
v -0.07295875 0.37807000 -0.13173656
v -0.07185355 0.34880903 -0.14078130
v -0.07367796 0.32088524 -0.14943820
v -0.08472177 0.32082355 -0.13762063
v -0.08509393 0.34241116 -0.12888971
v -0.08285910 0.32150590 -0.13242234
v -0.08176124 0.29752505 -0.13831240
v -0.08484703 0.30436078 -0.14365752
v -0.08534633 0.28827855 -0.14926469
v -0.08174109 0.28835973 -0.14255841
v -0.08187136 0.27142179 -0.14659208
v -0.08533346 0.26667419 -0.15673661
v -0.07347130 0.26961139 -0.16669357
v -0.08569327 0.24502179 -0.16425537
v -0.07272642 0.22865015 -0.18152149
v -0.08642463 0.22126570 -0.17205004
v -0.07413071 0.21769877 -0.18358135
v -0.08412513 0.20911427 -0.17364861
v -0.07321784 0.21518239 -0.18319084
v -0.07887290 0.20475601 -0.17793183
v -0.08531770 0.18584505 -0.17349587
v -0.08846233 0.18660235 -0.16612551
v -0.07963911 0.18717173 -0.17693944
v -0.08300807 0.23785177 -0.15953270
v -0.09421358 0.17214918 -0.15965334
v -0.09527359 0.18246756 -0.16191010
v -0.08917604 0.15825514 -0.17434075
v -0.09331169 0.15850623 -0.16205899
v -0.09034672 0.15282735 -0.16000919
v -0.08985151 0.15306164 -0.12786865
v -0.09421298 0.16982926 -0.14093582
v -0.07388975 0.19648166 -0.18380907
v -0.08308790 0.23659624 -0.13417409
v -0.08469234 0.21506330 -0.14749400
v -0.08533000 0.19279663 -0.11696487
v -0.08756958 0.19227454 -0.13782877
v -0.08968484 0.18028165 -0.13244684
v -0.09175333 0.18349871 -0.13784039
v -0.08818658 0.19470125 -0.14940523
v -0.08374994 0.21540499 -0.11267669
v -0.08248639 0.19167435 -0.10512257
v -0.08228765 0.22043476 -0.10173448
v -0.07969985 0.21157026 -0.09767636
v -0.07937977 0.23046677 -0.09453075
v -0.07898393 0.18983306 -0.10022925
v -0.08031800 0.16880456 -0.10045844
v -0.08322182 0.15170424 -0.10434162
v -0.08765281 0.15375768 -0.11321335
v -0.08808678 0.16709954 -0.11567599
v -0.08294807 0.14857800 -0.11350197
v -0.07966624 0.24431339 -0.09145347
v -0.08215714 0.25985691 -0.09436233
v -0.07868903 0.18077196 -0.18047319
v -0.08275824 0.25972837 -0.11171452
v -0.07312583 0.29309189 -0.15898229
v -0.07219861 0.39936954 -0.12461005
v -0.07665865 0.42762175 -0.11225799
v -0.08199625 0.34127378 -0.12284480
v -0.08162438 0.36440966 -0.11367940
v -0.08125675 0.37176418 -0.10834851
v -0.08155825 0.36958477 -0.09718505
v -0.08145688 0.36978298 -0.07261336
v -0.08249280 0.32224461 -0.09790944
v -0.08446970 0.21525154 -0.16808835
v -0.09135898 0.39294654 -0.06431557
v -0.08536728 0.36354387 -0.12109698
v -0.07963666 0.26933286 -0.08609697
v -0.07975402 0.28604835 -0.08205707
v -0.08009078 0.29930669 -0.07838754
v -0.09625775 0.17413430 -0.15404564
v -0.09481774 0.18817312 -0.14337684
v -0.07990714 0.15836228 -0.18172690
v -0.09172209 0.39944768 -0.09816821
v -0.09583220 0.18876231 -0.16145752
v -0.09309381 0.18724552 -0.16629671
v -0.09234893 0.16669428 -0.13764638
v -0.08437862 0.42443857 -0.10433853
v -0.08419725 0.40121043 -0.09595018
v -0.08559124 0.42620438 -0.09210779
v -0.08488031 0.42242712 -0.06976265
v -0.08306058 0.39547750 -0.08451965
v -0.08174863 0.39463714 -0.07285757
v -0.07980669 0.39266646 -0.06210038
v -0.08190773 0.41980779 -0.05990702
v -0.08228520 0.30622095 -0.09001043
v -0.08015906 0.31475481 -0.07253063
v -0.08009196 0.34402063 -0.06149473
v -0.07920014 0.33657348 -0.06291995
v -0.08162438 0.36440966 -0.11367940
v -0.08536728 0.36354387 -0.12109698
v -0.08199625 0.34127378 -0.12284480
v -0.08249280 0.32224461 -0.09790944
v -0.08088878 0.35925287 -0.06512920
v -0.08145688 0.36978298 -0.07261336
v -0.08009196 0.34402063 -0.06149473
v -0.07848630 0.37167317 -0.06313851
v -0.08765281 0.15375768 -0.11321335
v -0.09234893 0.16669428 -0.13764638
v -0.08985151 0.15306164 -0.12786865
v -0.08294807 0.14857800 -0.11350197
v -0.08968484 0.18028165 -0.13244684
v -0.09421298 0.16982926 -0.14093582
v -0.09234893 0.16669428 -0.13764638
v -0.09175333 0.18349871 -0.13784039
v -0.09481774 0.18817312 -0.14337684
v -0.09631606 0.19045414 -0.13836661
v 0.15695179 -0.18988271 0.11744767
v 0.15421337 -0.18595846 0.11399405
v 0.15038614 -0.18501461 0.11946030
v 0.14739721 -0.18444933 0.11532485
v 0.15038557 -0.17125171 0.11657371
v 0.15199101 -0.16759278 0.11556602
v 0.14323591 -0.16097401 0.12782027
v 0.15024053 -0.15833113 0.12155807
v 0.14714848 -0.13425313 0.11437064
v 0.15923399 -0.14564219 0.10066532
v 0.15620530 -0.12079447 0.09760531
v 0.14393912 -0.12038980 0.10897813
v 0.14456429 -0.10554580 0.09777812
v 0.14145069 -0.10766151 0.10193367
v 0.11867414 -0.11285393 0.11607002
v 0.16155507 -0.17212047 0.10079960
v 0.14222743 -0.15606247 0.12813355
v 0.12586159 -0.10324581 0.10392487
v 0.13417903 -0.10374814 0.09904052
v 0.12337665 -0.08309323 0.09457909
v 0.10975897 -0.10056807 0.10793835
v 0.13248572 -0.07588966 0.08331846
v 0.10928097 -0.07821397 0.09666345
v 0.12056129 -0.04549407 0.07307896
v 0.10826486 -0.10294215 0.11456373
v 0.11171967 -0.13503511 0.13232164
v 0.16088003 -0.18392895 0.12857826
v 0.15271427 -0.17603743 0.13756770
v 0.16779079 -0.19512710 0.13343340
v 0.15877791 -0.18827914 0.14273712
v 0.15786286 -0.18809223 0.10859128
v 0.14195709 -0.17456824 0.14532052
v 0.14254090 -0.10425792 0.09167760
v 0.10969899 -0.04885513 0.07955351
v 0.10949549 -0.04268033 0.07842048
v 0.12224252 -0.03464884 0.06689260
v 0.13169450 -0.05739428 0.07055695
v 0.14327236 -0.19270696 0.15599491
v 0.15511905 -0.20142348 0.15151608
v 0.13954403 -0.20715757 0.16338727
v 0.12772292 -0.19727166 0.16474399
v 0.12956938 -0.21179792 0.16707347
v 0.12411251 -0.18361960 0.15832964
v 0.11797894 -0.16796368 0.14821611
v 0.12930217 -0.14388855 0.12961945
v 0.11172137 -0.14941385 0.13810386
v 0.12987761 -0.15894006 0.13466048
v 0.11083613 -0.16460820 0.14253069
v 0.15421337 -0.18595846 0.11399405
v 0.15370198 -0.19440074 0.11298215
v 0.15786286 -0.18809223 0.10859128
v 0.16021515 -0.19378662 0.10702871
v 0.16842261 -0.05692909 -0.00814218
v 0.17300245 -0.05302548 -0.00821929
v 0.17249897 -0.05929696 -0.00744511
vt 0.44381037 0.37944496
vt 0.44117647 0.37583214
vt 0.44381037 0.36817002
vt 0.99956101 0.37337381
vt 0.99799991 0.36990464
vt 0.99253732 0.37337381
vt 0.39301583 0.76298708
vt 0.35765937 0.77433014
vt 0.32746440 0.75822788
vt 0.31763861 0.78400564
vt 0.44478986 0.77270401
vt 0.38623098 0.80131936
vt 0.39429861 0.81483090
vt 0.44570422 0.79234719
vt 0.41512108 0.81420845
vt 0.35737187 0.74718124
vt 0.38418937 0.74747592
vt 0.40787965 0.74735940
vt 0.44028229 0.75915581
vt 0.43247426 0.74864572
vt 0.33551264 0.81348795
vt 0.29524040 0.79383910
vt 0.33115408 0.74733138
vt 0.29301479 0.74973643
vt 0.35832912 0.81282252
vt 0.43382299 0.81085545
vt 0.27595323 0.75804460
vt 0.28585806 0.81112969
vt 0.30965671 0.81483090
vt 0.44907814 0.78315365
vt 0.26646182 0.78074938
vt 0.27187881 0.80017740
vt 0.26888907 0.77003157
vt 0.29503933 0.81420505
vt 0.43999982 0.80193073
vt 0.82533020 0.23704189
vt 0.81840497 0.23986214
vt 0.81278467 0.26787877
vt 0.83831209 0.24319053
vt 0.82611388 0.27441353
vt 0.81461668 0.29379582
vt 0.83237427 0.31977737
vt 0.83747065 0.28601944
vt 0.85210091 0.29497051
vt 0.85309136 0.31586933
vt 0.85110104 0.26850212
vt 0.84925562 0.25684434
vt 0.85219300 0.28215671
vt 0.81018770 0.33042049
vt 0.85374075 0.32827377
vt 0.85199350 0.34305388
vt 0.83137470 0.34508157
vt 0.80909252 0.34454829
vt 0.84349388 0.35264266
vt 0.85559273 0.35183448
vt 0.85080647 0.36614501
vt 0.84748352 0.23914260
vt 0.84000337 0.36707717
vt 0.83276343 0.36131978
vt 0.83835316 0.37468052
vt 0.80809534 0.28922868
vt 0.80636758 0.30994087
vt 0.84602362 0.38226658
vt 0.82675010 0.37741685
vt 0.83105785 0.35013735
vt 0.82452434 0.35050076
vt 0.82477331 0.36693096
vt 0.80185610 0.36619574
vt 0.81189698 0.37626874
vt 0.82875443 0.37181735
vt 0.80559939 0.25967062
vt 0.83839422 0.24053115
vt 0.80632472 0.27631474
vt 0.85908693 0.33190453
vt 0.80893672 0.21782941
vt 0.85258496 0.23369944
vt 0.83805817 0.38757128
vt 0.80158669 0.24679613
vt 0.80056763 0.37115550
vt 0.81820619 0.23160094
vt 0.85894912 0.34448421
vt 0.84982848 0.23059034
vt 0.85488844 0.22964299
vt 0.85631394 0.23810983
vt 0.85524327 0.25643313
vt 0.85724455 0.27062553
vt 0.83563155 0.22489166
vt 0.79938543 0.23148549
vt 0.81677204 0.22179365
vt 0.85880309 0.32113791
vt 0.84970462 0.37815815
vt 0.82903695 0.21853709
vt 0.82691735 0.22297388
vt 0.82778829 0.22495437
vt 0.85869688 0.31245756
vt 0.85825861 0.29783523
vt 0.85495108 0.30412698
vt 0.85779256 0.28742325
vt 0.84729153 0.22210830
vt 0.84397048 0.21688235
vt 0.83086830 0.21125746
vt 0.85626245 0.22470582
vt 0.85389471 0.21749222
vt 0.85765922 0.21770012
vt 0.85758466 0.27813673
vt 0.82113647 0.23643088
vt 0.84518015 0.21368927
vt 0.83494145 0.21069545
vt 0.83523065 0.19762760
vt 0.84570724 0.19942844
vt 0.85557550 0.21355677
vt 0.85653275 0.20121711
vt 0.85729659 0.19581509
vt 0.84667963 0.38985252
vt 0.83522677 0.19297487
vt 0.83106762 0.19454795
vt 0.85908693 0.21313632
vt 0.37727588 0.86610657
vt 0.39555818 0.88978386
vt 0.41439530 0.88173419
vt 0.40509599 0.83412898
vt 0.37706923 0.83311737
vt 0.37637240 0.89913476
vt 0.37541717 0.89262748
vt 0.41938183 0.83077192
vt 0.42891821 0.85546207
vt 0.42762494 0.89157403
vt 0.41343504 0.89151520
vt 0.37928581 0.82791358
vt 0.36092237 0.87076187
vt 0.34618908 0.84761107
vt 0.34467414 0.86141306
vt 0.34858012 0.82846248
vt 0.34170571 0.89187640
vt 0.35907045 0.88775623
vt 0.35184413 0.90800512
vt 0.33933276 0.91182679
vt 0.37529576 0.90902036
vt 0.43516570 0.84460777
vt 0.44567174 0.83036840
vt 0.44545639 0.85017258
vt 0.44495511 0.87201750
vt 0.44422838 0.88965964
vt 0.38970113 0.90441775
vt 0.39399227 0.89217591
vt 0.40500292 0.89205629
vt 0.42888972 0.91025418
vt 0.42932698 0.89258957
vt 0.39585826 0.90978676
vt 0.44342428 0.91252834
vt 0.42654377 0.91530436
vt 0.44896418 0.84214181
vt 0.37534600 0.91537666
vt 0.33975542 0.91426617
vt 0.44954795 0.90829217
vt 0.35020190 0.82528740
vt 0.45171204 0.89522886
vt 0.44308072 0.82249200
vt 0.40847340 0.82425380
vt 0.44993591 0.85253340
vt 0.45171204 0.91487181
vt 0.42119154 0.81776488
vt 0.38185838 0.81756604
vt 0.36031008 0.81676024
vt 0.44163463 0.91890723
vt 0.45004860 0.82474202
vt 0.35034174 0.81662899
vt 0.41005051 0.91867918
vt 0.34194919 0.81649637
vt 0.44575343 0.81396359
vt 0.96020079 0.39812148
vt 0.95882159 0.38607949
vt 0.95987552 0.42620409
vt 0.96503729 0.38551819
vt 0.95430797 0.45668906
vt 0.96376622 0.43787932
vt 0.97506505 0.46403080
vt 0.93884319 0.46305943
vt 0.93932194 0.39671826
vt 0.94571352 0.35661101
vt 0.97268832 0.37362832
vt 0.96853781 0.35742176
vt 0.98375767 0.36222529
vt 0.94010943 0.36311245
vt 0.93551236 0.43177199
vt 0.94924450 0.46862853
vt 0.93567646 0.39315993
vt 0.97791535 0.35495412
vt 0.93315989 0.46255445
vt 0.96882439 0.44550371
vt 0.97723234 0.45871699
vt 0.98375767 0.46615112
vt 0.95972782 0.35169125
vt 0.93107992 0.42744684
vt 0.97832817 0.47051167
vt 0.94230598 0.35248244
vt 0.93337703 0.37660640
vt 0.84793693 0.09060073
vt 0.82925439 0.10708785
vt 0.85472262 0.10882396
vt 0.82935452 0.09061950
vt 0.88784003 0.10680819
vt 0.87652051 0.08537102
vt 0.88941717 0.08281434
vt 0.86409247 0.12395197
vt 0.83710074 0.14445311
vt 0.88720733 0.12566000
vt 0.85986650 0.14046299
vt 0.88768739 0.13615429
vt 0.82149768 0.13715118
vt 0.81137967 0.15344644
vt 0.81131864 0.10930568
vt 0.81244195 0.09633714
vt 0.81019771 0.12724507
vt 0.80728710 0.14356613
vt 0.83881158 0.05364114
vt 0.88981563 0.05632818
vt 0.87235242 0.03504771
vt 0.85632122 0.00737208
vt 0.84155977 0.02263784
vt 0.87591034 0.01228899
vt 0.83879262 0.01258332
vt 0.83063310 0.05539304
vt 0.88118154 0.01902527
vt 0.82467490 0.01807171
vt 0.88696486 0.03546399
vt 0.82807183 0.06460530
vt 0.81436169 0.07846314
vt 0.81659192 0.06292492
vt 0.81874228 0.05183542
vt 0.82169610 0.03304940
vt 0.87062508 0.00832444
vt 0.85661137 0.14977372
vt 0.83192098 0.15813076
vt 0.88981563 0.14617145
vt 0.87585157 0.16151649
vt 0.84175259 0.17190707
vt 0.81850111 0.16114891
vt 0.85908508 0.17096949
vt 0.82652736 0.16809440
vt 0.83506149 0.17221022
vt 0.87255192 0.16504455
vt 0.84552425 0.17389417
vt 0.23982331 0.78879255
vt 0.22055098 0.80365711
vt 0.23895401 0.82166386
vt 0.20879576 0.78312910
vt 0.22241101 0.77891672
vt 0.18666838 0.79653496
vt 0.19941683 0.82137883
vt 0.22653978 0.83066916
vt 0.17256080 0.81615216
vt 0.15745664 0.78545493
vt 0.11028495 0.80842280
vt 0.11610225 0.78757840
vt 0.13599452 0.80804634
vt 0.11023607 0.82583326
vt 0.13036829 0.82626206
vt 0.11211105 0.83362132
vt 0.10227629 0.79517657
vt 0.10412458 0.81410956
vt 0.19296896 0.82544214
vt 0.17302966 0.82357275
vt 0.21004856 0.83113486
vt 0.15998037 0.82481176
vt 0.14569660 0.82863390
vt 0.16369222 0.78187418
vt 0.13341796 0.83384091
vt 0.23928718 0.77865505
vt 0.23905860 0.82851505
vt 0.10450324 0.78681028
vt 0.10140474 0.82258368
vt 0.24547857 0.78926224
vt 0.10345571 0.83438534
vt 0.24493882 0.81171376
vt 0.17025638 0.77822220
vt 0.12732351 0.83810318
vt 0.21329585 0.83408540
vt 0.22280441 0.83716553
vt 0.22909805 0.83792377
vt 0.23201978 0.84089875
vt 0.22371891 0.77478349
vt 0.12507007 0.78125608
vt 0.23258145 0.77146572
vt 0.24626866 0.77843171
vt 0.22537144 0.84464419
vt 0.23038004 0.85129505
vt 0.23516503 0.85886663
vt 0.24131098 0.85374737
vt 0.24626866 0.86600173
vt 0.30895641 0.61000896
vt 0.29500738 0.61619920
vt 0.33501825 0.63221693
vt 0.32130066 0.60537481
vt 0.33474556 0.60887265
vt 0.31690156 0.62825435
vt 0.29381150 0.63478154
vt 0.28103575 0.62594163
vt 0.26364684 0.60481012
vt 0.28981233 0.59743840
vt 0.26757929 0.62275267
vt 0.29885003 0.58642662
vt 0.29362521 0.57902914
vt 0.33554626 0.60598236
vt 0.34522146 0.58844733
vt 0.32002100 0.57730484
vt 0.26316535 0.57962686
vt 0.24611731 0.61387765
vt 0.25996602 0.63110489
vt 0.24500407 0.64063954
vt 0.25675771 0.64818871
vt 0.24140924 0.65610772
vt 0.25357705 0.66752166
vt 0.22596112 0.65241826
vt 0.22644469 0.60124338
vt 0.23653358 0.59038955
vt 0.22616902 0.66480911
vt 0.32583070 0.55814600
vt 0.24263757 0.57683682
vt 0.34614661 0.63346958
vt 0.26464829 0.63403618
vt 0.27225199 0.64960635
vt 0.29461506 0.64720088
vt 0.28947660 0.66558838
vt 0.31079537 0.66284257
vt 0.26254219 0.65895039
vt 0.27300397 0.67697948
vt 0.25372973 0.67468810
vt 0.32885650 0.65621167
vt 0.33708006 0.64110279
vt 0.31865191 0.66835076
vt 0.31167722 0.68550420
vt 0.28136927 0.68559128
vt 0.33560365 0.68513942
vt 0.33565459 0.66888219
vt 0.35284430 0.57875699
vt 0.35377005 0.56268132
vt 0.34693649 0.65172565
vt 0.35068852 0.68395787
vt 0.34986138 0.66859543
vt 0.36343107 0.64221579
vt 0.36307591 0.68239158
vt 0.28429040 0.55895436
vt 0.26255342 0.55815446
vt 0.24659406 0.55868137
vt 0.36226428 0.60381448
vt 0.24812855 0.68307543
vt 0.38117421 0.66721672
vt 0.37977168 0.67575878
vt 0.22544762 0.56028807
vt 0.37558532 0.64820904
vt 0.38543111 0.66030896
vt 0.38770947 0.61797386
vt 0.37705600 0.61022031
vt 0.36824104 0.57952434
vt 0.38281912 0.58092278
vt 0.37414375 0.55845141
vt 0.22253355 0.59111643
vt 0.34332928 0.55791444
vt 0.23076916 0.68293291
vt 0.34250593 0.64107752
vt 0.23051447 0.59172207
vt 0.38202044 0.55744737
vt 0.34269741 0.63592255
vt 0.39676127 0.64670801
vt 0.22465082 0.55550736
vt 0.39577019 0.60960960
vt 0.39588609 0.62881517
vt 0.22514127 0.67844516
vt 0.37811917 0.68287385
vt 0.22168569 0.56156236
vt 0.39657167 0.65715659
vt 0.26331440 0.62984765
vt 0.39792895 0.66602486
vt 0.39569622 0.58782464
vt 0.39602670 0.57062399
vt 0.38451740 0.57021385
vt 0.38615403 0.56189990
vt 0.39815629 0.56609517
vt 0.38383317 0.55804855
vt 0.39704752 0.55722892
vt 0.30500704 0.55766249
vt 0.38355723 0.66985762
vt 0.38831639 0.67271036
vt 0.38360474 0.68235111
vt 0.39815629 0.67892361
vt 0.26027507 0.64917868
vt 0.25716618 0.65940374
vt 0.25546256 0.67087013
vt 0.38092464 0.68322474
vt 0.22740668 0.69070286
vt 0.23344719 0.70050222
vt 0.24834694 0.69723123
vt 0.25327229 0.69533730
vt 0.25072235 0.70313150
vt 0.25321224 0.69965810
vt 0.25931227 0.70468342
vt 0.26371107 0.70020139
vt 0.22231147 0.63562149
vt 0.22282846 0.66750473
vt 0.27272272 0.69922864
vt 0.30658641 0.69180965
vt 0.30507189 0.69957572
vt 0.33189043 0.69805300
vt 0.31247148 0.69911641
vt 0.32164317 0.69898856
vt 0.38733551 0.68391716
vt 0.22796285 0.69694239
vt 0.35482141 0.69703376
vt 0.37769511 0.69608974
vt 0.36537063 0.69702792
vt 0.34631911 0.69746244
vt 0.38057286 0.68567342
vt 0.38580853 0.69700289
vt 0.39740077 0.68928808
vt 0.59020150 0.07762724
vt 0.59759641 0.07485765
vt 0.58793199 0.08624333
vt 0.59362805 0.09204906
vt 0.61127764 0.08674371
vt 0.60748821 0.10038418
vt 0.62208068 0.10298568
vt 0.62385666 0.08269733
vt 0.61386579 0.07272595
vt 0.58732402 0.06409788
vt 0.60327840 0.05706209
vt 0.58145988 0.05153412
vt 0.62560862 0.06261009
vt 0.58242446 0.09215790
vt 0.57664877 0.03817594
vt 0.60183567 0.04423177
vt 0.61747342 0.04713494
vt 0.59621227 0.03201807
vt 0.61520535 0.03490525
vt 0.62819386 0.04270250
vt 0.57239801 0.04116261
vt 0.56952566 0.02824140
vt 0.56009382 0.03373450
vt 0.58983052 0.10687017
vt 0.57597631 0.09736335
vt 0.56820214 0.10554773
vt 0.62719214 0.07943177
vt 0.60947388 0.11619288
vt 0.62930357 0.05912542
vt 0.63693696 0.06352288
vt 0.64267802 0.07949317
vt 0.63813782 0.08844876
vt 0.62602144 0.09954530
vt 0.64572471 0.06182122
vt 0.63819981 0.10378528
vt 0.64678907 0.04846197
vt 0.63180721 0.03784186
vt 0.62440997 0.11463052
vt 0.63631934 0.11929619
vt 0.56832045 0.12252408
vt 0.55263782 0.11349577
vt 0.62025160 0.12948668
vt 0.53903580 0.13967842
vt 0.53160131 0.11739272
vt 0.56528801 0.13689917
vt 0.54973823 0.14921284
vt 0.59860826 0.13501447
vt 0.53418463 0.14660132
vt 0.54696494 0.15623415
vt 0.57789594 0.14963728
vt 0.58663458 0.16482288
vt 0.59631306 0.15769100
vt 0.62311602 0.17242348
vt 0.62454957 0.16029286
vt 0.59262520 0.17561227
vt 0.62092310 0.18243355
vt 0.60248828 0.19308263
vt 0.61816490 0.18998063
vt 0.59173387 0.19355273
vt 0.58376604 0.18207133
vt 0.57691783 0.17424417
vt 0.57897204 0.16822976
vt 0.56531191 0.16817212
vt 0.57233357 0.18882394
vt 0.54716533 0.19289643
vt 0.54512751 0.17832905
vt 0.54581517 0.16503173
vt 0.52965838 0.13645172
vt 0.53496128 0.19176978
vt 0.62244475 0.13139844
vt 0.52363688 0.14589524
vt 0.52837384 0.14947385
vt 0.52711052 0.11768508
vt 0.63499039 0.12850326
vt 0.54084617 0.17345381
vt 0.52984619 0.17639238
vt 0.52747411 0.19356561
vt 0.53480202 0.16332799
vt 0.53095901 0.15792376
vt 0.57776386 0.17912620
vt 0.61609137 0.15178126
vt 0.52284390 0.13751739
vt 0.52229834 0.12537390
vt 0.51825064 0.10963887
vt 0.51570427 0.12627125
vt 0.51164263 0.12906140
vt 0.50429219 0.12001538
vt 0.51123345 0.10308504
vt 0.50468379 0.09236372
vt 0.50685525 0.12954038
vt 0.51727879 0.14553767
vt 0.51100677 0.14035439
vt 0.48896861 0.12296778
vt 0.49469805 0.11239481
vt 0.47805554 0.13522887
vt 0.47557527 0.12655163
vt 0.45693046 0.12438512
vt 0.45460883 0.13649654
vt 0.44436228 0.12439001
vt 0.44169709 0.13831294
vt 0.43257576 0.13078499
vt 0.43368176 0.11852372
vt 0.47066075 0.14502496
vt 0.42273131 0.12605190
vt 0.46943837 0.11638337
vt 0.45736739 0.11095256
vt 0.47017127 0.10490096
vt 0.47227579 0.11026877
vt 0.45807394 0.10234517
vt 0.44503897 0.10866970
vt 0.44482514 0.09896982
vt 0.44484109 0.11988014
vt 0.46194476 0.09377217
vt 0.43569115 0.10131943
vt 0.43503299 0.11429179
vt 0.48669225 0.11968923
vt 0.44309095 0.08834839
vt 0.47602680 0.09490752
vt 0.48455456 0.10863435
vt 0.45013985 0.08085746
vt 0.46586576 0.08452737
vt 0.45476645 0.15112650
vt 0.49689788 0.10153419
vt 0.46008503 0.07697505
vt 0.63476133 0.13774174
vt 0.49355492 0.14945197
vt 0.49088636 0.10152197
vt 0.42285141 0.10748559
vt 0.62059551 0.14608949
vt 0.60745734 0.14480805
vt 0.42351803 0.08880723
vt 0.43150294 0.14509273
vt 0.42207184 0.09940994
vt 0.41434878 0.11236739
vt 0.62995744 0.15603161
vt 0.47378296 0.15391105
vt 0.48146433 0.08838630
vt 0.61494946 0.19644403
vt 0.43223977 0.07643795
vt 0.44697836 0.07102376
vt 0.53386730 0.19644403
vt 0.41240701 0.12146282
vt 0.41891396 0.14204293
vt 0.47867972 0.07646471
vt 0.46957228 0.07209402
vt 0.64719534 0.08818239
vt 0.40584731 0.10580695
vt 0.41534409 0.09305191
vt 0.50254935 0.08354819
vt 0.45852143 0.06493270
vt 0.64267552 0.10705084
vt 0.51227832 0.15041661
vt 0.53791106 0.11412358
vt 0.52949655 0.11318952
vt 0.43734726 0.06654501
vt 0.49114460 0.08412391
vt 0.40924558 0.13200492
vt 0.44868267 0.06049997
vt 0.46716562 0.06223637
vt 0.48774892 0.07273048
vt 0.50101495 0.07503223
vt 0.40337884 0.09137660
vt 0.41305745 0.07475525
vt 0.41140893 0.08121002
vt 0.40038544 0.11998624
vt 0.42355528 0.06512111
vt 0.49585781 0.06307709
vt 0.49129984 0.06018281
vt 0.63365185 0.15475774
vt 0.45685041 0.05145264
vt 0.47550026 0.05708700
vt 0.43398863 0.05761796
vt 0.44589520 0.04916400
vt 0.64935821 0.03264749
vt 0.64138120 0.02775687
vt 0.46872756 0.05007756
vt 0.62899405 0.02627391
vt 0.63045508 0.02298355
vt 0.48527825 0.06343061
vt 0.39376646 0.09395921
vt 0.64124840 0.12105793
vt 0.48273590 0.05276662
vt 0.49045902 0.05124718
vt 0.52211124 0.16251159
vt 0.51381558 0.15493572
vt 0.62219387 0.02388304
vt 0.42380646 0.05229205
vt 0.43359858 0.04512739
vt 0.62881559 0.18366724
vt 0.41373888 0.05925459
vt 0.64130092 0.13501489
vt 0.63195360 0.15639246
vt 0.65013170 0.02849990
vt 0.04256780 0.36857653
vt 0.01962120 0.40084046
vt 0.04405172 0.40925097
vt 0.00959136 0.37280613
vt 0.00803707 0.40643269
vt 0.02842831 0.34928477
vt 0.00424720 0.34765697
vt 0.04440318 0.34204769
vt 0.02052856 0.43409431
vt 0.00619543 0.42809021
vt 0.00786570 0.45624006
vt 0.04469166 0.43120098
vt 0.02092672 0.45522773
vt 0.00433844 0.33673745
vt 0.00360516 0.37932932
vt 0.03522566 0.44611013
vt 0.03771870 0.31878197
vt 0.03467289 0.46362358
vt 0.04180179 0.46135056
vt 0.04575633 0.45246375
vt 0.01116175 0.31971204
vt 0.00751736 0.32483870
vt 0.00458965 0.45308161
vt 0.01869671 0.46480703
vt 0.04697103 0.34975135
vt 0.04561899 0.33211821
vt 0.00219491 0.42373872
vt 0.04267548 0.31699914
vt 0.00377824 0.45988727
vt 0.00987055 0.46530789
vt 0.04697103 0.44185793
vt 0.66027701 0.13151038
vt 0.68087548 0.15303218
vt 0.68105942 0.11598724
vt 0.66378093 0.14779419
vt 0.66262603 0.15062606
vt 0.65800506 0.10831439
vt 0.68186969 0.08689153
vt 0.65475583 0.07850051
vt 0.67035532 0.06624490
vt 0.68108511 0.06351447
vt 0.66130507 0.16231346
vt 0.68079221 0.16501904
vt 0.65844482 0.16704500
vt 0.65850633 0.13755018
vt 0.68481493 0.10174268
vt 0.65687704 0.11643326
vt 0.65564412 0.10080332
vt 0.68486804 0.14651567
vt 0.67583829 0.17211181
vt 0.67516583 0.06224823
vt 0.67961091 0.05906600
vt 0.68408501 0.04883891
vt 0.68037081 0.04023862
vt 0.65701932 0.05098945
vt 0.66390491 0.03553158
vt 0.67972946 0.03444648
vt 0.65821010 0.03930092
vt 0.65087461 0.05226690
vt 0.65914351 0.03449565
vt 0.65172428 0.03880233
vt 0.65154231 0.04753596
vt 0.68612820 0.16761386
vt 0.68121320 0.17360371
vt 0.66419137 0.17431974
vt 0.64933002 0.17476147
vt 0.64135206 0.16549373
vt 0.68612820 0.03226209
vt 0.68235481 0.02645272
vt 0.38826591 0.12957299
vt 0.38346574 0.14073080
vt 0.37778714 0.13020909
vt 0.37988591 0.14041948
vt 0.37708515 0.15221161
vt 0.38312718 0.15135252
vt 0.38932699 0.14553368
vt 0.39364430 0.13599741
vt 0.39571735 0.12671590
vt 0.37814730 0.11800534
vt 0.39745331 0.11696637
vt 0.38681394 0.11887991
vt 0.38910720 0.10884649
vt 0.38010335 0.11176139
vt 0.39812705 0.15098196
vt 0.40517142 0.13644600
vt 0.40238813 0.14483619
vt 0.40347567 0.15221161
vt 0.41103607 0.13853079
vt 0.41922739 0.14765513
vt 0.60049719 0.71196520
vt 0.60615969 0.70139492
vt 0.60933173 0.70609933
vt 0.59999973 0.70345640
vt 0.59790337 0.69459307
vt 0.60604322 0.69153649
vt 0.59968531 0.68408448
vt 0.60832268 0.68397367
vt 0.61214590 0.71597761
vt 0.60114777 0.72004229
vt 0.61461419 0.73257369
vt 0.60621303 0.73439664
vt 0.61037403 0.73850614
vt 0.62195927 0.73750997
vt 0.61708975 0.74126971
vt 0.62340176 0.74725145
vt 0.61826521 0.71034473
vt 0.62350011 0.70183802
vt 0.62871993 0.71340793
vt 0.65261143 0.70564991
vt 0.62195599 0.72088504
vt 0.65729040 0.71737045
vt 0.68265486 0.71283585
vt 0.64073044 0.72128642
vt 0.68343902 0.71998560
vt 0.67987299 0.70325255
vt 0.69486642 0.71388042
vt 0.69669479 0.72215235
vt 0.69412035 0.70422643
vt 0.62893093 0.73143321
vt 0.66656148 0.72786319
vt 0.64064193 0.69593191
vt 0.63933796 0.69012266
vt 0.68059522 0.69412583
vt 0.62135333 0.69324905
vt 0.60991615 0.69116694
vt 0.68275005 0.73299921
vt 0.64401054 0.73567939
vt 0.61326551 0.68222195
vt 0.62714064 0.68472135
vt 0.70111507 0.70547682
vt 0.70336026 0.71247071
vt 0.71466130 0.70719731
vt 0.71146476 0.72088134
vt 0.70144933 0.72238141
vt 0.72271723 0.71121734
vt 0.70762080 0.69799364
vt 0.71840143 0.72300160
vt 0.72278064 0.69966704
vt 0.70780861 0.72785211
vt 0.73216736 0.71534681
vt 0.73226029 0.70654410
vt 0.69866759 0.69568974
vt 0.73125261 0.72730619
vt 0.71337372 0.69149780
vt 0.70138270 0.73485929
vt 0.72044450 0.73435062
vt 0.72292531 0.69199771
vt 0.69252169 0.69470292
vt 0.70408404 0.68814903
vt 0.65603364 0.68391001
vt 0.73441613 0.69320410
vt 0.68043059 0.68550169
vt 0.73196393 0.73636729
vt 0.69544637 0.73735368
vt 0.71027106 0.73813111
vt 0.69273436 0.68527693
vt 0.62108499 0.67905569
vt 0.69780320 0.68775290
vt 0.62881392 0.67760676
vt 0.61547929 0.67259324
vt 0.61194211 0.74829680
vt 0.63455790 0.74655610
vt 0.66793072 0.74601400
vt 0.60210270 0.74693668
vt 0.60064089 0.73867446
vt 0.59730631 0.74678296
vt 0.59475148 0.73870254
vt 0.57879984 0.74553156
vt 0.57753694 0.73762125
vt 0.55399406 0.74686188
vt 0.54214221 0.73880291
vt 0.54770190 0.74335098
vt 0.71594077 0.74582195
vt 0.69968319 0.74563473
vt 0.69436264 0.74539137
vt 0.56207198 0.75672162
vt 0.58171999 0.75628954
vt 0.73346245 0.74421591
vt 0.72955191 0.68673897
vt 0.59406811 0.75605220
vt 0.70812029 0.75400209
vt 0.65750468 0.75522768
vt 0.64229769 0.75614971
vt 0.72350794 0.75337207
vt 0.69319665 0.75377864
vt 0.69781065 0.75672162
vt 0.60179108 0.75522923
vt 0.73305047 0.75070792
vt 0.62420279 0.75600630
vt 0.61554343 0.75614101
vt 0.54755938 0.50596005
vt 0.55416238 0.51092196
vt 0.55371612 0.51986390
vt 0.55192435 0.49744892
vt 0.54263389 0.49422944
vt 0.54951686 0.48933887
vt 0.53594488 0.48792565
vt 0.55939704 0.52222073
vt 0.55894065 0.53603554
vt 0.53397423 0.49302256
vt 0.53134626 0.50144178
vt 0.54136348 0.51133168
vt 0.54651707 0.52195030
vt 0.53550524 0.52917975
vt 0.52877879 0.51549029
vt 0.54862112 0.53697491
vt 0.54340076 0.54422849
vt 0.56571603 0.53437519
vt 0.54996473 0.55750048
vt 0.55872136 0.55321872
vt 0.55220467 0.56065595
vt 0.56214488 0.55648512
vt 0.56803352 0.57710260
vt 0.56406087 0.58298779
vt 0.56846255 0.55024576
vt 0.55005622 0.58381671
vt 0.54137444 0.56361395
vt 0.53163612 0.54358715
vt 0.57150441 0.54784024
vt 0.57196409 0.56019336
vt 0.57911783 0.54389024
vt 0.57617962 0.57631779
vt 0.57232219 0.58193225
vt 0.56579596 0.49206638
vt 0.57248038 0.50675082
vt 0.57521415 0.51952606
vt 0.56903023 0.49005532
vt 0.56283379 0.48215824
vt 0.57872593 0.53645098
vt 0.55600888 0.59266663
vt 0.56993043 0.59115458
vt 0.54113001 0.55974984
vt 0.53507102 0.57828426
vt 0.54046816 0.58386934
vt 0.54192871 0.61018628
vt 0.55681783 0.61023080
vt 0.57574487 0.60636377
vt 0.57883126 0.59868819
vt 0.59686345 0.61240864
vt 0.57724029 0.62268394
vt 0.60227072 0.62221545
vt 0.60995549 0.60561913
vt 0.61774307 0.62120885
vt 0.63247383 0.62070364
vt 0.62600249 0.60395181
vt 0.63449478 0.60396171
vt 0.55208182 0.62464142
vt 0.64115214 0.61814266
vt 0.52234077 0.61206883
vt 0.52869225 0.59568357
vt 0.52745354 0.58333731
vt 0.52587438 0.62457258
vt 0.52262145 0.53065872
vt 0.53067708 0.56473774
vt 0.52672434 0.49087393
vt 0.52048761 0.51780874
vt 0.52091098 0.50476426
vt 0.61591786 0.59951603
vt 0.55282539 0.49264038
vt 0.51161158 0.62169123
vt 0.51761121 0.59622025
vt 0.52165312 0.57695359
vt 0.51934540 0.56559128
vt 0.59458804 0.60213333
vt 0.52489853 0.56239569
vt 0.52030057 0.48593700
vt 0.51949918 0.54649305
vt 0.52664906 0.63316929
vt 0.62667167 0.59765750
vt 0.54558605 0.63273561
vt 0.51141351 0.63356459
vt 0.64326042 0.60453379
vt 0.55673546 0.63254565
vt 0.51780188 0.58229578
vt 0.57226592 0.63240266
vt 0.59003490 0.63356459
vt 0.56243575 0.48937523
vt 0.64898360 0.61236304
vt 0.63426483 0.59399819
vt 0.60287607 0.63277298
vt 0.62037224 0.63072962
vt 0.58149713 0.59141505
vt 0.58794463 0.58782846
vt 0.65715539 0.60945255
vt 0.54454607 0.47791600
vt 0.60159892 0.59066290
vt 0.55454034 0.47805911
vt 0.55181038 0.46798736
vt 0.56360441 0.47485119
vt 0.56843692 0.46621203
vt 0.55678201 0.45289505
vt 0.57414824 0.45241177
vt 0.56737339 0.43997788
vt 0.57698077 0.43754870
vt 0.57398552 0.46021605
vt 0.57031476 0.43522954
vt 0.61954808 0.58874714
vt 0.64978039 0.59870744
vt 0.61847633 0.62523943
vt 0.63650548 0.63115537
vt 0.65599090 0.60889864
vt 0.57402319 0.42748022
vt 0.58351159 0.43122065
vt 0.58151591 0.42369533
vt 0.56558079 0.42288101
vt 0.57396024 0.41415477
vt 0.56443620 0.41542900
vt 0.57259673 0.39967513
vt 0.58130825 0.40451878
vt 0.58590353 0.39287907
vt 0.57526094 0.38725066
vt 0.64323211 0.62536865
vt 0.64560694 0.62614679
vt 0.65247649 0.61858982
vt 0.56678545 0.43624306
vt 0.92906988 0.09540313
vt 0.91859412 0.08631742
vt 0.92302978 0.10147381
vt 0.92706764 0.08064777
vt 0.90709996 0.10175014
vt 0.89433193 0.08961743
vt 0.89512312 0.11131376
vt 0.91140020 0.11402017
vt 0.92817616 0.11552799
vt 0.89244950 0.07426298
vt 0.92088705 0.07283032
vt 0.92624873 0.07377982
vt 0.89617002 0.12652123
vt 0.90848863 0.12634474
vt 0.93942291 0.09683698
vt 0.93854731 0.08398783
vt 0.95668650 0.09402764
vt 0.95478362 0.07605129
vt 0.94827068 0.11443663
vt 0.95690459 0.11485761
vt 0.93239963 0.07045430
vt 0.93484229 0.11268115
vt 0.93325174 0.06148392
vt 0.95329195 0.06669521
vt 0.93663573 0.12382442
vt 0.95816827 0.13182783
vt 0.96049768 0.11455733
vt 0.95954102 0.08333588
vt 0.93920135 0.14785188
vt 0.96151751 0.14110702
vt 0.95818961 0.14467251
vt 0.92168039 0.13440430
vt 0.93061703 0.13773167
vt 0.89639217 0.13752401
vt 0.95155448 0.05890954
vt 0.95701259 0.15579259
vt 0.92931938 0.14758992
vt 0.91777456 0.15012026
vt 0.89691490 0.14644933
vt 0.94327247 0.16645110
vt 0.93585181 0.15986478
vt 0.92287654 0.16027135
vt 0.92899162 0.15595412
vt 0.91148114 0.16058993
vt 0.95583391 0.16692734
vt 0.92832083 0.16452831
vt 0.89755815 0.15764260
vt 0.96324968 0.15718567
vt 0.96207869 0.16136360
vt 0.93315244 0.16869038
vt 0.96532047 0.15996993
vt 0.93388164 0.04947460
vt 0.95045340 0.04928452
vt 0.93219030 0.05727160
vt 0.93491626 0.03512573
vt 0.93108737 0.04122216
vt 0.96189028 0.06399250
vt 0.96422940 0.06581992
vt 0.96532047 0.06436932
vt 0.29247758 0.48846591
vt 0.29739127 0.49795175
vt 0.30823264 0.49035031
vt 0.28256556 0.50019866
vt 0.27238169 0.48876846
vt 0.30966014 0.47924763
vt 0.29333550 0.47869766
vt 0.32468030 0.48171419
vt 0.32247105 0.47342807
vt 0.30369315 0.46707618
vt 0.27924687 0.47867048
vt 0.34376967 0.47806454
vt 0.33381695 0.49358976
vt 0.34687206 0.48928523
vt 0.34635350 0.47531903
vt 0.32193887 0.49512935
vt 0.31686249 0.50196725
vt 0.29166257 0.51437271
vt 0.34112650 0.46292007
vt 0.32359523 0.46375877
vt 0.29247215 0.46879888
vt 0.35340756 0.46989125
vt 0.27607426 0.50540030
vt 0.30518681 0.51573646
vt 0.29639423 0.52023435
vt 0.35031962 0.49806392
vt 0.30960095 0.52308732
vt 0.31467128 0.51994652
vt 0.30252618 0.52636433
vt 0.33822978 0.50280333
vt 0.35354206 0.49850482
vt 0.35524485 0.48843658
vt 0.35038763 0.48615623
vt 0.36585218 0.47970510
vt 0.37034005 0.48927730
vt 0.28152007 0.51460773
vt 0.34295762 0.45512557
vt 0.26931167 0.47770452
vt 0.33499101 0.44841039
vt 0.35431159 0.45382321
vt 0.32623458 0.45707977
vt 0.31801528 0.45241290
vt 0.36072898 0.45839959
vt 0.36793140 0.46229446
vt 0.36008435 0.45153195
vt 0.34783900 0.44447672
vt 0.36043552 0.43840623
vt 0.37591159 0.44321066
vt 0.36861190 0.45476234
vt 0.38382608 0.45376730
vt 0.38418221 0.44399714
vt 0.38252237 0.43652469
vt 0.37615755 0.43123019
vt 0.37751314 0.46068549
vt 0.38366854 0.46461451
vt 0.39679319 0.44823766
vt 0.40079570 0.43472087
vt 0.41227475 0.44841313
vt 0.41609555 0.43122411
vt 0.42936647 0.43170953
vt 0.43151888 0.41934085
vt 0.43143648 0.43936551
vt 0.41670653 0.42183542
vt 0.43061018 0.45369339
vt 0.40246540 0.46406358
vt 0.41040033 0.47671205
vt 0.43114477 0.48071575
vt 0.41387171 0.49571180
vt 0.43151888 0.50442970
vt 0.40597084 0.50634193
vt 0.41904140 0.52374959
vt 0.41149613 0.53256017
vt 0.41797015 0.53173804
vt 0.43106985 0.52310371
vt 0.43114105 0.53550202
vt 0.39862344 0.49228752
vt 0.39581668 0.49993289
vt 0.40395829 0.48705912
vt 0.39604771 0.47662979
vt 0.43019104 0.54407984
vt 0.41626221 0.55254692
vt 0.40894511 0.53415936
vt 0.42845821 0.55571282
vt 0.36959028 0.45930940
vt 0.38892967 0.47067547
vt 0.39720088 0.52156788
vt 0.41866523 0.56291103
vt 0.36727500 0.47141171
vt 0.34204853 0.44608009
vt 0.26353309 0.49313688
vt 0.40689799 0.54663408
vt 0.35434157 0.50631899
vt 0.38780078 0.48893803
vt 0.39527380 0.42437756
vt 0.38904062 0.43025208
vt 0.36312246 0.49890268
vt 0.26477844 0.48529279
vt 0.24778658 0.48643029
vt 0.24650478 0.49485910
vt 0.23551117 0.49112868
vt 0.23953317 0.49918771
vt 0.25460297 0.50028020
vt 0.23284210 0.48330450
vt 0.25770789 0.50652164
vt 0.27076352 0.50804532
vt 0.25830352 0.51594758
vt 0.27074236 0.52535659
vt 0.25618637 0.53156638
vt 0.25047770 0.52051151
vt 0.23895673 0.51896739
vt 0.26402822 0.53432757
vt 0.27267244 0.53461969
vt 0.28362286 0.52977502
vt 0.29091823 0.52263290
vt 0.25655481 0.53924042
vt 0.23699887 0.52992916
vt 0.24188608 0.53834355
vt 0.23541495 0.53580219
vt 0.26979527 0.54082090
vt 0.24564244 0.54188848
vt 0.26402816 0.47704303
vt 0.27990413 0.53893346
vt 0.29728061 0.52944022
vt 0.22835208 0.53417492
vt 0.23404220 0.50640702
vt 0.22238548 0.50549680
vt 0.23266210 0.51688612
vt 0.22126259 0.51288927
vt 0.20129697 0.49542558
vt 0.19820398 0.50616229
vt 0.22099718 0.52288759
vt 0.19603989 0.51580763
vt 0.18984756 0.49442947
vt 0.23199286 0.52687317
vt 0.19235955 0.50613731
vt 0.18026093 0.50059122
vt 0.19085197 0.51531911
vt 0.17586815 0.51721179
vt 0.20014435 0.48635000
vt 0.22182812 0.53524512
vt 0.19355008 0.52709419
vt 0.18721834 0.52707261
vt 0.21210347 0.48910224
vt 0.22190072 0.48076797
vt 0.18568300 0.48893511
vt 0.19371313 0.48193955
vt 0.19148791 0.53778714
vt 0.18674579 0.53877538
vt 0.21145022 0.54199862
vt 0.22097042 0.54313242
vt 0.22089204 0.55165166
vt 0.22448060 0.54707289
vt 0.29146758 0.53985953
vt 0.28204098 0.54399657
vt 0.20928790 0.47757447
vt 0.17445935 0.53732640
vt 0.22976500 0.54968441
vt 0.27067849 0.54757160
vt 0.37395549 0.47416699
vt 0.25414839 0.51385969
vt 0.24619605 0.51803714
vt 0.23925015 0.51156813
vt 0.40051177 0.53468609
vt 0.42695880 0.56938422
vt 0.37164927 0.46813488
vt 0.37292442 0.48314130
vt 0.37624887 0.47893274
vt 0.37804663 0.48672855
vt 0.37544867 0.49032104
vt 0.38025859 0.49376881
vt 0.37630427 0.49411786
vt 0.38189399 0.42613304
vt 0.18296015 0.47613752
vt 0.17795430 0.48644263
vt 0.17654054 0.49728322
vt 0.15631038 0.49233693
vt 0.17352203 0.50603825
vt 0.14871979 0.50264996
vt 0.13703530 0.49067444
vt 0.14553471 0.48030531
vt 0.12968232 0.47444892
vt 0.14691257 0.47067630
vt 0.12599854 0.46845865
vt 0.12440872 0.48962837
vt 0.12247586 0.47699225
vt 0.10239135 0.12543237
vt 0.09705430 0.11078537
vt 0.10877310 0.12345058
vt 0.10070942 0.10386491
vt 0.11424690 0.11783731
vt 0.12057752 0.12711275
vt 0.11783881 0.13561970
vt 0.12836605 0.11823589
vt 0.11729246 0.10554981
vt 0.10485777 0.09666908
vt 0.13457529 0.13026625
vt 0.10282651 0.09353799
vt 0.14676429 0.12517607
vt 0.15722482 0.13797867
vt 0.15848851 0.13324201
vt 0.13398433 0.11065233
vt 0.12380525 0.09780329
vt 0.16019532 0.12573510
vt 0.11153270 0.08976918
vt 0.15084563 0.11592984
vt 0.16034456 0.10556483
vt 0.16399474 0.11616880
vt 0.14979865 0.10481340
vt 0.12927070 0.09484786
vt 0.10380758 0.07892287
vt 0.12208047 0.07349437
vt 0.11135835 0.06910348
vt 0.12133773 0.06006598
vt 0.13503598 0.05940032
vt 0.13151792 0.07379025
vt 0.14097846 0.06340641
vt 0.14893916 0.08963001
vt 0.15835756 0.09057993
vt 0.13755785 0.09243709
vt 0.14590278 0.07282639
vt 0.14676058 0.06878155
vt 0.13597417 0.08533800
vt 0.15251781 0.07996356
vt 0.15934400 0.07951939
vt 0.10390726 0.07058382
vt 0.12302059 0.05354458
vt 0.10851510 0.06270033
vt 0.08488847 0.06118160
vt 0.08121739 0.07334393
vt 0.09933931 0.08187127
vt 0.07413422 0.05519056
vt 0.08427318 0.08822238
vt 0.06944510 0.06807405
vt 0.09415063 0.09685630
vt 0.06230494 0.05481791
vt 0.08706994 0.05014408
vt 0.07360812 0.07927513
vt 0.06418145 0.04228920
vt 0.05257061 0.04051757
vt 0.06464185 0.07599699
vt 0.09118768 0.10836494
vt 0.11567183 0.05488718
vt 0.05270346 0.06673789
vt 0.04624173 0.04946321
vt 0.05343891 0.02809227
vt 0.08574546 0.04092920
vt 0.06593452 0.03072268
vt 0.06725352 0.08828104
vt 0.07572043 0.10173726
vt 0.15728675 0.07024449
vt 0.05473302 0.08268392
vt 0.04042514 0.05703580
vt 0.06816874 0.09261858
vt 0.04489475 0.07395655
vt 0.08888374 0.11745697
vt 0.03416345 0.06306517
vt 0.02729758 0.06817406
vt 0.16455230 0.08974028
vt 0.16923992 0.10705495
vt 0.15462759 0.07309639
vt 0.15318359 0.06943369
vt 0.05479123 0.01843989
vt 0.10525625 0.04049319
vt 0.12073904 0.05037922
vt 0.07864084 0.11566669
vt 0.05963716 0.10081220
vt 0.03991875 0.08278489
vt 0.04416580 0.09661770
vt 0.14813840 0.13948941
vt 0.15706232 0.14088893
vt 0.16194816 0.14507139
vt 0.06078982 0.10361171
vt 0.06478588 0.11377013
vt 0.13892378 0.14093536
vt 0.09511707 0.10070586
vt 0.08956236 0.02882081
vt 0.08385529 0.12991893
vt 0.01335475 0.07460433
vt 0.09159369 0.12250614
vt 0.02989881 0.08977991
vt 0.16286792 0.13763589
vt 0.10295163 0.13641477
vt 0.13028677 0.14353615
vt 0.14035212 0.14770651
vt 0.14366452 0.14470994
vt 0.15165007 0.15014279
vt 0.04597856 0.11313832
vt 0.13275982 0.14816833
vt 0.12546289 0.14936757
vt 0.04503490 0.11876768
vt 0.09049308 0.13067621
vt 0.06277111 0.12633324
vt 0.11437577 0.14107788
vt 0.02657078 0.10784739
vt 0.01278352 0.09906340
vt 0.00043898 0.08096856
vt 0.17487416 0.10551268
vt 0.17711547 0.09101266
vt 0.17463697 0.08057445
vt 0.16342847 0.13172436
vt 0.16986871 0.12007368
vt 0.17070788 0.07218236
vt 0.14985667 0.14455116
vt 0.15633866 0.14679658
vt 0.15929715 0.15018106
vt 0.17131042 0.15339196
vt 0.16836725 0.14747185
vt 0.17357023 0.14361763
vt 0.17934407 0.14973915
vt 0.18505749 0.13539720
vt 0.19115780 0.14136755
vt 0.19088620 0.13177514
vt 0.17680919 0.12957275
vt 0.18718140 0.12655741
vt 0.18208294 0.11791462
vt 0.16828889 0.13083005
vt 0.19450840 0.13819772
vt 0.18856138 0.11204827
vt 0.16520196 0.15115416
vt 0.16498302 0.15394622
vt 0.16145381 0.15231538
vt 0.20850413 0.08153355
vt 0.23277549 0.07603943
vt 0.22895177 0.08799326
vt 0.20621866 0.09225011
vt 0.26024440 0.07858527
vt 0.25841486 0.06761378
vt 0.22251578 0.06975394
vt 0.19484353 0.09094387
vt 0.26349080 0.07174754
vt 0.19159570 0.10153711
vt 0.25663021 0.08958614
vt 0.20554769 0.10135067
vt 0.26191819 0.08357805
vt 0.26052630 0.08977604
vt 0.28940025 0.07237512
vt 0.28676188 0.06179613
vt 0.29114446 0.08741355
vt 0.26301733 0.06224740
vt 0.27231500 0.09104294
vt 0.23392160 0.09677988
vt 0.29485500 0.06805247
vt 0.31796899 0.07827944
vt 0.31440464 0.05031466
vt 0.33670461 0.06447440
vt 0.31627008 0.08582342
vt 0.33398023 0.04937232
vt 0.32910779 0.03847951
vt 0.34661826 0.07697034
vt 0.33882323 0.10295570
vt 0.35541764 0.09555924
vt 0.36122981 0.11136121
vt 0.34635717 0.12373739
vt 0.36844102 0.12646693
vt 0.29327098 0.05073649
vt 0.30632418 0.03742599
vt 0.23958619 0.05848485
vt 0.19430685 0.08153212
vt 0.20856421 0.06770778
vt 0.25595832 0.05697536
vt 0.28188777 0.04761422
vt 0.25964028 0.05205363
vt 0.31613749 0.02089143
vt 0.29050714 0.03600430
vt 0.22169273 0.05794877
vt 0.33668202 0.11093426
vt 0.34727144 0.13555908
vt 0.37086537 0.13954890
vt 0.33921385 0.04478049
vt 0.33003417 0.02438682
vt 0.18476395 0.08942902
vt 0.29411161 0.08252400
vt 0.32160825 0.00804275
vt 0.19717395 0.10941875
vt 0.19495748 0.11489874
vt 0.26185638 0.09813440
vt 0.35324943 0.07005429
vt 0.18110059 0.10192877
vt 0.33682296 0.12706327
vt 0.22870810 0.10515320
vt 0.17602065 0.11483365
vt 0.23832114 0.04979700
vt 0.35406229 0.15010595
vt 0.21219926 0.10987639
vt 0.27653980 0.03898734
vt 0.30673286 0.09245986
vt 0.31746230 0.09751523
vt 0.19576506 0.06941724
vt 0.37125549 0.15032804
vt 0.36418197 0.09448278
vt 0.34684974 0.15394622
vt 0.26105705 0.04057127
vt 0.18286221 0.08158165
vt 0.30137444 0.02112442
vt 0.31690744 0.00043362
vt 0.20104487 0.11652601
vt 0.37269536 0.11409795
vt 0.20712297 0.05456477
vt 0.25253439 0.04012340
vt 0.22837935 0.04296708
vt 0.24025042 0.03551394
vt 0.21701176 0.04524583
vt 0.23246941 0.11142033
vt 0.25700071 0.10604352
vt 0.26067981 0.11030728
vt 0.27976456 0.09937680
vt 0.28751090 0.10651624
vt 0.29227230 0.09662843
vt 0.27537248 0.11039734
vt 0.19608475 0.12081009
vt 0.20539302 0.12643105
vt 0.29177466 0.01259077
vt 0.27685305 0.02829742
vt 0.27077305 0.03152180
vt 0.29683298 0.08839142
vt 0.19954452 0.13033831
vt 0.17983192 0.07582390
vt 0.26330671 0.02969158
vt 0.25430861 0.03123987
vt 0.23211640 0.12151194
vt 0.19513159 0.05448383
vt 0.26171491 0.11877048
vt 0.25683025 0.11468720
vt 0.29641467 0.10690385
vt 0.20971891 0.03901380
vt 0.22719745 0.03338867
vt 0.87534297 0.42396116
vt 0.86173624 0.41959339
vt 0.86683112 0.42539078
vt 0.87927657 0.40303558
vt 0.86627650 0.39633417
vt 0.87860131 0.42023873
vt 0.88542223 0.41364050
vt 0.85701048 0.40131986
vt 0.85371196 0.41018891
vt 0.88085854 0.38845658
vt 0.89038068 0.39146137
vt 0.86839855 0.38121259
vt 0.85654587 0.38936454
vt 0.88762778 0.38480586
vt 0.84774065 0.40302300
vt 0.87799096 0.37719214
vt 0.90046757 0.38387638
vt 0.89549279 0.37402654
vt 0.90328497 0.39358950
vt 0.92253828 0.38220412
vt 0.92361957 0.36948907
vt 0.92669010 0.36786318
vt 0.89937055 0.40842128
vt 0.91926885 0.39451867
vt 0.89001030 0.37027675
vt 0.90701938 0.36513960
vt 0.92460930 0.35949695
vt 0.91459805 0.40077400
vt 0.91651213 0.40669882
vt 0.91527861 0.41491050
vt 0.86690968 0.43112499
vt 0.88714534 0.42620361
vt 0.88046527 0.42897868
vt 0.87172335 0.45009959
vt 0.86063689 0.44718796
vt 0.85520715 0.44039881
vt 0.84692514 0.43512452
vt 0.85959798 0.42395914
vt 0.83889377 0.44469345
vt 0.85195404 0.45510888
vt 0.86155593 0.46236742
vt 0.89790815 0.42182112
vt 0.89002562 0.45056033
vt 0.87209898 0.47122765
vt 0.90678793 0.44595355
vt 0.90937793 0.42331827
vt 0.89525914 0.46161413
vt 0.88171905 0.48005199
vt 0.91735345 0.42738479
vt 0.91503090 0.44636917
vt 0.92043996 0.43783462
vt 0.90991318 0.45674115
vt 0.85666901 0.46473622
vt 0.84471905 0.45522386
vt 0.87117994 0.47764540
vt 0.92669010 0.44818437
vt 0.15513048 0.69720316
vt 0.14532091 0.69566250
vt 0.15442529 0.67042649
vt 0.14081559 0.66791421
vt 0.15491419 0.65611446
vt 0.14156121 0.65637958
vt 0.13125007 0.69725573
vt 0.12527969 0.65690410
vt 0.12744366 0.66992909
vt 0.13397092 0.71367145
vt 0.14720303 0.71386933
vt 0.12041900 0.70145977
vt 0.11901938 0.71397012
vt 0.11620075 0.67441845
vt 0.10955273 0.65847462
vt 0.10977659 0.70331913
vt 0.10927019 0.67581165
vt 0.10947038 0.71386075
vt 0.16367765 0.70450187
vt 0.16746005 0.71432143
vt 0.16665719 0.66905564
vt 0.16647990 0.69046032
vt 0.17070505 0.65687656
vt 0.17949547 0.70027679
vt 0.17935221 0.71439201
vt 0.17971650 0.67492646
vt 0.18100992 0.65926611
vt 0.18568604 0.71565783
vt 0.19261669 0.70551354
vt 0.19592538 0.65815377
vt 0.18961127 0.71756870
vt 0.19577365 0.67345655
vt 0.19539131 0.65999544
vt 0.20061457 0.71510530
vt 0.10574523 0.71661723
vt 0.19936025 0.71942759
vt 0.09794385 0.67679322
vt 0.09844710 0.65942168
vt 0.09992235 0.71309859
vt 0.09947056 0.70524329
vt 0.09882524 0.71942759
vt 0.08121159 0.66040945
vt 0.08456358 0.67512143
vt 0.24321304 0.94614923
vt 0.24241884 0.95886207
vt 0.23606972 0.94643730
vt 0.22571412 0.95664853
vt 0.22192881 0.94840640
vt 0.19406682 0.95391566
vt 0.20466636 0.96077877
vt 0.18123741 0.96401697
vt 0.23258886 0.96999210
vt 0.24603443 0.96406114
vt 0.15088004 0.96198481
vt 0.16005500 0.95019329
vt 0.14542313 0.95302188
vt 0.22194143 0.96797651
vt 0.24543704 0.97181267
vt 0.25153643 0.96819758
vt 0.18175898 0.96977127
vt 0.15323898 0.96798933
vt 0.14573126 0.97181267
vt 0.18553117 0.94468290
vt 0.14422607 0.96616453
vt 0.22062796 0.93825847
vt 0.14091308 0.95411563
vt 0.24165249 0.93768930
vt 0.22848941 0.93191671
vt 0.39394730 0.39973402
vt 0.40826720 0.39778197
vt 0.39968827 0.39119035
vt 0.40356728 0.40794683
vt 0.39871484 0.38301826
vt 0.40961266 0.38705337
vt 0.39825958 0.37871045
vt 0.44339237 0.40301144
vt 0.44354704 0.39541167
vt 0.39096460 0.38554406
vt 0.41783196 0.38098407
vt 0.40144682 0.37397122
vt 0.44366547 0.38339043
vt 0.41193971 0.40768063
vt 0.43555230 0.41108763
vt 0.38616872 0.37042809
vt 0.38439450 0.37579501
vt 0.38325325 0.38218462
vt 0.38241971 0.38823122
vt 0.37099808 0.38413954
vt 0.44099075 0.37997210
vt 0.41930798 0.37262738
vt 0.44333711 0.41095793
vt 0.44540524 0.39364350
vt 0.37706149 0.36990464
vt 0.44556630 0.40716946
vt 0.44541639 0.40151256
vt 0.37839323 0.37616223
vt 0.39273915 0.39347029
vt 0.40841532 0.41226625
vt 0.41866839 0.41443861
vt 0.43191507 0.41692805
vt 0.39374250 0.40607941
vt 0.39717221 0.41061801
vt 0.38633266 0.40995502
vt 0.38535392 0.41363394
vt 0.37464038 0.41138494
vt 0.37122148 0.41760623
vt 0.36519668 0.41294694
vt 0.35981196 0.41686171
vt 0.38426927 0.40330160
vt 0.39761120 0.41521776
vt 0.35601404 0.41279817
vt 0.44111943 0.41760623
vt 0.39335456 0.38128209
vt 0.37070560 0.37267971
vt 0.74168646 0.50372076
vt 0.74565101 0.50844580
vt 0.74426031 0.49193817
vt 0.73071623 0.49493080
vt 0.74979007 0.47747672
vt 0.74020928 0.46925306
vt 0.75450408 0.44736224
vt 0.72167456 0.48529398
vt 0.71972114 0.46686029
vt 0.72658491 0.44245791
vt 0.70933831 0.48769438
vt 0.70715255 0.47283590
vt 0.73766744 0.44504178
vt 0.74993819 0.43507898
vt 0.72309357 0.49404329
vt 0.73867571 0.43039536
vt 0.75043136 0.42456871
vt 0.71716529 0.42986965
vt 0.71267140 0.44605684
vt 0.70256370 0.48483670
vt 0.73538995 0.41960967
vt 0.72188729 0.41634619
vt 0.71382904 0.42557573
vt 0.76338893 0.43233955
vt 0.75958025 0.45778227
vt 0.76213282 0.48555112
vt 0.76050717 0.50197417
vt 0.74151719 0.53037488
vt 0.73930657 0.41701555
vt 0.75147176 0.53172505
vt 0.75487417 0.42087042
vt 0.74513119 0.54934782
vt 0.73258048 0.54945707
vt 0.72650546 0.53735167
vt 0.72590166 0.55819935
vt 0.71103811 0.54320168
vt 0.71415973 0.53176510
vt 0.72222203 0.52482843
vt 0.70445156 0.51387691
vt 0.71717763 0.51226926
vt 0.73493809 0.51821816
vt 0.73323977 0.52674955
vt 0.74078196 0.51825488
vt 0.74017149 0.52826095
vt 0.70508814 0.50193250
vt 0.69839746 0.50404227
vt 0.70189208 0.49106282
vt 0.69797379 0.52889729
vt 0.73601788 0.51000285
vt 0.72644103 0.50698447
vt 0.72833806 0.50380999
vt 0.71568298 0.49969399
vt 0.73866916 0.50836915
vt 0.70891017 0.49627101
vt 0.69227391 0.51318175
vt 0.71309674 0.55597281
vt 0.73822176 0.57600123
vt 0.72322315 0.58470547
vt 0.71410155 0.58280241
vt 0.72339255 0.58748597
vt 0.71149659 0.58383417
vt 0.70633125 0.57938182
vt 0.70088130 0.58143961
vt 0.70020193 0.57533801
vt 0.73068815 0.59017938
vt 0.74550664 0.59505510
vt 0.73197895 0.59453195
vt 0.74156243 0.59942102
vt 0.74305868 0.60180730
vt 0.74920243 0.56942660
vt 0.75647378 0.59877914
vt 0.74334848 0.60749108
vt 0.75176746 0.61185461
vt 0.76003891 0.56980598
vt 0.75835514 0.54589242
vt 0.76338893 0.59993607
vt 0.75846398 0.61535126
vt 0.69348222 0.54127479
vt 0.69851118 0.55543500
vt 0.73550814 0.50095582
vt 0.72775352 0.49757367
vt 0.72556990 0.40884453
vt 0.71553719 0.40633130
vt 0.84685314 0.67100775
vt 0.85012448 0.67967761
vt 0.86459512 0.66614747
vt 0.83601910 0.68762958
vt 0.84227401 0.69583708
vt 0.85076535 0.70067364
vt 0.84665251 0.71979505
vt 0.83192056 0.70782334
vt 0.83160919 0.72553062
vt 0.84538120 0.72928202
vt 0.83043611 0.73301178
vt 0.82653302 0.69334102
vt 0.82837421 0.68146837
vt 0.82419038 0.68895286
vt 0.83459449 0.67048991
vt 0.86762327 0.69465047
vt 0.82497221 0.70784199
vt 0.82510591 0.72205967
vt 0.82547200 0.73267537
vt 0.86016095 0.68286932
vt 0.86016858 0.70723861
vt 0.86552441 0.72817874
vt 0.85829526 0.72584325
vt 0.86373943 0.74874067
vt 0.84826130 0.73647910
vt 0.87952822 0.70144105
vt 0.87832326 0.68075985
vt 0.87623590 0.66181123
vt 0.86421204 0.64941239
vt 0.87956685 0.65566069
vt 0.87946963 0.63944566
vt 0.85470337 0.64932388
vt 0.85004616 0.66272295
vt 0.86287302 0.63079363
vt 0.85526043 0.63925725
vt 0.85602850 0.75354701
vt 0.88051564 0.73929876
vt 0.88013315 0.75490779
vt 0.88003540 0.72403747
vt 0.87925661 0.61876780
vt 0.86536187 0.61836410
vt 0.82133448 0.69482732
vt 0.84359604 0.66498768
vt 0.83699536 0.74521446
vt 0.85518777 0.62301278
vt 0.88710523 0.70983326
vt 0.88718176 0.73321360
vt 0.88694954 0.75758892
vt 0.88718176 0.68337601
vt 0.86763972 0.75675249
vt 0.82442212 0.70339108
vt 0.88705063 0.65763736
vt 0.84490389 0.64120108
vt 0.88416857 0.63752258
vt 0.88671970 0.62061155
vt 0.82581991 0.74076670
vt 0.86584705 0.60961562
vt 0.87843215 0.60934699
vt 0.85557771 0.61120051
vt 0.88294411 0.61046070
vt 0.86401552 0.60138923
vt 0.87665945 0.59973979
vt 0.88367015 0.60241967
vt 0.71897852 0.89990020
vt 0.72980064 0.88868827
vt 0.73800194 0.90091968
vt 0.74415684 0.89314044
vt 0.71382761 0.88856232
vt 0.70625991 0.90418965
vt 0.69938725 0.89400345
vt 0.69564259 0.89862555
vt 0.69554603 0.89043540
vt 0.73074198 0.91130316
vt 0.70995545 0.91477662
vt 0.76605833 0.91107023
vt 0.75860119 0.91659993
vt 0.76371562 0.90155530
vt 0.76924539 0.90424734
vt 0.77027869 0.89414483
vt 0.78029227 0.91004658
vt 0.78192210 0.90189517
vt 0.76738995 0.88921839
vt 0.74105638 0.88359547
vt 0.75425148 0.88448662
vt 0.74556196 0.92062360
vt 0.72246379 0.88103110
vt 0.72678769 0.92150909
vt 0.76810753 0.92150909
vt 0.78733861 0.91505313
vt 0.79656303 0.90429795
vt 0.79396755 0.91482878
vt 0.79549956 0.90159363
vt 0.78997535 0.89111257
vt 0.80283910 0.89770252
vt 0.77211535 0.88632673
vt 0.80772471 0.88647777
vt 0.78988117 0.88294792
vt 0.70402586 0.91579115
vt 0.70119208 0.90649265
vt 0.69698089 0.88142443
vt 0.80746531 0.87300169
vt 0.74094945 0.87584811
vt 0.77184510 0.87357861
vt 0.78323680 0.87591898
vt 0.79079187 0.87326485
vt 0.76865005 0.87474537
vt 0.80961305 0.87654144
vt 0.81520605 0.86478227
vt 0.75297374 0.87161666
vt 0.72832739 0.87202066
vt 0.70893508 0.87436360
vt 0.68783939 0.89128149
vt 0.69069165 0.90621400
vt 0.73764032 0.86438537
vt 0.78717190 0.86314166
vt 0.76918262 0.86443919
vt 0.71833044 0.86461431
vt 0.69132811 0.87719500
vt 0.70071071 0.87483478
vt 0.77413517 0.85755181
vt 0.75079250 0.85757589
vt 0.69855011 0.86736846
vt 0.70341706 0.87284839
vt 0.70014811 0.87056750
vt 0.81870061 0.85761678
vt 0.72927529 0.85426551
vt 0.68677384 0.91455323
vt 0.78700638 0.85486466
vt 0.70580304 0.85757333
vt 0.69210243 0.86356795
vt 0.76979905 0.84865570
vt 0.68494499 0.88080376
vt 0.68617636 0.87020260
vt 0.68261635 0.89000589
vt 0.48683795 0.68053377
vt 0.48988488 0.66504687
vt 0.49334678 0.67981511
vt 0.49594334 0.66677344
vt 0.48359028 0.66568720
vt 0.47598088 0.67879009
vt 0.46108279 0.68049300
vt 0.46847209 0.65583384
vt 0.47076616 0.69021416
vt 0.46100426 0.70010298
vt 0.44784513 0.69228876
vt 0.48625761 0.65972018
vt 0.47432408 0.64984244
vt 0.44463065 0.68323040
vt 0.45599028 0.67360234
vt 0.45342502 0.66860026
vt 0.46062681 0.66384900
vt 0.45651874 0.65691149
vt 0.42974955 0.67478949
vt 0.42414811 0.68372786
vt 0.42718744 0.69774401
vt 0.41607168 0.69586802
vt 0.44303265 0.70113873
vt 0.43521595 0.66517079
vt 0.45266497 0.70224118
vt 0.45831734 0.70452785
vt 0.47336578 0.70154703
vt 0.48061037 0.69193053
vt 0.48358577 0.69251740
vt 0.48941284 0.68181926
vt 0.42690095 0.66727668
vt 0.48125064 0.64230078
vt 0.48941514 0.64988852
vt 0.49389744 0.65975422
vt 0.42557749 0.70968133
vt 0.41040394 0.70447361
vt 0.46585074 0.64449126
vt 0.51474202 0.64618003
vt 0.43314910 0.65715325
vt 0.43898886 0.65931910
vt 0.50101215 0.66480249
vt 0.51552653 0.65927678
vt 0.54012281 0.65358406
vt 0.54170871 0.64017838
vt 0.54599053 0.64572567
vt 0.55801016 0.65120536
vt 0.54791933 0.66478717
vt 0.56729549 0.65823478
vt 0.57438892 0.64949620
vt 0.58232933 0.66669190
vt 0.57648474 0.67139739
vt 0.56210059 0.67647427
vt 0.54463679 0.67641491
vt 0.52477300 0.66510534
vt 0.50202876 0.66913629
vt 0.50007534 0.68034476
vt 0.51618731 0.67297697
vt 0.51998585 0.67974639
vt 0.51379043 0.68398476
vt 0.50818783 0.69002914
vt 0.56850910 0.67995578
vt 0.58461714 0.67505926
vt 0.41733649 0.68136758
vt 0.57999557 0.68510348
vt 0.49783954 0.68460763
vt 0.53789246 0.68832552
vt 0.52215534 0.69176799
vt 0.53280056 0.69774204
vt 0.55447048 0.69734043
vt 0.55729425 0.64263827
vt 0.54485154 0.63703567
vt 0.39992616 0.69564813
vt 0.40758604 0.68626451
vt 0.40421370 0.68858665
vt 0.40704978 0.71595728
vt 0.39287412 0.70592803
vt 0.56673878 0.69589072
vt 0.49348006 0.69366902
vt 0.50560117 0.69765961
vt 0.42437139 0.66500545
vt 0.58534342 0.69236779
vt 0.56937444 0.70633972
vt 0.56552929 0.71440029
vt 0.54396868 0.70706075
vt 0.51412576 0.70114273
vt 0.42933071 0.71881157
vt 0.49756920 0.70542610
vt 0.48457059 0.70229930
vt 0.57468623 0.71405756
vt 0.39693823 0.72574186
vt 0.38810158 0.70858920
vt 0.50709867 0.70215583
vt 0.48014459 0.70905888
vt 0.60059541 0.66471553
vt 0.52670926 0.71913493
vt 0.54457635 0.72162974
vt 0.38421139 0.71418154
vt 0.42738774 0.65689278
vt 0.59211951 0.65781921
vt 0.60610759 0.65777534
vt 0.60775274 0.66639608
vt 0.60974538 0.66098434
vt 0.60438788 0.67276239
vt 0.59592897 0.68139380
vt 0.43015248 0.72983521
vt 0.44363275 0.72213489
vt 0.45268592 0.70929688
vt 0.50198948 0.72322130
vt 0.45732319 0.71135765
vt 0.38059703 0.72032982
vt 0.51805860 0.68588758
vt 0.48240608 0.72983521
vt 0.46544087 0.71301967
vt 0.46463460 0.72892326
vt 0.51330715 0.69476223
vt 0.50433195 0.63915324
vt 0.48782179 0.63356459
vt 0.51604497 0.69106334
vt 0.51985919 0.63565189
vt 0.47323599 0.70903295
vt 0.47756061 0.70525241
vt 0.43072811 0.65334183
vt 0.43841183 0.65109748
vt 0.42963538 0.64879131
vt 0.47110942 0.63631189
vt 0.45158556 0.64169824
vt 0.81185991 0.53340733
vt 0.82325768 0.52782524
vt 0.80577558 0.52177674
vt 0.82278174 0.51436383
vt 0.80509472 0.51052958
vt 0.81769890 0.50078392
vt 0.83129454 0.50155044
vt 0.83516067 0.52745754
vt 0.83801329 0.51331687
vt 0.79845166 0.50106913
vt 0.80659878 0.49030858
vt 0.81812596 0.48438126
vt 0.83234036 0.48470747
vt 0.84541136 0.50156921
vt 0.84840524 0.48840106
vt 0.84660429 0.52763546
vt 0.85504758 0.51322955
vt 0.82545894 0.53953803
vt 0.79494631 0.49146360
vt 0.80132568 0.47540963
vt 0.80001074 0.48455608
vt 0.79182327 0.51150841
vt 0.83210605 0.47150862
vt 0.81865239 0.46638596
vt 0.80049264 0.47067499
vt 0.78907931 0.49437690
vt 0.85110813 0.47667301
vt 0.85918629 0.49955881
vt 0.78262526 0.49324721
vt 0.79694271 0.52921146
vt 0.78687054 0.51826584
vt 0.80308890 0.53843123
vt 0.84348983 0.54053104
vt 0.85955888 0.52161229
vt 0.81321061 0.54614139
vt 0.78865355 0.53379244
vt 0.83303767 0.55118090
vt 0.84103817 0.54725355
vt 0.82154709 0.55277449
vt 0.80458266 0.55052787
vt 0.86206460 0.53620863
vt 0.86848700 0.50962085
vt 0.77780122 0.51379353
vt 0.86716980 0.48526591
vt 0.84952104 0.46445668
vt 0.82590747 0.45111346
vt 0.81312752 0.45279574
vt 0.84086668 0.45542073
vt 0.87421155 0.49476653
vt 0.85068101 0.55042285
vt 0.81204653 0.44873440
vt 0.81803590 0.44629169
vt 0.82483310 0.44654542
vt 0.80950618 0.44535995
vt 0.79012406 0.46641701
vt 0.80953777 0.45204234
vt 0.87576824 0.52422690
vt 0.77221614 0.49594486
vt 0.77157795 0.50624073
vt 0.79130018 0.54878765
vt 0.76426691 0.50672108
vt 0.76946735 0.52471358
vt 0.76546216 0.51607776
vt 0.77100009 0.51115280
vt 0.77867919 0.53992385
vt 0.82090241 0.56340528
vt 0.81351024 0.56616706
vt 0.79544669 0.55963260
vt 0.79920381 0.56266403
vt 0.78232801 0.56188840
vt 0.82368249 0.56773424
vt 0.83856362 0.56693643
vt 0.83532667 0.56479585
vt 0.84656733 0.56287700
vt 0.77559179 0.55517131
vt 0.77570325 0.55752051
vt 0.77116024 0.55091435
vt 0.78350556 0.57404041
vt 0.79823041 0.57321584
vt 0.85347098 0.56741172
vt 0.86415732 0.56384540
vt 0.81341940 0.58267915
vt 0.83012974 0.58316809
vt 0.87133807 0.54182333
vt 0.86338305 0.55424207
vt 0.87576824 0.55539888
vt 0.87424552 0.56279695
vt 0.86446571 0.57769865
vt 0.85420096 0.58636147
vt 0.84344965 0.59080780
vt 0.76888168 0.57502568
vt 0.86768430 0.59106678
vt 0.80669600 0.44965786
vt 0.12620123 0.00755829
vt 0.11106233 0.01932418
vt 0.11352942 0.00821978
vt 0.12528440 0.02454412
vt 0.11117642 0.02976829
vt 0.12709865 0.03050011
vt 0.13080135 0.00282133
vt 0.13230895 0.02889556
vt 0.13551773 0.00065821
vt 0.14132260 0.03074348
vt 0.14182921 0.00098825
vt 0.15726408 0.02015048
vt 0.15713361 0.03055567
vt 0.15225418 0.00043362
vt 0.15785278 0.00135356
vt 0.13108683 0.03394032
vt 0.16521388 0.00286216
vt 0.17423333 0.01585877
vt 0.17373119 0.03096026
vt 0.18425943 0.03342414
vt 0.17738388 0.00579703
vt 0.19061445 0.01687741
vt 0.19219555 0.00759363
vt 0.19359086 0.03425848
vt 0.13731661 0.03425848
vt 0.17582405 0.00358200
vt 0.67815870 0.25327563
vt 0.66592813 0.26141965
vt 0.67784089 0.26390231
vt 0.66716391 0.27037191
vt 0.66607445 0.25168443
vt 0.67952907 0.27153921
vt 0.67111588 0.24696064
vt 0.65848345 0.25901967
vt 0.65752500 0.24926972
vt 0.65567547 0.27186024
vt 0.64933705 0.25813639
vt 0.64929688 0.27103639
vt 0.64574188 0.27861166
vt 0.65649599 0.27661455
vt 0.66873014 0.27358830
vt 0.66760480 0.28457844
vt 0.66226768 0.28838098
vt 0.67727339 0.28079641
vt 0.65440309 0.28751153
vt 0.67555457 0.28819680
vt 0.66216022 0.29477537
vt 0.64751357 0.29676563
vt 0.67786610 0.27478015
vt 0.67429948 0.29225016
vt 0.67113328 0.30003524
vt 0.67969388 0.30033398
vt 0.66140807 0.30234051
vt 0.67523104 0.30940318
vt 0.66632485 0.31029791
vt 0.67444426 0.31473476
vt 0.66017503 0.31703883
vt 0.67279935 0.32761812
vt 0.68120664 0.32327402
vt 0.68529552 0.35100949
vt 0.67832726 0.36266387
vt 0.69366848 0.37043762
vt 0.69600457 0.38657033
vt 0.70170730 0.36375636
vt 0.69469815 0.34967434
vt 0.70515054 0.37421846
vt 0.70358598 0.40103567
vt 0.70198220 0.40633130
vt 0.70599800 0.40320379
vt 0.71188599 0.39422905
vt 0.70303917 0.36842698
vt 0.65629721 0.30967540
vt 0.68220884 0.30719388
vt 0.68514192 0.31190002
vt 0.69821525 0.33650106
vt 0.65516865 0.30235708
vt 0.64818585 0.28737378
vt 0.70832485 0.35961306
vt 0.68960655 0.28544009
vt 0.69132614 0.25585228
vt 0.68542063 0.25013047
vt 0.67823035 0.23753345
vt 0.66831160 0.23662806
vt 0.65638405 0.24357760
vt 0.66769516 0.22772563
vt 0.68644547 0.23782128
vt 0.65716749 0.22143710
vt 0.66888613 0.20943695
vt 0.67773640 0.22515053
vt 0.68097377 0.20189834
vt 0.66948777 0.19461894
vt 0.68500477 0.18810856
vt 0.68711579 0.22385675
vt 0.65843266 0.20506597
vt 0.67288482 0.23241580
vt 0.68128043 0.23147964
vt 0.69019026 0.20563042
vt 0.65950793 0.19432354
vt 0.69467586 0.18882304
vt 0.68411392 0.23163468
vt 0.69019336 0.17808002
vt 0.69638723 0.21451318
vt 0.70262921 0.20153928
vt 0.69124335 0.23227662
vt 0.70527971 0.17562878
vt 0.71035713 0.18365145
vt 0.68779403 0.27288496
vt 0.68746048 0.27709937
vt 0.71160328 0.36396182
vt 0.71063513 0.36851346
vt 0.69774956 0.25293505
vt 0.69926018 0.22853237
vt 0.71505368 0.19410050
vt 0.70322996 0.21425349
vt 0.71706104 0.37552601
vt 0.71963751 0.38992822
vt 0.69610900 0.31070608
vt 0.69168675 0.29717231
vt 0.69605452 0.30653501
vt 0.70714480 0.33720529
vt 0.72651446 0.38714445
vt 0.70629704 0.22392964
vt 0.69731706 0.27394390
vt 0.70534199 0.23820966
vt 0.71821314 0.20141715
vt 0.70192456 0.25647616
vt 0.70226949 0.27899086
vt 0.69659269 0.29323226
vt 0.71621567 0.36094594
vt 0.71359825 0.34505367
vt 0.70647550 0.25327730
vt 0.71296799 0.23038930
vt 0.72532380 0.37606442
vt 0.70085406 0.29627335
vt 0.72023118 0.21527070
vt 0.72252017 0.21439326
vt 0.72651446 0.23005641
vt 0.87917209 0.82274908
vt 0.87590039 0.83178771
vt 0.89171666 0.83148992
vt 0.87661988 0.81628609
vt 0.87313712 0.84527409
vt 0.88308120 0.85388875
vt 0.89449358 0.84052843
vt 0.89592826 0.85085821
vt 0.89909071 0.85855615
vt 0.86729890 0.82934743
vt 0.86967105 0.81405306
vt 0.86335564 0.83898145
vt 0.87598830 0.80631298
vt 0.86085528 0.82528806
vt 0.86701077 0.85598087
vt 0.89270842 0.86765069
vt 0.88530302 0.87057197
vt 0.87312001 0.86987466
vt 0.89550662 0.83538043
vt 0.85975939 0.81424218
vt 0.85431814 0.84669167
vt 0.85850435 0.86005402
vt 0.90411991 0.87288785
vt 0.85010457 0.83163214
vt 0.89790249 0.84402210
vt 0.86215794 0.79737061
vt 0.86544359 0.79232562
vt 0.87275577 0.79421049
vt 0.88040411 0.79754555
vt 0.89393640 0.79170090
vt 0.89745015 0.78182030
vt 0.88257092 0.77595216
vt 0.90561897 0.76952380
vt 0.89078104 0.88511997
vt 0.90561897 0.88724792
vt 0.87177283 0.88559979
vt 0.86005610 0.87763572
vt 0.84601802 0.82018954
vt 0.84677106 0.85501164
vt 0.87601751 0.89427316
vt 0.85044235 0.87597507
vt 0.84001601 0.84291661
vt 0.88918906 0.89549005
vt 0.84399629 0.87111396
vt 0.84612972 0.81080782
vt 0.84880763 0.80045199
vt 0.83581066 0.83131862
vt 0.83705974 0.86151534
vt 0.82985497 0.84947962
vt 0.82396841 0.83680195
vt 0.83048171 0.82082176
vt 0.85558808 0.79033417
vt 0.86668044 0.77940160
vt 0.88018650 0.76886767
vt 0.89270449 0.75975436
vt 0.86841494 0.76431084
vt 0.85747951 0.77312338
vt 0.83037555 0.80502909
vt 0.87955862 0.75932348
vt 0.83895922 0.79320693
vt 0.83686084 0.78236115
vt 0.84450978 0.77137673
vt 0.34779218 0.51992238
vt 0.35696831 0.52661294
vt 0.34729180 0.52998108
vt 0.35715795 0.51564568
vt 0.35260487 0.55013674
vt 0.36041269 0.53951180
vt 0.34287539 0.55290544
vt 0.33891305 0.52118951
vt 0.33417273 0.53694558
vt 0.33894086 0.51555115
vt 0.34850484 0.55199474
vt 0.33173516 0.51928025
vt 0.35035440 0.51531786
vt 0.32616329 0.52935761
vt 0.36439002 0.55091071
vt 0.36589235 0.52494073
vt 0.36570382 0.51533544
vt 0.37299693 0.51474416
vt 0.37367547 0.52926624
vt 0.37267032 0.55211008
vt 0.38268471 0.53158247
vt 0.38091782 0.55290544
vt 0.38498682 0.51590580
vt 0.78887063 0.68061924
vt 0.78145027 0.69708127
vt 0.79088879 0.70237929
vt 0.77740711 0.68206388
vt 0.79048347 0.72310352
vt 0.78261185 0.72398561
vt 0.78922462 0.67485112
vt 0.77351540 0.67545766
vt 0.78860635 0.72826034
vt 0.77661681 0.72834074
vt 0.77340221 0.71750981
vt 0.77365464 0.69938451
vt 0.78548449 0.74885577
vt 0.76931447 0.68205726
vt 0.77135783 0.73010772
vt 0.75930560 0.67495924
vt 0.78130591 0.75424665
vt 0.76523668 0.70743412
vt 0.76094306 0.68222547
vt 0.77412879 0.75398451
vt 0.78173172 0.75745559
vt 0.76374209 0.73441643
vt 0.79061747 0.73336226
vt 0.79319036 0.74689865
vt 0.76496184 0.75454247
vt 0.76703280 0.76066667
vt 0.77231312 0.76114273
vt 0.75590569 0.71353364
vt 0.75466448 0.68087548
vt 0.75239378 0.69550341
vt 0.74271572 0.68083560
vt 0.79397041 0.75472736
vt 0.80885798 0.74538583
vt 0.75480729 0.67518014
vt 0.75020516 0.66425794
vt 0.74874222 0.65367818
vt 0.75818831 0.66200304
vt 0.76483065 0.67130238
vt 0.77477479 0.65526855
vt 0.77523220 0.66998041
vt 0.78557169 0.65332353
vt 0.78844738 0.66908467
vt 0.76461005 0.65348524
vt 0.75670725 0.65280199
vt 0.77734900 0.63883811
vt 0.76746148 0.63173634
vt 0.77451795 0.62577486
vt 0.75727195 0.62514955
vt 0.76854092 0.61519015
vt 0.77600658 0.61038184
vt 0.78492439 0.61777771
vt 0.75799543 0.63790745
vt 0.78519648 0.63671672
vt 0.78347820 0.60612226
vt 0.74970168 0.62932330
vt 0.74818790 0.67495799
vt 0.74143988 0.67543429
vt 0.74689484 0.62070394
vt 0.74167931 0.65905648
vt 0.75327146 0.64756536
vt 0.80067909 0.69140851
vt 0.81112689 0.75242001
vt 0.80513573 0.72404671
vt 0.79717648 0.62390149
vt 0.80846131 0.73064572
vt 0.80194271 0.67425627
vt 0.79248852 0.65181643
vt 0.79866469 0.63347322
vt 0.80115843 0.61987793
vt 0.79702097 0.61601698
vt 0.80090725 0.60951823
vt 0.79806727 0.60586804
vt 0.79848391 0.75603133
vt 0.79290617 0.61099392
vt 0.80484772 0.58759755
vt 0.80026466 0.65941876
vt 0.79934001 0.66927534
vt 0.80057371 0.64911234
vt 0.80537397 0.60347182
vt 0.79794127 0.64259928
vt 0.81761527 0.73981947
vt 0.82396841 0.75086939
vt 0.80844671 0.68219984
vt 0.81187505 0.67302161
vt 0.81318736 0.68075907
vt 0.81423050 0.68664861
vt 0.80895931 0.66762125
vt 0.82163680 0.73059779
vt 0.81339103 0.72877222
vt 0.80476272 0.62862647
vt 0.80547166 0.61566043
vt 0.77292401 0.76366001
vt 0.80615234 0.63833129
vt 0.80958593 0.63028926
vt 0.81375605 0.62137496
vt 0.81688172 0.62330663
vt 0.79739600 0.76042849
vt 0.82396841 0.60786408
vt 0.15022346 0.62798452
vt 0.12740108 0.62897986
vt 0.13802721 0.62053579
vt 0.15404405 0.61968780
vt 0.12865096 0.62210059
vt 0.16482431 0.62354040
vt 0.16565943 0.63211423
vt 0.17896898 0.63202500
vt 0.17592913 0.63737994
vt 0.18334723 0.64286548
vt 0.10898178 0.62659001
vt 0.11165225 0.63287455
vt 0.19452584 0.64253306
vt 0.19205524 0.65046120
vt 0.20236494 0.66363484
vt 0.20847227 0.65893912
vt 0.20716852 0.66564268
vt 0.09992364 0.63772613
vt 0.09486505 0.63453126
vt 0.08741529 0.63821816
vt 0.08714027 0.64768898
vt 0.07311448 0.64891833
vt 0.07721581 0.66165286
vt 0.07182118 0.66739339
vt 0.06563762 0.66562134
vt 0.21214253 0.66399145
vt 0.21129034 0.68304253
vt 0.21962254 0.67919010
vt 0.21296909 0.69894230
vt 0.22035731 0.69669825
vt 0.20922765 0.71222353
vt 0.21691945 0.71834689
vt 0.21206655 0.72514796
vt 0.06313537 0.67357284
vt 0.07308406 0.67736447
vt 0.06381419 0.68792194
vt 0.07288324 0.68887234
vt 0.07443631 0.69698405
vt 0.06251562 0.70172381
vt 0.07738213 0.70779842
vt 0.06687281 0.71614212
vt 0.07538751 0.73452783
vt 0.08176871 0.71890604
vt 0.09119757 0.73483956
vt 0.08669622 0.74974525
vt 0.11166055 0.74888861
vt 0.10716100 0.75729245
vt 0.12638474 0.75390708
vt 0.14519566 0.76512116
vt 0.13945121 0.75555289
vt 0.16533042 0.76472801
vt 0.15549159 0.75559390
vt 0.17057347 0.75201946
vt 0.18080555 0.75921601
vt 0.18026528 0.74698967
vt 0.12726516 0.76642060
vt 0.19399934 0.73726010
vt 0.06875143 0.73396373
vt 0.19895536 0.74749231
vt 0.20656963 0.73732620
vt 0.19961834 0.73014903
vt 0.20638971 0.71867549
vt 0.09611176 0.63025957
vt 0.07390274 0.74252766
vt 0.08117308 0.75118184
vt 0.22310632 0.70644557
vt 0.09172625 0.75664079
vt 0.10776507 0.76266962
vt 0.06348893 0.72408676
vt 0.10440896 0.62433672
vt 0.14991665 0.76949054
vt 0.18788518 0.63547403
vt 0.11451270 0.62237275
vt 0.09282542 0.73374361
vt 0.06116764 0.71207005
vt 0.16315040 0.76973116
vt 0.19909292 0.64063036
vt 0.17689741 0.62779582
vt 0.22294499 0.67983693
vt 0.21133986 0.69807464
vt 0.22431958 0.69601041
vt 0.05984556 0.69063622
vt 0.18318501 0.76329738
vt 0.19050823 0.75567168
vt 0.21723565 0.66541004
vt 0.21146137 0.73745513
vt 0.05873419 0.67442173
vt 0.22128467 0.71538526
vt 0.05750658 0.70282412
vt 0.20596585 0.74638742
vt 0.12288980 0.76973116
vt 0.75742692 0.28813243
vt 0.74762666 0.28888607
vt 0.75675207 0.30459690
vt 0.74839360 0.30715954
vt 0.73920268 0.29442030
vt 0.74054372 0.30951661
vt 0.75211781 0.32731569
vt 0.74443918 0.32816076
vt 0.76177210 0.32753718
vt 0.73040879 0.30456883
vt 0.73402500 0.32971513
vt 0.73795003 0.27803755
vt 0.73057729 0.28836137
vt 0.72281617 0.29387093
vt 0.74635994 0.27337003
vt 0.72533572 0.27070236
vt 0.72120267 0.30273938
vt 0.71708363 0.27970254
vt 0.71864390 0.31698728
vt 0.73337132 0.25999868
vt 0.70933121 0.29036343
vt 0.70996279 0.30330843
vt 0.72121590 0.33313024
vt 0.70807725 0.27754807
vt 0.71945882 0.25395292
vt 0.70989692 0.25922358
vt 0.73740804 0.33195120
vt 0.72743714 0.33420706
vt 0.74071181 0.34268832
vt 0.75044930 0.33125144
vt 0.75207174 0.34084392
vt 0.72876650 0.34532773
vt 0.73397642 0.34922510
vt 0.74212617 0.34864193
vt 0.73976904 0.37380087
vt 0.73243511 0.36400962
vt 0.74955571 0.37915897
vt 0.73594391 0.39160156
vt 0.74776345 0.39267379
vt 0.75785470 0.39653671
vt 0.75177193 0.34886849
vt 0.73293555 0.40402699
vt 0.74912369 0.40371239
vt 0.76873517 0.40459669
vt 0.76044476 0.38403380
vt 0.74443769 0.25811815
vt 0.75549895 0.27384663
vt 0.76173836 0.37151182
vt 0.76297200 0.33165801
vt 0.76304132 0.34198570
vt 0.76129586 0.34897983
vt 0.77317703 0.39255142
vt 0.76650625 0.30456007
vt 0.75596398 0.26345241
vt 0.76274681 0.27778244
vt 0.77109027 0.37372589
vt 0.76809210 0.34892511
vt 0.77037430 0.29625010
vt 0.78425920 0.40439910
vt 0.77193153 0.28542650
vt 0.76966435 0.32853329
vt 0.77426112 0.31605029
vt 0.76695639 0.26930761
vt 0.77195001 0.33197105
vt 0.78026825 0.38353795
vt 0.75526267 0.24679667
vt 0.75064033 0.24029619
vt 0.76478797 0.23971438
vt 0.76650345 0.24588621
vt 0.76167673 0.25348139
vt 0.77407318 0.34273177
vt 0.75939232 0.23246598
vt 0.77601373 0.34866732
vt 0.77385283 0.23785353
vt 0.77671295 0.27581930
vt 0.78229165 0.30493152
vt 0.76707006 0.23127985
vt 0.75963110 0.22853422
vt 0.78267264 0.28785086
vt 0.78455019 0.37619030
vt 0.78087461 0.24306893
vt 0.77936727 0.32871288
vt 0.78260934 0.33240402
vt 0.77568901 0.26115155
vt 0.78287774 0.34093136
vt 0.78123450 0.23690248
vt 0.78585309 0.31741357
vt 0.79148376 0.40392566
vt 0.78756773 0.26665288
vt 0.79088461 0.32919061
vt 0.79123455 0.29228860
vt 0.78703004 0.35433638
vt 0.78636545 0.34745836
vt 0.79148376 0.23954451
vt 0.28991732 0.71025974
vt 0.30273208 0.71466666
vt 0.29582718 0.72231317
vt 0.30345950 0.70598489
vt 0.29182541 0.70294881
vt 0.28121901 0.70867378
vt 0.28144872 0.72197330
vt 0.27062577 0.71263212
vt 0.26738733 0.72196758
vt 0.26167655 0.74443191
vt 0.27304769 0.74629885
vt 0.28906241 0.73295826
vt 0.29365903 0.72822183
vt 0.27339333 0.70405948
vt 0.28876278 0.74256718
vt 0.29562649 0.73900163
vt 0.30108669 0.73641747
vt 0.26161534 0.73034042
vt 0.25504827 0.74978316
vt 0.29858756 0.72762269
vt 0.30007309 0.72118503
vt 0.30350864 0.72744757
vt 0.30852354 0.71870792
vt 0.30697098 0.72446334
vt 0.31428486 0.72525197
vt 0.31242964 0.73366576
vt 0.31763884 0.73125106
vt 0.31855258 0.71989554
vt 0.32017329 0.71858627
vt 0.32488725 0.72021377
vt 0.32484332 0.73083889
vt 0.33013329 0.72484130
vt 0.31291032 0.71721309
vt 0.31078559 0.71504933
vt 0.30275363 0.73204309
vt 0.34129053 0.72078466
vt 0.33525202 0.72482407
vt 0.35172901 0.72699904
vt 0.35330927 0.72180188
vt 0.36211926 0.72936547
vt 0.36380392 0.72330683
vt 0.37213793 0.73242795
vt 0.37748164 0.72524738
vt 0.39820430 0.72832102
vt 0.39882672 0.73597527
vt 0.40985650 0.73018527
vt 0.40867093 0.73868763
vt 0.42620471 0.74320585
vt 0.42586544 0.73245591
vt 0.44407281 0.73623842
vt 0.43967819 0.74870086
vt 0.44770101 0.74361038
vt 0.46210825 0.73706335
vt 0.46097845 0.74725115
vt 0.47079685 0.74978316
vt 0.47717297 0.73453033
vt 0.31955752 0.73337728
vt 0.97577196 0.68772626
vt 0.97782189 0.70227265
vt 0.99873579 0.69393128
vt 0.96209174 0.69508797
vt 0.96194988 0.68396151
vt 0.99873286 0.68615389
vt 0.99138254 0.70800209
vt 0.99956101 0.70229554
vt 0.96406287 0.70778042
vt 0.96989083 0.71264315
vt 0.99850249 0.71266502
vt 0.98877233 0.71856028
vt 0.97476274 0.67803681
vt 0.99834704 0.67848063
vt 0.96093065 0.67611969
vt 0.99956101 0.66942018
vt 0.97817171 0.66652215
vt 0.96220398 0.66681975
vt 0.94131893 0.67429191
vt 0.92257464 0.65945196
vt 0.91794300 0.67514908
vt 0.94810867 0.67166281
vt 0.95336229 0.68323630
vt 0.93607575 0.68859166
vt 0.91892743 0.68127590
vt 0.91410238 0.65991551
vt 0.92363703 0.69135779
vt 0.95700884 0.67032224
vt 0.95953119 0.68173283
vt 0.90539742 0.67476481
vt 0.90375835 0.69552368
vt 0.92915905 0.69641227
vt 0.90014189 0.68396884
vt 0.91748810 0.69871020
vt 0.90420580 0.69964522
vt 0.89723504 0.65761250
vt 0.93850571 0.65793902
vt 0.95149255 0.66176897
vt 0.95638478 0.66092032
vt 0.89716381 0.69518071
vt 0.90094322 0.67793036
vt 0.89638174 0.66491193
vt 0.89262134 0.66049230
vt 0.90065801 0.70728534
vt 0.89746451 0.67282009
vt 0.89407736 0.68144178
vt 0.89069360 0.67036384
vt 0.94913656 0.69085574
vt 0.96093065 0.68813568
vt 0.90942037 0.65659422
vt 0.90701264 0.70465642
vt 0.95316827 0.65062463
vt 0.95434541 0.65588570
vt 0.93884158 0.64608395
vt 0.92304629 0.65053231
vt 0.96093065 0.64545757
vt 0.89344722 0.64891261
vt 0.90025246 0.63963574
vt 0.91622764 0.64046746
vt 0.73204851 0.81701112
vt 0.74666315 0.81447214
vt 0.73573387 0.82587254
vt 0.75968415 0.82585418
vt 0.76040608 0.81654865
vt 0.72128105 0.82462090
vt 0.72696984 0.83138913
vt 0.74589014 0.83592165
vt 0.73495215 0.80768728
vt 0.71177423 0.81338668
vt 0.72036439 0.80343628
vt 0.70358008 0.82377815
vt 0.76142031 0.80533534
vt 0.73704046 0.79974794
vt 0.70727688 0.80935794
vt 0.69283736 0.81913179
vt 0.69805110 0.79753029
vt 0.71559286 0.79556972
vt 0.69291729 0.80300725
vt 0.76489401 0.81689191
vt 0.76379138 0.82499462
vt 0.77803671 0.81905401
vt 0.77866852 0.82793951
vt 0.80424100 0.82776272
vt 0.80511153 0.81979054
vt 0.79254484 0.81193185
vt 0.77621716 0.80949867
vt 0.81338972 0.80975819
vt 0.80320311 0.80695879
vt 0.81416941 0.81804883
vt 0.76585662 0.80572253
vt 0.81378782 0.82852942
vt 0.79920918 0.79975098
vt 0.72850960 0.79092157
vt 0.70367646 0.83346134
vt 0.74572015 0.79274750
vt 0.70988601 0.78855848
vt 0.81185192 0.79909712
vt 0.69658494 0.78241384
vt 0.76185548 0.79751903
vt 0.76508904 0.79442650
vt 0.77618706 0.79718441
vt 0.68981975 0.78671730
vt 0.72432202 0.78302222
vt 0.68905616 0.83671999
vt 0.76463312 0.83781683
vt 0.78033978 0.83524382
vt 0.76102567 0.83804262
vt 0.71210510 0.84074169
vt 0.73128462 0.84118855
vt 0.81153268 0.83796865
vt 0.68785608 0.80266005
vt 0.68206573 0.78910166
vt 0.67005891 0.79686213
vt 0.67493552 0.80979437
vt 0.68653762 0.82006198
vt 0.66024822 0.80032206
vt 0.66219515 0.80876017
vt 0.65683675 0.78870183
vt 0.67329365 0.82081717
vt 0.66145581 0.81842083
vt 0.66545773 0.78424203
vt 0.67196500 0.83362758
vt 0.65981519 0.82826763
vt 0.68282163 0.83811569
vt 0.68029273 0.78053731
vt 0.69983923 0.84659511
vt 0.72329336 0.84810525
vt 0.65885836 0.83323187
vt 0.65539950 0.77830350
vt 0.80927163 0.84289879
vt 0.77822506 0.84144211
vt 0.74464309 0.85039032
vt 0.67751408 0.85039032
vt 0.68538427 0.84719002
vt 0.76642227 0.84623802
vt 0.76318228 0.78677386
vt 0.74577510 0.78302932
vt 0.68863815 0.77773064
vt 0.69274467 0.77428705
vt 0.80996203 0.79016703
vt 0.77062434 0.78866464
vt 0.79143327 0.79058701
vt 0.77667773 0.79016238
vt 0.71735299 0.77256125
vt 0.81782264 0.79883564
vt 0.67012012 0.77329063
vt 0.72875428 0.77091801
vt 0.70120305 0.76886386
vt 0.40253922 0.20408899
vt 0.38808775 0.19980907
vt 0.39023581 0.21341360
vt 0.39685515 0.19185090
vt 0.38561800 0.19120640
vt 0.41071391 0.18110371
vt 0.41885820 0.19528437
vt 0.42080331 0.18447185
vt 0.40260768 0.21593904
vt 0.42273924 0.21333456
vt 0.41412166 0.17768526
vt 0.41093519 0.17302054
vt 0.39878252 0.22365892
vt 0.41006628 0.21754324
vt 0.39664567 0.18392038
vt 0.40146294 0.17787975
vt 0.38993120 0.22711253
vt 0.39700291 0.22934180
vt 0.38480297 0.23462707
vt 0.39374447 0.23828101
vt 0.40407380 0.23221672
vt 0.40065303 0.23829889
vt 0.41348916 0.23629624
vt 0.37718973 0.22183883
vt 0.37610009 0.23218262
vt 0.36980331 0.22330320
vt 0.36924228 0.21066755
vt 0.37485445 0.20753241
vt 0.36824337 0.19918078
vt 0.37898758 0.23581421
vt 0.37299502 0.19605917
vt 0.38074133 0.24634069
vt 0.38565633 0.24273384
vt 0.37432608 0.23722965
vt 0.40282583 0.16955769
vt 0.39470965 0.24550402
vt 0.41858542 0.17098236
vt 0.41287443 0.24418420
vt 0.39419103 0.17905772
vt 0.39272240 0.17084372
vt 0.38343811 0.17355078
vt 0.38327032 0.18035567
vt 0.37562269 0.17496228
vt 0.40719005 0.24658817
vt 0.38943866 0.25021684
vt 0.41780514 0.17697275
vt 0.42273924 0.18026948
vt 0.42123321 0.23846221
vt 0.38509473 0.18455839
vt 0.36567163 0.20744836
vt 0.37207329 0.19033331
vt 0.59671789 0.23117292
vt 0.60618389 0.23074514
vt 0.60157275 0.22766608
vt 0.61393434 0.22637624
vt 0.61415291 0.21468693
vt 0.61654174 0.20602101
vt 0.60481888 0.20976889
vt 0.62642670 0.22341293
vt 0.62184697 0.21468836
vt 0.62642670 0.20553702
vt 0.58587962 0.21484274
vt 0.58430141 0.22445554
vt 0.58825827 0.23056781
vt 0.62086457 0.22642308
vt 0.59732234 0.20660061
vt 0.58706808 0.20581484
vt 0.60491800 0.20450103
vt 0.56863952 0.20928097
vt 0.57821387 0.22987986
vt 0.56888002 0.20479107
vt 0.55837977 0.20497960
vt 0.56246150 0.22741252
vt 0.55668771 0.23091400
vt 0.56411499 0.23165435
vt 0.55779004 0.23413587
vt 0.56126267 0.20164788
vt 0.55092186 0.23460537
vt 0.53932106 0.78507417
vt 0.52793074 0.78044987
vt 0.54388773 0.77529204
vt 0.53276944 0.76958829
vt 0.52895391 0.77161914
vt 0.51415616 0.78328866
vt 0.53959584 0.76374954
vt 0.54668999 0.76968616
vt 0.49063414 0.78485459
vt 0.49181411 0.77789718
vt 0.47208282 0.79185414
vt 0.46073142 0.79100484
vt 0.52972662 0.76558888
vt 0.46342033 0.78277141
vt 0.55163544 0.76227725
vt 0.45933083 0.80113167
vt 0.49595377 0.79471141
vt 0.47317353 0.80245537
vt 0.51141292 0.79382771
vt 0.52872020 0.78824705
vt 0.45478866 0.79907286
vt 0.45495257 0.80425185
vt 0.45592052 0.78653091
vt 0.45171204 0.79421532
vt 0.49501276 0.80284476
vt 0.53017586 0.79686314
vt 0.46079710 0.81470412
vt 0.45494345 0.81121296
vt 0.55128074 0.77839321
vt 0.53689724 0.79848289
vt 0.48378304 0.81372803
vt 0.51053876 0.80600309
vt 0.54909700 0.78616083
vt 0.55275887 0.79061717
vt 0.56057721 0.78099865
vt 0.56145245 0.78918117
vt 0.56199789 0.77042502
vt 0.57623714 0.77627927
vt 0.57513773 0.78357649
vt 0.57565260 0.79161000
vt 0.59903437 0.78742331
vt 0.60038048 0.78069425
vt 0.61200762 0.78190053
vt 0.61052990 0.78998345
vt 0.61280680 0.77276409
vt 0.57941622 0.77512449
vt 0.55405438 0.76654971
vt 0.59392875 0.76936030
vt 0.62023282 0.77188754
vt 0.57923484 0.76587474
vt 0.60176378 0.79705411
vt 0.61287415 0.79696059
vt 0.60441333 0.75982219
vt 0.61622745 0.80380064
vt 0.62195063 0.76235127
vt 0.55649203 0.75758892
vt 0.55677134 0.76512784
vt 0.57748216 0.80218130
vt 0.61005652 0.81221354
vt 0.62075621 0.81319302
vt 0.59089279 0.80644655
vt 0.56614327 0.80195004
vt 0.55265766 0.80015886
vt 0.54660791 0.79516172
vt 0.59426576 0.80972576
vt 0.63081652 0.76394153
vt 0.45463464 0.81990898
vt 0.54608607 0.80428308
vt 0.56838220 0.81418669
vt 0.58773506 0.81323725
vt 0.50933266 0.81158650
vt 0.53293759 0.80951858
vt 0.55235195 0.80755597
vt 0.48686850 0.81810993
vt 0.49621314 0.82089502
vt 0.56375068 0.81523651
vt 0.53600621 0.81004769
vt 0.46557730 0.82109386
vt 0.60642540 0.81837881
vt 0.61206013 0.82570493
vt 0.62878639 0.82708335
vt 0.54605418 0.81283867
vt 0.58877945 0.81980568
vt 0.48114941 0.82530159
vt 0.58420652 0.82298797
vt 0.53358501 0.82103586
vt 0.50580645 0.82289791
vt 0.54888439 0.81731683
vt 0.55505848 0.82564926
vt 0.60150647 0.82784039
vt 0.53749603 0.82003617
vt 0.56606060 0.82169378
vt 0.46861774 0.82784039
vt 0.45512050 0.82395649
vt 0.92865264 0.56961554
vt 0.92816681 0.56418699
vt 0.92337370 0.56328017
vt 0.94311255 0.56689906
vt 0.94124883 0.57197183
vt 0.92918253 0.57417911
vt 0.94600528 0.57303530
vt 0.91012025 0.57099062
vt 0.90885991 0.56431150
vt 0.94038683 0.57982957
vt 0.94367081 0.58037698
vt 0.94025552 0.59340310
vt 0.92868477 0.58966017
vt 0.93904030 0.61520737
vt 0.92408663 0.61272252
vt 0.91885424 0.59719020
vt 0.91659051 0.59059596
vt 0.92728609 0.63129634
vt 0.93686682 0.63276452
vt 0.92880911 0.58024436
vt 0.91736054 0.63066638
vt 0.94367594 0.59691817
vt 0.91136271 0.61096680
vt 0.94333464 0.61001462
vt 0.94245291 0.62755340
vt 0.90653968 0.58926392
vt 0.90758669 0.63216382
vt 0.90420020 0.61390787
vt 0.89622617 0.58774793
vt 0.94228435 0.63513976
vt 0.92351538 0.58486849
vt 0.91502553 0.58427882
vt 0.90882164 0.57437676
vt 0.90426707 0.58163059
vt 0.90897155 0.58429170
vt 0.89645982 0.57595801
vt 0.89743042 0.57043809
vt 0.89508891 0.57946736
vt 0.89469039 0.63529921
vt 0.89026523 0.61131531
vt 0.88534689 0.58534300
vt 0.88676679 0.57854104
vt 0.88870442 0.56936312
vt 0.88191396 0.56671852
vt 0.89130884 0.53090680
vt 0.89499152 0.53544074
vt 0.89484483 0.52390164
vt 0.89942092 0.52753633
vt 0.90758026 0.53542078
vt 0.90279561 0.54359549
vt 0.89601463 0.54351658
vt 0.90727073 0.55337405
vt 0.89708227 0.56516021
vt 0.88912576 0.54979420
vt 0.91906351 0.54631197
vt 0.91295624 0.53931975
vt 0.88367152 0.54053050
vt 0.89045441 0.53796202
vt 0.93843979 0.55126017
vt 0.94131100 0.55804050
vt 0.92609537 0.53441268
vt 0.92806059 0.54079825
vt 0.88996422 0.52033818
vt 0.89381057 0.51610613
vt 0.93971193 0.54403931
vt 0.93719840 0.53034407
vt 0.92785507 0.52948964
vt 0.93550861 0.52263796
vt 0.88848227 0.50578815
vt 0.92567569 0.51009750
vt 0.91357666 0.50954962
vt 0.92047691 0.52307159
vt 0.93922675 0.51696056
vt 0.91077590 0.50010544
vt 0.89630371 0.50261450
vt 0.93676126 0.50443810
vt 0.92747831 0.49923068
vt 0.94600528 0.50895035
vt 0.91948330 0.49219429
vt 0.91380066 0.94812626
vt 0.90258497 0.92283058
vt 0.91352671 0.92547560
vt 0.90818113 0.95076829
vt 0.90269697 0.95222342
vt 0.91018945 0.90236145
vt 0.89325297 0.90069383
vt 0.89000332 0.94837749
vt 0.88928246 0.91800398
vt 0.88404560 0.94259846
vt 0.89443505 0.95084727
vt 0.92602110 0.90479481
vt 0.92403561 0.93160325
vt 0.92678887 0.94443184
vt 0.93810362 0.90786082
vt 0.93547356 0.93647665
vt 0.93669772 0.94222885
vt 0.86040646 0.94947022
vt 0.87435549 0.92889762
vt 0.87080616 0.94818652
vt 0.86059403 0.92851359
vt 0.87705636 0.90217215
vt 0.86559647 0.90388548
vt 0.88059801 0.94757247
vt 0.85732579 0.90492731
vt 0.85115731 0.92983222
vt 0.84947217 0.95059699
vt 0.84601748 0.90559012
vt 0.83563298 0.92374045
vt 0.83091938 0.95015287
vt 0.83393794 0.90551972
vt 0.85229129 0.95717841
vt 0.82678777 0.95404500
vt 0.82987303 0.96168602
vt 0.83782190 0.96222234
vt 0.84626436 0.96199673
vt 0.85871875 0.96306551
vt 0.86922044 0.95540452
vt 0.87858039 0.96555954
vt 0.88186681 0.95600122
vt 0.87597662 0.95370740
vt 0.89549601 0.96876091
vt 0.89539176 0.95707691
vt 0.89030463 0.95375800
vt 0.81693333 0.92008674
vt 0.81518877 0.90668756
vt 0.81568879 0.95227063
vt 0.82446408 0.96084774
vt 0.82300508 0.96502519
vt 0.90530503 0.95656317
vt 0.90767479 0.97021782
vt 0.87161034 0.97094536
vt 0.85567045 0.96927059
vt 0.91980302 0.97094536
vt 0.02979598 0.55162084
vt 0.02142621 0.54386157
vt 0.03087211 0.59307891
vt 0.02234540 0.52521437
vt 0.03421805 0.58137888
vt 0.02961261 0.53042662
vt 0.04170325 0.60827935
vt 0.02974564 0.60351050
vt 0.04067556 0.56451541
vt 0.03810254 0.53603178
vt 0.03564507 0.53128898
vt 0.03468122 0.62014937
vt 0.03908096 0.62142235
vt 0.02905698 0.61832845
vt 0.02649214 0.59407938
vt 0.01949788 0.52162898
vt 0.02089837 0.61030793
vt 0.01241197 0.52958339
vt 0.01646410 0.56130660
vt 0.02019914 0.51293409
vt 0.00868906 0.51623452
vt 0.01001525 0.50268912
vt 0.01889011 0.50180948
vt 0.02451642 0.51150644
vt 0.02921134 0.50363737
vt 0.03282669 0.51429397
vt 0.04170325 0.50683171
vt 0.01957593 0.59976810
vt 0.01989467 0.59524113
vt 0.00420147 0.52513975
vt 0.00043898 0.50463641
vt 0.01068994 0.60029316
vt 0.00763757 0.56010538
vt 0.00975963 0.58558893
vt 0.01239413 0.49306154
vt 0.02471625 0.51730216
vt 0.02893164 0.51410562
vt 0.03131665 0.51830125
vt 0.10683327 0.53215468
vt 0.09266461 0.54263914
vt 0.08561075 0.53438747
vt 0.09244382 0.52462912
vt 0.07832552 0.54229569
vt 0.08407576 0.55799586
vt 0.07661846 0.53899872
vt 0.08344007 0.53028780
vt 0.07289846 0.52455181
vt 0.07920897 0.51911604
vt 0.06252303 0.52535659
vt 0.06710629 0.51456851
vt 0.08859516 0.52207464
vt 0.08374166 0.51000005
vt 0.07232425 0.50339234
vt 0.05841064 0.53262436
vt 0.09587870 0.55148274
vt 0.09284588 0.55839449
vt 0.06200572 0.51784188
vt 0.05703024 0.52409011
vt 0.13939208 0.53857356
vt 0.12306200 0.53048706
vt 0.14182609 0.53043067
vt 0.12793788 0.52360827
vt 0.11386379 0.51674455
vt 0.09639840 0.51690805
vt 0.10135783 0.50949216
vt 0.14894174 0.54343152
vt 0.12192863 0.54130518
vt 0.13809390 0.54970253
vt 0.15427354 0.53605688
vt 0.14855097 0.55648655
vt 0.09971059 0.54398340
vt 0.12371630 0.55389518
vt 0.14081213 0.56055707
vt 0.15920825 0.55155671
vt 0.12799402 0.56757396
vt 0.11402116 0.55869329
vt 0.09314150 0.50787920
vt 0.08826182 0.50215799
vt 0.07672995 0.49508810
vt 0.06759651 0.49126792
vt 0.05983452 0.49918157
vt 0.06702274 0.50925940
vt 0.04981578 0.50658548
vt 0.07232469 0.48531675
vt 0.05469504 0.49756342
vt 0.04911429 0.50147045
vt 0.04971309 0.49077433
vt 0.05203838 0.48426890
vt 0.06057720 0.48798925
vt 0.05651475 0.47398090
vt 0.06481034 0.47948039
vt 0.09182246 0.49458194
vt 0.08074807 0.48708773
vt 0.16248375 0.54434937
vt 0.14148279 0.52020645
vt 0.15117273 0.52616495
vt 0.10692749 0.50000739
vt 0.12622024 0.51230133
vt 0.10424772 0.49468303
vt 0.04283642 0.48148030
vt 0.03867830 0.48982525
vt 0.03330294 0.48185658
vt 0.02853380 0.49078411
vt 0.03301038 0.50039256
vt 0.04552699 0.51805675
vt 0.16999006 0.58460945
vt 0.16669108 0.56119627
vt 0.17810678 0.57756323
vt 0.15943603 0.56565034
vt 0.16072552 0.58652860
vt 0.16108935 0.59162807
vt 0.15350422 0.57982165
vt 0.14608839 0.56772774
vt 0.17860793 0.59269518
vt 0.17420156 0.60497463
vt 0.18212852 0.58265507
vt 0.14901523 0.60099578
vt 0.14211425 0.57741517
vt 0.13966979 0.58866739
vt 0.16168989 0.60823828
vt 0.15513889 0.60745621
vt 0.13191098 0.57924557
vt 0.14358561 0.60222083
vt 0.12842833 0.59250671
vt 0.11558516 0.57073504
vt 0.12091592 0.58468527
vt 0.12993962 0.60270065
vt 0.12783509 0.60778546
vt 0.18379140 0.59715587
vt 0.18322025 0.61183262
vt 0.19436142 0.61092520
vt 0.18813205 0.61715317
vt 0.19504958 0.62363529
vt 0.19995347 0.62629378
vt 0.18556650 0.58750421
vt 0.10795487 0.58061111
vt 0.11928648 0.60380554
vt 0.11837905 0.61113816
vt 0.20474550 0.62315989
vt 0.21027216 0.63356459
vt 0.10801461 0.60256654
vt 0.10085847 0.61038077
vt 0.10968897 0.61490613
vt 0.08681045 0.62178934
vt 0.07483689 0.61361277
vt 0.06218446 0.62186378
vt 0.07863078 0.62523752
vt 0.06360286 0.62938768
vt 0.04669566 0.62882364
vt 0.05187605 0.63356459
vt 0.05636263 0.61643803
vt 0.19286828 0.59805799
vt 0.20847954 0.60177761
vt 0.16965157 0.61008549
vt 0.53218895 0.06135678
vt 0.54448992 0.05921382
vt 0.52877212 0.07335722
vt 0.54269230 0.07424319
vt 0.54526663 0.04604721
vt 0.52871668 0.05004841
vt 0.52181709 0.06700093
vt 0.52480900 0.05669850
vt 0.51663625 0.07511771
vt 0.52210426 0.04477739
vt 0.54119784 0.04501641
vt 0.51387858 0.06888688
vt 0.52104110 0.07998163
vt 0.51309633 0.08109283
vt 0.50915289 0.07669336
vt 0.50438982 0.07449096
vt 0.54226631 0.08109283
vt 0.52102876 0.03843766
vt 0.51213294 0.03441685
vt 0.50652468 0.08002830
vt 0.55352545 0.04313284
vt 0.52794415 0.07712770
vt 0.54166859 0.03983188
vt 0.53076136 0.03638071
vt 0.55293363 0.03949934
vt 0.54434025 0.03771585
vt 0.56511313 0.04984069
vt 0.54826188 0.07797921
vt 0.55126500 0.07123083
vt 0.55945206 0.07170153
vt 0.55646217 0.05867922
vt 0.56252110 0.06059271
vt 0.55934924 0.05473626
vt 0.55723614 0.04776597
vt 0.55158406 0.06618303
vt 0.56848115 0.05973095
vt 0.56650376 0.07359409
vt 0.54649544 0.03165656
vt 0.55344516 0.03588712
vt 0.79466665 0.06240290
vt 0.79036111 0.08378625
vt 0.79938293 0.07201743
vt 0.79198956 0.10268629
vt 0.79825509 0.04553342
vt 0.79834276 0.09433395
vt 0.79938543 0.10213578
vt 0.79805106 0.11022633
vt 0.78884989 0.12079459
vt 0.79716253 0.13136661
vt 0.78931814 0.13122070
vt 0.79078394 0.14006788
vt 0.79938293 0.14477926
vt 0.79105729 0.15310693
vt 0.79849428 0.15648448
vt 0.78927380 0.10286319
vt 0.79706627 0.16175199
vt 0.13023491 0.30705893
vt 0.13269065 0.29819596
vt 0.14826965 0.31188786
vt 0.11455853 0.30024964
vt 0.11251787 0.29318738
vt 0.11571928 0.28805673
vt 0.13817149 0.30076826
vt 0.15574121 0.30949867
vt 0.15698926 0.31699914
vt 0.16836123 0.31699914
vt 0.14936461 0.29975057
vt 0.13317519 0.28358150
vt 0.11918524 0.27986753
vt 0.14350598 0.29067838
vt 0.14688027 0.29587734
vt 0.14782819 0.29325223
vt 0.15248446 0.30117542
vt 0.16286819 0.30752480
vt 0.11106233 0.29718590
vt 0.17339772 0.31040007
vt 0.12793645 0.30860758
vt 0.14097328 0.31548917
vt 0.15164813 0.29295456
vt 0.15735061 0.29633421
vt 0.16037861 0.28526759
vt 0.15449567 0.28616953
vt 0.15618479 0.27883780
vt 0.16368219 0.27924240
vt 0.42731893 0.97159415
vt 0.41632870 0.97465777
vt 0.43739828 0.98064905
vt 0.42310539 0.98168117
vt 0.43940395 0.97374791
vt 0.41417646 0.96096712
vt 0.42435700 0.95765126
vt 0.43307847 0.95645213
vt 0.44139174 0.96426505
vt 0.44236884 0.98010361
vt 0.41416591 0.95717204
vt 0.44978398 0.96669650
vt 0.40393931 0.97069114
vt 0.40758812 0.96002024
vt 0.40952480 0.95536739
vt 0.44029185 0.95368636
vt 0.44995609 0.97744417
vt 0.41027573 0.98353541
vt 0.42031738 0.99067026
vt 0.44022352 0.99327236
vt 0.41381279 0.99840909
vt 0.42496151 0.99956638
vt 0.40551797 0.99789006
vt 0.40172666 0.98793328
vt 0.44680274 0.99193656
vt 0.43190339 0.95128524
vt 0.42089987 0.95409012
vt 0.39991221 0.99695832
vt 0.44335371 0.94935286
vt 0.44869357 0.95092422
vt 0.44978392 0.94752818
vt 0.35956153 0.94990849
vt 0.35646218 0.95793188
vt 0.35079139 0.95092171
vt 0.34789062 0.95704722
vt 0.35425162 0.94462621
vt 0.35713729 0.93618929
vt 0.36420187 0.93678367
vt 0.35511270 0.93052548
vt 0.37034971 0.92872131
vt 0.34842849 0.96207798
vt 0.36440054 0.94887805
vt 0.38141510 0.92982131
vt 0.37841278 0.94233739
vt 0.37085444 0.92324370
vt 0.39277378 0.93594760
vt 0.38860273 0.94432569
vt 0.40365908 0.93368620
vt 0.36329082 0.92325431
vt 0.35913241 0.92802435
vt 0.35753268 0.96226388
vt 0.40145564 0.93135750
vt 0.40183398 0.95150834
vt 0.37192658 0.95770800
vt 0.36297813 0.95618087
vt 0.36899003 0.96057963
vt 0.37766355 0.95353210
vt 0.38745311 0.92642355
vt 0.33837456 0.96095580
vt 0.33841524 0.95663911
vt 0.39149407 0.95801121
vt 0.40310779 0.95678890
vt 0.40261436 0.96440184
vt 0.39132822 0.96493638
vt 0.40430203 0.94741499
vt 0.34709904 0.95184785
vt 0.36862248 0.96660882
vt 0.32555312 0.95938236
vt 0.32175943 0.96557182
vt 0.31818458 0.95893347
vt 0.31675833 0.96660882
vt 0.37981439 0.96522701
vt 0.37464723 0.96262968
vt 0.35357970 0.94153708
vt 0.34898430 0.94139659
vt 0.31387183 0.95982683
vt 0.98418874 0.79399985
vt 0.99225569 0.80871397
vt 0.99253732 0.79424220
vt 0.98217493 0.80778176
vt 0.99253732 0.81858701
vt 0.98117995 0.82003468
vt 0.97848988 0.81085926
vt 0.98066229 0.79228103
vt 0.95315337 0.62073743
vt 0.96942282 0.63003874
vt 0.97150016 0.61740446
vt 0.96524340 0.61286747
vt 0.95305824 0.61151701
vt 0.97285461 0.60892344
vt 0.96179670 0.60129797
vt 0.96544486 0.63184863
vt 0.95110017 0.63082433
vt 0.95413208 0.60121918
vt 0.97451752 0.62638742
vt 0.97298205 0.60081470
vt 0.97393656 0.63158751
vt 0.95324790 0.63532948
vt 0.97848034 0.64097977
vt 0.96931386 0.64137036
vt 0.97305548 0.63507867
vt 0.94951713 0.62293774
vt 0.95265663 0.58351165
vt 0.96308941 0.58827811
vt 0.95388895 0.57311845
vt 0.97148305 0.57790029
vt 0.97284758 0.58377475
vt 0.97375178 0.59376532
vt 0.96716052 0.56856918
vt 0.96051151 0.56658822
vt 0.96720821 0.56375158
vt 0.97504109 0.56162804
vt 0.97497582 0.56814480
vt 0.97522146 0.57491398
vt 0.97566813 0.58065450
vt 0.95976675 0.55768126
vt 0.97131264 0.55439645
vt 0.98018366 0.63742948
vt 0.95068508 0.59508610
vt 0.96244800 0.54666966
vt 0.97055370 0.54732162
vt 0.95516646 0.55237859
vt 0.95999467 0.54523927
vt 0.95456886 0.53862202
vt 0.95972782 0.52983207
vt 0.95725459 0.50954032
vt 0.98024583 0.52146256
vt 0.98018366 0.51014107
vt 0.69345003 0.65367728
vt 0.68520123 0.65276879
vt 0.68915886 0.64754504
vt 0.69516146 0.66165859
vt 0.68188840 0.65688926
vt 0.70205206 0.65824342
vt 0.67709005 0.64233190
vt 0.67136949 0.64442259
vt 0.69147056 0.64309764
vt 0.69972914 0.64382279
vt 0.70648581 0.63544482
vt 0.70981663 0.64334601
vt 0.72186571 0.63777554
vt 0.67347324 0.65290707
vt 0.67791188 0.66120744
vt 0.72215414 0.63123512
vt 0.68181878 0.66812313
vt 0.68807167 0.66676843
vt 0.69473511 0.67239285
vt 0.70156318 0.67251790
vt 0.69551736 0.66652495
vt 0.70751363 0.67693460
vt 0.66116053 0.65961683
vt 0.66148686 0.67280161
vt 0.65073484 0.66639322
vt 0.64821661 0.65399361
vt 0.64661986 0.65988040
vt 0.64901221 0.66906810
vt 0.66084844 0.64749432
vt 0.70736033 0.66312498
vt 0.66984367 0.67875898
vt 0.71419859 0.67308307
vt 0.72174519 0.64181226
vt 0.72306597 0.67734879
vt 0.70930362 0.65944022
vt 0.71257460 0.65323848
vt 0.72024781 0.65473849
vt 0.72192061 0.65918654
vt 0.73093230 0.65575653
vt 0.72002602 0.67953163
vt 0.68934709 0.67657322
vt 0.69793135 0.67810118
vt 0.65181589 0.67953163
vt 0.73042941 0.65044832
vt 0.73090726 0.63167065
vt 0.70292270 0.66861248
vt 0.68882787 0.64049929
vt 0.68366390 0.63991994
vt 0.68318462 0.63492954
vt 0.68065834 0.62927848
vt 0.68910939 0.62785792
vt 0.69142038 0.61761397
vt 0.69656032 0.61922747
vt 0.66787368 0.63707536
vt 0.64986759 0.64987326
vt 0.69696444 0.63435930
vt 0.73136258 0.63714379
vt 0.71672493 0.62733698
vt 0.70046026 0.61101472
vt 0.70593500 0.61440283
vt 0.72160065 0.64880091
vt 0.73617208 0.65260530
vt 0.65282458 0.64189458
vt 0.64826685 0.64100152
vt 0.72645766 0.62678069
vt 0.69485646 0.64926827
vt 0.32517686 0.88379025
vt 0.33197725 0.89299124
vt 0.32655761 0.89560997
vt 0.33219013 0.88194150
vt 0.32986861 0.90517902
vt 0.33494294 0.90842450
vt 0.33224320 0.91543800
vt 0.32790792 0.91115761
vt 0.33481553 0.89429557
vt 0.32949495 0.87294805
vt 0.32265145 0.87670797
vt 0.33494294 0.87207288
vt 0.03058922 0.19644403
vt 0.02318271 0.20876932
vt 0.02116644 0.20588744
vt 0.01399170 0.19978315
vt 0.03515834 0.20772016
vt 0.01246950 0.21032089
vt 0.04390351 0.19938183
vt 0.04130320 0.20580310
vt 0.04250172 0.21022320
vt 0.00219491 0.21022320
vt 0.01993016 0.20955575
vt 0.03071276 0.20927888
vt 0.04521510 0.20598292
vt 0.40014076 0.05712128
vt 0.39169481 0.04769647
vt 0.39174977 0.05596793
vt 0.40201366 0.05142045
vt 0.39963895 0.03902256
vt 0.40723515 0.04061335
vt 0.39103469 0.03466815
vt 0.39853498 0.06319338
vt 0.40496129 0.06598037
vt 0.38445741 0.04816139
vt 0.37769246 0.05604678
vt 0.37738520 0.04972953
vt 0.38800320 0.06859183
vt 0.39600092 0.02905464
vt 0.39743435 0.07330835
vt 0.37219539 0.06659043
vt 0.40517011 0.07415438
vt 0.36748838 0.06263232
vt 0.41044775 0.03363514
vt 0.36567163 0.05576891
vt 0.41044775 0.07411093
vt 0.40153080 0.03566158
vt 0.78359997 0.44463837
vt 0.77913183 0.42353785
vt 0.78898627 0.42400241
vt 0.79219782 0.44338012
vt 0.77571410 0.44101703
vt 0.78285515 0.41047746
vt 0.77495879 0.40893322
vt 0.76915365 0.43139082
vt 0.76865673 0.41664904
vt 0.79499561 0.41517895
vt 0.79499561 0.44969642
vt 0.54303813 0.08869445
vt 0.52969730 0.09272856
vt 0.53229320 0.08196008
vt 0.52075189 0.08579302
vt 0.51933372 0.09287608
vt 0.53766441 0.10095489
vt 0.54916596 0.09990370
vt 0.52206165 0.09739745
vt 0.51322794 0.10034728
vt 0.52079773 0.08212155
vt 0.52144861 0.10190809
vt 0.54558265 0.10190809
vt 0.51669306 0.10186195
vt 0.50526780 0.08879900
vt 0.95346582 0.25135547
vt 0.95344740 0.26285392
vt 0.96861786 0.24779916
vt 0.97036529 0.25796854
vt 0.94650960 0.25600123
vt 0.94552791 0.24373186
vt 0.96468478 0.24189758
vt 0.96344322 0.23663604
vt 0.94637930 0.23391122
vt 0.97156298 0.22982186
vt 0.95603412 0.22615838
vt 0.94424933 0.22172350
vt 0.97109443 0.21777374
vt 0.95232838 0.21532857
vt 0.97497803 0.20876050
vt 0.97177958 0.20251518
vt 0.94517070 0.20546412
vt 0.94659925 0.26731288
vt 0.94852328 0.27718371
vt 0.95630503 0.28386450
vt 0.96608168 0.26540411
vt 0.94959396 0.28847003
vt 0.95346922 0.28991187
vt 0.96430188 0.28771889
vt 0.96925724 0.28142041
vt 0.96997821 0.28845024
vt 0.96494311 0.30215192
vt 0.95757955 0.30233669
vt 0.95023334 0.30013800
vt 0.95443916 0.30447066
vt 0.95114046 0.31711471
vt 0.95421398 0.33347785
vt 0.97497803 0.32382238
vt 0.79750305 0.38315213
vt 0.81668973 0.39243042
vt 0.79876775 0.39342475
vt 0.81767476 0.38356602
vt 0.80047143 0.40280485
vt 0.81939620 0.40123057
vt 0.80034918 0.41263348
vt 0.81441593 0.41237628
vt 0.82659435 0.41296518
vt 0.83096629 0.39371240
vt 0.82976770 0.38617897
vt 0.83356017 0.40538180
vt 0.81448257 0.42024136
vt 0.84120995 0.39821208
vt 0.80019844 0.42454469
vt 0.82512701 0.42454469
vt 0.84095860 0.41652715
vt 0.84591746 0.40723526
vt 0.79148376 0.38117957
vt 0.63050222 0.64817125
vt 0.62029803 0.65958369
vt 0.61325723 0.65166330
vt 0.63959616 0.65958369
vt 0.63826132 0.64138478
vt 0.62859702 0.63356459
vt 0.61811000 0.64003098
vt 0.25065848 0.80739611
vt 0.25101629 0.82484186
vt 0.25844619 0.81909680
vt 0.25768182 0.81080276
vt 0.25943810 0.82697314
vt 0.25807139 0.80189610
vt 0.25217938 0.80028045
vt 0.25943810 0.79228103
vt 0.25248539 0.79291809
vt 0.02238806 0.97094536
vt 0.02723986 0.96747416
vt 0.03731343 0.97094536
vt 0.03440044 0.96660882
vt 0.75381988 0.07997537
vt 0.74114251 0.07909214
vt 0.74734443 0.08872437
vt 0.74790066 0.07379091
vt 0.73889995 0.06826842
vt 0.72989261 0.08376443
vt 0.72497004 0.07541966
vt 0.72216326 0.08639240
vt 0.72464287 0.09246320
vt 0.72830009 0.06851947
vt 0.75992823 0.09218913
vt 0.75812006 0.08354455
vt 0.71941519 0.07201213
vt 0.74187374 0.09828514
vt 0.75439000 0.09719533
vt 0.72982526 0.10693347
vt 0.74479121 0.11694479
vt 0.73425639 0.12163615
vt 0.72744060 0.06037652
vt 0.73569703 0.05854326
vt 0.74991536 0.10962570
vt 0.75425637 0.12241316
vt 0.74077535 0.13681865
vt 0.75054771 0.13569731
vt 0.74523699 0.14632022
vt 0.72853541 0.15049326
vt 0.73791748 0.15579492
vt 0.75103647 0.15433079
vt 0.75758570 0.10854888
vt 0.76064003 0.15288305
vt 0.75626737 0.15775406
vt 0.73241401 0.13557404
vt 0.74376440 0.06491673
vt 0.74596560 0.15926605
vt 0.73945761 0.16285241
vt 0.75396329 0.16535056
vt 0.76420593 0.16411728
vt 0.75543666 0.10369074
vt 0.75511318 0.17707324
vt 0.76545453 0.13390726
vt 0.76487046 0.13913095
vt 0.72538239 0.15966958
vt 0.72716773 0.13927245
vt 0.72590345 0.12071866
vt 0.72613829 0.04829663
vt 0.72119051 0.06209075
vt 0.71986020 0.10723710
vt 0.72566909 0.13525474
vt 0.72054148 0.15286708
vt 0.71685213 0.09807777
vt 0.73352045 0.04555321
vt 0.76433086 0.09336144
vt 0.76641202 0.10191864
vt 0.76360095 0.11894071
vt 0.74935031 0.05194676
vt 0.74674141 0.04344392
vt 0.76928735 0.14934438
vt 0.76413685 0.17832321
vt 0.73060328 0.03822744
vt 0.76093811 0.05318940
vt 0.75717878 0.07229614
vt 0.71425623 0.16258860
vt 0.75929594 0.04122078
vt 0.71723098 0.14036590
vt 0.77480245 0.16968793
vt 0.77316892 0.12048650
vt 0.75222415 0.03157544
vt 0.74459118 0.02907503
vt 0.73329020 0.03229886
vt 0.76838052 0.05302107
vt 0.74991179 0.18375003
vt 0.76579940 0.18523633
vt 0.76662254 0.19008410
vt 0.75806290 0.19101560
vt 0.76991850 0.20078057
vt 0.77480245 0.06285965
vt 0.77185082 0.07704991
vt 0.71551454 0.12992024
vt 0.71358174 0.11686504
vt 0.71044445 0.15641874
vt 0.71336156 0.10612941
vt 0.70699054 0.11461633
vt 0.73755968 0.02159244
vt 0.70865411 0.14172977
vt 0.69837373 0.12398225
vt 0.74143916 0.01431048
vt 0.70262265 0.16072959
vt 0.76520824 0.02590352
vt 0.70131886 0.15359223
vt 0.69964677 0.14271373
vt 0.69490778 0.12613064
vt 0.92516822 0.25777078
vt 0.91824675 0.27494055
vt 0.92657655 0.27556324
vt 0.92511827 0.28241217
vt 0.91300255 0.27990866
vt 0.90139246 0.27897072
vt 0.93319380 0.25914901
vt 0.91188669 0.26052606
vt 0.88942629 0.26363200
vt 0.89574820 0.25532788
vt 0.90189898 0.25036287
vt 0.88466835 0.27466285
vt 0.87057978 0.24403512
vt 0.87123460 0.26450920
vt 0.88194579 0.23543793
vt 0.89546865 0.23374325
vt 0.87227428 0.22593236
vt 0.86172080 0.25945669
vt 0.86593890 0.28037238
vt 0.88938963 0.22612917
vt 0.88004535 0.29004562
vt 0.90756738 0.24634767
vt 0.91623574 0.25030863
vt 0.88246906 0.29032695
vt 0.89161199 0.28494740
vt 0.88303471 0.30990070
vt 0.90353209 0.28169787
vt 0.93392146 0.27457261
vt 0.89112133 0.30298805
vt 0.89742517 0.29308361
vt 0.90686709 0.31903684
vt 0.92009109 0.31350279
vt 0.91939801 0.33258939
vt 0.93363225 0.32769549
vt 0.93278772 0.34995663
vt 0.94202292 0.34967923
vt 0.94512731 0.34226304
vt 0.94512731 0.25922084
vt 0.06942975 0.95878690
vt 0.07752898 0.95360225
vt 0.07056853 0.95567524
vt 0.05302100 0.95611227
vt 0.05232744 0.96313965
vt 0.08384548 0.96313965
vt 0.06326811 0.95273203
vt 0.04784899 0.95994091
vt 0.58601093 0.86557889
vt 0.57486957 0.87312496
vt 0.57258755 0.86053360
vt 0.57512450 0.88421351
vt 0.58408308 0.88133276
vt 0.56891418 0.89422041
vt 0.59349120 0.87492931
vt 0.59793288 0.86917675
vt 0.60471910 0.87927127
vt 0.61784619 0.87855262
vt 0.60243207 0.89017206
vt 0.62092161 0.89035398
vt 0.62728971 0.88105994
vt 0.61142182 0.87146169
vt 0.58813345 0.90035897
vt 0.56314588 0.89093846
vt 0.55960888 0.88195020
vt 0.54816920 0.89047003
vt 0.54315597 0.88017762
vt 0.53711241 0.88911664
vt 0.53404588 0.87489539
vt 0.53353012 0.88770282
vt 0.52248776 0.88253576
vt 0.52113777 0.89554781
vt 0.51586217 0.88748580
vt 0.56133205 0.87365556
vt 0.51741022 0.87864935
vt 0.52416331 0.86876518
vt 0.57201511 0.86609381
vt 0.53610659 0.86565989
vt 0.56606305 0.90199810
vt 0.51425892 0.89447820
vt 0.61968124 0.90556723
vt 0.53439105 0.89792550
vt 0.56867349 0.90589768
vt 0.53823328 0.89922410
vt 0.55828685 0.90159595
vt 0.63244182 0.89375180
vt 0.60270327 0.85787457
vt 0.62897074 0.90589768
vt 0.63740951 0.88867253
vt 0.62111020 0.85956079
vt 0.59034377 0.85188615
vt 0.62822247 0.86625236
vt 0.63413042 0.87090474
vt 0.64257997 0.88215470
vt 0.64430296 0.87733823
vt 0.51025468 0.88629156
vt 0.51121497 0.87055087
vt 0.50702369 0.89524060
vt 0.61324680 0.85239488
vt 0.60531938 0.84902829
vt 0.59582758 0.84260535
vt 0.64837575 0.88619810
vt 0.58425033 0.85353893
vt 0.58302313 0.84893197
vt 0.52015364 0.86580473
vt 0.52710921 0.86081105
vt 0.52108580 0.85812289
vt 0.55588293 0.86344409
vt 0.58764380 0.83477885
vt 0.51348585 0.86392707
vt 0.52495992 0.85055447
vt 0.52034438 0.84964836
vt 0.53867590 0.85428649
vt 0.56753528 0.85579926
vt 0.51460773 0.85082132
vt 0.66898483 0.95668930
vt 0.67709702 0.94815016
vt 0.67731595 0.95791668
vt 0.66915131 0.94694823
vt 0.66034454 0.95413661
vt 0.65975624 0.94756299
vt 0.66458523 0.93958718
vt 0.67592466 0.93724769
vt 0.65581232 0.93769038
vt 0.65134764 0.95141560
vt 0.64708614 0.94203705
vt 0.66321379 0.93197727
vt 0.67312580 0.92513067
vt 0.65107512 0.92380369
vt 0.64502060 0.93180907
vt 0.67964524 0.95004076
vt 0.67998242 0.93552297
vt 0.67579252 0.92066413
vt 0.65612769 0.91853631
vt 0.67066598 0.91487592
vt 0.63797748 0.92471647
vt 0.64137840 0.91046637
vt 0.63567442 0.93536919
vt 0.62926632 0.91120690
vt 0.62257683 0.91837728
vt 0.62238663 0.93095720
vt 0.60247010 0.92000020
vt 0.59645879 0.90676498
vt 0.58556515 0.91000515
vt 0.59186137 0.92273402
vt 0.60377586 0.92960364
vt 0.57459098 0.91331726
vt 0.58145481 0.92239738
vt 0.56935906 0.90873176
vt 0.57921904 0.92277491
vt 0.57855600 0.92930913
vt 0.61094511 0.94581658
vt 0.63377023 0.94489145
vt 0.63288432 0.95426494
vt 0.61187136 0.93759865
vt 0.64328057 0.95314139
vt 0.63155365 0.95964175
vt 0.60428780 0.96135128
vt 0.59582472 0.94337070
vt 0.58967453 0.96268016
vt 0.61788523 0.96399432
vt 0.59177601 0.93159497
vt 0.58691251 0.94456083
vt 0.64972615 0.96246970
vt 0.63147950 0.96969885
vt 0.59768236 0.96749318
vt 0.61212087 0.97119236
vt 0.58462411 0.95527494
vt 0.57877392 0.96462458
vt 0.58275169 0.93368471
vt 0.64776891 0.97181267
vt 0.59121013 0.97181267
vt 0.58026785 0.94716418
vt 0.58010566 0.94023287
vt 0.66407555 0.96726429
vt 0.58084518 0.95306963
vt 0.57940555 0.95953333
vt 0.67677128 0.96871865
vt 0.60699928 0.48342991
vt 0.60701931 0.47734380
vt 0.60307920 0.48262155
vt 0.59873384 0.48037928
vt 0.60550129 0.49200636
vt 0.59818500 0.49031496
vt 0.60447949 0.49778086
vt 0.59708226 0.50261647
vt 0.60369694 0.50265503
vt 0.60198843 0.50694221
vt 0.60114318 0.47595632
vt 0.59435308 0.50939769
vt 0.59394205 0.48819852
vt 0.59637916 0.51949972
vt 0.60484362 0.51839215
vt 0.60922927 0.53745103
vt 0.60189825 0.53130275
vt 0.60568774 0.55021518
vt 0.61148882 0.55449033
vt 0.59840977 0.53758520
vt 0.60630023 0.50830013
vt 0.61650884 0.54757124
vt 0.61749446 0.55541873
vt 0.61092323 0.56212223
vt 0.62028253 0.56127018
vt 0.61417276 0.57355374
vt 0.62592542 0.57160085
vt 0.62594974 0.57538146
vt 0.63432837 0.58412838
vt 0.59688586 0.47726762
vt 0.60084891 0.47351134
vt 0.60874087 0.47494507
vt 0.60397118 0.47102827
vt 0.60676390 0.46510613
vt 0.60187948 0.46918297
vt 0.60278869 0.46392357
vt 0.60779101 0.45680189
vt 0.61073935 0.46016240
vt 0.61307949 0.45409465
vt 0.61220968 0.46650976
vt 0.60954463 0.47779417
vt 0.61466342 0.46304590
vt 0.60943228 0.45232940
vt 0.61400157 0.44795865
vt 0.61731112 0.45075357
vt 0.62155640 0.44275802
vt 0.62486494 0.44525909
vt 0.62131184 0.45292783
vt 0.63432837 0.44368464
vt 0.61675715 0.45911038
vt 0.03096928 0.88751179
vt 0.04583279 0.88782537
vt 0.03920138 0.87725818
vt 0.02820020 0.87701607
vt 0.05406983 0.88320023
vt 0.04927234 0.87709624
vt 0.06269239 0.87386292
vt 0.06667786 0.88092691
vt 0.07507113 0.87339640
vt 0.07461323 0.88079756
vt 0.06019263 0.89025879
vt 0.05749914 0.76857519
vt 0.06464503 0.76145226
vt 0.05284114 0.75959307
vt 0.04746724 0.76889366
vt 0.05501051 0.77993929
vt 0.04541240 0.78178918
vt 0.06482873 0.78359419
vt 0.06758671 0.77319592
vt 0.06175075 0.79698455
vt 0.05285966 0.79677290
vt 0.04314873 0.79484868
vt 0.07263564 0.79018974
vt 0.07176384 0.79926544
vt 0.07683477 0.78290617
vt 0.07349399 0.76206690
vt 0.07869524 0.77174973
vt 0.07951584 0.80061114
vt 0.08464583 0.76486444
vt 0.08590262 0.78052044
vt 0.06072197 0.80286819
vt 0.08177705 0.76088637
vt 0.08856089 0.80013943
vt 0.03677993 0.77497655
vt 0.04780058 0.75845623
vt 0.03437059 0.78513479
vt 0.04224422 0.76315796
vt 0.03429182 0.79492253
vt 0.03825426 0.80069375
vt 0.09245410 0.77472109
vt 0.09262511 0.79034275
vt 0.09258184 0.76452518
vt 0.07602333 0.86552060
vt 0.08704488 0.85637581
vt 0.07852584 0.84865189
vt 0.08461573 0.87421530
vt 0.08173237 0.82750881
vt 0.08863767 0.84127069
vt 0.08915624 0.80549282
vt 0.08273938 0.80516398
vt 0.07821929 0.82177472
vt 0.08537646 0.88267976
vt 0.08250421 0.89288813
vt 0.06852917 0.85156476
vt 0.07339834 0.80391181
vt 0.07203565 0.81951255
vt 0.06337286 0.86988121
vt 0.06358133 0.82875478
vt 0.07168218 0.88865048
vt 0.09258184 0.88709289
vt 0.05320476 0.86828262
vt 0.05676521 0.85349655
vt 0.04347556 0.86733013
vt 0.05206846 0.83210683
vt 0.02947927 0.86975437
vt 0.04445789 0.82501549
vt 0.05110879 0.80227429
vt 0.03736056 0.83904630
vt 0.03228361 0.85675544
vt 0.03897534 0.81563348
vt 0.02476993 0.84905416
vt 0.02441558 0.85702109
vt 0.01533675 0.84914643
vt 0.00921861 0.85387403
vt 0.02076029 0.86555994
vt 0.02806593 0.83094627
vt 0.01681206 0.85996199
vt 0.01032815 0.84721363
vt 0.01888822 0.84583884
vt 0.03000052 0.79876882
vt 0.09726661 0.91024053
vt 0.08977054 0.91490579
vt 0.08355051 0.90757787
vt 0.08368808 0.91066146
vt 0.09864972 0.91666269
vt 0.09752697 0.90727019
vt 0.09202428 0.93017685
vt 0.09904652 0.93034625
vt 0.08229385 0.92275429
vt 0.07714435 0.94397312
vt 0.07521003 0.93333185
vt 0.06773145 0.94122583
vt 0.06114487 0.94474876
vt 0.05714699 0.94124913
vt 0.09724309 0.93707323
vt 0.05882359 0.93552232
vt 0.05900129 0.92967850
vt 0.07637175 0.92596745
vt 0.06737794 0.91679275
vt 0.05629619 0.91807115
vt 0.07664906 0.91179812
vt 0.07202381 0.90392929
vt 0.06166880 0.90330434
vt 0.05319687 0.92450732
vt 0.05184221 0.92235607
vt 0.10052678 0.92248756
vt 0.06297986 0.91423160
vt 0.05519554 0.91203970
vt 0.06355695 0.89895922
vt 0.06888232 0.90018219
vt 0.09434471 0.94351912
vt 0.09651241 0.94595790
vt 0.04099825 0.90893948
vt 0.04920635 0.94509375
vt 0.04738310 0.94248414
vt 0.05230097 0.93689346
vt 0.05076291 0.92994183
vt 0.03914355 0.92949039
vt 0.03716514 0.91224796
vt 0.03125938 0.91494608
vt 0.03653875 0.92030442
vt 0.02670842 0.90359938
vt 0.01919899 0.90582639
vt 0.02181177 0.91486871
vt 0.01586693 0.91285461
vt 0.01360843 0.90773869
vt 0.08109254 0.95150602
vt 0.05961337 0.94849694
vt 0.04837532 0.94861859
vt 0.09282662 0.95090812
vt 0.03011226 0.92040706
vt 0.04012771 0.94137394
vt 0.03782196 0.94814318
vt 0.09605899 0.95446658
vt 0.02827914 0.94780356
vt 0.02875968 0.95331430
vt 0.02344293 0.94931787
vt 0.02557091 0.95446658
vt 0.62201881 0.98439628
vt 0.60979879 0.97558475
vt 0.63241553 0.98586017
vt 0.61266541 0.98502058
vt 0.60324812 0.98459131
vt 0.60191530 0.98963153
vt 0.63156021 0.97968298
vt 0.64398593 0.99002600
vt 0.60590637 0.97528189
vt 0.59831613 0.98264408
vt 0.59043020 0.99002600
vt 0.62713438 0.97756815
vt 0.51076895 0.51324332
vt 0.50044608 0.51797742
vt 0.50184107 0.52229750
vt 0.49912202 0.51155305
vt 0.50027394 0.50775266
vt 0.51229149 0.52175426
vt 0.50831372 0.52796578
vt 0.50975418 0.50313890
vt 0.51229149 0.50000000
vt 0.50285035 0.52816600
vt 0.50775653 0.53471255
vt 0.50293845 0.53542721
vt 0.50518250 0.54076320
vt 0.49985623 0.50171196
vt 0.01695899 0.24773473
vt 0.01171404 0.25179780
vt 0.01384340 0.24240476
vt 0.01799824 0.23633999
vt 0.01799824 0.25628793
vt 0.00834065 0.24445152
vt 0.91164994 0.79862326
vt 0.90486294 0.80774838
vt 0.91462439 0.81207412
vt 0.90136373 0.80033380
vt 0.90215403 0.80935442
vt 0.90122914 0.78484434
vt 0.91350228 0.78894633
vt 0.92613804 0.79055977
vt 0.92142940 0.81016260
vt 0.92418051 0.80068165
vt 0.92002672 0.82195026
vt 0.93473589 0.79814810
vt 0.93091249 0.81330740
vt 0.93081772 0.82199341
vt 0.93495184 0.81011075
vt 0.93825978 0.79423541
vt 0.91974235 0.78548831
vt 0.92771167 0.78689712
vt 0.92914724 0.76811802
vt 0.92260176 0.76125127
vt 0.93571955 0.78958273
vt 0.93839663 0.77100646
vt 0.91191399 0.78422624
vt 0.93332583 0.76601577
vt 0.93028539 0.74579048
vt 0.92163384 0.74368542
vt 0.94149381 0.75453812
vt 0.93385482 0.74159050
vt 0.92027760 0.73491031
vt 0.92829639 0.72444403
vt 0.93362248 0.73239893
vt 0.93888563 0.72101015
vt 0.93604386 0.71302557
vt 0.94884384 0.74732924
vt 0.94367391 0.72977823
vt 0.94559854 0.76896322
vt 0.94623464 0.71263885
vt 0.94238806 0.70388007
vt 0.93173009 0.83140975
vt 0.94612360 0.77411520
vt 0.94567108 0.81099516
vt 0.94849008 0.79283112
vt 0.95087606 0.75677013
vt 0.94425696 0.80074161
vt 0.94241130 0.81650442
vt 0.95352387 0.72504485
vt 0.94937277 0.69601041
vt 0.95783526 0.75161535
vt 0.95629281 0.77230394
vt 0.95739084 0.70236647
vt 0.90872455 0.80998224
vt 0.90820450 0.81657046
vt 0.91924810 0.83038872
vt 0.95763260 0.77575952
vt 0.95917469 0.71285665
vt 0.93797630 0.82676804
vt 0.95150328 0.79952341
vt 0.92594063 0.83524179
vt 0.93484157 0.83824807
vt 0.94115216 0.83086175
vt 0.95618832 0.79648888
vt 0.95470840 0.81909013
vt 0.95575023 0.82396781
vt 0.95917469 0.80170226
vt 0.82971549 0.98637724
vt 0.83461374 0.98643041
vt 0.83411205 0.99016178
vt 0.82279170 0.98919332
vt 0.84426165 0.98975581
vt 0.84526122 0.98430532
vt 0.82128942 0.99469531
vt 0.84009284 0.99486989
vt 0.81214482 0.99361414
vt 0.84490138 0.99410802
vt 0.84157401 0.97993529
vt 0.85345554 0.98119724
vt 0.81171238 0.98774302
vt 0.85733098 0.98771507
vt 0.84729916 0.99522984
vt 0.82388270 0.98031205
vt 0.82810140 0.97701645
vt 0.81427687 0.98208183
vt 0.80859709 0.98916125
vt 0.80201930 0.99522984
vt 0.55211729 0.95073241
vt 0.55524313 0.94134665
vt 0.55618966 0.95628369
vt 0.55341834 0.93891972
vt 0.55525506 0.93056446
vt 0.54252994 0.93107951
vt 0.54388201 0.94098300
vt 0.54376501 0.94900775
vt 0.54302925 0.95582652
vt 0.54981226 0.96250188
vt 0.53884143 0.96503156
vt 0.53508335 0.95913863
vt 0.52863550 0.97094536
vt 0.52809292 0.96101391
vt 0.51777267 0.96634513
vt 0.51131266 0.95570701
vt 0.50813752 0.94521594
vt 0.52471584 0.94986129
vt 0.48931536 0.94898105
vt 0.48629892 0.95799553
vt 0.46927977 0.94458324
vt 0.45654458 0.95256156
vt 0.49374697 0.94067311
vt 0.45795888 0.93915510
vt 0.51539224 0.93715632
vt 0.53001142 0.94497824
vt 0.46500275 0.93637562
vt 0.49539000 0.93240958
vt 0.53472364 0.93696696
vt 0.45225319 0.92850649
vt 0.51534551 0.92858303
vt 0.53731751 0.94524050
vt 0.46745658 0.93150693
vt 0.48557410 0.92606795
vt 0.53010052 0.92720979
vt 0.49887812 0.92036313
vt 0.46393615 0.93228137
vt 0.46082458 0.92706090
vt 0.46574026 0.92266649
vt 0.53664768 0.95421571
vt 0.46583456 0.92739940
vt 0.45149606 0.92467105
vt 0.43942055 0.92555290
vt 0.52058184 0.91965932
vt 0.47372425 0.91457069
vt 0.50330889 0.96548408
vt 0.46654615 0.96302825
vt 0.45327654 0.95662218
vt 0.48871428 0.96658313
vt 0.45103934 0.96596706
vt 0.45403999 0.95110017
vt 0.46510729 0.97094536
vt 0.45074978 0.93185288
vt 0.60783941 0.43273354
vt 0.60123169 0.42070055
vt 0.59914261 0.43084657
vt 0.59569800 0.42611527
vt 0.60831147 0.42542291
vt 0.60886741 0.41617131
vt 0.59693873 0.43659210
vt 0.59867764 0.41413701
vt 0.60886741 0.43949169
vt 0.60265911 0.44275802
vt 0.59785646 0.41939539
vt 0.66730821 0.98233074
vt 0.65681809 0.97995907
vt 0.66360486 0.97304553
vt 0.65476322 0.97267997
vt 0.64797091 0.97936332
vt 0.67132372 0.97393775
vt 0.67045248 0.98534286
vt 0.66486299 0.98940432
vt 0.66025311 0.99176061
vt 0.65069073 0.98550159
vt 0.64982939 0.99176061
vt 0.67919755 0.98237056
vt 0.68525022 0.97721046
vt 0.65081346 0.97287267
vt 0.64398593 0.97648233
vt 0.97502840 0.41846025
vt 0.97559631 0.40487289
vt 0.96666288 0.40631956
vt 0.96916401 0.42281008
vt 0.96447891 0.39554584
vt 0.97440320 0.39566815
vt 0.98287970 0.39505637
vt 0.96444249 0.41556436
vt 0.97885525 0.41696727
vt 0.98147577 0.42162371
vt 0.98287970 0.40821350
vt 0.39278913 0.02660453
vt 0.38700193 0.02811146
vt 0.38825017 0.02077252
vt 0.39670429 0.01861584
vt 0.40110713 0.02549523
vt 0.40499121 0.01968747
vt 0.41236788 0.02693278
vt 0.41842282 0.02033746
vt 0.42527694 0.02891338
vt 0.38340876 0.02416998
vt 0.38597980 0.01770532
vt 0.39417687 0.01517779
vt 0.37800416 0.02206373
vt 0.37462932 0.02607489
vt 0.38060978 0.03071475
vt 0.37504885 0.03367412
vt 0.36743227 0.03037930
vt 0.42565703 0.01935720
vt 0.43271473 0.02121013
vt 0.43676585 0.03102273
vt 0.37147367 0.03530025
vt 0.36480683 0.03436899
vt 0.36630273 0.03804088
vt 0.35850975 0.04206419
vt 0.35969603 0.03385389
vt 0.35406253 0.03908223
vt 0.36424160 0.02814198
vt 0.37028190 0.02571553
vt 0.44102585 0.02679449
vt 0.45258999 0.03136295
vt 0.45204401 0.03469688
vt 0.44524986 0.04073143
vt 0.43523559 0.03634161
vt 0.44803327 0.04206419
vt 0.34986830 0.04034412
vt 0.35172001 0.03597319
vt 0.35832930 0.02829635
vt 0.43157440 0.03374422
vt 0.40440315 0.01521158
vt 0.91311467 0.18093586
vt 0.92155850 0.17590594
vt 0.91986585 0.18233424
vt 0.91488439 0.17348552
vt 0.92332494 0.18462825
vt 0.93298274 0.18507981
vt 0.92854720 0.19187438
vt 0.93946093 0.19947231
vt 0.93936425 0.19424176
vt 0.93142009 0.19851947
vt 0.93629837 0.20454043
vt 0.93990701 0.21022487
vt 0.92902195 0.17976254
vt 0.91216230 0.17905575
vt 0.90344000 0.17995667
vt 0.89419442 0.17519528
vt 0.88860404 0.18037474
vt 0.88761503 0.17862499
vt 0.87878853 0.18453574
vt 0.90315527 0.17302692
vt 0.90508687 0.18143290
vt 0.87925649 0.18590748
vt 0.89647084 0.18564796
vt 0.86983180 0.19412565
vt 0.87234288 0.19779307
vt 0.86748034 0.20526534
vt 0.86357468 0.20559567
vt 0.86172080 0.21410227
vt 0.86604947 0.21272099
vt 0.86297768 0.21899390
vt 0.88009304 0.18977684
vt 0.94337136 0.20108926
vt 0.93249083 0.20401716
vt 0.89256710 0.18803877
vt 0.88821644 0.19524133
vt 0.93241185 0.21014684
vt 0.93612874 0.21718848
vt 0.92986584 0.21899390
vt 0.06617985 0.36897576
vt 0.07518725 0.36404502
vt 0.08392603 0.37173259
vt 0.05957967 0.36383349
vt 0.04697103 0.36707425
vt 0.05018413 0.37181294
vt 0.08486667 0.36672252
vt 0.08978790 0.37088221
vt 0.06838527 0.37293434
vt 0.05620495 0.37597573
vt 0.08254544 0.37597573
vt 0.08999122 0.37548459
vt 0.49679348 0.87067080
vt 0.49469632 0.86448520
vt 0.49120098 0.87812525
vt 0.49128553 0.88373184
vt 0.49978647 0.88030559
vt 0.50263387 0.87358212
vt 0.50263387 0.85919958
vt 0.50066543 0.85233682
vt 0.49381015 0.85461593
vt 0.49161154 0.84696382
vt 0.49308139 0.83977777
vt 0.48909855 0.84422916
vt 0.48781666 0.83736897
vt 0.48420021 0.84176695
vt 0.47896227 0.84098572
vt 0.47179314 0.83651346
vt 0.46428612 0.84036303
vt 0.47243896 0.84255600
vt 0.46474251 0.84637469
vt 0.45817703 0.84599990
vt 0.46149299 0.85077792
vt 0.45388427 0.85406762
vt 0.45258999 0.86157972
vt 0.45979413 0.85866714
vt 0.48323783 0.88795823
vt 0.48598829 0.89387822
vt 0.47633627 0.88804513
vt 0.47777849 0.89549005
vt 0.47049120 0.89265215
vt 0.46929702 0.88362843
vt 0.46323320 0.88589847
vt 0.49549958 0.88660640
vt 0.45947361 0.86321896
vt 0.45261508 0.86925882
vt 0.45950416 0.86896658
vt 0.45542884 0.87697136
vt 0.46286479 0.87566650
vt 0.46629363 0.88138038
vt 0.45945519 0.88623995
vt 0.49181637 0.89370483
vt 0.70525420 0.03730583
vt 0.71334505 0.03687286
vt 0.71186930 0.04191393
vt 0.70505273 0.05372190
vt 0.71113420 0.05460227
vt 0.69432080 0.04148632
vt 0.69751614 0.02634925
vt 0.71087891 0.02098989
vt 0.71147394 0.03065813
vt 0.69013995 0.05272841
vt 0.71186233 0.01602298
vt 0.71262223 0.00563747
vt 0.69276977 0.01506531
vt 0.69422686 0.00577998
vt 0.69051510 0.02852422
vt 0.69019228 0.03733140
vt 0.69498634 0.06657225
vt 0.70775437 0.06411600
vt 0.70356447 0.07390374
vt 0.68973792 0.06390333
vt 0.69110823 0.07630140
vt 0.69556856 0.08212399
vt 0.71174151 0.07078546
vt 0.70960891 0.08003473
vt 0.70880258 0.08469498
vt 0.70129514 0.10030311
vt 0.71289825 0.10104078
vt 0.69073087 0.10035872
vt 0.68964005 0.08862954
vt 0.71334505 0.08540273
vt 0.05250867 0.74967539
vt 0.05413169 0.74330527
vt 0.03758483 0.74291843
vt 0.03542548 0.75838059
vt 0.03427780 0.76404780
vt 0.04512442 0.73407143
vt 0.03691743 0.72575724
vt 0.02989000 0.73074526
vt 0.02378199 0.74825197
vt 0.02147904 0.75956064
vt 0.01789734 0.73027462
vt 0.04783599 0.71944815
vt 0.02943969 0.71010387
vt 0.03970500 0.70546538
vt 0.01774633 0.71508074
vt 0.05913515 0.73326546
vt 0.05743867 0.71975571
vt 0.06571683 0.74071699
vt 0.01713122 0.70412368
vt 0.00469105 0.74338675
vt 0.00475800 0.72463489
vt 0.00498927 0.75589579
vt 0.02354536 0.69349891
vt 0.03387732 0.68775415
vt 0.00395083 0.70263410
vt 0.05172778 0.69915116
vt 0.02124843 0.76712924
vt 0.04310858 0.68002301
vt 0.06716418 0.74465853
vt 0.02940250 0.67266423
vt 0.01846444 0.67803657
vt 0.02335410 0.65907770
vt 0.01083579 0.66216195
vt 0.01264068 0.65555936
vt 0.00628471 0.65572846
vt 0.02322161 0.65295529
vt 0.03814827 0.64934200
vt 0.01125490 0.64688963
vt 0.01936548 0.65198040
vt 0.02365883 0.64365888
vt 0.03552496 0.66078383
vt 0.04995560 0.66709429
vt 0.04439825 0.64550209
vt 0.05291367 0.63930893
vt 0.05295604 0.74945861
vt 0.06170335 0.74861866
vt 0.05895839 0.64526218
vt 0.06716418 0.63876843
vt 0.98681724 0.24943852
vt 0.98463565 0.25984156
vt 0.99616039 0.25346899
vt 0.98942369 0.24811751
vt 0.99403173 0.26134574
vt 0.99956101 0.24368936
vt 0.99345845 0.23807460
vt 0.98562592 0.27024984
vt 0.99382776 0.26739460
vt 0.99589419 0.27786773
vt 0.98723072 0.28553450
vt 0.99956101 0.28751087
vt 0.78920960 0.04535663
vt 0.78425628 0.05236518
vt 0.79031157 0.05528855
vt 0.78422797 0.03132927
vt 0.78505486 0.05840069
vt 0.79236174 0.06358451
vt 0.78786558 0.07415438
vt 0.79227638 0.04683769
vt 0.78182614 0.03647643
vt 0.78976488 0.03345978
vt 0.78571260 0.02645272
vt 0.79236174 0.02795178
vt 0.69327736 0.97564799
vt 0.69613230 0.96488893
vt 0.70127702 0.96685576
vt 0.70029223 0.98043835
vt 0.69697821 0.95780349
vt 0.70401555 0.95742869
vt 0.70356017 0.95399064
vt 0.70503855 0.96839428
vt 0.69256324 0.98230714
vt 0.69728363 0.95160413
vt 0.70018446 0.94316804
vt 0.69562316 0.94498450
vt 0.69315618 0.94044739
vt 0.69415575 0.98884124
vt 0.68525022 0.98915869
vt 0.72964877 0.95964468
vt 0.72288805 0.96678090
vt 0.71022147 0.96382910
vt 0.73531860 0.96867228
vt 0.73617500 0.95378667
vt 0.73968393 0.96546036
vt 0.71947896 0.95400947
vt 0.72658598 0.94565678
vt 0.73497212 0.94403708
vt 0.72084248 0.94330198
vt 0.71712404 0.93859512
vt 0.72724634 0.93451864
vt 0.71452004 0.97484833
vt 0.73686653 0.97893119
vt 0.73350334 0.98915869
vt 0.71848375 0.98821384
vt 0.70710009 0.98494184
vt 0.06868412 0.58377135
vt 0.05707978 0.58451116
vt 0.06422149 0.57891119
vt 0.07618311 0.58171308
vt 0.07995433 0.58696949
vt 0.08384548 0.58310157
vt 0.05441036 0.57718992
vt 0.06113761 0.58722687
vt 0.05149917 0.59030288
vt 0.04433714 0.59032542
vt 0.06889457 0.58894491
vt 0.07843969 0.59366870
vt 0.04862234 0.59366870
vt 0.21817383 0.01431048
vt 0.20763828 0.01333833
vt 0.21518026 0.00423080
vt 0.20778593 0.00771153
vt 0.21817383 0.00390285
vt 0.43415275 0.62456542
vt 0.43326485 0.61583382
vt 0.42839843 0.61839539
vt 0.42823896 0.60574651
vt 0.43308169 0.60666698
vt 0.42827034 0.63044518
vt 0.43283254 0.63161421
vt 0.42273924 0.63049179
vt 0.43295601 0.60147440
vt 0.42976516 0.63616651
vt 0.42336634 0.63450783
vt 0.43415275 0.63467234
vt 0.42550451 0.60185033
vt 0.63405263 0.84333777
vt 0.64329517 0.83902252
vt 0.63688290 0.83118367
vt 0.64364910 0.83089733
vt 0.63888800 0.85061312
vt 0.64644516 0.84887648
vt 0.63081652 0.83534044
vt 0.64535964 0.82506180
vt 0.64553988 0.85922819
vt 0.65058911 0.85523808
vt 0.63751459 0.85433948
vt 0.65539950 0.86339980
vt 0.63277566 0.82726473
vt 0.63607222 0.81854510
vt 0.63963437 0.81199890
vt 0.64943039 0.81517082
vt 0.64947665 0.80442327
vt 0.65539950 0.80667657
vt 0.98999828 0.10342419
vt 0.99140704 0.09064859
vt 0.98764944 0.09275448
vt 0.98317724 0.10917771
vt 0.98184109 0.10277551
vt 0.99126989 0.10866064
vt 0.98532403 0.12246847
vt 0.98169750 0.12115562
vt 0.99517119 0.12792712
vt 0.99013567 0.08583134
vt 0.99517119 0.07628250
vt 0.99192715 0.07688552
vt 0.99225277 0.07155246
vt 0.97585601 0.10966474
vt 0.98594421 0.08645976
vt 0.98046416 0.09628165
vt 0.98852527 0.07677293
vt 0.27567536 0.99673259
vt 0.28072414 0.98721045
vt 0.28326628 0.99343210
vt 0.26599506 0.99473417
vt 0.26830733 0.98876297
vt 0.25612855 0.99150133
vt 0.28958568 0.99061412
vt 0.28806433 0.98555684
vt 0.29252049 0.98513603
vt 0.29631254 0.98961091
vt 0.28762141 0.99783176
vt 0.28118959 0.98482221
vt 0.25861144 0.98721027
vt 0.24802458 0.98930490
vt 0.26258489 0.99783176
vt 0.10491659 0.72965229
vt 0.10572433 0.74024284
vt 0.11377162 0.73460245
vt 0.11350639 0.72309566
vt 0.12105888 0.73024625
vt 0.12448128 0.72116220
vt 0.13377538 0.72982091
vt 0.14034103 0.72525758
vt 0.14345871 0.73463577
vt 0.14937328 0.73156917
vt 0.15408252 0.74024284
vt 0.29500693 0.82287979
vt 0.28327936 0.82957500
vt 0.28773090 0.82379991
vt 0.27348551 0.82821602
vt 0.29770154 0.82957500
vt 0.27412146 0.82134247
vt 0.29224941 0.82026386
vt 0.27843368 0.82003468
vt 0.29174739 0.82059848
vt 0.30158034 0.82362187
vt 0.81367904 0.60262161
vt 0.81682152 0.59366870
vt 0.82572430 0.59943587
vt 0.81046921 0.59449697
vt 0.82322490 0.60507458
vt 0.80976599 0.60030550
vt 0.81687415 0.60581094
vt 0.82442814 0.59498841
vt 0.80640912 0.59722167
vt 0.82559842 0.60581094
vt 0.03213564 0.05094165
vt 0.02234371 0.05066973
vt 0.02060646 0.05973244
vt 0.01488164 0.05853659
vt 0.02820196 0.04494733
vt 0.03994732 0.04003704
vt 0.03438195 0.03912044
vt 0.03710639 0.03495646
vt 0.03395937 0.02694523
vt 0.02256292 0.03769529
vt 0.01279084 0.04741758
vt 0.02394410 0.04097939
vt 0.01475213 0.04173398
vt 0.01729349 0.03216511
vt 0.02333385 0.02638346
vt 0.02932600 0.02195489
vt 0.00439255 0.05653715
vt 0.00638295 0.06316257
vt 0.01999032 0.06374675
vt 0.00927182 0.02428716
vt 0.00219491 0.03265435
vt 0.01179826 0.03799504
vt 0.00961194 0.01063335
vt 0.00223134 0.01629770
vt 0.02364241 0.01529676
vt 0.01741708 0.00390285
vt 0.03994732 0.01476413
vt 0.04101892 0.98018426
vt 0.03430310 0.98607594
vt 0.03557356 0.97945493
vt 0.04250291 0.97423226
vt 0.05348041 0.97521442
vt 0.05678018 0.97252637
vt 0.06299978 0.97922552
vt 0.07089299 0.97536564
vt 0.05509540 0.97982389
vt 0.08108605 0.98164892
vt 0.08799917 0.97595435
vt 0.09681993 0.98548943
vt 0.09686379 0.97500801
vt 0.09910627 0.98829144
vt 0.03680874 0.98828357
vt 0.04875270 0.98107147
vt 0.03116769 0.98465621
vt 0.03281816 0.98829144
vt 0.07440288 0.96921289
vt 0.09825410 0.96764308
vt 0.05588612 0.96804756
vt 0.09730481 0.96251756
vt 0.10052678 0.95880312
vt 0.29756001 0.92873043
vt 0.30217743 0.93402737
vt 0.30454448 0.92713135
vt 0.30983356 0.93357575
vt 0.31140509 0.92639172
vt 0.31383237 0.93219423
vt 0.31650570 0.92534053
vt 0.30053952 0.93587285
vt 0.30470756 0.93695182
vt 0.29465616 0.93495846
vt 0.28841999 0.93230182
vt 0.28862956 0.94060606
vt 0.27611944 0.94199193
vt 0.27599475 0.91210991
vt 0.29785544 0.90389204
vt 0.28662989 0.90470892
vt 0.29692900 0.87901878
vt 0.29649273 0.93960834
vt 0.28586486 0.87875628
vt 0.27422261 0.87909722
vt 0.30697399 0.91231263
vt 0.30637351 0.87913048
vt 0.29660469 0.94738197
vt 0.30278686 0.94706857
vt 0.29647297 0.95421720
vt 0.30240241 0.95334476
vt 0.28826618 0.95546073
vt 0.28643137 0.94760305
vt 0.28042722 0.95626831
vt 0.27575064 0.94911891
vt 0.30421367 0.94384480
vt 0.26389587 0.89122909
vt 0.27057287 0.92438459
vt 0.26652771 0.87912321
vt 0.26989198 0.95686746
vt 0.26231301 0.91592205
vt 0.26547858 0.94334590
vt 0.27228829 0.95967042
vt 0.26426777 0.95076174
vt 0.30991414 0.94992238
vt 0.30928233 0.93875736
vt 0.30965224 0.94583648
vt 0.31589389 0.91038400
vt 0.31150395 0.95035201
vt 0.27415666 0.87503815
vt 0.29046169 0.87442744
vt 0.27663925 0.86506116
vt 0.28647813 0.86438978
vt 0.27726945 0.85228276
vt 0.28531423 0.85184377
vt 0.28408438 0.84117609
vt 0.27400652 0.83708262
vt 0.29515502 0.85130966
vt 0.29600084 0.86672157
vt 0.26635310 0.85631967
vt 0.30383432 0.85621232
vt 0.26427808 0.84516007
vt 0.26849020 0.86761546
vt 0.29003438 0.83526832
vt 0.30474845 0.83760566
vt 0.30433044 0.87248653
vt 0.31362242 0.85110694
vt 0.31272146 0.86284792
vt 0.31390798 0.83618850
vt 0.31237441 0.87369621
vt 0.31650570 0.82784039
vt 0.25997671 0.86925143
vt 0.31220934 0.95240009
vt 0.26197463 0.87551594
vt 0.25668105 0.84992695
vt 0.25592625 0.85976791
vt 0.30010608 0.83242285
vt 0.30906412 0.82911712
vt 0.26032126 0.95926017
vt 0.31504244 0.88074392
vt 0.55837798 0.31737888
vt 0.55570459 0.30764103
vt 0.55004388 0.31679440
vt 0.55283898 0.30945730
vt 0.55193233 0.32057643
vt 0.55682600 0.32179821
vt 0.56120664 0.30614996
vt 0.56233537 0.32393754
vt 0.56233537 0.29878581
vt 0.00296440 0.18159026
vt 0.00570676 0.18519270
vt 0.00043898 0.20037967
vt 0.00163722 0.16869038
vt 0.00570676 0.20164788
vt 0.14405122 0.98715687
vt 0.13985035 0.97886598
vt 0.14982378 0.98432195
vt 0.15671642 0.99522984
vt 0.11774252 0.97756535
vt 0.12588027 0.97528189
vt 0.13318899 0.98407084
vt 0.12304738 0.98373669
vt 0.11375576 0.98687339
vt 0.09525900 0.99522984
vt 0.93763494 0.47557664
vt 0.93102491 0.48175263
vt 0.92878467 0.47640830
vt 0.93568265 0.48173958
vt 0.94404185 0.48006785
vt 0.92033821 0.48061389
vt 0.92206329 0.48353028
vt 0.92670393 0.47313392
vt 0.91799134 0.47592974
vt 0.93887323 0.47224629
vt 0.94875813 0.47449404
vt 0.95050621 0.48236108
vt 0.91572452 0.48408169
vt 0.96180862 0.48438859
vt 0.90784055 0.47927207
vt 0.90649694 0.48438859
vt 0.56607485 0.98880053
vt 0.56826556 0.98405874
vt 0.55499429 0.98272711
vt 0.57989466 0.98689908
vt 0.55517846 0.98929805
vt 0.55004388 0.98443979
vt 0.57983118 0.99349523
vt 0.57929403 0.97993249
vt 0.55053943 0.97913933
vt 0.55730122 0.97642964
vt 0.56846386 0.97653645
vt 0.57983118 0.97354728
vt 0.74988246 0.95279616
vt 0.75648099 0.95392817
vt 0.75358969 0.95085025
vt 0.75393111 0.93972248
vt 0.75812113 0.94182467
vt 0.75462580 0.96725273
vt 0.74582970 0.95877641
vt 0.75162137 0.96922463
vt 0.74618095 0.94713807
vt 0.75812113 0.97007805
vt 0.98085010 0.33285898
vt 0.98809296 0.33619016
vt 0.98870707 0.32393754
vt 0.97678947 0.33561641
vt 0.98576784 0.32443142
vt 0.99045032 0.34448874
vt 0.97673398 0.33992171
vt 0.99517119 0.33100331
vt 0.99341327 0.33825117
vt 0.99517119 0.34562016
vt 0.99277115 0.32412004
vt 0.97348386 0.98536789
vt 0.98200178 0.98115838
vt 0.97887629 0.99212164
vt 0.97071779 0.99296927
vt 0.97883093 0.97875106
vt 0.97700393 0.99869907
vt 0.96651542 0.99715573
vt 0.96963215 0.98174101
vt 0.96242774 0.98455775
vt 0.96083355 0.99507284
vt 0.95481962 0.98632032
vt 0.95328116 0.99423695
vt 0.94634396 0.98693264
vt 0.94636869 0.99497604
vt 0.95396364 0.99666524
vt 0.93675989 0.98918635
vt 0.94083053 0.99722552
vt 0.93195784 0.99869907
vt 0.19072756 0.55890024
vt 0.18017000 0.56229258
vt 0.18470912 0.56843621
vt 0.17954347 0.56851691
vt 0.19129100 0.56704140
vt 0.19446883 0.56126261
vt 0.18243308 0.55350184
vt 0.18992595 0.54856896
vt 0.19446883 0.55421412
vt 0.56218034 0.35946077
vt 0.55436367 0.36023068
vt 0.56020081 0.36427343
vt 0.55153102 0.36812943
vt 0.56321335 0.35265350
vt 0.56018823 0.34626281
vt 0.55786419 0.37127239
vt 0.55080807 0.37534362
vt 0.55534327 0.34625280
vt 0.55790216 0.34010446
vt 0.55197901 0.35253561
vt 0.56200296 0.37516928
vt 0.55843735 0.38254076
vt 0.55059248 0.38569248
vt 0.55604726 0.38943160
vt 0.56321335 0.38393170
vt 0.54710388 0.36595714
vt 0.55176157 0.34296417
vt 0.54942578 0.39245450
vt 0.54465938 0.37536377
vt 0.54390633 0.38543755
vt 0.54633147 0.35561609
vt 0.54597741 0.34526974
vt 0.54214221 0.35848248
vt 0.55075765 0.33607984
vt 0.51142341 0.75420123
vt 0.50712651 0.74693334
vt 0.51735908 0.75204271
vt 0.51901555 0.75498700
vt 0.52130818 0.74948591
vt 0.52721685 0.75012690
vt 0.52012956 0.74080890
vt 0.51341873 0.74419910
vt 0.51335698 0.73937553
vt 0.49752820 0.74480301
vt 0.49926662 0.75017720
vt 0.50396240 0.75247002
vt 0.49249443 0.74970597
vt 0.49529272 0.75498700
vt 0.49840838 0.74097574
vt 0.48858649 0.74541640
vt 0.99217123 0.05106020
vt 0.98882765 0.04272711
vt 0.98583901 0.05005372
vt 0.99217176 0.04537505
vt 0.99132746 0.05384523
vt 0.98838669 0.06706190
vt 0.99464893 0.05910444
vt 0.98112381 0.05214363
vt 0.99300194 0.03926015
vt 0.99095052 0.03438503
vt 0.98629588 0.02932096
vt 0.99143749 0.03026229
vt 0.98207927 0.04490268
vt 0.98453814 0.04143798
vt 0.99487221 0.02627182
vt 0.98679066 0.02486062
vt 0.99188697 0.01691240
vt 0.99637592 0.06402963
vt 0.99956101 0.07328707
vt 0.99956101 0.01722825
vt 0.98177457 0.03609055
vt 0.52301002 0.01632988
vt 0.51316947 0.01955342
vt 0.52663881 0.00749558
vt 0.51579833 0.02558541
vt 0.51650310 0.01204580
vt 0.53579742 0.01002514
vt 0.54785776 0.00819713
vt 0.54190856 0.00157809
vt 0.55679291 0.00814998
vt 0.56325233 0.00408965
vt 0.56951880 0.01002866
vt 0.58877575 0.01238954
vt 0.58198315 0.00535870
vt 0.60451198 0.00856382
vt 0.53229403 0.00263757
vt 0.61322874 0.01553303
vt 0.63008100 0.01634586
vt 0.64117467 0.01891929
vt 0.64025068 0.01216429
vt 0.66083819 0.01488048
vt 0.65611768 0.02043873
vt 0.67668217 0.02483445
vt 0.67938757 0.01874125
vt 0.55649579 0.00130093
vt 0.68788409 0.02558541
vt 0.49864620 0.97860253
vt 0.50258726 0.97425270
vt 0.51058900 0.97496361
vt 0.49193907 0.97553408
vt 0.51725662 0.97208917
vt 0.52241087 0.97988540
vt 0.52516574 0.97445446
vt 0.50520015 0.98222029
vt 0.49164495 0.98222029
vt 0.49372122 0.97897226
vt 0.52809483 0.97684950
vt 0.50226861 0.96921074
vt 0.49269792 0.96958959
vt 0.48419666 0.97447693
vt 0.41603911 0.61084002
vt 0.40870571 0.61457664
vt 0.41587672 0.61845338
vt 0.41258022 0.62659639
vt 0.41494593 0.60443741
vt 0.40781388 0.62698317
vt 0.41353709 0.63548368
vt 0.41143015 0.59713793
vt 0.40999094 0.63672274
vt 0.41747147 0.62721682
vt 0.41747147 0.63619900
vt 0.41463575 0.64050305
vt 0.90694201 0.99063575
vt 0.89723104 0.98871523
vt 0.90046531 0.98566145
vt 0.88652742 0.98395491
vt 0.88731629 0.98890823
vt 0.87572122 0.98622191
vt 0.87424111 0.99182618
vt 0.86611062 0.99436253
vt 0.86817640 0.98937839
vt 0.92142230 0.99288964
vt 0.91581488 0.99436253
vt 0.91277897 0.98771250
vt 0.96532047 0.79932278
vt 0.97419095 0.78902483
vt 0.97093678 0.80134457
vt 0.96851313 0.78860009
vt 0.97302216 0.78094172
vt 0.97953314 0.78009474
vt 0.98463565 0.77666956
vt 0.96628243 0.80967212
vt 0.97242403 0.80834699
vt 0.97492820 0.81713837
vt 0.96832508 0.81515115
vt 0.97338706 0.82199132
vt 0.98463565 0.83044231
vt 0.63914084 0.00050110
vt 0.63858056 0.00838560
vt 0.63038349 0.00043362
vt 0.63130158 0.00773543
vt 0.64398593 0.00910670
vt 0.62471664 0.00441480
vt 0.62291485 0.00910670
vt 0.98044580 0.93278402
vt 0.98382038 0.93190223
vt 0.98282433 0.92677569
vt 0.97585601 0.92218924
vt 0.97612190 0.91737151
vt 0.98242861 0.92100990
vt 0.98325503 0.90925360
vt 0.97853231 0.90735900
vt 0.98805416 0.90356046
vt 0.98668587 0.89515281
vt 0.98980880 0.89574474
vt 0.98522133 0.88855761
vt 0.99429321 0.88270253
vt 0.99216413 0.87901127
vt 0.98883134 0.92229307
vt 0.98887122 0.92785674
vt 0.98823518 0.93075693
vt 0.98773700 0.91159368
vt 0.99429321 0.93201995
vt 0.24533749 0.21198273
vt 0.25035578 0.20330912
vt 0.24633671 0.20228893
vt 0.24559505 0.21972084
vt 0.24818701 0.18688387
vt 0.25275931 0.19126940
vt 0.25138244 0.18343449
vt 0.24074546 0.21998352
vt 0.25500849 0.21182626
vt 0.24923773 0.22308999
vt 0.25576839 0.18586463
vt 0.24051723 0.22698599
vt 0.24553345 0.23812902
vt 0.25943810 0.20009482
vt 0.23456357 0.24038684
vt 0.25347444 0.22448218
vt 0.23119040 0.25046563
vt 0.23898348 0.25330973
vt 0.23729922 0.26374698
vt 0.22917643 0.26118994
vt 0.24607411 0.25658071
vt 0.22855440 0.24142677
vt 0.25001419 0.24428123
vt 0.25462598 0.23512745
vt 0.24266152 0.26496100
vt 0.25942299 0.18867284
vt 0.22309111 0.25860894
vt 0.25942302 0.21420068
vt 0.22608791 0.23800004
vt 0.23197721 0.22863311
vt 0.22079726 0.24043822
vt 0.21908934 0.23552483
vt 0.22071594 0.22265667
vt 0.22592965 0.22313207
vt 0.21646465 0.20688713
vt 0.22153533 0.20646930
vt 0.22145417 0.20092797
vt 0.21641791 0.20075136
vt 0.43575406 0.34749222
vt 0.43921795 0.34253180
vt 0.43563920 0.33564001
vt 0.44089457 0.35389733
vt 0.43779340 0.35879946
vt 0.44205442 0.36087370
vt 0.43725377 0.36359531
vt 0.44062942 0.32720029
vt 0.43550342 0.32639718
vt 0.43288130 0.36383349
vt 0.43064091 0.34459001
vt 0.44205442 0.32125926
vt 0.43777791 0.32046831
vt 0.62270212 0.51195645
vt 0.62599599 0.51811653
vt 0.62833375 0.50260192
vt 0.61676908 0.52246231
vt 0.62262219 0.52726406
vt 0.63169450 0.53099525
vt 0.62992132 0.51908273
vt 0.63169450 0.50395566
vt 0.62993324 0.53642672
vt 0.75424218 0.00989574
vt 0.76262432 0.01517779
vt 0.75803989 0.01447397
vt 0.74967903 0.01517779
vt 0.74846357 0.00216824
vt 0.75443834 0.00627971
vt 0.76865673 0.01112765
vt 0.76580596 0.00396049
vt 0.77265346 0.00793064
vt 0.77129060 0.00130093
vt 0.78094822 0.00248337
vt 0.78094822 0.02875584
vt 0.77244914 0.02525651
vt 0.77278990 0.03318584
vt 0.77801424 0.03686035
vt 0.08613340 0.18926978
vt 0.09432317 0.18752861
vt 0.09677286 0.19414401
vt 0.08028751 0.19253302
vt 0.10228270 0.18690372
vt 0.08096239 0.19817865
vt 0.09583110 0.19817865
vt 0.07857770 0.19693387
vt 0.59118706 0.70344943
vt 0.58618689 0.69663090
vt 0.58966279 0.69435358
vt 0.58467185 0.70629680
vt 0.58791023 0.71420598
vt 0.58340651 0.71271116
vt 0.59394205 0.69372624
vt 0.59141797 0.68993926
vt 0.59369493 0.71005034
vt 0.59394205 0.71682566
vt 0.06354364 0.45835078
vt 0.06065343 0.45116538
vt 0.06910180 0.45304257
vt 0.05838455 0.45885509
vt 0.06990733 0.45991969
vt 0.06665518 0.44765210
vt 0.07164522 0.45061255
vt 0.08172902 0.45630395
vt 0.07894193 0.46697867
vt 0.10021266 0.46949959
vt 0.09134319 0.47484821
vt 0.07865305 0.44165134
vt 0.09826737 0.44871193
vt 0.09785555 0.45709789
vt 0.10907154 0.45096612
vt 0.10694908 0.45657241
vt 0.11083949 0.46534491
vt 0.11096455 0.44844973
vt 0.11504243 0.47484821
vt 0.11545215 0.46800923
vt 0.10669037 0.44350696
vt 0.11123172 0.45191252
vt 0.07007513 0.44303185
vt 0.08631276 0.43913758
vt 0.11473107 0.44204211
vt 0.09651493 0.43581963
vt 0.23555747 0.72824812
vt 0.24208207 0.73250842
vt 0.22722119 0.73041975
vt 0.24211794 0.72376412
vt 0.25165096 0.72643560
vt 0.24655883 0.73552835
vt 0.22435240 0.74315560
vt 0.23685686 0.74391657
vt 0.22992679 0.75908673
vt 0.23570912 0.76238680
vt 0.24281238 0.76279271
vt 0.22101882 0.76074815
vt 0.21346691 0.75129753
vt 0.21800354 0.73298460
vt 0.25243369 0.74463272
vt 0.25592625 0.76277804
vt 0.21417335 0.76113021
vt 0.20692867 0.75249594
vt 0.22178224 0.72849226
vt 0.20805776 0.76278400
vt 0.20149253 0.76277804
vt 0.18050985 0.03858328
vt 0.18302584 0.04439956
vt 0.17165789 0.04394162
vt 0.17015724 0.04066366
vt 0.19262831 0.04152167
vt 0.16497374 0.04640067
vt 0.19216165 0.04640067
vt 0.16022827 0.04220432
vt 0.19045363 0.03576142
vt 0.19534680 0.03784645
vt 0.17174265 0.03512573
vt 0.14787370 0.93347484
vt 0.15446380 0.92708910
vt 0.15755713 0.93218821
vt 0.14780337 0.92584562
vt 0.13924359 0.93246198
vt 0.14144903 0.93538594
vt 0.16488469 0.92856908
vt 0.16549605 0.93343216
vt 0.16088492 0.93538594
vt 0.13388938 0.92944419
vt 0.65873671 0.57103604
vt 0.66597128 0.57108444
vt 0.65770596 0.56914008
vt 0.65031743 0.57271302
vt 0.66283709 0.57595873
vt 0.65084511 0.56534469
vt 0.64453077 0.56196755
vt 0.63585824 0.56426591
vt 0.63911474 0.55886227
vt 0.65250611 0.57763249
vt 0.64771849 0.57360315
vt 0.66670382 0.57809645
vt 0.66917145 0.57094109
vt 0.67664444 0.57400322
vt 0.67570299 0.58033907
vt 0.68689764 0.57773173
vt 0.69113940 0.58015966
vt 0.69439852 0.57835382
vt 0.69399619 0.58349502
vt 0.63413364 0.56627548
vt 0.62960905 0.55978847
vt 0.68409026 0.58512074
vt 0.69248742 0.58795792
vt 0.70193154 0.59022325
vt 0.66101885 0.59622711
vt 0.66502512 0.58660001
vt 0.66082239 0.58777058
vt 0.68555838 0.60581094
vt 0.65935326 0.59356505
vt 0.67262250 0.55977470
vt 0.66435778 0.55674535
vt 0.68471837 0.56665784
vt 0.69679201 0.56866235
vt 0.65525609 0.55118209
vt 0.66855806 0.55280888
vt 0.66585350 0.53138030
vt 0.65786940 0.53271765
vt 0.67330474 0.54217988
vt 0.68868273 0.55851054
vt 0.65600801 0.50871783
vt 0.66420317 0.50495017
vt 0.67980349 0.53114015
vt 0.67398947 0.51428401
vt 0.66844088 0.49891913
vt 0.65380567 0.49005663
vt 0.67675948 0.47170323
vt 0.67012489 0.45281494
vt 0.68443406 0.44806796
vt 0.67967695 0.43026900
vt 0.69625586 0.41230273
vt 0.68487471 0.40701723
vt 0.70193154 0.41524738
vt 0.65874380 0.47555149
vt 0.66096348 0.43941689
vt 0.66664904 0.41218245
vt 0.67566645 0.39876920
vt 0.66414201 0.38909358
vt 0.66835332 0.38249135
vt 0.65032786 0.52768654
vt 0.65001363 0.46426630
vt 0.64713532 0.54637796
vt 0.64171368 0.48390448
vt 0.64541274 0.51027083
vt 0.65749592 0.37594271
vt 0.64317137 0.44432926
vt 0.64756149 0.42843008
vt 0.65796739 0.40989912
vt 0.68287259 0.39708424
vt 0.66508746 0.37202084
vt 0.69048136 0.40136528
vt 0.62906057 0.47245747
vt 0.63534218 0.48694968
vt 0.63996488 0.53988642
vt 0.63480783 0.55410480
vt 0.63668668 0.51076508
vt 0.64978796 0.40056133
vt 0.69644052 0.40405762
vt 0.65425193 0.36209887
vt 0.41922739 0.58726919
vt 0.42234972 0.58819532
vt 0.41962436 0.59684968
vt 0.42537314 0.58065915
vt 0.42252061 0.59866446
vt 0.42252767 0.60683161
vt 0.42537314 0.60754555
vt 0.64212811 0.23097968
vt 0.64418000 0.21613032
vt 0.63625938 0.22503841
vt 0.63886935 0.23789060
vt 0.62599844 0.23792636
vt 0.62749952 0.24943703
vt 0.64221585 0.24264348
vt 0.61581439 0.24798149
vt 0.64452797 0.25399703
vt 0.60695189 0.24997246
vt 0.60715783 0.25212097
vt 0.59036362 0.25471765
vt 0.61856347 0.25403309
vt 0.64317983 0.20485914
vt 0.64549214 0.20279634
vt 0.64545280 0.18169993
vt 0.59928590 0.26065588
vt 0.59410858 0.26729655
vt 0.60742629 0.26636076
vt 0.61662775 0.26895344
vt 0.61056101 0.27691102
vt 0.59628314 0.27604723
vt 0.62752610 0.25809884
vt 0.62521148 0.27936101
vt 0.63734853 0.26172721
vt 0.61787641 0.28764153
vt 0.61225444 0.28799570
vt 0.64401937 0.27243412
vt 0.63508910 0.28261125
vt 0.64574188 0.26544893
vt 0.60364199 0.28653395
vt 0.58205962 0.26796174
vt 0.58009034 0.27647519
vt 0.58195138 0.25293702
vt 0.56836665 0.26805055
vt 0.56843537 0.26005876
vt 0.61773711 0.30117953
vt 0.60976285 0.29902363
vt 0.62700135 0.29274392
vt 0.60948640 0.30861449
vt 0.62445557 0.31323540
vt 0.60943234 0.31555867
vt 0.61206561 0.33395112
vt 0.61725801 0.33251852
vt 0.62625843 0.32434070
vt 0.63573271 0.32420194
vt 0.63657159 0.34266770
vt 0.62337035 0.34062088
vt 0.62144518 0.34463966
vt 0.63083750 0.36057687
vt 0.62279767 0.35500240
vt 0.62469774 0.37322646
vt 0.64107364 0.37717795
vt 0.63993645 0.35445422
vt 0.63106060 0.37899202
vt 0.62273550 0.37829471
vt 0.62028235 0.38954294
vt 0.63447195 0.39790797
vt 0.62285984 0.39929026
vt 0.64057428 0.34597558
vt 0.60922831 0.37406927
vt 0.60974425 0.35592532
vt 0.61123151 0.34006786
vt 0.60952783 0.37937933
vt 0.60946524 0.39272213
vt 0.59987110 0.34781587
vt 0.63533849 0.40728438
vt 0.63777751 0.29220212
vt 0.64402741 0.32297736
vt 0.64224136 0.38180709
vt 0.64549810 0.39720899
vt 0.64545977 0.40570760
vt 0.62347341 0.40970337
vt 0.62977087 0.41847354
vt 0.64574188 0.41509497
vt 0.60235858 0.36367571
vt 0.59929025 0.37487251
vt 0.60014093 0.38085371
vt 0.59928417 0.30038750
vt 0.59353441 0.36216313
vt 0.59200329 0.29347670
vt 0.60357648 0.31241107
vt 0.58870131 0.30735540
vt 0.60709465 0.33638716
vt 0.58661920 0.33109272
vt 0.59187740 0.34284431
vt 0.59866095 0.39346081
vt 0.58932924 0.28665531
vt 0.58430356 0.35022700
vt 0.58932352 0.37536490
vt 0.57999772 0.29603958
vt 0.59073973 0.38124889
vt 0.58439207 0.34554124
vt 0.57913333 0.29120886
vt 0.57598799 0.31216210
vt 0.58875835 0.39382333
vt 0.58145201 0.36555272
vt 0.57305908 0.32661486
vt 0.57942510 0.28352165
vt 0.57044524 0.30117786
vt 0.57337129 0.34724331
vt 0.56860280 0.33974433
vt 0.55882353 0.33297670
vt 0.58201623 0.38305295
vt 0.56583023 0.28667796
vt 0.77392447 0.14572173
vt 0.77463323 0.15768212
vt 0.77865928 0.15710568
vt 0.78036124 0.16695577
vt 0.78039682 0.14143503
vt 0.78446007 0.16372138
vt 0.77446067 0.13601291
vt 0.78023291 0.13493574
vt 0.78289717 0.14789164
vt 0.78446007 0.13522464
vt 0.77697128 0.13226366
vt 0.37445128 0.08542931
vt 0.36678067 0.08118081
vt 0.37445128 0.07849091
vt 0.36479369 0.08503169
vt 0.36154136 0.15828276
vt 0.35689202 0.16348654
vt 0.36830553 0.16348654
vt 0.99404472 0.39369953
vt 0.98975509 0.40323347
vt 0.99780512 0.39437687
vt 0.99358344 0.41054744
vt 0.98857254 0.41701758
vt 0.99006838 0.42627931
vt 0.99780512 0.42391431
vt 0.99487478 0.38898528
vt 0.99003404 0.39279974
vt 0.98519701 0.39949518
vt 0.98437995 0.40796745
vt 0.98375767 0.42347479
vt 0.95981145 0.17755020
vt 0.96176136 0.18049008
vt 0.97059393 0.17232895
vt 0.96559978 0.17052799
vt 0.96854722 0.16435385
vt 0.95261163 0.18254960
vt 0.95215100 0.17690569
vt 0.95872509 0.18657011
vt 0.97346681 0.18073851
vt 0.97712529 0.17263514
vt 0.98727447 0.18644321
vt 0.97289056 0.18887651
vt 0.96399558 0.19511342
vt 0.98693162 0.16855299
vt 0.99253732 0.17562556
vt 0.99253732 0.19842923
vt 0.98742181 0.19774538
vt 0.97683871 0.19904596
vt 0.43817106 0.19124186
vt 0.43735543 0.18564451
vt 0.43479747 0.19300401
vt 0.44517276 0.18881875
vt 0.45200661 0.18339330
vt 0.45101804 0.17566693
vt 0.45863789 0.17501235
vt 0.45954499 0.18337572
vt 0.46521553 0.17648375
vt 0.46532109 0.18311846
vt 0.47129521 0.18354303
vt 0.47788814 0.18484020
vt 0.47753918 0.17828912
vt 0.48282239 0.17795581
vt 0.48518223 0.18646616
vt 0.48897371 0.17858064
vt 0.49145207 0.18808323
vt 0.49483714 0.17900944
vt 0.49955669 0.19074661
vt 0.50512171 0.18683630
vt 0.45546332 0.18545169
vt 0.50544560 0.19673187
vt 0.50899047 0.19124526
vt 0.51461625 0.20111030
vt 0.51798904 0.19445556
vt 0.52188450 0.19843614
vt 0.52708125 0.20701784
vt 0.53086299 0.20381492
vt 0.43271863 0.18833852
vt 0.43006787 0.19509447
vt 0.47470453 0.17563790
vt 0.50204653 0.17767060
vt 0.52873659 0.20913720
vt 0.50808239 0.17947954
vt 0.51175112 0.18117142
vt 0.52524555 0.19507879
vt 0.52526826 0.17669940
vt 0.51286274 0.17215955
vt 0.44700551 0.24860644
vt 0.42563659 0.25627792
vt 0.43421566 0.25926870
vt 0.42166114 0.27397645
vt 0.39967871 0.27904129
vt 0.44188464 0.24057680
vt 0.46657282 0.23439819
vt 0.46552601 0.24082410
vt 0.45647782 0.23147219
vt 0.48506069 0.23402125
vt 0.49188298 0.22418839
vt 0.47514984 0.22218335
vt 0.39304441 0.29411417
vt 0.48431966 0.24144953
vt 0.51792735 0.22838628
vt 0.51188564 0.22330636
vt 0.41010872 0.29080498
vt 0.38429368 0.30474579
vt 0.51198363 0.24564582
vt 0.39798167 0.31162363
vt 0.44935271 0.25986362
vt 0.43817386 0.27509761
vt 0.42637777 0.28969556
vt 0.46547654 0.24943918
vt 0.47962022 0.24917811
vt 0.38434744 0.31183505
vt 0.37705463 0.31080139
vt 0.52319914 0.23319036
vt 0.53217167 0.25924003
vt 0.50894511 0.25816208
vt 0.52086091 0.27139187
vt 0.53131962 0.27867150
vt 0.41555229 0.31050432
vt 0.54263741 0.25904173
vt 0.54079342 0.28591645
vt 0.53396040 0.28844917
vt 0.46817958 0.25968719
vt 0.40421650 0.32184863
vt 0.39530921 0.32243049
vt 0.52897632 0.30573356
vt 0.51671273 0.28905457
vt 0.51587003 0.30235422
vt 0.54696941 0.27703011
vt 0.55261391 0.29311979
vt 0.48876411 0.25738358
vt 0.52636653 0.21933758
vt 0.37269020 0.31718069
vt 0.45800433 0.27188253
vt 0.53733259 0.31323183
vt 0.50312048 0.26722842
vt 0.53520483 0.23100728
vt 0.53923094 0.22221428
vt 0.54533261 0.32247698
vt 0.53383803 0.33392012
vt 0.50884277 0.27919871
vt 0.55151165 0.23041397
vt 0.53949153 0.34862536
vt 0.53162867 0.31309104
vt 0.52690452 0.36222047
vt 0.52518922 0.33683258
vt 0.52398044 0.38581777
vt 0.37691265 0.30344534
vt 0.51049525 0.21734387
vt 0.51361209 0.21368992
vt 0.50708824 0.20796347
vt 0.54996175 0.24847972
vt 0.51258463 0.38279247
vt 0.52017921 0.35881186
vt 0.48313683 0.21277869
vt 0.49153525 0.20578539
vt 0.49047732 0.19962919
vt 0.51180393 0.35817492
vt 0.50256860 0.38285756
vt 0.50081009 0.39054048
vt 0.49410075 0.38390189
vt 0.48835960 0.39401138
vt 0.47382560 0.39561248
vt 0.49201816 0.40036017
vt 0.49935821 0.39921248
vt 0.48592848 0.41174304
vt 0.49385089 0.41719323
vt 0.47392872 0.40589100
vt 0.51046807 0.34100091
vt 0.47720614 0.20035821
vt 0.36851045 0.31015217
vt 0.50369424 0.42241347
vt 0.51292765 0.40347099
vt 0.47510988 0.38410068
vt 0.45506543 0.22436386
vt 0.44003060 0.23212171
vt 0.46558517 0.21399522
vt 0.42395422 0.23993611
vt 0.41434473 0.32905483
vt 0.50835115 0.32022440
vt 0.49775890 0.34922063
vt 0.49472028 0.36154079
vt 0.37769124 0.32571208
vt 0.52735597 0.39904439
vt 0.52970743 0.39009392
vt 0.41505927 0.25279522
vt 0.35817942 0.31838799
vt 0.40960029 0.26903397
vt 0.51321852 0.42894983
vt 0.51843184 0.40845335
vt 0.52382785 0.40837359
vt 0.53314930 0.41932613
vt 0.43664637 0.30035961
vt 0.37565124 0.29200327
vt 0.40342897 0.33822238
vt 0.44719586 0.28311425
vt 0.46150219 0.39371312
vt 0.42736793 0.31417739
vt 0.53974199 0.40951312
vt 0.55267781 0.42861217
vt 0.54109758 0.42775291
vt 0.54533631 0.43962884
vt 0.55261391 0.44086349
vt 0.45713660 0.27337801
vt 0.37437806 0.32543004
vt 0.37405518 0.32971084
vt 0.37065274 0.33608365
vt 0.39534801 0.33803999
vt 0.46255684 0.40587234
vt 0.40909326 0.33714497
vt 0.40536591 0.34601808
vt 0.35702077 0.31210482
vt 0.47749010 0.37466919
vt 0.44582507 0.21865559
vt 0.39987248 0.26285392
vt 0.45922756 0.38010347
vt 0.36049756 0.30462080
vt 0.47814083 0.33113050
vt 0.47031644 0.35196376
vt 0.38454232 0.33442104
vt 0.39016390 0.34251761
vt 0.37906218 0.34191829
vt 0.38485387 0.34346080
vt 0.39189461 0.34593457
vt 0.40087867 0.34677207
vt 0.37345639 0.33284366
vt 0.38344005 0.27788150
vt 0.51762354 0.43296790
vt 0.46062472 0.37165058
vt 0.43226641 0.22179455
vt 0.50624681 0.29118621
vt 0.49731916 0.30499452
vt 0.36875582 0.33875108
vt 0.37509966 0.34298515
vt 0.38399196 0.35218549
vt 0.38556939 0.35003853
vt 0.38890246 0.35556668
vt 0.38556129 0.35828918
vt 0.39234984 0.35121816
vt 0.46498764 0.19668680
vt 0.36015674 0.32202744
vt 0.53366005 0.40214872
vt 0.36821249 0.33308280
vt 0.35956126 0.32958913
vt 0.35730350 0.33480203
vt 0.35689202 0.33808255
vt 0.36517781 0.34116250
vt 0.35865763 0.32574642
vt 0.41559964 0.33721393
vt 0.53479040 0.44031620
vt 0.49083874 0.30085337
vt 0.48785803 0.29703218
vt 0.47780186 0.30045176
vt 0.47659212 0.31329387
vt 0.46733773 0.33285362
vt 0.45788875 0.35546058
vt 0.45165733 0.36629856
vt 0.44751090 0.37325549
vt 0.52734309 0.44449264
vt 0.46237770 0.31929791
vt 0.46479949 0.29871070
vt 0.51074165 0.17314309
vt 0.99008232 0.75498700
vt 0.99365258 0.75081718
vt 0.99695802 0.75498700
vt 0.98902547 0.74207038
vt 0.99341118 0.74094814
vt 0.99780512 0.73937553
vt 0.28395015 0.17248696
vt 0.29104477 0.17823070
vt 0.28230453 0.17731726
vt 0.29104477 0.17129230
vt 0.27787533 0.17694306
vt 0.27978319 0.17267400
vt 0.78152591 0.17815018
vt 0.78413326 0.17287081
vt 0.78518003 0.18169439
vt 0.79018432 0.17581034
vt 0.79236174 0.18256724
vt 0.77568042 0.17412597
vt 0.78046495 0.18256724
vt 0.77939171 0.17215955
vt 0.97725385 0.53412586
vt 0.98109066 0.54003704
vt 0.98313349 0.53036970
vt 0.98715305 0.54076320
vt 0.98778570 0.53318471
vt 0.99517119 0.53309214
vt 0.99234933 0.52948827
vt 0.99517119 0.54051477
vt 0.97497803 0.53800434
vt 0.00131694 0.14494145
vt 0.00395083 0.13226366
vt 0.00395081 0.15307891
vt 0.94575429 0.53369021
vt 0.94863915 0.52691615
vt 0.94512731 0.52626121
vt 0.94826275 0.53642672
vt 0.94826275 0.51647878
vt 0.15496050 0.15828276
vt 0.16812994 0.15828276
vt 0.16088742 0.15481353
vt 0.36742756 0.50340277
vt 0.36215979 0.50760061
vt 0.36742756 0.51214224
vt 0.36360076 0.50260192
vt 0.47486520 0.02298355
vt 0.47453907 0.01323545
vt 0.47631741 0.01597905
vt 0.48247424 0.01045930
vt 0.48439187 0.01761311
vt 0.49255061 0.00303555
vt 0.50279659 0.02298355
vt 0.50614572 0.01114535
vt 0.54462355 0.84171999
vt 0.56657350 0.84049898
vt 0.56081474 0.84258455
vt 0.54425293 0.83899236
vt 0.53687447 0.83752424
vt 0.54373765 0.83335114
vt 0.55583417 0.83443660
vt 0.57322609 0.83831495
vt 0.58252853 0.84258455
vt 0.55658871 0.83078563
vt 0.57425654 0.83394665
vt 0.58013892 0.83314627
vt 0.56376660 0.82784039
vt 0.91042399 0.85500324
vt 0.91234612 0.85130996
vt 0.92006058 0.85786247
vt 0.92247623 0.85125756
vt 0.92640609 0.85474473
vt 0.93484241 0.85126841
vt 0.94038379 0.85527414
vt 0.93110305 0.85861397
vt 0.94161546 0.85923833
vt 0.92184347 0.86339980
vt 0.93166745 0.86339980
vt 0.91019225 0.86224014
vt 0.90298510 0.85780001
vt 0.12442432 0.90006208
vt 0.12423757 0.89394885
vt 0.12932171 0.89663577
vt 0.12988904 0.89199287
vt 0.12958403 0.88725269
vt 0.12477291 0.88178217
vt 0.12720582 0.87634844
vt 0.12918667 0.90061182
vt 0.11865982 0.86494476
vt 0.11838185 0.88002759
vt 0.13360204 0.86478651
vt 0.12021520 0.85624766
vt 0.11148527 0.86426115
vt 0.11663529 0.89502025
vt 0.12123869 0.90368229
vt 0.12460958 0.90853661
vt 0.11688051 0.91514534
vt 0.11209438 0.90804970
vt 0.11006878 0.88268363
vt 0.10879807 0.90046275
vt 0.11196499 0.92108560
vt 0.10502937 0.92150909
vt 0.09965395 0.90488923
vt 0.09964882 0.89034569
vt 0.10627471 0.88259619
vt 0.10809948 0.87735176
vt 0.10979824 0.84431916
vt 0.10474421 0.86892486
vt 0.15389585 0.86198509
vt 0.14260840 0.87313342
vt 0.14173155 0.85249561
vt 0.15334055 0.87539166
vt 0.17013098 0.86573565
vt 0.16311190 0.85207969
vt 0.17393182 0.87981033
vt 0.16428123 0.88604486
vt 0.14361459 0.88895553
vt 0.15654401 0.90021998
vt 0.14654176 0.89803553
vt 0.18511346 0.87320977
vt 0.17356186 0.89440221
vt 0.18285570 0.86087531
vt 0.19124721 0.88573015
vt 0.19226815 0.89568019
vt 0.16986926 0.90681046
vt 0.18360291 0.90926695
vt 0.19792306 0.87292123
vt 0.19606137 0.86153972
vt 0.18498470 0.85158342
vt 0.20792848 0.88722074
vt 0.20727143 0.85733789
vt 0.19902088 0.85128206
vt 0.21368308 0.87520868
vt 0.19562624 0.90709275
vt 0.20661202 0.90344769
vt 0.14112328 0.90858310
vt 0.15712231 0.91628456
vt 0.17728238 0.91847652
vt 0.21711133 0.90156370
vt 0.21944095 0.88604927
vt 0.20304494 0.91923708
vt 0.21280822 0.86023170
vt 0.21681891 0.91696149
vt 0.13630259 0.91892105
vt 0.22986925 0.89245594
vt 0.22826399 0.91018832
vt 0.23134328 0.92150909
vt 0.21124741 0.85578758
vt 0.48351428 0.27797055
vt 0.48160365 0.28317434
vt 0.47453907 0.28101444
vt 0.48858649 0.28317434
vt 0.13740122 0.94492626
vt 0.13737743 0.95135248
vt 0.13171338 0.95018303
vt 0.13710575 0.95957196
vt 0.13064177 0.95795244
vt 0.12774363 0.96667194
vt 0.13740122 0.96643788
vt 0.12849233 0.97354728
vt 0.97572207 0.94653720
vt 0.97517568 0.95397502
vt 0.97909415 0.95079505
vt 0.97092420 0.94680405
vt 0.96467698 0.95135832
vt 0.96676546 0.95545280
vt 0.95397574 0.94920510
vt 0.96986771 0.96216023
vt 0.97666419 0.95912933
vt 0.98024583 0.95647413
vt 0.96423352 0.94422179
vt 0.97202009 0.96540707
vt 0.94595653 0.94436741
vt 0.95445311 0.93124223
vt 0.94869411 0.92475462
vt 0.95821691 0.92203468
vt 0.95340902 0.89728743
vt 0.96121639 0.89705408
vt 0.96169716 0.86800432
vt 0.96840018 0.86108035
vt 0.96448791 0.84606194
vt 0.97385174 0.84518647
vt 0.96872097 0.93921155
vt 0.96903527 0.90564746
vt 0.97383118 0.86035258
vt 0.96695065 0.93434769
vt 0.98024583 0.84778392
vt 0.95611966 0.84911597
vt 0.95087123 0.86819249
vt 0.94077545 0.92926675
vt 0.94201416 0.95129788
vt 0.95705301 0.96026778
vt 0.94863445 0.96359253
vt 0.95754153 0.96962512
vt 0.94279873 0.97007805
vt 0.94140840 0.96118915
vt 0.93634766 0.95779109
vt 0.96628094 0.96759558
vt 0.97217196 0.94202679
vt 0.20852844 0.02645272
vt 0.21319878 0.03082216
vt 0.21444245 0.02697176
vt 0.20588236 0.03252387
vt 0.21897613 0.03252387
vt 0.22168569 0.02758002
vt 0.19271290 0.83651346
vt 0.19271290 0.84345186
vt 0.18744513 0.83959246
vt 0.07534305 0.00797582
vt 0.07838331 0.01170856
vt 0.08087190 0.00650477
vt 0.08234584 0.00963163
vt 0.09355118 0.01129490
vt 0.07067603 0.00916588
vt 0.10842845 0.01170856
vt 0.10364332 0.00674540
vt 0.60096574 0.83477885
vt 0.59645742 0.83044231
vt 0.59129202 0.83477885
vt 0.58604038 0.83119226
vt 0.45522389 0.16750520
vt 0.46312556 0.16261923
vt 0.46312556 0.16782308
vt 0.26952493 0.29852593
vt 0.27180600 0.29581571
vt 0.27263138 0.29706579
vt 0.27472898 0.29605019
vt 0.27420369 0.29337680
vt 0.27612624 0.29408324
vt 0.27098376 0.30016065
vt 0.27784923 0.29930639
vt 0.29374525 0.29379141
vt 0.28590876 0.29368174
vt 0.28935513 0.29838407
vt 0.29473200 0.29742658
vt 0.26683423 0.29659635
vt 0.26532647 0.30052042
vt 0.27029842 0.29300350
vt 0.26251802 0.29717529
vt 0.28503245 0.29058194
vt 0.27759558 0.29031277
vt 0.29264286 0.28900015
vt 0.27577183 0.28904641
vt 0.27249134 0.28708798
vt 0.26434302 0.29260087
vt 0.29644272 0.29293805
vt 0.27587429 0.28631258
vt 0.29238865 0.28632492
vt 0.27061790 0.28720343
vt 0.26497993 0.28803021
vt 0.27901611 0.28561449
vt 0.29469880 0.28508699
vt 0.29504001 0.28876746
vt 0.30271092 0.29036105
vt 0.30119938 0.29425925
vt 0.30994967 0.29620695
vt 0.31074709 0.28994787
vt 0.30430251 0.29860538
vt 0.31790590 0.29464078
vt 0.31707895 0.28908533
vt 0.29755938 0.29834872
vt 0.32622138 0.29014921
vt 0.26169679 0.29286021
vt 0.25802091 0.29201925
vt 0.25835562 0.28817713
vt 0.25271562 0.29031205
vt 0.25335756 0.28593719
vt 0.24791645 0.28709036
vt 0.25933263 0.28399009
vt 0.24821770 0.28372931
vt 0.25300005 0.28116930
vt 0.25210336 0.29401684
vt 0.24777825 0.29291165
vt 0.26659271 0.28251410
vt 0.24925226 0.28058732
vt 0.28542992 0.27975130
vt 0.26113412 0.28156167
vt 0.27379122 0.28096014
vt 0.32885697 0.29715335
vt 0.29244611 0.27943099
vt 0.28024372 0.27941799
vt 0.27795076 0.28071880
vt 0.27120641 0.28082144
vt 0.32017335 0.30052042
vt 0.33959597 0.29034793
vt 0.35714608 0.29836434
vt 0.35421562 0.29127419
vt 0.36314270 0.29914570
vt 0.25973871 0.27782488
vt 0.27944237 0.27476501
vt 0.27466229 0.27495104
vt 0.26674038 0.27733862
vt 0.27238002 0.27708614
vt 0.25383446 0.27698332
vt 0.26602346 0.27467799
vt 0.34089619 0.29969454
vt 0.24758166 0.27692616
vt 0.27390379 0.27255905
vt 0.26688278 0.27100116
vt 0.26134852 0.27361417
vt 0.26290914 0.27494180
vt 0.25950029 0.27499288
vt 0.25668982 0.27308667
vt 0.25572410 0.27517986
vt 0.24990912 0.27536678
vt 0.25875360 0.27090514
vt 0.26172337 0.27052903
vt 0.28033620 0.26875925
vt 0.27558628 0.26855332
vt 0.25385994 0.27060175
vt 0.25119150 0.27172172
vt 0.27382755 0.26806056
vt 0.26623428 0.26863575
vt 0.36257559 0.29181409
vt 0.34893158 0.28216636
vt 0.35228124 0.28166842
vt 0.36209419 0.28596270
vt 0.36407825 0.27867675
vt 0.36520645 0.27137327
vt 0.34507409 0.25806487
vt 0.33834547 0.27112210
vt 0.32470638 0.26439482
vt 0.32049149 0.24423677
vt 0.33429563 0.24264961
vt 0.36547437 0.24636072
vt 0.35750708 0.23301727
vt 0.32775280 0.22584897
vt 0.35753101 0.22300959
vt 0.33305302 0.21458179
vt 0.35891294 0.21037167
vt 0.33156732 0.20155627
vt 0.35198206 0.19315207
vt 0.36742756 0.26004410
vt 0.31744337 0.21880084
vt 0.36243668 0.22929513
vt 0.36256900 0.23551899
vt 0.35383680 0.19031549
vt 0.31188691 0.23273808
vt 0.36733598 0.26715732
vt 0.34830841 0.18026608
vt 0.31203628 0.20495248
vt 0.31050578 0.25953633
vt 0.30170792 0.23741251
vt 0.32399738 0.17400408
vt 0.30390021 0.19390631
vt 0.34551340 0.16989160
vt 0.30049425 0.25699055
vt 0.30257940 0.22552168
vt 0.32758775 0.16175228
vt 0.34666699 0.16098529
vt 0.29909623 0.20735759
vt 0.30155972 0.17578459
vt 0.31045020 0.15922940
vt 0.30711377 0.15994895
vt 0.31114742 0.14367682
vt 0.31470418 0.14422989
vt 0.31604972 0.13153708
vt 0.32749331 0.13122147
vt 0.34106785 0.15130305
vt 0.33435771 0.14620662
vt 0.34931320 0.16768676
vt 0.35072839 0.17344362
vt 0.27679199 0.13984782
vt 0.29351908 0.13410419
vt 0.27927396 0.16399604
vt 0.29070297 0.19047695
vt 0.28305310 0.19723046
vt 0.27825850 0.12280530
vt 0.26815650 0.13047832
vt 0.26052782 0.14348912
vt 0.27586174 0.15014768
vt 0.26107892 0.15699112
vt 0.24098228 0.14634228
vt 0.23732974 0.16757381
vt 0.23554386 0.14853954
vt 0.23387480 0.16408277
vt 0.23331511 0.18277752
vt 0.23743212 0.18949211
vt 0.20551287 0.16256607
vt 0.20834513 0.17566597
vt 0.18621178 0.18422019
vt 0.18256575 0.17198461
vt 0.18405563 0.19324130
vt 0.20825717 0.19253492
vt 0.18173093 0.20773286
vt 0.17330952 0.19697595
vt 0.25946933 0.17328012
vt 0.17436868 0.21349889
vt 0.15430453 0.21805322
vt 0.14758708 0.20323485
vt 0.13565861 0.22051418
vt 0.13113104 0.20981705
vt 0.11366282 0.21553260
vt 0.13674045 0.20133978
vt 0.11787236 0.20832378
vt 0.11724120 0.20153278
vt 0.12754115 0.19181776
vt 0.11281887 0.19862616
vt 0.14205822 0.18598068
vt 0.16297004 0.19158936
vt 0.17664418 0.17533022
vt 0.18051557 0.18611562
vt 0.10230088 0.20615840
vt 0.24832547 0.13037550
vt 0.10160722 0.21567702
vt 0.25742891 0.11925411
vt 0.08766770 0.21216887
vt 0.07107364 0.20826602
vt 0.06728633 0.22081208
vt 0.05306353 0.21185201
vt 0.04609307 0.21698821
vt 0.18026739 0.15640783
vt 0.31730738 0.12091553
vt 0.28580242 0.25277960
vt 0.27493256 0.20366681
vt 0.28132814 0.20988697
vt 0.27751276 0.21960372
vt 0.25678664 0.29358482
vt 0.27340022 0.24813074
vt 0.28268692 0.22802305
vt 0.26154342 0.22820902
vt 0.26521036 0.21011984
vt 0.58179724 0.58586299
vt 0.57726073 0.58254540
vt 0.58289361 0.57959956
vt 0.58862680 0.58272713
vt 0.59086961 0.57458806
vt 0.59641463 0.57691866
vt 0.60337591 0.58183908
vt 0.60321754 0.57619274
vt 0.61393011 0.57842958
vt 0.61771339 0.58227980
vt 0.62258691 0.58095890
vt 0.62554872 0.58586299
vt 0.83733052 0.89457190
vt 0.84152764 0.90156114
vt 0.83538193 0.89793855
vt 0.84152764 0.89288813
vt 0.83779377 0.90144742
vt 0.92496598 0.23058164
vt 0.92750353 0.22712874
vt 0.91922045 0.22572386
vt 0.91096509 0.23067456
vt 0.91497004 0.22487664
vt 0.91088676 0.22443545
vt 0.91947067 0.23125809
vt 0.92807359 0.22333044
vt 0.93195784 0.24674761
vt 0.93195784 0.22641599
vt 0.47763413 0.90069383
vt 0.48615247 0.89977908
vt 0.48235753 0.89635736
vt 0.47190517 0.90015316
vt 0.49297631 0.90015316
vt 0.81322157 0.42454469
vt 0.81167692 0.43148309
vt 0.81742150 0.42896831
vt 0.82306588 0.42687392
vt 0.82484633 0.43148309
vt 0.45588151 0.89588207
vt 0.45697981 0.91110146
vt 0.45346797 0.89167029
vt 0.45697981 0.88508236
vt 0.97761732 0.42948890
vt 0.98200178 0.42454469
vt 0.97497803 0.42481089
vt 0.98200178 0.43148309
vt 0.22624291 0.27067518
vt 0.24363476 0.30398959
vt 0.23906417 0.29662836
vt 0.20108524 0.26168084
vt 0.20245774 0.27873760
vt 0.18419601 0.26593310
vt 0.20922168 0.27089566
vt 0.19654150 0.25359547
vt 0.21451104 0.25732279
vt 0.20544429 0.24396294
vt 0.22075622 0.28540760
vt 0.20908163 0.29035419
vt 0.21585597 0.29442942
vt 0.22735032 0.27815264
vt 0.22061060 0.29499501
vt 0.23398639 0.29339588
vt 0.18188493 0.25492555
vt 0.17452750 0.26527250
vt 0.19136705 0.28343803
vt 0.19892488 0.28368545
vt 0.20484968 0.28580570
vt 0.18236819 0.27883303
vt 0.18616511 0.24694288
vt 0.17692700 0.27464271
vt 0.17257847 0.27679032
vt 0.19684005 0.23282719
vt 0.17083916 0.26252002
vt 0.17672460 0.27883410
vt 0.03238759 0.28874075
vt 0.00871818 0.28895551
vt 0.01265760 0.27470368
vt 0.03432353 0.27585441
vt 0.00725183 0.27740681
vt 0.04693314 0.28324521
vt 0.05579300 0.27322710
vt 0.01689589 0.29169428
vt 0.01352293 0.29471004
vt 0.06716454 0.27951312
vt 0.06907286 0.27191699
vt 0.07512422 0.27858472
vt 0.07906380 0.26893330
vt 0.08858838 0.27878362
vt 0.08862661 0.26986170
vt 0.10246771 0.26998580
vt 0.10206753 0.28059787
vt 0.11175836 0.28297567
vt 0.12436383 0.27041036
vt 0.11705846 0.26466370
vt 0.13525739 0.26240122
vt 0.14250198 0.26702917
vt 0.14913993 0.26394498
vt 0.15578209 0.27004004
vt 0.16382690 0.26367152
vt 0.16196184 0.27429676
vt 0.15634334 0.27631193
vt 0.16278976 0.27725303
vt 0.16423000 0.26923633
vt 0.00307287 0.28682280
vt 0.10235875 0.26473445
vt 0.05497833 0.26750124
vt 0.03868251 0.26963043
vt 0.02134082 0.27382171
vt 0.16747460 0.27672064
vt 0.16875270 0.26480281
vt 0.01069827 0.30398959
vt 0.17505558 0.25426728
vt 0.17809489 0.24387556
vt 0.18169458 0.23784298
vt 0.17381354 0.24207503
vt 0.17920798 0.23633385
vt 0.17196321 0.23848319
vt 0.16848586 0.24209130
vt 0.17036845 0.24840808
vt 0.16204987 0.24928063
vt 0.16627254 0.24178123
vt 0.19345471 0.22853422
vt 0.04938411 0.28499794
vt 0.15729229 0.24266189
vt 0.03537642 0.28930253
vt 0.17987829 0.23253155
vt 0.15712640 0.24824655
vt 0.01283151 0.77417201
vt 0.01120070 0.76973116
vt 0.00825507 0.77447277
vt 0.01164314 0.78082830
vt 0.00482880 0.78360808
vt 0.01105440 0.79273617
vt 0.00745869 0.79610980
vt 0.01371497 0.80549109
vt 0.01042632 0.81222898
vt 0.01712028 0.77268630
vt 0.01712028 0.80400944
vt 0.08697659 0.00130093
vt 0.07965872 0.00295877
vt 0.08129746 0.00511819
vt 0.07594381 0.00563747
vt 0.08911326 0.00563747
vt 0.21290606 0.22853422
vt 0.21151336 0.22333044
vt 0.20763828 0.22853422
vt 0.27172959 0.80355597
vt 0.27172959 0.80962706
vt 0.26733977 0.80509937
vt 0.38937664 0.07588899
vt 0.38937664 0.08629662
vt 0.38674277 0.08310556
vt 0.51668131 0.58499569
vt 0.50965762 0.58499569
vt 0.51518875 0.58354384
vt 0.50982428 0.57979184
vt 0.51541233 0.58051884
vt 0.06694879 0.29011273
vt 0.07168078 0.29377651
vt 0.07276648 0.29876387
vt 0.06346664 0.29647124
vt 0.07180225 0.30294001
vt 0.06733733 0.30456918
vt 0.05922677 0.29866016
vt 0.05730374 0.30565351
vt 0.05091825 0.30117840
vt 0.07061949 0.30795979
vt 0.05856594 0.31133854
vt 0.04426531 0.30571043
vt 0.03419382 0.29699796
vt 0.03517758 0.30249107
vt 0.05021019 0.31405073
vt 0.06615564 0.31461537
vt 0.07368424 0.31281382
vt 0.07503366 0.30429113
vt 0.08481891 0.30594766
vt 0.04185485 0.30910861
vt 0.08133806 0.30118108
vt 0.05842206 0.31526452
vt 0.08366221 0.31342661
vt 0.03207569 0.31127822
vt 0.02853380 0.30344510
vt 0.08728423 0.31526452
vt 0.08911326 0.30851746
vt 0.08679177 0.30111325
vt 0.53491718 0.74371207
vt 0.53072870 0.74631399
vt 0.53863037 0.74631399
vt 0.24014685 0.01451147
vt 0.24121282 0.01580125
vt 0.23185338 0.02141643
vt 0.23321600 0.01913202
vt 0.25220117 0.01554489
vt 0.22876067 0.01105368
vt 0.24813664 0.01137906
vt 0.21992977 0.02385080
vt 0.22104232 0.01719278
vt 0.24193208 0.00563747
vt 0.25229165 0.00731659
vt 0.25959355 0.01795644
vt 0.26279396 0.01111251
vt 0.26667812 0.02044541
vt 0.27554002 0.01758540
vt 0.27875328 0.02385080
vt 0.96180862 0.75498700
vt 0.96180862 0.76712924
vt 0.96005267 0.76065689
vt 0.05136084 0.12619257
vt 0.04864771 0.12359065
vt 0.04433714 0.12619251
vt 0.10930641 0.93330842
vt 0.11246659 0.93042332
vt 0.11457419 0.93538594
vt 0.11457419 0.92237639
vt 0.93045270 0.06309348
vt 0.92788583 0.06406093
vt 0.92418694 0.06000900
vt 0.91614884 0.05941021
vt 0.93107992 0.06859422
vt 0.91550839 0.07068515
vt 0.92574137 0.07068515
vt 0.91000879 0.06741548
vt 0.91206932 0.06145781
vt 0.25484890 0.54770166
vt 0.25241441 0.55030358
vt 0.25943810 0.55030358
vt 0.46400350 0.03740418
vt 0.46520850 0.03354657
vt 0.46835867 0.03669548
vt 0.47834677 0.03042060
vt 0.47152868 0.02810228
vt 0.48089230 0.03314215
vt 0.48884600 0.02889615
vt 0.48701087 0.02558541
vt 0.49744463 0.02652752
vt 0.49642882 0.03145117
vt 0.50702369 0.03164893
vt 0.49104044 0.03533554
vt 0.47691736 0.03879589
vt 0.46868885 0.04206419
vt 0.48603034 0.03918910
vt 0.50208765 0.03922772
vt 0.50559294 0.03898108
vt 0.49977434 0.04206419
vt 0.54149520 0.44773185
vt 0.54386038 0.44622719
vt 0.54403466 0.45191091
vt 0.53733981 0.45069432
vt 0.52711791 0.45495343
vt 0.52679968 0.45016354
vt 0.52079540 0.45039892
vt 0.51580334 0.45306420
vt 0.53671181 0.45663488
vt 0.54741001 0.45663488
vt 0.92581213 0.42529809
vt 0.92669010 0.41413701
vt 0.92669010 0.43235040
vt 0.15847234 0.84258455
vt 0.15583846 0.83867288
vt 0.15847234 0.83651346
vt 0.78497791 0.18679035
vt 0.78790933 0.19287270
vt 0.78102863 0.18362242
vt 0.78221995 0.19535649
vt 0.79256368 0.20093566
vt 0.79611325 0.19225574
vt 0.78469068 0.21147633
vt 0.77683645 0.20881927
vt 0.79949510 0.20591497
vt 0.80513722 0.19782770
vt 0.81305915 0.20538366
vt 0.81759584 0.20175499
vt 0.79424369 0.21627104
vt 0.80820006 0.19233322
vt 0.80331171 0.18934089
vt 0.80425090 0.18169993
vt 0.79451853 0.18703455
vt 0.81065738 0.18817401
vt 0.78146493 0.21871245
vt 0.80113339 0.21899390
vt 0.77565479 0.21899390
vt 0.76865673 0.21440256
vt 0.82093179 0.19545078
vt 0.82702959 0.19390780
vt 0.82374340 0.20413721
vt 0.83099210 0.19924265
vt 0.78446007 0.78057319
vt 0.78709394 0.77927148
vt 0.78709394 0.78534257
vt 0.75298512 0.97614920
vt 0.74846357 0.97788376
vt 0.75724322 0.97788376
vt 0.19973661 0.32480484
vt 0.20061457 0.33172876
vt 0.19973661 0.33781439
vt 0.57901669 0.41326976
vt 0.61062336 0.41326976
vt 0.59059483 0.41240239
vt 0.05556739 0.26013744
vt 0.08789257 0.25599134
vt 0.06133014 0.22910804
vt 0.03759141 0.23570752
vt 0.10043818 0.22766697
vt 0.12185232 0.22852683
vt 0.11549889 0.25822401
vt 0.13213345 0.26149178
vt 0.13168660 0.22910655
vt 0.03643547 0.26149178
vt 0.45258999 0.63963574
vt 0.45022941 0.62489158
vt 0.43415275 0.63963574
vt 0.34723443 0.05594105
vt 0.35864794 0.05594105
vt 0.34865949 0.04379880
vt 0.90828449 0.74772614
vt 0.90209210 0.75268912
vt 0.90122914 0.73306268
vt 0.90737373 0.74086601
vt 0.90668350 0.72809631
vt 0.90394813 0.72407627
vt 0.91439861 0.71769297
vt 0.91439861 0.75289071
vt 0.90616149 0.75932348
vt 0.06892011 0.35543346
vt 0.07857770 0.34995663
vt 0.07857770 0.36209887
vt 0.97442406 0.76700139
vt 0.96268654 0.76452732
vt 0.96414715 0.77146572
vt 0.97585601 0.77146572
vt 0.94512731 0.18814051
vt 0.94939268 0.19383967
vt 0.95390695 0.18516910
vt 0.94583905 0.19198161
vt 0.95390695 0.19557679
vt 0.09262511 0.43408501
vt 0.08291041 0.43132138
vt 0.08593416 0.42613590
vt 0.08935301 0.42454469
vt 0.07769974 0.43408501
vt 0.97585601 0.15307891
vt 0.97131753 0.14688730
vt 0.97585601 0.14006937
vt 0.97058821 0.15142405
vt 0.95631790 0.83130962
vt 0.94512731 0.83391154
vt 0.96356452 0.83391154
vt 0.89947325 0.80702513
vt 0.89947325 0.81569821
vt 0.89420545 0.81094891
vt 0.74582970 0.21032089
vt 0.76690078 0.21032089
vt 0.74940902 0.20858628
vt 0.26031607 0.79453731
vt 0.26382792 0.79054642
vt 0.26382792 0.79921943
vt 0.26646182 0.26235902
vt 0.26382792 0.25883758
vt 0.26646182 0.25281870
vt 0.06673012 0.57198614
vt 0.06014048 0.57458806
vt 0.07067603 0.57458806
vt 0.88045812 0.17465174
vt 0.86743307 0.17302692
vt 0.88542581 0.17322111
vt 0.86922848 0.17476147
vt 0.85469711 0.17465174
vt 0.74231780 0.69909436
vt 0.74056190 0.70294881
vt 0.74056190 0.69514310
vt 0.21966620 0.32661343
vt 0.20847400 0.33753240
vt 0.21751338 0.33517289
vt 0.21026413 0.32358968
vt 0.21455571 0.34262913
vt 0.20982702 0.35224134
vt 0.20142110 0.34981346
vt 0.21617049 0.32300353
vt 0.20228145 0.36176622
vt 0.19478334 0.36037970
vt 0.18939057 0.36732119
vt 0.18924053 0.35687757
vt 0.17954347 0.36556512
vt 0.18640411 0.37964880
vt 0.22519754 0.32387125
vt 0.19562188 0.38597792
vt 0.20590818 0.38183045
vt 0.19677587 0.34867632
vt 0.21431169 0.32046831
vt 0.20137416 0.37147319
vt 0.20663570 0.38559967
vt 0.21698642 0.37884820
vt 0.21456684 0.38898528
vt 0.22519754 0.38398099
vt 0.21065626 0.37200439
vt 0.21789679 0.36916202
vt 0.20573913 0.33920771
vt 0.07625146 0.54770166
vt 0.06211528 0.55439943
vt 0.06618119 0.55174100
vt 0.08033363 0.56227970
vt 0.07503057 0.57198614
vt 0.05666435 0.56883651
vt 0.05030315 0.56358278
vt 0.05031400 0.55814582
vt 0.05602916 0.55125922
vt 0.04582423 0.57198614
vt 0.04258121 0.57091486
vt 0.80756080 0.95545590
vt 0.80623627 0.96332765
vt 0.80987144 0.95858723
vt 0.80643982 0.97056043
vt 0.80299973 0.97270823
vt 0.80131471 0.95859373
vt 0.80400920 0.95006287
vt 0.80869496 0.94134623
vt 0.80254936 0.94174749
vt 0.80588174 0.93591785
vt 0.80994147 0.93614465
vt 0.79969114 0.92919189
vt 0.81167692 0.92820793
vt 0.79565191 0.93208730
vt 0.78572923 0.92962199
vt 0.77754319 0.93445235
vt 0.78264087 0.93715495
vt 0.77449232 0.94194210
vt 0.76976609 0.93831003
vt 0.79325253 0.93714947
vt 0.76950848 0.94519454
vt 0.79089326 0.92411101
vt 0.76493686 0.93967378
vt 0.76664561 0.94842547
vt 0.76142102 0.94330239
vt 0.76223332 0.95598257
vt 0.75812113 0.95468980
vt 0.75852275 0.96344775
vt 0.76407170 0.95966959
vt 0.76425564 0.96552092
vt 0.76132542 0.97117150
vt 0.76627713 0.97169399
vt 0.76333272 0.97502631
vt 0.75940639 0.97562110
vt 0.76534289 0.98074728
vt 0.76915109 0.97252637
vt 0.81167692 0.94985723
vt 0.80060118 0.93826050
vt 0.77223563 0.98222029
vt 0.80128753 0.97839671
vt 0.79818457 0.96459198
vt 0.77403569 0.93067658
vt 0.79347086 0.97081691
vt 0.78773874 0.97985595
vt 0.78662497 0.97332877
vt 0.80009627 0.94020516
vt 0.79727590 0.93806279
vt 0.80728710 0.07588899
vt 0.80377525 0.08267272
vt 0.80728710 0.08456200
vt 0.12585701 0.84778839
vt 0.13476734 0.85299218
vt 0.12247586 0.85299218
vt 0.18781102 0.43436944
vt 0.17995660 0.43118286
vt 0.19216214 0.44693983
vt 0.18356158 0.42131901
vt 0.18930440 0.42001665
vt 0.17931193 0.41064298
vt 0.18614529 0.44834095
vt 0.17723966 0.43925679
vt 0.17857429 0.45032001
vt 0.15634653 0.44467211
vt 0.19297773 0.43150389
vt 0.16241072 0.42799854
vt 0.17425872 0.42735147
vt 0.17104739 0.41354656
vt 0.15130998 0.41081882
vt 0.16534558 0.39430416
vt 0.14168032 0.40464377
vt 0.14556156 0.39782834
vt 0.15575963 0.38321638
vt 0.16476998 0.38586694
vt 0.17212990 0.37103021
vt 0.15008274 0.37245035
vt 0.16125590 0.36584032
vt 0.14137347 0.42378575
vt 0.13315092 0.38932765
vt 0.14356025 0.38081604
vt 0.13062751 0.40570766
vt 0.16201799 0.35221207
vt 0.19025767 0.41221023
vt 0.17039418 0.40093607
vt 0.17306130 0.40833104
vt 0.16195960 0.45554882
vt 0.14654155 0.45770121
vt 0.14992115 0.46875310
vt 0.13798057 0.44898021
vt 0.17506656 0.42033720
vt 0.14382720 0.43697369
vt 0.19243793 0.45595902
vt 0.19986807 0.41973758
vt 0.20511281 0.41272235
vt 0.21840248 0.42290151
vt 0.19860223 0.42730427
vt 0.23366600 0.42966098
vt 0.25084260 0.42656624
vt 0.24704382 0.42051762
vt 0.24908707 0.43834639
vt 0.25620410 0.45213914
vt 0.24989405 0.44674540
vt 0.27940926 0.42503148
vt 0.28662497 0.42689466
vt 0.19884485 0.44180477
vt 0.23826753 0.45361763
vt 0.21000506 0.45612907
vt 0.19758739 0.45721126
vt 0.19714865 0.47353566
vt 0.19468524 0.47333586
vt 0.21711990 0.47122276
vt 0.28115773 0.45343673
vt 0.24636132 0.44410503
vt 0.26252422 0.41847408
vt 0.22614540 0.41166139
vt 0.19120726 0.46893775
vt 0.28333104 0.41963238
vt 0.28572980 0.45327330
vt 0.28546020 0.46662891
vt 0.29219085 0.42306161
vt 0.26768601 0.47398090
vt 0.19254617 0.45608580
vt 0.24058805 0.44430602
vt 0.25000471 0.47222513
vt 0.23761484 0.39877510
vt 0.27875856 0.41086477
vt 0.25413394 0.38555050
vt 0.23710400 0.38405269
vt 0.24299575 0.37525272
vt 0.25419387 0.37662810
vt 0.24998650 0.36483747
vt 0.26385307 0.36313915
vt 0.23050755 0.38993341
vt 0.22406289 0.39936519
vt 0.21974629 0.39705658
vt 0.25154537 0.36117959
vt 0.27135742 0.35109746
vt 0.27800411 0.36633420
vt 0.25769117 0.34115994
vt 0.24035779 0.34853476
vt 0.27193424 0.33970374
vt 0.27334204 0.32958102
vt 0.25709352 0.32920170
vt 0.27565601 0.31581444
vt 0.24709186 0.30695057
vt 0.26260754 0.30553293
vt 0.28822964 0.34300303
vt 0.23496884 0.32344043
vt 0.24050075 0.30841064
vt 0.29061356 0.36484087
vt 0.27814123 0.39791071
vt 0.28167388 0.40611839
vt 0.27727190 0.38088745
vt 0.28701895 0.32959265
vt 0.23022626 0.32573509
vt 0.28123733 0.39313513
vt 0.29343364 0.39426088
vt 0.29394105 0.40632862
vt 0.22715019 0.31973898
vt 0.27472651 0.30373883
vt 0.27700967 0.30263281
vt 0.29660976 0.39347315
vt 0.29865929 0.41047788
vt 0.31105405 0.40790856
vt 0.30612653 0.39248049
vt 0.31938088 0.40282881
vt 0.32006890 0.41219056
vt 0.32174963 0.38473558
vt 0.30360916 0.38253963
vt 0.32636154 0.39523363
vt 0.33815825 0.38821006
vt 0.34101290 0.39446998
vt 0.33156043 0.40686202
vt 0.34270722 0.40432513
vt 0.35689202 0.40502679
vt 0.32531711 0.40435272
vt 0.23542573 0.34464788
vt 0.35436267 0.38893104
vt 0.22395931 0.40978420
vt 0.21115150 0.40470344
vt 0.21323863 0.41080815
vt 0.27815217 0.41766626
vt 0.14449881 0.35018730
vt 0.15068720 0.34677058
vt 0.13807444 0.36352676
vt 0.13226402 0.35051244
vt 0.12956814 0.33949614
vt 0.12358296 0.36303890
vt 0.11896954 0.34801793
vt 0.14925569 0.33749211
vt 0.29484364 0.35707873
vt 0.29477498 0.34275973
vt 0.30426303 0.34016347
vt 0.30905995 0.35736930
vt 0.31305614 0.34715402
vt 0.31535658 0.35562384
vt 0.31781352 0.36387193
vt 0.34037602 0.36165917
vt 0.33885562 0.38059878
vt 0.31893468 0.37432683
vt 0.35524699 0.37213111
vt 0.35469136 0.35713887
vt 0.30852759 0.33128345
vt 0.30639368 0.31955606
vt 0.33618325 0.34050083
vt 0.31029639 0.32130826
vt 0.30025375 0.31538880
vt 0.33340329 0.34882140
vt 0.29716495 0.32802677
vt 0.30714592 0.30182123
vt 0.30079484 0.30138767
vt 0.29383463 0.30545223
vt 0.17956160 0.35150152
vt 0.28981632 0.30488509
vt 0.29204875 0.38070130
vt 0.11973935 0.39470387
vt 0.11665925 0.40471059
vt 0.10913415 0.39854580
vt 0.10586753 0.40101802
vt 0.10680496 0.41715980
vt 0.09619474 0.41040838
vt 0.09387014 0.39519465
vt 0.08720199 0.40601742
vt 0.07801872 0.39024550
vt 0.08310211 0.38198793
vt 0.07231807 0.38651532
vt 0.07056300 0.38221061
vt 0.06473251 0.38484228
vt 0.06439156 0.38946462
vt 0.10238691 0.39180547
vt 0.08367943 0.42152381
vt 0.07801770 0.41652805
vt 0.11422968 0.38313377
vt 0.07354553 0.40218186
vt 0.10261207 0.38779598
vt 0.12419342 0.38142025
vt 0.07069272 0.39090717
vt 0.22998969 0.33957130
vt 0.30916893 0.37325156
vt 0.12435490 0.41611397
vt 0.33551773 0.32813388
vt 0.31824920 0.31459510
vt 0.34243128 0.31747371
vt 0.35562333 0.32958591
vt 0.35689202 0.32067531
vt 0.19502890 0.42193246
vt 0.06479339 0.40746468
vt 0.06550548 0.41630673
vt 0.05808174 0.41203403
vt 0.05955502 0.42258543
vt 0.06472635 0.42470598
vt 0.05606562 0.41297191
vt 0.05487270 0.42185134
vt 0.05998405 0.42742741
vt 0.07346248 0.42677271
vt 0.05968595 0.40719807
vt 0.11359339 0.33473778
vt 0.09900926 0.34762049
vt 0.09723794 0.33537412
vt 0.09674945 0.32346499
vt 0.11078033 0.32271314
vt 0.08415304 0.32572508
vt 0.09803772 0.31598783
vt 0.12291106 0.31967902
vt 0.08247133 0.34254050
vt 0.11529391 0.31087184
vt 0.12937218 0.32449168
vt 0.29129422 0.32280695
vt 0.09485937 0.37446272
vt 0.29593915 0.42332864
vt 0.29359588 0.45625556
vt 0.13918917 0.32707858
vt 0.13388988 0.37260681
vt 0.23475172 0.40798873
vt 0.35362273 0.34324062
vt 0.29586658 0.37393814
vt 0.28036225 0.38402319
vt 0.06310516 0.43164927
vt 0.12279215 0.42754692
vt 0.23048949 0.40906507
vt 0.31383362 0.30257857
vt 0.06335944 0.39376175
vt 0.29507133 0.41911376
vt 0.06755008 0.42920011
vt 0.35282275 0.34110892
vt 0.11055500 0.36874646
vt 0.33918560 0.94309968
vt 0.33933276 0.94968832
vt 0.33393627 0.95013011
vt 0.33671251 0.93804175
vt 0.32429802 0.93798786
vt 0.32352942 0.95013011
vt 0.76514488 0.77406764
vt 0.74319577 0.77406764
vt 0.75425470 0.76886386
vt 0.35250220 0.43248791
vt 0.34087414 0.42323518
vt 0.33933276 0.43319142
vt 0.35250220 0.42107546
vt 0.34429348 0.44362533
vt 0.86698860 0.34388554
vt 0.87937474 0.33178556
vt 0.87695074 0.34190089
vt 0.89699244 0.33494037
vt 0.89184195 0.32821500
vt 0.91061002 0.32567215
vt 0.91352063 0.34388554
vt 0.36427206 0.97235620
vt 0.37357330 0.98742414
vt 0.35436681 0.98742414
vt 0.35425812 0.97007805
vt 0.16549605 0.99696445
vt 0.16549605 0.97267997
vt 0.15671642 0.98346555
vt 0.99429518 0.48612314
vt 0.98555005 0.47502238
vt 0.99692714 0.47398090
vt 0.97673398 0.48612314
vt 0.97808564 0.47726536
vt 0.39727831 0.15915006
vt 0.39823422 0.15481353
vt 0.41659349 0.15915006
vt 0.97689390 0.03078926
vt 0.96635479 0.02734590
vt 0.96860725 0.02340573
vt 0.97141731 0.01941240
vt 0.95761204 0.01795673
vt 0.96021742 0.01311100
vt 0.95059991 0.01425683
vt 0.94513768 0.02071095
vt 0.93969071 0.01794231
vt 0.94204521 0.01270086
vt 0.92373389 0.01978588
vt 0.95706910 0.02142435
vt 0.98024583 0.02947330
vt 0.97508359 0.01858717
vt 0.92374676 0.02508652
vt 0.91309643 0.03007382
vt 0.90895492 0.02215952
vt 0.90692198 0.02684140
vt 0.90829134 0.03078926
vt 0.92227328 0.01383394
vt 0.91288382 0.00910670
vt 0.90474099 0.01807684
vt 0.32967517 0.70988727
vt 0.32967517 0.70121419
vt 0.32616329 0.70611566
vt 0.46514496 0.44398463
vt 0.45910075 0.44062316
vt 0.46038884 0.44838631
vt 0.46557698 0.45079440
vt 0.46153259 0.46101201
vt 0.47068653 0.46121132
vt 0.48495957 0.45476061
vt 0.45263255 0.44551402
vt 0.49784765 0.45925868
vt 0.47889340 0.44713277
vt 0.45611694 0.46700156
vt 0.44506085 0.46245497
vt 0.44209626 0.48378050
vt 0.44075781 0.50431103
vt 0.45222822 0.50312173
vt 0.45534343 0.48705506
vt 0.45603266 0.50201297
vt 0.45523694 0.51935565
vt 0.45014900 0.51526594
vt 0.44819918 0.52707803
vt 0.45356432 0.52625614
vt 0.45294693 0.53846878
vt 0.44596040 0.54308772
vt 0.43470994 0.54190773
vt 0.44390172 0.55916607
vt 0.42976296 0.57232082
vt 0.44203973 0.57675356
vt 0.43019402 0.58024955
vt 0.44077876 0.58548123
vt 0.43001971 0.58215427
vt 0.43622550 0.58899343
vt 0.44306198 0.60179907
vt 0.44871813 0.60064095
vt 0.43824676 0.60129613
vt 0.44855818 0.56344920
vt 0.45575729 0.61032575
vt 0.45477414 0.60288399
vt 0.44580102 0.62131691
vt 0.45502380 0.62011349
vt 0.45628285 0.62470406
vt 0.47933024 0.62575889
vt 0.46997413 0.61182135
vt 0.43122414 0.59533429
vt 0.46651796 0.56083286
vt 0.46018970 0.57757872
vt 0.48471448 0.58875716
vt 0.47010821 0.59215987
vt 0.47550845 0.59988254
vt 0.47087309 0.59896553
vt 0.46163905 0.59212148
vt 0.48455983 0.57251287
vt 0.49340168 0.58776379
vt 0.49154699 0.56744939
vt 0.49615014 0.57291865
vt 0.49556491 0.55943722
vt 0.49787465 0.58824766
vt 0.50000000 0.60294026
vt 0.49885464 0.61540782
vt 0.49161488 0.61525464
vt 0.48856333 0.60640544
vt 0.49355835 0.61980045
vt 0.49542022 0.54944611
vt 0.49074167 0.53921455
vt 0.43656665 0.60603070
vt 0.47891811 0.54182673
vt 0.43715289 0.52442425
vt 0.44668856 0.44675291
vt 0.45314956 0.42581725
vt 0.46024469 0.48714137
vt 0.46264634 0.47056550
vt 0.46636930 0.46533871
vt 0.47435296 0.46676230
vt 0.49187043 0.46637154
vt 0.47728860 0.49850988
vt 0.44528592 0.58051103
vt 0.49647298 0.44622177
vt 0.45753399 0.47153699
vt 0.49544519 0.53151071
vt 0.49571842 0.51945889
vt 0.49613914 0.50982171
vt 0.46006736 0.60867774
vt 0.46807694 0.59834296
vt 0.43744117 0.62163419
vt 0.47242084 0.44411868
vt 0.45491430 0.59826308
vt 0.45089194 0.59967345
vt 0.47316656 0.61073661
vt 0.45992550 0.42721808
vt 0.46829852 0.44157714
vt 0.46794921 0.42460012
vt 0.48338333 0.42454469
vt 0.47665730 0.44408917
vt 0.48463303 0.44336939
vt 0.49219200 0.44354057
vt 0.49057341 0.42529893
vt 0.48585561 0.50743413
vt 0.49688843 0.49729490
vt 0.49964762 0.47758675
vt 0.50000000 0.48243040
vt 0.56665230 0.25108409
vt 0.56496924 0.24526119
vt 0.57964253 0.23894191
vt 0.59833187 0.25108409
vt 0.61965466 0.42335105
vt 0.61178035 0.41847354
vt 0.63081652 0.42541194
vt 0.61062336 0.42541194
vt 0.91176468 0.21291333
vt 0.91176468 0.19297487
vt 0.90649694 0.20380098
vt 0.90756124 0.21552473
vt 0.31650570 0.97759199
vt 0.32440737 0.97097969
vt 0.32200494 0.96834344
vt 0.32031605 0.98050040
vt 0.32440737 0.98448318
vt 0.32083374 0.98655683
vt 0.03391952 0.13997972
vt 0.03677782 0.14297259
vt 0.03296765 0.14578134
vt 0.03591421 0.14786083
vt 0.04532472 0.14961421
vt 0.04820848 0.14927834
vt 0.04918949 0.16072422
vt 0.05327795 0.15524387
vt 0.07111543 0.15550721
vt 0.06587917 0.14139616
vt 0.08334739 0.14462465
vt 0.08181476 0.15620911
vt 0.09435096 0.15240669
vt 0.09220129 0.15569174
vt 0.08793402 0.17428327
vt 0.04778600 0.13660014
vt 0.05312914 0.16259384
vt 0.09674308 0.16616434
vt 0.09707944 0.15942824
vt 0.11249061 0.16586119
vt 0.09875026 0.17773247
vt 0.11951402 0.15696496
vt 0.11627393 0.17568702
vt 0.14293337 0.16296446
vt 0.09595336 0.18050301
vt 0.07015033 0.18332100
vt 0.03108367 0.15139318
vt 0.03489123 0.16077626
vt 0.02129564 0.15003717
vt 0.02465524 0.15971148
vt 0.03625403 0.13909727
vt 0.03630693 0.16998065
vt 0.09863280 0.15189224
vt 0.13993166 0.17162901
vt 0.14436916 0.17167461
vt 0.15144864 0.16039670
vt 0.13500859 0.15450084
vt 0.02187974 0.17421365
vt 0.01487433 0.16584790
vt 0.01145927 0.17987359
vt 0.01977419 0.18706715
vt 0.00921861 0.18777102
vt 0.03103894 0.18625879
vt 0.04520588 0.18559778
vt 0.06280685 0.17148632
vt 0.05939259 0.18526196
vt 0.05105210 0.17268616
vt 0.04994489 0.18777102
vt 0.66856891 0.35333192
vt 0.67471468 0.35342586
vt 0.67046440 0.34836090
vt 0.67471468 0.34648740
vt 0.75021946 0.73764092
vt 0.74877018 0.73330444
vt 0.74670762 0.73764092
f 1785/1785 1784/1784 1780/1780
f 4214/4214 4217/4217 4213/4213
f 4217/4217 4209/4209 4213/4213
f 3589/3589 3586/3586 3590/3590
f 5694/5694 5693/5693 5695/5695
f 5690/5690 5691/5691 5692/5692
f 3586/3586 3587/3587 3588/3588
f 3603/3603 3605/3605 3604/3604
f 5692/5692 5693/5693 5694/5694
f 4265/4265 4264/4264 4256/4256
f 5690/5690 5692/5692 5688/5688
f 3591/3591 3590/3590 3586/3586
f 4259/4259 4265/4265 4256/4256
f 3589/3589 3587/3587 3586/3586
f 5691/5691 5693/5693 5692/5692
f 3591/3591 3586/3586 3592/3592
f 3602/3602 3603/3603 3604/3604
f 3201/3201 3193/3193 3202/3202
f 3588/3588 3592/3592 3586/3586
f 2547/2547 2544/2544 2552/2552
f 2542/2542 2552/2552 2544/2544
f 2542/2542 2544/2544 2543/2543
f 2543/2543 2554/2554 2541/2541
f 2543/2543 2540/2540 2542/2542
f 2539/2539 2541/2541 2554/2554
f 2541/2541 2540/2540 2543/2543
f 2545/2545 2554/2554 2543/2543
f 2545/2545 2543/2543 2544/2544
f 2546/2546 2544/2544 2547/2547
f 2545/2545 2544/2544 2546/2546
f 2541/2541 2539/2539 2540/2540
f 3478/3478 3481/3481 3482/3482
f 3482/3482 3485/3485 3478/3478
f 5676/5676 5677/5677 5678/5678
f 5678/5678 5677/5677 5680/5680
f 5679/5679 5677/5677 5676/5676
f 5850/5850 5851/5851 5852/5852
f 5851/5851 5853/5853 5852/5852
f 6126/6126 6165/6165 6172/6172
f 6132/6132 6133/6133 6126/6126
f 6133/6133 6171/6171 6165/6165
f 6165/6165 6126/6126 6133/6133
f 1811/1811 1812/1812 1810/1810
f 5125/5125 5129/5129 5126/5126
f 5127/5127 5125/5125 5124/5124
f 6983/6983 6985/6985 6984/6984
f 6217/6217 6216/6216 6218/6218
f 4/4 5/5 6/6
f 6215/6215 6216/6216 6217/6217
f 6934/6934 6935/6935 6936/6936
f 6982/6982 6983/6983 6984/6984
f 4902/4902 4893/4893 4903/4903
f 1895/1895 1897/1897 1896/1896
f 4892/4892 4894/4894 4895/4895
f 6218/6218 6219/6219 6217/6217
f 6936/6936 6935/6935 6937/6937
f 5124/5124 5125/5125 5126/5126
f 4892/4892 4893/4893 4894/4894
f 6215/6215 6217/6217 6219/6219
f 4740/4740 4742/4742 4743/4743
f 4740/4740 4741/4741 4742/4742
f 4738/4738 4740/4740 4746/4746
f 4746/4746 4740/4740 4748/4748
f 4748/4748 4740/4740 4743/4743
f 4738/4738 4739/4739 4740/4740
f 4739/4739 4741/4741 4740/4740
f 6492/6492 6485/6485 6482/6482
f 4739/4739 4744/4744 4741/4741
f 4745/4745 4744/4744 4739/4739
f 4741/4741 4744/4744 4742/4742
f 4742/4742 4744/4744 4750/4750
f 4745/4745 4747/4747 4744/4744
f 4744/4744 4747/4747 4751/4751
f 6483/6483 6482/6482 6481/6481
f 3437/3437 3414/3414 3417/3417
f 3414/3414 3415/3415 3417/3417
f 3436/3436 3414/3414 3437/3437
f 4736/4736 4738/4738 4749/4749
f 3426/3426 3414/3414 3436/3436
f 3426/3426 3412/3412 3414/3414
f 4736/4736 4737/4737 4738/4738
f 3426/3426 3419/3419 3412/3412
f 4737/4737 4736/4736 4710/4710
f 4737/4737 4739/4739 4738/4738
f 4737/4737 4745/4745 4739/4739
f 4745/4745 4737/4737 4752/4752
f 4752/4752 4747/4747 4745/4745
f 4699/4699 4709/4709 4700/4700
f 4700/4700 4693/4693 4699/4699
f 4747/4747 4754/4754 4753/4753
f 6795/6795 6794/6794 6796/6796
f 6796/6796 6797/6797 6795/6795
f 3417/3417 3429/3429 3435/3435
f 6796/6796 6798/6798 6797/6797
f 4758/4758 4749/4749 4746/4746
f 3441/3441 3427/3427 3415/3415
f 6802/6802 6801/6801 6800/6800
f 6800/6800 6801/6801 6798/6798
f 3415/3415 3416/3416 3441/3441
f 6802/6802 6811/6811 6801/6801
f 3413/3413 3416/3416 3414/3414
f 3412/3412 3413/3413 3414/3414
f 6808/6808 6813/6813 6812/6812
f 6808/6808 6812/6812 6811/6811
f 3412/3412 3400/3400 3413/3413
f 3419/3419 3410/3410 3412/3412
f 3412/3412 3410/3410 3400/3400
f 4703/4703 4701/4701 4702/4702
f 4701/4701 4692/4692 4702/4702
f 4710/4710 4708/4708 4737/4737
f 4703/4703 4709/4709 4701/4701
f 4737/4737 4708/4708 4752/4752
f 4709/4709 4722/4722 4700/4700
f 4752/4752 4754/4754 4747/4747
f 4700/4700 4722/4722 4732/4732
f 4747/4747 4753/4753 4751/4751
f 4751/4751 4753/4753 4755/4755
f 4732/4732 4695/4695 4700/4700
f 6794/6794 6803/6803 6796/6796
f 4760/4760 4736/4736 4749/4749
f 6480/6480 6479/6479 6478/6478
f 4533/4533 4530/4530 4532/4532
f 4736/4736 4760/4760 4725/4725
f 6508/6508 6479/6479 6480/6480
f 4535/4535 4534/4534 4533/4533
f 4736/4736 4725/4725 4711/4711
f 6814/6814 6815/6815 6816/6816
f 3416/3416 3399/3399 3425/3425
f 3399/3399 3401/3401 3425/3425
f 3425/3425 3401/3401 3430/3430
f 3401/3401 3431/3431 3430/3430
f 4561/4561 4563/4563 4567/4567
f 4704/4704 4703/4703 4702/4702
f 4704/4704 4702/4702 4705/4705
f 4705/4705 4710/4710 4711/4711
f 3413/3413 3399/3399 3416/3416
f 4567/4567 4563/4563 4573/4573
f 4719/4719 4703/4703 4704/4704
f 4702/4702 4707/4707 4705/4705
f 3413/3413 3400/3400 3399/3399
f 3399/3399 3396/3396 3401/3401
f 3400/3400 3397/3397 3399/3399
f 4707/4707 4708/4708 4710/4710
f 3438/3438 3423/3423 3420/3420
f 3438/3438 3420/3420 3419/3419
f 4573/4573 4563/4563 4568/4568
f 4573/4573 4568/4568 4574/4574
f 4714/4714 4709/4709 4703/4703
f 4719/4719 4714/4714 4703/4703
f 4702/4702 4692/4692 4706/4706
f 4702/4702 4706/4706 4707/4707
f 4706/4706 4708/4708 4707/4707
f 3420/3420 3418/3418 3419/3419
f 3419/3419 3418/3418 3410/3410
f 3418/3418 3409/3409 3410/3410
f 4692/4692 4694/4694 4706/4706
f 4708/4708 4713/4713 4752/4752
f 6489/6489 6512/6512 6493/6493
f 4751/4751 4755/4755 4757/4757
f 4752/4752 4756/4756 4754/4754
f 3956/3956 3937/3937 3959/3959
f 3996/3996 3995/3995 4000/4000
f 6792/6792 6793/6793 6794/6794
f 6792/6792 6794/6794 6795/6795
f 6795/6795 6805/6805 6804/6804
f 6792/6792 6795/6795 6804/6804
f 6794/6794 6793/6793 6803/6803
f 4530/4530 4531/4531 4532/4532
f 4534/4534 4530/4530 4533/4533
f 4723/4723 4711/4711 4725/4725
f 3425/3425 3430/3430 3433/3433
f 4724/4724 4705/4705 4723/4723
f 4723/4723 4705/4705 4711/4711
f 6807/6807 6808/6808 6802/6802
f 6807/6807 6802/6802 6806/6806
f 4344/4344 4348/4348 4347/4347
f 4726/4726 4729/4729 4720/4720
f 4726/4726 4720/4720 4721/4721
f 4721/4721 4704/4704 4728/4728
f 4724/4724 4704/4704 4705/4705
f 3430/3430 3432/3432 3433/3433
f 3430/3430 3431/3431 3432/3432
f 4721/4721 4719/4719 4704/4704
f 3401/3401 3396/3396 3431/3431
f 4720/4720 4719/4719 4721/4721
f 3399/3399 3397/3397 3396/3396
f 4563/4563 4564/4564 4568/4568
f 3410/3410 3409/3409 3400/3400
f 3423/3423 3422/3422 3420/3420
f 4574/4574 4568/4568 4575/4575
f 4716/4716 4715/4715 4714/4714
f 4714/4714 4715/4715 4709/4709
f 4716/4716 4717/4717 4715/4715
f 4715/4715 4722/4722 4709/4709
f 4715/4715 4733/4733 4722/4722
f 4694/4694 4712/4712 4706/4706
f 4706/4706 4712/4712 4708/4708
f 4708/4708 4712/4712 4713/4713
f 4694/4694 4696/4696 4712/4712
f 4712/4712 4734/4734 4713/4713
f 4713/4713 4756/4756 4752/4752
f 4713/4713 4766/4766 4756/4756
f 4722/4722 4733/4733 4732/4732
f 3960/3960 3944/3944 3958/3958
f 3958/3958 3944/3944 3939/3939
f 3959/3959 3937/3937 3957/3957
f 3996/3996 3994/3994 3995/3995
f 3958/3958 3939/3939 3956/3956
f 3956/3956 3939/3939 3937/3937
f 4540/4540 4537/4537 4530/4530
f 4530/4530 4537/4537 4531/4531
f 4728/4728 4704/4704 4727/4727
f 4727/4727 4704/4704 4724/4724
f 4727/4727 4724/4724 4723/4723
f 3433/3433 3432/3432 3434/3434
f 4726/4726 4721/4721 4730/4730
f 6508/6508 6516/6516 6479/6479
f 6810/6810 6809/6809 6807/6807
f 4352/4352 4353/4353 4344/4344
f 4561/4561 4562/4562 4563/4563
f 5078/5078 5073/5073 5069/5069
f 5078/5078 5069/5069 5079/5079
f 4563/4563 4562/4562 4564/4564
f 5078/5078 5075/5075 5073/5073
f 3396/3396 3397/3397 3398/3398
f 3400/3400 3402/3402 3397/3397
f 4614/4614 4615/4615 4616/4616
f 4568/4568 4576/4576 4575/4575
f 3420/3420 3422/3422 3421/3421
f 3420/3420 3421/3421 3418/3418
f 3421/3421 3424/3424 3418/3418
f 3418/3418 3424/3424 3403/3403
f 3418/3418 3403/3403 3409/3409
f 4717/4717 4731/4731 4715/4715
f 3998/3998 3961/3961 4002/4002
f 4576/4576 4577/4577 4575/4575
f 4717/4717 4759/4759 4731/4731
f 4696/4696 4734/4734 4712/4712
f 4001/4001 3993/3993 3998/3998
f 3995/3995 3994/3994 3993/3993
f 3937/3937 3936/3936 3957/3957
f 4058/4058 4057/4057 4055/4055
f 4055/4055 4057/4057 4054/4054
f 6479/6479 6477/6477 6478/6478
f 4726/4726 4765/4765 4729/4729
f 4730/4730 4721/4721 4728/4728
f 3470/3470 3463/3463 3465/3465
f 3431/3431 3456/3456 3432/3432
f 3456/3456 3439/3439 3432/3432
f 5079/5079 5069/5069 5071/5071
f 4561/4561 4565/4565 4562/4562
f 4611/4611 4613/4613 4614/4614
f 4613/4613 4615/4615 4614/4614
f 3397/3397 3404/3404 3398/3398
f 3402/3402 3404/3404 3397/3397
f 4615/4615 4617/4617 4616/4616
f 4482/4482 4481/4481 4483/4483
f 3400/3400 3403/3403 3402/3402
f 3421/3421 3450/3450 3424/3424
f 4617/4617 4618/4618 4616/4616
f 4481/4481 4484/4484 4483/4483
f 4576/4576 4578/4578 4577/4577
f 4715/4715 4735/4735 4733/4733
f 3998/3998 3992/3992 3961/3961
f 3961/3961 3944/3944 3960/3960
f 6478/6478 6477/6477 6471/6471
f 4571/4571 4565/4565 4561/4561
f 4611/4611 4612/4612 4613/4613
f 6309/6309 6315/6315 6310/6310
f 6307/6307 6309/6309 6310/6310
f 6310/6310 6315/6315 6311/6311
f 3405/3405 3406/3406 3407/3407
f 3404/3404 3406/3406 3405/3405
f 3442/3442 3406/3406 3404/3404
f 3402/3402 3443/3443 3404/3404
f 3404/3404 3443/3443 3442/3442
f 3450/3450 3458/3458 3424/3424
f 3424/3424 3458/3458 3449/3449
f 3424/3424 3449/3449 3403/3403
f 3403/3403 3449/3449 3402/3402
f 3997/3997 3994/3994 3999/3999
f 3934/3934 3935/3935 3936/3936
f 3677/3677 3676/3676 3678/3678
f 3676/3676 3679/3679 3678/3678
f 3993/3993 3990/3990 3998/3998
f 3939/3939 3938/3938 3937/3937
f 3938/3938 3934/3934 3937/3937
f 3937/3937 3934/3934 3936/3936
f 4346/4346 4350/4350 4351/4351
f 750/750 726/726 756/756
f 3464/3464 3466/3466 3469/3469
f 5070/5070 5076/5076 5071/5071
f 5071/5071 5076/5076 5077/5077
f 6312/6312 6311/6311 6313/6313
f 6313/6313 6311/6311 6314/6314
f 3407/3407 3408/3408 3428/3428
f 3406/3406 3408/3408 3407/3407
f 5333/5333 5341/5341 5335/5335
f 690/690 689/689 691/691
f 688/688 689/689 690/690
f 689/689 687/687 691/691
f 5179/5179 5175/5175 5171/5171
f 3442/3442 3451/3451 3406/3406
f 5180/5180 5175/5175 5179/5179
f 688/688 678/678 689/689
f 689/689 678/678 687/687
f 678/678 680/680 687/687
f 5341/5341 5354/5354 5363/5363
f 688/688 686/686 678/678
f 3443/3443 3402/3402 3444/3444
f 3449/3449 3445/3445 3402/3402
f 3402/3402 3445/3445 3444/3444
f 5363/5363 5368/5368 5372/5372
f 686/686 685/685 678/678
f 4617/4617 4619/4619 4618/4618
f 3992/3992 3988/3988 3961/3961
f 3961/3961 3989/3989 3944/3944
f 3989/3989 3943/3943 3944/3944
f 3670/3670 3642/3642 3663/3663
f 3677/3677 3663/3663 3676/3676
f 3994/3994 3997/3997 3991/3991
f 3994/3994 3991/3991 3993/3993
f 3991/3991 3990/3990 3993/3993
f 3990/3990 3992/3992 3998/3998
f 3943/3943 3938/3938 3939/3939
f 3944/3944 3943/3943 3939/3939
f 4619/4619 4620/4620 4618/4618
f 732/732 765/765 737/737
f 4571/4571 4569/4569 4565/4565
f 5076/5076 5080/5080 5077/5077
f 4565/4565 4569/4569 4566/4566
f 4034/4034 4033/4033 4017/4017
f 6477/6477 6476/6476 6471/6471
f 5350/5350 5348/5348 5343/5343
f 5859/5859 5861/5861 5860/5860
f 5334/5334 5335/5335 5343/5343
f 3428/3428 3408/3408 3452/3452
f 5333/5333 5335/5335 5334/5334
f 5335/5335 5349/5349 5343/5343
f 5333/5333 5331/5331 5332/5332
f 3408/3408 3406/3406 3411/3411
f 5333/5333 5332/5332 5341/5341
f 5341/5341 5332/5332 5340/5340
f 5177/5177 5172/5172 5175/5175
f 5175/5175 5172/5172 5171/5171
f 5171/5171 5174/5174 5181/5181
f 5341/5341 5340/5340 5354/5354
f 3450/3450 3459/3459 3458/3458
f 3243/3243 3240/3240 3260/3260
f 3260/3260 3240/3240 3261/3261
f 3444/3444 3445/3445 3446/3446
f 5354/5354 5368/5368 5363/5363
f 685/685 679/679 678/678
f 678/678 679/679 680/680
f 679/679 681/681 680/680
f 3988/3988 3989/3989 3961/3961
f 3663/3663 3644/3644 3676/3676
f 3990/3990 3988/3988 3992/3992
f 685/685 693/693 692/692
f 685/685 684/684 679/679
f 3997/3997 3987/3987 3991/3991
f 685/685 692/692 684/684
f 6471/6471 6472/6472 6473/6473
f 4569/4569 4570/4570 4566/4566
f 6471/6471 6476/6476 6472/6472
f 5334/5334 5331/5331 5333/5333
f 3408/3408 3440/3440 3452/3452
f 3408/3408 3411/3411 3440/3440
f 5174/5174 5178/5178 5181/5181
f 5337/5337 5340/5340 5332/5332
f 5171/5171 5172/5172 5173/5173
f 5171/5171 5173/5173 5174/5174
f 5337/5337 5353/5353 5340/5340
f 5340/5340 5353/5353 5354/5354
f 5388/5388 5382/5382 5386/5386
f 3243/3243 3241/3241 3240/3240
f 5353/5353 5368/5368 5354/5354
f 3445/3445 3447/3447 3446/3446
f 3989/3989 3953/3953 3943/3943
f 3938/3938 3940/3940 3934/3934
f 693/693 694/694 692/692
f 4619/4619 4621/4621 4620/4620
f 3663/3663 3642/3642 3644/3644
f 3642/3642 3641/3641 3644/3644
f 5347/5347 5343/5343 5348/5348
f 3411/3411 3453/3453 3460/3460
f 5328/5328 5337/5337 5332/5332
f 5173/5173 5176/5176 5174/5174
f 5174/5174 5176/5176 5178/5178
f 5338/5338 5352/5352 5337/5337
f 3244/3244 3245/3245 3241/3241
f 5352/5352 5353/5353 5337/5337
f 3240/3240 3241/3241 3242/3242
f 5382/5382 5383/5383 5384/5384
f 5352/5352 5356/5356 5353/5353
f 3240/3240 3242/3242 3261/3261
f 3261/3261 3242/3242 3248/3248
f 3446/3446 3447/3447 3448/3448
f 5356/5356 5366/5366 5353/5353
f 5353/5353 5366/5366 5368/5368
f 3926/3926 3925/3925 3987/3987
f 3953/3953 3942/3942 3943/3943
f 3943/3943 3942/3942 3938/3938
f 3940/3940 3941/3941 3934/3934
f 5368/5368 5366/5366 5380/5380
f 679/679 682/682 681/681
f 5347/5347 5346/5346 5334/5334
f 6068/6068 6067/6067 6066/6066
f 6069/6069 6067/6067 6068/6068
f 6499/6499 6498/6498 6500/6500
f 3241/3241 3246/3246 3242/3242
f 5384/5384 5383/5383 5385/5385
f 3935/3935 3941/3941 3948/3948
f 3447/3447 3454/3454 3448/3448
f 3988/3988 3953/3953 3989/3989
f 3986/3986 3953/3953 3988/3988
f 3942/3942 3940/3940 3938/3938
f 5356/5356 5373/5373 5366/5366
f 3923/3923 3925/3925 3926/3926
f 3987/3987 3925/3925 3985/3985
f 3987/3987 3985/3985 3991/3991
f 3991/3991 3985/3985 3990/3990
f 3986/3986 3988/3988 3990/3990
f 679/679 683/683 682/682
f 3642/3642 3636/3636 3641/3641
f 696/696 695/695 694/694
f 3646/3646 3635/3635 3662/3662
f 4569/4569 4572/4572 4570/4570
f 6511/6511 6475/6475 6472/6472
f 5328/5328 5327/5327 5338/5338
f 5384/5384 5385/5385 5387/5387
f 5338/5338 5342/5342 5352/5352
f 3242/3242 3247/3247 3248/3248
f 3248/3248 3247/3247 3249/3249
f 3448/3448 3454/3454 3455/3455
f 5352/5352 5342/5342 5356/5356
f 3990/3990 3985/3985 3986/3986
f 697/697 695/695 696/696
f 3671/3671 3659/3659 3645/3645
f 5329/5329 5331/5331 5346/5346
f 6511/6511 6513/6513 6475/6475
f 5327/5327 5328/5328 5326/5326
f 3245/3245 3252/3252 3251/3251
f 3241/3241 3251/3251 3253/3253
f 3254/3254 3250/3250 3246/3246
f 3246/3246 3250/3250 3247/3247
f 3941/3941 3949/3949 3948/3948
f 3940/3940 3947/3947 3941/3941
f 5342/5342 5365/5365 5356/5356
f 3923/3923 3924/3924 3925/3925
f 5365/5365 5373/5373 5356/5356
f 3635/3635 3633/3633 3636/3636
f 3633/3633 3639/3639 3636/3636
f 3646/3646 3645/3645 3629/3629
f 3646/3646 3629/3629 3635/3635
f 6513/6513 6514/6514 6475/6475
f 6513/6513 6515/6515 6514/6514
f 5325/5325 5338/5338 5327/5327
f 5325/5325 5342/5342 5338/5338
f 5325/5325 5339/5339 5342/5342
f 3949/3949 3951/3951 3948/3948
f 3947/3947 3949/3949 3941/3941
f 5339/5339 5362/5362 5342/5342
f 3953/3953 3977/3977 3946/3946
f 3953/3953 3946/3946 3942/3942
f 3946/3946 3945/3945 3942/3942
f 3942/3942 3945/3945 3940/3940
f 3940/3940 3945/3945 3947/3947
f 3925/3925 3928/3928 3985/3985
f 3986/3986 3980/3980 3953/3953
f 3925/3925 3924/3924 3927/3927
f 3928/3928 3983/3983 3985/3985
f 3985/3985 3984/3984 3986/3986
f 5342/5342 5362/5362 5365/5365
f 5365/5365 5377/5377 5373/5373
f 700/700 714/714 706/706
f 3791/3791 3769/3769 3790/3790
f 5330/5330 5326/5326 5329/5329
f 5325/5325 5323/5323 5324/5324
f 6521/6521 6522/6522 6523/6523
f 5320/5320 5319/5319 5339/5339
f 5320/5320 5317/5317 5319/5319
f 5324/5324 5339/5339 5325/5325
f 5319/5319 5360/5360 5339/5339
f 6246/6246 6245/6245 6238/6238
f 5360/5360 5362/5362 5339/5339
f 3953/3953 3980/3980 3977/3977
f 3925/3925 3927/3927 3928/3928
f 3984/3984 3980/3980 3986/3986
f 3985/3985 3983/3983 3984/3984
f 5362/5362 5361/5361 5369/5369
f 5362/5362 5369/5369 5365/5365
f 5369/5369 5377/5377 5365/5365
f 3629/3629 3630/3630 3633/3633
f 3659/3659 3627/3627 3645/3645
f 3645/3645 3627/3627 3629/3629
f 3658/3658 3659/3659 3671/3671
f 920/920 921/921 908/908
f 920/920 922/922 921/921
f 5330/5330 5323/5323 5326/5326
f 5323/5323 5325/5325 5326/5326
f 6237/6237 6238/6238 6236/6236
f 5318/5318 5360/5360 5319/5319
f 3949/3949 3952/3952 3951/3951
f 4831/4831 4836/4836 4839/4839
f 3262/3262 3263/3263 3256/3256
f 3980/3980 3978/3978 3977/3977
f 3977/3977 3950/3950 3946/3946
f 3946/3946 3950/3950 3945/3945
f 3945/3945 3950/3950 3947/3947
f 5360/5360 5361/5361 5362/5362
f 3633/3633 3632/3632 3639/3639
f 3639/3639 3632/3632 3640/3640
f 3633/3633 3630/3630 3632/3632
f 3659/3659 3634/3634 3627/3627
f 5336/5336 5323/5323 5330/5330
f 725/725 753/753 762/762
f 5321/5321 5324/5324 5323/5323
f 5321/5321 5320/5320 5324/5324
f 6220/6220 6222/6222 6223/6223
f 5321/5321 5317/5317 5320/5320
f 6220/6220 6221/6221 6222/6222
f 5317/5317 5318/5318 5319/5319
f 6237/6237 6224/6224 6240/6240
f 4829/4829 4830/4830 4831/4831
f 4833/4833 4829/4829 4831/4831
f 4831/4831 4830/4830 4836/4836
f 5318/5318 5358/5358 5360/5360
f 3262/3262 3265/3265 3264/3264
f 3262/3262 3264/3264 3263/3263
f 3632/3632 3647/3647 3640/3640
f 3924/3924 3933/3933 3927/3927
f 5361/5361 5374/5374 5369/5369
f 3658/3658 3634/3634 3659/3659
f 908/908 852/852 920/920
f 920/920 852/852 856/856
f 920/920 892/892 922/922
f 2974/2974 2972/2972 2969/2969
f 916/916 917/917 914/914
f 916/916 918/918 917/917
f 3769/3769 3791/3791 3799/3799
f 5322/5322 5321/5321 5323/5323
f 762/762 782/782 783/783
f 4774/4774 4767/4767 4772/4772
f 4767/4767 4769/4769 4771/4771
f 4772/4772 4767/4767 4771/4771
f 5316/5316 5318/5318 5317/5317
f 3972/3972 3950/3950 3977/3977
f 5316/5316 5358/5358 5318/5318
f 3947/3947 3950/3950 3952/3952
f 4836/4836 4830/4830 4837/4837
f 3928/3928 3927/3927 3929/3929
f 3928/3928 3929/3929 3983/3983
f 3980/3980 3976/3976 3978/3978
f 5358/5358 5359/5359 5360/5360
f 5359/5359 5361/5361 5360/5360
f 3983/3983 3979/3979 3976/3976
f 3983/3983 3976/3976 3984/3984
f 3984/3984 3976/3976 3980/3980
f 907/907 908/908 889/889
f 3629/3629 3628/3628 3630/3630
f 3627/3627 3628/3628 3629/3629
f 907/907 852/852 908/908
f 5374/5374 5377/5377 5369/5369
f 5374/5374 5378/5378 5377/5377
f 3658/3658 3643/3643 3634/3634
f 856/856 892/892 920/920
f 915/915 914/914 913/913
f 914/914 912/912 913/913
f 913/913 912/912 910/910
f 910/910 912/912 911/911
f 2969/2969 2966/2966 2964/2964
f 916/916 919/919 918/918
f 2972/2972 2966/2966 2969/2969
f 2972/2972 2973/2973 2966/2966
f 3804/3804 3799/3799 3791/3791
f 3758/3758 3748/3748 3773/3773
f 5092/5092 5091/5091 5097/5097
f 5097/5097 5091/5091 5096/5096
f 782/782 794/794 783/783
f 5097/5097 5096/5096 5098/5098
f 4767/4767 4768/4768 4769/4769
f 3971/3971 3955/3955 3972/3972
f 4829/4829 4832/4832 4830/4830
f 3976/3976 3973/3973 3978/3978
f 3983/3983 3929/3929 3979/3979
f 3632/3632 3631/3631 3647/3647
f 3630/3630 3628/3628 3631/3631
f 3630/3630 3631/3631 3632/3632
f 3622/3622 3628/3628 3627/3627
f 3634/3634 3626/3626 3627/3627
f 3626/3626 3622/3622 3627/3627
f 3657/3657 3620/3620 3658/3658
f 3616/3616 3620/3620 3657/3657
f 1856/1856 1859/1859 1872/1872
f 877/877 854/854 853/853
f 853/853 854/854 852/852
f 854/854 856/856 852/852
f 856/856 854/854 880/880
f 1847/1847 1846/1846 1856/1856
f 1856/1856 1846/1846 1857/1857
f 1856/1856 1857/1857 1859/1859
f 1859/1859 1857/1857 1876/1876
f 877/877 887/887 854/854
f 854/854 887/887 880/880
f 880/880 886/886 856/856
f 856/856 886/886 892/892
f 1857/1857 1899/1899 1876/1876
f 887/887 906/906 880/880
f 880/880 906/906 886/886
f 5273/5273 5271/5271 5270/5270
f 1857/1857 1889/1889 1899/1899
f 1846/1846 1845/1845 1857/1857
f 1857/1857 1845/1845 1889/1889
f 5270/5270 5271/5271 5272/5272
f 913/913 910/910 904/904
f 4899/4899 4901/4901 4906/4906
f 4900/4900 4899/4899 4906/4906
f 4906/4906 4901/4901 4907/4907
f 2966/2966 2968/2968 2964/2964
f 2973/2973 2970/2970 2966/2966
f 6961/6961 6963/6963 6962/6962
f 5093/5093 5094/5094 5091/5091
f 6229/6229 6235/6235 6230/6230
f 4768/4768 4770/4770 4769/4769
f 5313/5313 5316/5316 5317/5317
f 4832/4832 4835/4835 4834/4834
f 4832/4832 4834/4834 4830/4830
f 1910/1910 1855/1855 1913/1913
f 4830/4830 4834/4834 4837/4837
f 4837/4837 4834/4834 4838/4838
f 3265/3265 3266/3266 3264/3264
f 5314/5314 5355/5355 5316/5316
f 888/888 849/849 889/889
f 5355/5355 5358/5358 5316/5316
f 3927/3927 3933/3933 3930/3930
f 3927/3927 3930/3930 3929/3929
f 849/849 907/907 889/889
f 849/849 851/851 907/907
f 1913/1913 1854/1854 1906/1906
f 5355/5355 5359/5359 5358/5358
f 851/851 850/850 852/852
f 851/851 852/852 907/907
f 5359/5359 5371/5371 5361/5361
f 5371/5371 5374/5374 5361/5361
f 3643/3643 3626/3626 3634/3634
f 1847/1847 1856/1856 1872/1872
f 1872/1872 1859/1859 1876/1876
f 866/866 877/877 853/853
f 866/866 853/853 850/850
f 850/850 853/853 852/852
f 3658/3658 3620/3620 3643/3643
f 5378/5378 5374/5374 5379/5379
f 3657/3657 3617/3617 3616/3616
f 1847/1847 1842/1842 1846/1846
f 1842/1842 1843/1843 1846/1846
f 1846/1846 1843/1843 1845/1845
f 3865/3865 3858/3858 3869/3869
f 906/906 909/909 886/886
f 1889/1889 1898/1898 1899/1899
f 3869/3869 3810/3810 3872/3872
f 1843/1843 1844/1844 1845/1845
f 1845/1845 1844/1844 1894/1894
f 1845/1845 1894/1894 1889/1889
f 901/901 902/902 900/900
f 901/901 904/904 902/902
f 4899/4899 4893/4893 4901/4901
f 4893/4893 4902/4902 4901/4901
f 2962/2962 2963/2963 2957/2957
f 4901/4901 4904/4904 4907/4907
f 2964/2964 2968/2968 2963/2963
f 6961/6961 6962/6962 6960/6960
f 2966/2966 2967/2967 2968/2968
f 2970/2970 2967/2967 2966/2966
f 2973/2973 2975/2975 2970/2970
f 3804/3804 3801/3801 3799/3799
f 6227/6227 6229/6229 6230/6230
f 6227/6227 6225/6225 6229/6229
f 5314/5314 5316/5316 5313/5313
f 1910/1910 1874/1874 1855/1855
f 3967/3967 3969/3969 3973/3973
f 3266/3266 3267/3267 3264/3264
f 3931/3931 3965/3965 3979/3979
f 3929/3929 3931/3931 3979/3979
f 3979/3979 3965/3965 3976/3976
f 3965/3965 3967/3967 3976/3976
f 1913/1913 1855/1855 1854/1854
f 1913/1913 1906/1906 1862/1862
f 1906/1906 1854/1854 1853/1853
f 1906/1906 1853/1853 1862/1862
f 1853/1853 1861/1861 1862/1862
f 1862/1862 1861/1861 1863/1863
f 5355/5355 5357/5357 5359/5359
f 3628/3628 3648/3648 3631/3631
f 849/849 850/850 851/851
f 3628/3628 3622/3622 3623/3623
f 1872/1872 1876/1876 1877/1877
f 1877/1877 1876/1876 1884/1884
f 5142/5142 5134/5134 5133/5133
f 1864/1864 1847/1847 1872/1872
f 1864/1864 1848/1848 1847/1847
f 867/867 885/885 802/802
f 3643/3643 3620/3620 3626/3626
f 804/804 885/885 867/867
f 866/866 905/905 877/877
f 1842/1842 1847/1847 1848/1848
f 5862/5862 5863/5863 5864/5864
f 5134/5134 5132/5132 5133/5133
f 905/905 887/887 877/877
f 5132/5132 5131/5131 5133/5133
f 3859/3859 3858/3858 3865/3865
f 5132/5132 5128/5128 5131/5131
f 899/899 900/900 898/898
f 6459/6459 6434/6434 6436/6436
f 899/899 901/901 900/900
f 900/900 903/903 898/898
f 1841/1841 1844/1844 1843/1843
f 6436/6436 6434/6434 6433/6433
f 3858/3858 3814/3814 3869/3869
f 5271/5271 5274/5274 5272/5272
f 1841/1841 1865/1865 1844/1844
f 6436/6436 6433/6433 6440/6440
f 1889/1889 1896/1896 1898/1898
f 6440/6440 6451/6451 6436/6436
f 2961/2961 2958/2958 2955/2955
f 2962/2962 2958/2958 2961/2961
f 6943/6943 6939/6939 6949/6949
f 1889/1889 1894/1894 1895/1895
f 1889/1889 1895/1895 1896/1896
f 2962/2962 2957/2957 2958/2958
f 6963/6963 6971/6971 6972/6972
f 1824/1824 1823/1823 1796/1796
f 1824/1824 1796/1796 1825/1825
f 884/884 849/849 888/888
f 3981/3981 3932/3932 3930/3930
f 1880/1880 1862/1862 1863/1863
f 3647/3647 3654/3654 3667/3667
f 1796/1796 1798/1798 1825/1825
f 1798/1798 1851/1851 1860/1860
f 5314/5314 5357/5357 5355/5355
f 1796/1796 1797/1797 1798/1798
f 1863/1863 1864/1864 1879/1879
f 847/847 850/850 849/849
f 1798/1798 1799/1799 1851/1851
f 1799/1799 1850/1850 1851/1851
f 872/872 850/850 845/845
f 845/845 850/850 847/847
f 1851/1851 1850/1850 1852/1852
f 1852/1852 1853/1853 1854/1854
f 1863/1863 1861/1861 1864/1864
f 1864/1864 1877/1877 1878/1878
f 872/872 866/866 850/850
f 1864/1864 1872/1872 1877/1877
f 804/804 802/802 803/803
f 803/803 802/802 799/799
f 5357/5357 5367/5367 5359/5359
f 1852/1852 1849/1849 1853/1853
f 1861/1861 1848/1848 1864/1864
f 5367/5367 5371/5371 5359/5359
f 1849/1849 1848/1848 1853/1853
f 802/802 832/832 800/800
f 800/800 832/832 806/806
f 894/894 905/905 866/866
f 5371/5371 5367/5367 5376/5376
f 3620/3620 3619/3619 3626/3626
f 804/804 895/895 836/836
f 3675/3675 3666/3666 3681/3681
f 3681/3681 3666/3666 3682/3682
f 3616/3616 3608/3608 3620/3620
f 1849/1849 1842/1842 1848/1848
f 804/804 836/836 885/885
f 3682/3682 3666/3666 3617/3617
f 1849/1849 1838/1838 1842/1842
f 3859/3859 3851/3851 3858/3858
f 1838/1838 1841/1841 1842/1842
f 1842/1842 1841/1841 1843/1843
f 5128/5128 5130/5130 5131/5131
f 3850/3850 3819/3819 3858/3858
f 3858/3858 3819/3819 3814/3814
f 5128/5128 5126/5126 5130/5130
f 3869/3869 3814/3814 3810/3810
f 5272/5272 5274/5274 5275/5275
f 4896/4896 4895/4895 4894/4894
f 6944/6944 6942/6942 6943/6943
f 6942/6942 6939/6939 6943/6943
f 6949/6949 6939/6939 6964/6964
f 6939/6939 6935/6935 6964/6964
f 6399/6399 6398/6398 6402/6402
f 2967/2967 2944/2944 2968/2968
f 6963/6963 6961/6961 6965/6965
f 6963/6963 6965/6965 6971/6971
f 6228/6228 6227/6227 6231/6231
f 6227/6227 6230/6230 6231/6231
f 6231/6231 6230/6230 6234/6234
f 5094/5094 5095/5095 5091/5091
f 5091/5091 5095/5095 5096/5096
f 5315/5315 5313/5313 5317/5317
f 4773/4773 4775/4775 4768/4768
f 5313/5313 5302/5302 5314/5314
f 1823/1823 1804/1804 1796/1796
f 3931/3931 3968/3968 3965/3965
f 1860/1860 1855/1855 1873/1873
f 1873/1873 1855/1855 1874/1874
f 813/813 810/810 812/812
f 5303/5303 5307/5307 5314/5314
f 3930/3930 3932/3932 3931/3931
f 1860/1860 1851/1851 1855/1855
f 813/813 809/809 810/810
f 810/810 811/811 812/812
f 811/811 814/814 812/812
f 5307/5307 5357/5357 5314/5314
f 814/814 811/811 807/807
f 1796/1796 1800/1800 1797/1797
f 1851/1851 1852/1852 1855/1855
f 1855/1855 1852/1852 1854/1854
f 1879/1879 1864/1864 1878/1878
f 808/808 803/803 809/809
f 809/809 803/803 810/810
f 811/811 810/810 801/801
f 811/811 801/801 807/807
f 3631/3631 3648/3648 3654/3654
f 803/803 799/799 810/810
f 810/810 799/799 801/801
f 1797/1797 1799/1799 1798/1798
f 1878/1878 1877/1877 1884/1884
f 808/808 805/805 803/803
f 801/801 806/806 807/807
f 872/872 891/891 866/866
f 3637/3637 3653/3653 3648/3648
f 1797/1797 1800/1800 1807/1807
f 1799/1799 1836/1836 1850/1850
f 5142/5142 5140/5140 5143/5143
f 805/805 804/804 803/803
f 1799/1799 1829/1829 1836/1836
f 6443/6443 6444/6444 6445/6445
f 893/893 804/804 805/805
f 891/891 894/894 866/866
f 3626/3626 3619/3619 3622/3622
f 1836/1836 1837/1837 1850/1850
f 1850/1850 1849/1849 1852/1852
f 806/806 834/834 816/816
f 1850/1850 1837/1837 1849/1849
f 3861/3861 3855/3855 3859/3859
f 893/893 895/895 804/804
f 806/806 833/833 834/834
f 806/806 832/832 833/833
f 832/832 835/835 833/833
f 2907/2907 2908/2908 2918/2918
f 1837/1837 1838/1838 1849/1849
f 896/896 897/897 895/895
f 895/895 897/897 836/836
f 2903/2903 2901/2901 2907/2907
f 836/836 835/835 832/832
f 2906/2906 2908/2908 2907/2907
f 3666/3666 3606/3606 3617/3617
f 6459/6459 6439/6439 6434/6434
f 6439/6439 6459/6459 6450/6450
f 2900/2900 2901/2901 2903/2903
f 2901/2901 2906/2906 2907/2907
f 899/899 898/898 896/896
f 896/896 898/898 897/897
f 3851/3851 3850/3850 3858/3858
f 1840/1840 1841/1841 1838/1838
f 1840/1840 1866/1866 1865/1865
f 5126/5126 5129/5129 5130/5130
f 5130/5130 5129/5129 5146/5146
f 3810/3810 3811/3811 3812/3812
f 5274/5274 5276/5276 5275/5275
f 6946/6946 6945/6945 6944/6944
f 2955/2955 2958/2958 2951/2951
f 6945/6945 6942/6942 6944/6944
f 6942/6942 6941/6941 6939/6939
f 6938/6938 6937/6937 6935/6935
f 6939/6939 6938/6938 6935/6935
f 6941/6941 6940/6940 6939/6939
f 6950/6950 6940/6940 6941/6941
f 6940/6940 6961/6961 6960/6960
f 6940/6940 6960/6960 6938/6938
f 2970/2970 2960/2960 2967/2967
f 1821/1821 1805/1805 1822/1822
f 6232/6232 6228/6228 6231/6231
f 1822/1822 1805/1805 1804/1804
f 4849/4849 4846/4846 4854/4854
f 5313/5313 5315/5315 5302/5302
f 1883/1883 1873/1873 1882/1882
f 1873/1873 1874/1874 1882/1882
f 1882/1882 1874/1874 1887/1887
f 3931/3931 3974/3974 3968/3968
f 1801/1801 1796/1796 1804/1804
f 3975/3975 3932/3932 3981/3981
f 1880/1880 1863/1863 1890/1890
f 1863/1863 1879/1879 1890/1890
f 1890/1890 1879/1879 1891/1891
f 812/812 814/814 815/815
f 848/848 849/849 884/884
f 1879/1879 1878/1878 1891/1891
f 865/865 809/809 813/813
f 848/848 847/847 849/849
f 1796/1796 1801/1801 1800/1800
f 865/865 863/863 809/809
f 5598/5598 5593/5593 5552/5552
f 3648/3648 3669/3669 3654/3654
f 863/863 808/808 809/809
f 6446/6446 6443/6443 6445/6445
f 872/872 846/846 891/891
f 5357/5357 5307/5307 5364/5364
f 6281/6281 6278/6278 6277/6277
f 6281/6281 6283/6283 6278/6278
f 1807/1807 1799/1799 1797/1797
f 1807/1807 1829/1829 1799/1799
f 6443/6443 6442/6442 6444/6444
f 5357/5357 5370/5370 5367/5367
f 5357/5357 5364/5364 5370/5370
f 3619/3619 3621/3621 3622/3622
f 816/816 834/834 837/837
f 1829/1829 1833/1833 1836/1836
f 6442/6442 6450/6450 6444/6444
f 1836/1836 1833/1833 1837/1837
f 6442/6442 6439/6439 6450/6450
f 3620/3620 3608/3608 3619/3619
f 2918/2918 2908/2908 2920/2920
f 5367/5367 5370/5370 5376/5376
f 3859/3859 3855/3855 3851/3851
f 3675/3675 3665/3665 3666/3666
f 5137/5137 5131/5131 5136/5136
f 1833/1833 1838/1838 1837/1837
f 6439/6439 6438/6438 6434/6434
f 5131/5131 5135/5135 5136/5136
f 3851/3851 3848/3848 3850/3850
f 6438/6438 6437/6437 6434/6434
f 2900/2900 2897/2897 2901/2901
f 1833/1833 1839/1839 1838/1838
f 1838/1838 1839/1839 1840/1840
f 5131/5131 5130/5130 5135/5135
f 2900/2900 2898/2898 2897/2897
f 6434/6434 6437/6437 6435/6435
f 5130/5130 5146/5146 5135/5135
f 1840/1840 1839/1839 1866/1866
f 3814/3814 3815/3815 3813/3813
f 3814/3814 3813/3813 3810/3810
f 3813/3813 3811/3811 3810/3810
f 6946/6946 6947/6947 6945/6945
f 6398/6398 6400/6400 6401/6401
f 2957/2957 2952/2952 2958/2958
f 6942/6942 6950/6950 6941/6941
f 6939/6939 6940/6940 6938/6938
f 6940/6940 6965/6965 6961/6961
f 6971/6971 6973/6973 6972/6972
f 4853/4853 4851/4851 4854/4854
f 883/883 848/848 884/884
f 864/864 813/813 861/861
f 861/861 812/812 826/826
f 1887/1887 1880/1880 1890/1890
f 864/864 865/865 813/813
f 812/812 815/815 826/826
f 5529/5529 5598/5598 5552/5552
f 846/846 872/872 845/845
f 874/874 805/805 863/863
f 814/814 807/807 818/818
f 3653/3653 3669/3669 3648/3648
f 816/816 827/827 807/807
f 3637/3637 3649/3649 3653/3653
f 6278/6278 6280/6280 6279/6279
f 3623/3623 3649/3649 3637/3637
f 1807/1807 1828/1828 1829/1829
f 6283/6283 6282/6282 6278/6278
f 6278/6278 6282/6282 6280/6280
f 6442/6442 6443/6443 6441/6441
f 816/816 829/829 827/827
f 816/816 837/837 829/829
f 1828/1828 1833/1833 1829/1829
f 2920/2920 2910/2910 2921/2921
f 6442/6442 6441/6441 6439/6439
f 2908/2908 2910/2910 2920/2920
f 6439/6439 6441/6441 6438/6438
f 2906/2906 2909/2909 2908/2908
f 3666/3666 3609/3609 3606/3606
f 5135/5135 5147/5147 5144/5144
f 5136/5136 5135/5135 5144/5144
f 2901/2901 2897/2897 2902/2902
f 2901/2901 2902/2902 2906/2906
f 2906/2906 2902/2902 2916/2916
f 3814/3814 3819/3819 3815/3815
f 6946/6946 6966/6966 6947/6947
f 6942/6942 6978/6978 6950/6950
f 6940/6940 6980/6980 6965/6965
f 2967/2967 2960/2960 2944/2944
f 1820/1820 1805/1805 1821/1821
f 1916/1916 1883/1883 1888/1888
f 1883/1883 1882/1882 1888/1888
f 1805/1805 1802/1802 1804/1804
f 845/845 847/847 844/844
f 844/844 847/847 848/848
f 1804/1804 1802/1802 1801/1801
f 2449/2449 2446/2446 2443/2443
f 826/826 815/815 840/840
f 840/840 815/815 817/817
f 815/815 814/814 817/817
f 814/814 818/818 817/817
f 1802/1802 1800/1800 1801/1801
f 874/874 863/863 865/865
f 817/817 818/818 819/819
f 819/819 818/818 820/820
f 890/890 891/891 846/846
f 807/807 827/827 818/818
f 818/818 827/827 823/823
f 818/818 823/823 820/820
f 820/820 823/823 828/828
f 5298/5298 5364/5364 5307/5307
f 3860/3860 3852/3852 3861/3861
f 827/827 829/829 823/823
f 3621/3621 3649/3649 3623/3623
f 1827/1827 1828/1828 1807/1807
f 6282/6282 6284/6284 6280/6280
f 6443/6443 6452/6452 6441/6441
f 3861/3861 3852/3852 3855/3855
f 5375/5375 5370/5370 5364/5364
f 2910/2910 2915/2915 2921/2921
f 5370/5370 5381/5381 5376/5376
f 3675/3675 3668/3668 3665/3665
f 3606/3606 3607/3607 3608/3608
f 1914/1914 1839/1839 1833/1833
f 2916/2916 2927/2927 2909/2909
f 6955/6955 6952/6952 6966/6966
f 6966/6966 6952/6952 6947/6947
f 3811/3811 3817/3817 3825/3825
f 3825/3825 3817/3817 3826/3826
f 6942/6942 6945/6945 6978/6978
f 6950/6950 6980/6980 6940/6940
f 2960/2960 2943/2943 2944/2944
f 6971/6971 6974/6974 6973/6973
f 2971/2971 2965/2965 2960/2960
f 1806/1806 1805/1805 1820/1820
f 883/883 855/855 848/848
f 1806/1806 1802/1802 1805/1805
f 1903/1903 1882/1882 1890/1890
f 861/861 826/826 875/875
f 5608/5608 5575/5575 5596/5596
f 5596/5596 5575/5575 5472/5472
f 838/838 839/839 846/846
f 839/839 890/890 846/846
f 819/819 820/820 821/821
f 1802/1802 1803/1803 1800/1800
f 821/821 820/820 828/828
f 3649/3649 3684/3684 3683/3683
f 4524/4524 4522/4522 4523/4523
f 1803/1803 1807/1807 1800/1800
f 1803/1803 1808/1808 1807/1807
f 1808/1808 1827/1827 1807/1807
f 6441/6441 6452/6452 6438/6438
f 2921/2921 2915/2915 2926/2926
f 5138/5138 5136/5136 5141/5141
f 5141/5141 5136/5136 5144/5144
f 3852/3852 3851/3851 3855/3855
f 3608/3608 3611/3611 3614/3614
f 3608/3608 3614/3614 3619/3619
f 5375/5375 5381/5381 5370/5370
f 1828/1828 1912/1912 1911/1911
f 5144/5144 5147/5147 5149/5149
f 1911/1911 1833/1833 1828/1828
f 2908/2908 2909/2909 2910/2910
f 3851/3851 3846/3846 3848/3848
f 3665/3665 3638/3638 3666/3666
f 3666/3666 3638/3638 3609/3609
f 1833/1833 1911/1911 1914/1914
f 2916/2916 2904/2904 2927/2927
f 3850/3850 3820/3820 3819/3819
f 3819/3819 3820/3820 3815/3815
f 6952/6952 6951/6951 6947/6947
f 3815/3815 3816/3816 3813/3813
f 6950/6950 6978/6978 6980/6980
f 6965/6965 6976/6976 6971/6971
f 6971/6971 6976/6976 6974/6974
f 2959/2959 2943/2943 2960/2960
f 2965/2965 2959/2959 2960/2960
f 6974/6974 6975/6975 6973/6973
f 104/104 103/103 102/102
f 104/104 111/111 103/103
f 103/103 100/100 102/102
f 881/881 855/855 883/883
f 1818/1818 1806/1806 1820/1820
f 1903/1903 1888/1888 1882/1882
f 844/844 848/848 855/855
f 1806/1806 1809/1809 1802/1802
f 844/844 838/838 845/845
f 5300/5300 5302/5302 5315/5315
f 825/825 840/840 817/817
f 825/825 819/819 824/824
f 5302/5302 5300/5300 5297/5297
f 819/819 822/822 824/824
f 822/822 839/839 838/838
f 838/838 846/846 845/845
f 5302/5302 5297/5297 5303/5303
f 5529/5529 5494/5494 5485/5485
f 2441/2441 2451/2451 2443/2443
f 822/822 819/819 821/821
f 5303/5303 5297/5297 5307/5307
f 831/831 890/890 839/839
f 3683/3683 3690/3690 3689/3689
f 3863/3863 3854/3854 3866/3866
f 5307/5307 5297/5297 5298/5298
f 1812/1812 1803/1803 1802/1802
f 821/821 828/828 830/830
f 3854/3854 3860/3860 3866/3866
f 6449/6449 6443/6443 6448/6448
f 4523/4523 4522/4522 4508/4508
f 6449/6449 6452/6452 6443/6443
f 5298/5298 5309/5309 5364/5364
f 5148/5148 5141/5141 5144/5144
f 6457/6457 6438/6438 6452/6452
f 4521/4521 4513/4513 4520/4520
f 5364/5364 5309/5309 5375/5375
f 3619/3619 3614/3614 3621/3621
f 5144/5144 5149/5149 5148/5148
f 3852/3852 3846/3846 3851/3851
f 2910/2910 2914/2914 2915/2915
f 1827/1827 1912/1912 1828/1828
f 2910/2910 2911/2911 2914/2914
f 3665/3665 3660/3660 3638/3638
f 2909/2909 2911/2911 2910/2910
f 2909/2909 2912/2912 2911/2911
f 2909/2909 2913/2913 2912/2912
f 3848/3848 3847/3847 3850/3850
f 2897/2897 2904/2904 2902/2902
f 2902/2902 2904/2904 2916/2916
f 3847/3847 3820/3820 3850/3850
f 6955/6955 6953/6953 6952/6952
f 2904/2904 2928/2928 2927/2927
f 3820/3820 3818/3818 3815/3815
f 3815/3815 3818/3818 3816/3816
f 3813/3813 3816/3816 3817/3817
f 6951/6951 6948/6948 6947/6947
f 6947/6947 6948/6948 6945/6945
f 6980/6980 6977/6977 6965/6965
f 6977/6977 6976/6976 6965/6965
f 2941/2941 2942/2942 2943/2943
f 2943/2943 2959/2959 2941/2941
f 104/104 117/117 111/111
f 111/111 107/107 103/103
f 112/112 110/110 111/111
f 110/110 107/107 111/111
f 103/103 107/107 100/100
f 3344/3344 3351/3351 3347/3347
f 3344/3344 3345/3345 3346/3346
f 107/107 101/101 100/100
f 100/100 92/92 99/99
f 3344/3344 3347/3347 3345/3345
f 109/109 108/108 107/107
f 110/110 109/109 107/107
f 107/107 108/108 101/101
f 101/101 92/92 100/100
f 6178/6178 6176/6176 6177/6177
f 6178/6178 6177/6177 6179/6179
f 1908/1908 1888/1888 1907/1907
f 1907/1907 1888/1888 1903/1903
f 5569/5569 5596/5596 5472/5472
f 5315/5315 5305/5305 5300/5300
f 826/826 840/840 873/873
f 873/873 840/840 862/862
f 862/862 840/840 825/825
f 841/841 825/825 824/824
f 1809/1809 1810/1810 1802/1802
f 824/824 822/822 838/838
f 1812/1812 1802/1802 1810/1810
f 822/822 831/831 839/839
f 1812/1812 1813/1813 1803/1803
f 3860/3860 3854/3854 3852/3852
f 3652/3652 3684/3684 3649/3649
f 1803/1803 1813/1813 1832/1832
f 3854/3854 3853/3853 3852/3852
f 1803/1803 1832/1832 1808/1808
f 6449/6449 6457/6457 6452/6452
f 4522/4522 4520/4520 4519/4519
f 3621/3621 3652/3652 3649/3649
f 4990/4990 4980/4980 4989/4989
f 4989/4989 4982/4982 4991/4991
f 4989/4989 4980/4980 4982/4982
f 5375/5375 5309/5309 5381/5381
f 3668/3668 3660/3660 3665/3665
f 6969/6969 6957/6957 6970/6970
f 3846/3846 3847/3847 3848/3848
f 3638/3638 3610/3610 3609/3609
f 6970/6970 6957/6957 6955/6955
f 6957/6957 6953/6953 6955/6955
f 6953/6953 6951/6951 6952/6952
f 6945/6945 6948/6948 6978/6978
f 84/84 85/85 86/86
f 84/84 76/76 85/85
f 76/76 47/47 85/85
f 83/83 76/76 84/84
f 83/83 82/82 76/76
f 83/83 87/87 82/82
f 3351/3351 3350/3350 3347/3347
f 92/92 87/87 83/83
f 113/113 110/110 112/112
f 113/113 115/115 110/110
f 3350/3350 3349/3349 3347/3347
f 3347/3347 3348/3348 3345/3345
f 115/115 109/109 110/110
f 87/87 93/93 94/94
f 3349/3349 3348/3348 3347/3347
f 87/87 92/92 93/93
f 6183/6183 6182/6182 6186/6186
f 109/109 115/115 116/116
f 6184/6184 6176/6176 6188/6188
f 6188/6188 6176/6176 6178/6178
f 6176/6176 6175/6175 6177/6177
f 6179/6179 6177/6177 6180/6180
f 6184/6184 6134/6134 6176/6176
f 6175/6175 6181/6181 6177/6177
f 1830/1830 1818/1818 1820/1820
f 1901/1901 1820/1820 1902/1902
f 855/855 881/881 878/878
f 1909/1909 1908/1908 1907/1907
f 843/843 844/844 855/855
f 842/842 838/838 843/843
f 843/843 838/838 844/844
f 842/842 824/824 838/838
f 1811/1811 1810/1810 1809/1809
f 2441/2441 2445/2445 2450/2450
f 1813/1813 1812/1812 1811/1811
f 3871/3871 3862/3862 3863/3863
f 6448/6448 6453/6453 6449/6449
f 3863/3863 3862/3862 3854/3854
f 4522/4522 4504/4504 4508/4508
f 6454/6454 6457/6457 6449/6449
f 4522/4522 4519/4519 4504/4504
f 3614/3614 3652/3652 3621/3621
f 3852/3852 3853/3853 3846/3846
f 1832/1832 1920/1920 1808/1808
f 1808/1808 1920/1920 1827/1827
f 6010/6010 6045/6045 6047/6047
f 4518/4518 4516/4516 4517/4517
f 3693/3693 3672/3672 3668/3668
f 3668/3668 3661/3661 3660/3660
f 3638/3638 3660/3660 3625/3625
f 3847/3847 3832/3832 3820/3820
f 2904/2904 2929/2929 2928/2928
f 3818/3818 3821/3821 3816/3816
f 3816/3816 3821/3821 3817/3817
f 6948/6948 6959/6959 6978/6978
f 6978/6978 6959/6959 6979/6979
f 6978/6978 6979/6979 6980/6980
f 6980/6980 6981/6981 6977/6977
f 6254/6254 6253/6253 6258/6258
f 5026/5026 5027/5027 5030/5030
f 6251/6251 6252/6252 6253/6253
f 6251/6251 6255/6255 6252/6252
f 6263/6263 6262/6262 6261/6261
f 6261/6261 6262/6262 6255/6255
f 81/81 74/74 55/55
f 74/74 51/51 55/55
f 50/50 51/51 74/74
f 90/90 45/45 50/50
f 90/90 50/50 74/74
f 96/96 97/97 95/95
f 97/97 45/45 95/95
f 96/96 44/44 97/97
f 402/402 405/405 406/406
f 98/98 44/44 96/96
f 402/402 403/403 405/405
f 105/105 48/48 98/98
f 98/98 48/48 44/44
f 86/86 48/48 105/105
f 86/86 46/46 48/48
f 85/85 47/47 46/46
f 85/85 46/46 86/86
f 394/394 398/398 401/401
f 76/76 57/57 47/47
f 76/76 82/82 57/57
f 4631/4631 4622/4622 4628/4628
f 57/57 39/39 47/47
f 6177/6177 6181/6181 6180/6180
f 6183/6183 6180/6180 6182/6182
f 6180/6180 6181/6181 6182/6182
f 1830/1830 1820/1820 1881/1881
f 1881/1881 1820/1820 1901/1901
f 1818/1818 1830/1830 1816/1816
f 6134/6134 6175/6175 6176/6176
f 6134/6134 6131/6131 6175/6175
f 3365/3365 3367/3367 3366/3366
f 1816/1816 1806/1806 1818/1818
f 2422/2422 2366/2366 2400/2400
f 2038/2038 2034/2034 2036/2036
f 871/871 862/862 870/870
f 2036/2036 2032/2032 2037/2037
f 870/870 862/862 841/841
f 2034/2034 2033/2033 2032/2032
f 2034/2034 2032/2032 2036/2036
f 2032/2032 2035/2035 2037/2037
f 5300/5300 5296/5296 5297/5297
f 1811/1811 1819/1819 1813/1813
f 5296/5296 5295/5295 5297/5297
f 6463/6463 6461/6461 6460/6460
f 6460/6460 6461/6461 6462/6462
f 3871/3871 3870/3870 3862/3862
f 5297/5297 5294/5294 5298/5298
f 5587/5587 5586/5586 5588/5588
f 3862/3862 3857/3857 3854/3854
f 6386/6386 6387/6387 6388/6388
f 6455/6455 6456/6456 6454/6454
f 6455/6455 6454/6454 6453/6453
f 6453/6453 6454/6454 6449/6449
f 5298/5298 5294/5294 5309/5309
f 5309/5309 5294/5294 5308/5308
f 3614/3614 3655/3655 3652/3652
f 5309/5309 5308/5308 5311/5311
f 4980/4980 4981/4981 4982/4982
f 4516/4516 4513/4513 4517/4517
f 3668/3668 3672/3672 3661/3661
f 3846/3846 3849/3849 3847/3847
f 3660/3660 3661/3661 3625/3625
f 6968/6968 6967/6967 6957/6957
f 6969/6969 6968/6968 6957/6957
f 3638/3638 3625/3625 3610/3610
f 3847/3847 3849/3849 3832/3832
f 3832/3832 3824/3824 3820/3820
f 2929/2929 2930/2930 2928/2928
f 2930/2930 2931/2931 2928/2928
f 3820/3820 3824/3824 3818/3818
f 6951/6951 6953/6953 6954/6954
f 3817/3817 3827/3827 3826/3826
f 6053/6053 6023/6023 6042/6042
f 6951/6951 6958/6958 6948/6948
f 6979/6979 6981/6981 6980/6980
f 4171/4171 4161/4161 4170/4170
f 4170/4170 4161/4161 4168/4168
f 6263/6263 6265/6265 6264/6264
f 5027/5027 5028/5028 5030/5030
f 6263/6263 6264/6264 6262/6262
f 5027/5027 5013/5013 5028/5028
f 5026/5026 5014/5014 5027/5027
f 5027/5027 5014/5014 5013/5013
f 5029/5029 5017/5017 5026/5026
f 5026/5026 5017/5017 5014/5014
f 409/409 411/411 410/410
f 413/413 410/410 414/414
f 91/91 56/56 63/63
f 55/55 54/54 56/56
f 56/56 54/54 58/58
f 56/56 58/58 60/60
f 56/56 60/60 63/63
f 334/334 404/404 409/409
f 409/409 404/404 412/412
f 51/51 54/54 55/55
f 334/334 402/402 404/404
f 50/50 42/42 51/51
f 52/52 54/54 51/51
f 60/60 64/64 63/63
f 63/63 64/64 77/77
f 42/42 52/52 51/51
f 54/54 59/59 58/58
f 50/50 45/45 42/42
f 65/65 59/59 54/54
f 59/59 70/70 60/60
f 58/58 59/59 60/60
f 60/60 70/70 64/64
f 97/97 44/44 45/45
f 54/54 52/52 65/65
f 59/59 67/67 70/70
f 70/70 67/67 64/64
f 333/333 401/401 402/402
f 44/44 42/42 45/45
f 48/48 46/46 43/43
f 48/48 43/43 44/44
f 44/44 43/43 42/42
f 52/52 66/66 65/65
f 65/65 66/66 59/59
f 66/66 67/67 59/59
f 333/333 394/394 401/401
f 46/46 47/47 40/40
f 46/46 40/40 43/43
f 43/43 40/40 42/42
f 47/47 39/39 40/40
f 72/72 36/36 39/39
f 3356/3356 3355/3355 3358/3358
f 39/39 38/38 40/40
f 36/36 37/37 38/38
f 36/36 38/38 39/39
f 3356/3356 3352/3352 3355/3355
f 3352/3352 3354/3354 3355/3355
f 36/36 106/106 37/37
f 1881/1881 1901/1901 1900/1900
f 1901/1901 1904/1904 1909/1909
f 876/876 855/855 878/878
f 106/106 80/80 37/37
f 3352/3352 3369/3369 3360/3360
f 3352/3352 3360/3360 3359/3359
f 857/857 843/843 855/855
f 858/858 843/843 857/857
f 858/858 842/842 843/843
f 2366/2366 2365/2365 2364/2364
f 1816/1816 1815/1815 1806/1806
f 2366/2366 2364/2364 2400/2400
f 1815/1815 1814/1814 1806/1806
f 6646/6646 6609/6609 6608/6608
f 1806/1806 1814/1814 1809/1809
f 5305/5305 5304/5304 5300/5300
f 2364/2364 2415/2415 2400/2400
f 6608/6608 6605/6605 6606/6606
f 6609/6609 6605/6605 6608/6608
f 2032/2032 2031/2031 2035/2035
f 2035/2035 2031/2031 2040/2040
f 1809/1809 1814/1814 1811/1811
f 6605/6605 6601/6601 6606/6606
f 6601/6601 6607/6607 6606/6606
f 2364/2364 2413/2413 2415/2415
f 6605/6605 6600/6600 6601/6601
f 2033/2033 2027/2027 2032/2032
f 6600/6600 6598/6598 6599/6599
f 6600/6600 6599/6599 6601/6601
f 5297/5297 5295/5295 5294/5294
f 3854/3854 3857/3857 3853/3853
f 4515/4515 4503/4503 4504/4504
f 4519/4519 4515/4515 4504/4504
f 4519/4519 4513/4513 4515/4515
f 4513/4513 4514/4514 4515/4515
f 3610/3610 3612/3612 3611/3611
f 2911/2911 2917/2917 2914/2914
f 3625/3625 3615/3615 3610/3610
f 2911/2911 2912/2912 2919/2919
f 6957/6957 6967/6967 6956/6956
f 6957/6957 6956/6956 6953/6953
f 2913/2913 2919/2919 2912/2912
f 2913/2913 2922/2922 2919/2919
f 3818/3818 3823/3823 3821/3821
f 6953/6953 6956/6956 6954/6954
f 4063/4063 4067/4067 4068/4068
f 2949/2949 2904/2904 2905/2905
f 6958/6958 6959/6959 6948/6948
f 2954/2954 2953/2953 2947/2947
f 6265/6265 6266/6266 6264/6264
f 5022/5022 5021/5021 5020/5020
f 4164/4164 4161/4161 4166/4166
f 5020/5020 5018/5018 5029/5029
f 5018/5018 5017/5017 5029/5029
f 5014/5014 5015/5015 5012/5012
f 5018/5018 5016/5016 5017/5017
f 5016/5016 5015/5015 5014/5014
f 5017/5017 5016/5016 5014/5014
f 342/342 409/409 410/410
f 342/342 410/410 370/370
f 652/652 673/673 658/658
f 658/658 672/672 651/651
f 651/651 672/672 671/671
f 334/334 409/409 339/339
f 63/63 77/77 114/114
f 333/333 402/402 332/332
f 64/64 69/69 77/77
f 333/333 347/347 394/394
f 67/67 69/69 64/64
f 52/52 53/53 66/66
f 66/66 53/53 67/67
f 68/68 69/69 67/67
f 42/42 49/49 52/52
f 52/52 49/49 53/53
f 67/67 53/53 68/68
f 41/41 49/49 42/42
f 630/630 622/622 629/629
f 40/40 41/41 42/42
f 3361/3361 3356/3356 3358/3358
f 2424/2424 2394/2394 2420/2420
f 3358/3358 3355/3355 3357/3357
f 629/629 622/622 625/625
f 3355/3355 3354/3354 3357/3357
f 40/40 38/38 41/41
f 3354/3354 3362/3362 3357/3357
f 3356/3356 3369/3369 3352/3352
f 2420/2420 2394/2394 2367/2367
f 860/860 855/855 876/876
f 3359/3359 3353/3353 3352/3352
f 3352/3352 3353/3353 3354/3354
f 3354/3354 3353/3353 3362/3362
f 37/37 71/71 38/38
f 860/860 857/857 855/855
f 625/625 634/634 636/636
f 6181/6181 6175/6175 6174/6174
f 2366/2366 2367/2367 2365/2365
f 3353/3353 3364/3364 3362/3362
f 5458/5458 5432/5432 5431/5431
f 6131/6131 6174/6174 6175/6175
f 3743/3743 3745/3745 3797/3797
f 6624/6624 6646/6646 6612/6612
f 859/859 842/842 858/858
f 6707/6707 6646/6646 6624/6624
f 6646/6646 6608/6608 6612/6612
f 6612/6612 6608/6608 6611/6611
f 6611/6611 6608/6608 6610/6610
f 2364/2364 2365/2365 2363/2363
f 2453/2453 2436/2436 2448/2448
f 6610/6610 6606/6606 6616/6616
f 6606/6606 6619/6619 6616/6616
f 2364/2364 2363/2363 2362/2362
f 2437/2437 2445/2445 2441/2441
f 6606/6606 6607/6607 6619/6619
f 2364/2364 2362/2362 2413/2413
f 1814/1814 1819/1819 1811/1811
f 2027/2027 2026/2026 2032/2032
f 2026/2026 2029/2029 2031/2031
f 2032/2032 2026/2026 2031/2031
f 6601/6601 6599/6599 6622/6622
f 6601/6601 6622/6622 6607/6607
f 1819/1819 1835/1835 1813/1813
f 2026/2026 2028/2028 2029/2029
f 6463/6463 6464/6464 6461/6461
f 6599/6599 6596/6596 6622/6622
f 1835/1835 1921/1921 1813/1813
f 3867/3867 3857/3857 3862/3862
f 3870/3870 3867/3867 3862/3862
f 6599/6599 6598/6598 6596/6596
f 1921/1921 1832/1832 1813/1813
f 6598/6598 6597/6597 6596/6596
f 6604/6604 6603/6603 6602/6602
f 6005/6005 6004/6004 6009/6009
f 6009/6009 6004/6004 6010/6010
f 3853/3853 3849/3849 3846/3846
f 6010/6010 6011/6011 6045/6045
f 6011/6011 6014/6014 6045/6045
f 2911/2911 2919/2919 2917/2917
f 3625/3625 3624/3624 3615/3615
f 3849/3849 3835/3835 3832/3832
f 3824/3824 3823/3823 3818/3818
f 2904/2904 2933/2933 2929/2929
f 2929/2929 2932/2932 2930/2930
f 6038/6038 6037/6037 6039/6039
f 4158/4158 4162/4162 4161/4161
f 4159/4159 4158/4158 4161/4161
f 4161/4161 4162/4162 4168/4168
f 5021/5021 5023/5023 5019/5019
f 5021/5021 5019/5019 5020/5020
f 5020/5020 5019/5019 5018/5018
f 5019/5019 5016/5016 5018/5018
f 385/385 390/390 407/407
f 369/369 391/391 360/360
f 6169/6169 6170/6170 6139/6139
f 68/68 79/79 69/69
f 2424/2424 2393/2393 2394/2394
f 6149/6149 6147/6147 6168/6168
f 41/41 61/61 62/62
f 41/41 62/62 49/49
f 41/41 38/38 61/61
f 6156/6156 6152/6152 6167/6167
f 2394/2394 2395/2395 2396/2396
f 2394/2394 2396/2396 2367/2367
f 38/38 73/73 61/61
f 38/38 71/71 73/73
f 1830/1830 1817/1817 1816/1816
f 869/869 858/858 857/857
f 89/89 75/75 80/80
f 80/80 75/75 37/37
f 37/37 75/75 71/71
f 2367/2367 2396/2396 2365/2365
f 6134/6134 6118/6118 6131/6131
f 3785/3785 3743/3743 3797/3797
f 6624/6624 6612/6612 6617/6617
f 6131/6131 6125/6125 6174/6174
f 3785/3785 3750/3750 3743/3743
f 6611/6611 6610/6610 6623/6623
f 6094/6094 6091/6091 6093/6093
f 6610/6610 6616/6616 6623/6623
f 1817/1817 1815/1815 1816/1816
f 2453/2453 2452/2452 2436/2436
f 2365/2365 2414/2414 2363/2363
f 6091/6091 6092/6092 6093/6093
f 5304/5304 5301/5301 5300/5300
f 5301/5301 5299/5299 5300/5300
f 6619/6619 6660/6660 6616/6616
f 5300/5300 5299/5299 5296/5296
f 2363/2363 2361/2361 2362/2362
f 6607/6607 6684/6684 6619/6619
f 2413/2413 2362/2362 2419/2419
f 2027/2027 2024/2024 2026/2026
f 6622/6622 6746/6746 6607/6607
f 6607/6607 6746/6746 6684/6684
f 5295/5295 5293/5293 5294/5294
f 6597/6597 6594/6594 6596/6596
f 6597/6597 6602/6602 6594/6594
f 4503/4503 4515/4515 4505/4505
f 5294/5294 5288/5288 5308/5308
f 6602/6602 6603/6603 6594/6594
f 4514/4514 4525/4525 4515/4515
f 5308/5308 5310/5310 5311/5311
f 6649/6649 6648/6648 6604/6604
f 5311/5311 5310/5310 5312/5312
f 6010/6010 6004/6004 6011/6011
f 2919/2919 2923/2923 2917/2917
f 4981/4981 4983/4983 4982/4982
f 6016/6016 6017/6017 6020/6020
f 3832/3832 3835/3835 3830/3830
f 3832/3832 3830/3830 3824/3824
f 3823/3823 3828/3828 3821/3821
f 3821/3821 3828/3828 3822/3822
f 2933/2933 2932/2932 2929/2929
f 6043/6043 6041/6041 6042/6042
f 6042/6042 6041/6041 6040/6040
f 6038/6038 6035/6035 6037/6037
f 4163/4163 4160/4160 4159/4159
f 4159/4159 4160/4160 4157/4157
f 5025/5025 5023/5023 5024/5024
f 4157/4157 4158/4158 4159/4159
f 4158/4158 4167/4167 4162/4162
f 1303/1303 1301/1301 1302/1302
f 1302/1302 1301/1301 1288/1288
f 5024/5024 5023/5023 5022/5022
f 5022/5022 5023/5023 5021/5021
f 370/370 413/413 349/349
f 407/407 415/415 386/386
f 390/390 413/413 407/407
f 6169/6169 6140/6140 6170/6170
f 6170/6170 6140/6140 6139/6139
f 6168/6168 6143/6143 6169/6169
f 6169/6169 6143/6143 6140/6140
f 2393/2393 2391/2391 2394/2394
f 6168/6168 6147/6147 6143/6143
f 6147/6147 6146/6146 6143/6143
f 622/622 614/614 625/625
f 6167/6167 6151/6151 6149/6149
f 1870/1870 1830/1830 1881/1881
f 6167/6167 6152/6152 6151/6151
f 1831/1831 1830/1830 1870/1870
f 1831/1831 1817/1817 1830/1830
f 6155/6155 6152/6152 6156/6156
f 6157/6157 6155/6155 6156/6156
f 1831/1831 1867/1867 1817/1817
f 6158/6158 6155/6155 6157/6157
f 6617/6617 6612/6612 6614/6614
f 1867/1867 1869/1869 1817/1817
f 625/625 616/616 634/634
f 6159/6159 6158/6158 6157/6157
f 3785/3785 3797/3797 3798/3798
f 1869/1869 1868/1868 1817/1817
f 6131/6131 6118/6118 6116/6116
f 75/75 78/78 71/71
f 6623/6623 6616/6616 6737/6737
f 1817/1817 1868/1868 1858/1858
f 869/869 859/859 858/858
f 869/869 882/882 859/859
f 6131/6131 6116/6116 6125/6125
f 6174/6174 6135/6135 6161/6161
f 75/75 88/88 78/78
f 6674/6674 6677/6677 6754/6754
f 1858/1858 1815/1815 1817/1817
f 6125/6125 6135/6135 6174/6174
f 6677/6677 6744/6744 6754/6754
f 2436/2436 2452/2452 2433/2433
f 6662/6662 6661/6661 6660/6660
f 6677/6677 6671/6671 6744/6744
f 6660/6660 6663/6663 6662/6662
f 1858/1858 1826/1826 1815/1815
f 1815/1815 1826/1826 1814/1814
f 2414/2414 2361/2361 2363/2363
f 1858/1858 1875/1875 1826/1826
f 1826/1826 1819/1819 1814/1814
f 6660/6660 6745/6745 6663/6663
f 5296/5296 5289/5289 5295/5295
f 6745/6745 6708/6708 6663/6663
f 6745/6745 6638/6638 6708/6708
f 2024/2024 2025/2025 2026/2026
f 2026/2026 2025/2025 2028/2028
f 6054/6054 5998/5998 6005/6005
f 3867/3867 3868/3868 3857/3857
f 6654/6654 6742/6742 6545/6545
f 6657/6657 6742/6742 6654/6654
f 6742/6742 6549/6549 6545/6545
f 6596/6596 6594/6594 6595/6595
f 6596/6596 6595/6595 6620/6620
f 4515/4515 4525/4525 4505/4505
f 6765/6765 6767/6767 6769/6769
f 6705/6705 6548/6548 6742/6742
f 3853/3853 3840/3840 3849/3849
f 6742/6742 6548/6548 6549/6549
f 6765/6765 6766/6766 6767/6767
f 6604/6604 6648/6648 6603/6603
f 6649/6649 6650/6650 6648/6648
f 3849/3849 3840/3840 3835/3835
f 3673/3673 3664/3664 3672/3672
f 3615/3615 3618/3618 3612/3612
f 4526/4526 4525/4525 4516/4516
f 3672/3672 3664/3664 3661/3661
f 3661/3661 3664/3664 3656/3656
f 3624/3624 3618/3618 3615/3615
f 4981/4981 4984/4984 4983/4983
f 4518/4518 4526/4526 4516/4516
f 3661/3661 3656/3656 3625/3625
f 3625/3625 3656/3656 3650/3650
f 3625/3625 3650/3650 3624/3624
f 6014/6014 6015/6015 6016/6016
f 6016/6016 6015/6015 6017/6017
f 6017/6017 6021/6021 6020/6020
f 2925/2925 2924/2924 2919/2919
f 2922/2922 2925/2925 2919/2919
f 3828/3828 3829/3829 3822/3822
f 6021/6021 6022/6022 6020/6020
f 6020/6020 6022/6022 6023/6023
f 2932/2932 2934/2934 2930/2930
f 6022/6022 6043/6043 6023/6023
f 6023/6023 6043/6043 6042/6042
f 6041/6041 6035/6035 6040/6040
f 6040/6040 6035/6035 6038/6038
f 6035/6035 6036/6036 6037/6037
f 1288/1288 1289/1289 1290/1290
f 1301/1301 1289/1289 1288/1288
f 6037/6037 6036/6036 6044/6044
f 4158/4158 4157/4157 4167/4167
f 4157/4157 4172/4172 4167/4167
f 6049/6049 6048/6048 6050/6050
f 385/385 407/407 386/386
f 3370/3370 3361/3361 3358/3358
f 3370/3370 3358/3358 3371/3371
f 3370/3370 3386/3386 3361/3361
f 6140/6140 6137/6137 6139/6139
f 6137/6137 6138/6138 6139/6139
f 6139/6139 6138/6138 6141/6141
f 6143/6143 6142/6142 6140/6140
f 879/879 868/868 876/876
f 868/868 860/860 876/876
f 6149/6149 6148/6148 6147/6147
f 6148/6148 6146/6146 6147/6147
f 868/868 857/857 860/860
f 6150/6150 6148/6148 6149/6149
f 6151/6151 6150/6150 6149/6149
f 1871/1871 1831/1831 1870/1870
f 6152/6152 6153/6153 6150/6150
f 6152/6152 6150/6150 6151/6151
f 1871/1871 1867/1867 1831/1831
f 6613/6613 6623/6623 6683/6683
f 6618/6618 6617/6617 6614/6614
f 6614/6614 6612/6612 6613/6613
f 6612/6612 6611/6611 6613/6613
f 6613/6613 6611/6611 6623/6623
f 6710/6710 6754/6754 6713/6713
f 6628/6628 6617/6617 6618/6618
f 6710/6710 6674/6674 6754/6754
f 3474/3474 3476/3476 3477/3477
f 2460/2460 2458/2458 2461/2461
f 6159/6159 6160/6160 6158/6158
f 2454/2454 2455/2455 2452/2452
f 6161/6161 6160/6160 6159/6159
f 6664/6664 6677/6677 6674/6674
f 6125/6125 6126/6126 6135/6135
f 6662/6662 6663/6663 6664/6664
f 6664/6664 6665/6665 6677/6677
f 6677/6677 6665/6665 6667/6667
f 6667/6667 6671/6671 6677/6677
f 6664/6664 6663/6663 6665/6665
f 6671/6671 6667/6667 6670/6670
f 6665/6665 6663/6663 6666/6666
f 6665/6665 6666/6666 6667/6667
f 5299/5299 5289/5289 5296/5296
f 2440/2440 2471/2471 2445/2445
f 1875/1875 1893/1893 1834/1834
f 1875/1875 1834/1834 1826/1826
f 1826/1826 1834/1834 1819/1819
f 1819/1819 1834/1834 1835/1835
f 5295/5295 5289/5289 5287/5287
f 2361/2361 2360/2360 2362/2362
f 5295/5295 5287/5287 5293/5293
f 2362/2362 2360/2360 2419/2419
f 3909/3909 3908/3908 3906/3906
f 6655/6655 6654/6654 6652/6652
f 6652/6652 6654/6654 6545/6545
f 6745/6745 6631/6631 6638/6638
f 6655/6655 6657/6657 6654/6654
f 6622/6622 6620/6620 6746/6746
f 6684/6684 6626/6626 6631/6631
f 6622/6622 6596/6596 6620/6620
f 6746/6746 6620/6620 6625/6625
f 6746/6746 6625/6625 6684/6684
f 6684/6684 6625/6625 6626/6626
f 3868/3868 3864/3864 3857/3857
f 6658/6658 6657/6657 6655/6655
f 6549/6549 6542/6542 6545/6545
f 5293/5293 5288/5288 5294/5294
f 3853/3853 3857/3857 3856/3856
f 6658/6658 6755/6755 6657/6657
f 3853/3853 3856/3856 3840/3840
f 5288/5288 5310/5310 5308/5308
f 6768/6768 6766/6766 6765/6765
f 6549/6549 6541/6541 6542/6542
f 3691/3691 3688/3688 3673/3673
f 6603/6603 6743/6743 6594/6594
f 6755/6755 6704/6704 6702/6702
f 6004/6004 6012/6012 6011/6011
f 6549/6549 6548/6548 6541/6541
f 6702/6702 6685/6685 6705/6705
f 6705/6705 6685/6685 6548/6548
f 5856/5856 5857/5857 5854/5854
f 6011/6011 6013/6013 6014/6014
f 6704/6704 6687/6687 6702/6702
f 6702/6702 6687/6687 6685/6685
f 6014/6014 6013/6013 6015/6015
f 3824/3824 3830/3830 3823/3823
f 4061/4061 4062/4062 4063/4063
f 6041/6041 6031/6031 6035/6035
f 6035/6035 6033/6033 6036/6036
f 4176/4176 4175/4175 4165/4165
f 4165/4165 4175/4175 4169/4169
f 4165/4165 4169/4169 4160/4160
f 4169/4169 4157/4157 4160/4160
f 1268/1268 1287/1287 1303/1303
f 4172/4172 4173/4173 4167/4167
f 385/385 383/383 390/390
f 3374/3374 3371/3371 3375/3375
f 6142/6142 6137/6137 6140/6140
f 1885/1885 1870/1870 1881/1881
f 6146/6146 6142/6142 6143/6143
f 2460/2460 2461/2461 2463/2463
f 6614/6614 6613/6613 6615/6615
f 6154/6154 6153/6153 6152/6152
f 6155/6155 6154/6154 6152/6152
f 3795/3795 3785/3785 3803/3803
f 614/614 616/616 625/625
f 3794/3794 3781/3781 3795/3795
f 2460/2460 2459/2459 2458/2458
f 6672/6672 6674/6674 6675/6675
f 6675/6675 6674/6674 6710/6710
f 3474/3474 3478/3478 3475/3475
f 6118/6118 6117/6117 6116/6116
f 3480/3480 3478/3478 3474/3474
f 6678/6678 6661/6661 6662/6662
f 6672/6672 6664/6664 6674/6674
f 6116/6116 6114/6114 6125/6125
f 6125/6125 6114/6114 6126/6126
f 6135/6135 6126/6126 6172/6172
f 6161/6161 6165/6165 6162/6162
f 6161/6161 6162/6162 6160/6160
f 6708/6708 6669/6669 6666/6666
f 6669/6669 6668/6668 6666/6666
f 6666/6666 6668/6668 6667/6667
f 6667/6667 6668/6668 6670/6670
f 1893/1893 1917/1917 1834/1834
f 6656/6656 6655/6655 6652/6652
f 6653/6653 6652/6652 6551/6551
f 1835/1835 1834/1834 1918/1918
f 6770/6770 6771/6771 6772/6772
f 2361/2361 2351/2351 2360/2360
f 6652/6652 6545/6545 6551/6551
f 6551/6551 6545/6545 6546/6546
f 6656/6656 6658/6658 6655/6655
f 6638/6638 6634/6634 6637/6637
f 6638/6638 6631/6631 6634/6634
f 2024/2024 2023/2023 2025/2025
f 3845/3845 3864/3864 3868/3868
f 3857/3857 3864/3864 3856/3856
f 6625/6625 6621/6621 6626/6626
f 6727/6727 6738/6738 6658/6658
f 6781/6781 6782/6782 6783/6783
f 6542/6542 6541/6541 6539/6539
f 6594/6594 6743/6743 6568/6568
f 3688/3688 3674/3674 3673/3673
f 1/1 2/2 3/3
f 5851/5851 5850/5850 5855/5855
f 6738/6738 6704/6704 6755/6755
f 3673/3673 3674/3674 3664/3664
f 5854/5854 5852/5852 5853/5853
f 6541/6541 6548/6548 6540/6540
f 3656/3656 3664/3664 3650/3650
f 3650/3650 3651/3651 3624/3624
f 6738/6738 6699/6699 6704/6704
f 2924/2924 2935/2935 2923/2923
f 3835/3835 3834/3834 3830/3830
f 6685/6685 6550/6550 6548/6548
f 6548/6548 6550/6550 6540/6540
f 6015/6015 6018/6018 6017/6017
f 6687/6687 6686/6686 6685/6685
f 6685/6685 6686/6686 6550/6550
f 2925/2925 2936/2936 2924/2924
f 6687/6687 6704/6704 6688/6688
f 6688/6688 6686/6686 6687/6687
f 4061/4061 4064/4064 4062/4062
f 6021/6021 6024/6024 6022/6022
f 4063/4063 4062/4062 4067/4067
f 2933/2933 2939/2939 2932/2932
f 1292/1292 1294/1294 1293/1293
f 1253/1253 1263/1263 1289/1289
f 1271/1271 1265/1265 1270/1270
f 4169/4169 4172/4172 4157/4157
f 4169/4169 4174/4174 4172/4172
f 342/342 348/348 340/340
f 369/369 317/317 400/400
f 2418/2418 2388/2388 2393/2393
f 2393/2393 2388/2388 2391/2391
f 6137/6137 6144/6144 6138/6138
f 6138/6138 6144/6144 6145/6145
f 5621/5621 5595/5595 5558/5558
f 6142/6142 6185/6185 6137/6137
f 1885/1885 1871/1871 1870/1870
f 6146/6146 6185/6185 6142/6142
f 6630/6630 6613/6613 6683/6683
f 6712/6712 6713/6713 6714/6714
f 6712/6712 6710/6710 6713/6713
f 3477/3477 3479/3479 3483/3483
f 3476/3476 3479/3479 3477/3477
f 6673/6673 6672/6672 6675/6675
f 3474/3474 3475/3475 3476/3476
f 3793/3793 3781/3781 3794/3794
f 6676/6676 6662/6662 6673/6673
f 6673/6673 6662/6662 6672/6672
f 3480/3480 3481/3481 3478/3478
f 2452/2452 2455/2455 2433/2433
f 5306/5306 5285/5285 5301/5301
f 5301/5301 5282/5282 5299/5299
f 6741/6741 6656/6656 6659/6659
f 6659/6659 6652/6652 6653/6653
f 6656/6656 6652/6652 6659/6659
f 6773/6773 6775/6775 6776/6776
f 1917/1917 1918/1918 1834/1834
f 2471/2471 2491/2491 2492/2492
f 6772/6772 6771/6771 6773/6773
f 1917/1917 1919/1919 1918/1918
f 6726/6726 6658/6658 6656/6656
f 5998/5998 5996/5996 6005/6005
f 6546/6546 6545/6545 6544/6544
f 2039/2039 2030/2030 2024/2024
f 2030/2030 2022/2022 2024/2024
f 2024/2024 2022/2022 2023/2023
f 2022/2022 2021/2021 2023/2023
f 6545/6545 6542/6542 6544/6544
f 6542/6542 6543/6543 6544/6544
f 6005/6005 5996/5996 6004/6004
f 6625/6625 6620/6620 6621/6621
f 4525/4525 4501/4501 4505/4505
f 3856/3856 3839/3839 3840/3840
f 6542/6542 6539/6539 6543/6543
f 6594/6594 6583/6583 6595/6595
f 6594/6594 6568/6568 6583/6583
f 3840/3840 3836/3836 3835/3835
f 6541/6541 6540/6540 6539/6539
f 6584/6584 6743/6743 6749/6749
f 4526/4526 4527/4527 4525/4525
f 5854/5854 5857/5857 5852/5852
f 4984/4984 4986/4986 4985/4985
f 4984/4984 4985/4985 4983/4983
f 6552/6552 6562/6562 6563/6563
f 2924/2924 2936/2936 2935/2935
f 6699/6699 6688/6688 6704/6704
f 6550/6550 6538/6538 6540/6540
f 3830/3830 3831/3831 3823/3823
f 1373/1373 1349/1349 1365/1365
f 6686/6686 6709/6709 6550/6550
f 6017/6017 6025/6025 6021/6021
f 6592/6592 6571/6571 6582/6582
f 6021/6021 6025/6025 6024/6024
f 6031/6031 6027/6027 6030/6030
f 6031/6031 6030/6030 6032/6032
f 6031/6031 6032/6032 6033/6033
f 6033/6033 6032/6032 6034/6034
f 1271/1271 1275/1275 1265/1265
f 1181/1181 1263/1263 1253/1253
f 1270/1270 1265/1265 1266/1266
f 4174/4174 4173/4173 4172/4172
f 1268/1268 1286/1286 1287/1287
f 2388/2388 2389/2389 2391/2391
f 6138/6138 6173/6173 6166/6166
f 1892/1892 1886/1886 1885/1885
f 5558/5558 5595/5595 5556/5556
f 6145/6145 6173/6173 6138/6138
f 622/622 615/615 614/614
f 6137/6137 6185/6185 6187/6187
f 6629/6629 6613/6613 6630/6630
f 6711/6711 6710/6710 6712/6712
f 6711/6711 6675/6675 6710/6710
f 3476/3476 3484/3484 3479/3479
f 3478/3478 3485/3485 3475/3475
f 3786/3786 3787/3787 3755/3755
f 3786/3786 3755/3755 3784/3784
f 3784/3784 3755/3755 3781/3781
f 616/616 633/633 634/634
f 6117/6117 6112/6112 6116/6116
f 6116/6116 6112/6112 6114/6114
f 6162/6162 6163/6163 6160/6160
f 6114/6114 6130/6130 6126/6126
f 6126/6126 6130/6130 6132/6132
f 6165/6165 6171/6171 6164/6164
f 6165/6165 6164/6164 6162/6162
f 3788/3788 3796/3796 3783/3783
f 5301/5301 5285/5285 5282/5282
f 2187/2187 2191/2191 2185/2185
f 2191/2191 2194/2194 2185/2185
f 5299/5299 5282/5282 5289/5289
f 2472/2472 2479/2479 2471/2471
f 2471/2471 2479/2479 2491/2491
f 6736/6736 6726/6726 6656/6656
f 6546/6546 6544/6544 6551/6551
f 6771/6771 6774/6774 6773/6773
f 4779/4779 4777/4777 4776/4776
f 6773/6773 6774/6774 6775/6775
f 5998/5998 5997/5997 5996/5996
f 4777/4777 4780/4780 4778/4778
f 4776/4776 4777/4777 4778/4778
f 2351/2351 2350/2350 2360/2360
f 5286/5286 5288/5288 5287/5287
f 6634/6634 6635/6635 6637/6637
f 3907/3907 3903/3903 3905/3905
f 2030/2030 2020/2020 2022/2022
f 6465/6465 6469/6469 6466/6466
f 6727/6727 6658/6658 6726/6726
f 3845/3845 3842/3842 3864/3864
f 3864/3864 3842/3842 3856/3856
f 6004/6004 6006/6006 6012/6012
f 3839/3839 3836/3836 3840/3840
f 6620/6620 6595/6595 6621/6621
f 6621/6621 6627/6627 6626/6626
f 6540/6540 6538/6538 6539/6539
f 6539/6539 6538/6538 6537/6537
f 4527/4527 4528/4528 4525/4525
f 6554/6554 6527/6527 6529/6529
f 6584/6584 6568/6568 6743/6743
f 6529/6529 6528/6528 6552/6552
f 6563/6563 6564/6564 6584/6584
f 6694/6694 6691/6691 6738/6738
f 6691/6691 6699/6699 6738/6738
f 6562/6562 6564/6564 6563/6563
f 6013/6013 6028/6028 6015/6015
f 3834/3834 3833/3833 3830/3830
f 3830/3830 3833/3833 3831/3831
f 1365/1365 1349/1349 1350/1350
f 6691/6691 6688/6688 6699/6699
f 6550/6550 6547/6547 6538/6538
f 6688/6688 6690/6690 6689/6689
f 6688/6688 6689/6689 6686/6686
f 6709/6709 6547/6547 6550/6550
f 2937/2937 2936/2936 2925/2925
f 6686/6686 6689/6689 6709/6709
f 6569/6569 6592/6592 6582/6582
f 6574/6574 6575/6575 6566/6566
f 2939/2939 2938/2938 2932/2932
f 2932/2932 2938/2938 2934/2934
f 6574/6574 6576/6576 6575/6575
f 6024/6024 6026/6026 6027/6027
f 1292/1292 1296/1296 1294/1294
f 195/195 177/177 186/186
f 6565/6565 6591/6591 6574/6574
f 6574/6574 6577/6577 6576/6576
f 6591/6591 6577/6577 6574/6574
f 1251/1251 1256/1256 1178/1178
f 1251/1251 1178/1178 1181/1181
f 1275/1275 1174/1174 1265/1265
f 1265/1265 1174/1174 1256/1256
f 6577/6577 6578/6578 6576/6576
f 1256/1256 1267/1267 1266/1266
f 1267/1267 1285/1285 1268/1268
f 3372/3372 3370/3370 3371/3371
f 3372/3372 3371/3371 3373/3373
f 2417/2417 2388/2388 2418/2418
f 1501/1501 1507/1507 1506/1506
f 2455/2455 2432/2432 2433/2433
f 6162/6162 6164/6164 6163/6163
f 6733/6733 6726/6726 6736/6736
f 5282/5282 5284/5284 5289/5289
f 5286/5286 5287/5287 5284/5284
f 5284/5284 5287/5287 5289/5289
f 6637/6637 6639/6639 6640/6640
f 3904/3904 3913/3913 3912/3912
f 6635/6635 6639/6639 6637/6637
f 6728/6728 6727/6727 6726/6726
f 3902/3902 3883/3883 3903/3903
f 2020/2020 2018/2018 2022/2022
f 2022/2022 2018/2018 2021/2021
f 2018/2018 2015/2015 2021/2021
f 5996/5996 5995/5995 6004/6004
f 3842/3842 3839/3839 3856/3856
f 6004/6004 5995/5995 6006/6006
f 6631/6631 6632/6632 6633/6633
f 6631/6631 6633/6633 6634/6634
f 6627/6627 6632/6632 6631/6631
f 4525/4525 4529/4529 4501/4501
f 6784/6784 6785/6785 6786/6786
f 6759/6759 6758/6758 6760/6760
f 6758/6758 6761/6761 6760/6760
f 6012/6012 6006/6006 6013/6013
f 6539/6539 6537/6537 6553/6553
f 6006/6006 6028/6028 6013/6013
f 6762/6762 6763/6763 6764/6764
f 6553/6553 6537/6537 6559/6559
f 6696/6696 6695/6695 6694/6694
f 6554/6554 6559/6559 6527/6527
f 6695/6695 6693/6693 6694/6694
f 6693/6693 6691/6691 6694/6694
f 6527/6527 6528/6528 6529/6529
f 6552/6552 6528/6528 6562/6562
f 6584/6584 6564/6564 6568/6568
f 1349/1349 1336/1336 1350/1350
f 6528/6528 6715/6715 6562/6562
f 6564/6564 6566/6566 6567/6567
f 4066/4066 4065/4065 4064/4064
f 6715/6715 6565/6565 6562/6562
f 6562/6562 6565/6565 6564/6564
f 6565/6565 6566/6566 6564/6564
f 6566/6566 6569/6569 6567/6567
f 6567/6567 6569/6569 6570/6570
f 6567/6567 6570/6570 6572/6572
f 4065/4065 4062/4062 4064/4064
f 192/192 177/177 195/195
f 6565/6565 6574/6574 6566/6566
f 6692/6692 6690/6690 6691/6691
f 6691/6691 6690/6690 6688/6688
f 6566/6566 6592/6592 6569/6569
f 6569/6569 6571/6571 6570/6570
f 6709/6709 6748/6748 6547/6547
f 6709/6709 6689/6689 6748/6748
f 6566/6566 6575/6575 6592/6592
f 6025/6025 6026/6026 6024/6024
f 6780/6780 6777/6777 6779/6779
f 6592/6592 6570/6570 6571/6571
f 6026/6026 6029/6029 6027/6027
f 1292/1292 1295/1295 1296/1296
f 6570/6570 6593/6593 6581/6581
f 177/177 178/178 186/186
f 6027/6027 6029/6029 6030/6030
f 1181/1181 1180/1180 1182/1182
f 1185/1185 1282/1282 1182/1182
f 1182/1182 1282/1282 1263/1263
f 6576/6576 6580/6580 6575/6575
f 6591/6591 6585/6585 6577/6577
f 6585/6585 6579/6579 6577/6577
f 6577/6577 6579/6579 6578/6578
f 6576/6576 6578/6578 6580/6580
f 3376/3376 3372/3372 3373/3373
f 5440/5440 5621/5621 5551/5551
f 1501/1501 1506/1506 1502/1502
f 6673/6673 6675/6675 6750/6750
f 6679/6679 6676/6676 6673/6673
f 2455/2455 2434/2434 2432/2432
f 6112/6112 6113/6113 6114/6114
f 6132/6132 6136/6136 6133/6133
f 6133/6133 6164/6164 6171/6171
f 5283/5283 5282/5282 5285/5285
f 2188/2188 2187/2187 2169/2169
f 2187/2187 2185/2185 2168/2168
f 5282/5282 5281/5281 5284/5284
f 5281/5281 5286/5286 5284/5284
f 2495/2495 2494/2494 2491/2491
f 6001/6001 5997/5997 5999/5999
f 6640/6640 6639/6639 6641/6641
f 3874/3874 3913/3913 3904/3904
f 2494/2494 2493/2493 2491/2491
f 2491/2491 2493/2493 2492/2492
f 2493/2493 2502/2502 2497/2497
f 2492/2492 2493/2493 2497/2497
f 2350/2350 2349/2349 2347/2347
f 3902/3902 3876/3876 3883/3883
f 3844/3844 3842/3842 3845/3845
f 6634/6634 6633/6633 6635/6635
f 1389/1389 1390/1390 1406/1406
f 6728/6728 6734/6734 6727/6727
f 6787/6787 6785/6785 6784/6784
f 6756/6756 6758/6758 6759/6759
f 6787/6787 6788/6788 6785/6785
f 1349/1349 1361/1361 1335/1335
f 6537/6537 6536/6536 6559/6559
f 6696/6696 6697/6697 6695/6695
f 6695/6695 6706/6706 6693/6693
f 6538/6538 6535/6535 6537/6537
f 6564/6564 6567/6567 6568/6568
f 6028/6028 6019/6019 6015/6015
f 6697/6697 6698/6698 6695/6695
f 6698/6698 6706/6706 6695/6695
f 6528/6528 6534/6534 6715/6715
f 6015/6015 6019/6019 6018/6018
f 6572/6572 6570/6570 6573/6573
f 6693/6693 6692/6692 6691/6691
f 192/192 191/191 177/177
f 6538/6538 6547/6547 6535/6535
f 6570/6570 6581/6581 6573/6573
f 1296/1296 1392/1392 1398/1398
f 1398/1398 1392/1392 1393/1393
f 1189/1189 1283/1283 1185/1185
f 1185/1185 1283/1283 1282/1282
f 177/177 175/175 178/178
f 6581/6581 6593/6593 6590/6590
f 6777/6777 6778/6778 6779/6779
f 1174/1174 1178/1178 1256/1256
f 6575/6575 6580/6580 6593/6593
f 3377/3377 3376/3376 3378/3378
f 3373/3373 3381/3381 3376/3376
f 2388/2388 2387/2387 2389/2389
f 317/317 314/314 400/400
f 277/277 268/268 259/259
f 2467/2467 2468/2468 2464/2464
f 5474/5474 5468/5468 5475/5475
f 6680/6680 6676/6676 6679/6679
f 6679/6679 6673/6673 6750/6750
f 614/614 609/609 616/616
f 6130/6130 6136/6136 6132/6132
f 5280/5280 5282/5282 5283/5283
f 5280/5280 5281/5281 5282/5282
f 2479/2479 2488/2488 2495/2495
f 5997/5997 5994/5994 5996/5996
f 5602/5602 5605/5605 5606/5606
f 6729/6729 6728/6728 6726/6726
f 6640/6640 6641/6641 6647/6647
f 3874/3874 3873/3873 3913/3913
f 6635/6635 6645/6645 6639/6639
f 3842/3842 3841/3841 3839/3839
f 2350/2350 2347/2347 2411/2411
f 2030/2030 2019/2019 2020/2020
f 1391/1391 1388/1388 1389/1389
f 3836/3836 3837/3837 3834/3834
f 6595/6595 6583/6583 6651/6651
f 6756/6756 6757/6757 6758/6758
f 4987/4987 4988/4988 4985/4985
f 4986/4986 4987/4987 4985/4985
f 1387/1387 1391/1391 1404/1404
f 3837/3837 3833/3833 3834/3834
f 6583/6583 6572/6572 6651/6651
f 6651/6651 6572/6572 6586/6586
f 6572/6572 6573/6573 6586/6586
f 1405/1405 1402/1402 1385/1385
f 5791/5791 5790/5790 5793/5793
f 6573/6573 6587/6587 6589/6589
f 6559/6559 6525/6525 6527/6527
f 6527/6527 6524/6524 6528/6528
f 6528/6528 6524/6524 6534/6534
f 6698/6698 6751/6751 6706/6706
f 6535/6535 6536/6536 6537/6537
f 1272/1272 1255/1255 1274/1274
f 1241/1241 1283/1283 1189/1189
f 6547/6547 6560/6560 6535/6535
f 1274/1274 1255/1255 1259/1259
f 1180/1180 1187/1187 1185/1185
f 4435/4435 4445/4445 4447/4447
f 6547/6547 6748/6748 6560/6560
f 4445/4445 4436/4436 4446/4446
f 6581/6581 6588/6588 6587/6587
f 6590/6590 6588/6588 6581/6581
f 1181/1181 1178/1178 1180/1180
f 137/137 136/136 134/134
f 3376/3376 3380/3380 3379/3379
f 387/387 311/311 313/313
f 2385/2385 2387/2387 2388/2388
f 5444/5444 5441/5441 5551/5551
f 2466/2466 2473/2473 2476/2476
f 616/616 609/609 633/633
f 6117/6117 6115/6115 6112/6112
f 2455/2455 2474/2474 2434/2434
f 6113/6113 6127/6127 6114/6114
f 6114/6114 6127/6127 6130/6130
f 5277/5277 5279/5279 5280/5280
f 2173/2173 2188/2188 2169/2169
f 5280/5280 5279/5279 5281/5281
f 2173/2173 2195/2195 2192/2192
f 2480/2480 2488/2488 2479/2479
f 6732/6732 6729/6729 6730/6730
f 5997/5997 6001/6001 5990/5990
f 5990/5990 5994/5994 5997/5997
f 5996/5996 5994/5994 5995/5995
f 2494/2494 2499/2499 2493/2493
f 6642/6642 6643/6643 6641/6641
f 6639/6639 6642/6642 6641/6641
f 3844/3844 3841/3841 3842/3842
f 6645/6645 6642/6642 6639/6639
f 2349/2349 2348/2348 2347/2347
f 2493/2493 2499/2499 2502/2502
f 3841/3841 3838/3838 3839/3839
f 3838/3838 3837/3837 3836/3836
f 2020/2020 2019/2019 2018/2018
f 2018/2018 2019/2019 2016/2016
f 2018/2018 2016/2016 2015/2015
f 2015/2015 2016/2016 2017/2017
f 6731/6731 6734/6734 6728/6728
f 1277/1277 1262/1262 1276/1276
f 1391/1391 1387/1387 1388/1388
f 1964/1964 1984/1984 1983/1983
f 1334/1334 1379/1379 1336/1336
f 1964/1964 1985/1985 1984/1984
f 6586/6586 6589/6589 6752/6752
f 1385/1385 1386/1386 1405/1405
f 1980/1980 1979/1979 1982/1982
f 6525/6525 6524/6524 6527/6527
f 1402/1402 1366/1366 1385/1385
f 4065/4065 4070/4070 4069/4069
f 4065/4065 4069/4069 4062/4062
f 1378/1378 1366/1366 1393/1393
f 6693/6693 6703/6703 6692/6692
f 1297/1297 1300/1300 1296/1296
f 1296/1296 1300/1300 1392/1392
f 6703/6703 6701/6701 6692/6692
f 1259/1259 1247/1247 1237/1237
f 1259/1259 1237/1237 1261/1261
f 6701/6701 6700/6700 6692/6692
f 6692/6692 6700/6700 6690/6690
f 1259/1259 1261/1261 1273/1273
f 4435/4435 4434/4434 4445/4445
f 4445/4445 4434/4434 4436/4436
f 4446/4446 4440/4440 4450/4450
f 1261/1261 1168/1168 1273/1273
f 1178/1178 1175/1175 1180/1180
f 4436/4436 4440/4440 4446/4446
f 1273/1273 1168/1168 1264/1264
f 1168/1168 1170/1170 1174/1174
f 1264/1264 1168/1168 1174/1174
f 2410/2410 2385/2385 2417/2417
f 388/388 326/326 387/387
f 2417/2417 2385/2385 2388/2388
f 5444/5444 5551/5551 5538/5538
f 1503/1503 1504/1504 1480/1480
f 615/615 612/612 614/614
f 6115/6115 6113/6113 6112/6112
f 6113/6113 6128/6128 6127/6127
f 2474/2474 2486/2486 2434/2434
f 5277/5277 5278/5278 5279/5279
f 2173/2173 2190/2190 2195/2195
f 2167/2167 2185/2185 2174/2174
f 2195/2195 2190/2190 2199/2199
f 6732/6732 6730/6730 6735/6735
f 2488/2488 2494/2494 2495/2495
f 1997/1997 1996/1996 1998/1998
f 6001/6001 6000/6000 5990/5990
f 6641/6641 6643/6643 6644/6644
f 6641/6641 6644/6644 6647/6647
f 6729/6729 6731/6731 6728/6728
f 969/969 966/966 965/965
f 1389/1389 1320/1320 1390/1390
f 1278/1278 1260/1260 1277/1277
f 1388/1388 1320/1320 1389/1389
f 1260/1260 1262/1262 1277/1277
f 963/963 952/952 964/964
f 1333/1333 1372/1372 1334/1334
f 1986/1986 1957/1957 1983/1983
f 1334/1334 1372/1372 1379/1379
f 4066/4066 4071/4071 4070/4070
f 4066/4066 4070/4070 4065/4065
f 1269/1269 1248/1248 1272/1272
f 1272/1272 1248/1248 1254/1254
f 1964/1964 1980/1980 1985/1985
f 1366/1366 1362/1362 1385/1385
f 1980/1980 1964/1964 1979/1979
f 6536/6536 6531/6531 6559/6559
f 6559/6559 6531/6531 6525/6525
f 1255/1255 1247/1247 1259/1259
f 1279/1279 1363/1363 1283/1283
f 1241/1241 1279/1279 1283/1283
f 6703/6703 6716/6716 6701/6701
f 6560/6560 6533/6533 6535/6535
f 177/177 176/176 175/175
f 4450/4450 4440/4440 4444/4444
f 1174/1174 1170/1170 1173/1173
f 314/314 399/399 400/400
f 1480/1480 1482/1482 1503/1503
f 2488/2488 2509/2509 2494/2494
f 2509/2509 2506/2506 2494/2494
f 1996/1996 1986/1986 1998/1998
f 5991/5991 5990/5990 6000/6000
f 6212/6212 6213/6213 6214/6214
f 2499/2499 2511/2511 2502/2502
f 1232/1232 1284/1284 1206/1206
f 2347/2347 2406/2406 2411/2411
f 959/959 952/952 963/963
f 1386/1386 1358/1358 1387/1387
f 1276/1276 1262/1262 1250/1250
f 1957/1957 1952/1952 1964/1964
f 1983/1983 1957/1957 1964/1964
f 1385/1385 1362/1362 1386/1386
f 1240/1240 1279/1279 1241/1241
f 1950/1950 1979/1979 1964/1964
f 1378/1378 1356/1356 1366/1366
f 6536/6536 6535/6535 6531/6531
f 6524/6524 6526/6526 6534/6534
f 1297/1297 1363/1363 1300/1300
f 191/191 190/190 177/177
f 1300/1300 1357/1357 1392/1392
f 6533/6533 6531/6531 6535/6535
f 177/177 190/190 176/176
f 1237/1237 1169/1169 1261/1261
f 6560/6560 6558/6558 6533/6533
f 4436/4436 4433/4433 4440/4440
f 132/132 130/130 131/131
f 134/134 135/135 130/130
f 178/178 185/185 189/189
f 612/612 609/609 614/614
f 2473/2473 2481/2481 2482/2482
f 6109/6109 6122/6122 6117/6117
f 2474/2474 2489/2489 2486/2486
f 1999/1999 1997/1997 2012/2012
f 1999/1999 1991/1991 1997/1997
f 1997/1997 1991/1991 1996/1996
f 5994/5994 5993/5993 5995/5995
f 5990/5990 5993/5993 5994/5994
f 3841/3841 3843/3843 3838/3838
f 5991/5991 5987/5987 5990/5990
f 965/965 961/961 967/967
f 967/967 961/961 970/970
f 1358/1358 1317/1317 1322/1322
f 1358/1358 1322/1322 1388/1388
f 4421/4421 4420/4420 4422/4422
f 1206/1206 1284/1284 1281/1281
f 1206/1206 1281/1281 1240/1240
f 959/959 954/954 952/952
f 1250/1250 1248/1248 1269/1269
f 1240/1240 1280/1280 1279/1279
f 1952/1952 1943/1943 1964/1964
f 1964/1964 1943/1943 1950/1950
f 1279/1279 1360/1360 1363/1363
f 1363/1363 1313/1313 1300/1300
f 6524/6524 6525/6525 6526/6526
f 1237/1237 1223/1223 1169/1169
f 6725/6725 6721/6721 6718/6718
f 6716/6716 6717/6717 6701/6701
f 4430/4430 4435/4435 4452/4452
f 4435/4435 4430/4430 4429/4429
f 4434/4434 4433/4433 4436/4436
f 4440/4440 4438/4438 4444/4444
f 136/136 135/135 134/134
f 2385/2385 2386/2386 2387/2387
f 2477/2477 2481/2481 2470/2470
f 6117/6117 6122/6122 6119/6119
f 5278/5278 5291/5291 5290/5290
f 1991/1991 1981/1981 1996/1996
f 1996/1996 1981/1981 1986/1986
f 1354/1354 1328/1328 1368/1368
f 1986/1986 1981/1981 1957/1957
f 5987/5987 5985/5985 5990/5990
f 961/961 962/962 970/970
f 5991/5991 6002/6002 5987/5987
f 952/952 960/960 964/964
f 4420/4420 4425/4425 4422/4422
f 1314/1314 1317/1317 1358/1358
f 4423/4423 4417/4417 4421/4421
f 4417/4417 4420/4420 4421/4421
f 1362/1362 1323/1323 1358/1358
f 1281/1281 1280/1280 1240/1240
f 1255/1255 1231/1231 1247/1247
f 1247/1247 1231/1231 1237/1237
f 1300/1300 1313/1313 1357/1357
f 6531/6531 6530/6530 6525/6525
f 6525/6525 6530/6530 6526/6526
f 5664/5664 5665/5665 5666/5666
f 6718/6718 6717/6717 6716/6716
f 6725/6725 6718/6718 6716/6716
f 6533/6533 6532/6532 6531/6531
f 6717/6717 6724/6724 6701/6701
f 6558/6558 6556/6556 6533/6533
f 4435/4435 4429/4429 4434/4434
f 4434/4434 4429/4429 4428/4428
f 131/131 122/122 133/133
f 4434/4434 4428/4428 4433/4433
f 2486/2486 2489/2489 2507/2507
f 1990/1990 1989/1989 1991/1991
f 1991/1991 1989/1989 1981/1981
f 1354/1354 1318/1318 1328/1328
f 5985/5985 5986/5986 5993/5993
f 1333/1333 1331/1331 1372/1372
f 1260/1260 1249/1249 1262/1262
f 966/966 960/960 965/965
f 965/965 960/960 961/961
f 2348/2348 2344/2344 2347/2347
f 1284/1284 1399/1399 1281/1281
f 2347/2347 2342/2342 2406/2406
f 4424/4424 4417/4417 4423/4423
f 1323/1323 1314/1314 1358/1358
f 1951/1951 1952/1952 1957/1957
f 1248/1248 1235/1235 1254/1254
f 1315/1315 1323/1323 1362/1362
f 1360/1360 1353/1353 1313/1313
f 1943/1943 1931/1931 1950/1950
f 1257/1257 1169/1169 1223/1223
f 1950/1950 1931/1931 1947/1947
f 6531/6531 6532/6532 6530/6530
f 1170/1170 1171/1171 1172/1172
f 5666/5666 5668/5668 5670/5670
f 6533/6533 6555/6555 6532/6532
f 6721/6721 6722/6722 6719/6719
f 6721/6721 6719/6719 6718/6718
f 6718/6718 6719/6719 6717/6717
f 6717/6717 6720/6720 6724/6724
f 6556/6556 6555/6555 6533/6533
f 6720/6720 6753/6753 6724/6724
f 4444/4444 4438/4438 4448/4448
f 4428/4428 4432/4432 4433/4433
f 4433/4433 4432/4432 4438/4438
f 2410/2410 2405/2405 2385/2385
f 387/387 373/373 311/311
f 615/615 623/623 612/612
f 6113/6113 6129/6129 6128/6128
f 2498/2498 2517/2517 2518/2518
f 2489/2489 2508/2508 2507/2507
f 2483/2483 2501/2501 2504/2504
f 1999/1999 1990/1990 1991/1991
f 1318/1318 1324/1324 1325/1325
f 1260/1260 1239/1239 1249/1249
f 6002/6002 6003/6003 5987/5987
f 1951/1951 1924/1924 1952/1952
f 1952/1952 1924/1924 1943/1943
f 1257/1257 1171/1171 1169/1169
f 4458/4458 4459/4459 4460/4460
f 6719/6719 6720/6720 6717/6717
f 6722/6722 6723/6723 6719/6719
f 137/137 138/138 136/136
f 5449/5449 5451/5451 5452/5452
f 2477/2477 2490/2490 2481/2481
f 6119/6119 6120/6120 6115/6115
f 6115/6115 6120/6120 6113/6113
f 6113/6113 6120/6120 6129/6129
f 2172/2172 2175/2175 2193/2193
f 2507/2507 2508/2508 2515/2515
f 1957/1957 1981/1981 1953/1953
f 5987/5987 5981/5981 5985/5985
f 1306/1306 1308/1308 1314/1314
f 6003/6003 5981/5981 5987/5987
f 956/956 955/955 960/960
f 960/960 955/955 961/961
f 4417/4417 4419/4419 4420/4420
f 1250/1250 1249/1249 1233/1233
f 949/949 952/952 954/954
f 1248/1248 1230/1230 1235/1235
f 1216/1216 1179/1179 1257/1257
f 1257/1257 1179/1179 1171/1171
f 1943/1943 1926/1926 1931/1931
f 1947/1947 1931/1931 1940/1940
f 4460/4460 4459/4459 4463/4463
f 6530/6530 6561/6561 6526/6526
f 6201/6201 6202/6202 6203/6203
f 6205/6205 6201/6201 6203/6203
f 6723/6723 6747/6747 6720/6720
f 6720/6720 6747/6747 6753/6753
f 6274/6274 6273/6273 6276/6276
f 6556/6556 6557/6557 6555/6555
f 6203/6203 6202/6202 6204/6204
f 4438/4438 4449/4449 4448/4448
f 130/130 122/122 131/131
f 4428/4428 4431/4431 4432/4432
f 175/175 179/179 178/178
f 136/136 124/124 135/135
f 154/154 153/153 137/137
f 138/138 124/124 136/136
f 364/364 330/330 361/361
f 364/364 293/293 330/330
f 5466/5466 5467/5467 5464/5464
f 2405/2405 2383/2383 2385/2385
f 373/373 309/309 311/311
f 612/612 610/610 609/609
f 2477/2477 2484/2484 2490/2490
f 6119/6119 6121/6121 6120/6120
f 1327/1327 1359/1359 1331/1331
f 1318/1318 1312/1312 1319/1319
f 1989/1989 1961/1961 1981/1981
f 1981/1981 1961/1961 1953/1953
f 961/961 955/955 962/962
f 955/955 957/957 962/962
f 3881/3881 3882/3882 3893/3893
f 1249/1249 1236/1236 1233/1233
f 1957/1957 1953/1953 1951/1951
f 2344/2344 2343/2343 2342/2342
f 2342/2342 2412/2412 2406/2406
f 4424/4424 4416/4416 4417/4417
f 1230/1230 1219/1219 1235/1235
f 1943/1943 1924/1924 1926/1926
f 1931/1931 1932/1932 1940/1940
f 4458/4458 4457/4457 4459/4459
f 4459/4459 4464/4464 4463/4463
f 133/133 129/129 156/156
f 4430/4430 4426/4426 4429/4429
f 4429/4429 4426/4426 4428/4428
f 4438/4438 4439/4439 4449/4449
f 4431/4431 4437/4437 4432/4432
f 4432/4432 4439/4439 4438/4438
f 4432/4432 4437/4437 4439/4439
f 135/135 124/124 130/130
f 185/185 194/194 189/189
f 153/153 138/138 137/137
f 2385/2385 2384/2384 2386/2386
f 2193/2193 2175/2175 2198/2198
f 2193/2193 2198/2198 2201/2201
f 5993/5993 5986/5986 6007/6007
f 5986/5986 6008/6008 6007/6007
f 5981/5981 5972/5972 5985/5985
f 5972/5972 5986/5986 5985/5985
f 1304/1304 1305/1305 1306/1306
f 1953/1953 1922/1922 1951/1951
f 1951/1951 1922/1922 1924/1924
f 4416/4416 4414/4414 4417/4417
f 4417/4417 4414/4414 4419/4419
f 949/949 948/948 952/952
f 4464/4464 4465/4465 4463/4463
f 1940/1940 1932/1932 1942/1942
f 1942/1942 1932/1932 1941/1941
f 4456/4456 4457/4457 4458/4458
f 4456/4456 4455/4455 4457/4457
f 122/122 129/129 133/133
f 1976/1976 1946/1946 1968/1968
f 1976/1976 1968/1968 1977/1977
f 130/130 118/118 122/122
f 4426/4426 4427/4427 4428/4428
f 4428/4428 4427/4427 4431/4431
f 124/124 118/118 130/130
f 178/178 179/179 185/185
f 2385/2385 2383/2383 2384/2384
f 1472/1472 1468/1468 1473/1473
f 6109/6109 6111/6111 6122/6122
f 2154/2154 2157/2157 2158/2158
f 2176/2176 2170/2170 2158/2158
f 1329/1329 1351/1351 1327/1327
f 1234/1234 1226/1226 1225/1225
f 1961/1961 1956/1956 1953/1953
f 1212/1212 1211/1211 1207/1207
f 3882/3882 3887/3887 3893/3893
f 955/955 937/937 957/957
f 2343/2343 2341/2341 2342/2342
f 952/952 948/948 956/956
f 4457/4457 4461/4461 4459/4459
f 6104/6104 6101/6101 6103/6103
f 6270/6270 6271/6271 6272/6272
f 2014/2014 1977/1977 1972/1972
f 2014/2014 1972/1972 1975/1975
f 138/138 123/123 124/124
f 2405/2405 2390/2390 2383/2383
f 623/623 613/613 612/612
f 613/613 610/610 612/612
f 6111/6111 6124/6124 6122/6122
f 1990/1990 1988/1988 1989/1989
f 1989/1989 1988/1988 1961/1961
f 5986/5986 5992/5992 6008/6008
f 1222/1222 1215/1215 1219/1219
f 5978/5978 5973/5973 5981/5981
f 5981/5981 5973/5973 5972/5972
f 957/957 937/937 936/936
f 4414/4414 4418/4418 4419/4419
f 2342/2342 2340/2340 2412/2412
f 4416/4416 4415/4415 4412/4412
f 4416/4416 4412/4412 4414/4414
f 1926/1926 1927/1927 1931/1931
f 1927/1927 1932/1932 1931/1931
f 4449/4449 4453/4453 4455/4455
f 4439/4439 4451/4451 4449/4449
f 4427/4427 4441/4441 4431/4431
f 4431/4431 4441/4441 4437/4437
f 1972/1972 1973/1973 1975/1975
f 373/373 301/301 309/309
f 6122/6122 6124/6124 6119/6119
f 6119/6119 6123/6123 6121/6121
f 2189/2189 2198/2198 2175/2175
f 2198/2198 2202/2202 2201/2201
f 2000/2000 2003/2003 1988/1988
f 2000/2000 1988/1988 1990/1990
f 6057/6057 6063/6063 6056/6056
f 6008/6008 5992/5992 6056/6056
f 1956/1956 1922/1922 1953/1953
f 5986/5986 5982/5982 5992/5992
f 948/948 932/932 956/956
f 956/956 932/932 955/955
f 2341/2341 2340/2340 2342/2342
f 4412/4412 4413/4413 4414/4414
f 943/943 942/942 949/949
f 950/950 943/943 949/949
f 1932/1932 1933/1933 1941/1941
f 1941/1941 1945/1945 1946/1946
f 1946/1946 1945/1945 1968/1968
f 4449/4449 4451/4451 4453/4453
f 4427/4427 4443/4443 4441/4441
f 4437/4437 4451/4451 4439/4439
f 4441/4441 4442/4442 4437/4437
f 123/123 119/119 124/124
f 138/138 144/144 123/123
f 623/623 635/635 613/613
f 6119/6119 6124/6124 6123/6123
f 2198/2198 2189/2189 2202/2202
f 6057/6057 6058/6058 6063/6063
f 932/932 937/937 955/955
f 949/949 942/942 948/948
f 4414/4414 4413/4413 4418/4418
f 1924/1924 1925/1925 1926/1926
f 1932/1932 1927/1927 1933/1933
f 4457/4457 4462/4462 4461/4461
f 6101/6101 6102/6102 6103/6103
f 4466/4466 4462/4462 4457/4457
f 1941/1941 1933/1933 1945/1945
f 4453/4453 4466/4466 4455/4455
f 175/175 172/172 179/179
f 1967/1967 1973/1973 1972/1972
f 1968/1968 1967/1967 1972/1972
f 4442/4442 4451/4451 4437/4437
f 123/123 145/145 119/119
f 4471/4471 4454/4454 4470/4470
f 185/185 187/187 194/194
f 2383/2383 2382/2382 2384/2384
f 314/314 358/358 399/399
f 3699/3699 3700/3700 3724/3724
f 6374/6374 6375/6375 6376/6376
f 6058/6058 6062/6062 6063/6063
f 1987/1987 1960/1960 1961/1961
f 1988/1988 1987/1987 1961/1961
f 1961/1961 1960/1960 1956/1956
f 1922/1922 1923/1923 1924/1924
f 1923/1923 1925/1925 1924/1924
f 1925/1925 1927/1927 1926/1926
f 4464/4464 4468/4468 4465/4465
f 1945/1945 1967/1967 1968/1968
f 153/153 149/149 138/138
f 2390/2390 2381/2381 2383/2383
f 2383/2383 2381/2381 2382/2382
f 6109/6109 6110/6110 6111/6111
f 5982/5982 5975/5975 5992/5992
f 1956/1956 1939/1939 1922/1922
f 1939/1939 1923/1923 1922/1922
f 937/937 931/931 936/936
f 4415/4415 4405/4405 4412/4412
f 4468/4468 4469/4469 4465/4465
f 173/173 172/172 175/175
f 179/179 187/187 185/185
f 1967/1967 1974/1974 1973/1973
f 609/609 610/610 611/611
f 2003/2003 1992/1992 1988/1988
f 1992/1992 1987/1987 1988/1988
f 6058/6058 6061/6061 6062/6062
f 1956/1956 1960/1960 1939/1939
f 5975/5975 5989/5989 5992/5992
f 5972/5972 5975/5975 5982/5982
f 5970/5970 5975/5975 5972/5972
f 5978/5978 5971/5971 5973/5973
f 5973/5973 5971/5971 5972/5972
f 5972/5972 5971/5971 5970/5970
f 932/932 931/931 937/937
f 936/936 931/931 930/930
f 2341/2341 2335/2335 2340/2340
f 4412/4412 4405/4405 4399/4399
f 1925/1925 1928/1928 1927/1927
f 1927/1927 1934/1934 1933/1933
f 5734/5734 5747/5747 5748/5748
f 5733/5733 5730/5730 5734/5734
f 5748/5748 5747/5747 5749/5749
f 171/171 172/172 173/173
f 5733/5733 5732/5732 5730/5730
f 1933/1933 1944/1944 1945/1945
f 4453/4453 4467/4467 4466/4466
f 122/122 121/121 129/129
f 5750/5750 5732/5732 5752/5752
f 5755/5755 5750/5750 5752/5752
f 5754/5754 5750/5750 5755/5755
f 5772/5772 5769/5769 5773/5773
f 5773/5773 5769/5769 5770/5770
f 5769/5769 5763/5763 5770/5770
f 5770/5770 5763/5763 5755/5755
f 5763/5763 5754/5754 5755/5755
f 123/123 144/144 145/145
f 341/341 305/305 320/320
f 295/295 294/294 293/293
f 2003/2003 2004/2004 1992/1992
f 942/942 945/945 948/948
f 4399/4399 4400/4400 4413/4413
f 1927/1927 1928/1928 1934/1934
f 1933/1933 1934/1934 1944/1944
f 1945/1945 1944/1944 1967/1967
f 118/118 119/119 120/120
f 168/168 151/151 153/153
f 153/153 151/151 149/149
f 5457/5457 5456/5456 5462/5462
f 2340/2340 2335/2335 2338/2338
f 159/159 162/162 163/163
f 121/121 125/125 129/129
f 118/118 120/120 121/121
f 1127/1127 1115/1115 1121/1121
f 1992/1992 1993/1993 1987/1987
f 1118/1118 1115/1115 1127/1127
f 1987/1987 1994/1994 1958/1958
f 1987/1987 1958/1958 1960/1960
f 1960/1960 1958/1958 1939/1939
f 5975/5975 5979/5979 5989/5989
f 5975/5975 5968/5968 5979/5979
f 5970/5970 5968/5968 5975/5975
f 5971/5971 5969/5969 5970/5970
f 932/932 926/926 931/931
f 931/931 928/928 930/930
f 942/942 938/938 945/945
f 2335/2335 2337/2337 2338/2338
f 1925/1925 1930/1930 1928/1928
f 5734/5734 5740/5740 5747/5747
f 5732/5732 5728/5728 5730/5730
f 1944/1944 1969/1969 1967/1967
f 5750/5750 5751/5751 5732/5732
f 5783/5783 5774/5774 5772/5772
f 5750/5750 5753/5753 5751/5751
f 635/635 618/618 613/613
f 1156/1156 1127/1127 1155/1155
f 1155/1155 1127/1127 1128/1128
f 1162/1162 1158/1158 1156/1156
f 1121/1121 1115/1115 1111/1111
f 1993/1993 1994/1994 1987/1987
f 1158/1158 1157/1157 1156/1156
f 1156/1156 1157/1157 1127/1127
f 6061/6061 6060/6060 6062/6062
f 1157/1157 1118/1118 1127/1127
f 6061/6061 5984/5984 6060/6060
f 1117/1117 1112/1112 1115/1115
f 1115/1115 1118/1118 1117/1117
f 5979/5979 5984/5984 5989/5989
f 5969/5969 5968/5968 5970/5970
f 1939/1939 1929/1929 1923/1923
f 3888/3888 3891/3891 3894/3894
f 926/926 928/928 931/931
f 945/945 938/938 932/932
f 932/932 924/924 926/926
f 4399/4399 4398/4398 4400/4400
f 4405/4405 4401/4401 4399/4399
f 4401/4401 4396/4396 4399/4399
f 943/943 940/940 942/942
f 942/942 940/940 938/938
f 1923/1923 1929/1929 1925/1925
f 1929/1929 1930/1930 1925/1925
f 5734/5734 5731/5731 5740/5740
f 5747/5747 5746/5746 5749/5749
f 5750/5750 5754/5754 5753/5753
f 5768/5768 5761/5761 5769/5769
f 5769/5769 5761/5761 5763/5763
f 5761/5761 5754/5754 5763/5763
f 144/144 146/146 145/145
f 145/145 146/146 119/119
f 149/149 147/147 144/144
f 5642/5642 5641/5641 5635/5635
f 5635/5635 5641/5641 5636/5636
f 1165/1165 1163/1163 1164/1164
f 5641/5641 5637/5637 5636/5636
f 5637/5637 5638/5638 5610/5610
f 1164/1164 1156/1156 1155/1155
f 5638/5638 5639/5639 5610/5610
f 5610/5610 5639/5639 5597/5597
f 1162/1162 1156/1156 1164/1164
f 1121/1121 1125/1125 1137/1137
f 1163/1163 1162/1162 1164/1164
f 1121/1121 1111/1111 1125/1125
f 3724/3724 3734/3734 3703/3703
f 1163/1163 1166/1166 1161/1161
f 1163/1163 1161/1161 1162/1162
f 1161/1161 1158/1158 1162/1162
f 1161/1161 1160/1160 1158/1158
f 1160/1160 1159/1159 1158/1158
f 1158/1158 1159/1159 1157/1157
f 1157/1157 1159/1159 1118/1118
f 1118/1118 1159/1159 1120/1120
f 1117/1117 1119/1119 1112/1112
f 1120/1120 1119/1119 1118/1118
f 1118/1118 1119/1119 1117/1117
f 1958/1958 1954/1954 1939/1939
f 938/938 924/924 932/932
f 4399/4399 4396/4396 4398/4398
f 4405/4405 4411/4411 4401/4401
f 950/950 940/940 943/943
f 5751/5751 5728/5728 5732/5732
f 5772/5772 5774/5774 5768/5768
f 146/146 128/128 119/119
f 119/119 128/128 120/120
f 144/144 147/147 146/146
f 4951/4951 4953/4953 4950/4950
f 2381/2381 2380/2380 2382/2382
f 4951/4951 4950/4950 4948/4948
f 610/610 617/617 611/611
f 5635/5635 5636/5636 5599/5599
f 5599/5599 5636/5636 5600/5600
f 2197/2197 2211/2211 2209/2209
f 5634/5634 5642/5642 5635/5635
f 5600/5600 5636/5636 5637/5637
f 5600/5600 5637/5637 5610/5610
f 6410/6410 6411/6411 6412/6412
f 1137/1137 1125/1125 1126/1126
f 1167/1167 1166/1166 1163/1163
f 1458/1458 1453/1453 1460/1460
f 1460/1460 1453/1453 1455/1455
f 1111/1111 1110/1110 1108/1108
f 1111/1111 1112/1112 1110/1110
f 1455/1455 1452/1452 1456/1456
f 1456/1456 1452/1452 1463/1463
f 1959/1959 1954/1954 1958/1958
f 1119/1119 1120/1120 1124/1124
f 5967/5967 5965/5965 5968/5968
f 1939/1939 1954/1954 1929/1929
f 5969/5969 5967/5967 5968/5968
f 3891/3891 3895/3895 3894/3894
f 950/950 951/951 940/940
f 1928/1928 1936/1936 1934/1934
f 4468/4468 4472/4472 4469/4469
f 1934/1934 1948/1948 1944/1944
f 1944/1944 1966/1966 1969/1969
f 5761/5761 5756/5756 5754/5754
f 2390/2390 2402/2402 2381/2381
f 4950/4950 4949/4949 4948/4948
f 617/617 620/620 611/611
f 992/992 988/988 991/991
f 5633/5633 5634/5634 5632/5632
f 5632/5632 5635/5635 5613/5613
f 993/993 989/989 1003/1003
f 1003/1003 989/989 992/992
f 5632/5632 5634/5634 5635/5635
f 5613/5613 5635/5635 5599/5599
f 989/989 988/988 992/992
f 989/989 983/983 988/988
f 993/993 987/987 989/989
f 988/988 983/983 985/985
f 987/987 983/983 989/989
f 1459/1459 1458/1458 1464/1464
f 1125/1125 1108/1108 1082/1082
f 1994/1994 1995/1995 1958/1958
f 1453/1453 1451/1451 1455/1455
f 1110/1110 1112/1112 1113/1113
f 1114/1114 1113/1113 1112/1112
f 5968/5968 5964/5964 5979/5979
f 1119/1119 1124/1124 1123/1123
f 1119/1119 1123/1123 1114/1114
f 5976/5976 5967/5967 5969/5969
f 928/928 929/929 930/930
f 2335/2335 2336/2336 2337/2337
f 1929/1929 1937/1937 1930/1930
f 1928/1928 1930/1930 1935/1935
f 1935/1935 1936/1936 1928/1928
f 1934/1934 1936/1936 1948/1948
f 1944/1944 1948/1948 1966/1966
f 5754/5754 5756/5756 5753/5753
f 1045/1045 1041/1041 1043/1043
f 1043/1043 1041/1041 1042/1042
f 1042/1042 1044/1044 1043/1043
f 4949/4949 4946/4946 4948/4948
f 618/618 617/617 613/613
f 4948/4948 4946/4946 4947/4947
f 613/613 617/617 610/610
f 2679/2679 2723/2723 2713/2713
f 1024/1024 992/992 1002/1002
f 2679/2679 2720/2720 2723/2723
f 2538/2538 2537/2537 2529/2529
f 2679/2679 2674/2674 2720/2720
f 992/992 991/991 1002/1002
f 988/988 990/990 991/991
f 2674/2674 2724/2724 2720/2720
f 2203/2203 2211/2211 2197/2197
f 2724/2724 2674/2674 2715/2715
f 988/988 985/985 990/990
f 5600/5600 5610/5610 5594/5594
f 5610/5610 5597/5597 5594/5594
f 5594/5594 5597/5597 5555/5555
f 1020/1020 1079/1079 987/987
f 1020/1020 987/987 993/993
f 983/983 984/984 985/985
f 1125/1125 1082/1082 1126/1126
f 983/983 987/987 986/986
f 986/986 984/984 983/983
f 2011/2011 1993/1993 2004/2004
f 1958/1958 1995/1995 1959/1959
f 1108/1108 1110/1110 1109/1109
f 5964/5964 5984/5984 5979/5979
f 1455/1455 1451/1451 1452/1452
f 1114/1114 1122/1122 1113/1113
f 1114/1114 1123/1123 1122/1122
f 1954/1954 1937/1937 1929/1929
f 1120/1120 1138/1138 1124/1124
f 924/924 925/925 926/926
f 4396/4396 4404/4404 4397/4397
f 2336/2336 2339/2339 2337/2337
f 5747/5747 5740/5740 5746/5746
f 5781/5781 5771/5771 5774/5774
f 5774/5774 5771/5771 5768/5768
f 5771/5771 5764/5764 5768/5768
f 5756/5756 5757/5757 5753/5753
f 5768/5768 5764/5764 5761/5761
f 2612/2612 2633/2633 2619/2619
f 2612/2612 2634/2634 2633/2633
f 2626/2626 2634/2634 2612/2612
f 2626/2626 2635/2635 2634/2634
f 2402/2402 2401/2401 2381/2381
f 2631/2631 2630/2630 2635/2635
f 1076/1076 1039/1039 1045/1045
f 1045/1045 1039/1039 1041/1041
f 1039/1039 1040/1040 1041/1041
f 1041/1041 1040/1040 1042/1042
f 1033/1033 1038/1038 1039/1039
f 1039/1039 1038/1038 1040/1040
f 1040/1040 1044/1044 1042/1042
f 4946/4946 4945/4945 4947/4947
f 1023/1023 1002/1002 1001/1001
f 5612/5612 5632/5632 5613/5613
f 2529/2529 2526/2526 2530/2530
f 2672/2672 2674/2674 2679/2679
f 1001/1001 991/991 994/994
f 991/991 990/990 994/994
f 997/997 1015/1015 1016/1016
f 5600/5600 5594/5594 5563/5563
f 2678/2678 2714/2714 2715/2715
f 990/990 995/995 994/994
f 990/990 985/985 998/998
f 990/990 998/998 995/995
f 1103/1103 1079/1079 1020/1020
f 2701/2701 2722/2722 2714/2714
f 1080/1080 1079/1079 1103/1103
f 5544/5544 5578/5578 5590/5590
f 1079/1079 1072/1072 987/987
f 1126/1126 1082/1082 1085/1085
f 1072/1072 1005/1005 987/987
f 987/987 1005/1005 986/986
f 986/986 1000/1000 984/984
f 1994/1994 1993/1993 1995/1995
f 1457/1457 1458/1458 1459/1459
f 1082/1082 1107/1107 1083/1083
f 1457/1457 1454/1454 1458/1458
f 1454/1454 1453/1453 1458/1458
f 1108/1108 1109/1109 1107/1107
f 1995/1995 1971/1971 1959/1959
f 1453/1453 1450/1450 1451/1451
f 1109/1109 1110/1110 1116/1116
f 1110/1110 1113/1113 1116/1116
f 1451/1451 1442/1442 1452/1452
f 1452/1452 1449/1449 1463/1463
f 5976/5976 5977/5977 5967/5967
f 1463/1463 1449/1449 1461/1461
f 926/926 925/925 928/928
f 928/928 925/925 929/929
f 1124/1124 1138/1138 1130/1130
f 4411/4411 4410/4410 4402/4402
f 4411/4411 4402/4402 4401/4401
f 938/938 940/940 939/939
f 5731/5731 5723/5723 5735/5735
f 5740/5740 5741/5741 5746/5746
f 5751/5751 5758/5758 5726/5726
f 5753/5753 5758/5758 5751/5751
f 120/120 125/125 121/121
f 5764/5764 5756/5756 5761/5761
f 147/147 148/148 146/146
f 151/151 147/147 149/149
f 2626/2626 2631/2631 2635/2635
f 1077/1077 1039/1039 1076/1076
f 1077/1077 1034/1034 1039/1039
f 1034/1034 1033/1033 1039/1039
f 1040/1040 1046/1046 1044/1044
f 1021/1021 1019/1019 1071/1071
f 2669/2669 2679/2679 2713/2713
f 2669/2669 2713/2713 2671/2671
f 1024/1024 1023/1023 1021/1021
f 1023/1023 1001/1001 1021/1021
f 1021/1021 1001/1001 1019/1019
f 1001/1001 1004/1004 1019/1019
f 5508/5508 5612/5612 5509/5509
f 2672/2672 2679/2679 2669/2669
f 5509/5509 5612/5612 5613/5613
f 1001/1001 997/997 1004/1004
f 1001/1001 994/994 997/997
f 2537/2537 2528/2528 2529/2529
f 5561/5561 5613/5613 5599/5599
f 1004/1004 997/997 1016/1016
f 6425/6425 6426/6426 6427/6427
f 994/994 996/996 997/997
f 996/996 1015/1015 997/997
f 1015/1015 1014/1014 1016/1016
f 5594/5594 5555/5555 5542/5542
f 994/994 995/995 996/996
f 2701/2701 2714/2714 2678/2678
f 1015/1015 996/996 1014/1014
f 2203/2203 2212/2212 2211/2211
f 5544/5544 5590/5590 5549/5549
f 2697/2697 2722/2722 2701/2701
f 998/998 999/999 995/995
f 2697/2697 2705/2705 2722/2722
f 1085/1085 1082/1082 1080/1080
f 1080/1080 1072/1072 1079/1079
f 985/985 999/999 998/998
f 1082/1082 1081/1081 1080/1080
f 1080/1080 1081/1081 1072/1072
f 2011/2011 2010/2010 1993/1993
f 1082/1082 1083/1083 1081/1081
f 1072/1072 1087/1087 1005/1005
f 984/984 999/999 985/985
f 984/984 1000/1000 999/999
f 1993/1993 2001/2001 1995/1995
f 1005/1005 1000/1000 986/986
f 1959/1959 1971/1971 1954/1954
f 1450/1450 1440/1440 1451/1451
f 1451/1451 1440/1440 1442/1442
f 1442/1442 1449/1449 1452/1452
f 1113/1113 1122/1122 1116/1116
f 1122/1122 1106/1106 1116/1116
f 4402/4402 4403/4403 4396/4396
f 4396/4396 4403/4403 4404/4404
f 1129/1129 1131/1131 1123/1123
f 4875/4875 4884/4884 4877/4877
f 4884/4884 4888/4888 4877/4877
f 4877/4877 4888/4888 4883/4883
f 1937/1937 1938/1938 1930/1930
f 5735/5735 5741/5741 5740/5740
f 5753/5753 5757/5757 5758/5758
f 2596/2596 2631/2631 2626/2626
f 2596/2596 2626/2626 2602/2602
f 2596/2596 2630/2630 2631/2631
f 2381/2381 2379/2379 2380/2380
f 2380/2380 2379/2379 2378/2378
f 1154/1154 1077/1077 1076/1076
f 1487/1487 1494/1494 1491/1491
f 1077/1077 1154/1154 1034/1034
f 635/635 631/631 618/618
f 1035/1035 1030/1030 1034/1034
f 1029/1029 1030/1030 1035/1035
f 1030/1030 1033/1033 1034/1034
f 1029/1029 1027/1027 1030/1030
f 1027/1027 1031/1031 1030/1030
f 1030/1030 1032/1032 1033/1033
f 1033/1033 1032/1032 1038/1038
f 2671/2671 2713/2713 2712/2712
f 2676/2676 2712/2712 2717/2717
f 1031/1031 1032/1032 1030/1030
f 1071/1071 1019/1019 1022/1022
f 1027/1027 1025/1025 1031/1031
f 1032/1032 1047/1047 1038/1038
f 1031/1031 1025/1025 1066/1066
f 1038/1038 1047/1047 1040/1040
f 1040/1040 1047/1047 1046/1046
f 2653/2653 2672/2672 2669/2669
f 5613/5613 5561/5561 5509/5509
f 3533/3533 3523/3523 3524/3524
f 2526/2526 2531/2531 2530/2530
f 5561/5561 5599/5599 5562/5562
f 2674/2674 2652/2652 2678/2678
f 1014/1014 1017/1017 1016/1016
f 996/996 1013/1013 1014/1014
f 995/995 999/999 1008/1008
f 999/999 1012/1012 1008/1008
f 2761/2761 2735/2735 2770/2770
f 6096/6096 6097/6097 6098/6098
f 6096/6096 6098/6098 6099/6099
f 1081/1081 1084/1084 1072/1072
f 1084/1084 1086/1086 1072/1072
f 2010/2010 2001/2001 1993/1993
f 1086/1086 1087/1087 1072/1072
f 999/999 1000/1000 1006/1006
f 1087/1087 1018/1018 1005/1005
f 1005/1005 1018/1018 1000/1000
f 1000/1000 1018/1018 1096/1096
f 1000/1000 1096/1096 1007/1007
f 1000/1000 1007/1007 1006/1006
f 5964/5964 5983/5983 5988/5988
f 1454/1454 1450/1450 1453/1453
f 5967/5967 5966/5966 5965/5965
f 5977/5977 5966/5966 5967/5967
f 924/924 927/927 925/925
f 938/938 939/939 924/924
f 1123/1123 1131/1131 1122/1122
f 4876/4876 4875/4875 4872/4872
f 4876/4876 4891/4891 4884/4884
f 4877/4877 4870/4870 4868/4868
f 940/940 941/941 939/939
f 4497/4497 4496/4496 4495/4495
f 4877/4877 4883/4883 4870/4870
f 4884/4884 4889/4889 4888/4888
f 4889/4889 4890/4890 4888/4888
f 4888/4888 4890/4890 4883/4883
f 1937/1937 1955/1955 1938/1938
f 1935/1935 1938/1938 1949/1949
f 1935/1935 1949/1949 1936/1936
f 125/125 158/158 159/159
f 5786/5786 5780/5780 5781/5781
f 5780/5780 5771/5771 5781/5781
f 5771/5771 5765/5765 5764/5764
f 120/120 126/126 125/125
f 5764/5764 5762/5762 5756/5756
f 5756/5756 5762/5762 5757/5757
f 146/146 148/148 128/128
f 128/128 127/127 120/120
f 2613/2613 2628/2628 2630/2630
f 5193/5193 5196/5196 5204/5204
f 2668/2668 2716/2716 2673/2673
f 1035/1035 1034/1034 1154/1154
f 1494/1494 1497/1497 1491/1491
f 2668/2668 2677/2677 2718/2718
f 2668/2668 2718/2718 2716/2716
f 2677/2677 2719/2719 2718/2718
f 2676/2676 2717/2717 2677/2677
f 2717/2717 2719/2719 2677/2677
f 1028/1028 1027/1027 1029/1029
f 2675/2675 2671/2671 2712/2712
f 2676/2676 2675/2675 2712/2712
f 1071/1071 1022/1022 1028/1028
f 1028/1028 1022/1022 1027/1027
f 1022/1022 1025/1025 1027/1027
f 1025/1025 1026/1026 1066/1066
f 1031/1031 1036/1036 1032/1032
f 1031/1031 1066/1066 1036/1036
f 1025/1025 1004/1004 1026/1026
f 1004/1004 1070/1070 1026/1026
f 2653/2653 2652/2652 2672/2672
f 4947/4947 4945/4945 4942/4942
f 2530/2530 2531/2531 2534/2534
f 1013/1013 1078/1078 1017/1017
f 996/996 1008/1008 1013/1013
f 2009/2009 2001/2001 2010/2010
f 5841/5841 5842/5842 5843/5843
f 6098/6098 6100/6100 6099/6099
f 999/999 1010/1010 1012/1012
f 3203/3203 3198/3198 3197/3197
f 1006/1006 1010/1010 999/999
f 2001/2001 2002/2002 1995/1995
f 1086/1086 1088/1088 1087/1087
f 1088/1088 1018/1018 1087/1087
f 1088/1088 1089/1089 1018/1018
f 2002/2002 1971/1971 1995/1995
f 1438/1438 1454/1454 1457/1457
f 1144/1144 1092/1092 1143/1143
f 1092/1092 1091/1091 1143/1143
f 5965/5965 5961/5961 5964/5964
f 1971/1971 1962/1962 1954/1954
f 1440/1440 1441/1441 1442/1442
f 1954/1954 1962/1962 1937/1937
f 1442/1442 1443/1443 1449/1449
f 1449/1449 1448/1448 1461/1461
f 4410/4410 4408/4408 4402/4402
f 5950/5950 5939/5939 5953/5953
f 5950/5950 5949/5949 5932/5932
f 5932/5932 5939/5939 5950/5950
f 1122/1122 1131/1131 1132/1132
f 1131/1131 1133/1133 1132/1132
f 4496/4496 4489/4489 4495/4495
f 4870/4870 4883/4883 4874/4874
f 4883/4883 4886/4886 4874/4874
f 4489/4489 4486/4486 4493/4493
f 4495/4495 4489/4489 4493/4493
f 4486/4486 4488/4488 4493/4493
f 4883/4883 4890/4890 4886/4886
f 4493/4493 4488/4488 4491/4491
f 5722/5722 5736/5736 5735/5735
f 5741/5741 5744/5744 5745/5745
f 5723/5723 5725/5725 5724/5724
f 5758/5758 5759/5759 5760/5760
f 5776/5776 5765/5765 5771/5771
f 5757/5757 5759/5759 5758/5758
f 126/126 139/139 125/125
f 127/127 126/126 120/120
f 148/148 127/127 128/128
f 2623/2623 2621/2621 2619/2619
f 5220/5220 5216/5216 5217/5217
f 5220/5220 5217/5217 5218/5218
f 2673/2673 2664/2664 2668/2668
f 2666/2666 2648/2648 2676/2676
f 2648/2648 2671/2671 2675/2675
f 6396/6396 6394/6394 6393/6393
f 6393/6393 6394/6394 6395/6395
f 1036/1036 1037/1037 1032/1032
f 1032/1032 1037/1037 1047/1047
f 1037/1037 1067/1067 1047/1047
f 1047/1047 1048/1048 1046/1046
f 1048/1048 1049/1049 1046/1046
f 4946/4946 4944/4944 4945/4945
f 1067/1067 1061/1061 1047/1047
f 1047/1047 1061/1061 1048/1048
f 2534/2534 2531/2531 2535/2535
f 2654/2654 2687/2687 2678/2678
f 2652/2652 2654/2654 2678/2678
f 4945/4945 4944/4944 4942/4942
f 3161/3161 3160/3160 3162/3162
f 1008/1008 1074/1074 1013/1013
f 2735/2735 2732/2732 2770/2770
f 3198/3198 3192/3192 3197/3197
f 1142/1142 1088/1088 1086/1086
f 3197/3197 3192/3192 3196/3196
f 1006/1006 1007/1007 1009/1009
f 1006/1006 1009/1009 1010/1010
f 1143/1143 1091/1091 1142/1142
f 3500/3500 3491/3491 3508/3508
f 1142/1142 1091/1091 1088/1088
f 1018/1018 1095/1095 1096/1096
f 1096/1096 1011/1011 1007/1007
f 1007/1007 1011/1011 1009/1009
f 1437/1437 1436/1436 1438/1438
f 1018/1018 1089/1089 1095/1095
f 5961/5961 5963/5963 5964/5964
f 5964/5964 5963/5963 5983/5983
f 1088/1088 1091/1091 1090/1090
f 1088/1088 1090/1090 1089/1089
f 1438/1438 1450/1450 1454/1454
f 1092/1092 1090/1090 1091/1091
f 5966/5966 5961/5961 5965/5965
f 1092/1092 1098/1098 1090/1090
f 925/925 933/933 929/929
f 1098/1098 1099/1099 1090/1090
f 927/927 934/934 925/925
f 1100/1100 1099/1099 1098/1098
f 939/939 944/944 927/927
f 2345/2345 2407/2407 2339/2339
f 2336/2336 2345/2345 2339/2339
f 4402/4402 4406/4406 4403/4403
f 1441/1441 1443/1443 1442/1442
f 1443/1443 1448/1448 1449/1449
f 4874/4874 4880/4880 4879/4879
f 5953/5953 5940/5940 5954/5954
f 4874/4874 4887/4887 4880/4880
f 1937/1937 1962/1962 1955/1955
f 5949/5949 5931/5931 5932/5932
f 4489/4489 4494/4494 4487/4487
f 4874/4874 4886/4886 4887/4887
f 5940/5940 5948/5948 5954/5954
f 1132/1132 1133/1133 1134/1134
f 2332/2332 2331/2331 2330/2330
f 5736/5736 5739/5739 5735/5735
f 5735/5735 5739/5739 5741/5741
f 1949/1949 1965/1965 1936/1936
f 1936/1936 1965/1965 1948/1948
f 5786/5786 5787/5787 5780/5780
f 5760/5760 5729/5729 5725/5725
f 5757/5757 5762/5762 5759/5759
f 5764/5764 5765/5765 5762/5762
f 172/172 180/180 179/179
f 179/179 184/184 187/187
f 187/187 184/184 197/197
f 2621/2621 2606/2606 2618/2618
f 2401/2401 2379/2379 2381/2381
f 2664/2664 2673/2673 2663/2663
f 6395/6395 6394/6394 6397/6397
f 1036/1036 1147/1147 1037/1037
f 2646/2646 2652/2652 2653/2653
f 5561/5561 5562/5562 5550/5550
f 1061/1061 1060/1060 1048/1048
f 1048/1048 1050/1050 1049/1049
f 2689/2689 2692/2692 2694/2694
f 1012/1012 1074/1074 1008/1008
f 2010/2010 2013/2013 2009/2009
f 1012/1012 1010/1010 1074/1074
f 3199/3199 3195/3195 3198/3198
f 3198/3198 3195/3195 3192/3192
f 3192/3192 3186/3186 3196/3196
f 2002/2002 2006/2006 1971/1971
f 1096/1096 1105/1105 1011/1011
f 1432/1432 1436/1436 1437/1437
f 1436/1436 1450/1450 1438/1438
f 1436/1436 1431/1431 1450/1450
f 5966/5966 5974/5974 5961/5961
f 1089/1089 1093/1093 1094/1094
f 1089/1089 1094/1094 1095/1095
f 1094/1094 1104/1104 1095/1095
f 1089/1089 1090/1090 1093/1093
f 925/925 934/934 933/933
f 2346/2346 2345/2345 2336/2336
f 4290/4290 4301/4301 4292/4292
f 1099/1099 1102/1102 1090/1090
f 1090/1090 1102/1102 1097/1097
f 4882/4882 4879/4879 4881/4881
f 1093/1093 1101/1101 1094/1094
f 4301/4301 4302/4302 4292/4292
f 4878/4878 4873/4873 4879/4879
f 4869/4869 4873/4873 4878/4878
f 1461/1461 1448/1448 1462/1462
f 5939/5939 5940/5940 5953/5953
f 4491/4491 4490/4490 4492/4492
f 5948/5948 5940/5940 5941/5941
f 1134/1134 1133/1133 1139/1139
f 5696/5696 5700/5700 5699/5699
f 5948/5948 5941/5941 5947/5947
f 5700/5700 5701/5701 5699/5699
f 5701/5701 5702/5702 5699/5699
f 5947/5947 5944/5944 5951/5951
f 5701/5701 5705/5705 5702/5702
f 5736/5736 5738/5738 5739/5739
f 5722/5722 5729/5729 5736/5736
f 174/174 181/181 172/172
f 127/127 142/142 126/126
f 2613/2613 2598/2598 2614/2614
f 2661/2661 2668/2668 2664/2664
f 358/358 350/350 371/371
f 2668/2668 2662/2662 2677/2677
f 2666/2666 2677/2677 2662/2662
f 618/618 619/619 617/617
f 1147/1147 1141/1141 1037/1037
f 617/617 624/624 620/620
f 3532/3532 3527/3527 3530/3530
f 5550/5550 5562/5562 5539/5539
f 620/620 628/628 639/639
f 2528/2528 2526/2526 2529/2529
f 2531/2531 2526/2526 2532/2532
f 1048/1048 1060/1060 1050/1050
f 4944/4944 4940/4940 4942/4942
f 2325/2325 2301/2301 2324/2324
f 2301/2301 2269/2269 2317/2317
f 2324/2324 2301/2301 2317/2317
f 2001/2001 2009/2009 2002/2002
f 2322/2322 2319/2319 2325/2325
f 2321/2321 2320/2320 2319/2319
f 1096/1096 1095/1095 1105/1105
f 1971/1971 2005/2005 1962/1962
f 3900/3900 3901/3901 3899/3899
f 927/927 935/935 934/934
f 1450/1450 1431/1431 1440/1440
f 1440/1440 1431/1431 1415/1415
f 1440/1440 1415/1415 1441/1441
f 2775/2775 2755/2755 2773/2773
f 1090/1090 1097/1097 1093/1093
f 1094/1094 1101/1101 1104/1104
f 4408/4408 4407/4407 4402/4402
f 4402/4402 4407/4407 4406/4406
f 1441/1441 1409/1409 1439/1439
f 1439/1439 1443/1443 1441/1441
f 4881/4881 4880/4880 4885/4885
f 2331/2331 2326/2326 2330/2330
f 5940/5940 5936/5936 5941/5941
f 5696/5696 5699/5699 5697/5697
f 5696/5696 5697/5697 5698/5698
f 5699/5699 5702/5702 5697/5697
f 5697/5697 5702/5702 5703/5703
f 1938/1938 1955/1955 1963/1963
f 5947/5947 5941/5941 5944/5944
f 5705/5705 5706/5706 5703/5703
f 5702/5702 5705/5705 5703/5703
f 5944/5944 5952/5952 5951/5951
f 5705/5705 5708/5708 5706/5706
f 2315/2315 2305/2305 2327/2327
f 1938/1938 1963/1963 1949/1949
f 5738/5738 5742/5742 5739/5739
f 5736/5736 5737/5737 5738/5738
f 1949/1949 1970/1970 1965/1965
f 5760/5760 5777/5777 5729/5729
f 5776/5776 5775/5775 5765/5765
f 5775/5775 5767/5767 5765/5765
f 5762/5762 5766/5766 5759/5759
f 179/179 180/180 184/184
f 3556/3556 3555/3555 3562/3562
f 2401/2401 2399/2399 2379/2379
f 5194/5194 5195/5195 5192/5192
f 2661/2661 2662/2662 2668/2668
f 2666/2666 2655/2655 2648/2648
f 631/631 619/619 618/618
f 621/621 624/624 617/617
f 5507/5507 5550/5550 5527/5527
f 1141/1141 1067/1067 1037/1037
f 1141/1141 1149/1149 1067/1067
f 2531/2531 2532/2532 2535/2535
f 2532/2532 2554/2554 2536/2536
f 2535/2535 2532/2532 2536/2536
f 6392/6392 6389/6389 6391/6391
f 1067/1067 1058/1058 1061/1061
f 3521/3521 3520/3520 3525/3525
f 1058/1058 1060/1060 1061/1061
f 3160/3160 3158/3158 3181/3181
f 1050/1050 1051/1051 1049/1049
f 2325/2325 2299/2299 2301/2301
f 4940/4940 4941/4941 4942/4942
f 2319/2319 2297/2297 2325/2325
f 3195/3195 3190/3190 3192/3192
f 3192/3192 3190/3190 3186/3186
f 2323/2323 2313/2313 2302/2302
f 2323/2323 2302/2302 2320/2320
f 1095/1095 1104/1104 1135/1135
f 1095/1095 1135/1135 1105/1105
f 2991/2991 2988/2988 2990/2990
f 3186/3186 3187/3187 3200/3200
f 2992/2992 2989/2989 2991/2991
f 3200/3200 3187/3187 3211/3211
f 1415/1415 1414/1414 1441/1441
f 1441/1441 1414/1414 1409/1409
f 1443/1443 1439/1439 1444/1444
f 1101/1101 1140/1140 1136/1136
f 1443/1443 1444/1444 1448/1448
f 1962/1962 1978/1978 1955/1955
f 5939/5939 5936/5936 5940/5940
f 2326/2326 2316/2316 2329/2329
f 5936/5936 5942/5942 5941/5941
f 5697/5697 5703/5703 5704/5704
f 1955/1955 1978/1978 1963/1963
f 5703/5703 5706/5706 5704/5704
f 5704/5704 5706/5706 5707/5707
f 2311/2311 2307/2307 2315/2315
f 2315/2315 2307/2307 2305/2305
f 5742/5742 5743/5743 5739/5739
f 600/600 486/486 599/599
f 5759/5759 5777/5777 5760/5760
f 139/139 140/140 125/125
f 5765/5765 5767/5767 5766/5766
f 5765/5765 5766/5766 5762/5762
f 126/126 142/142 141/141
f 148/148 143/143 127/127
f 127/127 143/143 142/142
f 148/148 147/147 143/143
f 151/151 150/150 147/147
f 670/670 667/667 663/663
f 337/337 318/318 306/306
f 2655/2655 2640/2640 2648/2648
f 2637/2637 2648/2648 2640/2640
f 619/619 621/621 617/617
f 624/624 628/628 620/620
f 2532/2532 2522/2522 2539/2539
f 1149/1149 1150/1150 1067/1067
f 1067/1067 1075/1075 1058/1058
f 1060/1060 1058/1058 1050/1050
f 4940/4940 4938/4938 4941/4941
f 2325/2325 2297/2297 2299/2299
f 5691/5691 5690/5690 5689/5689
f 2002/2002 2009/2009 2008/2008
f 3190/3190 3184/3184 3186/3186
f 2319/2319 2302/2302 2297/2297
f 2002/2002 2007/2007 2006/2006
f 5961/5961 5957/5957 5962/5962
f 2312/2312 2313/2313 2323/2323
f 2988/2988 2987/2987 2990/2990
f 5974/5974 5980/5980 5961/5961
f 1432/1432 1427/1427 1436/1436
f 1436/1436 1427/1427 1431/1431
f 2346/2346 2352/2352 2345/2345
f 1104/1104 1136/1136 1135/1135
f 1431/1431 1427/1427 1415/1415
f 941/941 946/946 944/944
f 2345/2345 2404/2404 2407/2407
f 1104/1104 1101/1101 1136/1136
f 577/577 562/562 595/595
f 1409/1409 1411/1411 1439/1439
f 1444/1444 1447/1447 1448/1448
f 1448/1448 1447/1447 1462/1462
f 5932/5932 5934/5934 5939/5939
f 5939/5939 5934/5934 5936/5936
f 2326/2326 2304/2304 2316/2316
f 2326/2326 2305/2305 2304/2304
f 2305/2305 2306/2306 2300/2300
f 507/507 506/506 567/567
f 580/580 557/557 572/572
f 5759/5759 5778/5778 5777/5777
f 181/181 180/180 172/172
f 165/165 150/150 151/151
f 147/147 150/150 143/143
f 378/378 380/380 377/377
f 2598/2598 2604/2604 2614/2614
f 2379/2379 2376/2376 2378/2378
f 2408/2408 2378/2378 2377/2377
f 2522/2522 2540/2540 2539/2539
f 2650/2650 2651/2651 2654/2654
f 2526/2526 2522/2522 2532/2532
f 3150/3150 3146/3146 3149/3149
f 2654/2654 2651/2651 2691/2691
f 1141/1141 1148/1148 1149/1149
f 2527/2527 2526/2526 2528/2528
f 2654/2654 2691/2691 2687/2687
f 3149/3149 3146/3146 3144/3144
f 1067/1067 1150/1150 1075/1075
f 1075/1075 1059/1059 1058/1058
f 598/598 583/583 597/597
f 1059/1059 1052/1052 1058/1058
f 1058/1058 1052/1052 1050/1050
f 583/583 594/594 597/597
f 1052/1052 1051/1051 1050/1050
f 4940/4940 4939/4939 4938/4938
f 4941/4941 4938/4938 4952/4952
f 3190/3190 3191/3191 3184/3184
f 2008/2008 2007/2007 2002/2002
f 5980/5980 5960/5960 5961/5961
f 1428/1428 1427/1427 1432/1432
f 2302/2302 2313/2313 2243/2243
f 3184/3184 3185/3185 3186/3186
f 3186/3186 3185/3185 3187/3187
f 4288/4288 4291/4291 4283/4283
f 947/947 946/946 941/941
f 4408/4408 4409/4409 4407/4407
f 2755/2755 2752/2752 2726/2726
f 3211/3211 3212/3212 3213/3213
f 5934/5934 5933/5933 5936/5936
f 5936/5936 5933/5933 5942/5942
f 2305/2305 2300/2300 2304/2304
f 5942/5942 5930/5930 5943/5943
f 5943/5943 5935/5935 5945/5945
f 5945/5945 5935/5935 5946/5946
f 183/183 182/182 181/181
f 5784/5784 5782/5782 5776/5776
f 182/182 180/180 181/181
f 3553/3553 3552/3552 3555/3555
f 2399/2399 2398/2398 2379/2379
f 2379/2379 2398/2398 2376/2376
f 279/279 280/280 251/251
f 2526/2526 2525/2525 2522/2522
f 1148/1148 1150/1150 1149/1149
f 3144/3144 3140/3140 3143/3143
f 4226/4226 4223/4223 4228/4228
f 585/585 573/573 588/588
f 2259/2259 2269/2269 2301/2301
f 2299/2299 2259/2259 2301/2301
f 1052/1052 1053/1053 1051/1051
f 1053/1053 1056/1056 1051/1051
f 2297/2297 2239/2239 2299/2299
f 1430/1430 1429/1429 1428/1428
f 5961/5961 5960/5960 5957/5957
f 4938/4938 4936/4936 4952/4952
f 4287/4287 4288/4288 4283/4283
f 2353/2353 2397/2397 2345/2345
f 2352/2352 2353/2353 2345/2345
f 2303/2303 2278/2278 2312/2312
f 2345/2345 2397/2397 2404/2404
f 2785/2785 2781/2781 2784/2784
f 2785/2785 2784/2784 2783/2783
f 3187/3187 3218/3218 3212/3212
f 1427/1427 1419/1419 1415/1415
f 1415/1415 1412/1412 1414/1414
f 1414/1414 1412/1412 1409/1409
f 1409/1409 1410/1410 1411/1411
f 1411/1411 1446/1446 1439/1439
f 1439/1439 1445/1445 1444/1444
f 1444/1444 1445/1445 1447/1447
f 5922/5922 5923/5923 5931/5931
f 5931/5931 5923/5923 5919/5919
f 5931/5931 5919/5919 5932/5932
f 5933/5933 5930/5930 5942/5942
f 5943/5943 5930/5930 5935/5935
f 5935/5935 5938/5938 5946/5946
f 2308/2308 2310/2310 2306/2306
f 2310/2310 2300/2300 2306/2306
f 572/572 519/519 558/558
f 5766/5766 5779/5779 5778/5778
f 139/139 152/152 140/140
f 165/165 161/161 150/150
f 2622/2622 2616/2616 2609/2609
f 2567/2567 2569/2569 2570/2570
f 2570/2570 2569/2569 2571/2571
f 2376/2376 2377/2377 2378/2378
f 601/601 593/593 592/592
f 2561/2561 2563/2563 2564/2564
f 624/624 627/627 628/628
f 2540/2540 2521/2521 2542/2542
f 2546/2546 2549/2549 2550/2550
f 2550/2550 2549/2549 2551/2551
f 2525/2525 2520/2520 2522/2522
f 2520/2520 2521/2521 2522/2522
f 2522/2522 2521/2521 2540/2540
f 2527/2527 2525/2525 2526/2526
f 1150/1150 1152/1152 1075/1075
f 3140/3140 3135/3135 3143/3143
f 4224/4224 4223/4223 4226/4226
f 583/583 575/575 594/594
f 4223/4223 4225/4225 4228/4228
f 1068/1068 1054/1054 1059/1059
f 1059/1059 1054/1054 1052/1052
f 1052/1052 1054/1054 1053/1053
f 4938/4938 4939/4939 4937/4937
f 2988/2988 2978/2978 2987/2987
f 2302/2302 2237/2237 2297/2297
f 4287/4287 4283/4283 4282/4282
f 4938/4938 4937/4937 4936/4936
f 579/579 546/546 563/563
f 1427/1427 1428/1428 1425/1425
f 2313/2313 2278/2278 2243/2243
f 2780/2780 2779/2779 2783/2783
f 2784/2784 2780/2780 2783/2783
f 2783/2783 2779/2779 2789/2789
f 2726/2726 2752/2752 2727/2727
f 947/947 958/958 946/946
f 563/563 562/562 577/577
f 1419/1419 1412/1412 1415/1415
f 3212/3212 3218/3218 3214/3214
f 1412/1412 1410/1410 1409/1409
f 3212/3212 3214/3214 3213/3213
f 1439/1439 1446/1446 1445/1445
f 5932/5932 5919/5919 5934/5934
f 5934/5934 5919/5919 5924/5924
f 5930/5930 5912/5912 5935/5935
f 5935/5935 5912/5912 5916/5916
f 5935/5935 5916/5916 5938/5938
f 463/463 494/494 487/487
f 183/183 188/188 182/182
f 558/558 519/519 547/547
f 547/547 515/515 537/537
f 141/141 160/160 152/152
f 142/142 160/160 141/141
f 143/143 157/157 142/142
f 150/150 155/155 143/143
f 184/184 180/180 196/196
f 150/150 161/161 155/155
f 2616/2616 2607/2607 2609/2609
f 2398/2398 2392/2392 2376/2376
f 2655/2655 2656/2656 2639/2639
f 631/631 637/637 619/619
f 2655/2655 2639/2639 2640/2640
f 2567/2567 2568/2568 2569/2569
f 2572/2572 2575/2575 2574/2574
f 280/280 270/270 251/251
f 2566/2566 2565/2565 2567/2567
f 2567/2567 2565/2565 2568/2568
f 2571/2571 2572/2572 2573/2573
f 2573/2573 2572/2572 2574/2574
f 619/619 632/632 621/621
f 2564/2564 2563/2563 2565/2565
f 2564/2564 2565/2565 2566/2566
f 2561/2561 2562/2562 2563/2563
f 2560/2560 2562/2562 2561/2561
f 2557/2557 2558/2558 2559/2559
f 2559/2559 2558/2558 2560/2560
f 621/621 626/626 624/624
f 2557/2557 2555/2555 2558/2558
f 2556/2556 2555/2555 2557/2557
f 624/624 626/626 627/627
f 2551/2551 2555/2555 2556/2556
f 2542/2542 2521/2521 2552/2552
f 2547/2547 2548/2548 2546/2546
f 2527/2527 2533/2533 2525/2525
f 1151/1151 1153/1153 1152/1152
f 1151/1151 1152/1152 1150/1150
f 2309/2309 2268/2268 2333/2333
f 4227/4227 4198/4198 4224/4224
f 3143/3143 3135/3135 3145/3145
f 4224/4224 4198/4198 4223/4223
f 2241/2241 2245/2245 2299/2299
f 2239/2239 2241/2241 2299/2299
f 1068/1068 1064/1064 1054/1054
f 1053/1053 1055/1055 1056/1056
f 5960/5960 5959/5959 5957/5957
f 3191/3191 3189/3189 3184/3184
f 1054/1054 1055/1055 1053/1053
f 1055/1055 1057/1057 1056/1056
f 2237/2237 2239/2239 2297/2297
f 4294/4294 4279/4279 4280/4280
f 1428/1428 1429/1429 1425/1425
f 4937/4937 4935/4935 4936/4936
f 546/546 548/548 563/563
f 1427/1427 1425/1425 1419/1419
f 563/563 548/548 543/543
f 505/505 502/502 501/501
f 5934/5934 5924/5924 5915/5915
f 3292/3292 3277/3277 3287/3287
f 2304/2304 2300/2300 2289/2289
f 5933/5933 5918/5918 5930/5930
f 2287/2287 2289/2289 2300/2300
f 2310/2310 2287/2287 2300/2300
f 2290/2290 2287/2287 2310/2310
f 466/466 478/478 464/464
f 188/188 180/180 182/182
f 619/619 637/637 632/632
f 2571/2571 2569/2569 2572/2572
f 2376/2376 2374/2374 2377/2377
f 621/621 632/632 626/626
f 2521/2521 2553/2553 2552/2552
f 2552/2552 2548/2548 2547/2547
f 3135/3135 3137/3137 3145/3145
f 4198/4198 4196/4196 4223/4223
f 4223/4223 4196/4196 4225/4225
f 5955/5955 5928/5928 5956/5956
f 5958/5958 5955/5955 5957/5957
f 4225/4225 4196/4196 4222/4222
f 1068/1068 1145/1145 1064/1064
f 2355/2355 2354/2354 2352/2352
f 2352/2352 2354/2354 2353/2353
f 1054/1054 1064/1064 1055/1055
f 2780/2780 2778/2778 2779/2779
f 2779/2779 2778/2778 2777/2777
f 1055/1055 1062/1062 1057/1057
f 2792/2792 2782/2782 2781/2781
f 2353/2353 2354/2354 2397/2397
f 569/569 459/459 488/488
f 2303/2303 2277/2277 2278/2278
f 5921/5921 5893/5893 5889/5889
f 4931/4931 4943/4943 4936/4936
f 5921/5921 5889/5889 5917/5917
f 5917/5917 5892/5892 5922/5922
f 3213/3213 3215/3215 3219/3219
f 5933/5933 5915/5915 5918/5918
f 5930/5930 5918/5918 5912/5912
f 476/476 495/495 479/479
f 490/490 484/484 491/491
f 6831/6831 6834/6834 6833/6833
f 6885/6885 6832/6832 6833/6833
f 6916/6916 6917/6917 6918/6918
f 6887/6887 6821/6821 6886/6886
f 2656/2656 2683/2683 2639/2639
f 6879/6879 6867/6867 6869/6869
f 6868/6868 6874/6874 6873/6873
f 6912/6912 6881/6881 6879/6879
f 2520/2520 2523/2523 2521/2521
f 3585/3585 3567/3567 3569/3569
f 3193/3193 3189/3189 3191/3191
f 2239/2239 2238/2238 2241/2241
f 4268/4268 4281/4281 4276/4276
f 1435/1435 1434/1434 1429/1429
f 4909/4909 4921/4921 4910/4910
f 4280/4280 4279/4279 4276/4276
f 4281/4281 4280/4280 4276/4276
f 2237/2237 2238/2238 2239/2239
f 3189/3189 3188/3188 3184/3184
f 2781/2781 2778/2778 2780/2780
f 1145/1145 1073/1073 1064/1064
f 1429/1429 1426/1426 1425/1425
f 3188/3188 3185/3185 3184/3184
f 1064/1064 1073/1073 1063/1063
f 1064/1064 1063/1063 1055/1055
f 1063/1063 1062/1062 1055/1055
f 459/459 569/569 568/568
f 1426/1426 1422/1422 1425/1425
f 3185/3185 3214/3214 3218/3218
f 1063/1063 1065/1065 1062/1062
f 4935/4935 4931/4931 4936/4936
f 457/457 485/485 544/544
f 465/465 460/460 462/462
f 1412/1412 1413/1413 1410/1410
f 548/548 530/530 543/543
f 5923/5923 5888/5888 5919/5919
f 5919/5919 5885/5885 5924/5924
f 2287/2287 2283/2283 2289/2289
f 5918/5918 5910/5910 5912/5912
f 5912/5912 5911/5911 5916/5916
f 2290/2290 2286/2286 2287/2287
f 2616/2616 2611/2611 2607/2607
f 2607/2607 2610/2610 2603/2603
f 2600/2600 2608/2608 2624/2624
f 6862/6862 6876/6876 6868/6868
f 6868/6868 6876/6876 6875/6875
f 4230/4230 4232/4232 4236/4236
f 3600/3600 3599/3599 3598/3598
f 2376/2376 2392/2392 2375/2375
f 3598/3598 3599/3599 3593/3593
f 3598/3598 3593/3593 3596/3596
f 2376/2376 2375/2375 2374/2374
f 3596/3596 3593/3593 3595/3595
f 3593/3593 3594/3594 3595/3595
f 3595/3595 3594/3594 3597/3597
f 452/452 444/444 435/435
f 2520/2520 2524/2524 2523/2523
f 2651/2651 2670/2670 2680/2680
f 2651/2651 2680/2680 2691/2691
f 2680/2680 2700/2700 2691/2691
f 3139/3139 3135/3135 3140/3140
f 2253/2253 2257/2257 2268/2268
f 4227/4227 4200/4200 4198/4198
f 4198/4198 4200/4200 4197/4197
f 4198/4198 4197/4197 4196/4196
f 2241/2241 2238/2238 2242/2242
f 4908/4908 4910/4910 4912/4912
f 2355/2355 2356/2356 2354/2354
f 4196/4196 4192/4192 4222/4222
f 2790/2790 2782/2782 2792/2792
f 1429/1429 1434/1434 1426/1426
f 3189/3189 3194/3194 3188/3188
f 2240/2240 2238/2238 2237/2237
f 2781/2781 2782/2782 2778/2778
f 2276/2276 2244/2244 2278/2278
f 2278/2278 2244/2244 2243/2243
f 2277/2277 2276/2276 2278/2278
f 1425/1425 1422/1422 1419/1419
f 1422/1422 1418/1418 1419/1419
f 1419/1419 1418/1418 1412/1412
f 1412/1412 1418/1418 1413/1413
f 4935/4935 4934/4934 4931/4931
f 1410/1410 1413/1413 1416/1416
f 3214/3214 3216/3216 3215/3215
f 3215/3215 3216/3216 3219/3219
f 5922/5922 5892/5892 5923/5923
f 5919/5919 5888/5888 5885/5885
f 5885/5885 5890/5890 5924/5924
f 5924/5924 5890/5890 5915/5915
f 517/517 530/530 527/527
f 517/517 527/527 514/514
f 5915/5915 5910/5910 5918/5918
f 2287/2287 2286/2286 2283/2283
f 2616/2616 2620/2620 2611/2611
f 6863/6863 6865/6865 6864/6864
f 2656/2656 2681/2681 2683/2683
f 3600/3600 3601/3601 3599/3599
f 2392/2392 2403/2403 2375/2375
f 4230/4230 4231/4231 4232/4232
f 2375/2375 2373/2373 2374/2374
f 2374/2374 2373/2373 2372/2372
f 3148/3148 3141/3141 3146/3146
f 3140/3140 3141/3141 3139/3139
f 4197/4197 4195/4195 4196/4196
f 2357/2357 2356/2356 2355/2355
f 2791/2791 2790/2790 2792/2792
f 5928/5928 5927/5927 5926/5926
f 3189/3189 3193/3193 3194/3194
f 2790/2790 2786/2786 2782/2782
f 2243/2243 2244/2244 2240/2240
f 532/532 526/526 529/529
f 2150/2150 2139/2139 2149/2149
f 2277/2277 2275/2275 2276/2276
f 4222/4222 4192/4192 4191/4191
f 2752/2752 2741/2741 2727/2727
f 4191/4191 4190/4190 4189/4189
f 5889/5889 5892/5892 5917/5917
f 3216/3216 3210/3210 3219/3219
f 5890/5890 5891/5891 5915/5915
f 5891/5891 5910/5910 5915/5915
f 5910/5910 5908/5908 5912/5912
f 5912/5912 5908/5908 5911/5911
f 6080/6080 6078/6078 6077/6077
f 2611/2611 2620/2620 2627/2627
f 6076/6076 6079/6079 6077/6077
f 6081/6081 6082/6082 6083/6083
f 6081/6081 6083/6083 6087/6087
f 6087/6087 6083/6083 6085/6085
f 6087/6087 6085/6085 6084/6084
f 6084/6084 6085/6085 6086/6086
f 6928/6928 6931/6931 6929/6929
f 6928/6928 6929/6929 6930/6930
f 2375/2375 2403/2403 2409/2409
f 2375/2375 2409/2409 2373/2373
f 2373/2373 2370/2370 2372/2372
f 4200/4200 4203/4203 4197/4197
f 3138/3138 3136/3136 3135/3135
f 2249/2249 2246/2246 2253/2253
f 2369/2369 2358/2358 2357/2357
f 1639/1639 1637/1637 1640/1640
f 2242/2242 2246/2246 2245/2245
f 3569/3569 3568/3568 3571/3571
f 2357/2357 2358/2358 2356/2356
f 4271/4271 4267/4267 4270/4270
f 4265/4265 4266/4266 4264/4264
f 4267/4267 4269/4269 4270/4270
f 4195/4195 4192/4192 4196/4196
f 443/443 422/422 457/457
f 3193/3193 3201/3201 3194/3194
f 3573/3573 3579/3579 3581/3581
f 3188/3188 3204/3204 3185/3185
f 1422/1422 1426/1426 1424/1424
f 3185/3185 3204/3204 3214/3214
f 1422/1422 1424/1424 1418/1418
f 3214/3214 3217/3217 3216/3216
f 1063/1063 1069/1069 1065/1065
f 5893/5893 5883/5883 5889/5889
f 3216/3216 3217/3217 3210/3210
f 5892/5892 5884/5884 5923/5923
f 5923/5923 5884/5884 5888/5888
f 3272/3272 3284/3284 3279/3279
f 6407/6407 6408/6408 6409/6409
f 2286/2286 2285/2285 2283/2283
f 5908/5908 5909/5909 5911/5911
f 6083/6083 6088/6088 6085/6085
f 6898/6898 6901/6901 6897/6897
f 4231/4231 4240/4240 4233/4233
f 4544/4544 4546/4546 4545/4545
f 3148/3148 3147/3147 3141/3141
f 4122/4122 4121/4121 4117/4117
f 2372/2372 2370/2370 2371/2371
f 2263/2263 2328/2328 2257/2257
f 2371/2371 2370/2370 2369/2369
f 4200/4200 4206/4206 4203/4203
f 2253/2253 2256/2256 2257/2257
f 2369/2369 2368/2368 2358/2358
f 3135/3135 3136/3136 3137/3137
f 3567/3567 3568/3568 3569/3569
f 4273/4273 4271/4271 4272/4272
f 2242/2242 2251/2251 2246/2246
f 1640/1640 1657/1657 1642/1642
f 4256/4256 4258/4258 4259/4259
f 4258/4258 4263/4263 4259/4259
f 3568/3568 3572/3572 3571/3571
f 2238/2238 2247/2247 2242/2242
f 4264/4264 4257/4257 4256/4256
f 4256/4256 4257/4257 4258/4258
f 2248/2248 2247/2247 2238/2238
f 3571/3571 3572/3572 3573/3573
f 2790/2790 2791/2791 2786/2786
f 2778/2778 2787/2787 2788/2788
f 3572/3572 3574/3574 3573/3573
f 439/439 419/419 421/421
f 439/439 421/421 443/443
f 4266/4266 4257/4257 4264/4264
f 4195/4195 4193/4193 4192/4192
f 5927/5927 5937/5937 5920/5920
f 5927/5927 5920/5920 5926/5926
f 4266/4266 4262/4262 4257/4257
f 2238/2238 2240/2240 2248/2248
f 3207/3207 3206/3206 3194/3194
f 3207/3207 3194/3194 3201/3201
f 3573/3573 3574/3574 3579/3579
f 2244/2244 2250/2250 2240/2240
f 1434/1434 1433/1433 1426/1426
f 2276/2276 2274/2274 2244/2244
f 2119/2119 2115/2115 2113/2113
f 2119/2119 2113/2113 2120/2120
f 3194/3194 3206/3206 3188/3188
f 2139/2139 2136/2136 2149/2149
f 2113/2113 2117/2117 2120/2120
f 2120/2120 2117/2117 2127/2127
f 2127/2127 2128/2128 2139/2139
f 1426/1426 1433/1433 1424/1424
f 3214/3214 3204/3204 3217/3217
f 1424/1424 1420/1420 1418/1418
f 4192/4192 4190/4190 4191/4191
f 1418/1418 1420/1420 1413/1413
f 1416/1416 1423/1423 1417/1417
f 5893/5893 5894/5894 5883/5883
f 4190/4190 4188/4188 4189/4189
f 4189/4189 4188/4188 4187/4187
f 1069/1069 1146/1146 1065/1065
f 5889/5889 5882/5882 5892/5892
f 4934/4934 4929/4929 4931/4931
f 5892/5892 5882/5882 5884/5884
f 5891/5891 5906/5906 5910/5910
f 5906/5906 5908/5908 5910/5910
f 2683/2683 2708/2708 2643/2643
f 4298/4298 4286/4286 4297/4297
f 3141/3141 3138/3138 3139/3139
f 2370/2370 2368/2368 2369/2369
f 2246/2246 2251/2251 2256/2256
f 2358/2358 2368/2368 2359/2359
f 4203/4203 4199/4199 4197/4197
f 3567/3567 3570/3570 3568/3568
f 2359/2359 2356/2356 2358/2358
f 4197/4197 4199/4199 4195/4195
f 4195/4195 4199/4199 4193/4193
f 2856/2856 2862/2862 2861/2861
f 4262/4262 4261/4261 4257/4257
f 4257/4257 4260/4260 4258/4258
f 4257/4257 4261/4261 4260/4260
f 2883/2883 2882/2882 2862/2862
f 5926/5926 5920/5920 5903/5903
f 5417/5417 5413/5413 5412/5412
f 5418/5418 5417/5417 5412/5412
f 5412/5412 5414/5414 5415/5415
f 5415/5415 5414/5414 5416/5416
f 4192/4192 4193/4193 4194/4194
f 2149/2149 2136/2136 2146/2146
f 3188/3188 3209/3209 3208/3208
f 3188/3188 3208/3208 3204/3204
f 2279/2279 2273/2273 2275/2275
f 2127/2127 2117/2117 2128/2128
f 2139/2139 2128/2128 2136/2136
f 4192/4192 4194/4194 4190/4190
f 1420/1420 1416/1416 1413/1413
f 3210/3210 3217/3217 3204/3204
f 5883/5883 5881/5881 5889/5889
f 5889/5889 5881/5881 5882/5882
f 4188/4188 4185/4185 4187/4187
f 4187/4187 4185/4185 4186/4186
f 3276/3276 3275/3275 3268/3268
f 3276/3276 3272/3272 3279/3279
f 4931/4931 4930/4930 4933/4933
f 5908/5908 5907/5907 5909/5909
f 1709/1709 1708/1708 1698/1698
f 1685/1685 1683/1683 1684/1684
f 2702/2702 2680/2680 2670/2670
f 2680/2680 2710/2710 2700/2700
f 4206/4206 4218/4218 4214/4214
f 4206/4206 4214/4214 4203/4203
f 2370/2370 2416/2416 2368/2368
f 4203/4203 4214/4214 4213/4213
f 4275/4275 4284/4284 4285/4285
f 2797/2797 2798/2798 2799/2799
f 4667/4667 4666/4666 4668/4668
f 4203/4203 4213/4213 4209/4209
f 4203/4203 4209/4209 4204/4204
f 4203/4203 4204/4204 4199/4199
f 2787/2787 2797/2797 2794/2794
f 2845/2845 2843/2843 2844/2844
f 2845/2845 2846/2846 2843/2843
f 2854/2854 2853/2853 2846/2846
f 2846/2846 2853/2853 2843/2843
f 2854/2854 2856/2856 2853/2853
f 2856/2856 2861/2861 2853/2853
f 2862/2862 2881/2881 2861/2861
f 2274/2274 2252/2252 2244/2244
f 2244/2244 2252/2252 2250/2250
f 2882/2882 2881/2881 2862/2862
f 5412/5412 5413/5413 5414/5414
f 1420/1420 1421/1421 1416/1416
f 1416/1416 1421/1421 1423/1423
f 3297/3297 3283/3283 3279/3279
f 3283/3283 3276/3276 3279/3279
f 4190/4190 4194/4194 4188/4188
f 3275/3275 3276/3276 3283/3283
f 5884/5884 5885/5885 5888/5888
f 5890/5890 5886/5886 5891/5891
f 5906/5906 5907/5907 5908/5908
f 5909/5909 5907/5907 5914/5914
f 4792/4792 4797/4797 4796/4796
f 1669/1669 1666/1666 1673/1673
f 1666/1666 1665/1665 1674/1674
f 2702/2702 2710/2710 2680/2680
f 2261/2261 2262/2262 2256/2256
f 2857/2857 2847/2847 2855/2855
f 2700/2700 2710/2710 2709/2709
f 6352/6352 6353/6353 6354/6354
f 2796/2796 2798/2798 2797/2797
f 4209/4209 4210/4210 4204/4204
f 2250/2250 2255/2255 2248/2248
f 2861/2861 2867/2867 2853/2853
f 5417/5417 5419/5419 5413/5413
f 5903/5903 5920/5920 5900/5900
f 5903/5903 5900/5900 5901/5901
f 3221/3221 3222/3222 3208/3208
f 3297/3297 3296/3296 3283/3283
f 5895/5895 5887/5887 5894/5894
f 5894/5894 5887/5887 5883/5883
f 5873/5873 5881/5881 5883/5883
f 3281/3281 3273/3273 3278/3278
f 4194/4194 4216/4216 4188/4188
f 3278/3278 3273/3273 3274/3274
f 3274/3274 3268/3268 3275/3275
f 5891/5891 5886/5886 5904/5904
f 5891/5891 5904/5904 5905/5905
f 4188/4188 4216/4216 4185/4185
f 5884/5884 5879/5879 5885/5885
f 5885/5885 5879/5879 5890/5890
f 5890/5890 5879/5879 5886/5886
f 4929/4929 4930/4930 4931/4931
f 1668/1668 1667/1667 1666/1666
f 1790/1790 1783/1783 1791/1791
f 4214/4214 4215/4215 4217/4217
f 2855/2855 2847/2847 2850/2850
f 4209/4209 4215/4215 4210/4210
f 4193/4193 4199/4199 4201/4201
f 3572/3572 3575/3575 3574/3574
f 3575/3575 3582/3582 3579/3579
f 3574/3574 3575/3575 3579/3579
f 2881/2881 2867/2867 2861/2861
f 2273/2273 2252/2252 2274/2274
f 2115/2115 2106/2106 2113/2113
f 2882/2882 2892/2892 2881/2881
f 2113/2113 2116/2116 2117/2117
f 2117/2117 2116/2116 2128/2128
f 5901/5901 5900/5900 5898/5898
f 5874/5874 5870/5870 5881/5881
f 5881/5881 5870/5870 5882/5882
f 4194/4194 4202/4202 4216/4216
f 3293/3293 3294/3294 3274/3274
f 5882/5882 5869/5869 5884/5884
f 4216/4216 4184/4184 4185/4185
f 4185/4185 4177/4177 4186/4186
f 4929/4929 4932/4932 4930/4930
f 1791/1791 1783/1783 1779/1779
f 1791/1791 1779/1779 1794/1794
f 1794/1794 1779/1779 1793/1793
f 3138/3138 3103/3103 3136/3136
f 3570/3570 3577/3577 3568/3568
f 2843/2843 2841/2841 2844/2844
f 3568/3568 3577/3577 3576/3576
f 3568/3568 3576/3576 3572/3572
f 2853/2853 2842/2842 2843/2843
f 2853/2853 2860/2860 2842/2842
f 4199/4199 4204/4204 4201/4201
f 2853/2853 2863/2863 2860/2860
f 2867/2867 2863/2863 2853/2853
f 5422/5422 5426/5426 5425/5425
f 2272/2272 2252/2252 2273/2273
f 2885/2885 2867/2867 2881/2881
f 4193/4193 4201/4201 4194/4194
f 2106/2106 2111/2111 2113/2113
f 2136/2136 2126/2126 2146/2146
f 2113/2113 2111/2111 2116/2116
f 2128/2128 2116/2116 2126/2126
f 2128/2128 2126/2126 2136/2136
f 4194/4194 4201/4201 4202/4202
f 5897/5897 5896/5896 5895/5895
f 5874/5874 5868/5868 5870/5870
f 5870/5870 5869/5869 5882/5882
f 5886/5886 5880/5880 5904/5904
f 4202/4202 4208/4208 4216/4216
f 2294/2294 2291/2291 2284/2284
f 5884/5884 5869/5869 5879/5879
f 4216/4216 4208/4208 4184/4184
f 4185/4185 4184/4184 4177/4177
f 1785/1785 1783/1783 1784/1784
f 1779/1779 1773/1773 1793/1793
f 1793/1793 1773/1773 1795/1795
f 5428/5428 5427/5427 5422/5422
f 2843/2843 2842/2842 2841/2841
f 5422/5422 5427/5427 5426/5426
f 2271/2271 2270/2270 2252/2252
f 2881/2881 2892/2892 2885/2885
f 2126/2126 2138/2138 2146/2146
f 5897/5897 5899/5899 5896/5896
f 5886/5886 5877/5877 5880/5880
f 5879/5879 5877/5877 5886/5886
f 1700/1700 1707/1707 1687/1687
f 1772/1772 1780/1780 1784/1784
f 2855/2855 2850/2850 2852/2852
f 3099/3099 3103/3103 3138/3138
f 4215/4215 4221/4221 4210/4210
f 2844/2844 2841/2841 2848/2848
f 3576/3576 3578/3578 3572/3572
f 1773/1773 1774/1774 1788/1788
f 3572/3572 3578/3578 3575/3575
f 2867/2867 2872/2872 2863/2863
f 2138/2138 2125/2125 2145/2145
f 2106/2106 2104/2104 2111/2111
f 4201/4201 4205/4205 4202/4202
f 4205/4205 4208/4208 4202/4202
f 5869/5869 5868/5868 5866/5866
f 5866/5866 5877/5877 5879/5879
f 4208/4208 4183/4183 4184/4184
f 4177/4177 4178/4178 4179/4179
f 5673/5673 5674/5674 5675/5675
f 1681/1681 1677/1677 1664/1664
f 1773/1773 1761/1761 1733/1733
f 1593/1593 1659/1659 1582/1582
f 4210/4210 4212/4212 4204/4204
f 4204/4204 4212/4212 4207/4207
f 4204/4204 4207/4207 4201/4201
f 3578/3578 3583/3583 3575/3575
f 3575/3575 3583/3583 3582/3582
f 2106/2106 2105/2105 2104/2104
f 2867/2867 2885/2885 2872/2872
f 2107/2107 2118/2118 2116/2116
f 2116/2116 2118/2118 2126/2126
f 5868/5868 5872/5872 5867/5867
f 5872/5872 5871/5871 5867/5867
f 5867/5867 5871/5871 5865/5865
f 5865/5865 5866/5866 5867/5867
f 5866/5866 5865/5865 5877/5877
f 4183/4183 4180/4180 4177/4177
f 4177/4177 4180/4180 4178/4178
f 4781/4781 4783/4783 4784/4784
f 1687/1687 1710/1710 1688/1688
f 4111/4111 4112/4112 4109/4109
f 2841/2841 2837/2837 2840/2840
f 3576/3576 3580/3580 3578/3578
f 1623/1623 1628/1628 1630/1630
f 2863/2863 2871/2871 2860/2860
f 2872/2872 2871/2871 2863/2863
f 2885/2885 2887/2887 2872/2872
f 2887/2887 2871/2871 2872/2872
f 2104/2104 2107/2107 2111/2111
f 2111/2111 2107/2107 2116/2116
f 4201/4201 4207/4207 4205/4205
f 4208/4208 4205/4205 4183/4183
f 4115/4115 4098/4098 4099/4099
f 3103/3103 3095/3095 3123/3123
f 2841/2841 2838/2838 2837/2837
f 2841/2841 2842/2842 2838/2838
f 3580/3580 3584/3584 3578/3578
f 2842/2842 2864/2864 2838/2838
f 2842/2842 2860/2860 2864/2864
f 2145/2145 2125/2125 2140/2140
f 1600/1600 1599/1599 1660/1660
f 2118/2118 2125/2125 2138/2138
f 2107/2107 2114/2114 2118/2118
f 4590/4590 4589/4589 4591/4591
f 5065/5065 5067/5067 5068/5068
f 5065/5065 5066/5066 5067/5067
f 1710/1710 1713/1713 1688/1688
f 1688/1688 1713/1713 1691/1691
f 4099/4099 4098/4098 4093/4093
f 4098/4098 4096/4096 4093/4093
f 2840/2840 2837/2837 2839/2839
f 4212/4212 4220/4220 4207/4207
f 2105/2105 2102/2102 2104/2104
f 1591/1591 1594/1594 1588/1588
f 2104/2104 2102/2102 2103/2103
f 4207/4207 4220/4220 4211/4211
f 2118/2118 2100/2100 2125/2125
f 2100/2100 2095/2095 2125/2125
f 4207/4207 4211/4211 4205/4205
f 4183/4183 4182/4182 4180/4180
f 4180/4180 4181/4181 4178/4178
f 4781/4781 4782/4782 4783/4783
f 3739/3739 3738/3738 3742/3742
f 2837/2837 2831/2831 2839/2839
f 2838/2838 2836/2836 2837/2837
f 2837/2837 2836/2836 2831/2831
f 1594/1594 1592/1592 1595/1595
f 2864/2864 2865/2865 2838/2838
f 2838/2838 2865/2865 2836/2836
f 2864/2864 2875/2875 2865/2865
f 2104/2104 2103/2103 2107/2107
f 2095/2095 2094/2094 2125/2125
f 2125/2125 2094/2094 2140/2140
f 2887/2887 2894/2894 2871/2871
f 2107/2107 2110/2110 2114/2114
f 4205/4205 4211/4211 4182/4182
f 5065/5065 5064/5064 5066/5066
f 3739/3739 3735/3735 3738/3738
f 4096/4096 4097/4097 4094/4094
f 1691/1691 1715/1715 1692/1692
f 2839/2839 2831/2831 2849/2849
f 2831/2831 2805/2805 2810/2810
f 2831/2831 2835/2835 2803/2803
f 2831/2831 2803/2803 2805/2805
f 2803/2803 2804/2804 2805/2805
f 1695/1695 1702/1702 1706/1706
f 2864/2864 2878/2878 2875/2875
f 2107/2107 2103/2103 2110/2110
f 2118/2118 2114/2114 2100/2100
f 1718/1718 1719/1719 1723/1723
f 4787/4787 4785/4785 4781/4781
f 4785/4785 4782/4782 4781/4781
f 4588/4588 4580/4580 4589/4589
f 5065/5065 5063/5063 5064/5064
f 2858/2858 2849/2849 2817/2817
f 2849/2849 2810/2810 2817/2817
f 2817/2817 2810/2810 2809/2809
f 2849/2849 2831/2831 2810/2810
f 2810/2810 2805/2805 2809/2809
f 1692/1692 1715/1715 1701/1701
f 2835/2835 2866/2866 2803/2803
f 2803/2803 2822/2822 2804/2804
f 2102/2102 2099/2099 2103/2103
f 2866/2866 2832/2832 2803/2803
f 2096/2096 2095/2095 2100/2100
f 2095/2095 2041/2041 2094/2094
f 2140/2140 2094/2094 2137/2137
f 4788/4788 4785/4785 4787/4787
f 4581/4581 4580/4580 4588/4588
f 3737/3737 3741/3741 3738/3738
f 3735/3735 3737/3737 3738/3738
f 3100/3100 3096/3096 3101/3101
f 2859/2859 2849/2849 2858/2858
f 5397/5397 5398/5398 5399/5399
f 2805/2805 2806/2806 2809/2809
f 2804/2804 2822/2822 2808/2808
f 4789/4789 4790/4790 4785/4785
f 2099/2099 2109/2109 2103/2103
f 2103/2103 2109/2109 2110/2110
f 2870/2870 2832/2832 2866/2866
f 2096/2096 2047/2047 2095/2095
f 2832/2832 2874/2874 2828/2828
f 4789/4789 4785/4785 4788/4788
f 2094/2094 2121/2121 2137/2137
f 4785/4785 4786/4786 4782/4782
f 2804/2804 2808/2808 2807/2807
f 2822/2822 2821/2821 2808/2808
f 2875/2875 2884/2884 2870/2870
f 2095/2095 2047/2047 2041/2041
f 2137/2137 2122/2122 2141/2141
f 2141/2141 2122/2122 2093/2093
f 2891/2891 2890/2890 2875/2875
f 2878/2878 2891/2891 2875/2875
f 2890/2890 2884/2884 2875/2875
f 2870/2870 2884/2884 2832/2832
f 2822/2822 2828/2828 2821/2821
f 2821/2821 2819/2819 2808/2808
f 2884/2884 2879/2879 2832/2832
f 2874/2874 2834/2834 2828/2828
f 2225/2225 2221/2221 2222/2222
f 4583/4583 4581/4581 4594/4594
f 4579/4579 4580/4580 4581/4581
f 5062/5062 5059/5059 5063/5063
f 5063/5063 5059/5059 5064/5064
f 2101/2101 2098/2098 2099/2099
f 2099/2099 2098/2098 2097/2097
f 2808/2808 2811/2811 2807/2807
f 1715/1715 1716/1716 1721/1721
f 2096/2096 2097/2097 2047/2047
f 2041/2041 2043/2043 2094/2094
f 2808/2808 2819/2819 2811/2811
f 2094/2094 2043/2043 2121/2121
f 2884/2884 2893/2893 2879/2879
f 2828/2828 2827/2827 2821/2821
f 2874/2874 2873/2873 2834/2834
f 2828/2828 2834/2834 2827/2827
f 2821/2821 2827/2827 2819/2819
f 4337/4337 4317/4317 4313/4313
f 5151/5151 5154/5154 5155/5155
f 4313/4313 4314/4314 4337/4337
f 2227/2227 2225/2225 2222/2222
f 2223/2223 2221/2221 2225/2225
f 5155/5155 5164/5164 5160/5160
f 2223/2223 2214/2214 2221/2221
f 2223/2223 2226/2226 2214/2214
f 2221/2221 2214/2214 2216/2216
f 2221/2221 2216/2216 2222/2222
f 2216/2216 2220/2220 2222/2222
f 5164/5164 5165/5165 5160/5160
f 2216/2216 2218/2218 2220/2220
f 4583/4583 4582/4582 4581/4581
f 2218/2218 2224/2224 2220/2220
f 4582/4582 4579/4579 4581/4581
f 4582/4582 4584/4584 4579/4579
f 5062/5062 5061/5061 5059/5059
f 3740/3740 3736/3736 3735/3735
f 3735/3735 3736/3736 3737/3737
f 3736/3736 3741/3741 3737/3737
f 5035/5035 5036/5036 5037/5037
f 3336/3336 3338/3338 3337/3337
f 5036/5036 5041/5041 5037/5037
f 6105/6105 6106/6106 6107/6107
f 2807/2807 2811/2811 2812/2812
f 2142/2142 2132/2132 2148/2148
f 2043/2043 2046/2046 2121/2121
f 2148/2148 2132/2132 2133/2133
f 2893/2893 2888/2888 2879/2879
f 2879/2879 2888/2888 2874/2874
f 2819/2819 2813/2813 2811/2811
f 2834/2834 2833/2833 2827/2827
f 2827/2827 2820/2820 2819/2819
f 2819/2819 2820/2820 2813/2813
f 2873/2873 2833/2833 2834/2834
f 2827/2827 2833/2833 2820/2820
f 4317/4317 4316/4316 4313/4313
f 5151/5151 5155/5155 5157/5157
f 4313/4313 4316/4316 4315/4315
f 5157/5157 5155/5155 5159/5159
f 5155/5155 5160/5160 5159/5159
f 4314/4314 4313/4313 4311/4311
f 2226/2226 2217/2217 2214/2214
f 2217/2217 2215/2215 2214/2214
f 2214/2214 2215/2215 2216/2216
f 2215/2215 2218/2218 2216/2216
f 2215/2215 2219/2219 2218/2218
f 5033/5033 5032/5032 5035/5035
f 3326/3326 3336/3336 3335/3335
f 5032/5032 5036/5036 5035/5035
f 6105/6105 6108/6108 6106/6106
f 1521/1521 1514/1514 1511/1511
f 2047/2047 2045/2045 2041/2041
f 2093/2093 2132/2132 2142/2142
f 2888/2888 2889/2889 2874/2874
f 2874/2874 2889/2889 2873/2873
f 2889/2889 2877/2877 2873/2873
f 2813/2813 2820/2820 2818/2818
f 2877/2877 2876/2876 2833/2833
f 2873/2873 2877/2877 2833/2833
f 5157/5157 5159/5159 5158/5158
f 4586/4586 4585/4585 4582/4582
f 4585/4585 4587/4587 4584/4584
f 4585/4585 4584/4584 4582/4582
f 2219/2219 2228/2228 2218/2218
f 5057/5057 5052/5052 5061/5061
f 5057/5057 5047/5047 5052/5052
f 5061/5061 5052/5052 5059/5059
f 5032/5032 5039/5039 5036/5036
f 5044/5044 5056/5056 5041/5041
f 5036/5036 5044/5044 5041/5041
f 3070/3070 3075/3075 3071/3071
f 3092/3092 3126/3126 3127/3127
f 2049/2049 2045/2045 2047/2047
f 2045/2045 2042/2042 2041/2041
f 2041/2041 2042/2042 2043/2043
f 2046/2046 2063/2063 2122/2122
f 2122/2122 2063/2063 2058/2058
f 2122/2122 2058/2058 2093/2093
f 2093/2093 2066/2066 2132/2132
f 2811/2811 2813/2813 2812/2812
f 2812/2812 2813/2813 2814/2814
f 5151/5151 5157/5157 5156/5156
f 2813/2813 2818/2818 2814/2814
f 4342/4342 4343/4343 4341/4341
f 2818/2818 2823/2823 2814/2814
f 2820/2820 2833/2833 2829/2829
f 2818/2818 2824/2824 2823/2823
f 2833/2833 2876/2876 2829/2829
f 2820/2820 2829/2829 2818/2818
f 2829/2829 2830/2830 2818/2818
f 2818/2818 2830/2830 2824/2824
f 2217/2217 2230/2230 2215/2215
f 2230/2230 2229/2229 2215/2215
f 4369/4369 4370/4370 4367/4367
f 2215/2215 2229/2229 2219/2219
f 2219/2219 2229/2229 2228/2228
f 5052/5052 5047/5047 5045/5045
f 5059/5059 5045/5045 5060/5060
f 3334/3334 3318/3318 3323/3323
f 5402/5402 5407/5407 5400/5400
f 5060/5060 5045/5045 5042/5042
f 5060/5060 5042/5042 5038/5038
f 4959/4959 4960/4960 4964/4964
f 4956/4956 4958/4958 4959/4959
f 4959/4959 4958/4958 4960/4960
f 5031/5031 5034/5034 5032/5032
f 5031/5031 5032/5032 5033/5033
f 5039/5039 5044/5044 5036/5036
f 1570/1570 1571/1571 1572/1572
f 3074/3074 3076/3076 3075/3075
f 3075/3075 3080/3080 3071/3071
f 3071/3071 3080/3080 3093/3093
f 2063/2063 2044/2044 2055/2055
f 2043/2043 2044/2044 2046/2046
f 2058/2058 2060/2060 2093/2093
f 2132/2132 2087/2087 2133/2133
f 2133/2133 2087/2087 2131/2131
f 2131/2131 2089/2089 2134/2134
f 6347/6347 6346/6346 6348/6348
f 2825/2825 2814/2814 2826/2826
f 4362/4362 4357/4357 4356/4356
f 2877/2877 2886/2886 2876/2876
f 4363/4363 4357/4357 4362/4362
f 2886/2886 2880/2880 2876/2876
f 2876/2876 2880/2880 2829/2829
f 2829/2829 2869/2869 2830/2830
f 3320/3320 3329/3329 3328/3328
f 2229/2229 2232/2232 2228/2228
f 3323/3323 3318/3318 3300/3300
f 3323/3323 3300/3300 3322/3322
f 5400/5400 5401/5401 5402/5402
f 4959/4959 4961/4961 4956/4956
f 5042/5042 5034/5034 5038/5038
f 5038/5038 5034/5034 5031/5031
f 3318/3318 3308/3308 3300/3300
f 3300/3300 3308/3308 3302/3302
f 5034/5034 5040/5040 5039/5039
f 5034/5034 5039/5039 5032/5032
f 3093/3093 3106/3106 3094/3094
f 3094/3094 3106/3106 3126/3126
f 2049/2049 2042/2042 2045/2045
f 2042/2042 2044/2044 2043/2043
f 2055/2055 2058/2058 2063/2063
f 2060/2060 2064/2064 2093/2093
f 2093/2093 2064/2064 2066/2066
f 2066/2066 2087/2087 2132/2132
f 2087/2087 2088/2088 2131/2131
f 6334/6334 6346/6346 6347/6347
f 6334/6334 6345/6345 6346/6346
f 2134/2134 2092/2092 2144/2144
f 2144/2144 2092/2092 2143/2143
f 2143/2143 2092/2092 2123/2123
f 2143/2143 2129/2129 2147/2147
f 2880/2880 2869/2869 2829/2829
f 4551/4551 4556/4556 4560/4560
f 2230/2230 2231/2231 2229/2229
f 4551/4551 4552/4552 4556/4556
f 4978/4978 4974/4974 4979/4979
f 2229/2229 2231/2231 2232/2232
f 5050/5050 5047/5047 5057/5057
f 2228/2228 2232/2232 2233/2233
f 5048/5048 5043/5043 5047/5047
f 5047/5047 5043/5043 5045/5045
f 3300/3300 3302/3302 3301/3301
f 4954/4954 4956/4956 4961/4961
f 5045/5045 5043/5043 5042/5042
f 4954/4954 4955/4955 4956/4956
f 4955/4955 4958/4958 4956/4956
f 6293/6293 6292/6292 6290/6290
f 5042/5042 5043/5043 5040/5040
f 5042/5042 5040/5040 5034/5034
f 5039/5039 5058/5058 5044/5044
f 1568/1568 1569/1569 1570/1570
f 3077/3077 3081/3081 3080/3080
f 3080/3080 3106/3106 3093/3093
f 3126/3126 3106/3106 3128/3128
f 2049/2049 2048/2048 2042/2042
f 2131/2131 2088/2088 2089/2089
f 2816/2816 2814/2814 2825/2825
f 4361/4361 4356/4356 4360/4360
f 2134/2134 2089/2089 2092/2092
f 6416/6416 6417/6417 6418/6418
f 2143/2143 2124/2124 2129/2129
f 2895/2895 2869/2869 2880/2880
f 2869/2869 2895/2895 2896/2896
f 4823/4823 4821/4821 4820/4820
f 4549/4549 4552/4552 4551/4551
f 4550/4550 4549/4549 4551/4551
f 4974/4974 4976/4976 4979/4979
f 4977/4977 4974/4974 4978/4978
f 4977/4977 4971/4971 4974/4974
f 5049/5049 5048/5048 5047/5047
f 5050/5050 5049/5049 5047/5047
f 4962/4962 4954/4954 4961/4961
f 4963/4963 4954/4954 4962/4962
f 4963/4963 4957/4957 4954/4954
f 4954/4954 4957/4957 4955/4955
f 4957/4957 4965/4965 4955/4955
f 5043/5043 5046/5046 5040/5040
f 4955/4955 4965/4965 4958/4958
f 6296/6296 6292/6292 6293/6293
f 5040/5040 5046/5046 5039/5039
f 5046/5046 5058/5058 5039/5039
f 3107/3107 3121/3121 3106/3106
f 2051/2051 2048/2048 2049/2049
f 2055/2055 2056/2056 2058/2058
f 2058/2058 2056/2056 2060/2060
f 2064/2064 2065/2065 2066/2066
f 5163/5163 5156/5156 5162/5162
f 2089/2089 2079/2079 2092/2092
f 5120/5120 5116/5116 5121/5121
f 2129/2129 2130/2130 2135/2135
f 5190/5190 5184/5184 5189/5189
f 5189/5189 5184/5184 5188/5188
f 4548/4548 4549/4549 4550/4550
f 4973/4973 4976/4976 4974/4974
f 4971/4971 4973/4973 4974/4974
f 2232/2232 2234/2234 2233/2233
f 3299/3299 3301/3301 3303/3303
f 5048/5048 5053/5053 5043/5043
f 5053/5053 5054/5054 5043/5043
f 4957/4957 4966/4966 4965/4965
f 6296/6296 6297/6297 6295/6295
f 6295/6295 6294/6294 6292/6292
f 5043/5043 5054/5054 5046/5046
f 2042/2042 2048/2048 2044/2044
f 2050/2050 2054/2054 2055/2055
f 2054/2054 2056/2056 2055/2055
f 2087/2087 2068/2068 2070/2070
f 2087/2087 2070/2070 2088/2088
f 2070/2070 2073/2073 2088/2088
f 6334/6334 6332/6332 6336/6336
f 2088/2088 2073/2073 2089/2089
f 2089/2089 2073/2073 2079/2079
f 2092/2092 2079/2079 2078/2078
f 2078/2078 2085/2085 2123/2123
f 2092/2092 2078/2078 2123/2123
f 2123/2123 2085/2085 2124/2124
f 2129/2129 2124/2124 2080/2080
f 5120/5120 5114/5114 5116/5116
f 2129/2129 2080/2080 2084/2084
f 2129/2129 2084/2084 2130/2130
f 5114/5114 5115/5115 5116/5116
f 4686/4686 4685/4685 4670/4670
f 3309/3309 3299/3299 3305/3305
f 3299/3299 3304/3304 3305/3305
f 2231/2231 2236/2236 2232/2232
f 3299/3299 3303/3303 3304/3304
f 3303/3303 3341/3341 3304/3304
f 4553/4553 4554/4554 4548/4548
f 4553/4553 4548/4548 4550/4550
f 4970/4970 4971/4971 4977/4977
f 5048/5048 5049/5049 5051/5051
f 2233/2233 2234/2234 2235/2235
f 5048/5048 5051/5051 5053/5053
f 4957/4957 4967/4967 4966/4966
f 3112/3112 3111/3111 3086/3086
f 2056/2056 2057/2057 2060/2060
f 2060/2060 2057/2057 2061/2061
f 2060/2060 2061/2061 2064/2064
f 2064/2064 2061/2061 2065/2065
f 2066/2066 2068/2068 2087/2087
f 5162/5162 5166/5166 5167/5167
f 4360/4360 4359/4359 4387/4387
f 4356/4356 4358/4358 4359/4359
f 4356/4356 4359/4359 4360/4360
f 3313/3313 3314/3314 3311/3311
f 3313/3313 3311/3311 3310/3310
f 2085/2085 2080/2080 2124/2124
f 3311/3311 3309/3309 3310/3310
f 3310/3310 3309/3309 3307/3307
f 5117/5117 5115/5115 5114/5114
f 5184/5184 5183/5183 5188/5188
f 3309/3309 3305/3305 3307/3307
f 5182/5182 5183/5183 5184/5184
f 4306/4306 4326/4326 4320/4320
f 4306/4306 4320/4320 4319/4319
f 4558/4558 4553/4553 4555/4555
f 4557/4557 4554/4554 4553/4553
f 4558/4558 4557/4557 4553/4553
f 2232/2232 2236/2236 2234/2234
f 4557/4557 4559/4559 4554/4554
f 6304/6304 6305/6305 6306/6306
f 4972/4972 4969/4969 4968/4968
f 4968/4968 4969/4969 4970/4970
f 4970/4970 4969/4969 4971/4971
f 4971/4971 4969/4969 4973/4973
f 5055/5055 5051/5051 5049/5049
f 6299/6299 6298/6298 6297/6297
f 1565/1565 1533/1533 1573/1573
f 1562/1562 1536/1536 1574/1574
f 1574/1574 1536/1536 1566/1566
f 3121/3121 3108/3108 3122/3122
f 2056/2056 2054/2054 2057/2057
f 2065/2065 2068/2068 2066/2066
f 2068/2068 2069/2069 2070/2070
f 3312/3312 3310/3310 3307/3307
f 5122/5122 5114/5114 5120/5120
f 4684/4684 4683/4683 4669/4669
f 5122/5122 5118/5118 5114/5114
f 3307/3307 3305/3305 3306/3306
f 5118/5118 5117/5117 5114/5114
f 1560/1560 1557/1557 1578/1578
f 3305/3305 3304/3304 3306/3306
f 1576/1576 1547/1547 1564/1564
f 1547/1547 1546/1546 1563/1563
f 1564/1564 1547/1547 1563/1563
f 1546/1546 1562/1562 1563/1563
f 1565/1565 1536/1536 1533/1533
f 3112/3112 3110/3110 3111/3111
f 2053/2053 2054/2054 2050/2050
f 2065/2065 2061/2061 2067/2067
f 2070/2070 2072/2072 2073/2073
f 2073/2073 2074/2074 2079/2079
f 2079/2079 2074/2074 2078/2078
f 3319/3319 3310/3310 3325/3325
f 3312/3312 3307/3307 3316/3316
f 2080/2080 2081/2081 2084/2084
f 3307/3307 3317/3317 3316/3316
f 5123/5123 5118/5118 5122/5122
f 5118/5118 5119/5119 5117/5117
f 5187/5187 5186/5186 5182/5182
f 5182/5182 5186/5186 5185/5185
f 5182/5182 5185/5185 5183/5183
f 2084/2084 2081/2081 2083/2083
f 4309/4309 4321/4321 4325/4325
f 1535/1535 1542/1542 1551/1551
f 4972/4972 4975/4975 4969/4969
f 1542/1542 1550/1550 1551/1551
f 1576/1576 1555/1555 1547/1547
f 2593/2593 2589/2589 2592/2592
f 1562/1562 1546/1546 1536/1536
f 2069/2069 2071/2071 2070/2070
f 2070/2070 2071/2071 2072/2072
f 6332/6332 6328/6328 6337/6337
f 2073/2073 2072/2072 2074/2074
f 4359/4359 4381/4381 4387/4387
f 4680/4680 4678/4678 4679/4679
f 2080/2080 2077/2077 2081/2081
f 1549/1549 1548/1548 1557/1557
f 1537/1537 1539/1539 1577/1577
f 5191/5191 5185/5185 5186/5186
f 2594/2594 2591/2591 2593/2593
f 2593/2593 2591/2591 2589/2589
f 1533/1533 1534/1534 1535/1535
f 1534/1534 1536/1536 1546/1546
f 3133/3133 3132/3132 3130/3130
f 3116/3116 3117/3117 3114/3114
f 3114/3114 3117/3117 3118/3118
f 2059/2059 2062/2062 2061/2061
f 2059/2059 2061/2061 2057/2057
f 2067/2067 2086/2086 2069/2069
f 2067/2067 2069/2069 2068/2068
f 5814/5814 5816/5816 5831/5831
f 4091/4091 4088/4088 4087/4087
f 1539/1539 1548/1548 1549/1549
f 1558/1558 1540/1540 1555/1555
f 1534/1534 1537/1537 1535/1535
f 3130/3130 3132/3132 3131/3131
f 3117/3117 3119/3119 3118/3118
f 3118/3118 3119/3119 3120/3120
f 2091/2091 2062/2062 2059/2059
f 5837/5837 5836/5836 5834/5834
f 5837/5837 5834/5834 5838/5838
f 2069/2069 2086/2086 2071/2071
f 5816/5816 5818/5818 5831/5831
f 2074/2074 2075/2075 2076/2076
f 2081/2081 2082/2082 2083/2083
f 4322/4322 4323/4323 4321/4321
f 1558/1558 1559/1559 1540/1540
f 2589/2589 2582/2582 2590/2590
f 5835/5835 5833/5833 5834/5834
f 5833/5833 5832/5832 5834/5834
f 4088/4088 4092/4092 4089/4089
f 2075/2075 2077/2077 2076/2076
f 2077/2077 2082/2082 2081/2081
f 2581/2581 2589/2589 2591/2591
f 2589/2589 2577/2577 2582/2582
f 5813/5813 5810/5810 5809/5809
f 4382/4382 4383/4383 4381/4381
f 1545/1545 1553/1553 1543/1543
f 1541/1541 1556/1556 1545/1545
f 2581/2581 2577/2577 2589/2589
f 5810/5810 5803/5803 5809/5809
f 5809/5809 5803/5803 5807/5807
f 5803/5803 5805/5805 5806/5806
f 5807/5807 5803/5803 5806/5806
f 4083/4083 4084/4084 4085/4085
f 5820/5820 5819/5819 5821/5821
f 4084/4084 4083/4083 4082/4082
f 4382/4382 4384/4384 4383/4383
f 4385/4385 4384/4384 4382/4382
f 5821/5821 5823/5823 5822/5822
f 6419/6419 6420/6420 6421/6421
f 4322/4322 4327/4327 4324/4324
f 4322/4322 4324/4324 4323/4323
f 4322/4322 4340/4340 4336/4336
f 5806/5806 5805/5805 5812/5812
f 5805/5805 5840/5840 5824/5824
f 5812/5812 5805/5805 5824/5824
f 4335/4335 4333/4333 4334/4334
f 4079/4079 4082/4082 4083/4083
f 4079/4079 4075/4075 4082/4082
f 4385/4385 4386/4386 4384/4384
f 4385/4385 4393/4393 4386/4386
f 4327/4327 4322/4322 4336/4336
f 4080/4080 4086/4086 4077/4077
f 4393/4393 4391/4391 4386/4386
f 2581/2581 2580/2580 2577/2577
f 4331/4331 4334/4334 4333/4333
f 4078/4078 4075/4075 4079/4079
f 4331/4331 4329/4329 4330/4330
f 4078/4078 4073/4073 4075/4075
f 4073/4073 4074/4074 4075/4075
f 4073/4073 4076/4076 4074/4074
f 4081/4081 4080/4080 4073/4073
f 4327/4327 4329/4329 4324/4324
f 4080/4080 4077/4077 4073/4073
f 4073/4073 4077/4077 4076/4076
f 2577/2577 2578/2578 2579/2579
f 4331/4331 4332/4332 4329/4329
f 4749/4749 4738/4738 4746/4746
f 6484/6484 6482/6482 6485/6485
f 4750/4750 4744/4744 4751/4751
f 4746/4746 4748/4748 4761/4761
f 6481/6481 6482/6482 6480/6480
f 6482/6482 6484/6484 6480/6480
f 6484/6484 6485/6485 6486/6486
f 4709/4709 4699/4699 4701/4701
f 4701/4701 4699/4699 4692/4692
f 4692/4692 4699/4699 4693/4693
f 4750/4750 4751/4751 4763/4763
f 4693/4693 4700/4700 4695/4695
f 4758/4758 4746/4746 4762/4762
f 4762/4762 4746/4746 4761/4761
f 755/755 787/787 759/759
f 6799/6799 6798/6798 6796/6796
f 3429/3429 3417/3417 3427/3427
f 6800/6800 6798/6798 6799/6799
f 3427/3427 3417/3417 3415/3415
f 3415/3415 3414/3414 3416/3416
f 6484/6484 6508/6508 6480/6480
f 6808/6808 6811/6811 6802/6802
f 4705/4705 4707/4707 4710/4710
f 4710/4710 4736/4736 4711/4711
f 6490/6490 6508/6508 6484/6484
f 6487/6487 6490/6490 6484/6484
f 6487/6487 6484/6484 6486/6486
f 4763/4763 4751/4751 4764/4764
f 4692/4692 4693/4693 4694/4694
f 4694/4694 4693/4693 4695/4695
f 6799/6799 6796/6796 6803/6803
f 4760/4760 4749/4749 4758/4758
f 6478/6478 6481/6481 6480/6480
f 6802/6802 6800/6800 6799/6799
f 6806/6806 6802/6802 6799/6799
f 6516/6516 6508/6508 6517/6517
f 4720/4720 4718/4718 4719/4719
f 4718/4718 4716/4716 4714/4714
f 4719/4719 4718/4718 4714/4714
f 6487/6487 6486/6486 6488/6488
f 6488/6488 6486/6486 6489/6489
f 4696/4696 4694/4694 4695/4695
f 4696/4696 4695/4695 4697/4697
f 4536/4536 4532/4532 4531/4531
f 6430/6430 6431/6431 6432/6432
f 755/755 759/759 746/746
f 4015/4015 4050/4050 4036/4036
f 4050/4050 4051/4051 4036/4036
f 4049/4049 4050/4050 4015/4015
f 4344/4344 4347/4347 4345/4345
f 6809/6809 6808/6808 6807/6807
f 4349/4349 4348/4348 4344/4344
f 5645/5645 5644/5644 5647/5647
f 5647/5647 5648/5648 5645/5645
f 744/744 757/757 752/752
f 752/752 755/755 746/746
f 4036/4036 4051/4051 4055/4055
f 750/750 766/766 757/757
f 746/746 759/759 749/749
f 764/764 766/766 750/750
f 756/756 764/764 750/750
f 6507/6507 6481/6481 6478/6478
f 4344/4344 4345/4345 4346/4346
f 4012/4012 4049/4049 4015/4015
f 4015/4015 4036/4036 4016/4016
f 4016/4016 4036/4036 4037/4037
f 4541/4541 4540/4540 4530/4530
f 4052/4052 4049/4049 4012/4012
f 4541/4541 4530/4530 4534/4534
f 4016/4016 4038/4038 4018/4018
f 4018/4018 4038/4038 4039/4039
f 4039/4039 4038/4038 4040/4040
f 4474/4474 4475/4475 4476/4476
f 4477/4477 4474/4474 4476/4476
f 4476/4476 4475/4475 4478/4478
f 3461/3461 3396/3396 3398/3398
f 4475/4475 4481/4481 4478/4478
f 4478/4478 4481/4481 4482/4482
f 3400/3400 3409/3409 3403/3403
f 6488/6488 6489/6489 6491/6491
f 3680/3680 3678/3678 3679/3679
f 6491/6491 6489/6489 6493/6493
f 3996/3996 3999/3999 3994/3994
f 4696/4696 4697/4697 4698/4698
f 4058/4058 4060/4060 4059/4059
f 5644/5644 5645/5645 5646/5646
f 5646/5646 5645/5645 5649/5649
f 4036/4036 4055/4055 4054/4054
f 5649/5649 5645/5645 5648/5648
f 750/750 757/757 744/744
f 744/744 752/752 746/746
f 4037/4037 4036/4036 4054/4054
f 4346/4346 4345/4345 4350/4350
f 737/737 767/767 758/758
f 760/760 764/764 731/731
f 731/731 764/764 756/756
f 4352/4352 4344/4344 4346/4346
f 736/736 768/768 765/765
f 6507/6507 6478/6478 6471/6471
f 4034/4034 4056/4056 4052/4052
f 4033/4033 4052/4052 4012/4012
f 4012/4012 4015/4015 4014/4014
f 4014/4014 4015/4015 4016/4016
f 3439/3439 3434/3434 3432/3432
f 4014/4014 4016/4016 4018/4018
f 3471/3471 3473/3473 3465/3465
f 6309/6309 6316/6316 6315/6315
f 3405/3405 3398/3398 3404/3404
f 6491/6491 6493/6493 6494/6494
f 6494/6494 6493/6493 6495/6495
f 4057/4057 4058/4058 4059/4059
f 4538/4538 4539/4539 4531/4531
f 4537/4537 4542/4542 4538/4538
f 4537/4537 4538/4538 4531/4531
f 737/737 758/758 730/730
f 730/730 758/758 731/731
f 731/731 758/758 760/760
f 4352/4352 4346/4346 4354/4354
f 3457/3457 3434/3434 3439/3439
f 4034/4034 4052/4052 4033/4033
f 4012/4012 4014/4014 4013/4013
f 3462/3462 3463/3463 3464/3464
f 5069/5069 5070/5070 5071/5071
f 3471/3471 3465/3465 3462/3462
f 3462/3462 3465/3465 3463/3463
f 5072/5072 5070/5070 5069/5069
f 3472/3472 3471/3471 3462/3462
f 5074/5074 5072/5072 5073/5073
f 5073/5073 5072/5072 5069/5069
f 6310/6310 6311/6311 6312/6312
f 5074/5074 5073/5073 5075/5075
f 6307/6307 6308/6308 6309/6309
f 4483/4483 4484/4484 4485/4485
f 4538/4538 4542/4542 4539/4539
f 738/738 750/750 744/744
f 738/738 744/744 740/740
f 740/740 744/744 746/746
f 740/740 746/746 743/743
f 743/743 746/746 749/749
f 765/765 767/767 737/737
f 731/731 756/756 726/726
f 3463/3463 3470/3470 3467/3467
f 3463/3463 3467/3467 3466/3466
f 4474/4474 4477/4477 4480/4480
f 4033/4033 4012/4012 4017/4017
f 3464/3464 3463/3463 3466/3466
f 4562/4562 4565/4565 4566/4566
f 4013/4013 4014/4014 4018/4018
f 4479/4479 4477/4477 4476/4476
f 4043/4043 4053/4053 4042/4042
f 6307/6307 6310/6310 6312/6312
f 4026/4026 4027/4027 4022/4022
f 5389/5389 5392/5392 5388/5388
f 6496/6496 6494/6494 6495/6495
f 732/732 737/737 730/730
f 730/730 731/731 729/729
f 729/729 731/731 723/723
f 723/723 731/731 726/726
f 726/726 750/750 738/738
f 743/743 749/749 748/748
f 4354/4354 4346/4346 4355/4355
f 4355/4355 4346/4346 4351/4351
f 736/736 765/765 732/732
f 3466/3466 3467/3467 3468/3468
f 6473/6473 6507/6507 6471/6471
f 5081/5081 5077/5077 5080/5080
f 5348/5348 5350/5350 5351/5351
f 4017/4017 4012/4012 4009/4009
f 4480/4480 4477/4477 4479/4479
f 4011/4011 4012/4012 4013/4013
f 4042/4042 4053/4053 4046/4046
f 5858/5858 5859/5859 5860/5860
f 4013/4013 4018/4018 4019/4019
f 4013/4013 4019/4019 4020/4020
f 4041/4041 4043/4043 4042/4042
f 4021/4021 4019/4019 4022/4022
f 4022/4022 4019/4019 4026/4026
f 4027/4027 4043/4043 4041/4041
f 4022/4022 4027/4027 4035/4035
f 5389/5389 5388/5388 5386/5386
f 6496/6496 6495/6495 6497/6497
f 733/733 736/736 732/732
f 3466/3466 3468/3468 3469/3469
f 5334/5334 5343/5343 5347/5347
f 703/703 704/704 705/705
f 4010/4010 4017/4017 4009/4009
f 4009/4009 4012/4012 4011/4011
f 4011/4011 4013/4013 4020/4020
f 4020/4020 4019/4019 4021/4021
f 4027/4027 4041/4041 4035/4035
f 4029/4029 4021/4021 4022/4022
f 4029/4029 4022/4022 4030/4030
f 4030/4030 4022/4022 4035/4035
f 3453/3453 3411/3411 3406/3406
f 6074/6074 6075/6075 6073/6073
f 6074/6074 6073/6073 6072/6072
f 5391/5391 5389/5389 5386/5386
f 5384/5384 5386/5386 5382/5382
f 679/679 684/684 683/683
f 738/738 740/740 739/739
f 740/740 743/743 741/741
f 732/732 730/730 715/715
f 715/715 730/730 729/729
f 723/723 726/726 724/724
f 724/724 726/726 738/738
f 724/724 738/738 739/739
f 702/702 704/704 703/703
f 6474/6474 6473/6473 6472/6472
f 6472/6472 6476/6476 6511/6511
f 4045/4045 4046/4046 4047/4047
f 4042/4042 4046/4046 4045/4045
f 5328/5328 5332/5332 5331/5331
f 4011/4011 4020/4020 4021/4021
f 4035/4035 4041/4041 4042/4042
f 3440/3440 3411/3411 3460/3460
f 5338/5338 5337/5337 5328/5328
f 6072/6072 6073/6073 6070/6070
f 6072/6072 6070/6070 6071/6071
f 5391/5391 5386/5386 5390/5390
f 5386/5386 5384/5384 5390/5390
f 5390/5390 5384/5384 5387/5387
f 6499/6499 6496/6496 6498/6498
f 3258/3258 3244/3244 3243/3243
f 3243/3243 3244/3244 3241/3241
f 6498/6498 6496/6496 6497/6497
f 3941/3941 3935/3935 3934/3934
f 715/715 729/729 717/717
f 729/729 723/723 717/717
f 717/717 723/723 720/720
f 720/720 723/723 724/724
f 739/739 740/740 741/741
f 741/741 743/743 745/745
f 733/733 732/732 699/699
f 745/745 743/743 748/748
f 745/745 748/748 751/751
f 3774/3774 3792/3792 3790/3790
f 3767/3767 3766/3766 3774/3774
f 5331/5331 5334/5334 5346/5346
f 4045/4045 4047/4047 4048/4048
f 5329/5329 5328/5328 5331/5331
f 4009/4009 4011/4011 4004/4004
f 4044/4044 4042/4042 4045/4045
f 4011/4011 4021/4021 4023/4023
f 4035/4035 4042/4042 4044/4044
f 6064/6064 6065/6065 6066/6066
f 4021/4021 4029/4029 4023/4023
f 6069/6069 6070/6070 6067/6067
f 4023/4023 4029/4029 4025/4025
f 6071/6071 6070/6070 6069/6069
f 5086/5086 5090/5090 5087/5087
f 5087/5087 5088/5088 5083/5083
f 5086/5086 5087/5087 5083/5083
f 5088/5088 5089/5089 5083/5083
f 699/699 732/732 715/715
f 724/724 739/739 742/742
f 3765/3765 3766/3766 3767/3767
f 3774/3774 3790/3790 3767/3767
f 702/702 703/703 701/701
f 6474/6474 6472/6472 6475/6475
f 5326/5326 5328/5328 5329/5329
f 4028/4028 4010/4010 4007/4007
f 4010/4010 4009/4009 4007/4007
f 4007/4007 4009/4009 4004/4004
f 4004/4004 4011/4011 4006/4006
f 4006/4006 4011/4011 4023/4023
f 6067/6067 6064/6064 6066/6066
f 5084/5084 5083/5083 5089/5089
f 5684/5684 5687/5687 5685/5685
f 3242/3242 3246/3246 3247/3247
f 3639/3639 3641/3641 3636/3636
f 692/692 694/694 695/695
f 717/717 720/720 719/719
f 739/739 741/741 742/742
f 720/720 724/724 725/725
f 725/725 724/724 742/742
f 3764/3764 3766/3766 3765/3765
f 3765/3765 3767/3767 3769/3769
f 701/701 703/703 699/699
f 3776/3776 3766/3766 3764/3764
f 4023/4023 4025/4025 4024/4024
f 4024/4024 4025/4025 4031/4031
f 6506/6506 6500/6500 6502/6502
f 3245/3245 3251/3251 3241/3241
f 6238/6238 6247/6247 6246/6246
f 5086/5086 5083/5083 5085/5085
f 5082/5082 5083/5083 5084/5084
f 6502/6502 6500/6500 6501/6501
f 3241/3241 3253/3253 3246/3246
f 5085/5085 5083/5083 5082/5082
f 5684/5684 5685/5685 5686/5686
f 6501/6501 6500/6500 6498/6498
f 3954/3954 3948/3948 3951/3951
f 3640/3640 3641/3641 3639/3639
f 714/714 699/699 715/715
f 716/716 715/715 717/717
f 716/716 717/717 719/719
f 700/700 699/699 714/714
f 719/719 720/720 722/722
f 722/722 720/720 725/725
f 3762/3762 3778/3778 3776/3776
f 3762/3762 3776/3776 3764/3764
f 6474/6474 6475/6475 6510/6510
f 6510/6510 6475/6475 6514/6514
f 5325/5325 5327/5327 5326/5326
f 4005/4005 4006/4006 4023/4023
f 4007/4007 4004/4004 4003/4003
f 4007/4007 4003/4003 4008/4008
f 4003/4003 4004/4004 4005/4005
f 4004/4004 4006/4006 4005/4005
f 4005/4005 4023/4023 4024/4024
f 4032/4032 4024/4024 4031/4031
f 6503/6503 6502/6502 6501/6501
f 3253/3253 3255/3255 3246/3246
f 3246/3246 3255/3255 3254/3254
f 3247/3247 3257/3257 3259/3259
f 3250/3250 3256/3256 3247/3247
f 3247/3247 3256/3256 3257/3257
f 3249/3249 3247/3247 3259/3259
f 3633/3633 3635/3635 3629/3629
f 714/714 715/715 716/716
f 702/702 701/701 698/698
f 701/701 699/699 698/698
f 698/698 699/699 700/700
f 741/741 745/745 747/747
f 3769/3769 3767/3767 3790/3790
f 747/747 745/745 754/754
f 754/754 745/745 751/751
f 3778/3778 3762/3762 3760/3760
f 6518/6518 6519/6519 6520/6520
f 5320/5320 5339/5339 5324/5324
f 6509/6509 6514/6514 6502/6502
f 6509/6509 6502/6502 6503/6503
f 6240/6240 6238/6238 6237/6237
f 6504/6504 6503/6503 6501/6501
f 6242/6242 6238/6238 6245/6245
f 3256/3256 3250/3250 3262/3262
f 728/728 719/719 722/722
f 747/747 742/742 741/741
f 734/734 722/722 725/725
f 3779/3779 3778/3778 3760/3760
f 754/754 751/751 761/761
f 6505/6505 6509/6509 6503/6503
f 6505/6505 6503/6503 6504/6504
f 6236/6236 6238/6238 6242/6242
f 718/718 714/714 716/716
f 716/716 719/719 721/721
f 698/698 700/700 706/706
f 721/721 719/719 728/728
f 3762/3762 3764/3764 3763/3763
f 3763/3763 3764/3764 3765/3765
f 728/728 722/722 734/734
f 753/753 742/742 747/747
f 3773/3773 3779/3779 3760/3760
f 725/725 742/742 753/753
f 734/734 725/725 762/762
f 6229/6229 6237/6237 6236/6236
f 4847/4847 4844/4844 4840/4840
f 3947/3947 3952/3952 3949/3949
f 916/916 914/914 915/915
f 718/718 716/716 721/721
f 706/706 714/714 718/718
f 3760/3760 3762/3762 3761/3761
f 3765/3765 3769/3769 3770/3770
f 3777/3777 3773/3773 3748/3748
f 3773/3773 3760/3760 3758/3758
f 753/753 747/747 763/763
f 763/763 747/747 754/754
f 762/762 753/753 782/782
f 781/781 763/763 754/754
f 781/781 754/754 761/761
f 781/781 761/761 786/786
f 792/792 781/781 786/786
f 792/792 786/786 796/796
f 6224/6224 6223/6223 6222/6222
f 6986/6986 6987/6987 6988/6988
f 6224/6224 6237/6237 6229/6229
f 3962/3962 3964/3964 3951/3951
f 3952/3952 3962/3962 3951/3951
f 4840/4840 4844/4844 4841/4841
f 3973/3973 3972/3972 3977/3977
f 3978/3978 3973/3973 3977/3977
f 214/214 215/215 210/210
f 234/234 211/211 238/238
f 698/698 706/706 707/707
f 718/718 721/721 727/727
f 3761/3761 3762/3762 3763/3763
f 727/727 721/721 735/735
f 721/721 728/728 735/735
f 3770/3770 3769/3769 3799/3799
f 5345/5345 5322/5322 5323/5323
f 782/782 753/753 763/763
f 5091/5091 5092/5092 5093/5093
f 6226/6226 6223/6223 6225/6225
f 6223/6223 6224/6224 6225/6225
f 6229/6229 6236/6236 6235/6235
f 793/793 783/783 794/794
f 6225/6225 6224/6224 6229/6229
f 789/789 781/781 792/792
f 3971/3971 3972/3972 3969/3969
f 3963/3963 3962/3962 3952/3952
f 3969/3969 3972/3972 3973/3973
f 3950/3950 3972/3972 3955/3955
f 4840/4840 4841/4841 4842/4842
f 3950/3950 3955/3955 3952/3952
f 210/210 215/215 211/211
f 238/238 240/240 237/237
f 4899/4899 4900/4900 4898/4898
f 904/904 910/910 902/902
f 902/902 910/910 911/911
f 2962/2962 2964/2964 2963/2963
f 3757/3757 3777/3777 3748/3748
f 3763/3763 3765/3765 3770/3770
f 707/707 706/706 708/708
f 708/708 706/706 718/718
f 735/735 728/728 734/734
f 5317/5317 5321/5321 5322/5322
f 771/771 734/734 762/762
f 782/782 763/763 781/781
f 794/794 782/782 789/789
f 782/782 781/781 789/789
f 6248/6248 6249/6249 6250/6250
f 4847/4847 4840/4840 4843/4843
f 4848/4848 4847/4847 4843/4843
f 3955/3955 3963/3963 3952/3952
f 4843/4843 4840/4840 4842/4842
f 1910/1910 1913/1913 1862/1862
f 3931/3931 3929/3929 3930/3930
f 234/234 238/238 237/237
f 4899/4899 4898/4898 4896/4896
f 4896/4896 4898/4898 4897/4897
f 237/237 240/240 241/241
f 923/923 913/913 904/904
f 4904/4904 4901/4901 4902/4902
f 3759/3759 3758/3758 3760/3760
f 3759/3759 3760/3760 3761/3761
f 3763/3763 3770/3770 3772/3772
f 3772/3772 3770/3770 3800/3800
f 707/707 708/708 709/709
f 3770/3770 3799/3799 3801/3801
f 6228/6228 6226/6226 6227/6227
f 735/735 734/734 771/771
f 6226/6226 6225/6225 6227/6227
f 771/771 762/762 783/783
f 6241/6241 6230/6230 6235/6235
f 793/793 771/771 783/783
f 4767/4767 4773/4773 4768/4768
f 4843/4843 4842/4842 4845/4845
f 1880/1880 1910/1910 1862/1862
f 3976/3976 3967/3967 3973/3973
f 799/799 802/802 800/800
f 3648/3648 3628/3628 3637/3637
f 1853/1853 1848/1848 1861/1861
f 3637/3637 3628/3628 3623/3623
f 804/804 867/867 802/802
f 802/802 885/885 832/832
f 3812/3812 3872/3872 3810/3810
f 5128/5128 5124/5124 5126/5126
f 4899/4899 4896/4896 4894/4894
f 4893/4893 4899/4899 4894/4894
f 3768/3768 3761/3761 3763/3763
f 3801/3801 3804/3804 3809/3809
f 708/708 718/718 727/727
f 3800/3800 3770/3770 3801/3801
f 709/709 708/708 710/710
f 5315/5315 5317/5317 5322/5322
f 6234/6234 6230/6230 6241/6241
f 4850/4850 4848/4848 4849/4849
f 790/790 771/771 793/793
f 4849/4849 4848/4848 4843/4843
f 4849/4849 4843/4843 4846/4846
f 1874/1874 1910/1910 1887/1887
f 1887/1887 1910/1910 1880/1880
f 3970/3970 3971/3971 3969/3969
f 4846/4846 4843/4843 4845/4845
f 3966/3966 3969/3969 3967/3967
f 3933/3933 3981/3981 3930/3930
f 3647/3647 3631/3631 3654/3654
f 799/799 800/800 801/801
f 801/801 800/800 806/806
f 5140/5140 5142/5142 5133/5133
f 210/210 211/211 206/206
f 5133/5133 5131/5131 5137/5137
f 206/206 211/211 234/234
f 1840/1840 1865/1865 1841/1841
f 4895/4895 4896/4896 4897/4897
f 6447/6447 6440/6440 6433/6433
f 6422/6422 6423/6423 6424/6424
f 4904/4904 4902/4902 4905/4905
f 2957/2957 2963/2963 2968/2968
f 2957/2957 2968/2968 2945/2945
f 3753/3753 3757/3757 3748/3748
f 3759/3759 3761/3761 3768/3768
f 3746/3746 3748/3748 3758/3758
f 3768/3768 3763/3763 3772/3772
f 3800/3800 3801/3801 3805/3805
f 3806/3806 3801/3801 3809/3809
f 708/708 727/727 711/711
f 711/711 727/727 770/770
f 770/770 727/727 735/735
f 3805/3805 3801/3801 3806/3806
f 4852/4852 4850/4850 4851/4851
f 770/770 735/735 771/771
f 4851/4851 4850/4850 4849/4849
f 790/790 770/770 771/771
f 5303/5303 5314/5314 5302/5302
f 3966/3966 3970/3970 3969/3969
f 3965/3965 3966/3966 3967/3967
f 3685/3685 3667/3667 3654/3654
f 212/212 214/214 210/210
f 805/805 808/808 863/863
f 5552/5552 5593/5593 5568/5568
f 806/806 816/816 807/807
f 3623/3623 3622/3622 3621/3621
f 5140/5140 5133/5133 5137/5137
f 893/893 896/896 895/895
f 3616/3616 3617/3617 3606/3606
f 2900/2900 2956/2956 2898/2898
f 6433/6433 6434/6434 6435/6435
f 2898/2898 2956/2956 2955/2955
f 6398/6398 6399/6399 6400/6400
f 2952/2952 2957/2957 2945/2945
f 2945/2945 2968/2968 2944/2944
f 3747/3747 3748/3748 3746/3746
f 3746/3746 3758/3758 3759/3759
f 6239/6239 6231/6231 6234/6234
f 5344/5344 5322/5322 5345/5345
f 3772/3772 3800/3800 3805/3805
f 3807/3807 3772/3772 3805/3805
f 710/710 708/708 711/711
f 710/710 711/711 712/712
f 5315/5315 5322/5322 5344/5344
f 4853/4853 4852/4852 4851/4851
f 713/713 712/712 711/711
f 713/713 711/711 770/770
f 4854/4854 4851/4851 4849/4849
f 791/791 770/770 790/790
f 797/797 770/770 791/791
f 813/813 812/812 861/861
f 3974/3974 3931/3931 3932/3932
f 3968/3968 3966/3966 3965/3965
f 3692/3692 3667/3667 3685/3685
f 5575/5575 5598/5598 5529/5529
f 212/212 210/210 199/199
f 6277/6277 6278/6278 6279/6279
f 5140/5140 5137/5137 5139/5139
f 3608/3608 3616/3616 3606/3606
f 2899/2899 2898/2898 2955/2955
f 2899/2899 2955/2955 2951/2951
f 2951/2951 2958/2958 2952/2952
f 6233/6233 6232/6232 6231/6231
f 6233/6233 6231/6231 6239/6239
f 3753/3753 3748/3748 3747/3747
f 6371/6371 6372/6372 6373/6373
f 3771/3771 3759/3759 3768/3768
f 4853/4853 4855/4855 4852/4852
f 4856/4856 4855/4855 4853/4853
f 775/775 773/773 774/774
f 773/773 709/709 772/772
f 709/709 710/710 772/772
f 712/712 713/713 769/769
f 774/774 773/773 772/772
f 797/797 713/713 770/770
f 774/774 772/772 795/795
f 798/798 713/713 797/797
f 201/201 213/213 212/212
f 3932/3932 3975/3975 3974/3974
f 201/201 212/212 199/199
f 3669/3669 3685/3685 3654/3654
f 6448/6448 6443/6443 6446/6446
f 4637/4637 4640/4640 4635/4635
f 199/199 210/210 206/206
f 5139/5139 5137/5137 5138/5138
f 5138/5138 5137/5137 5136/5136
f 3607/3607 3606/3606 3609/3609
f 2909/2909 2906/2906 2916/2916
f 2960/2960 2970/2970 2971/2971
f 6243/6243 6233/6233 6239/6239
f 6317/6317 6318/6318 6319/6319
f 4857/4857 4855/4855 4856/4856
f 3802/3802 3768/3768 3772/3772
f 1915/1915 1916/1916 1888/1888
f 3802/3802 3772/3772 3807/3807
f 776/776 777/777 775/775
f 772/772 710/710 769/769
f 710/710 712/712 769/769
f 776/776 775/775 774/774
f 1882/1882 1887/1887 1890/1890
f 2442/2442 2446/2446 2447/2447
f 201/201 228/228 213/213
f 795/795 772/772 769/769
f 3975/3975 3982/3982 3974/3974
f 798/798 769/769 713/713
f 788/788 774/774 795/795
f 2451/2451 2449/2449 2443/2443
f 3689/3689 3694/3694 3685/3685
f 3694/3694 3692/3692 3685/3685
f 5494/5494 5552/5552 5514/5514
f 3669/3669 3689/3689 3685/3685
f 5514/5514 5552/5552 5568/5568
f 3689/3689 3669/3669 3683/3683
f 3669/3669 3653/3653 3683/3683
f 3683/3683 3653/3653 3649/3649
f 4637/4637 4635/4635 4632/4632
f 4632/4632 4635/4635 4633/4633
f 4632/4632 4633/4633 4634/4634
f 4634/4634 4633/4633 4639/4639
f 6285/6285 6280/6280 6284/6284
f 206/206 234/234 233/233
f 233/233 234/234 237/237
f 237/237 243/243 239/239
f 2948/2948 2951/2951 2952/2952
f 2946/2946 2952/2952 2945/2945
f 1820/1820 1821/1821 1902/1902
f 1902/1902 1821/1821 1904/1904
f 6232/6232 6233/6233 6244/6244
f 6244/6244 6233/6233 6243/6243
f 3775/3775 3757/3757 3753/3753
f 1908/1908 1915/1915 1888/1888
f 3771/3771 3768/3768 3802/3802
f 2443/2443 2446/2446 2439/2439
f 2439/2439 2446/2446 2442/2442
f 5472/5472 5575/5575 5529/5529
f 785/785 776/776 774/774
f 817/817 819/819 825/825
f 788/788 785/785 774/774
f 3689/3689 3695/3695 3694/3694
f 5529/5529 5552/5552 5494/5494
f 5514/5514 5568/5568 5622/5622
f 5622/5622 5629/5629 5625/5625
f 5624/5624 5622/5622 5625/5625
f 4632/4632 4634/4634 4636/4636
f 4638/4638 4632/4632 4636/4636
f 4524/4524 4521/4521 4520/4520
f 4522/4522 4524/4524 4520/4520
f 4636/4636 4634/4634 4641/4641
f 5145/5145 5138/5138 5141/5141
f 3611/3611 3608/3608 3607/3607
f 3811/3811 3813/3813 3817/3817
f 2942/2942 2945/2945 2944/2944
f 396/396 395/395 397/397
f 99/99 102/102 100/100
f 3753/3753 3747/3747 3751/3751
f 3747/3747 3746/3746 3743/3743
f 3743/3743 3746/3746 3744/3744
f 3808/3808 3802/3802 3807/3807
f 2442/2442 2447/2447 2444/2444
f 875/875 826/826 873/873
f 5472/5472 5529/5529 5480/5480
f 5480/5480 5529/5529 5485/5485
f 2450/2450 2451/2451 2441/2441
f 3696/3696 3695/3695 3689/3689
f 822/822 821/821 831/831
f 831/831 821/821 830/830
f 5586/5586 5622/5622 5624/5624
f 5625/5625 5626/5626 5624/5624
f 5624/5624 5626/5626 5627/5627
f 4513/4513 4521/4521 4517/4517
f 2913/2913 2909/2909 2927/2927
f 2913/2913 2927/2927 2928/2928
f 2897/2897 2898/2898 2899/2899
f 236/236 237/237 239/239
f 2899/2899 2951/2951 2905/2905
f 2905/2905 2951/2951 2948/2948
f 2948/2948 2952/2952 2946/2946
f 2946/2946 2945/2945 2942/2942
f 2942/2942 2944/2944 2943/2943
f 396/396 397/397 394/394
f 394/394 397/397 398/398
f 112/112 111/111 117/117
f 102/102 99/99 83/83
f 5396/5396 5394/5394 5393/5393
f 5393/5393 5394/5394 5395/5395
f 4622/4622 4626/4626 4623/4623
f 83/83 99/99 92/92
f 1904/1904 1908/1908 1909/1909
f 3749/3749 3747/3747 3743/3743
f 227/227 229/229 228/228
f 3771/3771 3802/3802 3808/3808
f 5315/5315 5344/5344 5305/5305
f 862/862 825/825 841/841
f 841/841 824/824 842/842
f 778/778 779/779 777/777
f 778/778 777/777 776/776
f 784/784 778/778 776/776
f 784/784 776/776 785/785
f 5485/5485 5494/5494 5493/5493
f 5493/5493 5494/5494 5514/5514
f 3690/3690 3696/3696 3689/3689
f 3684/3684 3690/3690 3683/3683
f 5514/5514 5622/5622 5586/5586
f 4509/4509 4510/4510 4508/4508
f 5624/5624 5627/5627 5628/5628
f 6454/6454 6458/6458 6457/6457
f 208/208 206/206 233/233
f 3607/3607 3609/3609 3610/3610
f 2947/2947 2946/2946 2942/2942
f 6254/6254 6251/6251 6253/6253
f 6251/6251 6254/6254 6256/6256
f 6257/6257 6251/6251 6256/6256
f 6260/6260 6257/6257 6256/6256
f 6261/6261 6257/6257 6260/6260
f 395/395 396/396 394/394
f 393/393 395/395 394/394
f 4622/4622 4631/4631 4626/4626
f 4622/4622 4623/4623 4624/4624
f 4628/4628 4622/4622 4624/4624
f 4624/4624 4623/4623 4625/4625
f 4624/4624 4625/4625 4627/4627
f 1901/1901 1902/1902 1904/1904
f 3749/3749 3751/3751 3747/3747
f 5567/5567 5596/5596 5569/5569
f 3754/3754 3775/3775 3753/3753
f 3782/3782 3775/3775 3754/3754
f 3743/3743 3744/3744 3745/3745
f 6355/6355 6356/6356 6357/6357
f 3771/3771 3808/3808 3745/3745
f 227/227 228/228 201/201
f 779/779 778/778 780/780
f 2441/2441 2443/2443 2438/2438
f 2443/2443 2439/2439 2438/2438
f 3690/3690 3684/3684 3687/3687
f 3652/3652 3687/3687 3684/3684
f 3686/3686 3687/3687 3652/3652
f 4519/4519 4520/4520 4513/4513
f 205/205 206/206 208/208
f 3611/3611 3607/3607 3610/3610
f 233/233 237/237 236/236
f 2913/2913 2928/2928 2931/2931
f 2897/2897 2899/2899 2904/2904
f 2904/2904 2899/2899 2905/2905
f 2948/2948 2946/2946 2947/2947
f 2954/2954 2947/2947 2942/2942
f 2941/2941 2954/2954 2942/2942
f 6254/6254 6258/6258 6256/6256
f 6256/6256 6258/6258 6259/6259
f 6251/6251 6257/6257 6255/6255
f 6261/6261 6255/6255 6257/6257
f 90/90 95/95 45/45
f 406/406 404/404 402/402
f 401/401 403/403 402/402
f 408/408 392/392 391/391
f 6349/6349 6350/6350 6351/6351
f 4629/4629 4630/4630 4624/4624
f 4629/4629 4624/4624 4627/4627
f 6182/6182 6189/6189 6186/6186
f 3360/3360 3365/3365 3359/3359
f 3359/3359 3365/3365 3366/3366
f 3359/3359 3366/3366 3368/3368
f 3368/3368 3366/3366 3385/3385
f 230/230 229/229 227/227
f 3754/3754 3753/3753 3751/3751
f 3750/3750 3749/3749 3743/3743
f 3780/3780 3782/3782 3754/3754
f 2442/2442 2444/2444 2435/2435
f 2435/2435 2444/2444 2436/2436
f 5471/5471 5472/5472 5480/5480
f 2435/2435 2439/2439 2442/2442
f 873/873 862/862 871/871
f 2438/2438 2439/2439 2435/2435
f 780/780 778/778 784/784
f 5493/5493 5514/5514 5564/5564
f 5564/5564 5514/5514 5586/5586
f 5564/5564 5586/5586 5587/5587
f 5008/5008 5011/5011 5010/5010
f 4509/4509 4508/4508 4507/4507
f 4507/4507 4508/4508 4504/4504
f 3655/3655 3686/3686 3652/3652
f 200/200 199/199 206/206
f 3613/3613 3614/3614 3611/3611
f 3612/3612 3610/3610 3615/3615
f 2922/2922 2913/2913 2931/2931
f 3822/3822 3817/3817 3821/3821
f 236/236 239/239 242/242
f 2905/2905 2948/2948 2949/2949
f 6209/6209 6210/6210 6211/6211
f 6320/6320 6321/6321 6322/6322
f 5012/5012 5013/5013 5014/5014
f 370/370 410/410 413/413
f 674/674 673/673 652/652
f 332/332 402/402 334/334
f 347/347 393/393 394/394
f 391/391 392/392 360/360
f 392/392 393/393 360/360
f 5567/5567 5569/5569 5469/5469
f 3359/3359 3368/3368 3364/3364
f 3353/3353 3359/3359 3364/3364
f 3364/3364 3368/3368 3385/3385
f 5469/5469 5569/5569 5472/5472
f 5108/5108 5112/5112 5111/5111
f 870/870 841/841 859/859
f 2436/2436 2444/2444 2448/2448
f 841/841 842/842 859/859
f 6608/6608 6606/6606 6610/6610
f 5108/5108 5111/5111 5109/5109
f 5109/5109 5111/5111 5113/5113
f 2441/2441 2438/2438 2437/2437
f 5009/5009 5006/5006 5005/5005
f 5006/5006 5008/5008 5007/5007
f 5007/5007 5008/5008 5010/5010
f 5005/5005 5006/5006 5007/5007
f 4502/4502 4507/4507 4504/4504
f 4502/4502 4504/4504 4503/4503
f 200/200 206/206 205/205
f 3655/3655 3614/3614 3613/3613
f 3613/3613 3611/3611 3612/3612
f 4514/4514 4513/4513 4516/4516
f 2949/2949 2948/2948 2947/2947
f 2950/2950 2947/2947 2953/2953
f 4603/4603 4604/4604 4602/4602
f 4602/4602 4604/4604 4605/4605
f 652/652 658/658 651/651
f 339/339 409/409 342/342
f 652/652 675/675 674/674
f 261/261 260/260 272/272
f 360/360 393/393 347/347
f 3363/3363 3358/3358 3357/3357
f 5557/5557 5611/5611 5559/5559
f 5559/5559 5567/5567 5469/5469
f 231/231 230/230 223/223
f 5430/5430 5431/5431 5432/5432
f 5471/5471 5469/5469 5472/5472
f 223/223 230/230 227/227
f 3752/3752 3754/3754 3751/3751
f 3751/3751 3749/3749 3750/3750
f 3752/3752 3751/3751 3750/3750
f 5107/5107 5110/5110 5108/5108
f 5432/5432 5458/5458 5459/5459
f 5106/5106 5107/5107 5108/5108
f 5106/5106 5108/5108 5109/5109
f 2437/2437 2438/2438 2430/2430
f 3919/3919 3918/3918 3917/3917
f 3917/3917 3918/3918 3916/3916
f 3911/3911 3916/3916 3915/3915
f 201/201 199/199 198/198
f 3911/3911 3915/3915 3909/3909
f 5601/5601 5564/5564 5607/5607
f 5601/5601 5607/5607 5603/5603
f 5603/5603 5607/5607 5614/5614
f 5603/5603 5614/5614 5615/5615
f 6467/6467 6468/6468 6461/6461
f 4502/4502 4503/4503 4500/4500
f 2922/2922 2931/2931 2930/2930
f 2933/2933 2904/2904 2949/2949
f 2949/2949 2947/2947 2950/2950
f 4607/4607 4603/4603 4597/4597
f 4164/4164 4159/4159 4161/4161
f 4597/4597 4603/4603 4602/4602
f 4606/4606 4602/4602 4605/4605
f 407/407 413/413 415/415
f 650/650 652/652 651/651
f 3371/3371 3358/3358 3363/3363
f 5436/5436 5435/5435 5434/5434
f 5557/5557 5559/5559 5473/5473
f 5435/5435 5431/5431 5434/5434
f 5473/5473 5559/5559 5469/5469
f 5431/5431 5430/5430 5433/5433
f 5434/5434 5431/5431 5433/5433
f 3756/3756 3750/3750 3781/3781
f 2452/2452 2453/2453 2454/2454
f 2453/2453 2457/2457 2454/2454
f 3756/3756 3752/3752 3750/3750
f 882/882 870/870 859/859
f 3780/3780 3754/3754 3755/3755
f 3755/3755 3754/3754 3752/3752
f 5471/5471 5480/5480 5484/5484
f 2430/2430 2435/2435 2431/2431
f 2431/2431 2435/2435 2436/2436
f 2438/2438 2435/2435 2430/2430
f 216/216 227/227 201/201
f 5301/5301 5304/5304 5306/5306
f 6661/6661 6616/6616 6660/6660
f 6092/6092 6095/6095 6093/6093
f 216/216 201/201 198/198
f 3920/3920 3919/3919 3917/3917
f 3921/3921 3919/3919 3920/3920
f 5485/5485 5493/5493 5487/5487
f 3911/3911 3917/3917 3916/3916
f 3920/3920 3917/3917 3911/3911
f 6660/6660 6619/6619 6745/6745
f 3911/3911 3909/3909 3910/3910
f 6745/6745 6619/6619 6684/6684
f 198/198 199/199 200/200
f 6466/6466 6467/6467 6461/6461
f 4499/4499 4502/4502 4500/4500
f 4500/4500 4503/4503 4505/4505
f 4599/4599 4600/4600 4597/4597
f 4597/4597 4600/4600 4607/4607
f 4596/4596 4597/4597 4598/4598
f 4598/4598 4597/4597 4602/4602
f 4598/4598 4602/4602 4606/4606
f 342/342 370/370 349/349
f 349/349 413/413 390/390
f 3236/3236 3239/3239 3237/3237
f 650/650 651/651 641/641
f 335/335 334/334 339/339
f 255/255 271/271 260/260
f 331/331 332/332 334/334
f 324/324 333/333 332/332
f 255/255 260/260 254/254
f 328/328 347/347 327/327
f 347/347 333/333 327/327
f 260/260 261/261 254/254
f 254/254 261/261 257/257
f 261/261 272/272 257/257
f 257/257 272/272 259/259
f 3371/3371 3363/3363 3375/3375
f 259/259 272/272 274/274
f 5438/5438 5436/5436 5437/5437
f 5437/5437 5436/5436 5434/5434
f 5595/5595 5611/5611 5557/5557
f 2394/2394 2391/2391 2395/2395
f 5450/5450 5434/5434 5433/5433
f 5470/5470 5469/5469 5471/5471
f 3750/3750 3785/3785 3781/3781
f 6737/6737 6616/6616 6661/6661
f 2454/2454 2457/2457 2458/2458
f 223/223 227/227 216/216
f 2431/2431 2436/2436 2433/2433
f 3783/3783 3780/3780 3755/3755
f 5484/5484 5480/5480 5485/5485
f 5484/5484 5485/5485 5487/5487
f 2445/2445 2437/2437 2440/2440
f 5487/5487 5493/5493 5506/5506
f 3922/3922 3920/3920 3911/3911
f 3922/3922 3911/3911 3910/3910
f 6461/6461 6464/6464 6465/6465
f 3910/3910 3909/3909 3906/3906
f 6745/6745 6684/6684 6631/6631
f 4525/4525 4514/4514 4516/4516
f 2923/2923 2919/2919 2924/2924
f 2922/2922 2930/2930 2925/2925
f 1293/1293 1291/1291 1292/1292
f 1292/1292 1291/1291 1290/1290
f 1291/1291 1288/1288 1290/1290
f 4601/4601 4608/4608 4600/4600
f 4165/4165 4160/4160 4163/4163
f 4599/4599 4601/4601 4600/4600
f 4599/4599 4597/4597 4596/4596
f 6044/6044 6048/6048 6049/6049
f 6049/6049 6050/6050 6051/6051
f 4596/4596 4598/4598 4606/4606
f 6051/6051 6050/6050 6052/6052
f 384/384 385/385 386/386
f 644/644 650/650 641/641
f 335/335 339/339 340/340
f 331/331 334/334 335/335
f 327/327 333/333 324/324
f 360/360 347/347 328/328
f 369/369 360/360 317/317
f 6166/6166 6141/6141 6138/6138
f 5556/5556 5595/5595 5557/5557
f 5450/5450 5437/5437 5434/5434
f 225/225 231/231 223/223
f 869/869 857/857 868/868
f 3781/3781 3785/3785 3795/3795
f 6737/6737 6661/6661 6678/6678
f 2454/2454 2458/2458 2459/2459
f 3755/3755 3752/3752 3756/3756
f 6672/6672 6662/6662 6664/6664
f 2437/2437 2430/2430 2427/2427
f 2440/2440 2437/2437 2427/2427
f 6666/6666 6663/6663 6708/6708
f 5506/5506 5493/5493 5564/5564
f 3922/3922 3910/3910 3914/3914
f 6708/6708 6638/6638 6637/6637
f 5564/5564 5601/5601 5589/5589
f 6466/6466 6461/6461 6465/6465
f 4498/4498 4499/4499 4500/4500
f 6743/6743 6603/6603 6648/6648
f 233/233 236/236 235/235
f 2925/2925 2930/2930 2934/2934
f 1301/1301 1253/1253 1289/1289
f 6036/6036 6034/6034 6044/6044
f 6044/6044 6034/6034 6046/6046
f 4601/4601 4609/4609 4608/4608
f 1253/1253 1301/1301 1287/1287
f 6044/6044 6046/6046 6048/6048
f 4610/4610 4601/4601 4599/4599
f 1287/1287 1301/1301 1303/1303
f 4610/4610 4599/4599 4596/4596
f 349/349 390/390 383/383
f 340/340 339/339 342/342
f 3235/3235 3236/3236 3237/3237
f 657/657 651/651 671/671
f 324/324 332/332 331/331
f 317/317 360/360 328/328
f 5439/5439 5438/5438 5437/5437
f 1886/1886 1871/1871 1885/1885
f 1885/1885 1881/1881 1900/1900
f 5556/5556 5557/5557 5476/5476
f 5476/5476 5557/5557 5473/5473
f 6615/6615 6613/6613 6629/6629
f 6683/6683 6623/6623 6737/6737
f 5473/5473 5469/5469 5468/5468
f 5468/5468 5469/5469 5470/5470
f 225/225 223/223 220/220
f 220/220 223/223 216/216
f 6676/6676 6678/6678 6662/6662
f 3755/3755 3756/3756 3781/3781
f 5471/5471 5484/5484 5490/5490
f 2431/2431 2433/2433 2429/2429
f 2427/2427 2430/2430 2429/2429
f 2430/2430 2431/2431 2429/2429
f 6172/6172 6165/6165 6161/6161
f 6135/6135 6172/6172 6161/6161
f 3912/3912 3914/3914 3910/3910
f 3912/3912 3910/3910 3906/3906
f 5506/5506 5564/5564 5589/5589
f 3906/3906 3908/3908 3907/3907
f 5602/5602 5601/5601 5603/5603
f 5602/5602 5603/5603 5604/5604
f 4500/4500 4505/4505 4501/4501
f 6011/6011 6012/6012 6013/6013
f 1350/1350 1371/1371 1365/1365
f 4072/4072 4067/4067 4062/4062
f 6043/6043 6022/6022 6024/6024
f 1299/1299 1293/1293 1294/1294
f 6041/6041 6027/6027 6031/6031
f 1295/1295 1292/1292 1290/1290
f 6035/6035 6031/6031 6033/6033
f 6036/6036 6033/6033 6034/6034
f 1252/1252 1181/1181 1253/1253
f 1286/1286 1253/1253 1287/1287
f 349/349 383/383 348/348
f 383/383 385/385 384/384
f 384/384 386/386 374/374
f 342/342 349/349 348/348
f 644/644 641/641 643/643
f 641/641 651/651 657/657
f 283/283 271/271 255/255
f 6789/6789 6790/6790 6791/6791
f 6681/6681 6737/6737 6676/6676
f 6676/6676 6737/6737 6678/6678
f 3784/3784 3781/3781 3793/3793
f 2455/2455 2454/2454 2456/2456
f 2429/2429 2433/2433 2432/2432
f 3783/3783 3755/3755 3787/3787
f 5490/5490 5484/5484 5487/5487
f 216/216 198/198 203/203
f 5505/5505 5487/5487 5506/5506
f 6736/6736 6656/6656 6741/6741
f 3904/3904 3912/3912 3906/3906
f 5589/5589 5601/5601 5602/5602
f 5293/5293 5287/5287 5288/5288
f 3906/3906 3907/3907 3905/3905
f 5604/5604 5603/5603 5617/5617
f 5603/5603 5615/5615 5616/5616
f 5617/5617 5603/5603 5616/5616
f 6470/6470 6467/6467 6466/6466
f 6470/6470 6466/6466 6469/6469
f 6631/6631 6626/6626 6627/6627
f 3835/3835 3836/3836 3834/3834
f 208/208 233/233 209/209
f 209/209 233/233 235/235
f 2925/2925 2934/2934 2937/2937
f 6413/6413 6414/6414 6415/6415
f 6043/6043 6024/6024 6027/6027
f 6043/6043 6027/6027 6041/6041
f 1251/1251 1181/1181 1252/1252
f 1251/1251 1252/1252 1285/1285
f 1263/1263 1290/1290 1289/1289
f 1286/1286 1252/1252 1253/1253
f 1285/1285 1252/1252 1286/1286
f 4169/4169 4175/4175 4174/4174
f 3234/3234 3236/3236 3235/3235
f 324/324 331/331 325/325
f 326/326 327/327 324/324
f 326/326 328/328 327/327
f 389/389 328/328 326/326
f 313/313 328/328 389/389
f 3371/3371 3374/3374 3373/3373
f 3373/3373 3374/3374 3382/3382
f 5460/5460 5438/5438 5442/5442
f 257/257 259/259 258/258
f 5438/5438 5439/5439 5440/5440
f 2463/2463 2467/2467 2464/2464
f 5474/5474 5476/5476 5473/5473
f 2462/2462 2460/2460 2463/2463
f 5488/5488 5468/5468 5470/5470
f 2462/2462 2459/2459 2460/2460
f 3484/3484 3476/3476 3475/3475
f 3481/3481 3480/3480 3486/3486
f 3788/3788 3783/3783 3787/3787
f 5490/5490 5487/5487 5500/5500
f 2440/2440 2427/2427 2426/2426
f 5500/5500 5487/5487 5505/5505
f 2471/2471 2440/2440 2472/2472
f 5997/5997 5998/5998 5999/5999
f 3904/3904 3906/3906 3905/3905
f 5602/5602 5604/5604 5605/5605
f 5605/5605 5604/5604 5617/5617
f 202/202 200/200 205/205
f 4498/4498 4500/4500 4501/4501
f 205/205 208/208 209/209
f 6017/6017 6018/6018 6025/6025
f 6569/6569 6582/6582 6571/6571
f 2937/2937 2934/2934 2938/2938
f 1295/1295 1290/1290 1298/1298
f 1181/1181 1182/1182 1263/1263
f 1263/1263 1298/1298 1290/1290
f 1267/1267 1256/1256 1251/1251
f 1267/1267 1251/1251 1285/1285
f 1265/1265 1256/1256 1266/1266
f 1266/1266 1267/1267 1268/1268
f 1285/1285 1286/1286 1268/1268
f 374/374 383/383 384/384
f 351/351 340/340 348/348
f 313/313 389/389 326/326
f 388/388 313/313 326/326
f 3381/3381 3373/3373 3382/3382
f 5442/5442 5438/5438 5441/5441
f 5441/5441 5438/5438 5440/5440
f 1892/1892 1885/1885 1905/1905
f 5551/5551 5621/5621 5558/5558
f 6750/6750 6711/6711 6712/6712
f 5474/5474 5473/5473 5468/5468
f 2462/2462 2463/2463 2464/2464
f 222/222 225/225 220/220
f 6750/6750 6675/6675 6711/6711
f 6680/6680 6681/6681 6676/6676
f 5488/5488 5470/5470 5489/5489
f 5470/5470 5471/5471 5489/5489
f 2466/2466 2459/2459 2462/2462
f 5489/5489 5471/5471 5490/5490
f 2456/2456 2454/2454 2466/2466
f 2466/2466 2454/2454 2459/2459
f 3788/3788 3787/3787 3789/3789
f 3482/3482 3481/3481 3486/3486
f 2427/2427 2429/2429 2428/2428
f 2472/2472 2440/2440 2426/2426
f 2185/2185 2194/2194 2186/2186
f 6551/6551 6544/6544 6682/6682
f 5505/5505 5506/5506 5576/5576
f 6730/6730 6726/6726 6733/6733
f 5576/5576 5506/5506 5589/5589
f 2350/2350 2351/2351 2349/2349
f 3904/3904 3905/3905 3903/3903
f 3904/3904 3903/3903 3883/3883
f 4506/4506 4498/4498 4501/4501
f 6632/6632 6627/6627 6752/6752
f 4529/4529 4525/4525 4528/4528
f 5681/5681 5682/5682 5683/5683
f 2939/2939 2940/2940 2938/2938
f 352/352 348/348 383/383
f 352/352 383/383 374/374
f 341/341 340/340 351/351
f 253/253 255/255 254/254
f 3372/3372 3376/3376 3377/3377
f 317/317 328/328 313/313
f 254/254 257/257 256/256
f 5443/5443 5442/5442 5441/5441
f 5440/5440 5551/5551 5441/5441
f 5558/5558 5556/5556 5479/5479
f 5479/5479 5556/5556 5476/5476
f 258/258 259/259 268/268
f 1504/1504 1507/1507 1501/1501
f 2428/2428 2429/2429 2432/2432
f 2426/2426 2427/2427 2428/2428
f 2169/2169 2187/2187 2168/2168
f 2173/2173 2192/2192 2188/2188
f 5500/5500 5505/5505 5560/5560
f 2495/2495 2491/2491 2479/2479
f 6729/6729 6726/6726 6730/6730
f 5589/5589 5602/5602 5606/5606
f 3874/3874 3904/3904 3883/3883
f 5605/5605 5617/5617 5620/5620
f 5617/5617 5616/5616 5618/5618
f 4506/4506 4501/4501 4511/4511
f 6568/6568 6567/6567 6583/6583
f 6567/6567 6572/6572 6583/6583
f 1349/1349 1335/1335 1336/1336
f 6573/6573 6581/6581 6587/6587
f 1296/1296 1295/1295 1297/1297
f 1180/1180 1185/1185 1182/1182
f 1263/1263 1282/1282 1298/1298
f 352/352 374/374 372/372
f 3234/3234 3235/3235 3232/3232
f 653/653 644/644 643/643
f 335/335 340/340 338/338
f 331/331 335/335 329/329
f 3383/3383 3377/3377 3378/3378
f 3378/3378 3376/3376 3379/3379
f 387/387 313/313 388/388
f 3376/3376 3381/3381 3380/3380
f 312/312 313/313 311/311
f 312/312 317/317 313/313
f 5479/5479 5476/5476 5474/5474
f 2465/2465 2464/2464 2468/2468
f 5491/5491 5468/5468 5488/5488
f 2474/2474 2455/2455 2456/2456
f 2474/2474 2456/2456 2475/2475
f 2456/2456 2466/2466 2476/2476
f 2475/2475 2456/2456 2476/2476
f 2428/2428 2432/2432 2434/2434
f 2185/2185 2186/2186 2174/2174
f 6730/6730 6733/6733 6735/6735
f 5505/5505 5576/5576 5591/5591
f 5576/5576 5589/5589 5606/5606
f 4249/4249 4251/4251 4250/4250
f 202/202 198/198 200/200
f 3874/3874 3883/3883 3876/3876
f 3874/3874 3876/3876 3875/3875
f 3873/3873 3874/3874 3875/3875
f 5620/5620 5617/5617 5618/5618
f 2503/2503 2497/2497 2502/2502
f 5618/5618 5616/5616 5619/5619
f 6635/6635 6633/6633 6636/6636
f 3876/3876 3902/3902 3885/3885
f 3839/3839 3838/3838 3836/3836
f 207/207 205/205 209/209
f 6586/6586 6573/6573 6589/6589
f 1335/1335 1334/1334 1336/1336
f 5657/5657 5659/5659 5658/5658
f 5658/5658 5659/5659 5660/5660
f 5790/5790 5791/5791 5792/5792
f 1187/1187 1188/1188 1185/1185
f 1185/1185 1188/1188 1189/1189
f 1392/1392 1378/1378 1393/1393
f 1298/1298 1297/1297 1295/1295
f 1363/1363 1297/1297 1298/1298
f 1282/1282 1283/1283 1298/1298
f 1275/1275 1264/1264 1174/1174
f 351/351 348/348 352/352
f 3233/3233 3234/3234 3232/3232
f 329/329 335/335 338/338
f 325/325 331/331 329/329
f 323/323 324/324 325/325
f 326/326 324/324 322/322
f 3372/3372 3377/3377 3383/3383
f 5445/5445 5443/5443 5444/5444
f 5444/5444 5443/5443 5441/5441
f 256/256 257/257 258/258
f 1501/1501 1502/1502 1481/1481
f 1480/1480 1504/1504 1501/1501
f 1505/1505 1503/1503 1499/1499
f 5475/5475 5468/5468 5491/5491
f 2462/2462 2464/2464 2465/2465
f 2470/2470 2462/2462 2465/2465
f 2473/2473 2462/2462 2470/2470
f 2473/2473 2466/2466 2462/2462
f 218/218 220/220 216/216
f 5489/5489 5490/5490 5500/5500
f 2478/2478 2426/2426 2428/2428
f 2173/2173 2169/2169 2166/2166
f 2167/2167 2168/2168 2185/2185
f 2472/2472 2426/2426 2480/2480
f 5579/5579 5500/5500 5560/5560
f 2479/2479 2472/2472 2480/2480
f 5560/5560 5505/5505 5591/5591
f 3875/3875 3876/3876 3878/3878
f 3878/3878 3876/3876 3885/3885
f 202/202 205/205 207/207
f 963/963 968/968 959/959
f 968/968 972/972 959/959
f 1369/1369 1348/1348 1361/1361
f 959/959 972/972 971/971
f 1332/1332 1334/1334 1335/1335
f 971/971 972/972 974/974
f 1361/1361 1348/1348 1335/1335
f 5656/5656 5657/5657 5658/5658
f 5656/5656 5658/5658 5662/5662
f 6589/6589 6587/6587 6739/6739
f 5657/5657 5656/5656 5661/5661
f 5663/5663 5657/5657 5661/5661
f 5661/5661 5656/5656 5662/5662
f 1393/1393 1366/1366 1402/1402
f 6739/6739 6587/6587 6740/6740
f 1187/1187 1190/1190 1188/1188
f 1357/1357 1378/1378 1392/1392
f 1283/1283 1363/1363 1298/1298
f 167/167 169/169 133/133
f 167/167 133/133 156/156
f 1174/1174 1173/1173 1178/1178
f 640/640 653/653 643/643
f 643/643 641/641 640/640
f 267/267 255/255 253/253
f 3383/3383 3378/3378 3384/3384
f 3378/3378 3379/3379 3384/3384
f 3389/3389 3372/3372 3383/3383
f 5447/5447 5445/5445 5446/5446
f 314/314 317/317 312/312
f 5446/5446 5445/5445 5444/5444
f 5551/5551 5558/5558 5536/5536
f 5536/5536 5558/5558 5479/5479
f 1481/1481 1502/1502 1479/1479
f 1480/1480 1501/1501 1481/1481
f 2465/2465 2468/2468 2469/2469
f 1482/1482 1499/1499 1503/1503
f 219/219 222/222 220/220
f 5515/5515 5488/5488 5489/5489
f 2478/2478 2428/2428 2434/2434
f 2166/2166 2169/2169 2157/2157
f 2169/2169 2168/2168 2157/2157
f 5591/5591 5576/5576 5592/5592
f 5576/5576 5606/5606 5592/5592
f 203/203 198/198 202/202
f 4242/4242 4249/4249 4250/4250
f 4242/4242 4250/4250 4245/4245
f 3877/3877 3873/3873 3875/3875
f 4512/4512 4506/4506 4511/4511
f 1242/1242 1243/1243 1232/1232
f 4254/4254 4245/4245 4255/4255
f 969/969 973/973 966/966
f 966/966 973/973 964/964
f 1202/1202 1242/1242 1205/1205
f 1205/1205 1242/1242 1232/1232
f 1205/1205 1232/1232 1206/1206
f 1358/1358 1388/1388 1387/1387
f 1348/1348 1332/1332 1335/1335
f 1200/1200 1206/1206 1240/1240
f 1205/1205 1206/1206 1200/1200
f 1199/1199 1205/1205 1200/1200
f 1276/1276 1250/1250 1269/1269
f 1188/1188 1200/1200 1240/1240
f 1188/1188 1240/1240 1241/1241
f 1199/1199 1200/1200 1188/1188
f 1190/1190 1199/1199 1188/1188
f 1188/1188 1241/1241 1189/1189
f 1272/1272 1254/1254 1255/1255
f 1183/1183 1187/1187 1180/1180
f 130/130 132/132 134/134
f 253/253 254/254 249/249
f 249/249 254/254 256/256
f 322/322 324/324 323/323
f 5446/5446 5444/5444 5538/5538
f 5538/5538 5551/5551 5537/5537
f 5537/5537 5551/5551 5536/5536
f 1478/1478 1481/1481 1479/1479
f 5491/5491 5488/5488 5504/5504
f 2475/2475 2476/2476 2482/2482
f 5577/5577 5489/5489 5574/5574
f 2478/2478 2434/2434 2486/2486
f 5489/5489 5500/5500 5574/5574
f 2483/2483 2426/2426 2478/2478
f 2172/2172 2190/2190 2173/2173
f 5500/5500 5579/5579 5574/5574
f 2488/2488 2480/2480 2485/2485
f 5560/5560 5591/5591 5630/5630
f 4248/4248 4249/4249 4241/4241
f 4241/4241 4249/4249 4242/4242
f 4242/4242 4245/4245 4244/4244
f 2499/2499 2494/2494 2506/2506
f 4244/4244 4245/4245 4254/4254
f 1397/1397 1390/1390 1320/1320
f 3877/3877 3875/3875 3878/3878
f 1203/1203 1242/1242 1202/1202
f 1320/1320 1388/1388 1322/1322
f 1332/1332 1333/1333 1334/1334
f 1358/1358 1386/1386 1362/1362
f 1183/1183 1190/1190 1187/1187
f 1175/1175 1183/1183 1180/1180
f 1173/1173 1175/1175 1178/1178
f 3231/3231 3233/3233 3232/3232
f 338/338 340/340 341/341
f 654/654 641/641 657/657
f 283/283 255/255 267/267
f 323/323 325/325 329/329
f 3387/3387 3383/3383 3384/3384
f 5461/5461 5447/5447 5449/5449
f 5478/5478 5479/5479 5474/5474
f 5478/5478 5474/5474 5477/5477
f 1480/1480 1481/1481 1478/1478
f 258/258 268/268 266/266
f 1477/1477 1499/1499 1482/1482
f 2481/2481 2473/2473 2470/2470
f 5504/5504 5488/5488 5515/5515
f 3720/3720 3717/3717 3722/3722
f 5585/5585 5489/5489 5577/5577
f 2476/2476 2473/2473 2482/2482
f 2489/2489 2474/2474 2475/2475
f 2496/2496 2475/2475 2482/2482
f 2157/2157 2168/2168 2167/2167
f 2157/2157 2167/2167 2160/2160
f 2160/2160 2167/2167 2174/2174
f 5290/5290 5279/5279 5278/5278
f 2485/2485 2426/2426 2483/2483
f 2480/2480 2426/2426 2485/2485
f 2200/2200 2199/2199 2190/2190
f 5797/5797 5800/5800 5799/5799
f 5799/5799 5800/5800 5801/5801
f 4248/4248 4241/4241 4247/4247
f 1354/1354 1397/1397 1320/1320
f 2499/2499 2506/2506 2511/2511
f 1369/1369 1368/1368 1328/1328
f 1369/1369 1328/1328 1348/1348
f 1348/1348 1328/1328 1332/1332
f 3877/3877 3878/3878 3879/3879
f 1204/1204 1202/1202 1205/1205
f 1204/1204 1205/1205 1199/1199
f 954/954 959/959 971/971
f 1204/1204 1199/1199 1201/1201
f 1201/1201 1199/1199 1190/1190
f 1183/1183 1201/1201 1190/1190
f 6368/6368 6369/6369 6366/6366
f 1357/1357 1356/1356 1378/1378
f 1261/1261 1169/1169 1168/1168
f 1168/1168 1169/1169 1170/1170
f 1175/1175 1173/1173 1172/1172
f 1170/1170 1172/1172 1173/1173
f 164/164 167/167 156/156
f 352/352 372/372 365/365
f 640/640 641/641 642/642
f 329/329 338/338 330/330
f 323/323 329/329 296/296
f 3387/3387 3384/3384 3388/3388
f 3389/3389 3383/3383 3387/3387
f 5463/5463 5461/5461 5449/5449
f 5449/5449 5447/5447 5448/5448
f 321/321 387/387 326/326
f 5448/5448 5447/5447 5446/5446
f 310/310 312/312 311/311
f 5446/5446 5538/5538 5448/5448
f 314/314 312/312 310/310
f 1478/1478 1479/1479 1472/1472
f 5478/5478 5536/5536 5479/5479
f 1477/1477 1480/1480 1476/1476
f 1476/1476 1480/1480 1478/1478
f 5477/5477 5474/5474 5475/5475
f 1477/1477 1482/1482 1480/1480
f 2477/2477 2470/2470 2465/2465
f 6115/6115 6117/6117 6119/6119
f 2489/2489 2475/2475 2496/2496
f 2496/2496 2482/2482 2498/2498
f 218/218 216/216 217/217
f 2166/2166 2157/2157 2156/2156
f 3726/3726 3725/3725 3727/3727
f 2172/2172 2173/2173 2166/2166
f 2478/2478 2486/2486 2487/2487
f 2483/2483 2478/2478 2487/2487
f 2193/2193 2200/2200 2190/2190
f 2488/2488 2485/2485 2500/2500
f 3732/3732 3730/3730 3731/3731
f 2509/2509 2488/2488 2500/2500
f 5798/5798 5797/5797 5799/5799
f 4241/4241 4242/4242 4243/4243
f 5993/5993 5990/5990 5985/5985
f 4242/4242 4244/4244 4243/4243
f 2511/2511 2506/2506 2519/2519
f 3878/3878 3885/3885 3880/3880
f 960/960 966/966 964/964
f 1279/1279 1280/1280 1360/1360
f 1255/1255 1254/1254 1231/1231
f 1366/1366 1356/1356 1315/1315
f 6367/6367 6368/6368 6366/6366
f 1191/1191 1201/1201 1183/1183
f 1363/1363 1360/1360 1313/1313
f 1313/1313 1356/1356 1357/1357
f 5664/5664 5672/5672 5665/5665
f 1176/1176 1183/1183 1175/1175
f 1172/1172 1176/1176 1175/1175
f 4438/4438 4440/4440 4433/4433
f 3231/3231 3232/3232 3230/3230
f 655/655 653/653 640/640
f 642/642 641/641 654/654
f 330/330 338/338 361/361
f 296/296 329/329 330/330
f 3389/3389 3387/3387 3390/3390
f 5463/5463 5449/5449 5464/5464
f 373/373 387/387 321/321
f 5537/5537 5536/5536 5478/5478
f 1473/1473 1478/1478 1472/1472
f 5481/5481 5477/5477 5475/5475
f 5481/5481 5475/5475 5491/5491
f 5481/5481 5491/5491 5492/5492
f 5492/5492 5491/5491 5504/5504
f 2477/2477 2465/2465 2469/2469
f 2498/2498 2482/2482 2481/2481
f 2172/2172 2166/2166 2163/2163
f 2163/2163 2166/2166 2156/2156
f 2487/2487 2486/2486 2507/2507
f 2193/2193 2190/2190 2172/2172
f 3728/3728 3727/3727 3729/3729
f 217/217 216/216 203/203
f 3730/3730 3729/3729 3731/3731
f 3730/3730 3732/3732 3733/3733
f 5795/5795 5797/5797 5796/5796
f 5796/5796 5797/5797 5798/5798
f 4246/4246 4252/4252 4247/4247
f 4246/4246 4247/4247 4241/4241
f 204/204 203/203 202/202
f 4246/4246 4241/4241 4243/4243
f 1328/1328 1325/1325 1332/1332
f 1332/1332 1331/1331 1333/1333
f 1318/1318 1354/1354 1320/1320
f 1202/1202 1198/1198 1203/1203
f 1198/1198 1202/1202 1197/1197
f 3880/3880 3879/3879 3878/3878
f 3881/3881 3879/3879 3880/3880
f 1204/1204 1197/1197 1202/1202
f 954/954 971/971 953/953
f 1191/1191 1204/1204 1201/1201
f 1366/1366 1315/1315 1362/1362
f 1231/1231 1223/1223 1237/1237
f 1223/1223 1216/1216 1257/1257
f 1184/1184 1191/1191 1183/1183
f 1176/1176 1184/1184 1183/1183
f 1169/1169 1171/1171 1170/1170
f 5666/5666 5665/5665 5667/5667
f 5668/5668 5666/5666 5667/5667
f 353/353 352/352 365/365
f 5464/5464 5643/5643 5463/5463
f 3391/3391 3389/3389 3390/3390
f 5467/5467 5643/5643 5464/5464
f 5532/5532 5538/5538 5537/5537
f 1476/1476 1478/1478 1473/1473
f 3720/3720 3725/3725 3721/3721
f 3721/3721 3725/3725 3726/3726
f 2157/2157 2160/2160 2159/2159
f 5292/5292 5290/5290 5291/5291
f 2508/2508 2489/2489 2496/2496
f 2508/2508 2496/2496 2510/2510
f 2496/2496 2498/2498 2510/2510
f 2510/2510 2498/2498 2518/2518
f 3726/3726 3727/3727 3728/3728
f 2501/2501 2487/2487 2512/2512
f 2512/2512 2487/2487 2507/2507
f 2483/2483 2487/2487 2501/2501
f 2485/2485 2483/2483 2504/2504
f 3728/3728 3729/3729 3730/3730
f 2509/2509 2500/2500 2514/2514
f 1318/1318 1325/1325 1328/1328
f 1325/1325 1331/1331 1332/1332
f 2506/2506 2509/2509 2514/2514
f 1331/1331 1359/1359 1372/1372
f 1316/1316 1318/1318 1320/1320
f 1316/1316 1320/1320 1322/1322
f 1281/1281 1399/1399 1375/1375
f 956/956 960/960 952/952
f 1280/1280 1281/1281 1375/1375
f 1191/1191 1197/1197 1204/1204
f 1280/1280 1375/1375 1353/1353
f 1280/1280 1353/1353 1360/1360
f 1231/1231 1254/1254 1235/1235
f 1231/1231 1214/1214 1223/1223
f 1223/1223 1214/1214 1216/1216
f 1356/1356 1313/1313 1315/1315
f 1172/1172 1171/1171 1176/1176
f 6720/6720 6719/6719 6723/6723
f 351/351 352/352 353/353
f 3238/3238 3231/3231 3226/3226
f 3226/3226 3231/3231 3230/3230
f 323/323 296/296 297/297
f 5464/5464 5449/5449 5452/5452
f 298/298 323/323 297/297
f 322/322 323/323 298/298
f 321/321 326/326 322/322
f 5449/5449 5448/5448 5451/5451
f 5451/5451 5448/5448 5538/5538
f 310/310 311/311 309/309
f 5537/5537 5478/5478 5532/5532
f 1471/1471 1476/1476 1473/1473
f 1477/1477 1476/1476 1474/1474
f 219/219 220/220 221/221
f 221/221 220/220 218/218
f 221/221 218/218 224/224
f 3717/3717 3720/3720 3708/3708
f 3708/3708 3720/3720 3721/3721
f 2505/2505 2481/2481 2490/2490
f 2498/2498 2481/2481 2505/2505
f 2517/2517 2498/2498 2505/2505
f 2512/2512 2507/2507 2515/2515
f 2201/2201 2200/2200 2193/2193
f 2500/2500 2485/2485 2504/2504
f 1990/1990 1999/1999 2000/2000
f 2514/2514 2500/2500 2504/2504
f 217/217 203/203 204/204
f 1224/1224 1245/1245 1246/1246
f 1325/1325 1327/1327 1331/1331
f 1319/1319 1324/1324 1318/1318
f 5794/5794 5795/5795 5796/5796
f 1195/1195 1208/1208 1196/1196
f 4253/4253 4252/4252 4246/4246
f 2506/2506 2514/2514 2519/2519
f 1193/1193 1196/1196 1197/1197
f 1196/1196 1198/1198 1197/1197
f 1314/1314 1308/1308 1316/1316
f 1317/1317 1316/1316 1322/1322
f 1317/1317 1314/1314 1316/1316
f 2342/2342 2347/2347 2344/2344
f 3882/3882 3881/3881 3880/3880
f 1323/1323 1306/1306 1314/1314
f 4425/4425 4420/4420 4419/4419
f 1262/1262 1249/1249 1250/1250
f 1250/1250 1233/1233 1248/1248
f 1191/1191 1193/1193 1197/1197
f 1306/1306 1315/1315 1307/1307
f 1315/1315 1306/1306 1323/1323
f 949/949 954/954 953/953
f 1184/1184 1193/1193 1191/1191
f 1193/1193 1184/1184 1186/1186
f 1353/1353 1311/1311 1313/1313
f 1313/1313 1307/1307 1315/1315
f 5669/5669 5668/5668 5667/5667
f 5669/5669 5667/5667 5671/5671
f 173/173 175/175 176/176
f 5668/5668 5669/5669 5670/5670
f 163/163 164/164 156/156
f 163/163 156/156 129/129
f 6273/6273 6274/6274 6275/6275
f 354/354 351/351 353/353
f 341/341 351/351 354/354
f 320/320 338/338 341/341
f 276/276 283/283 267/267
f 364/364 361/361 320/320
f 361/361 338/338 320/320
f 3391/3391 3390/3390 3392/3392
f 5454/5454 5464/5464 5452/5452
f 5451/5451 5538/5538 5532/5532
f 258/258 266/266 265/265
f 1474/1474 1476/1476 1471/1471
f 2477/2477 2469/2469 2484/2484
f 3715/3715 3717/3717 3710/3710
f 3702/3702 3721/3721 3726/3726
f 2157/2157 2159/2159 2158/2158
f 2175/2175 2172/2172 2163/2163
f 3723/3723 3726/3726 3728/3728
f 1401/1401 1400/1400 1374/1374
f 1374/1374 1400/1400 1396/1396
f 1396/1396 1395/1395 1367/1367
f 1381/1381 1401/1401 1374/1374
f 1374/1374 1396/1396 1367/1367
f 1382/1382 1408/1408 1383/1383
f 2504/2504 2501/2501 2516/2516
f 1384/1384 1408/1408 1382/1382
f 1228/1228 1258/1258 1245/1245
f 1380/1380 1407/1407 1384/1384
f 1326/1326 1327/1327 1325/1325
f 1403/1403 1407/1407 1380/1380
f 1324/1324 1326/1326 1325/1325
f 1403/1403 1380/1380 1370/1370
f 1209/1209 1224/1224 1195/1195
f 1224/1224 1208/1208 1195/1195
f 1308/1308 1309/1309 1312/1312
f 1312/1312 1318/1318 1316/1316
f 1195/1195 1196/1196 1193/1193
f 1399/1399 1403/1403 1370/1370
f 1308/1308 1312/1312 1316/1316
f 1249/1249 1239/1239 1236/1236
f 1399/1399 1370/1370 1375/1375
f 3882/3882 3880/3880 3884/3884
f 1248/1248 1233/1233 1230/1230
f 1375/1375 1340/1340 1353/1353
f 1353/1353 1340/1340 1311/1311
f 1214/1214 1212/1212 1216/1216
f 1216/1216 1212/1212 1179/1179
f 1235/1235 1219/1219 1231/1231
f 1231/1231 1219/1219 1214/1214
f 1313/1313 1311/1311 1307/1307
f 1177/1177 1186/1186 1184/1184
f 1177/1177 1184/1184 1176/1176
f 1171/1171 1179/1179 1177/1177
f 1177/1177 1176/1176 1171/1171
f 5650/5650 5653/5653 5651/5651
f 5650/5650 5651/5651 5652/5652
f 5650/5650 5652/5652 5654/5654
f 5650/5650 5654/5654 5655/5655
f 353/353 365/365 368/368
f 655/655 640/640 645/645
f 645/645 640/640 642/642
f 293/293 364/364 320/320
f 296/296 330/330 293/293
f 5466/5466 5464/5464 5454/5454
f 321/321 322/322 298/298
f 5531/5531 5532/5532 5530/5530
f 308/308 310/310 309/309
f 5530/5530 5532/5532 5478/5478
f 256/256 258/258 252/252
f 252/252 258/258 265/265
f 5512/5512 5492/5492 5504/5504
f 3714/3714 3715/3715 3710/3710
f 232/232 219/219 221/221
f 3710/3710 3717/3717 3708/3708
f 3708/3708 3721/3721 3702/3702
f 2163/2163 2156/2156 2161/2161
f 2161/2161 2156/2156 2153/2153
f 2156/2156 2157/2157 2154/2154
f 2153/2153 2156/2156 2154/2154
f 2158/2158 2159/2159 2176/2176
f 1395/1395 1394/1394 1346/1346
f 1367/1367 1395/1395 1346/1346
f 1343/1343 1367/1367 1346/1346
f 1381/1381 1374/1374 1344/1344
f 1344/1344 1374/1374 1367/1367
f 1343/1343 1346/1346 1337/1337
f 1382/1382 1383/1383 1364/1364
f 1364/1364 1383/1383 1381/1381
f 1342/1342 1381/1381 1344/1344
f 1344/1344 1367/1367 1343/1343
f 1364/1364 1381/1381 1342/1342
f 1343/1343 1337/1337 1319/1319
f 1326/1326 1329/1329 1327/1327
f 1344/1344 1343/1343 1321/1321
f 1321/1321 1343/1343 1319/1319
f 1319/1319 1337/1337 1324/1324
f 1337/1337 1326/1326 1324/1324
f 1224/1224 1228/1228 1245/1245
f 1342/1342 1344/1344 1321/1321
f 1342/1342 1321/1321 1312/1312
f 1312/1312 1321/1321 1319/1319
f 1309/1309 1342/1342 1312/1312
f 1370/1370 1380/1380 1341/1341
f 1239/1239 1238/1238 1236/1236
f 1207/1207 1209/1209 1194/1194
f 1209/1209 1195/1195 1194/1194
f 1305/1305 1309/1309 1308/1308
f 1194/1194 1195/1195 1193/1193
f 1305/1305 1308/1308 1306/1306
f 1207/1207 1194/1194 1192/1192
f 1212/1212 1207/1207 1192/1192
f 1375/1375 1370/1370 1340/1340
f 1192/1192 1194/1194 1186/1186
f 1186/1186 1194/1194 1193/1193
f 1307/1307 1304/1304 1306/1306
f 1311/1311 1340/1340 1304/1304
f 1311/1311 1304/1304 1307/1307
f 1212/1212 1192/1192 1179/1179
f 1179/1179 1192/1192 1186/1186
f 1179/1179 1186/1186 1177/1177
f 6367/6367 6366/6366 6362/6362
f 4455/4455 4456/4456 4449/4449
f 3226/3226 3230/3230 3229/3229
f 5452/5452 5451/5451 5453/5453
f 1468/1468 1472/1472 1470/1470
f 5530/5530 5478/5478 5483/5483
f 1471/1471 1473/1473 1468/1468
f 2505/2505 2490/2490 2513/2513
f 2175/2175 2163/2163 2165/2165
f 3723/3723 3702/3702 3726/3726
f 226/226 218/218 217/217
f 1346/1346 1394/1394 1376/1376
f 1229/1229 1244/1244 1258/1258
f 1337/1337 1346/1346 1338/1338
f 1229/1229 1258/1258 1228/1228
f 1327/1327 1351/1351 1359/1359
f 1347/1347 1384/1384 1382/1382
f 1347/1347 1382/1382 1364/1364
f 1218/1218 1228/1228 1224/1224
f 1380/1380 1384/1384 1347/1347
f 1364/1364 1342/1342 1339/1339
f 1218/1218 1224/1224 1209/1209
f 1341/1341 1380/1380 1347/1347
f 1339/1339 1342/1342 1309/1309
f 1218/1218 1209/1209 1210/1210
f 1310/1310 1339/1339 1309/1309
f 1238/1238 1234/1234 1225/1225
f 1236/1236 1238/1238 1225/1225
f 1305/1305 1310/1310 1309/1309
f 1210/1210 1209/1209 1207/1207
f 1304/1304 1341/1341 1310/1310
f 1304/1304 1310/1310 1305/1305
f 1236/1236 1225/1225 1233/1233
f 1340/1340 1370/1370 1341/1341
f 1233/1233 1225/1225 1222/1222
f 1340/1340 1341/1341 1304/1304
f 3882/3882 3884/3884 3886/3886
f 1211/1211 1212/1212 1214/1214
f 1233/1233 1222/1222 1230/1230
f 1230/1230 1222/1222 1219/1219
f 1214/1214 1219/1219 1211/1211
f 646/646 642/642 654/654
f 297/297 296/296 292/292
f 5466/5466 5454/5454 5465/5465
f 5454/5454 5452/5452 5453/5453
f 5455/5455 5454/5454 5453/5453
f 373/373 321/321 301/301
f 301/301 321/321 298/298
f 249/249 256/256 252/252
f 5453/5453 5451/5451 5532/5532
f 5482/5482 5478/5478 5477/5477
f 2490/2490 2484/2484 2513/2513
f 224/224 218/218 226/226
f 1394/1394 1377/1377 1376/1376
f 2165/2165 2163/2163 2161/2161
f 2154/2154 2158/2158 2170/2170
f 3702/3702 3723/3723 3701/3701
f 1227/1227 1244/1244 1229/1229
f 1337/1337 1338/1338 1326/1326
f 1326/1326 1330/1330 1329/1329
f 1347/1347 1364/1364 1339/1339
f 1347/1347 1339/1339 1310/1310
f 1341/1341 1347/1347 1310/1310
f 1211/1211 1210/1210 1207/1207
f 3887/3887 3882/3882 3886/3886
f 950/950 949/949 953/953
f 6362/6362 6366/6366 6365/6365
f 6206/6206 6207/6207 6208/6208
f 3226/3226 3229/3229 3228/3228
f 2390/2390 2405/2405 2425/2425
f 3393/3393 3391/3391 3392/3392
f 298/298 297/297 292/292
f 5453/5453 5532/5532 5462/5462
f 5483/5483 5478/5478 5482/5482
f 1466/1466 1471/1471 1468/1468
f 1474/1474 1471/1471 1466/1466
f 5477/5477 5481/5481 5486/5486
f 5486/5486 5481/5481 5492/5492
f 5486/5486 5492/5492 5497/5497
f 3710/3710 3708/3708 3705/3705
f 1377/1377 1355/1355 1345/1345
f 1376/1376 1377/1377 1345/1345
f 3708/3708 3702/3702 3705/3705
f 1346/1346 1376/1376 1345/1345
f 1346/1346 1345/1345 1338/1338
f 1338/1338 1345/1345 1330/1330
f 1338/1338 1330/1330 1326/1326
f 1330/1330 1351/1351 1329/1329
f 1220/1220 1227/1227 1229/1229
f 1227/1227 1220/1220 1221/1221
f 1220/1220 1229/1229 1228/1228
f 1220/1220 1228/1228 1218/1218
f 1220/1220 1213/1213 1217/1217
f 1226/1226 1221/1221 1217/1217
f 1213/1213 1220/1220 1218/1218
f 1225/1225 1226/1226 1217/1217
f 1210/1210 1213/1213 1218/1218
f 6057/6057 6056/6056 5992/5992
f 1225/1225 1217/1217 1215/1215
f 1217/1217 1213/1213 1215/1215
f 1215/1215 1213/1213 1211/1211
f 1211/1211 1213/1213 1210/1210
f 1222/1222 1225/1225 1215/1215
f 5982/5982 5986/5986 5972/5972
f 1215/1215 1211/1211 1219/1219
f 4457/4457 4455/4455 4466/4466
f 1972/1972 1977/1977 1968/1968
f 3224/3224 3238/3238 3226/3226
f 646/646 645/645 642/642
f 292/292 296/296 293/293
f 5465/5465 5454/5454 5455/5455
f 5462/5462 5532/5532 5531/5531
f 308/308 309/309 301/301
f 5482/5482 5477/5477 5486/5486
f 314/314 310/310 308/308
f 315/315 314/314 308/308
f 252/252 265/265 263/263
f 2162/2162 2161/2161 2153/2153
f 2152/2152 2153/2153 2154/2154
f 1345/1345 1355/1355 1352/1352
f 2171/2171 2175/2175 2165/2165
f 3705/3705 3702/3702 3698/3698
f 1345/1345 1352/1352 1330/1330
f 3698/3698 3702/3702 3701/3701
f 1330/1330 1352/1352 1351/1351
f 3698/3698 3701/3701 3700/3700
f 3698/3698 3700/3700 3699/3699
f 1221/1221 1220/1220 1217/1217
f 6057/6057 5992/5992 6058/6058
f 3887/3887 3886/3886 3888/3888
f 3888/3888 3886/3886 3889/3889
f 3889/3889 3886/3886 3892/3892
f 4400/4400 4418/4418 4413/4413
f 4427/4427 4470/4470 4454/4454
f 353/353 368/368 367/367
f 346/346 341/341 354/354
f 3393/3393 3392/3392 3394/3394
f 299/299 301/301 298/298
f 5455/5455 5453/5453 5456/5456
f 5456/5456 5453/5453 5462/5462
f 5513/5513 5530/5530 5483/5483
f 5495/5495 5482/5482 5486/5486
f 1475/1475 1474/1474 1466/1466
f 3714/3714 3710/3710 3709/3709
f 3709/3709 3710/3710 3705/3705
f 2165/2165 2161/2161 2162/2162
f 2162/2162 2153/2153 2155/2155
f 2155/2155 2153/2153 2152/2152
f 2189/2189 2175/2175 2171/2171
f 163/163 129/129 159/159
f 118/118 124/124 119/119
f 4443/4443 4427/4427 4454/4454
f 3224/3224 3226/3226 3225/3225
f 3225/3225 3226/3226 3228/3228
f 304/304 293/293 320/320
f 295/295 293/293 304/304
f 3393/3393 3394/3394 3395/3395
f 5465/5465 5455/5455 5457/5457
f 299/299 298/298 292/292
f 5462/5462 5531/5531 5513/5513
f 1468/1468 1470/1470 1469/1469
f 1475/1475 1466/1466 1465/1465
f 5497/5497 5492/5492 5512/5512
f 2171/2171 2165/2165 2162/2162
f 3705/3705 3698/3698 3704/3704
f 3706/3706 3705/3705 3704/3704
f 4413/4413 4412/4412 4399/4399
f 159/159 129/129 125/125
f 121/121 122/122 118/118
f 291/291 292/292 293/293
f 5214/5214 5215/5215 5210/5210
f 5457/5457 5455/5455 5456/5456
f 5531/5531 5530/5530 5513/5513
f 5513/5513 5483/5483 5482/5482
f 1467/1467 1468/1468 1469/1469
f 1465/1465 1466/1466 1467/1467
f 1467/1467 1466/1466 1468/1468
f 358/358 314/314 315/315
f 3709/3709 3705/3705 3706/3706
f 2196/2196 2189/2189 2171/2171
f 6058/6058 5992/5992 5989/5989
f 6362/6362 6365/6365 6363/6363
f 144/144 138/138 149/149
f 656/656 645/645 647/647
f 647/647 645/645 646/646
f 305/305 341/341 346/346
f 304/304 320/320 305/305
f 291/291 293/293 294/294
f 308/308 301/301 299/299
f 1483/1483 1475/1475 1465/1465
f 5497/5497 5512/5512 5517/5517
f 2202/2202 2189/2189 2196/2196
f 2209/2209 2202/2202 2196/2196
f 3697/3697 3704/3704 3698/3698
f 3697/3697 3698/3698 3699/3699
f 3703/3703 3699/3699 3724/3724
f 6061/6061 6058/6058 5989/5989
f 932/932 948/948 945/945
f 5789/5789 5783/5783 5772/5772
f 247/247 267/267 253/253
f 2402/2402 2390/2390 2425/2425
f 5208/5208 5210/5210 5209/5209
f 2162/2162 2155/2155 2164/2164
f 3697/3697 3699/3699 3703/3703
f 356/356 353/353 367/367
f 294/294 295/295 304/304
f 300/300 299/299 292/292
f 5223/5223 5209/5209 5224/5224
f 1485/1485 1467/1467 1469/1469
f 1485/1485 1469/1469 1487/1487
f 1465/1465 1467/1467 1485/1485
f 3709/3709 3706/3706 3707/3707
f 3707/3707 3706/3706 3704/3704
f 2197/2197 2196/2196 2171/2171
f 1127/1127 1121/1121 1128/1128
f 354/354 353/353 356/356
f 248/248 267/267 247/247
f 300/300 292/292 291/291
f 5219/5219 5214/5214 5213/5213
f 5213/5213 5214/5214 5210/5210
f 5210/5210 5208/5208 5206/5206
f 5206/5206 5208/5208 5207/5207
f 5207/5207 5208/5208 5209/5209
f 5207/5207 5209/5209 5223/5223
f 5513/5513 5482/5482 5495/5495
f 316/316 308/308 299/299
f 315/315 308/308 316/316
f 1486/1486 1465/1465 1485/1485
f 1483/1483 1465/1465 1486/1486
f 252/252 263/263 262/262
f 250/250 252/252 262/262
f 1484/1484 1475/1475 1483/1483
f 2177/2177 2171/2171 2162/2162
f 2197/2197 2171/2171 2177/2177
f 3707/3707 3704/3704 3719/3719
f 1993/1993 1992/1992 2004/2004
f 1111/1111 1115/1115 1112/1112
f 5984/5984 6061/6061 5989/5989
f 3891/3891 3888/3888 3890/3890
f 3888/3888 3889/3889 3890/3890
f 3889/3889 3892/3892 3890/3890
f 5730/5730 5731/5731 5734/5734
f 5731/5731 5730/5730 5727/5727
f 5727/5727 5730/5730 5728/5728
f 5772/5772 5768/5768 5769/5769
f 3223/3223 3224/3224 3225/3225
f 5519/5519 5513/5513 5518/5518
f 5513/5513 5495/5495 5518/5518
f 5496/5496 5486/5486 5497/5497
f 5498/5498 5497/5497 5517/5517
f 3713/3713 3709/3709 3711/3711
f 3709/3709 3707/3707 3711/3711
f 2177/2177 2162/2162 2164/2164
f 3718/3718 3707/3707 3719/3719
f 2209/2209 2196/2196 2197/2197
f 3719/3719 3704/3704 3697/3697
f 1112/1112 1119/1119 1114/1114
f 649/649 646/646 654/654
f 276/276 267/267 248/248
f 300/300 291/291 302/302
f 3564/3564 3565/3565 3563/3563
f 3563/3563 3565/3565 3566/3566
f 5213/5213 5210/5210 5206/5206
f 249/249 252/252 250/250
f 3711/3711 3707/3707 3712/3712
f 1125/1125 1111/1111 1108/1108
f 5726/5726 5728/5728 5751/5751
f 356/356 367/367 375/375
f 355/355 354/354 356/356
f 346/346 354/354 355/355
f 647/647 646/646 648/648
f 648/648 646/646 649/649
f 302/302 294/294 304/304
f 247/247 253/253 249/249
f 291/291 294/294 302/302
f 5206/5206 5207/5207 5205/5205
f 5205/5205 5207/5207 5223/5223
f 362/362 315/315 316/316
f 1490/1490 1486/1486 1485/1485
f 5501/5501 5495/5495 5496/5496
f 358/358 315/315 362/362
f 5496/5496 5495/5495 5486/5486
f 1488/1488 1483/1483 1486/1486
f 5496/5496 5497/5497 5498/5498
f 3712/3712 3707/3707 3718/3718
f 2177/2177 2164/2164 2178/2178
f 2178/2178 2164/2164 2179/2179
f 2179/2179 2164/2164 2180/2180
f 2179/2179 2180/2180 2181/2181
f 6429/6429 6426/6426 6428/6428
f 2203/2203 2197/2197 2177/2177
f 5555/5555 5597/5597 5578/5578
f 6055/6055 6060/6060 5984/5984
f 5965/5965 5964/5964 5968/5968
f 5735/5735 5740/5740 5731/5731
f 307/307 299/299 300/300
f 14/14 26/26 15/15
f 5518/5518 5495/5495 5501/5501
f 1490/1490 1485/1485 1491/1491
f 1491/1491 1485/1485 1487/1487
f 1488/1488 1486/1486 1490/1490
f 1484/1484 1483/1483 1488/1488
f 1024/1024 1002/1002 1023/1023
f 5612/5612 5633/5633 5632/5632
f 1002/1002 991/991 1001/1001
f 2203/2203 2177/2177 2178/2178
f 5555/5555 5578/5578 5544/5544
f 1082/1082 1108/1108 1107/1107
f 3895/3895 3891/3891 3896/3896
f 4396/4396 4397/4397 4398/4398
f 4469/4469 4472/4472 4473/4473
f 5727/5727 5728/5728 5726/5726
f 302/302 304/304 305/305
f 5216/5216 5213/5213 5206/5206
f 35/35 26/26 14/14
f 319/319 299/299 307/307
f 316/316 299/299 319/319
f 358/358 362/362 316/316
f 14/14 15/15 13/13
f 1489/1489 1484/1484 1488/1488
f 5498/5498 5522/5522 5508/5508
f 2179/2179 2181/2181 2182/2182
f 6428/6428 6426/6426 6425/6425
f 3168/3168 3169/3169 3163/3163
f 5599/5599 5600/5600 5562/5562
f 2678/2678 2715/2715 2674/2674
f 5988/5988 6055/6055 5984/5984
f 3897/3897 3895/3895 3896/3896
f 1123/1123 1124/1124 1129/1129
f 1129/1129 1124/1124 1130/1130
f 5723/5723 5731/5731 5727/5727
f 5723/5723 5727/5727 5726/5726
f 649/649 654/654 661/661
f 336/336 346/346 355/355
f 282/282 276/276 248/248
f 305/305 346/346 336/336
f 247/247 249/249 245/245
f 300/300 302/302 303/303
f 245/245 249/249 250/250
f 5203/5203 5206/5206 5205/5205
f 5205/5205 5223/5223 5221/5221
f 5519/5519 5518/5518 5523/5523
f 5221/5221 5230/5230 5226/5226
f 250/250 262/262 264/264
f 1492/1492 1484/1484 1489/1489
f 3711/3711 3712/3712 3716/3716
f 1022/1022 1019/1019 1004/1004
f 3533/3533 3529/3529 3523/3523
f 2179/2179 2182/2182 2183/2183
f 5562/5562 5600/5600 5563/5563
f 5542/5542 5555/5555 5544/5544
f 2688/2688 2701/2701 2678/2678
f 2761/2761 2736/2736 2735/2735
f 2736/2736 2759/2759 2740/2740
f 2740/2740 2759/2759 2763/2763
f 2759/2759 2764/2764 2763/2763
f 5988/5988 5984/5984 5964/5964
f 2763/2763 2764/2764 2765/2765
f 4872/4872 4875/4875 4868/4868
f 4876/4876 4884/4884 4875/4875
f 4875/4875 4877/4877 4868/4868
f 4402/4402 4396/4396 4401/4401
f 1930/1930 1938/1938 1935/1935
f 5746/5746 5741/5741 5745/5745
f 172/172 171/171 174/174
f 659/659 648/648 649/649
f 2618/2618 2612/2612 2619/2619
f 306/306 302/302 305/305
f 2602/2602 2626/2626 2612/2612
f 303/303 302/302 306/306
f 2613/2613 2630/2630 2596/2596
f 307/307 300/300 303/303
f 3562/3562 3564/3564 3563/3563
f 5216/5216 5206/5206 5217/5217
f 5217/5217 5206/5206 5203/5203
f 5203/5203 5205/5205 5204/5204
f 5204/5204 5205/5205 5221/5221
f 5226/5226 5230/5230 5229/5229
f 5518/5518 5501/5501 5533/5533
f 5496/5496 5498/5498 5499/5499
f 5499/5499 5498/5498 5508/5508
f 2649/2649 2669/2669 2671/2671
f 1022/1022 1004/1004 1025/1025
f 2674/2674 2672/2672 2652/2652
f 3529/3529 3522/3522 3523/3523
f 2178/2178 2179/2179 2183/2183
f 2697/2697 2701/2701 2688/2688
f 1017/1017 1014/1014 1013/1013
f 2705/2705 2697/2697 2694/2694
f 996/996 995/995 1008/1008
f 2735/2735 2736/2736 2730/2730
f 2730/2730 2736/2736 2740/2740
f 2763/2763 2765/2765 2766/2766
f 2766/2766 2765/2765 2767/2767
f 1098/1098 1106/1106 1100/1100
f 4871/4871 4872/4872 4868/4868
f 927/927 924/924 939/939
f 6361/6361 6362/6362 6363/6363
f 5723/5723 5726/5726 5725/5725
f 5725/5725 5726/5726 5758/5758
f 376/376 356/356 375/375
f 305/305 336/336 306/306
f 2606/2606 2612/2612 2618/2618
f 5196/5196 5203/5203 5204/5204
f 2673/2673 2716/2716 2721/2721
f 2629/2629 2632/2632 2628/2628
f 1488/1488 1490/1490 1496/1496
f 1496/1496 1490/1490 1491/1491
f 250/250 264/264 251/251
f 5501/5501 5496/5496 5499/5499
f 2653/2653 2669/2669 2649/2649
f 5563/5563 5594/5594 5542/5542
f 2203/2203 2178/2178 2204/2204
f 2204/2204 2178/2178 2183/2183
f 5543/5543 5542/5542 5544/5544
f 5547/5547 5544/5544 5549/5549
f 2694/2694 2697/2697 2689/2689
f 3899/3899 3897/3897 3898/3898
f 3897/3897 3896/3896 3898/3898
f 4871/4871 4868/4868 4867/4867
f 4867/4867 4868/4868 4869/4869
f 4869/4869 4868/4868 4870/4870
f 941/941 940/940 951/951
f 2332/2332 2334/2334 2331/2331
f 6364/6364 6361/6361 6363/6363
f 5723/5723 5722/5722 5735/5735
f 5722/5722 5723/5723 5724/5724
f 162/162 159/159 158/158
f 3227/3227 3223/3223 3225/3225
f 667/667 647/647 663/663
f 663/663 647/647 660/660
f 6358/6358 6359/6359 6360/6360
f 6267/6267 6268/6268 6269/6269
f 660/660 659/659 649/649
f 660/660 649/649 661/661
f 2618/2618 2619/2619 2621/2621
f 30/30 14/14 11/11
f 2602/2602 2612/2612 2606/2606
f 3562/3562 3563/3563 3561/3561
f 5217/5217 5203/5203 5201/5201
f 5201/5201 5203/5203 5196/5196
f 2628/2628 2613/2613 2614/2614
f 2663/2663 2673/2673 2721/2721
f 2629/2629 2628/2628 2614/2614
f 5196/5196 5193/5193 5192/5192
f 5192/5192 5193/5193 5194/5194
f 5194/5194 5193/5193 5204/5204
f 5194/5194 5204/5204 5221/5221
f 245/245 250/250 251/251
f 11/11 14/14 13/13
f 1493/1493 1488/1488 1496/1496
f 1492/1492 1489/1489 1488/1488
f 1492/1492 1488/1488 1493/1493
f 5501/5501 5499/5499 5502/5502
f 2666/2666 2676/2676 2677/2677
f 2675/2675 2676/2676 2648/2648
f 2649/2649 2671/2671 2648/2648
f 5499/5499 5508/5508 5503/5503
f 5507/5507 5508/5508 5509/5509
f 2653/2653 2649/2649 2646/2646
f 5509/5509 5561/5561 5550/5550
f 3528/3528 3524/3524 3527/3527
f 3532/3532 3528/3528 3527/3527
f 3527/3527 3524/3524 3521/3521
f 3524/3524 3523/3523 3521/3521
f 2688/2688 2678/2678 2687/2687
f 3521/3521 3523/3523 3522/3522
f 2204/2204 2183/2183 2205/2205
f 2183/2183 2182/2182 2184/2184
f 3168/3168 3163/3163 3160/3160
f 3160/3160 3163/3163 3162/3162
f 2208/2208 2203/2203 2204/2204
f 5545/5545 5543/5543 5544/5544
f 5545/5545 5544/5544 5547/5547
f 2689/2689 2697/2697 2688/2688
f 2732/2732 2771/2771 2770/2770
f 5841/5841 5844/5844 5842/5842
f 2732/2732 2735/2735 2730/2730
f 5843/5843 5842/5842 5845/5845
f 5843/5843 5845/5845 5846/5846
f 2730/2730 2740/2740 2728/2728
f 2728/2728 2740/2740 2739/2739
f 3505/3505 3508/3508 3491/3491
f 3492/3492 3505/3505 3491/3491
f 3900/3900 3899/3899 3898/3898
f 4873/4873 4874/4874 4879/4879
f 4879/4879 4880/4880 4881/4881
f 4869/4869 4870/4870 4873/4873
f 4870/4870 4874/4874 4873/4873
f 4486/4486 4489/4489 4487/4487
f 5741/5741 5739/5739 5744/5744
f 5729/5729 5722/5722 5724/5724
f 5729/5729 5724/5724 5725/5725
f 5760/5760 5725/5725 5758/5758
f 5771/5771 5780/5780 5776/5776
f 337/337 306/306 336/336
f 247/247 245/245 244/244
f 2598/2598 2613/2613 2596/2596
f 5218/5218 5217/5217 5201/5201
f 4996/4996 4998/4998 4997/4997
f 5222/5222 5194/5194 5221/5221
f 5222/5222 5221/5221 5226/5226
f 350/350 316/316 319/319
f 358/358 316/316 350/350
f 1496/1496 1491/1491 1497/1497
f 11/11 13/13 12/12
f 5502/5502 5499/5499 5503/5503
f 5503/5503 5508/5508 5507/5507
f 2646/2646 2649/2649 2644/2644
f 5507/5507 5509/5509 5550/5550
f 13/13 25/25 12/12
f 5562/5562 5563/5563 5539/5539
f 5563/5563 5542/5542 5540/5540
f 2689/2689 2688/2688 2687/2687
f 2298/2298 2318/2318 2269/2269
f 2213/2213 2203/2203 2208/2208
f 2269/2269 2318/2318 2317/2317
f 2212/2212 2203/2203 2213/2213
f 3491/3491 3500/3500 3493/3493
f 3196/3196 3186/3186 3205/3205
f 2319/2319 2322/2322 2321/2321
f 3490/3490 3492/3492 3491/3491
f 4878/4878 4879/4879 4882/4882
f 935/935 927/927 944/944
f 4880/4880 4887/4887 4885/4885
f 2329/2329 2330/2330 2326/2326
f 4486/4486 4487/4487 4488/4488
f 4488/4488 4487/4487 4490/4490
f 4488/4488 4490/4490 4491/4491
f 5736/5736 5729/5729 5737/5737
f 357/357 355/355 356/356
f 377/377 356/356 376/376
f 337/337 336/336 355/355
f 2621/2621 2623/2623 2622/2622
f 2596/2596 2602/2602 2597/2597
f 2597/2597 2602/2602 2606/2606
f 2598/2598 2596/2596 2595/2595
f 3556/3556 3561/3561 3560/3560
f 3556/3556 3562/3562 3561/3561
f 2615/2615 2629/2629 2614/2614
f 5510/5510 5501/5501 5502/5502
f 2644/2644 2649/2649 2637/2637
f 2649/2649 2648/2648 2637/2637
f 1495/1495 1492/1492 1493/1493
f 1495/1495 1493/1493 1498/1498
f 2650/2650 2652/2652 2646/2646
f 2654/2654 2652/2652 2650/2650
f 5539/5539 5563/5563 5540/5540
f 3530/3530 3527/3527 3521/3521
f 5540/5540 5542/5542 5541/5541
f 5541/5541 5542/5542 5543/5543
f 3161/3161 3159/3159 3160/3160
f 3520/3520 3521/3521 3522/3522
f 2207/2207 2204/2204 2205/2205
f 2183/2183 2184/2184 2206/2206
f 2732/2732 2730/2730 2731/2731
f 5961/5961 5962/5962 5963/5963
f 2728/2728 2739/2739 2729/2729
f 2005/2005 1971/1971 2006/2006
f 3488/3488 3491/3491 3493/3493
f 2739/2739 2773/2773 2729/2729
f 3490/3490 3491/3491 3488/3488
f 3488/3488 3493/3493 3496/3496
f 4290/4290 4292/4292 4291/4291
f 3487/3487 3490/3490 3488/3488
f 3487/3487 3488/3488 3489/3489
f 4291/4291 4292/4292 4302/4302
f 3495/3495 3490/3490 3487/3487
f 3489/3489 3488/3488 3496/3496
f 3495/3495 3487/3487 3494/3494
f 3494/3494 3487/3487 3489/3489
f 944/944 939/939 941/941
f 139/139 126/126 141/141
f 662/662 660/660 661/661
f 2606/2606 2621/2621 2617/2617
f 2617/2617 2621/2621 2622/2622
f 2595/2595 2596/2596 2597/2597
f 307/307 303/303 343/343
f 3560/3560 3559/3559 3557/3557
f 2661/2661 2664/2664 2663/2663
f 4996/4996 4997/4997 4993/4993
f 2604/2604 2615/2615 2614/2614
f 5196/5196 5192/5192 5195/5195
f 5201/5201 5196/5196 5195/5195
f 5225/5225 5222/5222 5226/5226
f 5225/5225 5226/5226 5227/5227
f 5227/5227 5226/5226 5229/5229
f 5227/5227 5229/5229 5233/5233
f 251/251 264/264 278/278
f 3023/3023 3022/3022 3008/3008
f 5502/5502 5503/5503 5507/5507
f 5502/5502 5507/5507 5525/5525
f 2645/2645 2646/2646 2644/2644
f 2650/2650 2646/2646 2645/2645
f 5527/5527 5550/5550 5539/5539
f 5535/5535 5539/5539 5540/5540
f 5534/5534 5540/5540 5541/5541
f 5541/5541 5543/5543 5546/5546
f 2689/2689 2687/2687 2690/2690
f 5543/5543 5545/5545 5546/5546
f 2692/2692 2689/2689 2690/2690
f 2205/2205 2183/2183 2206/2206
f 2208/2208 2204/2204 2207/2207
f 3182/3182 3160/3160 3181/3181
f 2731/2731 2730/2730 2725/2725
f 2319/2319 2320/2320 2302/2302
f 3205/3205 3186/3186 3200/3200
f 4289/4289 4290/4290 4288/4288
f 4288/4288 4290/4290 4291/4291
f 4922/4922 4927/4927 4924/4924
f 4291/4291 4302/4302 4303/4303
f 2755/2755 2729/2729 2773/2773
f 3489/3489 3496/3496 3497/3497
f 3497/3497 3496/3496 3498/3498
f 2755/2755 2775/2775 2753/2753
f 2314/2314 2329/2329 2316/2316
f 3507/3507 3495/3495 3503/3503
f 3503/3503 3495/3495 3494/3494
f 3494/3494 3489/3489 3497/3497
f 3499/3499 3494/3494 3497/3497
f 947/947 941/941 951/951
f 1949/1949 1963/1963 1970/1970
f 170/170 162/162 158/158
f 158/158 125/125 140/140
f 377/377 376/376 378/378
f 378/378 376/376 379/379
f 663/663 660/660 662/662
f 337/337 355/355 357/357
f 248/248 247/247 244/244
f 2617/2617 2622/2622 2609/2609
f 2601/2601 2597/2597 2606/2606
f 2601/2601 2606/2606 2617/2617
f 3556/3556 3560/3560 3557/3557
f 2660/2660 2663/2663 2665/2665
f 2661/2661 2663/2663 2660/2660
f 4995/4995 4996/4996 4993/4993
f 345/345 319/319 307/307
f 345/345 307/307 344/344
f 350/350 319/319 345/345
f 5195/5195 5194/5194 5197/5197
f 5197/5197 5194/5194 5222/5222
f 2662/2662 2661/2661 2657/2657
f 2655/2655 2666/2666 2662/2662
f 3020/3020 3021/3021 3006/3006
f 2636/2636 2644/2644 2637/2637
f 251/251 278/278 279/279
f 3005/3005 3022/3022 3020/3020
f 1500/1500 1495/1495 1498/1498
f 3008/3008 3022/3022 3005/3005
f 2645/2645 2644/2644 2636/2636
f 5507/5507 5527/5527 5525/5525
f 5527/5527 5539/5539 5535/5535
f 5535/5535 5540/5540 5534/5534
f 2545/2545 2546/2546 2576/2576
f 1141/1141 1147/1147 1148/1148
f 2532/2532 2539/2539 2554/2554
f 6389/6389 6390/6390 6391/6391
f 3144/3144 3183/3183 3149/3149
f 3530/3530 3521/3521 3525/3525
f 3159/3159 3144/3144 3158/3158
f 5545/5545 5547/5547 5548/5548
f 2693/2693 2692/2692 2690/2690
f 3160/3160 3159/3159 3158/3158
f 2207/2207 2205/2205 2210/2210
f 2210/2210 2205/2205 2206/2206
f 586/586 591/591 597/597
f 602/602 603/603 587/587
f 581/581 605/605 602/602
f 2006/2006 2007/2007 2005/2005
f 2728/2728 2729/2729 2726/2726
f 3211/3211 3187/3187 3212/3212
f 947/947 951/951 980/980
f 3503/3503 3494/3494 3501/3501
f 3499/3499 3497/3497 3502/3502
f 980/980 951/951 981/981
f 3501/3501 3494/3494 3499/3499
f 6361/6361 6364/6364 6370/6370
f 5941/5941 5942/5942 5943/5943
f 5941/5941 5943/5943 5944/5944
f 5944/5944 5943/5943 5945/5945
f 5944/5944 5945/5945 5946/5946
f 2311/2311 2308/2308 2307/2307
f 2306/2306 2305/2305 2307/2307
f 486/486 487/487 599/599
f 5785/5785 5738/5738 5737/5737
f 5777/5777 5785/5785 5729/5729
f 5785/5785 5737/5737 5729/5729
f 5780/5780 5787/5787 5784/5784
f 5780/5780 5784/5784 5776/5776
f 357/357 356/356 363/363
f 356/356 377/377 380/380
f 363/363 356/356 380/380
f 664/664 663/663 662/662
f 666/666 670/670 663/663
f 2609/2609 2601/2601 2617/2617
f 303/303 306/306 318/318
f 2601/2601 2595/2595 2597/2597
f 344/344 307/307 343/343
f 2657/2657 2661/2661 2660/2660
f 5201/5201 5195/5195 5202/5202
f 245/245 251/251 246/246
f 5198/5198 5197/5197 5222/5222
f 5228/5228 5225/5225 5227/5227
f 2657/2657 2655/2655 2662/2662
f 5233/5233 5234/5234 5227/5227
f 3005/3005 3020/3020 3004/3004
f 3004/3004 3020/3020 3006/3006
f 3024/3024 3023/3023 3009/3009
f 281/281 279/279 286/286
f 5511/5511 5502/5502 5516/5516
f 5516/5516 5502/5502 5525/5525
f 2651/2651 2650/2650 2645/2645
f 2550/2550 2576/2576 2546/2546
f 2690/2690 2687/2687 2691/2691
f 5554/5554 5541/5541 5546/5546
f 3525/3525 3520/3520 3526/3526
f 21/21 12/12 25/25
f 3158/3158 3144/3144 3143/3143
f 2298/2298 2269/2269 2260/2260
f 587/587 603/603 588/588
f 586/586 597/597 594/594
f 2730/2730 2728/2728 2725/2725
f 4287/4287 4289/4289 4288/4288
f 2991/2991 2989/2989 2988/2988
f 4919/4919 4922/4922 4918/4918
f 4283/4283 4291/4291 4293/4293
f 4922/4922 4924/4924 4923/4923
f 4918/4918 4922/4922 4923/4923
f 4293/4293 4291/4291 4303/4303
f 2729/2729 2755/2755 2726/2726
f 2303/2303 2314/2314 2316/2316
f 2752/2752 2755/2755 2753/2753
f 958/958 947/947 980/980
f 3497/3497 3498/3498 3506/3506
f 3286/3286 3288/3288 3289/3289
f 580/580 562/562 557/557
f 2308/2308 2306/2306 2307/2307
f 541/541 507/507 567/567
f 5787/5787 5788/5788 5784/5784
f 5766/5766 5778/5778 5759/5759
f 5776/5776 5782/5782 5775/5775
f 152/152 139/139 141/141
f 378/378 379/379 381/381
f 669/669 670/670 666/666
f 666/666 663/663 664/664
f 303/303 318/318 343/343
f 2599/2599 2598/2598 2595/2595
f 2604/2604 2598/2598 2599/2599
f 4992/4992 4995/4995 4993/4993
f 3553/3553 3555/3555 3556/3556
f 3553/3553 3556/3556 3557/3557
f 3553/3553 3557/3557 3558/3558
f 3557/3557 3559/3559 3558/3558
f 2655/2655 2657/2657 2656/2656
f 5195/5195 5197/5197 5198/5198
f 5198/5198 5222/5222 5225/5225
f 5227/5227 5234/5234 5232/5232
f 280/280 279/279 281/281
f 2645/2645 2636/2636 2641/2641
f 3009/3009 3023/3023 3008/3008
f 5516/5516 5525/5525 5521/5521
f 5525/5525 5527/5527 5521/5521
f 5527/5527 5535/5535 5526/5526
f 1150/1150 1148/1148 1151/1151
f 5546/5546 5545/5545 5554/5554
f 5545/5545 5548/5548 5553/5553
f 5554/5554 5545/5545 5553/5553
f 3531/3531 3525/3525 3526/3526
f 2309/2309 2298/2298 2260/2260
f 574/574 591/591 586/586
f 581/581 602/602 587/587
f 605/605 581/581 578/578
f 5688/5688 5689/5689 5690/5690
f 2725/2725 2728/2728 2726/2726
f 2278/2278 2313/2313 2312/2312
f 2303/2303 2312/2312 2314/2314
f 3295/3295 3290/3290 3291/3291
f 3285/3285 3290/3290 3288/3288
f 3504/3504 3497/3497 3506/3506
f 3502/3502 3497/3497 3504/3504
f 3286/3286 3289/3289 3287/3287
f 562/562 549/549 557/557
f 506/506 497/497 486/486
f 486/486 463/463 487/487
f 550/550 607/607 604/604
f 5777/5777 5778/5778 5785/5785
f 166/166 170/170 158/158
f 5775/5775 5782/5782 5767/5767
f 5767/5767 5779/5779 5766/5766
f 380/380 378/378 381/381
f 359/359 337/337 357/357
f 318/318 337/337 359/359
f 382/382 343/343 318/318
f 2600/2600 2595/2595 2601/2601
f 2599/2599 2595/2595 2600/2600
f 2660/2660 2665/2665 2667/2667
f 4992/4992 4993/4993 4994/4994
f 244/244 245/245 246/246
f 11/11 12/12 7/7
f 366/366 350/350 345/345
f 371/371 350/350 366/366
f 2639/2639 2637/2637 2640/2640
f 2638/2638 2637/2637 2639/2639
f 2636/2636 2637/2637 2638/2638
f 5510/5510 5502/5502 5511/5511
f 589/589 590/590 608/608
f 3173/3173 3176/3176 3175/3175
f 3175/3175 3176/3176 3177/3177
f 3177/3177 3178/3178 3175/3175
f 3178/3178 3177/3177 3179/3179
f 5511/5511 5516/5516 5520/5520
f 281/281 286/286 287/287
f 5521/5521 5527/5527 5526/5526
f 5535/5535 5534/5534 5526/5526
f 5565/5565 5534/5534 5541/5541
f 3140/3140 3144/3144 3146/3146
f 2693/2693 2690/2690 2695/2695
f 2696/2696 2693/2693 2695/2695
f 585/585 591/591 565/565
f 565/565 591/591 574/574
f 3164/3164 3158/3158 3143/3143
f 3164/3164 3143/3143 3145/3145
f 587/587 588/588 570/570
f 570/570 588/588 573/573
f 586/586 594/594 559/559
f 559/559 594/594 575/575
f 4281/4281 4282/4282 4280/4280
f 2989/2989 2976/2976 2988/2988
f 4282/4282 4283/4283 4280/4280
f 2237/2237 2302/2302 2243/2243
f 4917/4917 4916/4916 4919/4919
f 4917/4917 4919/4919 4918/4918
f 4919/4919 4916/4916 4922/4922
f 4280/4280 4283/4283 4294/4294
f 4294/4294 4283/4283 4293/4293
f 577/577 579/579 563/563
f 2752/2752 2753/2753 2751/2751
f 1446/1446 1411/1411 1410/1410
f 2751/2751 2753/2753 2774/2774
f 3291/3291 3290/3290 3285/3285
f 2289/2289 2316/2316 2304/2304
f 505/505 501/501 507/507
f 3285/3285 3288/3288 3286/3286
f 501/501 500/500 497/497
f 465/465 496/496 469/469
f 469/469 496/496 550/550
f 5933/5933 5934/5934 5915/5915
f 3286/3286 3287/3287 3270/3270
f 507/507 501/501 506/506
f 501/501 497/497 506/506
f 486/486 497/497 483/483
f 486/486 483/483 463/463
f 464/464 463/463 461/461
f 550/550 604/604 468/468
f 572/572 557/557 519/519
f 468/468 604/604 471/471
f 551/551 518/518 541/541
f 471/471 604/604 473/473
f 5782/5782 5779/5779 5767/5767
f 158/158 140/140 166/166
f 664/664 662/662 665/665
f 669/669 666/666 668/668
f 668/668 666/666 664/664
f 284/284 282/282 269/269
f 665/665 662/662 676/676
f 269/269 282/282 248/248
f 2603/2603 2601/2601 2607/2607
f 2601/2601 2609/2609 2607/2607
f 2600/2600 2601/2601 2603/2603
f 2659/2659 2660/2660 2667/2667
f 2605/2605 2604/2604 2599/2599
f 2657/2657 2660/2660 2659/2659
f 2658/2658 2657/2657 2659/2659
f 3553/3553 3558/3558 3554/3554
f 6884/6884 6883/6883 6824/6824
f 2658/2658 2656/2656 2657/2657
f 5202/5202 5195/5195 5199/5199
f 5199/5199 5195/5195 5198/5198
f 5199/5199 5198/5198 5200/5200
f 5252/5252 5225/5225 5228/5228
f 246/246 251/251 270/270
f 5200/5200 5198/5198 5252/5252
f 5198/5198 5225/5225 5252/5252
f 5228/5228 5227/5227 5231/5231
f 5232/5232 5234/5234 5235/5235
f 2641/2641 2636/2636 2638/2638
f 592/592 593/593 590/590
f 452/452 592/592 590/590
f 3174/3174 3173/3173 3175/3175
f 3180/3180 3175/3175 3178/3178
f 2560/2560 2561/2561 2559/2559
f 3171/3171 3172/3172 3173/3173
f 281/281 287/287 288/288
f 5520/5520 5516/5516 5521/5521
f 3167/3167 3172/3172 3171/3171
f 3009/3009 3008/3008 3007/3007
f 3007/3007 3008/3008 3005/3005
f 3157/3157 3167/3167 3166/3166
f 3010/3010 3009/3009 3007/3007
f 3152/3152 3157/3157 3156/3156
f 2651/2651 2645/2645 2647/2647
f 2555/2555 2551/2551 2549/2549
f 5528/5528 5526/5526 5534/5534
f 2549/2549 2546/2546 2548/2548
f 5528/5528 5534/5534 5565/5565
f 8/8 12/12 21/21
f 2695/2695 2690/2690 2691/2691
f 5565/5565 5541/5541 5554/5554
f 5565/5565 5554/5554 5572/5572
f 5572/5572 5554/5554 5571/5571
f 2268/2268 2309/2309 2260/2260
f 573/573 585/585 565/565
f 2260/2260 2269/2269 2259/2259
f 2259/2259 2299/2299 2245/2245
f 581/581 587/587 570/570
f 554/554 581/581 570/570
f 578/578 581/581 554/554
f 2978/2978 2981/2981 2987/2987
f 579/579 578/578 546/546
f 4916/4916 4917/4917 4909/4909
f 2976/2976 2978/2978 2988/2988
f 4909/4909 4917/4917 4918/4918
f 2725/2725 2726/2726 2727/2727
f 975/975 977/977 946/946
f 2784/2784 2781/2781 2780/2780
f 3187/3187 3185/3185 3218/3218
f 976/976 958/958 980/980
f 2303/2303 2316/2316 2277/2277
f 562/562 563/563 543/543
f 2277/2277 2316/2316 2289/2289
f 498/498 488/488 483/483
f 488/488 458/458 483/483
f 496/496 544/544 550/550
f 982/982 980/980 981/981
f 3219/3219 3220/3220 3213/3213
f 549/549 562/562 543/543
f 500/500 498/498 497/497
f 497/497 498/498 483/483
f 463/463 483/483 458/458
f 465/465 545/545 496/496
f 463/463 458/458 461/461
f 461/461 458/458 460/460
f 3270/3270 3287/3287 3277/3277
f 461/461 460/460 465/465
f 465/465 469/469 467/467
f 510/510 505/505 507/507
f 557/557 549/549 519/519
f 461/461 465/465 464/464
f 468/468 467/467 469/469
f 468/468 469/469 550/550
f 510/510 507/507 541/541
f 464/464 465/465 466/466
f 465/465 467/467 466/466
f 466/466 467/467 468/468
f 494/494 463/463 464/464
f 470/470 466/466 468/468
f 510/510 541/541 518/518
f 470/470 468/468 471/471
f 519/519 516/516 547/547
f 547/547 516/516 515/515
f 537/537 518/518 551/551
f 472/472 470/470 471/471
f 474/474 475/475 470/470
f 474/474 470/470 472/472
f 472/472 471/471 473/473
f 472/472 473/473 553/553
f 157/157 160/160 142/142
f 155/155 157/157 143/143
f 6842/6842 6844/6844 6843/6843
f 6844/6844 6846/6846 6845/6845
f 6845/6845 6846/6846 6847/6847
f 6847/6847 6846/6846 6850/6850
f 6850/6850 6846/6846 6859/6859
f 6840/6840 6842/6842 6841/6841
f 6839/6839 6840/6840 6841/6841
f 269/269 248/248 244/244
f 6882/6882 6840/6840 6836/6836
f 6831/6831 6830/6830 6882/6882
f 6829/6829 6830/6830 6827/6827
f 6827/6827 6830/6830 6831/6831
f 6824/6824 6883/6883 6828/6828
f 3552/3552 3553/3553 3535/3535
f 5211/5211 5202/5202 5199/5199
f 5252/5252 5228/5228 5250/5250
f 5265/5265 5200/5200 5252/5252
f 5265/5265 5252/5252 5264/5264
f 5231/5231 5227/5227 5232/5232
f 2642/2642 2641/2641 2638/2638
f 8/8 7/7 12/12
f 452/452 590/590 589/589
f 452/452 589/589 451/451
f 434/434 592/592 435/435
f 592/592 452/452 435/435
f 281/281 288/288 289/289
f 2647/2647 2645/2645 2641/2641
f 3171/3171 3173/3173 3174/3174
f 3003/3003 3004/3004 3006/3006
f 5520/5520 5521/5521 5524/5524
f 3156/3156 3157/3157 3166/3166
f 3166/3166 3167/3167 3170/3170
f 3170/3170 3167/3167 3171/3171
f 3007/3007 3005/3005 3002/3002
f 3002/3002 3005/3005 3004/3004
f 5524/5524 5521/5521 5526/5526
f 3011/3011 3010/3010 3007/3007
f 5524/5524 5526/5526 5528/5528
f 555/555 570/570 573/573
f 560/560 574/574 586/586
f 560/560 586/586 559/559
f 575/575 583/583 582/582
f 559/559 575/575 571/571
f 2733/2733 2731/2731 2725/2725
f 5957/5957 5955/5955 5956/5956
f 2976/2976 2979/2979 2977/2977
f 2976/2976 2977/2977 2978/2978
f 5959/5959 5958/5958 5957/5957
f 578/578 554/554 546/546
f 4911/4911 4916/4916 4909/4909
f 4921/4921 4909/4909 4918/4918
f 2733/2733 2725/2725 2727/2727
f 976/976 975/975 958/958
f 958/958 975/975 946/946
f 509/509 538/538 502/502
f 540/540 606/606 584/584
f 488/488 459/459 458/458
f 508/508 509/509 502/502
f 501/501 502/502 500/500
f 545/545 457/457 496/496
f 496/496 457/457 544/544
f 3215/3215 3213/3213 3214/3214
f 544/544 540/540 550/550
f 550/550 540/540 584/584
f 1417/1417 1446/1446 1410/1410
f 508/508 502/502 505/505
f 2751/2751 2774/2774 2750/2750
f 3280/3280 3291/3291 3285/3285
f 3277/3277 3292/3292 3284/3284
f 3285/3285 3286/3286 3271/3271
f 549/549 543/543 519/519
f 508/508 505/505 510/510
f 478/478 466/466 477/477
f 493/493 494/494 464/464
f 493/493 464/464 482/482
f 482/482 464/464 478/478
f 537/537 513/513 518/518
f 478/478 477/477 476/476
f 477/477 466/466 470/470
f 476/476 477/477 470/470
f 515/515 513/513 537/537
f 491/491 494/494 493/493
f 493/493 482/482 490/490
f 479/479 478/478 476/476
f 180/180 188/188 193/193
f 482/482 478/478 481/481
f 475/475 476/476 470/470
f 476/476 475/475 495/495
f 491/491 493/493 490/490
f 482/482 481/481 490/490
f 481/481 478/478 479/479
f 479/479 475/475 474/474
f 180/180 193/193 196/196
f 480/480 481/481 479/479
f 492/492 491/491 484/484
f 480/480 479/479 474/474
f 484/484 480/480 556/556
f 492/492 484/484 556/556
f 6854/6854 6880/6880 6899/6899
f 677/677 665/665 676/676
f 6841/6841 6842/6842 6843/6843
f 6847/6847 6850/6850 6848/6848
f 6845/6845 6847/6847 6848/6848
f 6848/6848 6850/6850 6880/6880
f 6836/6836 6840/6840 6839/6839
f 6835/6835 6882/6882 6836/6836
f 6831/6831 6882/6882 6835/6835
f 2599/2599 2600/2600 2624/2624
f 4999/4999 4992/4992 4994/4994
f 4999/4999 4994/4994 5000/5000
f 2625/2625 2605/2605 2599/2599
f 6828/6828 6829/6829 6827/6827
f 6885/6885 6833/6833 6834/6834
f 2682/2682 2658/2658 2659/2659
f 6824/6824 6828/6828 6827/6827
f 3551/3551 3552/3552 3535/3535
f 3535/3535 3553/3553 3554/3554
f 6884/6884 6824/6824 6904/6904
f 6904/6904 6824/6824 6818/6818
f 6818/6818 6824/6824 6819/6819
f 6875/6875 6877/6877 6874/6874
f 632/632 637/637 638/638
f 4239/4239 4238/4238 4236/4236
f 6888/6888 6887/6887 6886/6886
f 6869/6869 6868/6868 6870/6870
f 6870/6870 6868/6868 6872/6872
f 6872/6872 6868/6868 6873/6873
f 4236/4236 4238/4238 4230/4230
f 5264/5264 5252/5252 5250/5250
f 5228/5228 5231/5231 5250/5250
f 6878/6878 6879/6879 6869/6869
f 6878/6878 6869/6869 6871/6871
f 6871/6871 6869/6869 6870/6870
f 6879/6879 6878/6878 6894/6894
f 6913/6913 6912/6912 6896/6896
f 6896/6896 6912/6912 6879/6879
f 6896/6896 6879/6879 6895/6895
f 6895/6895 6879/6879 6894/6894
f 3174/3174 3175/3175 3180/3180
f 2670/2670 2647/2647 2641/2641
f 6914/6914 6889/6889 6912/6912
f 6914/6914 6912/6912 6913/6913
f 6920/6920 6921/6921 6922/6922
f 437/437 433/433 430/430
f 6914/6914 6913/6913 6915/6915
f 438/438 437/437 430/430
f 438/438 430/430 436/436
f 3002/3002 3004/3004 3001/3001
f 3001/3001 3004/3004 3003/3003
f 5239/5239 5243/5243 5241/5241
f 6907/6907 6909/6909 6910/6910
f 6911/6911 6907/6907 6910/6910
f 6923/6923 6921/6921 6920/6920
f 2533/2533 2520/2520 2525/2525
f 2552/2552 2553/2553 2548/2548
f 5554/5554 5553/5553 5570/5570
f 2699/2699 2696/2696 2695/2695
f 2253/2253 2268/2268 2260/2260
f 2249/2249 2260/2260 2259/2259
f 555/555 573/573 565/565
f 565/565 574/574 560/560
f 575/575 582/582 576/576
f 2734/2734 2731/2731 2733/2733
f 570/570 555/555 554/554
f 571/571 575/575 564/564
f 559/559 571/571 552/552
f 2980/2980 2977/2977 2979/2979
f 2978/2978 2977/2977 2981/2981
f 4909/4909 4908/4908 4911/4911
f 4908/4908 4909/4909 4910/4910
f 4269/4269 4268/4268 4276/4276
f 552/552 571/571 538/538
f 538/538 571/571 564/564
f 538/538 564/564 504/504
f 4920/4920 4910/4910 4921/4921
f 542/542 552/552 538/538
f 4920/4920 4921/4921 4918/4918
f 4920/4920 4918/4918 4928/4928
f 538/538 504/504 502/502
f 502/502 504/504 503/503
f 488/488 499/499 569/569
f 542/542 538/538 509/509
f 534/534 542/542 509/509
f 502/502 503/503 499/499
f 498/498 499/499 488/488
f 502/502 499/499 500/500
f 500/500 499/499 498/498
f 459/459 568/568 456/456
f 459/459 456/456 458/458
f 458/458 456/456 455/455
f 462/462 457/457 545/545
f 29/29 34/34 28/28
f 509/509 508/508 531/531
f 485/485 540/540 544/544
f 460/460 458/458 455/455
f 465/465 462/462 545/545
f 519/519 543/543 517/517
f 3271/3271 3286/3286 3270/3270
f 511/511 508/508 510/510
f 519/519 517/517 516/516
f 513/513 510/510 518/518
f 516/516 514/514 515/515
f 515/515 514/514 513/513
f 479/479 495/495 475/475
f 484/484 490/490 481/481
f 484/484 481/481 480/480
f 6843/6843 6844/6844 6845/6845
f 6848/6848 6880/6880 6854/6854
f 6891/6891 6843/6843 6845/6845
f 6845/6845 6848/6848 6849/6849
f 269/269 244/244 273/273
f 6841/6841 6843/6843 6851/6851
f 6851/6851 6843/6843 6891/6891
f 2610/2610 2607/2607 2611/2611
f 2608/2608 2600/2600 2603/2603
f 2608/2608 2603/2603 2610/2610
f 6839/6839 6841/6841 6851/6851
f 6851/6851 6891/6891 6861/6861
f 6839/6839 6851/6851 6838/6838
f 6860/6860 6851/6851 6861/6861
f 19/19 11/11 7/7
f 6836/6836 6839/6839 6838/6838
f 6838/6838 6851/6851 6860/6860
f 6837/6837 6836/6836 6838/6838
f 6835/6835 6836/6836 6834/6834
f 6836/6836 6837/6837 6834/6834
f 273/273 244/244 246/246
f 2686/2686 2659/2659 2667/2667
f 6831/6831 6835/6835 6834/6834
f 6837/6837 6838/6838 6834/6834
f 6834/6834 6838/6838 6881/6881
f 6881/6881 6838/6838 6860/6860
f 273/273 246/246 275/275
f 2682/2682 2659/2659 2686/2686
f 2625/2625 2599/2599 2624/2624
f 6827/6827 6831/6831 6832/6832
f 6832/6832 6831/6831 6833/6833
f 6860/6860 6861/6861 6862/6862
f 6893/6893 6827/6827 6832/6832
f 6860/6860 6862/6862 6867/6867
f 6893/6893 6832/6832 6885/6885
f 6881/6881 6860/6860 6867/6867
f 6824/6824 6827/6827 6821/6821
f 6890/6890 6885/6885 6834/6834
f 6890/6890 6834/6834 6912/6912
f 6926/6926 6927/6927 6924/6924
f 6819/6819 6824/6824 6821/6821
f 6827/6827 6893/6893 6886/6886
f 6821/6821 6827/6827 6886/6886
f 6817/6817 6818/6818 6819/6819
f 6819/6819 6821/6821 6820/6820
f 6916/6916 6918/6918 6919/6919
f 6912/6912 6834/6834 6881/6881
f 6869/6869 6867/6867 6868/6868
f 6867/6867 6862/6862 6868/6868
f 5211/5211 5199/5199 5212/5212
f 2643/2643 2639/2639 2683/2683
f 5105/5105 5104/5104 5102/5102
f 6879/6879 6881/6881 6867/6867
f 6868/6868 6875/6875 6874/6874
f 2643/2643 2638/2638 2639/2639
f 6905/6905 6904/6904 6818/6818
f 5104/5104 5103/5103 5102/5102
f 2642/2642 2638/2638 2643/2643
f 6906/6906 6904/6904 6905/6905
f 6889/6889 6886/6886 6890/6890
f 4230/4230 4234/4234 4231/4231
f 5232/5232 5235/5235 5231/5231
f 6889/6889 6888/6888 6886/6886
f 6889/6889 6890/6890 6912/6912
f 1655/1655 1654/1654 1651/1651
f 1651/1651 1654/1654 1649/1649
f 5231/5231 5235/5235 5236/5236
f 5102/5102 5103/5103 5099/5099
f 5236/5236 5235/5235 5237/5237
f 2670/2670 2641/2641 2642/2642
f 6906/6906 6905/6905 6907/6907
f 6907/6907 6905/6905 6908/6908
f 6907/6907 6908/6908 6909/6909
f 5102/5102 5099/5099 5101/5101
f 433/433 434/434 431/431
f 431/431 434/434 432/432
f 5099/5099 5100/5100 5101/5101
f 430/430 433/433 431/431
f 432/432 434/434 435/435
f 289/289 288/288 290/290
f 3001/3001 3003/3003 3000/3000
f 2670/2670 2651/2651 2647/2647
f 3148/3148 3146/3146 3152/3152
f 3028/3028 3011/3011 3012/3012
f 3012/3012 3011/3011 3007/3007
f 2993/2993 3002/3002 3001/3001
f 2996/2996 3001/3001 3000/3000
f 5566/5566 5528/5528 5565/5565
f 2993/2993 3007/3007 3002/3002
f 2993/2993 3001/3001 2996/2996
f 2698/2698 2695/2695 2691/2691
f 2698/2698 2691/2691 2700/2700
f 5554/5554 5570/5570 5571/5571
f 2699/2699 2695/2695 2698/2698
f 2253/2253 2260/2260 2249/2249
f 8/8 21/21 10/10
f 555/555 565/565 539/539
f 539/539 565/565 560/560
f 2986/2986 2983/2983 2980/2980
f 2980/2980 2983/2983 2977/2977
f 2977/2977 2983/2983 2984/2984
f 575/575 576/576 564/564
f 554/554 555/555 535/535
f 539/539 560/560 536/536
f 536/536 560/560 559/559
f 4912/4912 4914/4914 4908/4908
f 2977/2977 2982/2982 2981/2981
f 536/536 559/559 552/552
f 4269/4269 4276/4276 4277/4277
f 21/21 29/29 22/22
f 4277/4277 4276/4276 4279/4279
f 2776/2776 2777/2777 2778/2778
f 532/532 546/546 554/554
f 533/533 552/552 542/542
f 2237/2237 2243/2243 2240/2240
f 540/540 596/596 606/606
f 596/596 540/540 489/489
f 534/534 533/533 542/542
f 548/548 546/546 529/529
f 22/22 29/29 28/28
f 485/485 489/489 540/540
f 531/531 534/534 509/509
f 2275/2275 2277/2277 2281/2281
f 2748/2748 2752/2752 2751/2751
f 2277/2277 2289/2289 2281/2281
f 1410/1410 1416/1416 1417/1417
f 3280/3280 3285/3285 3269/3269
f 543/543 530/530 517/517
f 531/531 508/508 511/511
f 3269/3269 3285/3285 3271/3271
f 3269/3269 3271/3271 3270/3270
f 3270/3270 3277/3277 3272/3272
f 2281/2281 2289/2289 2283/2283
f 512/512 511/511 510/510
f 516/516 517/517 514/514
f 513/513 514/514 512/512
f 513/513 512/512 510/510
f 6852/6852 6848/6848 6854/6854
f 285/285 269/269 273/273
f 6891/6891 6845/6845 6849/6849
f 2610/2610 2611/2611 2627/2627
f 6081/6081 6089/6089 6090/6090
f 6089/6089 6081/6081 6087/6087
f 6861/6861 6891/6891 6866/6866
f 20/20 19/19 7/7
f 6863/6863 6861/6861 6866/6866
f 6862/6862 6861/6861 6863/6863
f 4999/4999 5000/5000 5001/5001
f 1680/1680 1717/1717 1672/1672
f 6862/6862 6863/6863 6864/6864
f 6862/6862 6864/6864 6903/6903
f 6862/6862 6903/6903 6876/6876
f 6876/6876 6903/6903 6875/6875
f 2681/2681 2656/2656 2658/2658
f 2681/2681 2658/2658 2682/2682
f 6819/6819 6820/6820 6817/6817
f 3538/3538 3551/3551 3535/3535
f 3535/3535 3554/3554 3537/3537
f 6822/6822 6820/6820 6821/6821
f 6826/6826 6817/6817 6820/6820
f 6826/6826 6820/6820 6823/6823
f 6823/6823 6820/6820 6822/6822
f 5264/5264 5250/5250 5254/5254
f 5254/5254 5250/5250 5231/5231
f 5254/5254 5231/5231 5236/5236
f 4231/4231 4234/4234 4235/4235
f 1650/1650 1651/1651 1649/1649
f 5236/5236 5237/5237 5238/5238
f 1650/1650 1649/1649 1644/1644
f 4142/4142 4139/4139 4129/4129
f 4139/4139 4130/4130 4129/4129
f 1650/1650 1644/1644 1647/1647
f 5238/5238 5237/5237 5239/5239
f 3148/3148 3152/3152 3153/3153
f 3152/3152 3156/3156 3153/3153
f 4129/4129 4130/4130 4125/4125
f 5239/5239 5241/5241 5240/5240
f 4125/4125 4122/4122 4124/4124
f 444/444 452/452 451/451
f 430/430 431/431 426/426
f 3141/3141 3140/3140 3146/3146
f 436/436 430/430 427/427
f 427/427 430/430 426/426
f 432/432 435/435 428/428
f 435/435 444/444 428/428
f 2996/2996 3000/3000 2998/2998
f 3012/3012 3007/3007 3013/3013
f 3007/3007 2993/2993 3013/3013
f 2993/2993 2996/2996 2994/2994
f 3013/3013 2993/2993 2995/2995
f 2993/2993 2994/2994 2995/2995
f 5571/5571 5570/5570 5609/5609
f 2995/2995 2999/2999 3016/3016
f 2985/2985 2995/2995 2994/2994
f 2999/2999 2995/2995 2985/2985
f 2245/2245 2249/2249 2259/2259
f 2985/2985 2994/2994 2984/2984
f 2999/2999 2985/2985 2983/2983
f 2983/2983 2985/2985 2984/2984
f 4926/4926 4925/4925 4913/4913
f 2242/2242 2245/2245 2241/2241
f 4925/4925 4914/4914 4913/4913
f 2977/2977 2984/2984 2982/2982
f 5929/5929 5927/5927 5928/5928
f 5955/5955 5929/5929 5928/5928
f 2734/2734 2733/2733 2738/2738
f 555/555 539/539 535/535
f 4914/4914 4912/4912 4913/4913
f 4267/4267 4268/4268 4269/4269
f 4913/4913 4912/4912 4910/4910
f 535/535 539/539 536/536
f 532/532 535/535 528/528
f 528/528 535/535 536/536
f 533/533 536/536 552/552
f 4915/4915 4910/4910 4920/4920
f 532/532 554/554 535/535
f 10/10 21/21 22/22
f 456/456 441/441 455/455
f 454/454 596/596 489/489
f 3026/3026 3025/3025 3029/3029
f 976/976 978/978 975/975
f 975/975 978/978 979/979
f 546/546 532/532 529/529
f 522/522 533/533 534/534
f 462/462 443/443 457/457
f 522/522 534/534 523/523
f 455/455 443/443 460/460
f 460/460 443/443 462/462
f 2748/2748 2751/2751 2750/2750
f 530/530 548/548 529/529
f 520/520 523/523 531/531
f 531/531 523/523 534/534
f 520/520 531/531 511/511
f 3272/3272 3277/3277 3284/3284
f 530/530 525/525 527/527
f 512/512 520/520 511/511
f 3268/3268 3269/3269 3270/3270
f 3268/3268 3270/3270 3272/3272
f 514/514 527/527 512/512
f 6852/6852 6854/6854 6855/6855
f 6076/6076 6077/6077 6078/6078
f 6286/6286 6287/6287 6288/6288
f 6849/6849 6848/6848 6852/6852
f 6853/6853 6849/6849 6852/6852
f 6855/6855 6854/6854 6856/6856
f 6858/6858 6855/6855 6857/6857
f 6857/6857 6855/6855 6856/6856
f 20/20 7/7 18/18
f 6903/6903 6858/6858 6857/6857
f 5847/5847 5848/5848 5849/5849
f 2682/2682 2686/2686 2706/2706
f 5002/5002 4999/4999 5001/5001
f 1672/1672 1717/1717 1705/1705
f 6924/6924 6925/6925 6926/6926
f 2681/2681 2682/2682 2707/2707
f 6900/6900 6817/6817 6826/6826
f 4236/4236 4232/4232 4233/4233
f 2685/2685 2642/2642 2643/2643
f 4233/4233 4232/4232 4231/4231
f 6823/6823 6822/6822 6825/6825
f 5236/5236 5238/5238 5244/5244
f 6826/6826 6823/6823 6825/6825
f 4129/4129 4125/4125 4124/4124
f 1646/1646 1647/1647 1644/1644
f 5238/5238 5239/5239 5240/5240
f 6892/6892 6826/6826 6825/6825
f 4123/4123 4124/4124 4122/4122
f 444/444 451/451 445/445
f 445/445 451/451 449/449
f 1645/1645 1646/1646 1644/1644
f 5240/5240 5241/5241 5242/5242
f 431/431 432/432 426/426
f 1645/1645 1644/1644 1643/1643
f 426/426 432/432 428/428
f 5241/5241 5268/5268 5242/5242
f 5242/5242 5268/5268 5261/5261
f 5623/5623 5565/5565 5572/5572
f 425/425 427/427 426/426
f 3028/3028 3012/3012 3027/3027
f 2996/2996 2998/2998 2997/2997
f 5572/5572 5571/5571 5573/5573
f 3138/3138 3135/3135 3139/3139
f 3014/3014 3012/3012 3013/3013
f 2994/2994 2996/2996 2997/2997
f 5573/5573 5571/5571 5609/5609
f 2704/2704 2699/2699 2698/2698
f 3013/3013 2995/2995 3016/3016
f 3016/3016 2999/2999 3019/3019
f 2994/2994 2997/2997 2984/2984
f 2984/2984 2997/2997 2982/2982
f 2249/2249 2245/2245 2246/2246
f 1641/1641 1639/1639 1640/1640
f 1641/1641 1640/1640 1642/1642
f 4272/4272 4271/4271 4270/4270
f 4270/4270 4269/4269 4278/4278
f 4915/4915 4913/4913 4910/4910
f 4278/4278 4269/4269 4277/4277
f 440/440 429/429 439/439
f 441/441 440/440 439/439
f 566/566 596/596 454/454
f 3026/3026 3017/3017 3025/3025
f 2782/2782 2786/2786 2778/2778
f 2737/2737 2738/2738 2733/2733
f 528/528 536/536 533/533
f 455/455 441/441 439/439
f 2151/2151 2150/2150 2149/2149
f 455/455 439/439 443/443
f 457/457 422/422 453/453
f 526/526 532/532 528/528
f 522/522 528/528 533/533
f 485/485 457/457 453/453
f 485/485 453/453 454/454
f 485/485 454/454 489/489
f 2737/2737 2733/2733 2727/2727
f 2737/2737 2727/2727 2741/2741
f 2274/2274 2276/2276 2275/2275
f 529/529 526/526 525/525
f 529/529 525/525 530/530
f 3280/3280 3269/3269 3273/3273
f 527/527 525/525 521/521
f 527/527 521/521 512/512
f 512/512 521/521 520/520
f 3273/3273 3269/3269 3268/3268
f 6901/6901 6902/6902 6853/6853
f 6853/6853 6852/6852 6897/6897
f 1697/1697 1711/1711 1685/1685
f 1685/1685 1711/1711 1699/1699
f 6083/6083 6082/6082 6088/6088
f 6897/6897 6852/6852 6858/6858
f 6852/6852 6855/6855 6858/6858
f 1686/1686 1697/1697 1685/1685
f 6898/6898 6897/6897 6858/6858
f 1705/1705 1697/1697 1686/1686
f 6932/6932 6931/6931 6933/6933
f 6931/6931 6932/6932 6929/6929
f 1672/1672 1705/1705 1686/1686
f 1671/1671 1672/1672 1686/1686
f 5002/5002 5001/5001 5003/5003
f 2707/2707 2682/2682 2706/2706
f 2711/2711 2681/2681 2707/2707
f 3535/3535 3537/3537 3536/3536
f 3534/3534 3535/3535 3536/3536
f 3538/3538 3535/3535 3534/3534
f 3539/3539 3538/3538 3534/3534
f 5266/5266 5264/5264 5254/5254
f 2670/2670 2642/2642 2684/2684
f 4240/4240 4231/4231 4237/4237
f 1649/1649 1654/1654 1652/1652
f 4237/4237 4231/4231 4235/4235
f 4543/4543 4544/4544 4545/4545
f 4142/4142 4129/4129 4147/4147
f 4147/4147 4129/4129 4138/4138
f 1644/1644 1649/1649 1648/1648
f 4297/4297 4300/4300 4298/4298
f 1635/1635 1644/1644 1648/1648
f 4123/4123 4122/4122 4117/4117
f 4286/4286 4298/4298 4299/4299
f 4117/4117 4121/4121 4118/4118
f 4299/4299 4304/4304 4286/4286
f 2868/2868 2851/2851 2857/2857
f 445/445 449/449 446/446
f 5623/5623 5572/5572 5580/5580
f 417/417 426/426 424/424
f 428/428 444/444 442/442
f 444/444 445/445 442/442
f 4286/4286 4304/4304 4275/4275
f 425/425 426/426 417/417
f 424/424 426/426 428/428
f 3027/3027 3012/3012 3014/3014
f 1638/1638 1643/1643 1636/1636
f 424/424 428/428 423/423
f 423/423 428/428 442/442
f 1638/1638 1636/1636 1637/1637
f 2256/2256 2253/2253 2246/2246
f 2847/2847 2851/2851 2845/2845
f 416/416 425/425 417/417
f 3013/3013 3016/3016 3015/3015
f 1639/1639 1638/1638 1637/1637
f 4275/4275 4273/4273 4274/4274
f 420/420 424/424 423/423
f 3014/3014 3013/3013 3015/3015
f 3015/3015 3016/3016 3019/3019
f 4274/4274 4273/4273 4272/4272
f 416/416 417/417 418/418
f 450/450 446/446 561/561
f 3014/3014 3015/3015 3017/3017
f 3017/3017 3015/3015 3018/3018
f 3018/3018 3015/3015 3019/3019
f 418/418 417/417 419/419
f 2251/2251 2242/2242 2247/2247
f 4272/4272 4270/4270 4305/4305
f 450/450 561/561 566/566
f 4305/4305 4270/4270 4278/4278
f 429/429 418/418 419/419
f 3018/3018 3019/3019 3025/3025
f 429/429 419/419 439/439
f 422/422 443/443 421/421
f 3017/3017 3018/3018 3025/3025
f 2778/2778 2788/2788 2776/2776
f 453/453 450/450 454/454
f 450/450 566/566 454/454
f 524/524 526/526 528/528
f 524/524 528/528 522/522
f 2741/2741 2752/2752 2748/2748
f 525/525 526/526 524/524
f 521/521 524/524 522/522
f 521/521 522/522 520/520
f 520/520 522/522 523/523
f 525/525 524/524 521/521
f 2749/2749 2748/2748 2750/2750
f 2279/2279 2275/2275 2281/2281
f 3281/3281 3280/3280 3273/3273
f 3268/3268 3272/3272 3276/3276
f 2283/2283 2282/2282 2281/2281
f 6901/6901 6853/6853 6897/6897
f 1685/1685 1699/1699 1698/1698
f 1683/1683 1685/1685 1698/1698
f 1776/1776 1786/1786 1769/1769
f 5003/5003 5001/5001 5004/5004
f 1680/1680 1672/1672 1670/1670
f 1670/1670 1672/1672 1671/1671
f 1789/1789 1786/1786 1776/1776
f 4801/4801 4804/4804 4802/4802
f 1679/1679 1680/1680 1670/1670
f 1781/1781 1789/1789 1776/1776
f 2683/2683 2681/2681 2711/2711
f 2708/2708 2685/2685 2643/2643
f 3540/3540 3534/3534 3536/3536
f 3539/3539 3534/3534 3540/3540
f 2684/2684 2642/2642 2685/2685
f 3539/3539 3540/3540 3541/3541
f 2373/2373 2409/2409 2423/2423
f 3542/3542 3539/3539 3541/3541
f 4547/4547 4543/4543 4545/4545
f 1649/1649 1652/1652 1648/1648
f 4129/4129 4124/4124 4127/4127
f 3151/3151 3148/3148 3153/3153
f 4127/4127 4124/4124 4123/4123
f 4296/4296 4297/4297 4286/4286
f 4296/4296 4286/4286 4295/4295
f 4120/4120 4123/4123 4117/4117
f 4295/4295 4286/4286 4285/4285
f 1643/1643 1644/1644 1635/1635
f 5242/5242 5261/5261 5259/5259
f 4285/4285 4286/4286 4275/4275
f 1643/1643 1635/1635 1636/1636
f 5580/5580 5572/5572 5573/5573
f 2263/2263 2257/2257 2256/2256
f 2857/2857 2851/2851 2847/2847
f 442/442 445/445 446/446
f 4284/4284 4275/4275 4274/4274
f 417/417 424/424 420/420
f 442/442 446/446 447/447
f 4274/4274 4272/4272 4305/4305
f 419/419 417/417 420/420
f 422/422 420/420 423/423
f 448/448 442/442 447/447
f 447/447 446/446 450/450
f 423/423 442/442 422/422
f 422/422 442/442 448/448
f 448/448 447/447 450/450
f 419/419 420/420 421/421
f 421/421 420/420 422/422
f 2787/2787 2794/2794 2788/2788
f 422/422 448/448 453/453
f 453/453 448/448 450/450
f 2778/2778 2786/2786 2787/2787
f 2240/2240 2250/2250 2248/2248
f 2742/2742 2737/2737 2741/2741
f 2743/2743 2741/2741 2748/2748
f 2743/2743 2748/2748 2749/2749
f 3208/3208 3210/3210 3204/3204
f 2282/2282 2279/2279 2281/2281
f 3273/3273 3268/3268 3274/3274
f 1698/1698 1699/1699 1709/1709
f 1700/1700 1683/1683 1698/1698
f 1686/1686 1685/1685 1684/1684
f 1671/1671 1686/1686 1684/1684
f 4801/4801 4802/4802 4795/4795
f 1679/1679 1670/1670 1669/1669
f 1782/1782 1792/1792 1777/1777
f 1792/1792 1781/1781 1777/1777
f 4794/4794 4795/4795 4802/4802
f 1679/1679 1669/1669 1678/1678
f 2703/2703 2684/2684 2685/2685
f 1712/1712 1678/1678 1673/1673
f 1703/1703 1712/1712 1673/1673
f 5254/5254 5236/5236 5253/5253
f 3542/3542 3541/3541 3543/3543
f 5266/5266 5254/5254 5253/5253
f 5253/5253 5236/5236 5244/5244
f 4138/4138 4129/4129 4127/4127
f 5245/5245 5244/5244 5238/5238
f 2702/2702 2670/2670 2684/2684
f 4797/4797 4803/4803 4796/4796
f 1675/1675 1703/1703 1673/1673
f 1675/1675 1673/1673 1674/1674
f 3147/3147 3148/3148 3151/3151
f 2373/2373 2423/2423 2416/2416
f 4229/4229 4219/4219 4206/4206
f 4206/4206 4219/4219 4218/4218
f 3141/3141 3147/3147 3142/3142
f 2370/2370 2373/2373 2416/2416
f 2262/2262 2263/2263 2256/2256
f 1636/1636 1635/1635 1613/1613
f 2709/2709 2698/2698 2700/2700
f 2704/2704 2698/2698 2709/2709
f 2798/2798 2800/2800 2799/2799
f 5573/5573 5609/5609 5631/5631
f 5631/5631 5609/5609 5640/5640
f 4657/4657 4668/4668 4666/4666
f 2261/2261 2256/2256 2251/2251
f 2847/2847 2845/2845 2844/2844
f 2797/2797 2799/2799 2794/2794
f 1640/1640 1637/1637 1634/1634
f 2258/2258 2251/2251 2247/2247
f 2791/2791 2795/2795 2793/2793
f 2793/2793 2787/2787 2786/2786
f 2791/2791 2793/2793 2786/2786
f 2248/2248 2254/2254 2247/2247
f 2273/2273 2274/2274 2275/2275
f 2742/2742 2741/2741 2743/2743
f 2284/2284 2282/2282 2283/2283
f 2285/2285 2284/2284 2283/2283
f 1668/1668 1671/1671 1684/1684
f 1776/1776 1769/1769 1762/1762
f 1670/1670 1671/1671 1668/1668
f 1669/1669 1670/1670 1668/1668
f 4801/4801 4795/4795 4800/4800
f 4800/4800 4795/4795 4791/4791
f 2703/2703 2685/2685 2708/2708
f 4791/4791 4795/4795 4794/4794
f 4791/4791 4794/4794 4792/4792
f 4791/4791 4792/4792 4793/4793
f 1673/1673 1678/1678 1669/1669
f 4793/4793 4792/4792 4796/4796
f 2702/2702 2684/2684 2703/2703
f 4793/4793 4796/4796 4798/4798
f 4798/4798 4796/4796 4799/4799
f 3544/3544 3542/3542 3543/3543
f 5266/5266 5253/5253 5263/5263
f 5251/5251 5244/5244 5245/5245
f 1674/1674 1673/1673 1666/1666
f 7/7 8/8 9/9
f 3151/3151 3153/3153 3155/3155
f 1648/1648 1652/1652 1653/1653
f 4796/4796 4803/4803 4799/4799
f 3544/3544 3543/3543 3546/3546
f 1648/1648 1653/1653 1610/1610
f 3542/3542 3544/3544 3545/3545
f 3545/3545 3544/3544 3546/3546
f 5238/5238 5240/5240 5242/5242
f 5245/5245 5238/5238 5242/5242
f 4803/4803 4806/4806 4805/4805
f 4799/4799 4803/4803 4805/4805
f 4117/4117 4118/4118 4112/4112
f 3545/3545 3546/3546 3547/3547
f 3545/3545 3547/3547 3550/3550
f 3547/3547 3546/3546 3548/3548
f 5247/5247 5242/5242 5259/5259
f 2368/2368 2416/2416 2421/2421
f 3549/3549 3547/3547 3548/3548
f 2798/2798 2802/2802 2800/2800
f 2258/2258 2261/2261 2251/2251
f 2801/2801 2796/2796 2795/2795
f 2795/2795 2796/2796 2793/2793
f 2796/2796 2797/2797 2793/2793
f 1637/1637 1636/1636 1613/1613
f 2793/2793 2797/2797 2787/2787
f 1657/1657 1640/1640 1634/1634
f 2255/2255 2254/2254 2248/2248
f 2744/2744 2742/2742 2743/2743
f 3208/3208 3209/3209 3221/3221
f 3296/3296 3297/3297 3298/3298
f 5873/5873 5883/5883 5887/5887
f 2743/2743 2749/2749 2754/2754
f 3282/3282 3281/3281 3278/3278
f 2282/2282 2288/2288 2279/2279
f 5891/5891 5905/5905 5906/5906
f 5906/5906 5905/5905 5907/5907
f 1683/1683 1700/1700 1687/1687
f 1762/1762 1769/1769 1768/1768
f 1762/1762 1768/1768 1757/1757
f 1776/1776 1762/1762 1766/1766
f 1764/1764 1781/1781 1776/1776
f 1764/1764 1776/1776 1765/1765
f 1765/1765 1776/1776 1766/1766
f 1777/1777 1781/1781 1764/1764
f 1777/1777 1764/1764 1767/1767
f 1669/1669 1668/1668 1666/1666
f 4791/4791 4793/4793 4798/4798
f 4800/4800 4791/4791 4798/4798
f 17/17 18/18 7/7
f 1790/1790 1787/1787 1778/1778
f 1753/1753 1755/1755 1751/1751
f 3154/3154 3155/3155 3165/3165
f 5253/5253 5244/5244 5251/5251
f 4126/4126 4123/4123 4120/4120
f 1610/1610 1653/1653 1608/1608
f 1751/1751 1752/1752 1750/1750
f 3147/3147 3151/3151 3104/3104
f 1635/1635 1648/1648 1610/1610
f 5245/5245 5242/5242 5246/5246
f 5246/5246 5242/5242 5247/5247
f 3138/3138 3141/3141 3142/3142
f 3550/3550 3547/3547 3549/3549
f 5580/5580 5573/5573 5581/5581
f 5581/5581 5573/5573 5582/5582
f 2850/2850 2847/2847 2844/2844
f 5573/5573 5631/5631 5583/5583
f 5582/5582 5573/5573 5583/5583
f 1637/1637 1613/1613 1634/1634
f 2254/2254 2258/2258 2247/2247
f 2255/2255 2250/2250 2252/2252
f 5413/5413 5419/5419 5420/5420
f 5413/5413 5420/5420 5414/5414
f 5414/5414 5420/5420 5421/5421
f 2745/2745 2742/2742 2744/2744
f 6377/6377 6384/6384 6378/6378
f 2280/2280 2273/2273 2279/2279
f 3293/3293 3283/3283 3296/3296
f 2280/2280 2279/2279 2288/2288
f 5881/5881 5873/5873 5874/5874
f 3275/3275 3283/3283 3293/3293
f 6403/6403 6406/6406 6404/6404
f 3293/3293 3274/3274 3275/3275
f 6403/6403 6404/6404 6405/6405
f 3294/3294 3278/3278 3274/3274
f 5904/5904 6059/6059 5905/5905
f 2284/2284 2288/2288 2282/2282
f 31/31 28/28 32/32
f 5907/5907 5905/5905 5913/5913
f 5907/5907 5913/5913 5914/5914
f 1700/1700 1698/1698 1708/1708
f 1707/1707 1700/1700 1708/1708
f 1682/1682 1684/1684 1683/1683
f 1667/1667 1668/1668 1682/1682
f 1682/1682 1668/1668 1684/1684
f 1766/1766 1762/1762 1758/1758
f 1758/1758 1762/1762 1757/1757
f 1765/1765 1766/1766 1758/1758
f 1758/1758 1757/1757 1754/1754
f 1782/1782 1777/1777 1770/1770
f 1754/1754 1757/1757 1755/1755
f 1775/1775 1787/1787 1782/1782
f 1753/1753 1754/1754 1755/1755
f 3151/3151 3155/3155 3154/3154
f 4127/4127 4123/4123 4126/4126
f 5263/5263 5253/5253 5251/5251
f 1742/1742 1753/1753 1751/1751
f 1742/1742 1751/1751 1750/1750
f 1741/1741 1742/1742 1750/1750
f 3142/3142 3147/3147 3102/3102
f 1674/1674 1665/1665 1676/1676
f 4214/4214 4218/4218 4215/4215
f 1635/1635 1610/1610 1611/1611
f 5249/5249 5247/5247 5259/5259
f 1613/1613 1635/1635 1611/1611
f 9/9 8/8 10/10
f 4666/4666 4667/4667 4664/4664
f 4657/4657 4666/4666 4664/4664
f 4650/4650 4657/4657 4656/4656
f 4656/4656 4657/4657 4664/4664
f 4656/4656 4664/4664 4661/4661
f 2254/2254 2264/2264 2258/2258
f 1657/1657 1634/1634 1614/1614
f 2265/2265 2264/2264 2255/2255
f 2264/2264 2254/2254 2255/2255
f 1656/1656 1657/1657 1614/1614
f 5424/5424 5423/5423 5419/5419
f 5419/5419 5423/5423 5420/5420
f 5420/5420 5423/5423 5422/5422
f 2252/2252 2265/2265 2255/2255
f 5420/5420 5422/5422 5421/5421
f 5421/5421 5422/5422 5425/5425
f 2747/2747 2745/2745 2746/2746
f 5920/5920 5925/5925 5900/5900
f 2745/2745 2744/2744 2746/2746
f 2280/2280 2272/2272 2273/2273
f 6378/6378 6384/6384 6385/6385
f 2296/2296 2272/2272 2280/2280
f 5900/5900 5897/5897 5898/5898
f 2744/2744 2743/2743 2757/2757
f 6377/6377 6378/6378 6379/6379
f 5898/5898 5897/5897 5895/5895
f 2757/2757 2743/2743 2756/2756
f 6380/6380 6377/6377 6379/6379
f 5895/5895 5896/5896 5887/5887
f 2756/2756 2743/2743 2754/2754
f 6381/6381 6380/6380 6379/6379
f 2296/2296 2280/2280 2288/2288
f 22/22 28/28 27/27
f 2756/2756 2754/2754 2758/2758
f 2291/2291 2296/2296 2288/2288
f 2291/2291 2288/2288 2284/2284
f 5905/5905 6059/6059 5913/5913
f 6383/6383 6381/6381 6382/6382
f 1682/1682 1683/1683 1677/1677
f 1677/1677 1683/1683 1687/1687
f 1775/1775 1782/1782 1770/1770
f 1767/1767 1770/1770 1777/1777
f 1764/1764 1765/1765 1756/1756
f 1667/1667 1682/1682 1677/1677
f 1767/1767 1764/1764 1743/1743
f 1756/1756 1765/1765 1758/1758
f 1756/1756 1758/1758 1754/1754
f 1778/1778 1787/1787 1775/1775
f 1756/1756 1754/1754 1742/1742
f 1666/1666 1667/1667 1663/1663
f 1663/1663 1667/1667 1677/1677
f 1663/1663 1677/1677 1681/1681
f 1742/1742 1754/1754 1753/1753
f 4138/4138 4127/4127 4126/4126
f 3104/3104 3151/3151 3154/3154
f 5263/5263 5251/5251 5262/5262
f 1790/1790 1778/1778 1783/1783
f 1665/1665 1666/1666 1663/1663
f 1665/1665 1663/1663 1662/1662
f 4117/4117 4112/4112 4116/4116
f 1676/1676 1665/1665 1662/1662
f 1736/1736 1741/1741 1750/1750
f 1736/1736 1750/1750 1749/1749
f 1737/1737 1736/1736 1749/1749
f 5581/5581 5582/5582 5583/5583
f 1746/1746 1737/1737 1749/1749
f 4651/4651 4650/4650 4656/4656
f 1634/1634 1613/1613 1614/1614
f 4661/4661 4664/4664 4665/4665
f 4651/4651 4656/4656 4655/4655
f 4656/4656 4661/4661 4655/4655
f 5429/5429 5428/5428 5423/5423
f 5423/5423 5428/5428 5422/5422
f 2772/2772 2747/2747 2762/2762
f 4663/4663 4655/4655 4662/4662
f 4655/4655 4661/4661 4662/4662
f 2266/2266 2264/2264 2265/2265
f 1656/1656 1614/1614 1626/1626
f 2762/2762 2747/2747 2746/2746
f 2270/2270 2265/2265 2252/2252
f 9/9 10/10 22/22
f 2272/2272 2295/2295 2271/2271
f 2272/2272 2271/2271 2252/2252
f 5900/5900 5925/5925 5897/5897
f 2746/2746 2744/2744 2760/2760
f 5887/5887 5876/5876 5873/5873
f 2760/2760 2744/2744 2757/2757
f 5874/5874 5873/5873 5868/5868
f 5870/5870 5868/5868 5869/5869
f 6381/6381 6379/6379 6382/6382
f 27/27 28/28 31/31
f 5869/5869 5866/5866 5879/5879
f 17/17 7/7 16/16
f 1745/1745 1770/1770 1767/1767
f 1743/1743 1764/1764 1756/1756
f 1677/1677 1687/1687 1688/1688
f 1745/1745 1767/1767 1743/1743
f 1778/1778 1775/1775 1771/1771
f 1756/1756 1742/1742 1740/1740
f 4126/4126 4120/4120 4119/4119
f 1740/1740 1742/1742 1739/1739
f 4119/4119 4120/4120 4117/4117
f 4119/4119 4117/4117 4116/4116
f 1783/1783 1778/1778 1772/1772
f 3102/3102 3147/3147 3104/3104
f 5262/5262 5251/5251 5256/5256
f 1739/1739 1742/1742 1741/1741
f 5256/5256 5251/5251 5245/5245
f 5256/5256 5245/5245 5257/5257
f 1783/1783 1772/1772 1784/1784
f 1739/1739 1741/1741 1736/1736
f 5245/5245 5246/5246 5258/5258
f 5246/5246 5247/5247 5248/5248
f 1780/1780 1783/1783 1785/1785
f 1611/1611 1610/1610 1606/1606
f 5248/5248 5247/5247 5249/5249
f 1779/1779 1783/1783 1780/1780
f 3138/3138 3142/3142 3099/3099
f 2850/2850 2844/2844 2848/2848
f 1613/1613 1611/1611 1612/1612
f 5584/5584 5581/5581 5583/5583
f 1614/1614 1613/1613 1612/1612
f 4648/4648 4649/4649 4650/4650
f 4648/4648 4650/4650 4651/4651
f 1614/1614 1612/1612 1615/1615
f 4651/4651 4655/4655 4653/4653
f 4653/4653 4655/4655 4654/4654
f 2267/2267 2266/2266 2265/2265
f 2292/2292 2267/2267 2265/2265
f 1626/1626 1614/1614 1615/1615
f 1626/1626 1615/1615 1617/1617
f 2271/2271 2295/2295 2292/2292
f 2270/2270 2292/2292 2265/2265
f 2762/2762 2746/2746 2768/2768
f 2271/2271 2292/2292 2270/2270
f 1626/1626 1617/1617 1633/1633
f 2768/2768 2746/2746 2760/2760
f 1589/1589 1598/1598 1625/1625
f 1598/1598 1589/1589 1590/1590
f 1624/1624 1623/1623 1625/1625
f 5899/5899 5902/5902 5896/5896
f 5896/5896 5902/5902 5887/5887
f 5902/5902 5876/5876 5887/5887
f 5873/5873 5876/5876 5875/5875
f 5873/5873 5875/5875 5872/5872
f 5873/5873 5872/5872 5868/5868
f 1763/1763 1775/1775 1770/1770
f 1763/1763 1770/1770 1745/1745
f 1775/1775 1763/1763 1771/1771
f 3154/3154 3165/3165 3085/3085
f 4140/4140 4138/4138 4126/4126
f 1743/1743 1756/1756 1740/1740
f 16/16 7/7 9/9
f 1772/1772 1778/1778 1771/1771
f 1738/1738 1743/1743 1740/1740
f 1738/1738 1740/1740 1739/1739
f 4116/4116 4112/4112 4111/4111
f 1738/1738 1739/1739 1736/1736
f 1606/1606 1608/1608 1605/1605
f 1780/1780 1772/1772 1761/1761
f 1727/1727 1728/1728 1736/1736
f 1728/1728 1738/1738 1736/1736
f 3099/3099 3142/3142 3102/3102
f 1610/1610 1608/1608 1606/1606
f 5257/5257 5245/5245 5258/5258
f 5258/5258 5246/5246 5248/5248
f 1727/1727 1736/1736 1737/1737
f 1676/1676 1662/1662 1704/1704
f 4109/4109 4112/4112 4115/4115
f 1779/1779 1780/1780 1761/1761
f 1612/1612 1611/1611 1606/1606
f 1734/1734 1727/1727 1737/1737
f 2852/2852 2850/2850 2848/2848
f 1779/1779 1761/1761 1773/1773
f 1734/1734 1737/1737 1746/1746
f 4647/4647 4649/4649 4648/4648
f 2840/2840 2848/2848 2841/2841
f 1734/1734 1746/1746 1748/1748
f 1773/1773 1732/1732 1774/1774
f 1735/1735 1734/1734 1748/1748
f 1659/1659 1593/1593 1630/1630
f 1593/1593 1582/1582 1586/1586
f 1788/1788 1774/1774 1759/1759
f 2267/2267 2292/2292 2293/2293
f 2295/2295 2293/2293 2292/2292
f 1617/1617 1618/1618 1623/1623
f 1632/1632 1593/1593 1589/1589
f 1593/1593 1632/1632 1630/1630
f 1593/1593 1586/1586 1589/1589
f 1589/1589 1586/1586 1587/1587
f 1590/1590 1589/1589 1587/1587
f 1633/1633 1617/1617 1624/1624
f 1624/1624 1617/1617 1623/1623
f 1625/1625 1623/1623 1632/1632
f 1632/1632 1589/1589 1625/1625
f 2138/2138 2126/2126 2118/2118
f 2769/2769 2760/2760 2757/2757
f 2769/2769 2757/2757 2756/2756
f 5868/5868 5867/5867 5866/5866
f 4184/4184 4183/4183 4177/4177
f 1687/1687 1707/1707 1710/1710
f 1744/1744 1763/1763 1745/1745
f 3105/3105 3104/3104 3154/3154
f 4135/4135 4126/4126 4119/4119
f 1747/1747 1771/1771 1763/1763
f 1747/1747 1763/1763 1744/1744
f 1664/1664 1677/1677 1688/1688
f 1664/1664 1688/1688 1689/1689
f 1772/1772 1771/1771 1747/1747
f 1744/1744 1745/1745 1728/1728
f 1728/1728 1745/1745 1743/1743
f 1728/1728 1743/1743 1738/1738
f 1664/1664 1663/1663 1681/1681
f 1729/1729 1772/1772 1747/1747
f 1662/1662 1663/1663 1664/1664
f 1622/1622 1606/1606 1580/1580
f 1580/1580 1606/1606 1605/1605
f 1605/1605 1604/1604 1580/1580
f 1761/1761 1772/1772 1729/1729
f 1704/1704 1662/1662 1694/1694
f 1694/1694 1662/1662 1664/1664
f 1622/1622 1580/1580 1621/1621
f 1583/1583 1604/1604 1603/1603
f 1631/1631 1621/1621 1580/1580
f 1583/1583 1580/1580 1604/1604
f 5257/5257 5258/5258 5267/5267
f 1731/1731 1761/1761 1729/1729
f 1620/1620 1606/1606 1622/1622
f 1580/1580 1579/1579 1631/1631
f 1581/1581 1580/1580 1583/1583
f 2852/2852 2848/2848 2840/2840
f 1612/1612 1606/1606 1620/1620
f 1579/1579 1580/1580 1581/1581
f 1733/1733 1761/1761 1731/1731
f 1725/1725 1727/1727 1734/1734
f 4210/4210 4221/4221 4212/4212
f 1579/1579 1581/1581 1582/1582
f 1658/1658 1579/1579 1582/1582
f 1730/1730 1725/1725 1734/1734
f 1615/1615 1612/1612 1616/1616
f 1612/1612 1620/1620 1616/1616
f 1616/1616 1620/1620 1619/1619
f 1773/1773 1733/1733 1732/1732
f 1732/1732 1733/1733 1731/1731
f 1732/1732 1731/1731 1730/1730
f 1659/1659 1658/1658 1582/1582
f 1582/1582 1581/1581 1584/1584
f 4648/4648 4651/4651 4646/4646
f 1760/1760 1732/1732 1730/1730
f 1616/1616 1619/1619 1618/1618
f 4646/4646 4651/4651 4653/4653
f 1774/1774 1732/1732 1760/1760
f 1730/1730 1734/1734 1735/1735
f 1582/1582 1584/1584 1586/1586
f 1760/1760 1730/1730 1759/1759
f 1759/1759 1730/1730 1735/1735
f 1615/1615 1616/1616 1617/1617
f 1629/1629 1659/1659 1630/1630
f 1759/1759 1774/1774 1760/1760
f 1617/1617 1616/1616 1618/1618
f 4652/4652 4653/4653 4654/4654
f 1623/1623 1618/1618 1628/1628
f 1587/1587 1586/1586 1584/1584
f 1587/1587 1584/1584 1588/1588
f 1623/1623 1630/1630 1632/1632
f 4645/4645 4652/4652 4658/4658
f 1590/1590 1587/1587 1588/1588
f 1597/1597 1590/1590 1588/1588
f 4659/4659 4645/4645 4658/4658
f 1600/1600 1660/1660 1661/1661
f 5865/5865 5878/5878 5877/5877
f 5877/5877 5878/5878 5880/5880
f 4140/4140 4126/4126 4135/4135
f 4135/4135 4119/4119 4128/4128
f 4119/4119 4116/4116 4128/4128
f 4116/4116 4111/4111 4114/4114
f 1747/1747 1744/1744 1726/1726
f 3102/3102 3104/3104 3101/3101
f 1726/1726 1744/1744 1728/1728
f 4110/4110 4111/4111 4109/4109
f 1729/1729 1747/1747 1726/1726
f 1726/1726 1728/1728 1727/1727
f 1729/1729 1726/1726 1725/1725
f 1725/1725 1726/1726 1727/1727
f 16/16 9/9 23/23
f 1620/1620 1622/1622 1621/1621
f 1620/1620 1621/1621 1619/1619
f 5258/5258 5248/5248 5255/5255
f 5267/5267 5258/5258 5255/5255
f 5248/5248 5249/5249 5255/5255
f 1704/1704 1694/1694 1693/1693
f 3095/3095 3103/3103 3099/3099
f 1619/1619 1621/1621 1627/1627
f 1583/1583 1603/1603 1585/1585
f 1603/1603 1602/1602 1585/1585
f 5249/5249 5260/5260 5255/5255
f 1731/1731 1729/1729 1730/1730
f 1730/1730 1729/1729 1725/1725
f 1704/1704 1693/1693 1714/1714
f 1619/1619 1627/1627 1628/1628
f 1631/1631 1579/1579 1658/1658
f 1631/1631 1658/1658 1629/1629
f 1584/1584 1581/1581 1583/1583
f 1618/1618 1619/1619 1628/1628
f 1629/1629 1658/1658 1659/1659
f 1583/1583 1585/1585 1584/1584
f 4647/4647 4648/4648 4646/4646
f 4647/4647 4646/4646 4642/4642
f 1630/1630 1628/1628 1629/1629
f 4642/4642 4646/4646 4643/4643
f 4643/4643 4646/4646 4653/4653
f 4643/4643 4653/4653 4652/4652
f 1588/1588 1584/1584 1591/1591
f 4643/4643 4652/4652 4645/4645
f 4643/4643 4645/4645 4644/4644
f 2864/2864 2860/2860 2871/2871
f 4644/4644 4645/4645 4660/4660
f 1597/1597 1588/1588 1596/1596
f 4645/4645 4659/4659 4660/4660
f 1596/1596 1600/1600 1601/1601
f 4590/4590 4591/4591 4595/4595
f 4816/4816 4815/4815 4809/4809
f 3084/3084 3154/3154 3085/3085
f 3105/3105 3154/3154 3084/3084
f 3101/3101 3104/3104 3105/3105
f 4128/4128 4116/4116 4114/4114
f 3097/3097 3102/3102 3101/3101
f 4099/4099 4109/4109 4115/4115
f 1690/1690 1664/1664 1689/1689
f 1689/1689 1688/1688 1691/1691
f 3099/3099 3102/3102 3097/3097
f 1694/1694 1664/1664 1693/1693
f 3099/3099 3097/3097 3095/3095
f 1621/1621 1631/1631 1627/1627
f 1627/1627 1631/1631 1629/1629
f 1628/1628 1627/1627 1629/1629
f 5255/5255 5260/5260 5269/5269
f 3098/3098 3123/3123 3095/3095
f 1584/1584 1585/1585 1592/1592
f 1591/1591 1584/1584 1592/1592
f 3578/3578 3584/3584 3583/3583
f 4642/4642 4643/4643 4644/4644
f 1596/1596 1588/1588 1594/1594
f 1596/1596 1599/1599 1600/1600
f 4588/4588 4589/4589 4590/4590
f 4809/4809 4815/4815 4812/4812
f 3084/3084 3085/3085 3073/3073
f 4114/4114 4111/4111 4113/4113
f 4113/4113 4111/4111 4110/4110
f 1693/1693 1664/1664 1690/1690
f 1585/1585 1602/1602 1592/1592
f 1592/1592 1602/1602 1595/1595
f 1602/1602 1609/1609 1595/1595
f 1714/1714 1693/1693 1696/1696
f 2831/2831 2836/2836 2835/2835
f 1714/1714 1696/1696 1706/1706
f 1591/1591 1592/1592 1594/1594
f 1594/1594 1595/1595 1599/1599
f 1599/1599 1595/1595 1607/1607
f 1595/1595 1609/1609 1607/1607
f 1596/1596 1594/1594 1599/1599
f 2864/2864 2871/2871 2878/2878
f 4182/4182 4181/4181 4180/4180
f 4183/4183 4205/4205 4182/4182
f 27/27 31/31 33/33
f 4588/4588 4590/4590 4593/4593
f 4593/4593 4590/4590 4595/4595
f 4809/4809 4812/4812 4811/4811
f 3100/3100 3105/3105 3084/3084
f 4132/4132 4128/4128 4114/4114
f 3101/3101 3105/3105 3100/3100
f 4110/4110 4109/4109 4100/4100
f 4100/4100 4109/4109 4099/4099
f 4100/4100 4099/4099 4093/4093
f 1691/1691 1713/1713 1715/1715
f 3097/3097 3096/3096 3088/3088
f 4093/4093 4096/4096 4094/4094
f 3095/3095 3097/3097 3088/3088
f 3098/3098 3095/3095 3090/3090
f 3090/3090 3095/3095 3088/3088
f 1693/1693 1690/1690 1695/1695
f 1692/1692 1689/1689 1691/1691
f 24/24 23/23 9/9
f 1696/1696 1693/1693 1695/1695
f 1690/1690 1689/1689 1695/1695
f 1695/1695 1689/1689 1692/1692
f 3098/3098 3090/3090 3125/3125
f 1706/1706 1696/1696 1695/1695
f 2105/2105 2112/2112 2108/2108
f 2105/2105 2108/2108 2102/2102
f 2835/2835 2836/2836 2866/2866
f 2866/2866 2836/2836 2865/2865
f 9/9 22/22 24/24
f 2866/2866 2865/2865 2870/2870
f 24/24 22/22 27/27
f 1720/1720 1706/1706 1718/1718
f 1720/1720 1718/1718 1722/1722
f 1722/1722 1718/1718 1723/1723
f 4808/4808 4816/4816 4809/4809
f 4809/4809 4811/4811 4807/4807
f 3084/3084 3073/3073 3069/3069
f 4135/4135 4128/4128 4141/4141
f 4132/4132 4114/4114 4113/4113
f 4113/4113 4110/4110 4100/4100
f 4102/4102 4100/4100 4093/4093
f 3097/3097 3101/3101 3096/3096
f 3125/3125 3090/3090 3124/3124
f 2806/2806 2805/2805 2804/2804
f 1695/1695 1692/1692 1701/1701
f 1702/1702 1695/1695 1701/1701
f 2822/2822 2803/2803 2832/2832
f 2870/2870 2865/2865 2875/2875
f 2822/2822 2832/2832 2828/2828
f 1706/1706 1702/1702 1718/1718
f 2114/2114 2096/2096 2100/2100
f 2096/2096 2114/2114 2110/2110
f 2894/2894 2878/2878 2871/2871
f 1718/1718 1702/1702 1701/1701
f 1718/1718 1701/1701 1719/1719
f 4581/4581 4588/4588 4593/4593
f 3100/3100 3084/3084 3069/3069
f 3069/3069 3073/3073 3072/3072
f 4102/4102 4093/4093 4101/4101
f 4093/4093 4094/4094 4095/4095
f 4101/4101 4093/4093 4095/4095
f 1517/1517 1523/1523 1522/1522
f 1517/1517 1522/1522 1516/1516
f 3088/3088 3089/3089 3090/3090
f 2807/2807 2806/2806 2804/2804
f 2108/2108 2101/2101 2102/2102
f 2109/2109 2096/2096 2110/2110
f 4594/4594 4581/4581 4593/4593
f 4808/4808 4817/4817 4816/4816
f 4807/4807 4808/4808 4809/4809
f 4141/4141 4128/4128 4146/4146
f 4128/4128 4132/4132 4146/4146
f 4108/4108 4113/4113 4100/4100
f 4108/4108 4100/4100 4104/4104
f 4104/4104 4100/4100 4102/4102
f 3088/3088 3096/3096 3089/3089
f 1517/1517 1516/1516 1509/1509
f 1715/1715 1713/1713 1716/1716
f 2815/2815 2806/2806 2807/2807
f 3124/3124 3090/3090 3091/3091
f 3124/3124 3091/3091 3127/3127
f 2102/2102 2101/2101 2099/2099
f 2109/2109 2097/2097 2096/2096
f 2874/2874 2832/2832 2879/2879
f 4814/4814 4818/4818 4817/4817
f 4814/4814 4817/4817 4808/4808
f 4810/4810 4808/4808 4807/4807
f 3069/3069 3072/3072 3070/3070
f 3070/3070 3072/3072 3074/3074
f 4132/4132 4113/4113 4134/4134
f 4134/4134 4113/4113 4108/4108
f 3068/3068 3100/3100 3069/3069
f 3096/3096 3100/3100 3068/3068
f 3089/3089 3096/3096 3068/3068
f 3090/3090 3089/3089 3091/3091
f 2809/2809 2806/2806 2815/2815
f 2099/2099 2097/2097 2109/2109
f 2122/2122 2137/2137 2121/2121
f 5153/5153 5154/5154 5151/5151
f 4814/4814 4808/4808 4810/4810
f 3335/3335 3336/3336 3337/3337
f 3337/3337 3338/3338 3343/3343
f 3068/3068 3069/3069 3070/3070
f 4095/4095 4143/4143 4103/4103
f 4103/4103 4143/4143 4144/4144
f 1511/1511 1509/1509 1516/1516
f 3091/3091 3089/3089 3092/3092
f 1511/1511 1516/1516 1521/1521
f 3091/3091 3092/3092 3127/3127
f 2815/2815 2807/2807 2812/2812
f 2097/2097 2098/2098 2047/2047
f 1721/1721 1716/1716 1724/1724
f 5153/5153 5151/5151 5150/5150
f 4363/4363 4366/4366 4365/4365
f 4582/4582 4583/4583 4592/4592
f 4365/4365 4366/4366 4367/4367
f 4592/4592 4583/4583 4594/4594
f 4367/4367 4366/4366 4368/4368
f 4813/4813 4810/4810 4807/4807
f 4146/4146 4132/4132 4134/4134
f 3075/3075 3070/3070 3074/3074
f 4136/4136 4108/4108 4104/4104
f 4104/4104 4102/4102 4107/4107
f 4107/4107 4102/4102 4105/4105
f 4105/4105 4102/4102 4101/4101
f 4101/4101 4095/4095 4103/4103
f 4103/4103 4144/4144 4145/4145
f 1508/1508 1517/1517 1509/1509
f 1521/1521 1524/1524 1514/1514
f 2046/2046 2122/2122 2121/2121
f 5150/5150 5151/5151 5152/5152
f 4316/4316 4317/4317 4341/4341
f 4338/4338 4316/4316 4341/4341
f 4315/4315 4316/4316 4338/4338
f 4313/4313 4315/4315 4312/4312
f 4311/4311 4313/4313 4312/4312
f 4365/4365 4364/4364 4363/4363
f 3330/3330 3331/3331 3328/3328
f 3328/3328 3339/3339 3324/3324
f 4369/4369 4367/4367 4368/4368
f 3339/3339 3340/3340 3324/3324
f 3324/3324 3340/3340 3321/3321
f 3321/3321 3340/3340 3323/3323
f 2224/2224 2218/2218 2228/2228
f 5059/5059 5052/5052 5045/5045
f 3326/3326 3335/3335 3327/3327
f 5712/5712 5714/5714 5713/5713
f 5713/5713 5714/5714 5715/5715
f 5715/5715 5717/5717 5716/5716
f 3078/3078 3074/3074 3083/3083
f 4149/4149 4134/4134 4108/4108
f 4149/4149 4108/4108 4136/4136
f 4136/4136 4104/4104 4133/4133
f 4133/4133 4104/4104 4107/4107
f 3068/3068 3070/3070 3071/3071
f 1510/1510 1509/1509 1511/1511
f 3093/3093 3068/3068 3071/3071
f 3089/3089 3068/3068 3093/3093
f 3092/3092 3089/3089 3093/3093
f 1514/1514 1524/1524 1515/1515
f 2047/2047 2098/2098 2049/2049
f 2816/2816 2812/2812 2814/2814
f 5152/5152 5151/5151 5156/5156
f 5156/5156 5157/5157 5158/5158
f 4317/4317 4342/4342 4341/4341
f 2814/2814 2823/2823 2826/2826
f 3329/3329 3330/3330 3328/3328
f 4307/4307 4318/4318 4311/4311
f 4311/4311 4312/4312 4310/4310
f 4307/4307 4311/4311 4310/4310
f 4369/4369 4368/4368 4370/4370
f 4370/4370 4368/4368 4371/4371
f 3321/3321 3323/3323 3322/3322
f 5408/5408 5400/5400 5407/5407
f 3308/3308 3326/3326 3302/3302
f 3302/3302 3326/3326 3327/3327
f 5713/5713 5715/5715 5716/5716
f 5719/5719 5716/5716 5717/5717
f 1571/1571 1575/1575 1572/1572
f 3076/3076 3074/3074 3078/3078
f 4105/4105 4101/4101 4106/4106
f 4106/4106 4101/4101 4103/4103
f 1508/1508 1509/1509 1510/1510
f 3092/3092 3093/3093 3094/3094
f 3126/3126 3092/3092 3094/3094
f 2044/2044 2063/2063 2046/2046
f 5156/5156 5158/5158 5161/5161
f 5161/5161 5158/5158 5159/5159
f 4361/4361 4362/4362 4356/4356
f 4357/4357 4363/4363 4364/4364
f 3332/3332 3329/3329 3320/3320
f 3320/3320 3328/3328 3314/3314
f 4307/4307 4310/4310 4308/4308
f 3309/3309 3321/3321 3322/3322
f 4370/4370 4371/4371 4372/4372
f 5401/5401 5400/5400 5408/5408
f 5403/5403 5402/5402 5401/5401
f 6302/6302 6289/6289 6291/6291
f 6289/6289 6290/6290 6291/6291
f 3333/3333 3302/3302 3327/3327
f 5711/5711 5712/5712 5713/5713
f 5711/5711 5713/5713 5716/5716
f 5718/5718 5716/5716 5719/5719
f 4153/4153 4134/4134 4149/4149
f 4133/4133 4107/4107 4137/4137
f 4137/4137 4107/4107 4105/4105
f 1510/1510 1511/1511 1512/1512
f 1512/1512 1511/1511 1513/1513
f 1511/1511 1514/1514 1513/1513
f 1514/1514 1515/1515 1513/1513
f 1515/1515 1524/1524 1518/1518
f 1518/1518 1524/1524 1525/1525
f 5168/5168 5152/5152 5163/5163
f 5163/5163 5152/5152 5156/5156
f 3314/3314 3328/3328 3324/3324
f 4309/4309 4307/4307 4306/4306
f 4306/4306 4307/4307 4308/4308
f 3324/3324 3321/3321 3311/3311
f 3311/3311 3321/3321 3309/3309
f 4373/4373 4370/4370 4372/4372
f 3309/3309 3322/3322 3299/3299
f 3322/3322 3300/3300 3299/3299
f 3299/3299 3300/3300 3301/3301
f 3333/3333 3301/3301 3302/3302
f 6291/6291 6290/6290 6292/6292
f 5711/5711 5710/5710 5712/5712
f 5709/5709 5710/5710 5711/5711
f 5718/5718 5711/5711 5716/5716
f 1569/1569 1571/1571 1570/1570
f 4149/4149 4136/4136 4133/4133
f 3078/3078 3087/3087 3086/3086
f 3079/3079 3078/3078 3086/3086
f 4137/4137 4105/4105 4106/4106
f 3080/3080 3075/3075 3077/3077
f 3075/3075 3076/3076 3077/3077
f 4106/4106 4103/4103 4131/4131
f 4131/4131 4103/4103 4145/4145
f 1513/1513 1515/1515 1518/1518
f 1518/1518 1525/1525 1526/1526
f 1518/1518 1526/1526 1528/1528
f 5162/5162 5156/5156 5161/5161
f 3314/3314 3324/3324 3311/3311
f 4821/4821 4823/4823 4822/4822
f 6199/6199 6191/6191 6190/6190
f 6190/6190 6191/6191 6192/6192
f 5405/5405 5406/5406 5403/5403
f 5405/5405 5403/5403 5404/5404
f 5404/5404 5403/5403 5401/5401
f 5401/5401 5408/5408 5409/5409
f 5410/5410 5401/5401 5409/5409
f 6301/6301 6302/6302 6291/6291
f 6294/6294 6301/6301 6291/6291
f 6294/6294 6291/6291 6292/6292
f 5721/5721 5709/5709 5711/5711
f 5720/5720 5711/5711 5718/5718
f 3079/3079 3076/3076 3078/3078
f 4156/4156 4149/4149 4133/4133
f 1508/1508 1510/1510 1531/1531
f 3106/3106 3080/3080 3081/3081
f 1510/1510 1512/1512 1529/1529
f 3128/3128 3106/3106 3121/3121
f 2050/2050 2055/2055 2044/2044
f 4356/4356 4357/4357 4358/4358
f 3315/3315 3332/3332 3320/3320
f 3315/3315 3320/3320 3314/3314
f 3315/3315 3314/3314 3313/3313
f 4683/4683 4686/4686 4670/4670
f 4319/4319 4309/4309 4306/4306
f 4821/4821 4822/4822 4819/4819
f 4819/4819 4822/4822 4827/4827
f 6193/6193 6199/6199 6190/6190
f 4374/4374 4373/4373 4372/4372
f 5410/5410 5404/5404 5401/5401
f 6300/6300 6303/6303 6301/6301
f 6296/6296 6295/6295 6292/6292
f 5720/5720 5721/5721 5711/5711
f 1568/1568 1567/1567 1569/1569
f 3077/3077 3076/3076 3079/3079
f 3111/3111 3079/3079 3086/3086
f 4137/4137 4106/4106 4148/4148
f 4148/4148 4106/4106 4131/4131
f 4131/4131 4145/4145 4150/4150
f 3106/3106 3081/3081 3107/3107
f 1512/1512 1513/1513 1527/1527
f 1513/1513 1518/1518 1519/1519
f 1519/1519 1518/1518 1520/1520
f 6332/6332 6334/6334 6333/6333
f 1518/1518 1528/1528 1520/1520
f 1520/1520 1528/1528 1530/1530
f 6345/6345 6334/6334 6336/6336
f 5166/5166 5162/5162 5161/5161
f 4555/4555 4553/4553 4550/4550
f 6190/6190 6192/6192 6193/6193
f 6193/6193 6192/6192 6194/6194
f 3341/3341 3303/3303 3342/3342
f 5411/5411 5405/5405 5404/5404
f 5411/5411 5404/5404 5410/5410
f 4374/4374 4372/4372 4375/4375
f 6294/6294 6300/6300 6301/6301
f 1566/1566 1565/1565 1567/1567
f 1574/1574 1566/1566 1568/1568
f 1566/1566 1567/1567 1568/1568
f 3086/3086 3134/3134 3112/3112
f 4154/4154 4133/4133 4137/4137
f 1531/1531 1510/1510 1532/1532
f 3081/3081 3077/3077 3079/3079
f 1532/1532 1510/1510 1529/1529
f 1529/1529 1512/1512 1527/1527
f 2048/2048 2051/2051 2050/2050
f 2048/2048 2050/2050 2044/2044
f 1513/1513 1519/1519 1527/1527
f 6332/6332 6333/6333 6331/6331
f 6331/6331 6333/6333 6342/6342
f 6331/6331 6342/6342 6335/6335
f 3319/3319 3315/3315 3313/3313
f 4683/4683 4670/4670 4669/4669
f 4669/4669 4670/4670 4671/4671
f 4671/4671 4670/4670 4685/4685
f 4309/4309 4319/4319 4320/4320
f 4824/4824 4820/4820 4819/4819
f 4819/4819 4820/4820 4821/4821
f 4825/4825 4819/4819 4827/4827
f 4376/4376 4374/4374 4375/4375
f 6299/6299 6300/6300 6298/6298
f 6300/6300 6304/6304 6303/6303
f 6298/6298 6300/6300 6294/6294
f 1565/1565 1566/1566 1536/1536
f 6297/6297 6298/6298 6295/6295
f 6298/6298 6294/6294 6295/6295
f 4155/4155 4154/4154 4137/4137
f 4155/4155 4137/4137 4148/4148
f 4152/4152 4148/4148 4131/4131
f 4152/4152 4131/4131 4151/4151
f 4151/4151 4131/4131 4150/4150
f 3051/3051 3060/3060 3050/3050
f 3081/3081 3079/3079 3082/3082
f 3082/3082 3079/3079 3111/3111
f 3107/3107 3081/3081 3108/3108
f 3108/3108 3081/3081 3082/3082
f 3121/3121 3107/3107 3108/3108
f 2050/2050 2051/2051 2052/2052
f 5167/5167 5166/5166 5169/5169
f 3319/3319 3313/3313 3310/3310
f 3307/3307 3306/3306 3317/3317
f 4826/4826 4828/4828 4824/4824
f 4826/4826 4824/4824 4825/4825
f 4825/4825 4824/4824 4819/4819
f 6196/6196 6195/6195 6194/6194
f 6195/6195 6193/6193 6194/6194
f 1551/1551 1550/1550 1552/1552
f 6299/6299 6305/6305 6304/6304
f 6299/6299 6304/6304 6300/6300
f 4155/4155 4148/4148 4152/4152
f 3082/3082 3111/3111 3110/3110
f 3059/3059 3062/3062 3048/3048
f 3122/3122 3108/3108 3113/3113
f 2052/2052 2053/2053 2050/2050
f 2054/2054 2059/2059 2057/2057
f 3062/3062 3063/3063 3058/3058
f 2065/2065 2067/2067 2068/2068
f 5167/5167 5169/5169 5170/5170
f 3325/3325 3310/3310 3312/3312
f 2078/2078 2076/2076 2085/2085
f 4677/4677 4684/4684 4669/4669
f 2076/2076 2080/2080 2085/2085
f 1557/1557 1560/1560 1549/1549
f 4321/4321 4309/4309 4320/4320
f 4320/4320 4326/4326 4328/4328
f 6197/6197 6200/6200 6195/6195
f 1535/1535 1561/1561 1533/1533
f 4376/4376 4375/4375 4377/4377
f 3052/3052 3064/3064 3051/3051
f 3110/3110 3112/3112 3114/3114
f 3112/3112 3115/3115 3114/3114
f 3049/3049 3051/3051 3050/3050
f 3047/3047 3050/3050 3059/3059
f 3082/3082 3110/3110 3109/3109
f 3118/3118 3110/3110 3114/3114
f 3108/3108 3082/3082 3109/3109
f 3108/3108 3109/3109 3113/3113
f 3047/3047 3059/3059 3048/3048
f 2053/2053 2091/2091 2059/2059
f 2054/2054 2053/2053 2059/2059
f 3048/3048 3062/3062 3058/3058
f 3063/3063 3061/3061 3058/3058
f 3058/3058 3061/3061 3057/3057
f 6328/6328 6332/6332 6331/6331
f 6331/6331 6335/6335 6329/6329
f 6338/6338 6340/6340 6336/6336
f 6338/6338 6336/6336 6337/6337
f 6336/6336 6332/6332 6337/6337
f 6329/6329 6335/6335 6341/6341
f 4395/4395 4387/4387 4381/4381
f 4359/4359 4358/4358 4380/4380
f 4682/4682 4680/4680 4681/4681
f 4681/4681 4680/4680 4679/4679
f 4679/4679 4678/4678 4676/4676
f 2078/2078 2074/2074 2076/2076
f 4676/4676 4678/4678 4675/4675
f 4675/4675 4677/4677 4673/4673
f 4677/4677 4669/4669 4673/4673
f 2080/2080 2076/2076 2077/2077
f 4669/4669 4671/4671 4672/4672
f 6198/6198 6197/6197 6196/6196
f 6196/6196 6197/6197 6195/6195
f 1537/1537 1550/1550 1542/1542
f 4379/4379 4376/4376 4378/4378
f 2592/2592 2589/2589 2590/2590
f 4378/4378 4376/4376 4377/4377
f 1546/1546 1547/1547 1534/1534
f 3052/3052 3051/3051 3049/3049
f 3114/3114 3115/3115 3116/3116
f 3116/3116 3115/3115 3133/3133
f 3116/3116 3133/3133 3130/3130
f 3049/3049 3050/3050 3047/3047
f 3109/3109 3110/3110 3118/3118
f 3113/3113 3109/3109 3118/3118
f 3113/3113 3118/3118 3120/3120
f 2061/2061 2090/2090 2067/2067
f 6328/6328 6331/6331 6327/6327
f 6327/6327 6331/6331 6329/6329
f 6338/6338 6337/6337 6339/6339
f 4381/4381 4359/4359 4380/4380
f 4675/4675 4673/4673 4674/4674
f 4676/4676 4675/4675 4674/4674
f 4673/4673 4669/4669 4672/4672
f 4674/4674 4673/4673 4672/4672
f 4321/4321 4320/4320 4322/4322
f 4322/4322 4320/4320 4328/4328
f 1535/1535 1537/1537 1542/1542
f 4388/4388 4379/4379 4378/4378
f 1555/1555 1540/1540 1547/1547
f 1547/1547 1540/1540 1534/1534
f 1536/1536 1534/1534 1533/1533
f 3053/3053 3052/3052 3049/3049
f 3049/3049 3047/3047 3045/3045
f 3045/3045 3047/3047 3031/3031
f 3116/3116 3130/3130 3129/3129
f 3031/3031 3047/3047 3048/3048
f 2062/2062 2090/2090 2061/2061
f 3048/3048 3058/3058 3044/3044
f 3058/3058 3057/3057 3044/3044
f 6324/6324 6328/6328 6327/6327
f 3037/3037 3057/3057 3046/3046
f 2074/2074 2072/2072 2075/2075
f 4689/4689 4674/4674 4672/4672
f 1539/1539 1544/1544 1548/1548
f 4322/4322 4328/4328 4339/4339
f 1538/1538 1539/1539 1537/1537
f 1540/1540 1538/1538 1534/1534
f 1534/1534 1538/1538 1537/1537
f 4388/4388 4378/4378 4389/4389
f 3054/3054 3052/3052 3053/3053
f 3049/3049 3045/3045 3065/3065
f 3129/3129 3130/3130 3131/3131
f 3065/3065 3045/3045 3033/3033
f 3117/3117 3116/3116 3129/3129
f 3033/3033 3045/3045 3031/3031
f 3119/3119 3117/3117 3129/3129
f 5836/5836 5835/5835 5834/5834
f 5838/5838 5834/5834 5832/5832
f 5808/5808 5814/5814 5832/5832
f 5814/5814 5808/5808 5815/5815
f 3031/3031 3048/3048 3044/3044
f 5816/5816 5814/5814 5815/5815
f 6329/6329 6341/6341 6330/6330
f 3037/3037 3044/3044 3057/3057
f 4087/4087 4088/4088 4089/4089
f 6330/6330 6341/6341 6343/6343
f 4381/4381 4380/4380 4382/4382
f 4681/4681 4679/4679 4688/4688
f 4688/4688 4679/4679 4687/4687
f 4687/4687 4679/4679 4676/4676
f 4687/4687 4676/4676 4674/4674
f 4687/4687 4674/4674 4689/4689
f 1543/1543 1544/1544 1538/1538
f 1538/1538 1544/1544 1539/1539
f 1556/1556 1541/1541 1540/1540
f 1556/1556 1540/1540 1559/1559
f 1540/1540 1541/1541 1538/1538
f 1541/1541 1543/1543 1538/1538
f 4390/4390 4388/4388 4389/4389
f 5835/5835 5839/5839 5833/5833
f 3054/3054 3053/3053 3055/3055
f 3056/3056 3054/3054 3055/3055
f 3035/3035 3033/3033 3030/3030
f 3030/3030 3033/3033 3031/3031
f 5808/5808 5833/5833 5807/5807
f 5808/5808 5807/5807 5806/5806
f 5832/5832 5833/5833 5808/5808
f 5808/5808 5806/5806 5812/5812
f 5815/5815 5808/5808 5812/5812
f 3030/3030 3031/3031 3032/3032
f 3032/3032 3031/3031 3044/3044
f 5816/5816 5815/5815 5817/5817
f 5818/5818 5816/5816 5817/5817
f 6324/6324 6327/6327 6326/6326
f 6326/6326 6327/6327 6329/6329
f 3032/3032 3044/3044 3037/3037
f 4090/4090 4087/4087 4089/4089
f 6330/6330 6343/6343 6344/6344
f 3037/3037 3046/3046 3043/3043
f 5830/5830 5818/5818 5820/5820
f 4688/4688 4687/4687 4690/4690
f 1553/1553 1554/1554 1543/1543
f 5829/5829 5830/5830 5820/5820
f 5829/5829 5820/5820 5822/5822
f 1543/1543 1554/1554 1544/1544
f 1541/1541 1545/1545 1543/1543
f 4322/4322 4339/4339 4340/4340
f 4392/4392 4390/4390 4391/4391
f 4391/4391 4390/4390 4389/4389
f 3066/3066 3049/3049 3065/3065
f 3066/3066 3065/3065 3067/3067
f 4865/4865 4864/4864 4858/4858
f 4866/4866 4865/4865 4858/4858
f 4858/4858 4864/4864 4859/4859
f 4859/4859 4861/4861 4860/4860
f 4858/4858 4859/4859 4860/4860
f 3039/3039 3040/3040 3035/3035
f 3039/3039 3035/3035 3030/3030
f 5815/5815 5812/5812 5824/5824
f 5817/5817 5824/5824 5827/5827
f 5815/5815 5824/5824 5817/5817
f 3039/3039 3030/3030 3038/3038
f 5817/5817 5827/5827 5825/5825
f 3038/3038 3030/3030 3034/3034
f 3030/3030 3032/3032 3034/3034
f 5817/5817 5825/5825 5819/5819
f 5818/5818 5817/5817 5819/5819
f 6323/6323 6324/6324 6325/6325
f 6325/6325 6324/6324 6326/6326
f 6326/6326 6329/6329 6330/6330
f 3036/3036 3034/3034 3032/3032
f 3036/3036 3032/3032 3037/3037
f 3036/3036 3037/3037 3041/3041
f 3041/3041 3037/3037 3043/3043
f 5820/5820 5818/5818 5819/5819
f 4691/4691 4688/4688 4690/4690
f 5820/5820 5821/5821 5822/5822
f 4392/4392 4393/4393 4385/4385
f 4393/4393 4392/4392 4391/4391
f 2582/2582 2577/2577 2579/2579
f 3038/3038 3034/3034 3036/3036
f 5819/5819 5825/5825 5826/5826
f 5821/5821 5819/5819 5826/5826
f 3036/3036 3041/3041 3042/3042
f 5821/5821 5826/5826 5823/5823
f 5823/5823 5826/5826 5828/5828
f 5803/5803 5810/5810 5811/5811
f 4866/4866 4858/4858 4863/4863
f 5805/5805 5803/5803 5802/5802
f 4863/4863 4858/4858 4862/4862
f 4858/4858 4860/4860 4862/4862
f 5805/5805 5802/5802 5840/5840
f 3513/3513 3516/3516 3510/3510
f 3510/3510 3516/3516 3517/3517
f 3510/3510 3517/3517 3515/3515
f 3510/3510 3515/3515 3514/3514
f 4327/4327 4330/4330 4329/4329
f 4384/4384 4386/4386 4394/4394
f 4386/4386 4391/4391 4394/4394
f 2580/2580 2578/2578 2577/2577
f 2579/2579 2578/2578 2583/2583
f 2583/2583 2584/2584 2579/2579
f 5803/5803 5811/5811 5804/5804
f 5802/5802 5803/5803 5804/5804
f 3509/3509 3513/3513 3510/3510
f 4332/4332 4331/4331 4333/4333
f 3511/3511 3510/3510 3514/3514
f 2583/2583 2588/2588 2587/2587
f 3511/3511 3514/3514 3518/3518
f 2583/2583 2587/2587 2584/2584
f 3512/3512 3509/3509 3511/3511
f 3509/3509 3510/3510 3511/3511
f 3519/3519 3509/3509 3512/3512
f 2580/2580 2585/2585 2578/2578
f 2585/2585 2586/2586 2578/2578
f 2578/2578 2586/2586 2583/2583
f 2586/2586 2588/2588 2583/2583

