# https://github.com/mikedh/trimesh
mtllib material.mtl

o geometry_0
usemtl material_0
v -0.41385052 0.08408869 -0.10098978
v -0.41403964 0.09177170 -0.10668264
v -0.41394940 0.07646835 -0.09526975
v -0.26008379 -0.18763712 0.23475085
v -0.25981122 -0.19067223 0.23503080
v -0.26175424 -0.19925398 0.23453622
v 0.03913784 0.23362666 -0.20464392
v 0.07069968 0.19144228 -0.20484510
v 0.02449916 0.18260482 -0.20477469
v -0.06165189 0.20485143 -0.20481449
v -0.04524547 0.23377673 -0.20468071
v -0.08197098 0.23355603 -0.20489310
v -0.15100633 0.19540176 -0.20494375
v -0.22492567 0.23373304 -0.20487049
v -0.04232465 0.17049477 -0.20485547
v -0.27208793 0.19818372 -0.20492128
v -0.30854055 0.22783297 -0.20485947
v -0.31976891 0.16237293 -0.20492455
v -0.26341817 0.13878328 -0.20495038
v -0.34272736 0.22078957 -0.20483495
v -0.32736439 0.23329966 -0.20496275
v -0.34904462 0.09886398 -0.20499873
v -0.29811457 0.08851840 -0.20497024
v -0.32442582 0.02569417 -0.20504542
v -0.25956145 -0.01010685 -0.20503651
v -0.36005878 -0.08303352 -0.20530686
v -0.28536582 -0.08764462 -0.20519818
v -0.31835026 -0.10994422 -0.20525727
v -0.34736121 -0.12233444 -0.20536901
v -0.35967660 -0.15143479 -0.20552400
v -0.23948584 -0.12165751 -0.20513412
v -0.20201495 -0.12485987 -0.20513582
v -0.31285113 -0.03973826 -0.20510074
v -0.23142441 -0.07368182 -0.20515266
v -0.18132713 -0.07363546 -0.20509711
v -0.17101485 -0.12506557 -0.20497495
v -0.09011180 -0.09583436 -0.20501783
v -0.05383141 -0.12553178 -0.20475924
v -0.03102559 -0.07751121 -0.20499414
v -0.06492995 -0.04666685 -0.20501658
v 0.04203140 -0.11829802 -0.20480117
v 0.04839746 -0.08594047 -0.20502368
v 0.09431436 -0.11916099 -0.20494041
v 0.10660651 -0.13861626 -0.20459794
v 0.06380635 -0.16191402 -0.20388663
v -0.00005881 -0.16219024 -0.20389329
v -0.06167493 -0.16234811 -0.20394544
v -0.09692730 -0.16243979 -0.20401460
v -0.17402138 -0.14564669 -0.20453459
v -0.21118560 -0.16015764 -0.20450205
v -0.29914910 -0.14926326 -0.20488228
v -0.34510511 -0.15425654 -0.20514132
v -0.16825201 -0.16183928 -0.20404027
v 0.16970207 -0.15364502 -0.20434369
v 0.17464995 -0.12246221 -0.20509066
v 0.20947945 -0.14828572 -0.20476037
v 0.15548655 -0.16198231 -0.20397985
v 0.23343572 -0.12857208 -0.20517153
v 0.26296675 -0.14817694 -0.20489085
v 0.29641530 -0.14775692 -0.20491402
v 0.30603412 -0.12387377 -0.20535327
v 0.34392434 -0.15031390 -0.20525166
v 0.36517790 -0.14418600 -0.20549503
v 0.30831099 -0.10186605 -0.20543742
v 0.24802452 -0.10573241 -0.20531380
v 0.30122018 -0.05822568 -0.20522934
v 0.23649848 -0.07008025 -0.20524746
v 0.20793360 -0.09278803 -0.20530164
v 0.17114359 -0.07681663 -0.20519562
v 0.11023225 -0.09923500 -0.20509294
v 0.10718150 -0.05221519 -0.20509855
v 0.22826765 -0.04338750 -0.20509821
v 0.36452332 -0.08860912 -0.20556732
v 0.36055031 -0.04615793 -0.20507875
v 0.03609684 -0.02526574 -0.20499039
v -0.21403465 0.03806534 -0.20499176
v -0.20567116 0.14491807 -0.20496377
v -0.13408373 0.06479973 -0.20498298
v -0.10455787 0.14644891 -0.20496950
v -0.06430291 0.05653890 -0.20498317
v -0.14054137 -0.02744473 -0.20503879
v -0.04318675 0.10796262 -0.20490083
v 0.00319044 0.03664560 -0.20495343
v 0.01490648 0.12016607 -0.20486462
v 0.06130058 0.05787569 -0.20497461
v 0.06765988 0.13744006 -0.20493411
v 0.10322031 0.06613593 -0.20503417
v 0.17275801 0.08390094 -0.20500654
v 0.17736140 -0.01280685 -0.20508367
v 0.24481477 0.05378079 -0.20498858
v 0.28659922 0.01589423 -0.20504785
v 0.31854504 -0.02672289 -0.20512941
v 0.33492088 0.09914032 -0.20491239
v 0.34169516 0.03778017 -0.20502245
v 0.36427847 0.04140007 -0.20497048
v -0.35745978 -0.04463882 -0.20508319
v -0.36621448 0.09797550 -0.20478758
v -0.35627061 0.17679982 -0.20502029
v -0.36701420 0.18043292 -0.20482229
v -0.35552365 0.20921363 -0.20482771
v 0.12189501 0.15765321 -0.20496699
v 0.23607054 0.17955868 -0.20486981
v 0.25173742 0.13301881 -0.20491603
v 0.32078987 0.16469723 -0.20481372
v 0.36224198 0.17684458 -0.20484269
v 0.36836764 0.19724408 -0.20467091
v 0.30715424 0.20357096 -0.20471886
v 0.17401852 0.20171645 -0.20484869
v 0.23634771 0.22242911 -0.20475401
v 0.07908535 0.23359135 -0.20480040
v 0.23242657 0.23359583 -0.20484540
v 0.33033079 0.23299266 -0.20480415
v 0.33881277 0.22598252 -0.20470408
v -0.36576694 -0.04436335 -0.20475696
v 0.36454377 -0.16062666 -0.20484611
v 0.36966836 -0.05029771 -0.20467947
v 0.22537109 -0.16040777 -0.20424165
v 0.20313823 -0.16184491 -0.20408477
v 0.36999542 0.09292629 -0.20461559
v 0.36979979 0.18746836 -0.20460582
v -0.24304399 -0.16019985 -0.20442571
v -0.31531447 -0.16086121 -0.20438147
v 0.25032032 -0.16179204 -0.20405947
v 0.24808697 -0.16012190 -0.20416734
v 0.30255279 -0.16187704 -0.20387571
v 0.22539034 -0.16206580 -0.20480418
v 0.20384175 -0.16213287 -0.20479858
v -0.36467505 0.20129365 -0.20443693
v -0.36975741 0.18728918 -0.20444319
v 0.36978480 -0.14735721 -0.20507434
v -0.36626667 -0.13863751 -0.20496967
v -0.36968383 0.14476794 -0.20433985
v -0.36981571 0.05337044 -0.20444301
v -0.33247504 -0.16271822 -0.20426248
v 0.37253445 -0.16101247 -0.20407031
v -0.33824930 -0.16133296 -0.20431903
v -0.35990402 -0.16103190 -0.20499577
v -0.36967686 -0.16116726 -0.20405763
v 0.33866620 -0.15867259 -0.20414598
v 0.33787414 -0.16187839 -0.20380574
v -0.21101700 -0.16264628 -0.20485821
v -0.24936157 -0.16244780 -0.20478736
v 0.34778762 -0.16498101 -0.20262727
v -0.37081429 -0.03859111 -0.20402795
v -0.37083685 -0.14072339 -0.20418775
v -0.34356728 -0.16652390 -0.20334700
v -0.31286165 -0.16258432 -0.20472343
v 0.36113948 0.20606007 -0.20441529
v 0.30293253 0.23507218 -0.20439267
v -0.15247627 0.23538895 -0.20444484
v 0.04392371 0.23526853 -0.20420697
v -0.07452583 0.23523088 -0.20436007
v 0.14001469 0.23522691 -0.20437054
v -0.26262358 0.23536009 -0.20439456
v -0.33333203 0.22970071 -0.20463225
v -0.34853211 -0.16787782 -0.20203196
v -0.31509554 0.23519547 -0.20430890
v 0.37237850 0.03893062 -0.20372802
v 0.37271026 0.10757516 -0.20358734
v 0.37226990 -0.11433768 -0.20386960
v 0.35438764 -0.17023887 -0.20089547
v -0.35153136 -0.17069855 -0.20053658
v 0.34410548 -0.16447304 -0.20329763
v 0.34964645 -0.16823404 -0.20331839
v 0.37257180 0.18381475 -0.20357303
v 0.37251455 0.14756982 -0.20349291
v -0.37187907 0.18268999 -0.20345739
v -0.37099773 0.08984971 -0.20383047
v -0.36982164 0.19809228 -0.20256527
v -0.16988799 -0.16262156 -0.20445436
v -0.37111139 0.14775407 -0.20355773
v 0.37302226 -0.16167630 -0.20328270
v 0.36200929 -0.17565969 -0.19744435
v 0.37126741 0.19788319 -0.20295328
v -0.35892484 -0.17502330 -0.19728869
v -0.32660830 0.23525763 -0.20385519
v 0.32752210 0.23520783 -0.20353097
v -0.37166655 -0.17258188 -0.19653834
v -0.36665615 -0.18012516 -0.19317617
v 0.36884364 -0.17064431 -0.19877559
v 0.37175280 -0.18107212 -0.19168916
v 0.37542731 -0.17497060 -0.19399449
v 0.35092863 0.21565066 -0.20430301
v -0.37396011 -0.18386908 -0.18868555
v -0.37264782 -0.16241820 -0.20218538
v -0.37246239 -0.14484079 -0.20279717
v 0.37851486 -0.18710195 -0.18537995
v -0.37869930 -0.18260092 -0.18702523
v -0.38194612 -0.19209346 -0.18130894
v -0.39425871 -0.18718225 -0.17486703
v -0.39120859 -0.20119494 -0.17338379
v -0.38518283 -0.17041020 -0.18765520
v -0.37727830 -0.17222598 -0.19302775
v -0.38159156 -0.16580576 -0.19273967
v -0.39801615 -0.20601644 -0.16669476
v -0.37311172 -0.09605442 -0.20209320
v 0.38624877 -0.18302114 -0.18255702
v 0.38466367 -0.19456460 -0.17845701
v 0.39250097 -0.18788327 -0.17601851
v 0.39246866 -0.19990738 -0.17195520
v 0.39946857 -0.20584300 -0.16513114
v 0.39469799 -0.17761789 -0.17844713
v 0.38418460 -0.17136586 -0.18952391
v 0.40603483 -0.19522171 -0.16310905
v 0.39798629 -0.18261057 -0.17357953
v 0.37634462 -0.16354610 -0.20005260
v 0.37447122 0.18948101 -0.20128416
v -0.39148712 -0.17462184 -0.18116276
v 0.37396055 -0.12657218 -0.20251323
v 0.37717316 -0.09023026 -0.19948250
v 0.37384015 -0.04183903 -0.20243569
v -0.40117592 -0.18471931 -0.16967550
v -0.39995039 -0.17887579 -0.17176366
v 0.37775111 -0.14218168 -0.19867387
v 0.38693190 -0.16965282 -0.18772580
v 0.40865439 -0.20417705 -0.15748261
v 0.41150758 -0.19614242 -0.15776683
v 0.40617853 -0.21129607 -0.15828623
v 0.40418488 -0.18392156 -0.16708475
v -0.37259680 -0.18497133 -0.19030708
v 0.36901158 -0.18110089 -0.19410196
v 0.03665277 0.27628922 0.02554335
v 0.01616210 0.27634785 0.03080229
v 0.01622139 0.27625686 0.03880995
v 0.03048685 0.27632257 0.06337688
v 0.01731471 0.27621910 0.05536696
v 0.15803401 0.27595490 -0.01316515
v 0.15051256 0.27629665 0.08247157
v 0.21666217 0.27599031 0.02673353
v 0.28193700 0.27569535 0.00989375
v 0.23925771 0.27610660 0.06579936
v 0.20028834 0.27633554 0.09588920
v 0.16744834 0.27654755 0.12682571
v 0.21148485 0.27665961 0.12783884
v 0.29102477 0.27579272 0.05163985
v 0.32660162 0.27597883 0.08597907
v 0.30583143 0.27611315 0.10566259
v 0.30000457 0.27630368 0.12699112
v 0.31427032 0.27599007 0.12431017
v 0.32472327 0.27581385 0.10870568
v 0.08243404 0.27644965 0.09568783
v 0.08636420 0.27663243 0.12680461
v 0.01447496 0.27637801 0.10430109
v 0.04097572 0.27661204 0.12686551
v -0.04280597 0.27662823 0.12657820
v -0.03485548 0.27629465 0.08504497
v -0.08510482 0.27654734 0.10110769
v -0.09389176 0.27667087 0.12680897
v -0.15997776 0.27643993 0.07462545
v -0.10860185 0.27639359 0.04108226
v -0.06890275 0.27644610 0.07712100
v -0.07301471 0.27634448 0.02349508
v -0.04286576 0.27626011 0.02641501
v -0.02766800 0.27624375 0.02779525
v -0.01675613 0.27619752 0.03730467
v -0.01739121 0.27622068 0.05245045
v -0.05262943 0.27624378 0.01505542
v -0.04368251 0.27621642 0.02200154
v -0.03589144 0.27621859 0.02542049
v -0.06713355 0.27619320 -0.00039834
v -0.13151392 0.27629173 0.00110485
v -0.08563866 0.27622166 -0.04109862
v -0.07738573 0.27622688 -0.02374951
v -0.07216255 0.27625567 -0.01054968
v -0.19540501 0.27615535 0.00245182
v -0.19704640 0.27637094 0.08282840
v -0.21084359 0.27649280 0.11594543
v -0.25365490 0.27631712 0.09277558
v -0.29494691 0.27635962 0.11891377
v -0.22932483 0.27641928 0.12794477
v -0.29485366 0.27598405 0.05612063
v -0.32406619 0.27585730 0.08189872
v -0.31453681 0.27596933 0.12534758
v -0.30600989 0.27606931 0.12804466
v -0.32214078 0.27556801 0.02372497
v -0.27947390 0.27595350 0.02570556
v -0.30032751 0.27593273 -0.01211018
v -0.25252667 0.27607927 0.00328518
v -0.23107037 0.27600187 -0.03002105
v -0.16004306 0.27605510 -0.04908301
v -0.22663513 0.27568284 -0.08233051
v -0.24077436 0.27579373 -0.06138279
v -0.26293695 0.27602959 -0.03832395
v -0.29655090 0.27548835 -0.07126025
v -0.31229284 0.27572814 -0.03809644
v -0.31599617 0.27531177 -0.06987280
v -0.28863785 0.27550411 -0.10177264
v -0.19581127 0.27569658 -0.09822036
v -0.09379599 0.27588096 -0.07829176
v -0.14771345 0.27551529 -0.13532527
v -0.08412963 0.27580816 -0.10570326
v -0.11767241 0.27555016 -0.13606645
v -0.08062049 0.27546221 -0.13486281
v -0.05995016 0.27555305 -0.11504227
v -0.05846636 0.27547288 -0.13337673
v -0.04712689 0.27545023 -0.12646334
v -0.21211003 0.27526906 -0.13496718
v -0.28165680 0.27534646 -0.12675598
v -0.31714177 0.27508578 -0.13619208
v -0.25937474 0.27542889 -0.13456823
v -0.32226384 0.27547851 -0.03526910
v 0.02110733 0.27621645 0.09019724
v 0.11749945 0.27627939 0.05279683
v 0.13027239 0.27593338 -0.03810231
v 0.20112930 0.27575475 -0.03412069
v 0.18539850 0.27553630 -0.07695872
v 0.23642617 0.27551255 -0.04740813
v 0.19823688 0.27533087 -0.09835401
v 0.27177241 0.27517161 -0.10243469
v 0.27731377 0.27515930 -0.07533467
v 0.31868905 0.27466500 -0.09847419
v 0.31689179 0.27484620 -0.06213128
v 0.26852807 0.27553603 -0.04865900
v 0.31068063 0.27533647 -0.03324163
v 0.24526703 0.27579343 -0.00946610
v 0.32923752 0.27509698 0.00005054
v 0.32718736 0.27530509 0.04216456
v 0.31457707 0.27456036 -0.13549367
v 0.33115613 0.27427182 -0.11454279
v 0.33068877 0.27424818 -0.07740709
v 0.32845774 0.27418146 -0.13640814
v 0.27000862 0.27491206 -0.13437116
v 0.20158565 0.27497414 -0.13483255
v 0.07724509 0.27581087 -0.10873280
v 0.11419483 0.27578217 -0.08195683
v 0.08162702 0.27574003 -0.08300325
v 0.08310841 0.27582976 -0.05313398
v 0.09904023 0.27550796 -0.13377710
v 0.06005432 0.27536172 -0.13320658
v 0.05141667 0.27544770 -0.12242931
v 0.04671521 0.27541822 -0.12679885
v 0.08218619 0.27597585 -0.04572861
v 0.08108868 0.27608550 -0.02338625
v 0.06687430 0.27618161 0.00070510
v 0.05661653 0.27624360 0.01215100
v 0.04833921 0.27621874 0.01864611
v 0.07888303 0.27603963 -0.02560699
v -0.08061443 0.27570525 -0.07827494
v -0.07382085 0.27564105 -0.09458410
v -0.06411624 0.27552658 -0.11029910
v -0.08297508 0.27605057 -0.05189040
v -0.07999160 0.27633458 -0.03651254
v 0.07722569 0.27569780 -0.08774677
v 0.06947014 0.27572083 -0.10118015
v 0.08133927 0.27579033 -0.07215203
v 0.06409710 0.27550408 -0.11043236
v -0.01780658 0.27590522 0.08243933
v -0.32488763 0.27499878 -0.06823953
v -0.32687539 0.27472910 -0.14105940
v 0.01765992 0.27596375 0.06866942
v 0.01790876 0.27594733 0.08890376
v -0.01769859 0.27618796 0.09048168
v -0.32391948 0.27570328 0.11203972
v 0.01478426 0.27602240 0.09008738
v -0.01106595 0.27609983 0.09067701
v -0.01633150 0.27639690 0.03055161
v 0.07995278 0.27593270 -0.07958809
v 0.04015036 0.27510479 -0.13043496
v 0.07714131 0.27637663 -0.02011473
v -0.32825521 0.27503183 -0.03136883
v -0.32616296 0.27527630 0.04108218
v -0.33383000 0.27418596 -0.07801667
v -0.04268003 0.27416462 -0.14063524
v -0.29287758 0.27391201 -0.14565848
v -0.16703743 0.27481163 -0.13996321
v -0.21954627 0.27355960 -0.14681020
v 0.29562837 0.27390981 -0.14267884
v -0.03950669 0.27532625 -0.13056104
v -0.02983098 0.27519056 -0.13475609
v 0.32509139 0.27302778 -0.14670949
v 0.20725875 0.27366108 -0.14369191
v -0.33644614 0.27360564 -0.12512101
v 0.04231345 0.27328613 -0.14504384
v 0.11088728 0.27401230 -0.14238432
v 0.03198924 0.27495140 -0.13426696
v 0.01955367 0.27483660 -0.13846757
v -0.01439225 0.27461684 -0.14129987
v -0.08627447 0.27374765 -0.14698568
v -0.15008822 0.27378726 -0.14650677
v -0.33711994 0.27377087 -0.04449330
v 0.07146344 0.27623051 -0.00740804
v 0.00400067 0.27483246 -0.14066862
v 0.33567584 0.27305380 -0.13638853
v -0.07831663 0.27285856 -0.15038417
v 0.27792767 0.27255619 -0.15061352
v 0.20775844 0.27271760 -0.14908899
v 0.18146828 0.27272943 -0.14820129
v 0.12356783 0.27276388 -0.14829041
v -0.33670530 0.27353805 0.04470555
v -0.33681762 0.27363572 0.09432637
v 0.33604872 0.27334663 -0.06984303
v 0.33735389 0.27334169 -0.03045676
v -0.33737868 0.27286780 -0.13892530
v -0.33605725 0.27346733 0.10746387
v -0.32669976 0.27266663 -0.15083268
v -0.11724991 0.27292347 -0.15068528
v -0.00101534 0.27391660 -0.14514849
v 0.05962656 0.27164546 -0.15137810
v -0.04970756 0.27199659 -0.15099925
v 0.33611777 0.27342731 0.10288658
v -0.26885980 0.27256525 -0.15089245
v 0.33682814 0.27305764 0.03861004
v 0.33712083 0.27334791 0.07457043
v 0.31326476 0.27360603 0.13537773
v -0.20595442 0.27267638 -0.14996871
v 0.28868091 0.27501282 0.13251603
v -0.00586088 0.27229306 -0.15079257
v 0.32985410 0.27342999 0.11678193
v 0.31887618 0.27351755 0.13193682
v -0.31560832 0.27307495 0.13549510
v -0.01740610 0.27373075 0.13588952
v 0.16336831 0.27358773 0.13607588
v 0.20765717 0.27397859 0.13606447
v 0.09537300 0.27378488 0.13582689
v 0.04359284 0.27373061 0.13579868
v -0.32388794 0.27294588 0.12688804
v 0.15033178 0.26910999 -0.15871556
v 0.18187329 0.26934722 -0.15773778
v 0.29189885 0.27364883 0.13639349
v 0.00268161 0.27634579 0.08952978
v -0.01447436 0.27545390 -0.13897480
v 0.07191042 0.26919055 -0.15795973
v 0.32550299 0.27011508 -0.15453061
v 0.34171471 0.27161056 -0.03758460
v 0.22811808 0.27022943 -0.15553156
v 0.28185797 0.26931074 -0.15779619
v -0.21524704 0.26906291 -0.15907097
v -0.13375777 0.26943496 -0.15879978
v -0.02479749 0.26895735 -0.15871589
v -0.04681094 0.26906788 -0.15828119
v -0.08159802 0.26913607 -0.15901835
v -0.26910061 0.27320850 0.13517736
v -0.25909901 0.26890793 -0.15952307
v -0.32664534 0.27030191 -0.15599723
v -0.08075947 0.27341247 0.13519317
v -0.16962062 0.27626613 0.12798440
v 0.34130478 0.27097192 0.03456043
v -0.16937150 0.27408120 0.13313462
v 0.34232622 0.27026531 -0.07833070
v 0.33944225 0.27100310 0.10810510
v 0.34075049 0.27052233 -0.13718614
v 0.34060052 0.27150729 0.08122884
v -0.17720300 0.27275127 0.13564424
v -0.34303614 0.26973909 -0.12955301
v 0.32717285 0.26478386 -0.16338262
v -0.34303021 0.26976040 0.02745509
v -0.34088507 0.27149099 -0.03967013
v 0.30034509 0.26918173 0.14351189
v 0.20320295 0.26930326 0.14350684
v 0.16570580 0.27019531 0.14140578
v 0.09363419 0.27013427 0.14153297
v -0.00978242 0.27134961 0.13988951
v 0.31601521 0.26917088 0.14245416
v -0.31943184 0.26650181 -0.16229567
v -0.30252227 0.26981694 0.14083807
v -0.23588099 0.26930413 0.14121877
v -0.17781354 0.26863727 0.14209370
v -0.07639025 0.26995099 0.14066449
v -0.31714919 0.27150741 0.13759063
v -0.33568934 0.26903048 -0.14974363
v 0.35178936 0.26382244 -0.12143419
v 0.35110226 0.26413634 -0.13777950
v 0.35176390 0.26454857 -0.04026855
v -0.32991377 0.26974779 0.12713017
v 0.20568113 0.26428977 -0.16503160
v -0.00380932 0.26600650 -0.16314024
v 0.08944803 0.26351222 -0.16647318
v 0.14370614 0.26189604 -0.16902520
v 0.28031021 0.26748842 -0.16055921
v 0.35127911 0.26422414 0.05388340
v -0.35287222 0.26248753 -0.13835365
v 0.04157898 0.26656282 0.14644383
v -0.12626140 0.26315778 -0.16781040
v -0.04860570 0.25800297 -0.17428826
v -0.24556603 0.26047829 -0.17130816
v -0.30914649 0.25726515 -0.17520943
v -0.20729932 0.25977889 -0.17220116
v -0.35370240 0.26252574 -0.07739669
v -0.35376418 0.26242578 -0.12680668
v 0.33075210 0.26497653 -0.15957385
v 0.35190040 0.26269829 0.10102192
v 0.35115901 0.26279822 0.10879561
v 0.32498300 0.26808548 0.13693415
v 0.31201890 0.24689338 -0.18866678
v 0.00290728 0.24850975 -0.18711491
v 0.00025696 0.25899968 -0.17290550
v -0.09109990 0.24715814 -0.18895003
v 0.10065936 0.23961683 -0.19845289
v 0.08646336 0.24777347 -0.18774579
v 0.14613983 0.24437457 -0.19259463
v -0.14276385 0.24594489 -0.19085979
v -0.23188609 0.24550666 -0.19147116
v -0.31284162 0.24429008 -0.19253460
v -0.15247627 0.23538895 -0.20444484
v -0.26262358 0.23536009 -0.20439456
v -0.31509554 0.23519547 -0.20430890
v -0.07452583 0.23523088 -0.20436007
v -0.03130049 0.23644651 -0.20290549
v 0.04392371 0.23526853 -0.20420697
v 0.18466285 0.24725908 -0.18873905
v 0.27848864 0.23627640 -0.20304032
v 0.23994817 0.24699801 -0.18900159
v 0.30293253 0.23507218 -0.20439267
v 0.32752210 0.23520783 -0.20353097
v 0.14001469 0.23522691 -0.20437054
v 0.32786393 0.25244954 -0.18004556
v -0.32925761 0.26310551 -0.16546120
v -0.32673472 0.24987200 -0.18405874
v -0.32660830 0.23525763 -0.20385519
v -0.33617637 0.26491848 -0.15624994
v -0.35298955 0.26270536 0.03039969
v -0.35247329 0.26219416 0.10263800
v -0.35360166 0.26216757 -0.02125727
v 0.34371206 0.26431662 -0.14621896
v -0.35082641 0.26255459 0.11032996
v 0.34238774 0.26440099 0.12020348
v -0.01904552 0.26551023 0.14797606
v -0.31778711 0.26537079 0.14635271
v 0.26935762 0.26560763 0.14851926
v -0.34631073 0.26352468 -0.14632432
v 0.09341481 0.26433265 0.14949720
v 0.16781479 0.26310417 0.15097204
v -0.06818225 0.26536524 0.14709640
v -0.12191775 0.26723507 0.14409575
v 0.21069737 0.26598281 0.14795086
v 0.32989776 0.25476822 0.15554747
v 0.31625777 0.25778010 0.15765354
v 0.32111457 0.25099578 0.16573136
v 0.33622828 0.24553481 0.16533980
v 0.30675602 0.25265872 0.16394395
v 0.33091658 0.23761120 0.18019176
v 0.33945212 0.23760624 0.17545153
v -0.32299557 0.26278961 0.14710888
v -0.32444751 0.25408560 0.15903234
v -0.32924339 0.24655803 -0.18702057
v -0.03784707 0.25763866 0.15761472
v 0.04707152 0.25697735 0.15852995
v 0.00126381 0.25721145 0.15842041
v 0.09317737 0.25458863 0.16128856
v 0.22330193 0.25378942 0.16193366
v 0.17731673 0.25465462 0.16094045
v -0.30505362 0.25900236 0.15449296
v -0.32227695 0.24988462 0.16548739
v -0.16072044 0.25722092 0.15621789
v -0.09037178 0.25773266 0.15574902
v -0.21254283 0.25919819 0.15355553
v -0.32875010 0.23946609 0.17820165
v 0.33401293 0.25582528 0.14877243
v -0.31089747 0.24804233 0.16770184
v -0.26554152 0.25046241 0.16409673
v 0.34219533 0.23267153 0.18073829
v -0.35490170 0.26033527 0.08331362
v -0.33677134 0.26527193 0.12611233
v 0.32617766 0.24072784 0.17712374
v 0.35388920 0.26152235 0.07206884
v -0.33024973 0.24639751 0.16571298
v -0.33484396 0.23045392 0.18723074
v -0.33557028 0.24544722 0.16084629
v -0.33146226 0.23222807 0.18646626
v 0.33308670 0.23208632 0.18613990
v -0.30075926 0.23898613 0.17757705
v -0.21799931 0.24969329 0.16433491
v -0.16179012 0.24638672 0.16803117
v -0.25515366 0.23926510 0.17610097
v -0.34142929 0.22662558 0.18608424
v 0.35411549 0.26233798 -0.05012837
v 0.35411623 0.26137003 -0.13515301
v 0.33043206 0.24402502 -0.18937080
v 0.33033079 0.23299266 -0.20480415
v -0.29585382 0.23113501 0.18559101
v -0.25351456 0.22873594 0.18691145
v -0.21097539 0.22817157 0.18697795
v -0.18483089 0.22820334 0.18705395
v -0.17289253 0.23411091 0.18084092
v -0.11397482 0.24215139 0.17214528
v -0.08365487 0.24336216 0.17099872
v -0.34886661 0.23880608 0.15316328
v -0.35298771 0.25317943 0.12339578
v 0.33816290 0.25135964 -0.17021975
v -0.33333203 0.22970071 -0.20463225
v -0.33501744 0.24660674 -0.18073823
v 0.33881277 0.22598252 -0.20470408
v 0.35092863 0.21565066 -0.20430301
v 0.36698776 0.21893716 -0.17943944
v 0.35565338 0.25267822 -0.14787015
v -0.35273251 0.25492626 -0.14989515
v -0.36815622 0.24047339 -0.14933351
v -0.37007651 0.24498542 -0.13879715
v -0.39052778 0.22275133 -0.14326425
v -0.37750563 0.23171209 -0.14900212
v -0.39234644 0.21900505 -0.14726259
v -0.36448959 0.22069380 -0.17836085
v -0.34272736 0.22078957 -0.20483495
v -0.40629447 0.20481825 -0.14913581
v -0.35552365 0.20921363 -0.20482771
v -0.40192202 0.20164102 -0.15892750
v -0.38412514 0.20041263 -0.18182865
v -0.36982164 0.19809228 -0.20256527
v -0.36467505 0.20129365 -0.20443693
v 0.36579958 0.24763626 -0.14185919
v 0.37687382 0.22308904 -0.16142423
v 0.38563627 0.22718479 -0.14435272
v 0.39862654 0.21243827 -0.14795880
v 0.40530092 0.20072810 -0.15579054
v 0.36113948 0.20606007 -0.20441529
v 0.37810060 0.19806603 -0.19382687
v 0.37126741 0.19788319 -0.20295328
v 0.38665786 0.19843370 -0.18197589
v 0.39037102 0.19880457 -0.17657049
v 0.01477026 0.27859956 0.03235727
v 0.41269121 -0.16595174 0.12146614
v 0.41274014 -0.09805734 0.12835312
v 0.41247183 -0.16497414 0.13113001
v 0.41271442 -0.10830376 0.07579191
v 0.41271931 -0.03678661 0.08518060
v 0.41254774 -0.03918401 0.12716436
v 0.41266322 0.04024343 0.10313253
v 0.41278422 0.06469452 0.05751589
v 0.41241270 0.04761820 0.12714645
v 0.41262856 0.12505580 0.11625949
v 0.41270775 0.08875680 0.08431584
v 0.41277778 -0.01212985 0.02476963
v 0.41279295 0.04661490 0.02799655
v 0.41279352 -0.01338137 -0.02154328
v 0.41282591 -0.07689516 -0.07759015
v 0.41287959 -0.04119923 -0.08644262
v 0.41288638 0.01625144 -0.08019376
v 0.41291589 -0.07690507 -0.12493786
v 0.41276807 -0.11860631 -0.05899392
v 0.41274899 -0.06605428 0.00941422
v 0.41272241 -0.13213825 0.02729596
v 0.41268140 -0.15710829 -0.03051271
v 0.41273230 -0.17118293 0.05145410
v 0.41277337 -0.17687163 -0.04207322
v 0.41279480 -0.16843174 -0.13015608
v 0.41302207 -0.03101133 -0.11549106
v 0.41284555 0.03191508 -0.05659100
v 0.41341156 0.09615704 -0.12894446
v 0.41324377 0.06817437 -0.09713446
v 0.41306096 0.05555810 -0.11914707
v 0.41270649 0.14836699 0.07215218
v 0.41247743 0.17960581 0.11856296
v 0.41270226 0.18029100 0.05820154
v 0.41278794 0.18020850 0.01742919
v 0.41275176 0.16896440 0.02551975
v 0.41266736 0.16321218 0.01494120
v 0.41289973 0.15193965 0.02519266
v 0.41285825 0.11448017 0.03456012
v 0.41291112 0.12465405 0.02650394
v 0.41296268 0.11159520 0.02518648
v 0.41290012 0.05938295 0.00664518
v 0.41297305 0.05171797 -0.02416673
v 0.41299435 0.06058298 -0.01369441
v 0.41306654 0.05639918 -0.02498807
v 0.41304138 0.06641687 -0.00382316
v 0.41307834 0.05202040 -0.06109246
v 0.41317141 0.02799512 -0.15171124
v 0.41362005 0.08598704 -0.15108012
v 0.41364977 0.13613585 -0.15098540
v 0.41346398 0.16172776 -0.12572441
v 0.41342640 0.17992865 -0.15121648
v 0.41319698 0.17783979 -0.11050035
v 0.41321322 0.13073184 -0.11688741
v 0.41324663 0.11212485 -0.11590115
v 0.41321295 0.10031203 -0.11194174
v 0.41338024 -0.03436869 -0.15255724
v 0.41324204 -0.07977261 -0.15484193
v 0.41303286 -0.15226145 -0.15466079
v 0.41321474 -0.19475542 -0.15469362
v 0.41311181 -0.19409493 -0.12295742
v 0.41298795 -0.19334123 -0.06055554
v 0.41292214 -0.19325429 0.07844885
v 0.41284078 -0.19422457 0.13063993
v 0.41287231 0.17313619 0.00691643
v 0.41294324 0.17650229 0.00300530
v 0.41232648 0.12137126 0.12746160
v 0.41209722 0.17971231 0.12868202
v 0.41284895 0.07258853 0.00406983
v 0.41269386 0.08248828 0.01265870
v 0.41277808 0.09574779 0.02116646
v 0.41277170 0.15326390 0.02039191
v 0.41285282 0.13960111 0.02526639
v 0.41347983 0.05490749 -0.03547056
v 0.41305983 0.06051230 -0.07537333
v 0.41254473 -0.09667885 0.13132088
v 0.41309735 0.00124532 -0.15465356
v 0.41329554 0.09096885 -0.15431532
v 0.41257033 0.18055958 -0.00494400
v 0.41328919 0.09108592 -0.10674351
v 0.41337618 0.08241453 -0.10165736
v 0.41346514 0.07334169 -0.09408721
v 0.41333783 0.06602157 -0.08449035
v 0.41214794 -0.03494860 0.13159344
v 0.41194028 0.08910956 0.13142173
v 0.41335091 0.05499560 -0.05012588
v 0.41335544 0.05701098 -0.06484725
v 0.41280422 0.18140134 -0.11424607
v 0.41167909 0.17939124 0.13086082
v 0.41293013 0.17972487 -0.15477607
v 0.41107357 0.19081371 0.00782501
v 0.41209221 0.18402997 -0.01342598
v 0.40968913 0.19841899 -0.02352081
v 0.41137159 0.18938886 -0.04105607
v 0.40949231 0.19869301 0.04305933
v 0.40889320 0.20060645 0.11277948
v 0.40855709 0.20049755 0.12313136
v 0.41299805 0.17374329 -0.09488700
v 0.41308641 0.16524756 -0.10340270
v 0.41308898 0.15827793 -0.10809683
v 0.41318107 0.15272568 -0.11134005
v 0.41311210 0.14322515 -0.11483367
v 0.41287571 0.17707555 -0.08995737
v 0.41128305 0.18896446 -0.09802181
v 0.41256794 0.18126824 -0.08109172
v 0.40969446 0.19798063 -0.08209527
v 0.40943235 0.19871095 -0.14689997
v 0.41178444 0.18662953 -0.06576204
v 0.40872407 0.20099327 -0.15034583
v 0.40875190 -0.21374561 -0.14479932
v 0.40986118 -0.20734029 -0.09873372
v 0.40994024 -0.20829868 -0.04382957
v 0.41003612 -0.20607956 0.10578041
v 0.40992489 -0.20774966 0.06530286
v 0.41001797 -0.20788263 0.01974347
v 0.41301161 -0.19330505 0.01957881
v 0.41038844 -0.20477280 0.13101038
v 0.40819240 -0.21453883 0.08334944
v 0.40757635 -0.21477617 0.12391519
v 0.40870452 -0.21709594 0.09221390
v 0.40793580 -0.21710378 0.12442182
v 0.40879858 -0.21656674 0.05029007
v 0.40703520 -0.21676131 0.13072287
v 0.40831515 -0.21441266 -0.03998428
v 0.40808401 -0.21402739 -0.07773417
v 0.40802282 -0.21391599 -0.11872667
v 0.40882614 -0.21630701 -0.04808931
v 0.41102180 -0.20232216 -0.15500808
v 0.40856993 0.20088768 -0.08526124
v 0.40880147 0.20086677 -0.01128199
v 0.40756956 0.20029101 0.12709732
v 0.40783712 -0.21281542 -0.15446314
v 0.40864584 0.20101756 0.06068255
v 0.41217065 -0.09896720 -0.15762039
v 0.41116694 0.09907959 0.13331713
v 0.41129044 0.04509363 0.13337810
v 0.41182441 -0.15637793 -0.15752144
v 0.41189083 -0.18556869 -0.15785137
v 0.41124171 -0.03466983 0.13372326
v 0.40880311 -0.21564195 -0.08329678
v 0.41097790 0.14096287 0.13310353
v 0.41149154 -0.13972843 0.13355342
v 0.41158119 -0.19566882 0.13305460
v 0.40976310 -0.21585619 -0.14820755
v 0.41162881 -0.03474921 -0.15772218
v 0.41140112 0.04409502 -0.15752551
v 0.40881321 -0.21556734 -0.11890206
v 0.41265225 0.09141558 0.01814384
v 0.41150758 -0.19614242 -0.15776683
v 0.41154748 0.15763201 -0.15746574
v 0.40916285 -0.21547699 -0.15859771
v 0.41008469 0.17956150 -0.15917842
v 0.40617853 -0.21129607 -0.15828623
v 0.40530092 0.20072810 -0.15579054
v 0.40865439 -0.20417705 -0.15748261
v 0.39940792 0.17987053 -0.17279381
v 0.40207756 0.08960690 -0.16928478
v 0.40305394 -0.03416797 -0.16842581
v 0.40457883 -0.09287421 -0.16708484
v 0.40053585 -0.14575823 -0.17167558
v 0.38816613 0.08609945 -0.18638480
v 0.38944161 0.02049565 -0.18499769
v 0.38835171 -0.04484066 -0.18616779
v 0.39081275 -0.09354965 -0.18361518
v 0.39253306 -0.16484830 -0.18141763
v 0.39050606 0.18123972 -0.18367514
v 0.39037102 0.19880457 -0.17657049
v 0.38665786 0.19843370 -0.18197589
v 0.37810060 0.19806603 -0.19382687
v 0.37447122 0.18948101 -0.20128416
v 0.37126741 0.19788319 -0.20295328
v 0.40418488 -0.18392156 -0.16708475
v 0.39469799 -0.17761789 -0.17844713
v 0.38693190 -0.16965282 -0.18772580
v 0.37900653 0.18166476 -0.19732668
v 0.37828022 0.14971180 -0.19784814
v 0.37932348 0.04033170 -0.19667925
v 0.37771076 -0.04443081 -0.19851077
v 0.37717316 -0.09023026 -0.19948250
v 0.37775111 -0.14218168 -0.19867387
v 0.37634462 -0.16354610 -0.20005260
v 0.37731072 0.09969884 -0.19907154
v 0.39626604 0.21512078 -0.12385686
v 0.39540195 0.21609594 -0.01409362
v 0.39701620 0.21431024 0.03059596
v 0.39428410 0.21722901 0.07720657
v 0.39289823 0.21852265 0.11424354
v 0.36858952 0.24541590 0.07662642
v 0.36886486 0.24465701 0.10046762
v 0.35388920 0.26152235 0.07206884
v 0.35715804 0.25845918 0.02059579
v 0.35411549 0.26233798 -0.05012837
v 0.35734913 0.25858679 -0.03802393
v 0.37742543 0.23624341 -0.05902761
v 0.37887233 0.23458548 -0.11503471
v 0.36261973 0.25242072 -0.11396347
v 0.37478182 0.23866963 -0.14153409
v 0.35411623 0.26137003 -0.13515301
v 0.38563627 0.22718479 -0.14435272
v 0.39862654 0.21243827 -0.14795880
v 0.39815199 0.21215762 0.12142388
v 0.38942215 0.22181430 0.11939851
v 0.35190040 0.26269829 0.10102192
v 0.37933058 0.23266381 0.11588321
v 0.35110226 0.26413634 -0.13777950
v 0.35115901 0.26279822 0.10879561
v 0.37384015 -0.04183903 -0.20243569
v 0.37237850 0.03893062 -0.20372802
v 0.36579958 0.24763626 -0.14185919
v 0.35178936 0.26382244 -0.12143419
v 0.37257180 0.18381475 -0.20357303
v 0.37251455 0.14756982 -0.20349291
v 0.37271026 0.10757516 -0.20358734
v -0.00930728 -0.30500048 -0.23810443
v -0.02839865 -0.33047214 -0.23800580
v -0.08085950 -0.32988620 -0.23832771
v 0.03615596 -0.33004209 -0.23804152
v 0.04739311 -0.28060156 -0.23809050
v 0.09800292 -0.33258152 -0.23826790
v -0.04347555 -0.26093811 -0.23807757
v -0.23726007 -0.32637736 -0.23836119
v -0.17734450 -0.29527414 -0.23837325
v -0.16066179 -0.32825688 -0.23838669
v -0.28659749 -0.19681691 -0.23799454
v -0.25604185 -0.22209927 -0.23826045
v -0.31219572 -0.22655253 -0.23839284
v -0.21636534 -0.19617450 -0.23788537
v -0.24753800 -0.25031248 -0.23835289
v -0.19354038 -0.23825410 -0.23824528
v -0.25468659 -0.28110343 -0.23843277
v -0.15804878 -0.21148866 -0.23804837
v -0.15716568 -0.19617648 -0.23774661
v -0.09282352 -0.21731958 -0.23799124
v -0.13640633 -0.25575459 -0.23825315
v -0.08441179 -0.19573817 -0.23771608
v -0.03642861 -0.19567659 -0.23746100
v -0.01616515 -0.21619704 -0.23775557
v -0.09184271 -0.24790451 -0.23816702
v -0.00520275 -0.24617821 -0.23796080
v 0.03504089 -0.21272820 -0.23768038
v 0.04011821 -0.19527893 -0.23735031
v 0.08567720 -0.20865652 -0.23792507
v 0.08369099 -0.19452180 -0.23751344
v 0.16420473 -0.19437549 -0.23742902
v 0.15799856 -0.20468098 -0.23781586
v 0.21001017 -0.19600917 -0.23783238
v 0.06837226 -0.25532490 -0.23811720
v 0.08859986 -0.28280565 -0.23830730
v 0.17304361 -0.29537964 -0.23844254
v 0.11248639 -0.33151236 -0.23821889
v 0.17864178 -0.32860103 -0.23838753
v 0.21279953 -0.32553208 -0.23850298
v 0.24729902 -0.28481710 -0.23853113
v 0.26347131 -0.32281351 -0.23846608
v 0.10228020 -0.24926582 -0.23821013
v 0.17839931 -0.25872874 -0.23837669
v 0.15450352 -0.22245146 -0.23811676
v 0.21689647 -0.21751502 -0.23820022
v 0.29244670 -0.19638959 -0.23787659
v 0.24850309 -0.24304669 -0.23843628
v 0.29227507 -0.22935021 -0.23826498
v 0.33070421 -0.19627857 -0.23778921
v 0.30439153 -0.26130581 -0.23830484
v 0.33173487 -0.23146673 -0.23788148
v 0.27885213 -0.27517766 -0.23851328
v 0.30703431 -0.32711357 -0.23832674
v 0.33022347 -0.30014321 -0.23802811
v 0.32916412 -0.32840437 -0.23798718
v -0.31191295 -0.32789928 -0.23846930
v -0.32504177 -0.25700971 -0.23847210
v -0.32610029 -0.32826978 -0.23836336
v -0.32693201 -0.19720989 -0.23829328
v -0.26700222 -0.31027618 -0.23845203
v -0.32578519 -0.35342616 -0.23869354
v -0.23948959 -0.35833380 -0.23893601
v -0.20516376 -0.39307436 -0.23949018
v -0.26750913 -0.39416650 -0.23941647
v -0.13799891 -0.34247369 -0.23864684
v -0.05685936 -0.36075184 -0.23889747
v -0.14064866 -0.36157274 -0.23898834
v -0.00227461 -0.37278643 -0.23907389
v 0.16497365 -0.36960036 -0.23929974
v 0.23623306 -0.36249703 -0.23919427
v 0.29459509 -0.39268729 -0.23949073
v 0.20958805 -0.39283448 -0.23977838
v 0.28789058 -0.35445467 -0.23892891
v 0.32872853 -0.39250576 -0.23883186
v 0.13992704 -0.39264134 -0.23964557
v 0.08164527 -0.39275315 -0.23965079
v 0.03939871 -0.39269662 -0.23943384
v -0.04099689 -0.39293417 -0.23940630
v -0.08035732 -0.39294362 -0.23953013
v -0.15347008 -0.39311484 -0.23941970
v -0.32489821 -0.39275694 -0.23906794
v 0.34039378 -0.19473015 -0.23719418
v 0.33925608 -0.29364696 -0.23717038
v 0.22714554 -0.19365396 -0.23756000
v 0.34203732 -0.32947546 -0.23639725
v -0.07790458 -0.39685711 -0.23901328
v 0.33799389 -0.19372009 -0.23747060
v 0.34085920 -0.23940474 -0.23679310
v -0.19768943 -0.39663169 -0.23904625
v 0.34150320 -0.39449933 -0.23723844
v -0.32602596 -0.39540207 -0.23874910
v -0.34257057 -0.20909320 -0.23612469
v -0.34274238 -0.28114632 -0.23596486
v -0.34303021 -0.32868090 -0.23574051
v -0.34271890 -0.19625546 -0.23596255
v 0.05035713 -0.40138510 -0.23818755
v -0.34282318 -0.37168053 -0.23589316
v -0.34364083 -0.39421394 -0.23589243
v 0.33274302 -0.39972037 -0.23749650
v 0.13196079 -0.40379861 -0.23776241
v 0.17743213 -0.40380859 -0.23780234
v 0.29849511 -0.40321910 -0.23746260
v 0.26912090 -0.39999175 -0.23843984
v 0.26905671 -0.39281824 -0.23968406
v 0.23184006 -0.40304986 -0.23779380
v 0.01651897 -0.40300998 -0.23789142
v -0.08123816 -0.40111271 -0.23818597
v -0.16692033 -0.40141734 -0.23801440
v -0.23912463 -0.40092674 -0.23801570
v -0.30501449 -0.40156630 -0.23761927
v -0.04558807 -0.40279171 -0.23792323
v -0.32967919 -0.19184132 -0.23688401
v -0.27911788 -0.19349958 -0.23710312
v -0.27785075 -0.18436974 -0.23498298
v -0.22780751 -0.18465610 -0.23482813
v 0.08176979 -0.40433228 -0.23742084
v -0.32018727 -0.18478821 -0.23509172
v -0.15656473 -0.19328316 -0.23695710
v 0.04466015 -0.18426915 -0.23432179
v -0.05597148 -0.18427551 -0.23444247
v -0.10952119 -0.18474919 -0.23459601
v 0.09795303 -0.18521324 -0.23475705
v 0.18739538 -0.18608096 -0.23515275
v 0.33913404 -0.40255219 -0.23579182
v -0.32714280 -0.40252703 -0.23668872
v -0.34252569 -0.39981550 -0.23476760
v 0.33450297 -0.40435711 -0.23605682
v 0.30574980 -0.18692264 -0.23531576
v -0.33277383 -0.18536265 -0.23463111
v -0.34027010 -0.18891260 -0.23399514
v -0.34537545 -0.38588646 -0.23493947
v -0.34522566 -0.29580942 -0.23486395
v -0.16981478 -0.18406612 -0.23445834
v 0.33782753 -0.18451461 -0.23348881
v -0.34508926 -0.23720188 -0.23490821
v -0.34536958 -0.19648527 -0.23472227
v -0.33122703 -0.40633944 -0.23425864
v -0.09501085 -0.42007834 -0.22914052
v -0.27942747 -0.41282251 -0.23240855
v -0.15859751 -0.42121622 -0.22865255
v -0.20099285 -0.42269298 -0.22785540
v -0.24455975 -0.42060089 -0.22863311
v -0.29551274 -0.44022298 -0.21970631
v -0.23065042 -0.44013569 -0.21978645
v -0.16849020 -0.44011083 -0.22020769
v -0.08133523 -0.44015753 -0.22016133
v -0.05127180 -0.42299816 -0.22804376
v 0.04076068 -0.42130658 -0.22881229
v 0.04294582 -0.43995634 -0.22017269
v 0.10388165 -0.42260069 -0.22811212
v 0.11603974 -0.44002995 -0.21986733
v 0.18389425 -0.43998203 -0.21985102
v 0.16680318 -0.42130810 -0.22876392
v 0.25922489 -0.42343330 -0.22717859
v 0.25245610 -0.44019306 -0.21928915
v 0.28366795 -0.44186428 -0.21810213
v 0.30638087 -0.42109317 -0.22792977
v 0.15842317 -0.41089341 -0.23407549
v 0.23172404 -0.40941989 -0.23453012
v -0.30315372 -0.41972402 -0.22886540
v -0.32012591 -0.44021216 -0.21880911
v -0.32956749 -0.41723856 -0.22907074
v -0.32627282 -0.43918902 -0.21883032
v 0.30681038 -0.44156295 -0.21769483
v 0.31725845 -0.44020104 -0.21784331
v 0.33346674 -0.41476169 -0.23034325
v 0.34497094 -0.21240550 -0.23469053
v 0.33200371 -0.42959467 -0.22218257
v 0.32997641 -0.44153491 -0.21614079
v 0.34459835 -0.23980153 -0.23471206
v 0.34817654 -0.32827821 -0.23209293
v 0.34407282 -0.32389390 -0.23517941
v 0.34550029 -0.37689978 -0.23474938
v 0.19767234 -0.44204098 -0.21844213
v 0.34617993 -0.19432382 -0.23376162
v -0.33970779 -0.40803728 -0.23052283
v 0.34576780 -0.39593652 -0.23443940
v 0.05615082 -0.44205886 -0.21868362
v -0.08633630 -0.44199121 -0.21886112
v -0.15118568 -0.44202128 -0.21884719
v -0.29512984 -0.44199094 -0.21851093
v -0.24517831 -0.44222456 -0.21831223
v -0.35033035 -0.39877579 -0.23030916
v 0.35551745 -0.39628839 -0.22757654
v 0.33702341 -0.41331828 -0.22959986
v -0.33497465 -0.42400408 -0.22260879
v -0.34617287 -0.44093144 -0.20759325
v -0.35440126 -0.43085623 -0.20884760
v -0.35639802 -0.41670185 -0.21614009
v -0.35951588 -0.39816678 -0.22372359
v 0.35239208 -0.40086660 -0.22797941
v 0.35981801 -0.22129828 -0.22348334
v 0.35981163 -0.29724032 -0.22331662
v -0.35231185 -0.44189939 -0.20363371
v -0.35204321 -0.29771218 -0.22941552
v -0.35102677 -0.36217353 -0.23016150
v 0.36071634 -0.33258104 -0.22209106
v 0.36132473 -0.37214339 -0.22209746
v 0.36166179 -0.39727646 -0.22278398
v 0.36142209 -0.40165508 -0.22120142
v 0.35985854 -0.19603360 -0.22286770
v 0.33574778 -0.44232744 -0.21213400
v -0.35813415 -0.40782863 -0.22007962
v -0.32629216 -0.44404444 -0.21457554
v -0.35917801 -0.24505836 -0.22335906
v -0.35936034 -0.29142275 -0.22332530
v -0.35959893 -0.33538035 -0.22270928
v 0.34270787 -0.42558753 -0.21777023
v 0.35091406 -0.43637350 -0.20625927
v 0.35761189 -0.41640562 -0.21459091
v -0.30962002 -0.44424844 -0.21569271
v 0.35645962 -0.19335100 -0.22520496
v -0.35936180 -0.36787471 -0.22312021
v -0.35956645 -0.20611821 -0.22262731
v -0.35207650 -0.19555944 -0.22879319
v 0.34856892 -0.44342342 -0.20293051
v 0.32824397 -0.45089826 -0.20684287
v 0.31047925 -0.45211485 -0.20682092
v 0.34128103 -0.45099747 -0.19877234
v 0.29929194 -0.46124396 -0.19755866
v 0.13655144 -0.44533244 -0.21517445
v -0.31335226 -0.46077827 -0.19829947
v -0.29551071 -0.46254092 -0.19676116
v -0.26022545 -0.46212503 -0.19715419
v -0.21374491 -0.46230519 -0.19723083
v -0.17938824 -0.46202201 -0.19741513
v -0.14071959 -0.46123564 -0.19833907
v -0.08641525 -0.46132264 -0.19802459
v 0.00112737 -0.44533408 -0.21523768
v 0.08013939 -0.46133655 -0.19816093
v -0.04045103 -0.46100265 -0.19810469
v 0.15708020 -0.46248034 -0.19696973
v 0.22008467 -0.45159584 -0.20835425
v 0.26998499 -0.45999929 -0.19894509
v 0.20350839 -0.46250886 -0.19655885
v -0.32600191 -0.45958754 -0.19827741
v 0.32149330 -0.46005660 -0.19763291
v -0.33364040 -0.45708260 -0.19721778
v -0.34834588 -0.44744489 -0.19959559
v 0.42143548 -0.22676550 -0.06321169
v 0.42134735 -0.27530479 0.02054347
v 0.42142099 -0.31618088 -0.00096149
v 0.42135379 -0.31394637 0.08939101
v 0.42130181 -0.24245994 0.03794905
v 0.42134744 -0.22668065 0.04979065
v 0.42114329 -0.22699566 0.13082837
v 0.42125660 -0.23674659 0.13126385
v 0.42144656 -0.28907713 -0.13571258
v 0.42155382 -0.29306707 -0.10792489
v 0.42166147 -0.39372051 -0.11451039
v 0.42143255 -0.37285927 -0.13570473
v 0.42159390 -0.39539838 -0.13503778
v 0.42148811 -0.31238282 -0.05726578
v 0.42147335 -0.36027482 0.02783089
v 0.42160362 -0.36499107 -0.08664429
v 0.42135623 -0.37997180 0.11353476
v 0.42125046 -0.31733051 0.13154817
v 0.42108011 -0.39306441 0.13108121
v 0.42152086 -0.39372361 0.11059917
v 0.42146996 -0.23743349 -0.13667127
v 0.42133892 -0.22679156 -0.13751653
v 0.42164442 -0.39402673 -0.05035969
v 0.42106521 -0.39631015 -0.08091058
v 0.42129543 -0.39612150 -0.01079044
v 0.42100742 -0.30772930 -0.13809665
v 0.42079052 -0.22384079 0.04466434
v 0.42115924 -0.27027774 0.13182379
v 0.42035937 -0.22427186 0.10884751
v 0.42022222 -0.22410566 0.13160676
v 0.42107114 -0.39582217 0.10910843
v 0.42080259 -0.22394361 -0.06093118
v 0.42071787 -0.22413203 -0.13768068
v 0.42044836 -0.39554122 0.12991518
v 0.41830936 -0.39321694 -0.14789779
v 0.42061004 -0.30523476 0.13386792
v 0.41820875 -0.22434668 -0.14891247
v 0.41886169 -0.26798829 -0.14580682
v 0.41818017 -0.33044040 -0.14786614
v 0.41766974 -0.37238163 -0.14912452
v 0.41752100 -0.37318745 0.14235906
v 0.41735893 -0.39633486 -0.14946695
v 0.41592416 -0.22823438 0.14679405
v 0.41665611 -0.25789210 -0.15236455
v 0.41520464 -0.22300154 -0.15767996
v 0.41314635 -0.26461610 0.15450323
v 0.41329458 -0.31181657 0.15480025
v 0.41316175 -0.22623140 0.15473835
v 0.41329947 -0.34472507 0.15491283
v 0.41315383 -0.38389042 0.15568972
v 0.41748419 -0.39085892 0.14161476
v 0.41683596 -0.22472982 0.14272532
v 0.41432622 -0.27921829 -0.15818946
v 0.41427952 -0.23840550 -0.15909760
v 0.41421744 -0.33695635 -0.15786316
v 0.41262075 -0.39427161 -0.16109887
v 0.41181201 -0.39701793 -0.16172816
v 0.41927838 -0.40029037 -0.03194830
v 0.41669807 -0.40468612 0.06945558
v 0.41125831 -0.41383380 0.12710665
v 0.41700310 -0.40428534 -0.10930589
v 0.41117039 -0.41500500 -0.07020934
v 0.40863842 -0.41968852 -0.10745102
v 0.41141850 -0.41460103 -0.02714724
v 0.41492486 -0.40786767 0.01731140
v 0.40929022 -0.41794237 0.07307987
v 0.40757161 -0.42038116 0.12647392
v 0.40777743 -0.42049637 0.00866815
v 0.41590035 -0.40748218 -0.13530943
v 0.40916881 -0.41990370 -0.13475785
v 0.40319085 -0.42825466 -0.05147855
v 0.40057743 -0.43210608 0.08647028
v 0.39248127 -0.44483116 0.05005488
v 0.39326274 -0.44381967 -0.04495540
v 0.39384827 -0.44362679 -0.08274816
v 0.39317214 -0.44425508 0.10667756
v 0.39387998 -0.44367361 -0.10496670
v 0.40080535 -0.43103963 0.12528904
v 0.39322567 -0.44353211 0.12273064
v 0.40756494 -0.41994703 -0.14045723
v 0.39388421 -0.44404978 -0.13161319
v 0.40622902 -0.41389659 -0.15378898
v 0.41253021 -0.26853096 -0.16114120
v 0.41227570 -0.35418326 -0.16107619
v 0.39150965 -0.44587219 -0.02425384
v 0.41153607 -0.34693116 0.15759096
v 0.41160369 -0.29887637 0.15718083
v 0.41138697 -0.38265890 0.15833849
v 0.41158673 -0.22632104 0.15673473
v 0.38950574 -0.44356915 -0.14462967
v 0.39957026 -0.42569476 -0.15046397
v 0.40565768 -0.22041129 -0.17055389
v 0.40125644 -0.33488637 -0.17552745
v 0.40157020 -0.25827113 -0.17527869
v 0.40138817 -0.29336861 -0.17564215
v 0.39816514 -0.39697155 -0.17904364
v 0.39747024 -0.40851554 -0.16958307
v 0.40253678 -0.21451566 -0.17220157
v 0.39917690 -0.21361828 -0.17808366
v 0.39088258 -0.39218035 -0.18843316
v 0.39175114 -0.33384588 -0.18714601
v 0.39146015 -0.24818929 -0.18751904
v 0.38120762 -0.39781654 -0.19954394
v 0.36166179 -0.39727646 -0.22278398
v 0.38368708 -0.21576813 -0.19675314
v 0.38851151 -0.20727615 -0.19081211
v 0.38868308 -0.20523550 -0.18939532
v 0.38208663 -0.20010850 -0.19738925
v 0.37419572 -0.20081232 -0.20699272
v 0.37774152 -0.36769643 -0.20344986
v 0.37441686 -0.25465250 -0.20700537
v 0.37854862 -0.32963783 -0.20218913
v 0.35981163 -0.29724032 -0.22331662
v 0.36071634 -0.33258104 -0.22209106
v 0.35981801 -0.22129828 -0.22348334
v 0.36132473 -0.37214339 -0.22209746
v 0.35985854 -0.19603360 -0.22286770
v 0.37721887 -0.19773982 -0.20267035
v 0.36798385 -0.19595990 -0.21315734
v 0.39234877 -0.20138945 -0.17341796
v 0.38466367 -0.19456460 -0.17845701
v 0.37851018 -0.18924303 -0.18574806
v 0.37851486 -0.18710195 -0.18537995
v 0.37397578 -0.18484139 -0.19060673
v 0.37175280 -0.18107212 -0.19168916
v 0.39946857 -0.20584300 -0.16513114
v 0.39246866 -0.19990738 -0.17195520
v 0.40617853 -0.21129607 -0.15828623
v 0.40916285 -0.21547699 -0.15859771
v 0.36142209 -0.40165508 -0.22120142
v 0.38960794 -0.40035170 -0.18752964
v 0.35645962 -0.19335100 -0.22520496
v 0.36901158 -0.18110089 -0.19410196
v 0.37096113 -0.40613249 -0.20581143
v 0.35761189 -0.41640562 -0.21459091
v 0.36817673 -0.41834277 -0.19864565
v 0.35091406 -0.43637350 -0.20625927
v 0.34856892 -0.44342342 -0.20293051
v 0.36824310 -0.42948765 -0.18793304
v 0.37113515 -0.44403362 -0.16863886
v 0.38179576 -0.42303458 -0.17525838
v 0.38128343 -0.44342327 -0.15588503
v 0.09988876 -0.35221741 0.24549188
v -0.05059940 -0.35255551 0.24536376
v 0.03331438 -0.36554259 0.24556848
v 0.01754975 -0.38848674 0.24559240
v -0.04814992 -0.42029691 0.24562168
v 0.00295156 -0.42027304 0.24560848
v -0.10706225 -0.35266086 0.24525146
v -0.06773878 -0.38873544 0.24549091
v -0.10194720 -0.39232495 0.24546582
v -0.13574806 -0.34939387 0.24490118
v -0.13565108 -0.37784785 0.24474336
v -0.12850964 -0.42043835 0.24500784
v -0.10217054 -0.41986704 0.24535751
v 0.09586814 -0.38838917 0.24566992
v 0.06308527 -0.42029661 0.24561673
v 0.10365060 -0.41988724 0.24546446
v 0.12209520 -0.40780589 0.24518310
v 0.11715634 -0.36309358 0.24513143
v 0.13633524 -0.34971467 0.24424386
v 0.13771939 -0.36941826 0.24418685
v 0.13797022 -0.39054263 0.24423704
v 0.13810420 -0.42036521 0.24432811
v 0.11804310 -0.42025715 0.24497910
v -0.13857597 -0.42043725 0.24451160
v -0.07894427 -0.34923095 0.24486630
v 0.10019673 -0.34947816 0.24509999
v 0.03072295 -0.34912157 0.24500553
v -0.13812318 -0.38274771 0.24429181
v -0.07642858 -0.42057255 0.24536186
v -0.13752604 -0.34904304 0.24441767
v -0.02258080 -0.34329638 0.24266119
v 0.04647626 -0.34379101 0.24286985
v -0.13705932 -0.34561512 0.24331084
v 0.10226139 -0.34178805 0.24170713
v 0.12320852 -0.34302357 0.24168257
v -0.09818459 -0.34194607 0.24137717
v 0.03959685 -0.33865064 0.23971997
v -0.11659690 -0.33378351 0.23618193
v -0.06749494 -0.33809131 0.23909529
v 0.12196039 -0.33459324 0.23635127
v 0.10676046 -0.33337572 0.23611577
v 0.06769423 -0.33316243 0.23619008
v 0.02823096 -0.33302361 0.23584487
v -0.03549264 -0.33325115 0.23581864
v -0.07512749 -0.33386785 0.23624232
v -0.13785191 -0.33404812 0.23561813
v 0.13473411 -0.33324617 0.23366506
v 0.13597433 -0.34914407 0.24383076
v 0.13860591 -0.33071736 0.23104607
v 0.13290657 -0.33073580 0.23199308
v 0.12166139 -0.33103085 0.23340218
v -0.13530381 -0.33145878 0.23339832
v -0.13893767 -0.33846551 0.23771740
v -0.45788833 0.14944249 -0.06049857
v -0.45778579 0.10791604 -0.05318301
v -0.45792058 0.13192907 0.01529683
v -0.45793083 0.16243002 -0.00664812
v -0.45799610 0.18345620 -0.05865841
v -0.45795736 0.18224767 -0.01802757
v -0.45780241 0.17127442 -0.09530431
v -0.45781925 0.13848601 -0.10822313
v -0.45790657 0.10648187 -0.10753315
v -0.45784268 0.08649935 -0.09832069
v -0.45772812 0.06892193 -0.07941436
v -0.45771927 0.06354884 -0.06681437
v -0.45787728 0.08484185 0.00387267
v -0.45790175 0.07373472 -0.00713377
v -0.45793357 0.10946144 0.01466237
v -0.45778352 0.06540965 -0.02007326
v -0.45769921 0.15774018 0.01267164
v -0.45765254 0.15824434 -0.10655783
v -0.45767939 0.18036698 -0.08235985
v -0.45744208 0.18065664 -0.00863268
v -0.45762306 0.13121390 0.01880645
v -0.45768404 0.09575847 0.01133832
v -0.45715472 0.05852260 -0.04008808
v -0.45749316 0.18677795 -0.06365278
v -0.45740551 0.07402812 -0.08862798
v -0.45710146 0.14669445 -0.11215112
v -0.45741472 0.12889208 -0.11333877
v -0.45719114 0.11407778 -0.11222682
v -0.45733270 0.18674919 -0.02582526
v -0.45707366 0.17573245 -0.00013558
v -0.45731327 0.09757347 -0.10651065
v -0.45699951 0.14610453 0.01870237
v -0.45684046 0.05997649 -0.06319692
v -0.45698228 0.07386544 -0.00240527
v -0.45606604 0.19123606 -0.04542128
v -0.45659801 0.16185051 0.01353572
v -0.45629880 0.06350929 -0.07625920
v -0.45602036 0.05892502 -0.02682475
v -0.45655823 0.08166314 -0.09844392
v -0.45572934 0.12799044 0.02319570
v -0.45537567 0.11281764 0.02165620
v -0.45577943 0.08577352 0.01035120
v -0.45537174 0.07687137 0.00446056
v -0.45552364 0.06029070 -0.01961951
v -0.45602009 0.09369233 0.01428341
v -0.45554790 0.06803261 -0.08598686
v -0.45547211 0.17137115 -0.10123448
v -0.45500594 0.18628202 -0.08096495
v -0.45536590 0.17798893 -0.09372351
v -0.45545813 0.18308425 -0.08562890
v -0.45494574 0.17391632 0.00627911
v -0.45505545 0.18628438 -0.01291995
v -0.45456353 0.12608497 -0.11767494
v -0.45424986 0.13911547 -0.11727718
v -0.45504653 0.15621072 0.01822705
v -0.45488250 0.08516747 -0.10355671
v -0.45538807 0.09483336 -0.10860822
v -0.45482558 0.15444583 -0.11279377
v -0.45443296 0.05501245 -0.04831960
v -0.45467967 0.16491613 -0.10721119
v -0.45480090 0.14283048 0.02245296
v -0.45446321 0.19100174 -0.06495783
v -0.45457229 0.19079411 -0.02704233
v -0.45389926 0.06318752 -0.01121732
v -0.45428306 0.06824159 -0.00390884
v -0.45448312 0.11682327 -0.11629321
v -0.45391491 0.10319879 -0.11322276
v -0.45444876 0.05958433 -0.07190739
v -0.45371902 0.05489152 -0.03538079
v -0.45386001 0.07488146 -0.09588474
v -0.45403075 0.19295785 -0.04030888
v -0.45414686 0.18274011 -0.00513615
v -0.45419112 0.10032456 0.01864155
v -0.45321065 0.05536919 -0.05790245
v -0.45378783 0.16453500 0.01447289
v 0.02383936 0.49994892 -0.09517555
v -0.02719230 0.50006533 -0.01463536
v 0.02322266 0.50006241 -0.01052161
v 0.04411023 0.49991450 -0.07551376
v 0.04403768 0.49997145 -0.03196137
v -0.02271171 0.50005186 -0.01108265
v 0.00179056 0.50002497 -0.00449562
v -0.04964381 0.50001603 -0.05364547
v -0.04479189 0.50003129 -0.03559587
v -0.02362038 0.49990872 -0.09555142
v -0.03751244 0.49983981 -0.08513077
v 0.00105051 0.49982029 -0.10118234
v 0.04933378 0.50003493 -0.05338763
v 0.03611143 0.49985930 -0.08710404
v -0.03955469 0.49996692 -0.02687459
v -0.04628261 0.49966952 -0.07135238
v -0.01927366 0.49944422 -0.09926201
v 0.01977251 0.49945015 -0.09895678
v 0.03338945 0.49915758 -0.01538662
v 0.04822971 0.49941140 -0.06804136
v 0.04287694 0.49951217 -0.02809978
v 0.04823324 0.49937326 -0.03950647
v -0.01473418 0.49926803 -0.00650173
v -0.00029769 0.49866652 -0.10396808
v 0.01469641 0.49770284 -0.10245024
v -0.04795381 0.49919328 -0.06814197
v -0.04816922 0.49919531 -0.04207345
v 0.02043009 0.49804702 -0.00612369
v -0.03365145 0.49776459 -0.01592310
v -0.03920162 0.49834475 -0.08673608
v -0.02946216 0.49628448 -0.09686881
v 0.00116752 0.49827287 -0.00174834
v -0.00933065 0.49720621 -0.00272005
v -0.04442184 0.49733526 -0.02800883
v 0.05245680 0.49768615 -0.05317669
v 0.03725675 0.49831209 -0.08876780
v -0.01411103 0.49796733 -0.10220932
v -0.05135375 0.49173856 -0.02892392
v -0.02349142 0.48819786 0.00211942
v -0.04077570 0.48634902 -0.00691443
v -0.04336154 0.48708552 -0.01087662
v 0.05717700 0.48573753 -0.02534317
v 0.03970169 0.49030504 -0.00887707
v 0.04897782 0.48795563 -0.01703366
v 0.02289664 0.48955774 0.00169600
v 0.05766591 0.48804712 -0.07395446
v -0.02630500 0.47849137 0.01060200
v -0.04483691 0.47852087 -0.00131022
v 0.04628437 0.47857195 -0.00027198
v 0.05863090 0.47850943 -0.01610721
v 0.04283554 0.49055678 -0.09351963
v 0.05177601 0.48578101 -0.08794657
v 0.03480006 0.48597735 -0.10440955
v 0.06551478 0.47879085 -0.07648631
v -0.05202516 0.49175158 -0.07638858
v -0.06503970 0.47852868 -0.07651974
v -0.04333467 0.49180058 -0.09113914
v -0.06043749 0.47865254 -0.08433083
v 0.05021080 0.47852528 -0.10031740
v 0.05719250 0.47846201 -0.09069084
v -0.05155994 0.47821054 -0.09898103
v 0.04217694 -0.15229382 0.18702897
v 0.00617315 -0.15227988 0.18691801
v 0.00943951 -0.15278584 0.18861501
v -0.04299200 -0.15267535 0.18866068
v 0.04354377 -0.15267169 0.18875174
v 0.08168925 -0.15116552 0.18723677
v -0.05408203 -0.15207019 0.18727174
v -0.06481057 -0.15184185 0.19369420
v 0.01158183 -0.15243541 0.20113279
v -0.05317670 -0.15200427 0.20249185
v 0.04594244 -0.15213163 0.20271277
v 0.08094353 -0.15116124 0.20139693
v 0.04006212 -0.15228310 0.20377459
v 0.11192499 -0.15103704 0.18737902
v 0.11419380 -0.15113077 0.20116295
v -0.09270737 -0.15160494 0.20172316
v -0.09833673 -0.15151170 0.19635499
v 0.14680809 -0.15187633 0.18741256
v 0.17058790 -0.15186563 0.20211723
v 0.16675979 -0.15202472 0.18719420
v 0.21720587 -0.15334789 0.18853575
v 0.20588736 -0.15254407 0.20185666
v 0.25313276 -0.15273437 0.20177981
v 0.26452941 -0.15276995 0.19951019
v 0.29247832 -0.15293784 0.20202838
v 0.27626523 -0.15377146 0.18868367
v -0.14274196 -0.15214533 0.20223291
v -0.17611818 -0.15169142 0.18715484
v -0.17039984 -0.15217525 0.20324427
v -0.14604409 -0.15161453 0.18728788
v -0.07974084 -0.15104574 0.18754460
v -0.20332621 -0.15217069 0.18844156
v -0.26299489 -0.15229005 0.18716854
v -0.28351039 -0.15285358 0.20163099
v -0.23122749 -0.15273191 0.20197548
v -0.20569812 -0.15264837 0.20199582
v -0.28887114 -0.15283157 0.18864688
v -0.31240311 -0.15365344 0.20261598
v -0.31279981 -0.15325987 0.18696302
v -0.31882444 -0.15443282 0.18850359
v -0.11121193 -0.15098631 0.18729593
v -0.11809115 -0.15226988 0.20340961
v -0.32100478 -0.15448974 0.20175606
v 0.30356172 -0.15492742 0.18801637
v 0.31619683 -0.15441416 0.20248221
v -0.03379185 -0.15226428 0.20420954
v 0.29660329 -0.15372331 0.18737322
v 0.31200358 -0.15600471 0.18760511
v -0.07034682 -0.15227231 0.20364189
v -0.32862961 -0.15593883 0.18704349
v -0.32657096 -0.15625231 0.18878046
v -0.31733024 -0.15462910 0.20477462
v 0.32137537 -0.15808579 0.18886380
v 0.19864348 -0.15256780 0.18711863
v 0.31391403 -0.15490805 0.20444907
v 0.32225993 -0.15786615 0.18760668
v 0.31837174 -0.15511926 0.20357299
v 0.33118963 -0.16290362 0.18776388
v 0.33783889 -0.16622320 0.18754090
v -0.32823521 -0.15791640 0.19747998
v -0.33145049 -0.15861325 0.18833165
v 0.33009586 -0.16210081 0.19904469
v 0.34461665 -0.16991241 0.19000548
v 0.34779364 -0.17019242 0.18707637
v -0.27761444 -0.15405233 0.20380720
v 0.12315865 -0.15219946 0.20297800
v 0.34487712 -0.17132433 0.19551030
v 0.35042575 -0.17300574 0.18692501
v -0.27429706 -0.16578868 0.22067492
v -0.19099906 -0.16103679 0.21408075
v -0.30559856 -0.15930952 0.21097340
v -0.30398658 -0.16853108 0.22437026
v -0.30100438 -0.17395006 0.23334931
v -0.31830713 -0.16806199 0.22264197
v -0.31880501 -0.16036600 0.21168391
v -0.32001379 -0.17408256 0.23257633
v -0.25706366 -0.17388231 0.23310660
v -0.20422655 -0.17380455 0.23291475
v -0.15868534 -0.16917650 0.22534458
v -0.16694771 -0.17410699 0.23274286
v -0.12532224 -0.16884132 0.22496025
v -0.08987252 -0.17377344 0.23269458
v -0.08099506 -0.16818152 0.22412896
v -0.02039119 -0.17423806 0.23222119
v -0.03699506 -0.16911893 0.22474103
v 0.20971206 -0.15437193 0.20447376
v 0.17223285 -0.16640697 0.22179897
v 0.03056193 -0.17408931 0.23227505
v 0.04076467 -0.16766571 0.22285581
v 0.07909175 -0.17402619 0.23290235
v 0.08969442 -0.16852251 0.22507042
v 0.15076849 -0.17419766 0.23304830
v 0.12173101 -0.16813096 0.22443905
v 0.20910159 -0.17439567 0.23246655
v 0.26500702 -0.16551343 0.21961366
v 0.30402541 -0.16429606 0.21737388
v 0.07323632 -0.15553713 0.20751370
v 0.31464410 -0.17499593 0.23293096
v 0.31974277 -0.17265467 0.22881015
v 0.31973481 -0.16636653 0.21903561
v 0.32182422 -0.17632054 0.23409513
v 0.24117419 -0.17452724 0.23272300
v 0.27478343 -0.17483313 0.23265468
v -0.04117900 -0.16362739 0.21716107
v 0.04218775 -0.16304752 0.21655534
v -0.00056854 -0.15931734 0.21203190
v -0.17032504 -0.16056061 0.21378340
v -0.07871026 -0.15991507 0.21318974
v -0.06116369 -0.15585916 0.20807052
v 0.32132894 -0.17202398 0.22710794
v 0.33117148 -0.16528556 0.20315824
v 0.33171523 -0.17136411 0.21150230
v 0.35427153 -0.17748794 0.19164515
v 0.32626531 -0.17457920 0.22217587
v 0.34635660 -0.17891856 0.20370474
v -0.33778003 -0.16356763 0.18740033
v -0.33629274 -0.16461359 0.19562583
v -0.33561027 -0.17493173 0.20906457
v -0.32352203 -0.17251658 0.22055261
v -0.34483755 -0.17197365 0.19467831
v -0.35535073 -0.19095093 0.20622508
v -0.33445084 -0.18287762 0.21868922
v -0.35485512 -0.18176316 0.19466826
v -0.36321118 -0.19458608 0.20104906
v -0.34022608 -0.16596118 0.18770513
v -0.34664038 -0.17047878 0.18679358
v -0.35246620 -0.17563002 0.18589571
v -0.34431636 -0.18729725 0.21336532
v -0.32074776 -0.17235865 0.22588518
v -0.33034870 -0.18313009 0.22273917
v -0.32347316 -0.17790641 0.22635165
v -0.32154715 -0.17543665 0.23320752
v 0.04779000 -0.16798386 -0.21520595
v 0.04167407 -0.16272537 -0.20487149
v 0.09242699 -0.16257428 -0.20588028
v 0.06380635 -0.16191402 -0.20388663
v 0.00740890 -0.16526616 -0.21023536
v 0.09816039 -0.16665287 -0.21334757
v 0.15842824 -0.16710900 -0.21396951
v 0.20384175 -0.16213287 -0.20479858
v 0.01098115 -0.17238516 -0.22278823
v 0.08078728 -0.17277934 -0.22343211
v 0.15600993 -0.17295761 -0.22370553
v 0.20667544 -0.16601230 -0.21255413
v 0.21488474 -0.17283140 -0.22409132
v 0.25357306 -0.16617213 -0.21300004
v 0.28537986 -0.17275311 -0.22442988
v -0.03156124 -0.17270535 -0.22323693
v -0.07957847 -0.16750100 -0.21443050
v -0.04654002 -0.16572316 -0.21093529
v 0.29465398 -0.16772887 -0.21550259
v 0.31875029 -0.16253917 -0.20591120
v 0.32100362 -0.16661400 -0.21368451
v 0.25911042 -0.16273564 -0.20650847
v 0.33312330 -0.17496616 -0.22765583
v 0.33742675 -0.16817448 -0.21556142
v 0.33787414 -0.16187839 -0.20380574
v -0.09728920 -0.17204252 -0.22213504
v -0.16487205 -0.16710529 -0.21346377
v -0.18062524 -0.17186156 -0.22212654
v -0.22392048 -0.16832419 -0.21633907
v -0.16988799 -0.16262156 -0.20445436
v -0.06167493 -0.16234811 -0.20394544
v -0.00005881 -0.16219024 -0.20389329
v -0.29328841 -0.16886002 -0.21769789
v -0.31286165 -0.16258432 -0.20472343
v -0.24936157 -0.16244780 -0.20478736
v -0.21101700 -0.16264628 -0.20485821
v -0.28205726 -0.17143333 -0.22200225
v -0.32977092 -0.16984734 -0.21973865
v -0.22814560 -0.17181060 -0.22211909
v -0.33197838 -0.16814622 -0.21718341
v 0.22539034 -0.16206580 -0.20480418
v 0.33772478 -0.17468467 -0.22658862
v -0.33247504 -0.16271822 -0.20426248
v 0.25032032 -0.16179204 -0.20405947
v 0.30255279 -0.16187704 -0.20387571
v 0.27764553 -0.17471433 -0.22697121
v 0.15548655 -0.16198231 -0.20397985
v 0.20313823 -0.16184491 -0.20408477
v 0.21577224 -0.17492735 -0.22666737
v 0.16614495 -0.17572033 -0.22689958
v 0.08069428 -0.17599964 -0.22702740
v -0.32018727 -0.18478821 -0.23509172
v 0.00975318 -0.18180928 -0.23231629
v 0.05026448 -0.18189940 -0.23266093
v -0.04314194 -0.18190069 -0.23250736
v -0.10009934 -0.18233675 -0.23251577
v -0.16981478 -0.18406612 -0.23445834
v -0.22780751 -0.18465610 -0.23482813
v -0.27785075 -0.18436974 -0.23498298
v -0.33277383 -0.18536265 -0.23463111
v 0.08404628 -0.18213321 -0.23251243
v -0.33338082 -0.17211092 -0.22121224
v 0.17416807 -0.18431045 -0.23425697
v -0.05597148 -0.18427551 -0.23444247
v -0.10952119 -0.18474919 -0.23459601
v 0.04466015 -0.18426915 -0.23432179
v 0.09795303 -0.18521324 -0.23475705
v 0.20662317 -0.18121262 -0.23143953
v 0.25792181 -0.18109757 -0.23140559
v 0.18739538 -0.18608096 -0.23515275
v 0.28224871 -0.18493463 -0.23425144
v 0.31427655 -0.18125914 -0.23149794
v 0.33782753 -0.18451461 -0.23348881
v 0.30574980 -0.18692264 -0.23531576
v -0.34356728 -0.16652390 -0.20334700
v 0.34410548 -0.16447304 -0.20329763
v -0.34027010 -0.18891260 -0.23399514
v -0.33841872 -0.17340724 -0.21890503
v 0.34964645 -0.16823404 -0.20331839
v -0.35048065 -0.18736814 -0.22276446
v -0.35564333 -0.17627633 -0.20336586
v -0.35153136 -0.17069855 -0.20053658
v 0.34176990 -0.17614864 -0.22388075
v 0.35438764 -0.17023887 -0.20089547
v 0.34447876 -0.18745665 -0.23098926
v -0.09692730 -0.16243979 -0.20401460
v -0.35892484 -0.17502330 -0.19728869
v -0.35207650 -0.19555944 -0.22879319
v 0.34920558 -0.18363151 -0.22370924
v 0.35703972 -0.18409269 -0.21454787
v 0.35645962 -0.19335100 -0.22520496
v 0.34617993 -0.19432382 -0.23376162
v -0.36376843 -0.18861179 -0.20733298
v 0.36200929 -0.17565969 -0.19744435
v -0.36665615 -0.18012516 -0.19317617
v -0.35935894 -0.19730380 -0.22213833
v 0.37721887 -0.19773982 -0.20267035
v 0.36901158 -0.18110089 -0.19410196
v 0.36798385 -0.19595990 -0.21315734
v -0.37259680 -0.18497133 -0.19030708
v -0.04377746 -0.42014739 0.22830240
v 0.00295156 -0.42027304 0.24560848
v -0.04814992 -0.42029691 0.24562168
v -0.07642858 -0.42057255 0.24536186
v 0.13928671 -0.42037213 0.22793804
v 0.13810420 -0.42036521 0.24432811
v 0.11804310 -0.42025715 0.24497910
v 0.06863311 -0.42009926 0.22803372
v 0.06308527 -0.42029661 0.24561673
v -0.10453349 -0.42031777 0.22828826
v -0.13969140 -0.42047200 0.22781393
v -0.12850964 -0.42043835 0.24500784
v -0.13857597 -0.42043725 0.24451160
v 0.12332620 -0.42155334 0.22654918
v -0.06555999 0.35435578 -0.02942884
v -0.06415915 0.45809433 -0.02712318
v -0.06692577 0.41060787 -0.03621978
v -0.06746629 0.46497852 -0.03914524
v -0.06822447 0.34568778 -0.04057764
v -0.06982678 0.41734317 -0.04978922
v -0.07036830 0.36089146 -0.05150551
v -0.07034735 0.34156129 -0.05133420
v -0.06980232 0.46629387 -0.05168345
v -0.06448228 0.34135032 -0.02613299
v -0.06907117 0.34145802 -0.04321306
v -0.06923926 0.47860730 -0.05083257
v -0.06474215 0.47842717 -0.03124637
v -0.06283823 0.47851083 -0.02510292
v -0.06333101 0.43786186 -0.02512594
v -0.07003397 0.38942340 -0.05247943
v -0.05962325 0.45853534 -0.01829071
v -0.05986980 0.47829458 -0.01963202
v -0.05937587 0.39012697 -0.01746802
v -0.05874586 0.42620885 -0.01699418
v -0.05986769 0.34126183 -0.01838109
v -0.05335835 0.37140527 -0.00911137
v -0.05626711 0.34137130 -0.01338875
v -0.05317515 0.45437038 -0.00962657
v -0.04670416 0.47172055 -0.00246390
v -0.04681511 0.40198159 -0.00107721
v -0.04716817 0.36561370 -0.00137301
v -0.04782785 0.34129772 -0.00289911
v -0.04617534 0.45124739 -0.00094736
v -0.04483691 0.47852087 -0.00131022
v -0.04422570 0.46973884 -0.00012587
v -0.04039845 0.34142232 0.00304697
v -0.03301405 0.36186224 0.00838294
v -0.03302626 0.40537399 0.00826156
v -0.03283144 0.45485806 0.00805116
v -0.02838063 0.46431056 0.01062415
v -0.02630500 0.47849137 0.01060200
v -0.02860793 0.36608747 0.01112423
v -0.02975361 0.34145984 0.01042462
v -0.02529205 0.36498022 0.01265132
v -0.02507778 0.46368867 0.01217122
v -0.04336154 0.48708552 -0.01087662
v -0.04077570 0.48634902 -0.00691443
v -0.05135375 0.49173856 -0.02892392
v -0.06871145 0.34144333 -0.06275560
v -0.06647181 0.35991469 -0.07673267
v -0.06653124 0.34168386 -0.07627367
v -0.06637412 0.41580194 -0.07659252
v -0.06829017 0.46287313 -0.06186165
v -0.06712206 0.47523546 -0.06622966
v -0.06582537 0.46186423 -0.07663336
v -0.06503970 0.47852868 -0.07651974
v -0.04816922 0.49919531 -0.04207345
v -0.04442184 0.49733526 -0.02800883
v -0.04964381 0.50001603 -0.05364547
v -0.06477448 0.48362994 -0.05236502
v -0.04795381 0.49919328 -0.06814197
v -0.06234606 0.34488207 -0.08492688
v -0.06274687 0.34126177 -0.08494026
v -0.06164056 0.38875845 -0.08582528
v -0.06094728 0.43163806 -0.08646318
v -0.06101082 0.46586862 -0.08549255
v -0.05386398 0.42738923 -0.09854240
v -0.05438776 0.37974203 -0.09812824
v -0.05445490 0.34149802 -0.09828882
v -0.05277138 0.46614209 -0.09910010
v -0.06043749 0.47865254 -0.08433083
v -0.05155994 0.47821054 -0.09898103
v 0.06713370 0.42301741 -0.07600693
v 0.07081164 0.40558624 -0.05293232
v 0.06866224 0.37724552 -0.06835408
v 0.07121345 0.35872570 -0.05311272
v 0.06806615 0.34357554 -0.07240283
v 0.07107638 0.34183446 -0.05315999
v 0.06645931 0.46716169 -0.07694320
v 0.07029017 0.46546450 -0.05276845
v 0.07064934 0.44044515 -0.05309208
v 0.06701749 0.34578454 -0.07763536
v 0.06942310 0.47854847 -0.05256047
v 0.06551478 0.47879085 -0.07648631
v 0.06664391 0.36430690 -0.07863117
v 0.06629837 0.42441368 -0.07878712
v 0.06543853 0.34179959 -0.08183694
v 0.06809624 0.34542498 -0.03564057
v 0.06754692 0.46659994 -0.03814532
v 0.06843849 0.43077230 -0.04034869
v 0.06845145 0.39092487 -0.03899208
v 0.06822133 0.36204740 -0.03612754
v 0.06657527 0.47847068 -0.03745793
v 0.06864640 0.34131476 -0.03613237
v 0.06622349 0.42437550 -0.02971565
v 0.06594707 0.38374865 -0.02796986
v 0.06620332 0.36173725 -0.02778538
v 0.06473739 0.47353852 -0.02766179
v 0.06629062 0.34139901 -0.02846599
v 0.06280188 0.47854981 -0.02297859
v 0.06306498 0.46832398 -0.02255497
v 0.06436302 0.44586635 -0.02558282
v 0.06370485 0.34137955 -0.02252330
v 0.06077002 0.43516952 -0.01794661
v 0.06154650 0.35954472 -0.01829897
v 0.06017151 0.46446091 -0.01702278
v 0.06868254 0.34171611 -0.07381834
v 0.05869824 0.37907860 -0.01383194
v 0.05992125 0.34127560 -0.01580024
v 0.05863090 0.47850943 -0.01610721
v 0.05217649 0.35548842 -0.00549110
v 0.05017383 0.42858785 -0.00337113
v 0.04701012 0.46344694 0.00017960
v 0.04662844 0.47271252 0.00008498
v 0.04785472 0.34135833 -0.00036589
v 0.04628437 0.47857195 -0.00027198
v 0.04724684 0.39750886 0.00021553
v 0.04738111 0.36462894 0.00029837
v 0.04774240 0.34915122 -0.00031841
v 0.06196192 0.48325449 -0.03410630
v 0.05717700 0.48573753 -0.02534317
v 0.06021538 0.34165806 -0.08991406
v 0.06121404 0.39575014 -0.08793552
v 0.06104489 0.46520844 -0.08659428
v 0.05888346 0.44085824 -0.09097932
v 0.05719250 0.47846201 -0.09069084
v 0.05431577 0.40913996 -0.09874823
v 0.05437080 0.38205191 -0.09881844
v 0.05511618 0.34433830 -0.09822557
v 0.05399300 0.34157029 -0.10015500
v 0.05442886 0.46237621 -0.09716756
v 0.05021080 0.47852528 -0.10031740
v 0.05245680 0.49768615 -0.05317669
v 0.05961813 0.48971128 -0.05333620
v 0.04823324 0.49937326 -0.03950647
v 0.05766591 0.48804712 -0.07395446
v 0.04822971 0.49941140 -0.06804136
v 0.05177601 0.48578101 -0.08794657
v -0.02104423 0.42340317 -0.12027929
v -0.01160873 0.43101051 -0.12177055
v -0.01759936 0.37859890 -0.12114815
v -0.01604521 0.46432498 -0.12046977
v -0.00087128 0.46869627 -0.12293408
v -0.00031115 0.39706609 -0.12356623
v -0.00030332 0.43148175 -0.12335515
v -0.00002083 0.36284095 -0.12346272
v -0.00056348 0.34173635 -0.12358724
v -0.01801338 0.34172368 -0.12122290
v -0.01164478 0.47848797 -0.12038553
v -0.00152076 0.47874734 -0.12204397
v -0.02428967 0.46617043 -0.11848665
v -0.02138644 0.34545442 -0.12033126
v -0.02336137 0.34143543 -0.11979280
v -0.02522442 0.47809982 -0.11716104
v -0.00529004 0.34134248 -0.12467921
v -0.03655239 0.35313672 -0.11380227
v -0.03623429 0.34143460 -0.11427917
v -0.03592059 0.42257392 -0.11353321
v -0.03475867 0.46529821 -0.11331303
v -0.03570255 0.47814995 -0.11146984
v 0.00719832 0.34668744 -0.12277897
v 0.01169591 0.34137514 -0.12254290
v 0.01048933 0.42524400 -0.12203564
v 0.00829181 0.46514520 -0.12177245
v 0.00899374 0.47852162 -0.12068751
v 0.02084145 0.39617547 -0.12058797
v 0.01986209 0.34139025 -0.12102446
v 0.02096099 0.42915764 -0.12032754
v 0.02240830 0.46724623 -0.11909164
v 0.02287726 0.47834706 -0.11787513
v 0.02745069 0.34145105 -0.11819912
v 0.02660770 0.42656729 -0.11802536
v 0.02820776 0.37466422 -0.11748158
v 0.03532590 0.34127170 -0.11475998
v 0.03227526 0.47158861 -0.11435045
v 0.03742259 0.38016111 -0.11300915
v 0.03660949 0.42936549 -0.11306330
v 0.03877500 0.47838500 -0.10962772
v 0.04069740 0.46852940 -0.10924845
v 0.04035385 0.42550579 -0.11065675
v 0.04012005 0.34144929 -0.11145115
v 0.04052684 0.36796680 -0.11088920
v 0.05111860 0.46354273 -0.10094366
v 0.05021080 0.47852528 -0.10031740
v 0.05251351 0.34866485 -0.10101135
v 0.05431577 0.40913996 -0.09874823
v 0.05437080 0.38205191 -0.09881844
v 0.05399300 0.34157029 -0.10015500
v 0.02019734 0.48698243 -0.11135685
v 0.05511618 0.34433830 -0.09822557
v 0.05442886 0.46237621 -0.09716756
v -0.00029769 0.49866652 -0.10396808
v 0.01469641 0.49770284 -0.10245024
v 0.03480006 0.48597735 -0.10440955
v 0.01977251 0.49945015 -0.09895678
v -0.01411103 0.49796733 -0.10220932
v -0.02339859 0.48578882 -0.11103422
v -0.04124062 0.46399918 -0.10872920
v -0.04041637 0.42872891 -0.11014806
v -0.04063679 0.35967675 -0.11062371
v -0.05155994 0.47821054 -0.09898103
v -0.04482864 0.34142056 -0.10701523
v -0.05277138 0.46614209 -0.09910010
v -0.05386398 0.42738923 -0.09854240
v -0.05182617 0.36018100 -0.10089219
v -0.01927366 0.49944422 -0.09926201
v -0.05445490 0.34149802 -0.09828882
v -0.05438776 0.37974203 -0.09812824
v -0.02946216 0.49628448 -0.09686881
v 0.04283554 0.49055678 -0.09351963
v -0.04333467 0.49180058 -0.09113914
v -0.01734956 0.33179799 0.06346907
v -0.01721862 0.31428796 0.03271573
v -0.01759557 0.31551832 0.09038764
v -0.01755673 0.32992548 0.08673991
v -0.01707893 0.33188495 0.03213778
v -0.01773997 0.29108673 0.07546886
v -0.01703029 0.28341633 0.04257164
v -0.01739121 0.27622068 0.05245045
v -0.01780658 0.27590522 0.08243933
v -0.01769859 0.27618796 0.09048168
v -0.01675613 0.27619752 0.03730467
v -0.01620045 0.28203505 0.03557727
v -0.01689988 0.33506912 0.07560395
v -0.01652362 0.33601066 0.03185191
v -0.01765081 0.31222633 0.03077300
v -0.01744297 0.33502898 0.03052296
v -0.01514259 0.27895230 0.03238050
v -0.01633150 0.27639690 0.03055161
v -0.01603876 0.28291997 0.03098772
v -0.01549420 0.33774617 0.06925572
v -0.01483880 0.33932957 0.03187359
v -0.01618820 0.33023542 0.08928771
v -0.01434122 0.33773994 0.07774861
v 0.02603888 0.44671032 0.01275806
v 0.01734118 0.42082649 0.01483909
v 0.02592513 0.37656376 0.01310132
v 0.01212965 0.35008726 0.01596191
v 0.02541682 0.34172583 0.01309865
v 0.00484567 0.34105361 0.01773334
v 0.01210150 0.46517754 0.01537371
v 0.00198150 0.42533237 0.01736703
v 0.00230547 0.34404457 0.01766147
v 0.00129523 0.46365157 0.01734745
v 0.02616407 0.46988127 0.01214515
v 0.00207371 0.47885427 0.01626732
v 0.01518766 0.47844875 0.01377952
v 0.02605978 0.47857726 0.01150226
v -0.00089509 0.34174716 0.01750921
v 0.03270733 0.35643494 0.00925578
v 0.02610481 0.34148231 0.01304264
v 0.03480646 0.40785605 0.00795293
v 0.03427924 0.34142667 0.00839773
v 0.04701012 0.46344694 0.00017960
v 0.04662844 0.47271252 0.00008498
v 0.04628437 0.47857195 -0.00027198
v 0.04738111 0.36462894 0.00029837
v 0.04724684 0.39750886 0.00021553
v 0.04774240 0.34915122 -0.00031841
v 0.04785472 0.34135833 -0.00036589
v -0.00767303 0.47838891 0.01495357
v -0.01364582 0.39369893 0.01522162
v -0.00555331 0.46304253 0.01628982
v -0.00842639 0.34131396 0.01635001
v -0.01558365 0.46181393 0.01434394
v -0.01585956 0.35787547 0.01482324
v -0.02507778 0.46368867 0.01217122
v -0.02529205 0.36498022 0.01265132
v -0.01985466 0.34153306 0.01364063
v -0.02630500 0.47849137 0.01060200
v -0.02975361 0.34145984 0.01042462
v 0.00116752 0.49827287 -0.00174834
v 0.02289664 0.48955774 0.00169600
v 0.03970169 0.49030504 -0.00887707
v 0.02043009 0.49804702 -0.00612369
v -0.00933065 0.49720621 -0.00272005
v -0.02349142 0.48819786 0.00211942
v -0.07911029 0.33545977 -0.02550229
v -0.08372795 0.30844873 -0.05205370
v -0.08123510 0.28667262 -0.03993455
v -0.08399431 0.33816525 -0.05213613
v -0.07820597 0.29185057 -0.02423618
v -0.08297508 0.27605057 -0.05189040
v -0.07999160 0.27633458 -0.03651254
v -0.07738573 0.27622688 -0.02374951
v -0.07888633 0.33857146 -0.02540854
v -0.07216255 0.27625567 -0.01054968
v -0.07156725 0.30193371 -0.00814640
v -0.07109001 0.33840182 -0.00711094
v -0.06713355 0.27619320 -0.00039834
v -0.06604733 0.33840981 0.00210146
v -0.06420860 0.27640057 0.00475417
v -0.06311002 0.29565698 0.00615033
v -0.08054089 0.27925384 -0.07673936
v -0.08061443 0.27570525 -0.07827494
v -0.07980296 0.31747192 -0.08023422
v -0.08188337 0.33825034 -0.06566178
v -0.07919373 0.33783376 -0.08150995
v -0.08001678 0.27795404 -0.07924850
v -0.08022940 0.34011739 -0.03649256
v -0.08316983 0.34014052 -0.05231638
v -0.07882685 0.33996934 -0.07974438
v -0.07035202 0.33984160 -0.00699839
v -0.07774982 0.34009054 -0.02460205
v -0.07332550 0.30066091 -0.09585886
v -0.07382085 0.27564105 -0.09458410
v -0.07215271 0.33807912 -0.09684178
v -0.06466376 0.33843097 -0.10963098
v -0.06401020 0.28645971 -0.11100932
v -0.06411624 0.27552658 -0.11029910
v -0.07136568 0.33994523 -0.09628535
v -0.06254075 0.28977352 -0.11295009
v -0.05995016 0.27555305 -0.11504227
v 0.02781983 0.33445185 -0.13568397
v 0.03468561 0.29768732 -0.13258472
v 0.02581272 0.28679118 -0.13650364
v 0.04034987 0.33878732 -0.12972270
v 0.04516662 0.33373228 -0.12718521
v 0.04458011 0.30162445 -0.12750284
v 0.04015036 0.27510479 -0.13043496
v 0.03198924 0.27495140 -0.13426696
v 0.04671521 0.27541822 -0.12679885
v 0.02410886 0.31831986 -0.13712133
v 0.03131001 0.33885095 -0.13372083
v 0.01955367 0.27483660 -0.13846757
v 0.04920705 0.33351415 -0.12446433
v 0.04809975 0.29861870 -0.12516463
v 0.04925000 0.33954465 -0.12376100
v 0.02053886 0.33540985 -0.13765763
v 0.02063872 0.30281472 -0.13792008
v 0.02109798 0.27795327 -0.13793075
v 0.02115481 0.33898664 -0.13687854
v 0.00400067 0.27483246 -0.14066862
v 0.00336770 0.27825555 -0.14002091
v 0.00031799 0.33509907 -0.13993418
v -0.00003919 0.30542314 -0.14027977
v -0.00009049 0.33896869 -0.13923311
v 0.00006281 0.27781853 -0.14008692
v -0.01832101 0.27782577 -0.13826694
v -0.02136648 0.33537316 -0.13745140
v -0.02063452 0.33898500 -0.13694488
v -0.01447436 0.27545390 -0.13897480
v -0.02696620 0.30766660 -0.13577956
v -0.02983098 0.27519056 -0.13475609
v -0.02662660 0.33789819 -0.13555269
v -0.03523841 0.33761024 -0.13215970
v -0.03444340 0.30540270 -0.13265873
v -0.03950669 0.27532625 -0.13056104
v -0.04341606 0.30210775 -0.12817056
v -0.04712689 0.27545023 -0.12646334
v -0.04885613 0.33724019 -0.12447520
v -0.04912560 0.31982580 -0.12464366
v -0.03744091 0.33978686 -0.13005480
v -0.05052305 0.28860793 -0.12374441
v -0.04899661 0.33971557 -0.12289928
v -0.05528564 0.33836547 -0.11869022
v -0.06254075 0.28977352 -0.11295009
v -0.05995016 0.27555305 -0.11504227
v -0.06466376 0.33843097 -0.10963098
v 0.06024920 0.33787605 -0.11398251
v 0.05640607 0.30834383 -0.11771350
v 0.06515332 0.31296673 -0.10933793
v 0.06397226 0.28816339 -0.11112195
v 0.05141667 0.27544770 -0.12242931
v 0.06409710 0.27550408 -0.11043236
v 0.06644852 0.33853287 -0.10734189
v 0.06285886 0.34025607 -0.11008435
v 0.06726270 0.30882803 0.00072025
v 0.05789474 0.33452779 0.01114832
v 0.05507260 0.29509586 0.01407329
v 0.06779486 0.29024726 0.00026672
v 0.06813656 0.33906299 -0.00053394
v 0.07038446 0.32420617 -0.00315240
v 0.05661653 0.27624360 0.01215100
v 0.06687430 0.27618161 0.00070510
v 0.05427333 0.33254135 0.01441997
v 0.05775940 0.34018984 0.01031048
v 0.07270995 0.33930898 -0.00755660
v 0.05233141 0.33973220 0.01513573
v 0.04833921 0.27621874 0.01864611
v 0.04498163 0.33412722 0.02062554
v 0.04811524 0.30324221 0.01857982
v 0.03765231 0.29183486 0.02510070
v 0.04071949 0.33802518 0.02296453
v 0.03665277 0.27628922 0.02554335
v 0.03541087 0.33787143 0.02568281
v 0.03339434 0.32263172 0.02663818
v 0.03508085 0.34017229 0.02527847
v 0.07146344 0.27623051 -0.00740804
v 0.07322618 0.29110840 -0.01006290
v 0.07669380 0.33771810 -0.01585904
v 0.07714131 0.27637663 -0.02011473
v 0.07914943 0.29711893 -0.02342819
v 0.08042271 0.33778074 -0.02504041
v 0.07888303 0.27603963 -0.02560699
v 0.07884908 0.34021714 -0.02408071
v 0.08227275 0.31865257 -0.03906082
v 0.08218619 0.27597585 -0.04572861
v 0.08470713 0.33793363 -0.05302379
v 0.08408688 0.31142417 -0.05327580
v 0.08310841 0.27582976 -0.05313398
v 0.08379608 0.34006786 -0.05302541
v 0.08072883 0.34034711 -0.03457525
v 0.08193725 0.29054925 -0.06736402
v 0.08230959 0.32332322 -0.06921377
v 0.08133927 0.27579033 -0.07215203
v 0.08173908 0.33829752 -0.07235681
v 0.07916147 0.28941739 -0.08330023
v 0.07984976 0.33252269 -0.08354916
v 0.07995278 0.27593270 -0.07958809
v 0.07976773 0.33874750 -0.08286332
v 0.07998233 0.34009984 -0.07843416
v 0.07722569 0.27569780 -0.08774677
v 0.07474411 0.28176269 -0.09274085
v 0.07257661 0.30320579 -0.09720386
v 0.07136140 0.33829707 -0.09952296
v 0.06947014 0.27572083 -0.10118015
v 0.06409710 0.27550408 -0.11043236
v 0.06397226 0.28816339 -0.11112195
v 0.06515332 0.31296673 -0.10933793
v 0.06644852 0.33853287 -0.10734189
v 0.07116201 0.33990622 -0.09852339
v 0.02070902 0.33536699 0.02997125
v 0.02070451 0.30847323 0.03006732
v 0.01616210 0.27634785 0.03080229
v 0.01626068 0.29784742 0.03165533
v 0.01553609 0.28846732 0.03167461
v 0.01672833 0.30900109 0.04007424
v 0.01684511 0.31731924 0.03094376
v 0.01658518 0.33388007 0.03359403
v 0.01698759 0.32228908 0.05325967
v 0.01661281 0.29081863 0.04491775
v 0.01695378 0.33510059 0.05202039
v 0.01745777 0.33112693 0.08499736
v 0.01576611 0.28254685 0.03735183
v 0.01771604 0.30503315 0.07524829
v 0.01727205 0.32671803 0.09006194
v 0.01770487 0.28247833 0.08968109
v 0.01765992 0.27596375 0.06866942
v 0.01477026 0.27859956 0.03235727
v 0.01790876 0.27594733 0.08890376
v 0.01731471 0.27621910 0.05536696
v 0.01588500 0.33066586 0.08972905
v 0.01671480 0.33516124 0.07684503
v 0.01622139 0.27625686 0.03880995
v 0.01503764 0.33851907 0.03297106
v 0.01579224 0.33500051 0.03075862
v 0.01405017 0.34032121 0.02967257
v 0.20940334 -0.20798108 0.23272258
v 0.20893361 -0.23575419 0.22967380
v 0.20961742 -0.24193248 0.23301832
v 0.20887825 -0.19106355 0.23012559
v 0.20963110 -0.31083468 0.23275237
v 0.20889582 -0.31198901 0.22905245
v 0.20917210 -0.18775982 0.23307310
v 0.20676689 -0.19868955 0.22792959
v 0.20662893 -0.23330416 0.22730987
v 0.20679554 -0.29803401 0.22747791
v -0.03579634 0.33576235 0.02533468
v -0.02766800 0.27624375 0.02779525
v -0.02498899 0.33788985 0.02867102
v -0.04086713 0.29404819 0.02349250
v -0.01603876 0.28291997 0.03098772
v -0.01765081 0.31222633 0.03077300
v -0.03589144 0.27621859 0.02542049
v -0.01744297 0.33502898 0.03052296
v -0.04159090 0.33929238 0.02318489
v -0.01633150 0.27639690 0.03055161
v -0.04368251 0.27621642 0.02200154
v -0.04499143 0.29045999 0.02083505
v -0.01611556 0.34092817 0.02929567
v -0.04824457 0.33224568 0.01854751
v -0.05262943 0.27624378 0.01505542
v -0.05771439 0.33891717 0.01064173
v -0.06311002 0.29565698 0.00615033
v -0.06420860 0.27640057 0.00475417
v -0.06604733 0.33840981 0.00210146
v -0.02858903 0.34090325 0.02623994
v -0.04315819 0.34085032 0.02084876
v -0.01483880 0.33932957 0.03187359
v -0.05733860 0.34036461 0.00958845
v -0.44702980 0.11083467 -0.11605822
v -0.42042378 0.10721540 -0.11510558
v -0.45180494 0.10026608 -0.11252197
v -0.42093891 0.09669384 -0.11117948
v -0.43184963 0.09486479 -0.11037282
v -0.45391491 0.10319879 -0.11322276
v -0.44706440 0.11711555 -0.11737345
v -0.42100015 0.11351416 -0.11641172
v -0.45448312 0.11682327 -0.11629321
v -0.41401455 0.11131740 -0.11525008
v -0.43500730 0.12770496 -0.11831737
v -0.41950250 0.12776996 -0.11790233
v -0.44816580 0.12861566 -0.11859796
v -0.45456353 0.12608497 -0.11767494
v -0.41383386 0.12792951 -0.11712727
v -0.41400570 0.09940411 -0.11071157
v -0.45215109 0.08852724 -0.10650283
v -0.44663987 0.13961250 -0.11786881
v -0.42099956 0.14143772 -0.11700864
v -0.45424986 0.13911547 -0.11727718
v -0.41390702 0.14539781 -0.11536776
v -0.45189592 0.14878106 -0.11572161
v -0.43700868 0.14746374 -0.11607684
v -0.41863081 0.14950947 -0.11484955
v -0.43409359 0.15538953 -0.11335053
v -0.45222640 0.15724498 -0.11245499
v -0.41403964 0.09177170 -0.10668264
v -0.42117023 0.08880232 -0.10645312
v -0.43562302 0.08169530 -0.10212624
v -0.45538807 0.09483336 -0.10860822
v -0.45240724 0.08076156 -0.10108496
v -0.45488250 0.08516747 -0.10355671
v -0.42177498 0.08047315 -0.10029694
v -0.41385052 0.08408869 -0.10098978
v -0.41394940 0.07646835 -0.09526975
v -0.45386001 0.07488146 -0.09588474
v -0.42336529 0.07297795 -0.09354268
v -0.45482558 0.15444583 -0.11279377
v -0.41449478 0.15654233 -0.11086965
v -0.43063739 0.16095555 -0.11040426
v -0.45221862 0.16301759 -0.10934711
v -0.41360909 0.15834290 -0.11073183
v -0.41748598 0.16621186 -0.10527245
v -0.41334060 0.16390239 -0.10616489
v -0.45467967 0.16491613 -0.10721119
v -0.43186891 0.16973631 -0.10416194
v -0.45210519 0.16840819 -0.10553904
v -0.45547211 0.17137115 -0.10123448
v 0.44812843 0.09933741 0.02303922
v 0.42589375 0.10740058 0.02463623
v 0.41460350 0.09700298 0.02100392
v 0.44800541 0.10845545 0.02561618
v 0.41478688 0.11401315 0.02528859
v 0.42640999 0.11661568 0.02623590
v 0.44397554 0.11782630 0.02703919
v 0.45265183 0.10217100 0.02360317
v 0.45167348 0.11652796 0.02669809
v 0.42567858 0.12624189 0.02663841
v 0.44875303 0.12841402 0.02735841
v 0.41525978 0.13324890 0.02568454
v 0.45366544 0.12382206 0.02636555
v 0.45186505 0.13160339 0.02671860
v 0.44789219 0.13875426 0.02582192
v 0.41638106 0.14267267 0.02419439
v 0.41285282 0.13960111 0.02526639
v 0.41291112 0.12465405 0.02650394
v 0.41296268 0.11159520 0.02518648
v 0.45245725 0.14096843 0.02477172
v 0.41277808 0.09574779 0.02116646
v 0.42509794 0.08856185 0.01758664
v 0.44872081 0.09006959 0.01890874
v 0.45342508 0.09007644 0.01820137
v 0.41265225 0.09141558 0.01814384
v 0.44854212 0.14757563 0.02326167
v 0.44797313 0.08155884 0.01364917
v 0.45337826 0.08357298 0.01428343
v 0.41269386 0.08248828 0.01265870
v 0.42414930 0.07886193 0.01105505
v 0.45371377 0.07857535 0.01049371
v 0.43470094 0.07405156 0.00730318
v 0.45199779 0.07238444 0.00553344
v 0.41284895 0.07258853 0.00406983
v 0.44813135 0.06897105 0.00233318
v 0.42549282 0.06595500 -0.00241677
v 0.45236880 0.06511177 -0.00315824
v 0.43990767 0.06161707 -0.00748913
v 0.41304138 0.06641687 -0.00382316
v 0.45426396 0.07395379 0.00557974
v 0.45437089 0.06770105 -0.00170209
v 0.45439479 0.10207578 0.02217925
v 0.44742537 0.05852406 -0.01244419
v 0.42196155 0.06020880 -0.01210055
v 0.41299435 0.06058298 -0.01369441
v 0.45338798 0.06016267 -0.01208351
v 0.45626742 0.11507195 0.02247109
v 0.44146723 0.05556503 -0.01975822
v 0.45108032 0.05547410 -0.02071708
v 0.42172033 0.05710929 -0.01933099
v 0.41306654 0.05639918 -0.02498807
v 0.41277170 0.15326390 0.02039191
v 0.45214114 0.15575589 0.01971175
v 0.42846024 0.15675288 0.01930223
v 0.44800034 0.15710329 0.01933404
v 0.45457599 0.14380133 0.02280885
v 0.41266736 0.16321218 0.01494120
v 0.45182607 0.16674368 0.01328867
v 0.42506486 0.16638638 0.01308920
v 0.00796576 -0.33055952 0.22975767
v -0.02761239 -0.33101308 0.23344985
v 0.03719335 -0.33086208 0.23353723
v -0.04345461 -0.33058479 0.22959752
v 0.07055631 -0.33050659 0.22935055
v 0.08462201 -0.33104610 0.23382555
v 0.10340184 -0.33022383 0.22668155
v 0.12166139 -0.33103085 0.23340218
v 0.13290657 -0.33073580 0.23199308
v 0.06684159 -0.33046561 0.22654635
v -0.00301720 -0.33054665 0.22640575
v 0.13421863 -0.33058587 0.22633104
v 0.13860591 -0.33071736 0.23104607
v 0.14035581 -0.33043641 0.22638060
v -0.07671227 -0.33149815 0.23371683
v -0.07106938 -0.33084103 0.22938728
v -0.05467336 -0.33065632 0.22620033
v -0.11307107 -0.33082634 0.22658016
v -0.13623276 -0.33102593 0.22931416
v -0.13530381 -0.33145878 0.23339832
v -0.14074032 -0.33109576 0.22603191
v -0.13961545 -0.33077222 0.23159042
v -0.14066546 -0.33203042 0.22867046
v -0.12672722 -0.33050820 0.22563827
v -0.07903609 -0.33045283 0.22595625
v -0.14357004 -0.33293155 0.22572082
v 0.06769423 -0.33316243 0.23619008
v 0.02823096 -0.33302361 0.23584487
v -0.03549264 -0.33325115 0.23581864
v -0.07512749 -0.33386785 0.23624232
v -0.11659690 -0.33378351 0.23618193
v 0.10676046 -0.33337572 0.23611577
v -0.13785191 -0.33404812 0.23561813
v 0.32285327 0.05449697 0.18767574
v 0.31511804 0.05187260 0.19735378
v 0.30885345 0.04048019 0.19652013
v 0.31145450 0.03641511 0.18743429
v 0.29555085 0.02740726 0.20258704
v 0.30171391 0.03577186 0.20215231
v 0.31180626 0.05789669 0.20616320
v 0.32307252 0.07548889 0.20329426
v 0.33242026 0.07514428 0.18826413
v 0.32565692 0.08672645 0.20906648
v 0.34007287 0.08975635 0.18922023
v 0.33502316 0.09102164 0.19845733
v 0.32050431 0.08012123 0.21037290
v 0.31550625 0.09019798 0.22496074
v 0.30900308 0.08290755 0.22649223
v 0.29880738 0.06683938 0.22748855
v 0.29704815 0.05590849 0.22161227
v 0.29615343 0.04162135 0.21235231
v 0.32657027 0.09176739 0.21307354
v 0.28896579 0.05417056 0.22829594
v 0.33933845 0.09651504 0.19817871
v 0.34490556 0.09567926 0.18895474
v 0.33217973 0.09633844 0.20995522
v 0.32692999 0.09743918 0.21980265
v 0.32339925 0.09774338 0.22398183
v 0.28540623 0.03394379 0.21563575
v 0.30307639 0.02636782 0.18743946
v 0.28556368 0.01810339 0.20363316
v 0.27587122 0.04124135 0.22883832
v 0.29472587 0.01741947 0.18759973
v 0.27844554 0.02979708 0.21727647
v 0.28124395 0.01384866 0.20288646
v 0.28231248 0.00536242 0.18723835
v 0.26580870 0.03435839 0.22957611
v 0.31708884 0.09567958 0.22599654
v 0.26444021 0.02727786 0.22392288
v 0.26796558 0.02177711 0.21672389
v 0.25037545 0.02671664 0.23169403
v 0.27333134 0.00448926 0.19675526
v 0.27350637 -0.00101083 0.18718126
v 0.27643961 0.01032153 0.20247111
v 0.26277220 0.00443053 0.20408848
v 0.24385475 0.01454213 0.22195654
v 0.24568534 0.00044157 0.20832075
v 0.25824165 -0.00217235 0.19820823
v 0.24585542 -0.00374862 0.20393106
v 0.34722289 0.09509343 0.18781401
v 0.26662081 -0.00466468 0.18724428
v 0.24334608 0.01845583 0.22616266
v 0.23592018 0.02167181 0.23268527
v 0.24444133 0.02571494 0.23260507
v 0.29499206 0.06348868 0.22814147
v 0.22660863 0.01259950 0.22478335
v 0.22324368 0.01781178 0.23189300
v 0.24412923 -0.01066595 0.19350918
v 0.20767450 -0.00195067 0.21385735
v 0.20949826 0.01546185 0.23211823
v 0.21794647 0.01835750 0.23265274
v 0.20828815 -0.00845177 0.20642148
v 0.26879460 0.03843715 0.22953153
v 0.26020926 0.03433999 0.23047325
v 0.25158581 0.03036302 0.23170313
v 0.25610536 -0.00862004 0.18735422
v 0.24558091 -0.01365067 0.18732595
v 0.20815045 -0.01560972 0.19644009
v 0.22980431 -0.01766699 0.18732798
v 0.20763406 -0.02098481 0.18714346
v 0.36131600 0.05300535 0.18728931
v 0.35792053 0.01977777 0.18738006
v 0.36239243 -0.04555573 0.18689077
v 0.35722655 -0.05617817 0.18735616
v 0.36752033 0.02991197 0.18619697
v 0.36413911 -0.07503866 0.18633051
v 0.36624789 -0.02600493 0.18618375
v 0.35860899 -0.16382471 0.18723400
v 0.36544040 -0.16235103 0.18623038
v 0.36170045 0.09600140 0.18699613
v 0.36527294 0.08295728 0.18634978
v 0.36476910 0.13034052 0.18659960
v 0.36204594 0.14878833 0.18729280
v 0.37055531 -0.16434941 0.18505006
v 0.37079626 -0.06186214 0.18471503
v 0.36192963 0.18971594 0.18737867
v 0.36724496 0.18412814 0.18654516
v 0.36547014 0.19981518 0.18557954
v 0.35985872 0.20259635 0.18670848
v 0.35081464 0.21283905 0.18719442
v 0.37417343 -0.06478314 0.18364726
v 0.37396953 -0.14206026 0.18403594
v 0.37511158 -0.16368163 0.18393582
v 0.36972207 0.08415069 0.18492319
v 0.37428707 -0.01193915 0.18343432
v 0.37130019 0.13261528 0.18439279
v 0.37756133 0.18141522 0.18268102
v 0.37497890 0.03844867 0.18329833
v 0.37691697 0.06823000 0.18196245
v 0.37392566 0.19913210 0.18204266
v 0.37917420 0.13603659 0.18079664
v 0.37729579 -0.09769795 0.18226656
v 0.37611541 -0.14273448 0.18287276
v 0.37720791 -0.02376526 0.18163687
v 0.37776726 0.19802904 0.17996921
v 0.35418072 0.21398856 0.18548509
v 0.33749884 0.22865540 0.18723957
v 0.36946091 0.20625879 0.18103401
v 0.38029110 0.18096435 0.18078580
v 0.37846854 0.04233186 0.18067528
v 0.36433449 0.21147627 0.18114780
v 0.35332918 0.22217427 0.18139312
v 0.34219533 0.23267153 0.18073829
v 0.33308670 0.23208632 0.18613990
v 0.35661918 0.10791847 0.18720138
v 0.35709307 0.09303378 0.18742126
v 0.34254855 0.10187829 0.18764296
v -0.12713842 -0.14820650 0.18696477
v -0.20127000 -0.15100603 0.18698548
v -0.11121193 -0.15098631 0.18729593
v -0.14604409 -0.15161453 0.18728788
v -0.17611818 -0.15169142 0.18715484
v -0.07700428 -0.15048975 0.18700269
v -0.26299489 -0.15229005 0.18716854
v -0.07974084 -0.15104574 0.18754460
v 0.22972727 -0.15084521 0.18709999
v 0.19864348 -0.15256780 0.18711863
v 0.29660329 -0.15372331 0.18737322
v 0.29430836 -0.15148069 0.18712132
v 0.31200358 -0.15600471 0.18760511
v 0.32225993 -0.15786615 0.18760668
v -0.25241432 -0.01055955 0.18732679
v -0.24082230 -0.01505956 0.18724827
v -0.25450861 -0.00477101 0.19694175
v -0.24124880 -0.00843815 0.19897275
v -0.26873940 -0.00404172 0.18723205
v -0.24254058 -0.00345789 0.20587245
v -0.25714797 0.00269042 0.20648672
v -0.26567554 -0.00135299 0.19369084
v -0.27388057 0.00529478 0.19713029
v -0.26709798 0.00825298 0.20684056
v -0.28070986 0.00332837 0.18701360
v -0.28040853 0.01566412 0.20550886
v -0.28301027 0.01509838 0.20213722
v -0.25066549 0.00894625 0.21639818
v -0.23960651 0.00433380 0.21598195
v -0.24810912 0.02257445 0.23166424
v -0.23704636 0.01142753 0.22439833
v -0.23555383 0.01782208 0.23211807
v -0.26486063 0.02522675 0.22446270
v -0.26035133 0.03022286 0.23231913
v -0.26893437 0.03794918 0.23379327
v -0.28082061 0.03809239 0.22457886
v -0.27745718 0.04414818 0.23280020
v -0.28703666 0.02199687 0.20604663
v -0.21925758 0.01399001 0.23193724
v -0.22062355 0.00714934 0.22310817
v -0.24246342 0.02333361 0.23401262
v -0.24809369 0.02588536 0.23374024
v -0.22113499 -0.00265275 0.21154942
v -0.22229964 -0.00770637 0.20473380
v -0.22699182 -0.01269110 0.19610767
v -0.22238176 -0.01722296 0.18962072
v -0.22859299 -0.01802249 0.18718967
v -0.20562163 -0.01437621 0.19824678
v -0.20504390 0.00693647 0.22497451
v -0.20512424 -0.00317214 0.21314617
v -0.20615758 -0.02114438 0.18701279
v -0.20619233 -0.01967256 0.18880771
v -0.20357616 0.01282679 0.23201807
v -0.25842425 0.03274498 0.23462525
v -0.22627459 0.01888242 0.23399052
v -0.21584839 0.01508767 0.23260273
v -0.18355094 -0.01786323 0.18710655
v -0.18096271 -0.00518759 0.20542206
v -0.18097229 -0.01273649 0.19466051
v -0.18064728 0.00179026 0.21353135
v -0.18643662 0.00993352 0.22431159
v -0.19739185 0.01464699 0.23284447
v -0.18475886 0.01698274 0.23231921
v -0.16541794 -0.00132589 0.20554127
v -0.15838723 -0.00418213 0.19899395
v -0.17170149 0.01636982 0.22629075
v -0.18939926 0.01868111 0.23448674
v -0.15804154 0.00191347 0.20654356
v -0.15869467 0.01068204 0.21445455
v -0.17149802 -0.01443043 0.18713944
v -0.17042756 0.02231935 0.23243131
v -0.17148428 0.02539276 0.23509897
v -0.15668519 -0.00990154 0.18719156
v -0.17895822 0.02269184 0.23481151
v -0.16388123 0.02909345 0.23512414
v -0.23593354 0.02238937 0.23410086
v -0.15856028 0.02119144 0.22370169
v -0.15854667 0.03176701 0.23470810
v -0.14833350 -0.00113865 0.19515453
v -0.14236245 -0.00360540 0.18723027
v -0.13517980 0.00272857 0.18963000
v -0.12920015 0.00411214 0.18728146
v -0.14778809 0.01025766 0.20731674
v -0.12292495 0.01001309 0.18742023
v -0.14571400 0.03244465 0.22459118
v -0.15019190 0.03793453 0.23454936
v -0.13319641 0.02256142 0.20733812
v -0.13320312 0.03328860 0.21553048
v -0.12269875 0.02637987 0.20233189
v -0.12377634 0.03101004 0.20719352
v -0.14387575 0.04179360 0.23267546
v -0.13474526 0.04476494 0.22571266
v -0.12562795 0.04890246 0.22059047
v -0.14676212 0.04243000 0.23480810
v -0.14221574 0.04688727 0.23448437
v -0.13780217 0.04814939 0.23233749
v -0.13368785 0.05521770 0.23359315
v -0.13046998 0.05630343 0.23217368
v -0.11097378 0.04678526 0.20686617
v -0.12553231 0.05618004 0.22565383
v -0.10731655 0.05359000 0.20746587
v -0.11814357 0.06345142 0.22256279
v -0.12537053 0.06285851 0.23062405
v -0.11900897 0.06890101 0.22769284
v -0.10620558 0.04215200 0.19794250
v -0.11093950 0.02419303 0.18734960
v -0.09626012 0.06259840 0.20152329
v -0.09844575 0.06977397 0.20795250
v -0.11276399 0.06089351 0.21581879
v -0.10281355 0.07748103 0.21489778
v -0.09869067 0.08590341 0.21694660
v -0.10592037 0.08184592 0.21858600
v -0.10552008 0.08776114 0.22159407
v -0.09833775 0.09472575 0.22225940
v -0.09637554 0.09477055 0.22250979
v -0.11023095 0.07507773 0.21895523
v -0.11476650 0.07413773 0.22512095
v -0.09121767 0.08617928 0.21177508
v -0.09042168 0.09426054 0.21810789
v -0.09085432 0.07871161 0.20634815
v -0.08263456 0.09330039 0.20982346
v -0.08035115 0.08454297 0.19959365
v -0.08894376 0.06602994 0.19548187
v -0.07760663 0.09427703 0.20500667
v -0.11107327 0.08126973 0.22432253
v -0.10185418 0.03616124 0.18713529
v -0.08832231 0.05759868 0.18688205
v 0.29827738 0.22905122 0.18714449
v 0.26788774 0.22851118 0.18699680
v 0.29645211 0.22634208 0.18737647
v 0.32951701 0.22977066 0.18736117
v 0.33676282 0.20649077 0.18736897
v 0.33325052 0.12773360 0.18746842
v 0.32963607 0.13905194 0.18745285
v 0.32495457 0.17540213 0.18721205
v 0.30454791 0.17790653 0.18709122
v 0.31612191 0.16244997 0.18727222
v 0.32315376 0.15046923 0.18747933
v 0.29753417 0.18651459 0.18710306
v 0.28144923 0.19784164 0.18723132
v 0.26465818 0.20722555 0.18716814
v 0.24343659 0.22101830 0.18732607
v 0.24661653 0.21428157 0.18737307
v 0.33753818 0.11073069 0.18760075
v 0.22242203 0.22494070 0.18748270
v 0.20713831 0.22030525 0.18782438
v 0.23964429 0.21576968 0.18762915
v 0.22365014 0.21858965 0.18793052
v 0.29182523 0.18949965 0.18754907
v 0.21645811 0.22814380 0.18681794
v -0.07312062 0.10509171 0.18682340
v -0.07266179 0.09432562 0.19562711
v -0.06954770 0.09497392 0.18670270
v -0.07979581 0.11246154 0.19320215
v -0.07474723 0.09412603 0.20034739
v -0.07987788 0.12071577 0.18692689
v -0.08747689 0.12719427 0.19371752
v -0.08208387 0.11052366 0.19803400
v -0.08583060 0.13534513 0.18687578
v -0.09525068 0.13986313 0.19660133
v -0.09094023 0.14707252 0.18679683
v -0.10430855 0.15509222 0.19819006
v -0.09653263 0.15624619 0.18692270
v -0.09296485 0.11985106 0.20390879
v -0.10825314 0.14538454 0.20791097
v -0.09015522 0.10437357 0.21020977
v -0.08362954 0.09464440 0.21128970
v -0.09790070 0.12546171 0.20616549
v -0.09971491 0.11565628 0.21175423
v -0.11628666 0.13858634 0.21785161
v -0.10580929 0.12930325 0.21186595
v -0.09733126 0.10177825 0.21741363
v -0.12039334 0.14699222 0.21795733
v -0.11357797 0.13166530 0.21737705
v -0.11056269 0.12303390 0.21696356
v -0.10745443 0.11174009 0.21722013
v -0.10961153 0.11330013 0.21848428
v -0.10174484 0.11100257 0.21486248
v -0.10609595 0.10654037 0.21826161
v -0.10997120 0.10977414 0.22507806
v -0.10783523 0.10310075 0.22413394
v -0.10325079 0.10306642 0.21873961
v -0.10379068 0.09945065 0.22166154
v -0.10225688 0.09480873 0.22234084
v -0.11282384 0.12703910 0.22089685
v -0.11093383 0.11480056 0.22479865
v -0.11912175 0.13975468 0.22536600
v -0.11495410 0.12998633 0.22522697
v -0.11701141 0.13671269 0.22486751
v -0.11848150 0.13443492 0.22642419
v -0.12111393 0.14398280 0.22719522
v -0.11341500 0.12675314 0.22574778
v -0.07002554 0.09146488 0.18675944
v -0.07500855 0.08084379 0.18704626
v -0.07890771 0.07366402 0.18724743
v -0.25351456 0.22873594 0.18691145
v -0.29452533 0.22902566 0.18715926
v -0.25753838 0.22661649 0.18713464
v -0.28356534 0.19696353 0.18700814
v -0.26614597 0.20708422 0.18696927
v -0.33661076 0.22328246 0.18719155
v -0.35594261 0.19337960 0.18728417
v -0.31082380 0.20563105 0.18711132
v -0.30162510 0.18135050 0.18690564
v -0.29466328 0.18825372 0.18681601
v -0.33422041 0.14964461 0.18697038
v -0.35845733 0.17828482 0.18716596
v -0.35734838 0.10146790 0.18711124
v -0.33947778 0.11765852 0.18702629
v -0.33484396 0.23045392 0.18723074
v -0.33181471 0.13167347 0.18709151
v -0.32214546 0.15132156 0.18708844
v -0.31588200 0.16291186 0.18709618
v -0.25402167 0.21184930 0.18713760
v -0.24353774 0.21836907 0.18724120
v -0.22025101 0.22002831 0.18760984
v -0.20900004 0.22224928 0.18770234
v -0.34436375 0.22122255 0.18684141
v -0.23685002 0.21667621 0.18767387
v -0.21097539 0.22817157 0.18697795
v -0.18739784 0.22554101 0.18755800
v -0.33747289 0.11564910 0.18742484
v -0.35010049 0.21573588 0.18647754
v -0.36812705 0.18575867 0.18508500
v -0.36187068 0.10231598 0.18620221
v -0.35799897 0.08448384 0.18707025
v -0.36735395 0.15975542 0.18488851
v -0.35658541 0.20906682 0.18562350
v -0.36502123 0.20658112 0.18376243
v -0.36783889 0.08925256 0.18450929
v -0.37712818 0.18262060 0.18219650
v -0.37787962 0.14618365 0.18142587
v -0.37720725 0.08820253 0.18162262
v -0.37678644 0.05158209 0.18240002
v -0.37065700 0.20202187 0.18245107
v -0.35699442 0.21380110 0.18426280
v -0.37971309 0.08142116 0.18036278
v -0.38029450 0.15587871 0.18031591
v -0.38008404 0.18150970 0.18055594
v -0.37741807 0.19795346 0.17893818
v -0.37512010 0.20016651 0.18008789
v -0.37855017 0.04876291 0.18123016
v -0.37672362 0.03557825 0.18276323
v -0.29585382 0.23113501 0.18559101
v -0.33146226 0.23222807 0.18646626
v -0.35608360 0.04431304 0.18715942
v -0.35738155 -0.04243056 0.18695475
v -0.35387084 -0.07230493 0.18722714
v -0.33861667 0.02096455 0.18703690
v -0.33855411 0.07018703 0.18698704
v -0.31639147 0.04266798 0.18709426
v -0.30834410 0.03194958 0.18727668
v -0.26476580 -0.13072021 0.18707994
v -0.33912441 -0.13386890 0.18717964
v -0.31279981 -0.15325987 0.18696302
v -0.32862961 -0.15593883 0.18704349
v -0.35489520 -0.16273503 0.18748727
v -0.35377613 -0.11918727 0.18727975
v -0.32155052 -0.01625437 0.18706112
v -0.32556203 -0.07297750 0.18712169
v -0.25243849 -0.07162097 0.18711552
v -0.27739206 -0.01679207 0.18709481
v -0.24093458 -0.02930790 0.18705675
v -0.18869516 -0.08107841 0.18701865
v -0.17706355 -0.03021848 0.18688859
v -0.14867270 -0.02020254 0.18688215
v -0.12393145 -0.13187584 0.18687770
v -0.09524046 -0.09379402 0.18687230
v -0.04836788 -0.13616046 0.18684044
v -0.01093651 -0.08079217 0.18682554
v -0.05511877 -0.03381822 0.18680343
v -0.12025170 -0.03933214 0.18686514
v -0.02586103 0.02750460 0.18684214
v 0.00725839 0.00190929 0.18681210
v 0.05066347 0.06573761 0.18690582
v 0.06506283 0.01093492 0.18688616
v 0.09519895 0.02550493 0.18695943
v 0.08954521 0.05297393 0.18686733
v 0.11529505 -0.00301590 0.18689606
v 0.04712979 -0.04240492 0.18686089
v 0.14527850 -0.02800809 0.18699506
v 0.14265576 -0.00498140 0.18712349
v 0.10898392 -0.06773415 0.18695983
v 0.14592735 -0.08541197 0.18699488
v 0.18280806 -0.03029332 0.18704811
v 0.19433382 -0.08416257 0.18713215
v 0.18576139 -0.13147411 0.18705860
v 0.26115304 -0.11829761 0.18723531
v 0.32166171 -0.13960242 0.18728320
v 0.32864007 -0.07984871 0.18731911
v 0.35487399 -0.16162172 0.18747398
v 0.33783889 -0.16622320 0.18754090
v 0.32759365 -0.01008277 0.18727960
v 0.25891709 -0.07710022 0.18723124
v 0.29421785 0.00925080 0.18720438
v 0.32283974 0.03237874 0.18725048
v 0.32911825 0.05790479 0.18741126
v 0.34347954 0.07813262 0.18757965
v 0.24762219 -0.03002868 0.18720281
v 0.12212368 -0.14546375 0.18697464
v 0.05555360 -0.13695323 0.18688662
v 0.04217694 -0.15229382 0.18702897
v 0.00617315 -0.15227988 0.18691801
v 0.06792606 -0.10423666 0.18692018
v -0.06429434 0.07965908 0.18696909
v -0.08076330 0.05153997 0.18682060
v -0.09764335 0.01680958 0.18684161
v 0.01861653 0.13515893 0.18701324
v 0.06833497 0.10741980 0.18686904
v 0.07175378 0.09289686 0.18692929
v 0.07619218 0.08321346 0.18705112
v 0.07621663 0.13008469 0.18688837
v 0.05825707 0.14826818 0.18699765
v 0.08942049 0.18953016 0.18696746
v 0.09994029 0.15818787 0.18668415
v 0.11504135 0.17732041 0.18664622
v 0.13217981 0.19930761 0.18686517
v 0.12270050 0.18411121 0.18671896
v 0.12599397 0.21945731 0.18708481
v 0.15082338 0.20494477 0.18675143
v 0.02648515 0.21526840 0.18714431
v 0.02823135 0.19275722 0.18706024
v -0.07610726 0.20123020 0.18707165
v -0.08842938 0.18122239 0.18696386
v -0.02448098 0.11766615 0.18699910
v -0.06215581 0.10147529 0.18691513
v -0.13216947 0.19290766 0.18693748
v -0.12017287 0.18219443 0.18683666
v -0.15346774 0.22603020 0.18724695
v -0.08807517 0.22567308 0.18734969
v 0.03013311 0.22579753 0.18730636
v 0.16005968 0.22598757 0.18724853
v 0.16445944 0.21082979 0.18696649
v 0.18130960 0.22571889 0.18757060
v 0.08942828 0.14092842 0.18673822
v -0.12168789 0.00163746 0.18689790
v -0.20160407 -0.12035389 0.18706469
v -0.23071244 -0.10046432 0.18713176
v -0.29334581 0.01459188 0.18713361
v -0.30112645 0.02319344 0.18720070
v 0.08374649 0.06676769 0.18699184
v -0.32354161 0.05423493 0.18702160
v -0.09271199 0.15704784 0.18678813
v -0.11145175 0.17487410 0.18655723
v -0.33185956 0.07037346 0.18709782
v 0.18359084 -0.01780447 0.18714988
v 0.16657679 -0.01273062 0.18739679
v 0.15563728 -0.01002899 0.18741001
v 0.13917130 0.19835164 0.18671267
v -0.13977697 0.19957544 0.18693177
v -0.15336604 0.20770718 0.18701680
v -0.16965526 0.21883340 0.18719719
v -0.34351584 0.09151765 0.18745999
v -0.34599364 0.09404976 0.18749590
v 0.11988883 0.01097950 0.18726437
v 0.13040158 0.00243467 0.18725735
v 0.09578969 0.04177255 0.18703198
v 0.10836478 0.02417303 0.18734346
v 0.08088951 0.11861410 0.18716136
v 0.08483493 0.12862694 0.18719473
v 0.07649709 0.10835461 0.18692347
v 0.07216366 0.09591846 0.18663205
v -0.34219414 0.10235514 0.18731649
v -0.10142700 0.16336988 0.18698038
v 0.18159126 0.21719141 0.18759325
v 0.16675979 -0.15202472 0.18719420
v -0.33778003 -0.16356763 0.18740033
v -0.19085914 0.21928397 0.18781339
v -0.33684191 0.08104362 0.18743938
v -0.16612737 0.21301045 0.18728432
v -0.17453349 0.21651052 0.18751623
v 0.11192499 -0.15103704 0.18737902
v 0.08168925 -0.15116552 0.18723677
v -0.36787534 -0.12407298 0.18509971
v -0.37133533 -0.16295317 0.18492314
v -0.36889204 -0.07418887 0.18481015
v -0.36531416 -0.03115586 0.18557754
v -0.36718798 0.03154825 0.18510999
v -0.36716473 0.06107524 0.18496719
v -0.18483089 0.22820334 0.18705395
v -0.37663865 -0.11129599 0.18323384
v 0.19048624 0.22808635 0.18700515
v 0.10907499 0.16907457 0.18708129
v -0.37681359 -0.05461218 0.18284567
v -0.37594023 -0.16352172 0.18377021
v -0.05408203 -0.15207019 0.18727174
v 0.15361631 0.22793682 0.18656127
v -0.14712803 0.22791912 0.18652600
v 0.05179099 0.22773190 0.18652640
v -0.00260930 0.22786985 0.18647704
v -0.08081282 0.22756268 0.18649235
v 0.14680809 -0.15187633 0.18741256
v -0.00367161 0.24210168 0.17327979
v 0.03741066 0.24231803 0.17292874
v 0.10619897 0.24168274 0.17359070
v 0.15869744 0.23885208 0.17631374
v 0.09317737 0.25458863 0.16128856
v 0.17731673 0.25465462 0.16094045
v 0.22431301 0.24595176 0.16953142
v 0.22330193 0.25378942 0.16193366
v 0.30675602 0.25265872 0.16394395
v -0.04256371 0.24349095 0.17160517
v -0.03784707 0.25763866 0.15761472
v -0.08365487 0.24336216 0.17099872
v 0.00126381 0.25721145 0.15842041
v 0.04707152 0.25697735 0.15852995
v -0.11397482 0.24215139 0.17214528
v -0.17289253 0.23411091 0.18084092
v 0.25831264 0.24013902 0.17574748
v 0.29189783 0.24103896 0.17548609
v 0.32617766 0.24072784 0.17712374
v 0.44909272 0.19174500 -0.06394507
v 0.43381634 0.19034037 -0.06473207
v 0.42711267 0.19145747 -0.04961866
v 0.44904187 0.19347000 -0.04778593
v 0.42423692 0.18871076 -0.06639642
v 0.41201416 0.18844070 -0.05018744
v 0.41553289 0.18653566 -0.06787307
v 0.41178444 0.18662953 -0.06576204
v 0.41137159 0.18938886 -0.04105607
v 0.44906101 0.18808781 -0.07873920
v 0.43819517 0.18712017 -0.07854074
v 0.42391783 0.18355225 -0.08292329
v 0.41256794 0.18126824 -0.08109172
v 0.41246498 0.18507254 -0.06978779
v 0.42528272 0.19104329 -0.03770322
v 0.41207832 0.18838143 -0.03778167
v 0.44871491 0.19306830 -0.03722946
v 0.45240605 0.19342095 -0.04568526
v 0.45340395 0.19104122 -0.06490580
v 0.45297429 0.18765059 -0.07868572
v 0.41192946 0.18705678 -0.02481988
v 0.43872729 0.19077131 -0.02477054
v 0.44907209 0.19168232 -0.02583714
v 0.42213464 0.18889999 -0.02513004
v 0.45380962 0.19109605 -0.02636993
v 0.44673735 0.18430360 -0.08647991
v 0.41209221 0.18402997 -0.01342598
v 0.42190528 0.18464261 -0.01044506
v 0.44902742 0.18751924 -0.01251377
v 0.43830648 0.18644218 -0.01151693
v 0.45291704 0.18737470 -0.01327953
v 0.41257033 0.18055958 -0.00494400
v 0.41287571 0.17707555 -0.08995737
v 0.43007001 0.17973705 -0.09167973
v 0.42475751 0.17602934 -0.09616505
v 0.45243379 0.18260752 -0.08880265
v 0.44895741 0.17878905 -0.09527404
v 0.45535165 0.19123602 -0.03485730
v 0.45541981 0.19175285 -0.04805157
v 0.41294324 0.17650229 0.00300530
v 0.42200476 0.17206444 -0.10036617
v 0.41299805 0.17374329 -0.09488700
v 0.45287085 0.17737259 -0.09623380
v 0.44790623 0.17461729 -0.10021733
v 0.44779494 0.18370047 -0.00564840
v 0.45332545 0.18221743 -0.00423528
v 0.44622543 0.17833808 0.00222732
v 0.45236781 0.17732099 0.00303120
v 0.45644522 0.18737382 -0.06991657
v 0.41287231 0.17313619 0.00691643
v 0.45640022 0.18604831 -0.01708268
v 0.44939092 0.17106278 0.00981178
v 0.45594671 0.18206596 -0.08475872
v 0.45182607 0.16674368 0.01328867
v 0.42506486 0.16638638 0.01308920
v 0.41266736 0.16321218 0.01494120
v -0.41496620 0.10961735 0.02178994
v -0.45226949 0.10768507 0.02145858
v -0.43445504 0.10051512 0.01926279
v -0.45227233 0.11693223 0.02356810
v -0.41300264 0.10697128 0.02133618
v -0.41283292 0.09617414 0.01754069
v -0.45419112 0.10032456 0.01864155
v -0.43573478 0.09423459 0.01646007
v -0.45269197 0.08542784 0.01145490
v -0.43866476 0.08615610 0.01230401
v -0.41284600 0.08843280 0.01343368
v -0.41294721 0.08278503 0.00948787
v -0.43794498 0.07980446 0.00783057
v -0.45269036 0.07805582 0.00624356
v -0.41299599 0.07800858 0.00541241
v -0.43901822 0.07401969 0.00272340
v -0.45281866 0.07288848 0.00158533
v -0.45537174 0.07687137 0.00446056
v -0.41315305 0.07374498 0.00117148
v -0.45577943 0.08577352 0.01035120
v -0.45602009 0.09369233 0.01428341
v -0.43026882 0.06849992 -0.00402471
v -0.45428306 0.06824159 -0.00390884
v -0.41321856 0.06654242 -0.00863423
v -0.41987139 0.06435617 -0.01066116
v -0.45389926 0.06318752 -0.01121732
v -0.43419129 0.06115043 -0.01451155
v -0.42131940 0.06141332 -0.01540316
v -0.45235428 0.06011011 -0.01667869
v -0.42506120 0.12478787 0.02382913
v -0.45537567 0.11281764 0.02165620
v -0.41334242 0.12991153 0.02346337
v -0.45266643 0.13086848 0.02437363
v -0.45572934 0.12799044 0.02319570
v -0.42850295 0.14048760 0.02301215
v -0.41471455 0.14109795 0.02250938
v -0.44841096 0.14605512 0.02220485
v -0.45480090 0.14283048 0.02245296
v -0.41314897 0.14741911 0.02120867
v -0.45240578 0.15653646 0.01901671
v -0.42251366 0.15736990 0.01808957
v -0.41314122 0.15719448 0.01752284
v -0.45504653 0.15621072 0.01822705
v -0.45378783 0.16453500 0.01447289
v -0.42029715 0.16642752 0.01244119
v -0.41314575 0.16460496 0.01295496
v -0.45237964 0.16972068 0.01089798
v -0.41315430 0.16910160 0.00954486
v -0.45494574 0.17391632 0.00627911
v -0.43382284 0.19045423 -0.06505880
v -0.43768948 0.19274743 -0.04925129
v -0.42329499 0.19104910 -0.04888206
v -0.42000201 0.18883593 -0.06301761
v -0.45247185 0.19145271 -0.06522876
v -0.45229146 0.19357283 -0.04791459
v -0.42860162 0.18835323 -0.07103047
v -0.41212633 0.18534385 -0.07257262
v -0.41212633 0.18729272 -0.06221904
v -0.45256498 0.18889621 -0.07482183
v -0.44448784 0.18695804 -0.08003250
v -0.42839372 0.18509951 -0.08183596
v -0.41500565 0.18130247 -0.08563914
v -0.41261184 0.18159842 -0.08391389
v -0.41232392 0.18832909 -0.04928480
v -0.45500594 0.18628202 -0.08096495
v -0.43472055 0.19185035 -0.03723110
v -0.42154250 0.19008936 -0.03810466
v -0.41240454 0.18801220 -0.03698581
v -0.45403075 0.19295785 -0.04030888
v -0.45238796 0.19108568 -0.02609014
v -0.42472079 0.18866365 -0.02463358
v -0.41218656 0.18646854 -0.02472304
v -0.43588597 0.18998966 -0.02479425
v -0.45446321 0.19100174 -0.06495783
v -0.45337516 0.18285283 -0.08832703
v -0.42931125 0.18009068 -0.09160766
v -0.45457229 0.19079411 -0.02704233
v -0.42197335 0.18350308 -0.00942305
v -0.41250253 0.18421437 -0.01694082
v -0.45142454 0.18624006 -0.01103511
v -0.41308755 0.18048553 -0.00588065
v -0.45505545 0.18628438 -0.01291995
v -0.41977319 0.17959531 -0.00210519
v -0.41318205 0.17534013 0.00357435
v -0.41326249 0.17737678 -0.09141259
v -0.41875467 0.17509884 -0.09657499
v -0.45228586 0.17880620 -0.09455042
v -0.43154654 0.17630684 -0.09719940
v -0.45414686 0.18274011 -0.00513615
v -0.41490212 0.17491958 0.00454297
v -0.45217386 0.17751338 0.00295321
v -0.41327405 0.17228241 -0.09790777
v -0.45194075 0.17269136 -0.10183685
v -0.45606604 0.19123606 -0.04542128
v -0.43186891 0.16973631 -0.10416194
v -0.41748598 0.16621186 -0.10527245
v -0.41334060 0.16390239 -0.10616489
v -0.45536590 0.17798893 -0.09372351
v -0.42539170 0.17314099 0.00697236
v -0.45210519 0.16840819 -0.10553904
v -0.45547211 0.17137115 -0.10123448
v -0.45545813 0.18308425 -0.08562890
v -0.45494574 0.17391632 0.00627911
v -0.45237964 0.16972068 0.01089798
v -0.41315430 0.16910160 0.00954486
v -0.42029715 0.16642752 0.01244119
v 0.43120179 0.08264007 -0.10475006
v 0.44924766 0.07377730 -0.09819184
v 0.42250246 0.07313500 -0.09613495
v 0.42277986 0.08023263 -0.10220155
v 0.44832131 0.08255772 -0.10524152
v 0.43504754 0.06829626 -0.09211753
v 0.45217505 0.07759789 -0.10092244
v 0.44877493 0.06506767 -0.08843546
v 0.45233127 0.06914397 -0.09288364
v 0.42349276 0.06765510 -0.08958396
v 0.41337618 0.08241453 -0.10165736
v 0.41346514 0.07334169 -0.09408721
v 0.42123342 0.09162564 -0.10898528
v 0.43328491 0.09539188 -0.11197654
v 0.44888479 0.08943927 -0.10916296
v 0.41328919 0.09108592 -0.10674351
v 0.44863129 0.09879444 -0.11351915
v 0.45320240 0.08926617 -0.10833259
v 0.42500404 0.10101344 -0.11347783
v 0.41490626 0.10087164 -0.11182912
v 0.41321295 0.10031203 -0.11194174
v 0.44322741 0.10813889 -0.11652229
v 0.45286635 0.09988529 -0.11295361
v 0.41415963 0.11005548 -0.11470450
v 0.42861369 0.11304634 -0.11717382
v 0.44872227 0.11282779 -0.11769732
v 0.45208454 0.10844237 -0.11586245
v 0.41333783 0.06602157 -0.08449035
v 0.45339647 0.11614012 -0.11715203
v 0.45411977 0.08103984 -0.10225116
v 0.43876967 0.05911620 -0.07866973
v 0.42180988 0.06071275 -0.07880352
v 0.45086944 0.05944001 -0.07881912
v 0.45392975 0.06550399 -0.08649300
v 0.41474551 0.06073240 -0.07532787
v 0.41305983 0.06051230 -0.07537333
v 0.44681507 0.05522145 -0.06966831
v 0.45434877 0.07225079 -0.09432033
v 0.42274997 0.05703574 -0.06970043
v 0.41335544 0.05701098 -0.06484725
v 0.42799106 0.05452829 -0.06360919
v 0.45196936 0.05548898 -0.06753483
v 0.44782695 0.05249295 -0.06013222
v 0.41324663 0.11212485 -0.11590115
v 0.42517897 0.05291397 -0.05060760
v 0.44356182 0.05111198 -0.04885445
v 0.41335091 0.05499560 -0.05012588
v 0.45415866 0.06030252 -0.07611726
v 0.44889382 0.05131497 -0.04908550
v 0.45219949 0.05261422 -0.05082149
v 0.43637854 0.05175506 -0.03802080
v 0.41347983 0.05490749 -0.03547056
v 0.42150646 0.05344227 -0.03806668
v 0.44857395 0.05148943 -0.03664419
v 0.45395121 0.05562532 -0.06254090
v 0.42603308 0.05438748 -0.02697080
v 0.44820032 0.05246979 -0.02962985
v 0.41306654 0.05639918 -0.02498807
v 0.45225570 0.05286106 -0.03572165
v 0.44146723 0.05556503 -0.01975822
v 0.42172033 0.05710929 -0.01933099
v 0.45108032 0.05547410 -0.02071708
v 0.45418954 0.05647043 -0.02482437
v 0.00172840 0.31135648 0.08853489
v -0.00137210 0.31137186 0.08890609
v 0.00268161 0.27634579 0.08952978
v -0.00337895 0.27998388 0.09000290
v -0.01106595 0.27609983 0.09067701
v -0.00541592 0.29949746 0.09043197
v -0.00465520 0.32958657 0.08989085
v -0.01759557 0.31551832 0.09038764
v -0.01769859 0.27618796 0.09048168
v -0.01618820 0.33023542 0.08928771
v -0.00121147 0.32995951 0.08856930
v 0.00619149 0.30197486 0.09021274
v 0.00632517 0.28513092 0.09003376
v 0.01770487 0.28247833 0.08968109
v 0.01727205 0.32671803 0.09006194
v 0.00959581 0.32716346 0.09021432
v 0.01478426 0.27602240 0.09008738
v 0.01588500 0.33066586 0.08972905
v 0.00413765 0.32796705 0.09007962
v 0.00485087 0.31200966 0.08971921
v 0.01790876 0.27594733 0.08890376
v 0.00171334 0.32768512 0.08900211
v 0.00198512 0.33113268 0.08800536
v -0.00381571 0.33160585 0.08746193
v -0.32129255 0.06121353 0.19699833
v -0.32354161 0.05423493 0.18702160
v -0.31380999 0.04796708 0.19707651
v -0.31350338 0.05945913 0.20739943
v -0.30625257 0.04593679 0.20646024
v -0.30172536 0.03880472 0.20651534
v -0.31639147 0.04266798 0.18709426
v -0.30000830 0.02994408 0.19922049
v -0.33185956 0.07037346 0.18709782
v -0.33060473 0.08132756 0.19873264
v -0.32405573 0.07910392 0.20664424
v -0.33189720 0.09136561 0.20668563
v -0.33912796 0.09594724 0.19986090
v -0.33684191 0.08104362 0.18743938
v -0.34144041 0.09072697 0.18926316
v -0.32906094 0.09694000 0.21724179
v -0.30834410 0.03194958 0.18727668
v -0.31684721 0.08160795 0.21707723
v -0.32285056 0.09033170 0.21716017
v -0.34351584 0.09151765 0.18745999
v -0.34393519 0.09545229 0.19014417
v -0.29687864 0.03233978 0.20609224
v -0.30501252 0.07762361 0.22805727
v -0.31169114 0.08935524 0.22744991
v -0.29701602 0.06344979 0.22829208
v -0.31520092 0.09245031 0.22558954
v -0.28741637 0.05307790 0.23052767
v -0.29373497 0.06231900 0.23069386
v -0.28082061 0.03809239 0.22457886
v -0.27745718 0.04414818 0.23280020
v -0.32456371 0.09740145 0.22326545
v -0.28703666 0.02199687 0.20604663
v -0.30112645 0.02319344 0.18720070
v -0.28301027 0.01509838 0.20213722
v -0.34599364 0.09404976 0.18749590
v -0.28677115 0.00994520 0.18938333
v -0.29334581 0.01459188 0.18713361
v -0.32188430 0.09728515 0.22479035
v -0.28070986 0.00332837 0.18701360
v -0.31578073 0.09498520 0.22572996
v -0.27751672 0.04668168 0.23365356
v -0.33456585 0.09858150 0.20682926
v -0.32123229 0.10468321 0.22394171
v -0.32697487 0.11732744 0.20633921
v -0.31870595 0.11929549 0.21761027
v -0.31709215 0.13775624 0.20843694
v -0.31309840 0.13439161 0.21613893
v -0.31152609 0.14272067 0.21459708
v -0.30616227 0.13915192 0.22561012
v -0.31227899 0.12530634 0.22100639
v -0.31029096 0.12404693 0.22587505
v -0.30522311 0.13755861 0.22747058
v -0.32117757 0.14167562 0.19865696
v -0.33181825 0.12144010 0.19462135
v -0.33747289 0.11564910 0.18742484
v -0.33181471 0.13167347 0.18709151
v -0.34219414 0.10235514 0.18731649
v -0.08381068 -0.28333804 0.23286052
v -0.08449171 -0.25063056 0.22508304
v -0.08470652 -0.29164830 0.22579435
v -0.08478289 -0.30440313 0.22509304
v -0.08439853 -0.30652454 0.22814429
v -0.08371343 -0.30966088 0.23267661
v -0.08411524 -0.31174380 0.22932594
v -0.08435917 -0.24834177 0.22836794
v -0.08399221 -0.22869229 0.23282866
v -0.08445352 -0.23959652 0.22914307
v -0.08487751 -0.20859939 0.22920337
v -0.08412471 -0.18850547 0.23342004
v -0.08481596 -0.19026932 0.23021168
v -0.08157241 -0.31304896 0.23241690
v -0.08429600 -0.31600329 0.22713888
v -0.08664513 -0.30690467 0.22626163
v -0.08688357 -0.31196296 0.22678047
v -0.08705094 -0.21560866 0.22779870
v -0.08703423 -0.19899379 0.22841120
v -0.08597651 -0.28847778 0.22544779
v -0.13876623 -0.35004589 0.24177319
v -0.13941820 -0.35377389 0.23631766
v -0.13961357 -0.39710596 0.23646271
v -0.13888811 -0.38866690 0.24202977
v -0.13976586 -0.35833609 0.22615524
v -0.14020054 -0.39119253 0.22600023
v -0.14002980 -0.40442687 0.22739330
v -0.13973278 -0.41768387 0.24095955
v -0.14069298 -0.41807130 0.22642653
v -0.13980317 -0.34238154 0.23807378
v -0.14233764 -0.33802652 0.22543082
v -0.14100406 -0.33615613 0.23301011
v -0.14218371 -0.33528996 0.22754341
v -0.13812318 -0.38274771 0.24429181
v -0.13857597 -0.42043725 0.24451160
v -0.13752604 -0.34904304 0.24441767
v -0.13969140 -0.42047200 0.22781393
v -0.14357004 -0.33293155 0.22572082
v -0.14066546 -0.33203042 0.22867046
v -0.13961545 -0.33077222 0.23159042
v -0.13893767 -0.33846551 0.23771740
v -0.13705932 -0.34561512 0.24331084
v -0.13785191 -0.33404812 0.23561813
v 0.35860899 -0.16382471 0.18723400
v 0.35487399 -0.16162172 0.18747398
v 0.34779364 -0.17019242 0.18707637
v 0.33783889 -0.16622320 0.18754090
v 0.35739279 -0.17539053 0.18535005
v 0.37055531 -0.16434941 0.18505006
v 0.36206347 -0.18261606 0.18227144
v 0.37683183 -0.16580904 0.18199547
v 0.37793240 -0.17832063 0.17624941
v 0.36572063 -0.18904722 0.17828393
v 0.37652689 -0.18804835 0.17272094
v 0.36801660 -0.19511725 0.17419967
v 0.37511158 -0.16368163 0.18393582
v 0.37157199 -0.20097096 0.16921766
v 0.37606487 -0.20453408 0.16423176
v 0.36135954 -0.18424699 0.18268070
v 0.35618722 -0.17767017 0.18591265
v 0.36423445 -0.18911333 0.18043421
v 0.35042575 -0.17300574 0.18692501
v 0.38523293 -0.18909697 0.16386989
v 0.39679956 -0.19995891 0.14710866
v 0.38432190 -0.21170482 0.15312934
v 0.39551175 -0.21376425 0.14248846
v 0.40372872 -0.21468034 0.13457315
v 0.39094964 -0.18596567 0.15960447
v 0.40768647 -0.20274691 0.13514635
v 0.40249377 -0.18728758 0.14630929
v 0.40703520 -0.21676131 0.13072287
v 0.38591608 -0.17173861 0.17063536
v 0.39317110 -0.17665341 0.16074830
v 0.41158119 -0.19566882 0.13305460
v 0.41038844 -0.20477280 0.13101038
v 0.37611541 -0.14273448 0.18287276
v 0.37729579 -0.09769795 0.18226656
v 0.38771081 -0.21318601 0.14998622
v 0.38389191 -0.13662392 0.17363140
v 0.38369045 -0.09677042 0.17415167
v 0.37870726 -0.02684277 0.18031144
v 0.37720791 -0.02376526 0.18163687
v 0.37846854 0.04233186 0.18067528
v 0.37569532 -0.20741694 0.16488314
v 0.37961417 -0.21005590 0.15953198
v 0.38730440 -0.03536401 0.16864498
v 0.39185029 -0.08950062 0.16306148
v 0.39406878 0.03969996 0.15917441
v 0.38294831 0.09715708 0.17590027
v 0.38120279 0.13475686 0.17832178
v 0.38029110 0.18096435 0.18078580
v 0.37917420 0.13603659 0.18079664
v 0.40110776 -0.03784654 0.14897396
v 0.40013352 -0.08589000 0.15104327
v 0.40058950 -0.16246982 0.15016571
v 0.39363834 0.17916857 0.16059357
v 0.38939977 0.17965646 0.16707963
v 0.39765653 0.08812986 0.15465848
v 0.40047064 0.12959945 0.15016960
v 0.40761209 -0.15573873 0.13930120
v 0.40492758 0.03929136 0.14304063
v 0.41149154 -0.13972843 0.13355342
v 0.41124171 -0.03466983 0.13372326
v 0.40675327 -0.03914052 0.14040142
v 0.41129044 0.04509363 0.13337810
v 0.41116694 0.09907959 0.13331713
v 0.40534955 0.09094174 0.14266486
v 0.40880603 0.17967927 0.13630651
v 0.41097790 0.14096287 0.13310353
v 0.40203953 0.17940344 0.14752971
v 0.37776726 0.19802904 0.17996921
v 0.41167909 0.17939124 0.13086082
v 0.41254473 -0.09667885 0.13132088
v 0.38527116 0.19834375 0.16730808
v 0.39187479 0.19776118 0.15614665
v 0.40471962 -0.21667485 0.13396789
v 0.40060881 -0.21633111 0.13856611
v 0.40180755 0.19994797 0.13806756
v 0.40756956 0.20029101 0.12709732
v 0.39360103 0.20031705 0.15072846
v 0.34461665 -0.16991241 0.19000548
v 0.39625609 -0.21561232 0.14347288
v 0.35427153 -0.17748794 0.19164515
v 0.36946091 0.20625879 0.18103401
v 0.37607536 -0.21010402 0.17089388
v 0.36057326 -0.18427682 0.18870175
v 0.37191087 -0.20399863 0.18303786
v 0.36259970 -0.19014712 0.19463730
v 0.34635660 -0.17891856 0.20370474
v 0.36007249 -0.19578555 0.20354480
v 0.35327953 -0.19268134 0.20887248
v 0.36688054 -0.19938026 0.19692577
v 0.36536193 -0.22339836 0.19872175
v 0.37077248 -0.21588653 0.19251607
v 0.36977199 -0.24416932 0.19489968
v 0.37204105 -0.20663849 0.19000405
v 0.37651631 -0.21214302 0.18496968
v 0.38211423 -0.22733164 0.18159224
v 0.38489616 -0.25091887 0.18019947
v 0.37832433 -0.22113372 0.18474217
v 0.36654693 -0.27205655 0.19898537
v 0.38674513 -0.27397454 0.17921895
v 0.36678168 -0.30023003 0.19889857
v 0.38620970 -0.32532126 0.18059881
v 0.37666446 -0.33125132 0.18984589
v 0.38009021 -0.21605165 0.18177420
v 0.38779074 -0.22106892 0.17561713
v 0.40245739 -0.33474100 0.16560610
v 0.36776099 -0.35874873 0.19926812
v 0.37069958 -0.39527673 0.19773476
v 0.38296562 -0.39199343 0.18602753
v 0.39933458 -0.38617045 0.16996874
v 0.41138697 -0.38265890 0.15833849
v 0.40047073 -0.28306049 0.16674039
v 0.39566121 -0.23549250 0.17004207
v 0.39658946 -0.22415741 0.16863813
v 0.36586571 -0.33122468 0.19975342
v 0.41153607 -0.34693116 0.15759096
v 0.40674970 -0.22582453 0.16063248
v 0.41160369 -0.29887637 0.15718083
v 0.41158673 -0.22632104 0.15673473
v 0.33578274 -0.18280135 0.21889773
v 0.33923125 -0.18817140 0.21932858
v 0.32838231 -0.18386477 0.22772634
v 0.32558799 -0.17995794 0.22968887
v 0.32587895 -0.18438944 0.23049623
v 0.32749334 -0.19429930 0.22723061
v 0.32446453 -0.20111795 0.23237392
v 0.32635617 -0.21298078 0.22670792
v 0.32517296 -0.21434537 0.22812307
v 0.32497945 -0.21949711 0.22923274
v 0.32618785 -0.27241191 0.22545174
v 0.32469687 -0.26887217 0.22842011
v 0.32443187 -0.28968126 0.22664058
v 0.32320657 -0.22068323 0.23295641
v 0.32365897 -0.23292129 0.23519893
v 0.32449749 -0.18233676 0.23483981
v 0.32443622 -0.19330373 0.23511466
v 0.32367545 -0.26269692 0.23431483
v 0.32182422 -0.17632054 0.23409513
v 0.32276800 -0.30826133 0.23338825
v 0.32203507 -0.30093193 0.23535979
v 0.32258758 -0.26708630 0.23553027
v 0.32209241 -0.31044221 0.23540710
v 0.32439563 -0.30122939 0.22697961
v 0.32609746 -0.29883525 0.22507651
v 0.32452703 -0.30821010 0.22555929
v 0.32626531 -0.17457920 0.22217587
v 0.32333487 -0.31338432 0.22525625
v 0.32132894 -0.17202398 0.22710794
v 0.37711057 0.21303335 0.15566161
v 0.38360968 0.21979518 0.13334669
v 0.36433449 0.21147627 0.18114780
v 0.35102323 0.24441357 0.14238656
v 0.35115901 0.26279822 0.10879561
v 0.34238774 0.26440099 0.12020348
v 0.36109796 0.24631588 0.12229010
v 0.35381466 0.23265816 0.15976384
v 0.38942215 0.22181430 0.11939851
v 0.35332918 0.22217427 0.18139312
v 0.36583048 0.24687862 0.11292446
v 0.37933058 0.23266381 0.11588321
v 0.33401293 0.25582528 0.14877243
v 0.33622828 0.24553481 0.16533980
v 0.34219533 0.23267153 0.18073829
v 0.33945212 0.23760624 0.17545153
v 0.33136737 0.09829801 0.21113582
v 0.31976679 0.11270989 0.21030943
v 0.32265905 0.10440633 0.21627371
v 0.33128566 0.10804435 0.19895215
v 0.31671739 0.11242010 0.21451746
v 0.32692999 0.09743918 0.21980265
v 0.32339925 0.09774338 0.22398183
v 0.32024261 0.09932386 0.22483754
v 0.33933845 0.09651504 0.19817871
v 0.33753818 0.11073069 0.18760075
v 0.34254855 0.10187829 0.18764296
v 0.31308886 0.11532753 0.21687701
v 0.34490556 0.09567926 0.18895474
v 0.33000466 0.11402416 0.19703984
v 0.31233934 0.10984542 0.22061548
v 0.31156018 0.10545500 0.22510652
v 0.33325052 0.12773360 0.18746842
v 0.32317442 0.13441430 0.19859563
v 0.32963607 0.13905194 0.18745285
v 0.32544860 0.14334169 0.19071279
v 0.31519595 0.14505535 0.20504835
v 0.31630856 0.12875354 0.20983587
v 0.31234041 0.13475786 0.21354215
v 0.30831105 0.14499576 0.21576774
v 0.31066957 0.13323417 0.21770127
v 0.30484319 0.14196995 0.22636326
v 0.33217973 0.09633844 0.20995522
v 0.30886367 0.13051094 0.22624139
v 0.31027639 0.12393758 0.22548187
v 0.34722289 0.09509343 0.18781401
v 0.28449598 0.18287668 0.20708525
v 0.28010538 0.18033206 0.21586758
v 0.28908694 0.17056152 0.21741322
v 0.29553708 0.17648913 0.20112815
v 0.29571554 0.16463254 0.21579604
v 0.30390307 0.17174678 0.19531976
v 0.29182523 0.18949965 0.18754907
v 0.30454791 0.17790653 0.18709122
v 0.28168121 0.19097458 0.19798358
v 0.28144923 0.19784164 0.18723132
v 0.27544156 0.17926641 0.22610974
v 0.29273847 0.16187255 0.22649948
v 0.28488648 0.17012052 0.22647502
v 0.27876937 0.17606971 0.22645034
v 0.31316838 0.16625708 0.18751109
v 0.30161646 0.15567663 0.21667022
v 0.30745292 0.15320073 0.20998608
v 0.31612191 0.16244997 0.18727222
v 0.29843986 0.15254679 0.22677854
v 0.32315376 0.15046923 0.18747933
v 0.27037528 0.19024239 0.21072239
v 0.27168018 0.18523052 0.21804354
v 0.26632354 0.18531580 0.22569153
v 0.26895356 0.20331487 0.18993884
v 0.26465818 0.20722555 0.18716814
v 0.26152661 0.20075676 0.20105238
v 0.26023716 0.19170551 0.21689343
v 0.25635430 0.19054832 0.22538641
v 0.24843344 0.20590226 0.20159124
v 0.24994907 0.19515145 0.21812406
v 0.24661653 0.21428157 0.18737307
v 0.24714924 0.19469918 0.22412971
v 0.24803142 0.19840504 0.21390529
v 0.23885548 0.19813487 0.21711233
v 0.23050596 0.21007434 0.20004122
v 0.23964429 0.21576968 0.18762915
v 0.22384754 0.21648341 0.19078737
v 0.22365014 0.21858965 0.18793052
v 0.23689754 0.19681004 0.22410323
v 0.20871416 0.21952841 0.18844816
v 0.21022238 0.20510627 0.21108755
v 0.21251883 0.19887654 0.21990186
v 0.22792569 0.19740674 0.22414391
v 0.20381883 0.19756760 0.22450058
v -0.43738556 0.05426026 -0.04952686
v -0.42601275 0.05503972 -0.04939288
v -0.42441145 0.05505878 -0.03750170
v -0.43770456 0.05429671 -0.03781389
v -0.45181841 0.05403553 -0.04849392
v -0.45371902 0.05489152 -0.03538079
v -0.41477400 0.05660430 -0.04718373
v -0.41500551 0.05641155 -0.03550600
v -0.43405294 0.05626924 -0.02666049
v -0.41930848 0.05730840 -0.02636962
v -0.45202914 0.05612815 -0.02713729
v -0.45321065 0.05536919 -0.05790245
v -0.43528903 0.05663128 -0.06371860
v -0.42227244 0.05756084 -0.06296199
v -0.45221424 0.05675908 -0.06491884
v -0.41389096 0.05798747 -0.05418523
v -0.41385123 0.06094815 -0.06758207
v -0.43713087 0.06116053 -0.07712214
v -0.45213932 0.06016972 -0.07505546
v -0.42172605 0.06130893 -0.07460333
v -0.41395390 0.06499715 -0.07864892
v -0.45444876 0.05958433 -0.07190739
v -0.42261472 0.06524260 -0.08291478
v -0.45363024 0.06292032 -0.08033632
v -0.41381773 0.06767194 -0.08367693
v -0.43593195 0.06630512 -0.08560421
v -0.41362810 0.05633686 -0.05140325
v -0.41345930 0.05633648 -0.03119546
v -0.45203406 0.06925508 -0.08996728
v -0.41393453 0.07237404 -0.09100763
v -0.45443296 0.05501245 -0.04831960
v -0.42336529 0.07297795 -0.09354268
v -0.41328260 0.05981165 -0.02288657
v -0.41394940 0.07646835 -0.09526975
v -0.45386001 0.07488146 -0.09588474
v -0.42131940 0.06141332 -0.01540316
v -0.43419129 0.06115043 -0.01451155
v -0.45235428 0.06011011 -0.01667869
v -0.41321856 0.06654242 -0.00863423
v -0.45554790 0.06803261 -0.08598686
v -0.45552364 0.06029070 -0.01961951
v -0.45389926 0.06318752 -0.01121732
v -0.45602036 0.05892502 -0.02682475
v -0.45629880 0.06350929 -0.07625920
v 0.41683596 -0.22472982 0.14272532
v 0.40060881 -0.21633111 0.13856611
v 0.39968768 -0.21859381 0.14689790
v 0.40471962 -0.21667485 0.13396789
v 0.40703520 -0.21676131 0.13072287
v 0.41316175 -0.22623140 0.15473835
v 0.40001497 -0.22271240 0.15849453
v 0.40674970 -0.22582453 0.16063248
v 0.41158673 -0.22632104 0.15673473
v 0.38933396 -0.21824427 0.15951237
v 0.39658946 -0.22415741 0.16863813
v 0.39625609 -0.21561232 0.14347288
v 0.38779074 -0.22106892 0.17561713
v 0.42022222 -0.22410566 0.13160676
v 0.38771081 -0.21318601 0.14998622
v 0.37916529 -0.21422227 0.17176038
v 0.38335040 -0.21422760 0.16009049
v 0.40793580 -0.21710378 0.12442182
v 0.38009021 -0.21605165 0.18177420
v 0.42035937 -0.22427186 0.10884751
v 0.40870452 -0.21709594 0.09221390
v 0.42001072 -0.22317955 -0.02296944
v 0.40882614 -0.21630701 -0.04808931
v 0.42079052 -0.22384079 0.04466434
v 0.40879858 -0.21656674 0.05029007
v 0.42080259 -0.22394361 -0.06093118
v 0.40880311 -0.21564195 -0.08329678
v 0.40881321 -0.21556734 -0.11890206
v 0.41259009 -0.21806014 -0.13943146
v 0.40976310 -0.21585619 -0.14820755
v 0.42071787 -0.22413203 -0.13768068
v 0.41410413 -0.22133555 -0.15697238
v 0.38432190 -0.21170482 0.15312934
v 0.37961417 -0.21005590 0.15953198
v 0.40916285 -0.21547699 -0.15859771
v 0.37569532 -0.20741694 0.16488314
v 0.37607536 -0.21010402 0.17089388
v 0.37651631 -0.21214302 0.18496968
v 0.41520464 -0.22300154 -0.15767996
v 0.41820875 -0.22434668 -0.14891247
v 0.37191087 -0.20399863 0.18303786
v 0.37204105 -0.20663849 0.19000405
v -0.00818050 -0.24831028 0.23088595
v -0.01200590 -0.27907738 0.23268011
v -0.00820458 -0.29917702 0.23011959
v -0.01192406 -0.25098428 0.23262580
v -0.00817541 -0.22300525 0.23161328
v -0.01066925 -0.30057800 0.23088200
v -0.01320489 -0.30985719 0.23256573
v -0.00828136 -0.31168047 0.22773638
v -0.01206525 -0.31207171 0.22954720
v -0.00799584 -0.20697139 0.23116012
v -0.00615649 -0.21014865 0.23111171
v -0.00663728 -0.22847721 0.23154671
v -0.00679466 -0.19260405 0.23272948
v -0.01117485 -0.20477492 0.23268604
v -0.00647787 -0.30256516 0.23121023
v -0.33484396 0.23045392 0.18723074
v -0.34436375 0.22122255 0.18684141
v -0.33661076 0.22328246 0.18719155
v -0.34142929 0.22662558 0.18608424
v -0.34830815 0.22137162 0.18498856
v -0.35010049 0.21573588 0.18647754
v -0.35699442 0.21380110 0.18426280
v -0.36357650 0.21665774 0.16908620
v -0.36502123 0.20658112 0.18376243
v -0.37512010 0.20016651 0.18008789
v -0.38148260 0.20035280 0.17075486
v -0.36908141 0.22064970 0.15366067
v -0.37833631 0.22094499 0.13948722
v -0.38751411 0.20000999 0.16221800
v -0.39851052 0.20050396 0.14448003
v -0.39142805 0.21619475 0.12806906
v -0.37455416 0.23608570 0.11900510
v -0.34886661 0.23880608 0.15316328
v -0.35298771 0.25317943 0.12339578
v -0.35883823 0.25351858 0.11343038
v -0.35082641 0.26255459 0.11032996
v -0.08449171 -0.25063056 0.22508304
v -0.08735835 -0.27513447 0.22894730
v -0.08597651 -0.28847778 0.22544779
v -0.08813909 -0.29073244 0.22886546
v -0.08635417 -0.24868442 0.22806454
v -0.08977580 -0.29025516 0.23265776
v -0.08876747 -0.27034104 0.23266806
v -0.08664513 -0.30690467 0.22626163
v -0.09094516 -0.30457810 0.23300403
v -0.08963259 -0.24010420 0.23265888
v -0.08478289 -0.30440313 0.22509304
v -0.08704761 -0.24032119 0.22913155
v -0.08942099 -0.23772994 0.23202625
v -0.09120540 -0.20690428 0.23285836
v -0.08705094 -0.21560866 0.22779870
v -0.08703423 -0.19899379 0.22841120
v -0.09152819 -0.19248250 0.23374704
v -0.09036326 -0.31189725 0.22933616
v -0.09164286 -0.31015202 0.23275761
v -0.08688357 -0.31196296 0.22678047
v -0.08728094 -0.19256479 0.23062779
v -0.09110279 -0.31563550 0.22697835
v -0.08481596 -0.19026932 0.23021168
v -0.08708775 -0.18884638 0.23319329
v -0.08445352 -0.23959652 0.22914307
v -0.08435917 -0.24834177 0.22836794
v 0.44843405 0.13855332 -0.11883677
v 0.42685255 0.13947661 -0.11743888
v 0.44356945 0.14717430 -0.11685140
v 0.42483664 0.14793822 -0.11531350
v 0.41311210 0.14322515 -0.11483367
v 0.45101926 0.14799108 -0.11648525
v 0.43158975 0.15378857 -0.11379576
v 0.44804019 0.13183829 -0.11953507
v 0.42582512 0.12799263 -0.11836648
v 0.41467267 0.12989594 -0.11658189
v 0.44794184 0.12533227 -0.11957660
v 0.44848457 0.15689224 -0.11340301
v 0.41318107 0.15272568 -0.11134005
v 0.42274475 0.15852696 -0.11065308
v 0.45217198 0.13341424 -0.11871263
v 0.43883243 0.16456236 -0.10852896
v 0.45292038 0.15685304 -0.11247543
v 0.41489133 0.11620875 -0.11567984
v 0.42861369 0.11304634 -0.11717382
v 0.41415963 0.11005548 -0.11470450
v 0.44872227 0.11282779 -0.11769732
v 0.41321322 0.13073184 -0.11688741
v 0.41324663 0.11212485 -0.11590115
v 0.45339647 0.11614012 -0.11715203
v 0.41308898 0.15827793 -0.10809683
v 0.42135000 0.16412167 -0.10691299
v 0.44869015 0.16844715 -0.10602338
v 0.45305380 0.16575111 -0.10715660
v 0.45342931 0.14335449 -0.11637411
v 0.41308641 0.16524756 -0.10340270
v 0.42200476 0.17206444 -0.10036617
v 0.41314313 0.16969965 -0.09945149
v 0.44790623 0.17461729 -0.10021733
v 0.45287085 0.17737259 -0.09623380
v 0.42475751 0.17602934 -0.09616505
v 0.41299805 0.17374329 -0.09488700
v 0.45431772 0.12958729 -0.11749396
v 0.45405555 0.17024454 -0.10246273
v 0.45548478 0.14995593 -0.11260900
v 0.14065892 0.16973020 0.22141507
v 0.13969932 0.17015201 0.21735941
v 0.13829049 0.16620082 0.22571546
v 0.13358785 0.16463935 0.21740605
v 0.14924195 0.17607717 0.22504629
v 0.14592636 0.17554285 0.21731122
v 0.15240812 0.18059230 0.21712835
v 0.15982361 0.18354325 0.22475703
v 0.14063887 0.16921428 0.22546542
v 0.15847586 0.18409847 0.21721616
v 0.13134789 0.15998749 0.22197783
v 0.16485506 0.18750694 0.21695425
v 0.16607022 0.18700418 0.22490712
v 0.17298295 0.19198371 0.21578175
v 0.17250519 0.18997645 0.22473991
v 0.17499626 0.19154556 0.22493292
v 0.15689366 0.18149360 0.22516164
v 0.13574918 0.16402242 0.22674771
v 0.18356442 0.19479215 0.22452959
v 0.18549259 0.19651882 0.21745719
v 0.13113694 0.15823969 0.22690654
v 0.12745778 0.15395862 0.22711687
v 0.12538224 0.15431336 0.21745396
v 0.12518428 0.15211116 0.22332960
v 0.12232967 0.14994240 0.21750493
v 0.19322416 0.19806562 0.21740098
v 0.19076383 0.19649552 0.22430341
v 0.20381883 0.19756760 0.22450058
v 0.21251883 0.19887654 0.21990186
v 0.10766815 0.15673646 0.20166509
v 0.09994029 0.15818787 0.18668415
v 0.10412130 0.15699603 0.19589476
v 0.10907499 0.16907457 0.18708129
v 0.12203760 0.17618068 0.19676629
v 0.12270050 0.18411121 0.18671896
v 0.13174707 0.18914615 0.19102322
v 0.13917130 0.19835164 0.18671267
v 0.13817669 0.18997924 0.19742122
v 0.12776250 0.17346242 0.20601791
v 0.13968633 0.18317355 0.20676373
v 0.11131170 0.15644714 0.20545329
v 0.14751250 0.19721340 0.19494425
v 0.15082338 0.20494477 0.18675143
v 0.15041918 0.18853517 0.20803644
v 0.12827881 0.16130194 0.21540980
v 0.15899783 0.20089105 0.19777198
v 0.16257958 0.19141656 0.21175830
v 0.16445944 0.21082979 0.18696649
v 0.17568325 0.19796768 0.20996170
v 0.18010104 0.19532739 0.21529844
v 0.18253636 0.21499923 0.19056526
v 0.17822537 0.21239913 0.19139817
v 0.18159126 0.21719141 0.18759325
v 0.21022238 0.20510627 0.21108755
v 0.20713831 0.22030525 0.18782438
v 0.20871416 0.21952841 0.18844816
v 0.22365014 0.21858965 0.18793052
v -0.25956544 -0.21807103 0.23323548
v -0.25984731 -0.31054541 0.23310430
v -0.25938219 -0.29789862 0.23139995
v -0.25922310 -0.22155298 0.23199844
v -0.25971791 -0.31206191 0.23011070
v 0.30129150 -0.35170177 0.23975372
v 0.29757050 -0.35081488 0.24415579
v 0.30184418 -0.35434976 0.24390125
v 0.29445475 -0.34758741 0.24146964
v 0.29918924 -0.34781739 0.23324975
v 0.29512906 -0.34466279 0.23306857
v 0.30305496 -0.35154396 0.23376478
v 0.30674577 -0.35583767 0.23425584
v 0.30522913 -0.35822862 0.24382010
v 0.31007457 -0.36105424 0.23441350
v 0.30839998 -0.36484808 0.24454416
v 0.31249419 -0.36739153 0.23463142
v 0.31083563 -0.37391400 0.24466434
v 0.31380400 -0.37370378 0.23562455
v 0.31168920 -0.38331050 0.24511448
v 0.31577739 -0.38456351 0.23416483
v 0.31589720 -0.39238760 0.23364593
v 0.31156674 -0.39124757 0.24440080
v 0.31550971 -0.37292382 0.23421504
v 0.28521353 -0.34233740 0.23865576
v 0.28881028 -0.34143004 0.23295099
v 0.28788209 -0.34636283 0.24447916
v 0.29357931 -0.35113105 0.24557993
v 0.28071687 -0.34285128 0.24250515
v 0.27295700 -0.34272027 0.24360546
v 0.27919129 -0.33882517 0.23279969
v 0.26858163 -0.33829737 0.23250449
v 0.26427680 -0.34300649 0.24214046
v 0.25924161 -0.34137043 0.23539218
v 0.25632066 -0.34670314 0.24350625
v 0.29880750 -0.38190138 0.24680156
v 0.25187653 -0.37043324 0.24800320
v 0.25470752 -0.40674031 0.24750504
v 0.29524556 -0.40676665 0.24617702
v 0.30834067 -0.38853079 0.24623261
v 0.27526084 -0.41479269 0.24652408
v 0.24129833 -0.39240408 0.24779333
v 0.29547432 -0.36586368 0.24673854
v 0.27950504 -0.35016999 0.24648649
v 0.30716240 -0.36802062 0.24589387
v 0.24540818 -0.36587527 0.24772151
v 0.25875655 -0.35474685 0.24692288
v 0.24381660 -0.39885509 0.24749680
v 0.29121846 -0.41270927 0.24581587
v 0.23900717 -0.38128075 0.24743561
v 0.30572644 -0.40140161 0.24532783
v 0.26495928 -0.41331378 0.24664618
v 0.24002469 -0.36992821 0.24720359
v 0.27076811 -0.34810850 0.24609247
v 0.25077093 -0.35252357 0.24559547
v 0.24193765 -0.36345014 0.24642780
v 0.28537494 -0.41810295 0.24440965
v 0.26390097 -0.34522772 0.24430463
v 0.30011216 -0.40893874 0.24446431
v 0.27016267 -0.41843075 0.24451685
v 0.27618223 -0.41879386 0.24447751
v 0.30809310 -0.40022287 0.24431700
v 0.24828243 -0.35095140 0.24319473
v -0.00663728 -0.22847721 0.23154671
v -0.00647787 -0.30256516 0.23121023
v -0.00615125 -0.21605384 0.23293446
v -0.00606794 -0.29787296 0.23298165
v -0.00574421 -0.31076545 0.23151754
v -0.00620697 -0.31228828 0.22863166
v -0.00615649 -0.21014865 0.23111171
v -0.00679466 -0.19260405 0.23272948
v 0.00102802 0.32715884 0.07829075
v 0.00027943 0.32814530 0.08589009
v 0.00104715 0.31712806 0.07812598
v 0.00077673 0.31409043 0.08097509
v 0.00053086 0.31113681 0.08578049
v 0.00094403 0.32822087 0.08152296
v -0.00062596 0.33179191 0.08168410
v -0.00121147 0.32995951 0.08856930
v -0.00137210 0.31137186 0.08890609
v -0.33778003 -0.16356763 0.18740033
v -0.35489520 -0.16273503 0.18748727
v -0.34664038 -0.17047878 0.18679358
v -0.35475925 -0.17521170 0.18509315
v -0.37133533 -0.16295317 0.18492314
v -0.37414780 -0.17240942 0.18180987
v -0.36084086 -0.18353036 0.18154384
v -0.37594023 -0.16352172 0.18377021
v -0.37163776 -0.18971026 0.17627996
v -0.37758455 -0.17027994 0.18112805
v -0.36538827 -0.18903849 0.17881820
v -0.36887333 -0.19420686 0.17557147
v -0.35246620 -0.17563002 0.18589571
v -0.37774840 -0.18470386 0.17528780
v -0.37523380 -0.19363496 0.17251843
v -0.37201443 -0.20033695 0.17112620
v -0.37542191 -0.20427252 0.16547911
v -0.38691986 -0.18897521 0.16269390
v -0.38447440 -0.20975246 0.15282011
v -0.39723545 -0.20105422 0.14533396
v -0.39218509 -0.21261862 0.14422825
v -0.40213531 -0.21433653 0.13454369
v -0.40357521 -0.20183499 0.13898751
v -0.40860862 -0.21444373 0.12975496
v -0.41102567 -0.20577510 0.13091463
v -0.40096110 -0.19030489 0.14627853
v -0.40527704 -0.18847056 0.14182599
v -0.41217604 -0.19470105 0.13322788
v -0.38848796 -0.18121451 0.16480738
v -0.39271998 -0.17690185 0.16144411
v -0.37895477 -0.16534677 0.18048094
v -0.39974082 -0.21550001 0.13680843
v -0.38805485 -0.21345249 0.14876954
v -0.38341719 -0.21188572 0.15358952
v -0.37782708 -0.20774966 0.16262464
v -0.37663865 -0.11129599 0.18323384
v -0.37946498 -0.09279092 0.18078527
v -0.37864003 -0.02676328 0.18134937
v -0.37681359 -0.05461218 0.18284567
v -0.37672362 0.03557825 0.18276323
v -0.40704450 -0.16815504 0.14033341
v -0.39065111 -0.16364141 0.16481206
v -0.38188851 -0.14260481 0.17677484
v -0.38142499 -0.02367275 0.17753695
v -0.39114547 -0.09701561 0.16485940
v -0.37855017 0.04876291 0.18123016
v -0.38266391 0.04253550 0.17569615
v -0.37971309 0.08142116 0.18036278
v -0.39154759 0.03905895 0.16333511
v -0.39294615 -0.03965716 0.16148221
v -0.39281943 0.08497047 0.16231598
v -0.38164783 0.08483900 0.17767985
v -0.39264134 0.13636348 0.16262741
v -0.38008404 0.18150970 0.18055594
v -0.38880691 0.18107608 0.16800337
v -0.38029450 0.15587871 0.18031591
v -0.40016189 0.18124454 0.15142787
v -0.39943480 0.14880687 0.15274496
v -0.39759409 -0.00198011 0.15463340
v -0.40701118 -0.03356788 0.14042221
v -0.40612391 -0.08060315 0.14189968
v -0.40173885 -0.16878088 0.14821860
v -0.40070274 0.04048741 0.14980100
v -0.40656713 0.06759425 0.14076783
v -0.40036500 0.09170114 0.15117180
v -0.41205239 -0.12077331 0.13368119
v -0.41168690 -0.01494103 0.13399792
v -0.41161683 0.03103452 0.13389713
v -0.41148689 0.09532597 0.13315086
v -0.40693629 0.13394693 0.13989936
v -0.40695938 0.18194230 0.13966177
v -0.41176957 0.18102382 0.13167968
v -0.41323498 -0.19541688 0.13119873
v -0.41319305 -0.14205210 0.13110995
v -0.41321999 -0.08886552 0.13112770
v -0.37741807 0.19795346 0.17893818
v -0.41279957 0.01654402 0.13148580
v -0.41231811 0.09973460 0.13126205
v -0.38751411 0.20000999 0.16221800
v -0.39250347 0.19866613 0.15504546
v -0.40857849 -0.21723624 0.13003480
v -0.39851052 0.20050396 0.14448003
v -0.40551144 0.20133740 0.13141963
v -0.41233349 0.18147422 0.12824887
v -0.38148260 0.20035280 0.17075486
v -0.40788406 0.20162308 0.12040682
v -0.37512010 0.20016651 0.18008789
v -0.41279906 0.07278303 0.12724003
v -0.41317976 0.08479882 0.11832920
v -0.41270617 0.18171053 0.12202074
v -0.41318041 -0.03805228 0.12512855
v -0.41319099 0.05107300 0.11343203
v -0.40923631 -0.21719699 0.10621707
v -0.41374967 -0.19389339 0.11060686
v -0.41300169 0.18166707 0.10749666
v -0.40830165 0.20143548 0.10773150
v -0.40936130 -0.21427758 0.08891275
v -0.41349369 -0.11028356 0.09591296
v -0.41356575 -0.17396253 0.10493694
v -0.41373292 -0.19334891 0.08439018
v -0.41376221 -0.17770328 0.03815926
v -0.41400439 -0.19159865 0.03486855
v -0.41406402 -0.19234183 -0.05874975
v -0.41398326 -0.17201670 -0.08530717
v -0.41372305 -0.15809232 -0.00822266
v -0.41360071 -0.14497651 0.06749075
v -0.41369396 -0.11014119 0.00043965
v -0.41375944 -0.09596762 -0.04781187
v -0.41361970 -0.07245024 0.03245419
v -0.41372687 -0.03817524 -0.03884662
v -0.41360116 -0.01479280 0.04039000
v -0.41341278 -0.00491640 0.09027711
v -0.41363949 0.01964656 0.00009425
v -0.41387832 -0.05035206 -0.08864529
v -0.41390672 -0.12616044 -0.07872990
v -0.41393092 -0.10849258 -0.11905862
v -0.41393259 -0.15993083 -0.14558314
v -0.41417888 -0.19317482 -0.13810141
v -0.41423002 -0.19024490 -0.08943502
v -0.41389370 -0.10970518 -0.15176198
v -0.41389343 -0.04895644 -0.15156360
v -0.41400230 -0.02331869 -0.14707744
v -0.41389039 0.04403269 -0.14620325
v -0.41379565 0.01362911 -0.06567778
v -0.41347647 0.04475734 0.06051452
v -0.41331613 0.12663195 0.07967895
v -0.41320193 0.18120000 0.01411998
v -0.41325328 0.15230620 0.03035488
v -0.41338009 0.12711537 0.03118470
v -0.41314575 0.16460496 0.01295496
v -0.41314122 0.15719448 0.01752284
v -0.41314897 0.14741911 0.02120867
v -0.41315430 0.16910160 0.00954486
v -0.41318205 0.17534013 0.00357435
v -0.41336715 0.08824506 0.02592576
v -0.41359028 0.04745788 -0.03692858
v -0.41385123 0.06094815 -0.06758207
v -0.41384119 0.05099464 -0.07634363
v -0.41395390 0.06499715 -0.07864892
v -0.41380596 0.06321355 -0.11771314
v -0.41389599 0.10221236 -0.14670955
v -0.41383386 0.12792951 -0.11712727
v -0.41373840 0.14621496 -0.11568668
v -0.41386762 0.16424169 -0.15107355
v -0.41360909 0.15834290 -0.11073183
v -0.41396442 0.09672861 -0.11591882
v -0.41403964 0.09177170 -0.10668264
v -0.41400570 0.09940411 -0.11071157
v -0.41394940 0.07646835 -0.09526975
v -0.41393453 0.07237404 -0.09100763
v -0.41361842 0.06268715 -0.00542913
v -0.41345510 0.07541647 0.01132532
v -0.41401455 0.11131740 -0.11525008
v -0.41386849 0.10012910 -0.11203652
v -0.41377157 0.01532005 -0.15212715
v -0.41381773 0.06767194 -0.08367693
v -0.41362810 0.05633686 -0.05140325
v -0.41345930 0.05633648 -0.03119546
v -0.41329169 0.18151130 -0.12997663
v -0.41350588 0.18100035 -0.15101384
v -0.41334060 0.16390239 -0.10616489
v -0.41284835 0.18025492 -0.09739041
v -0.41334242 0.12991153 0.02346337
v -0.40926611 -0.21724008 0.04994989
v -0.40923330 -0.21469665 -0.01426385
v -0.40914035 -0.21687603 -0.03156121
v -0.41300264 0.10697128 0.02133618
v -0.41320997 0.08952851 0.01847631
v -0.41316271 0.18190263 0.05133878
v -0.41394702 -0.18862689 -0.15122317
v -0.40963745 -0.21422158 -0.06416904
v -0.41280797 0.18153089 -0.00688043
v -0.40951130 -0.21736890 -0.04598945
v -0.40942696 -0.21433514 -0.11947520
v -0.40943900 -0.21689893 -0.10800471
v -0.40967560 -0.21707933 -0.13451625
v -0.40968505 -0.21447849 -0.14220615
v -0.41352126 -0.15832666 -0.15423974
v -0.41347227 -0.19329359 -0.15451273
v -0.41332278 -0.19824867 -0.14651512
v -0.41315305 0.07374498 0.00117148
v -0.41299599 0.07800858 0.00541241
v -0.41321856 0.06654242 -0.00863423
v -0.41328260 0.05981165 -0.02288657
v -0.41327405 0.17228241 -0.09790777
v -0.41326249 0.17737678 -0.09141259
v -0.41294721 0.08278503 0.00948787
v -0.41013831 -0.21700722 -0.14333618
v -0.41212282 -0.20205496 0.01463079
v -0.41233632 -0.20241967 -0.10963248
v -0.41120765 -0.20674185 -0.03891632
v -0.41144827 -0.20490484 0.10372582
v -0.41261184 0.18159842 -0.08391389
v -0.41284600 0.08843280 0.01343368
v -0.41283292 0.09617414 0.01754069
v -0.41352487 -0.10487470 -0.15472743
v -0.41073412 0.19183874 -0.10452441
v -0.40959138 0.19784476 -0.07004236
v -0.41156054 0.18827367 -0.00188874
v -0.40958473 0.19833247 -0.03549514
v -0.41331694 0.03486974 -0.15448691
v -0.41305104 0.08364473 -0.15413186
v -0.41293797 0.17998175 -0.15403563
v -0.40942395 0.19832635 0.01960429
v -0.40841320 0.20135224 0.06808723
v -0.41212633 0.18534385 -0.07257262
v -0.41212633 0.18729272 -0.06221904
v -0.40895587 0.20157051 -0.14988314
v -0.41000274 0.19535102 -0.15070567
v -0.40880558 0.20095173 -0.08851034
v -0.41172713 0.18952991 -0.04098761
v -0.41218656 0.18646854 -0.02472304
v -0.41250253 0.18421437 -0.01694082
v -0.41389096 0.05798747 -0.05418523
v -0.40898198 -0.21395314 -0.14815846
v -0.41308755 0.18048553 -0.00588065
v -0.40753722 -0.21472310 -0.15360375
v -0.40854028 0.20122655 -0.02302974
v -0.41390702 0.14539781 -0.11536776
v -0.40655100 -0.21216467 -0.15691900
v -0.40588984 -0.21332969 -0.15912339
v -0.37151960 -0.20426758 0.18945287
v -0.41042572 -0.20147717 -0.15639316
v -0.36702490 -0.19858250 0.19768073
v -0.37403503 -0.21062385 0.18879732
v -0.37686452 -0.21150453 0.18442823
v -0.36704308 -0.20165890 0.19792809
v -0.37344608 -0.22113056 0.19065408
v -0.38204136 -0.21766761 0.18027891
v -0.36204162 -0.18826920 0.19047958
v -0.41090789 0.16303881 -0.15749568
v -0.37952313 -0.22388072 0.18418515
v -0.36725989 -0.23417574 0.19800720
v -0.36321118 -0.19458608 0.20104906
v -0.35485512 -0.18176316 0.19466826
v -0.41124943 -0.19373180 -0.15800074
v -0.41171417 -0.15846531 -0.15701751
v -0.41199553 -0.10966800 -0.15717219
v -0.41176575 -0.03145488 -0.15720272
v -0.40680200 0.20374395 -0.10880996
v -0.41240454 0.18801220 -0.03698581
v -0.41232392 0.18832909 -0.04928480
v -0.38128394 -0.24719805 0.18403350
v -0.40256307 -0.20840313 -0.16162050
v -0.41068441 0.08661199 -0.15766950
v -0.41102722 0.05294601 -0.15764727
v -0.41357085 -0.22380671 -0.15780698
v -0.40684903 0.20346078 0.01219154
v -0.40849951 0.18088183 -0.16027039
v -0.36809692 -0.26243594 0.19776490
v -0.37497264 -0.27595672 0.19096737
v -0.37127039 -0.32906207 0.19512047
v -0.39171636 -0.27293792 0.17446248
v -0.40122801 -0.33016011 0.16526614
v -0.39025891 -0.39113700 0.17721999
v -0.36999947 -0.37011766 0.19709828
v -0.37178555 -0.39705792 0.19601028
v -0.41037834 -0.33764803 0.15600087
v -0.40377715 -0.38611042 0.16344550
v -0.41211855 -0.30318698 0.15456051
v -0.41220954 -0.24602887 0.15462145
v -0.39687118 -0.23617600 0.16871314
v -0.40144971 -0.22768725 0.16403536
v -0.41471151 -0.30084321 0.15155092
v -0.41435814 -0.33710417 0.15152416
v -0.41391581 -0.22773641 0.15270561
v -0.41380495 -0.38488224 0.15270378
v -0.41127318 -0.38449726 0.15559232
v -0.39181805 -0.39282495 0.17439818
v -0.38089791 -0.39674571 0.18617748
v -0.37551579 -0.40889195 0.18397760
v -0.37101999 -0.40331540 0.19418831
v -0.39121494 -0.40803054 0.16249630
v -0.38451865 -0.41641366 0.16433237
v -0.36092612 -0.42209649 0.19237830
v -0.37339479 -0.43813542 0.15972927
v -0.36437953 -0.43844059 0.17224699
v -0.35709298 -0.43870705 0.18248856
v -0.35196093 -0.43763104 0.19071890
v -0.37674949 -0.43694264 0.15635817
v -0.38524395 -0.43717876 0.14545630
v -0.40629447 0.20481825 -0.14913581
v -0.40380698 -0.40425304 0.14957887
v -0.40618685 -0.41670677 0.13672277
v -0.39467958 -0.43718871 0.13380323
v -0.38619140 -0.22170150 0.17719714
v -0.39788854 0.21393274 -0.02860782
v -0.39467707 0.21790203 -0.10629836
v -0.36653069 0.24853997 0.02081219
v -0.37910259 0.23524220 -0.08440553
v -0.39719868 0.21471027 0.02029287
v -0.39052778 0.22275133 -0.14326425
v -0.38272712 0.23151331 -0.13991068
v -0.36738098 0.24782406 -0.03149845
v -0.36628222 0.24931282 -0.11615181
v -0.35370240 0.26252574 -0.07739669
v -0.35360166 0.26216757 -0.02125727
v -0.35298955 0.26270536 0.03039969
v -0.35490170 0.26033527 0.08331362
v -0.36714536 0.24752085 0.08772771
v -0.36784169 0.24642023 0.10639867
v -0.35247329 0.26219416 0.10263800
v -0.35376418 0.26242578 -0.12680668
v -0.37007651 0.24498542 -0.13879715
v -0.38065550 0.23256719 0.10776351
v -0.39750287 0.21385746 0.07441302
v -0.39377189 0.21800803 0.11412247
v -0.39403296 -0.22635877 0.17059998
v -0.40192202 0.20164102 -0.15892750
v -0.40248322 0.15671808 -0.16811502
v -0.39507258 0.18083736 -0.17701603
v -0.40403548 0.08748709 -0.16599891
v -0.39900249 0.03981134 -0.17259540
v -0.40394285 -0.02244174 -0.16693987
v -0.41434839 -0.39381224 0.14541423
v -0.38748062 -0.21767730 0.15894082
v -0.37455416 0.23608570 0.11900510
v -0.35883823 0.25351858 0.11343038
v -0.35082641 0.26255459 0.11032996
v -0.39142805 0.21619475 0.12806906
v -0.35287222 0.26248753 -0.13835365
v -0.39110234 -0.44237834 0.13144365
v -0.39375710 -0.44071418 0.13003841
v -0.41962111 -0.22403987 -0.13818884
v -0.39149031 -0.21841818 0.15420710
v -0.42002720 -0.22400035 -0.11960842
v -0.42029583 -0.22422279 -0.05907292
v -0.41943529 -0.22331090 -0.01561390
v -0.41931233 -0.22341090 0.05232501
v -0.41968629 -0.22382499 0.12988926
v -0.41548848 -0.22542155 0.14549039
v -0.39979208 -0.21798554 0.14356047
v -0.41747361 -0.22594076 0.14189367
v -0.42065841 -0.22705415 0.13017236
v -0.41765538 -0.24187200 0.14252420
v -0.42088574 -0.25830057 0.13142398
v -0.41491610 -0.23507269 0.15092579
v -0.41979724 -0.29949561 0.13600767
v -0.41837013 -0.33678100 0.13964033
v -0.41706812 -0.39036596 0.14367908
v -0.42089882 -0.38376397 0.13047670
v -0.42077157 -0.33509722 0.13110131
v -0.42104495 -0.39367279 0.12945561
v -0.42092505 -0.30050451 0.13136272
v -0.42102402 -0.38391691 0.08383799
v -0.42107415 -0.39413735 0.03589190
v -0.42091000 -0.38142800 -0.02211630
v -0.42100024 -0.39393920 -0.11263233
v -0.42085943 -0.38321832 -0.11716992
v -0.42086148 -0.39533570 -0.13713925
v -0.42083389 -0.33510917 -0.06697359
v -0.42090195 -0.36425054 -0.00359204
v -0.42079067 -0.30843183 0.03040284
v -0.42090982 -0.35406750 0.05086524
v -0.42067933 -0.26186734 -0.01399850
v -0.42085987 -0.34961084 0.09384403
v -0.42064959 -0.26217762 0.06612688
v -0.42086169 -0.22674067 -0.05584373
v -0.42073220 -0.24734108 -0.08255886
v -0.42067179 -0.22663380 0.03649735
v -0.42069066 -0.22680934 -0.13822266
v -0.42080683 -0.29995167 -0.09794815
v -0.42067817 -0.25761229 -0.13621429
v -0.42068267 -0.32384485 -0.13814108
v -0.42073032 -0.39350119 -0.13810167
v -0.42069685 -0.27894208 0.10523300
v -0.42085057 -0.39614078 0.12726083
v -0.42081589 -0.39640126 -0.04479245
v -0.42044565 -0.26076826 -0.13852151
v -0.42081243 -0.39617670 0.02766935
v -0.42066345 -0.39641729 -0.11342544
v -0.42005667 -0.22425027 0.08943592
v -0.42068222 -0.22679366 0.08464071
v -0.41762269 -0.22492993 -0.14721011
v -0.41312411 -0.34459880 -0.15825833
v -0.41322759 -0.28483468 -0.15774870
v -0.41325921 -0.24144745 -0.15794499
v -0.41548860 -0.39564118 -0.15199235
v -0.41265088 -0.39577809 -0.15907329
v -0.41549915 -0.40667990 -0.13759223
v -0.41054207 -0.40907675 -0.14864543
v -0.41601580 -0.40594015 -0.05093673
v -0.41580093 -0.40606034 0.00987711
v -0.41518688 -0.40738857 0.04632721
v -0.41583088 -0.40607038 0.11296240
v -0.40863863 -0.41961655 -0.10221223
v -0.40937617 -0.41870207 -0.13665864
v -0.40921822 -0.41807598 -0.01117262
v -0.41351178 -0.40995154 0.12687041
v -0.40171450 -0.43127868 0.03636643
v -0.39489311 -0.44320020 0.08026969
v -0.40910104 -0.41835386 0.11725221
v -0.39508712 -0.44296247 0.11895114
v -0.40720975 -0.42102304 0.12587567
v -0.41578436 -0.39876586 0.13834795
v -0.39414823 -0.44383371 -0.01715028
v -0.39430028 -0.44374904 0.03233869
v -0.39982742 -0.43467900 -0.10498388
v -0.39407369 -0.44422168 -0.10587593
v -0.39434618 -0.44348830 -0.13070723
v -0.40730742 -0.41792923 -0.14472185
v -0.40743628 -0.41138753 -0.15352830
v -0.39624992 -0.43947870 -0.13393392
v -0.40172517 -0.42270190 -0.15021731
v -0.41158041 -0.34892893 -0.16038574
v -0.41071439 -0.39581078 -0.16168511
v -0.38956735 -0.44175541 -0.14668117
v -0.40750796 -0.22141784 -0.16533059
v -0.39588568 -0.29872093 -0.17939474
v -0.39251781 -0.36978680 -0.18384494
v -0.39228064 -0.39709631 -0.18451728
v -0.37606585 -0.36904293 -0.20363127
v -0.37549573 -0.31489891 -0.20405805
v -0.37211239 -0.39730805 -0.20904693
v -0.39773643 -0.26487181 -0.17695144
v -0.40192872 -0.21890201 -0.17197737
v -0.38147339 -0.22028250 -0.19641131
v -0.37520400 -0.20551568 -0.20371868
v -0.37167653 -0.22475386 -0.20831226
v -0.35956645 -0.20611821 -0.22262731
v -0.35917801 -0.24505836 -0.22335906
v -0.35959893 -0.33538035 -0.22270928
v -0.35936180 -0.36787471 -0.22312021
v -0.35936034 -0.29142275 -0.22332530
v -0.35951588 -0.39816678 -0.22372359
v -0.38477543 -0.20702215 -0.19131327
v -0.39535034 -0.21480095 -0.17949672
v -0.38871080 -0.20793343 -0.18546475
v -0.39120859 -0.20119494 -0.17338379
v -0.37148842 -0.19970888 -0.20637178
v -0.35935894 -0.19730380 -0.22213833
v -0.39801615 -0.20601644 -0.16669476
v -0.37123731 -0.19431143 -0.20226145
v -0.37841353 -0.18939322 -0.18537427
v -0.38617533 -0.19745609 -0.17790295
v -0.38194612 -0.19209346 -0.18130894
v -0.37396011 -0.18386908 -0.18868555
v -0.41289720 -0.22124140 -0.15342349
v -0.37259680 -0.18497133 -0.19030708
v -0.38691968 -0.40544388 -0.18608095
v -0.38221693 -0.40889433 -0.19003627
v -0.35813415 -0.40782863 -0.22007962
v -0.39590862 -0.40813261 -0.17143019
v -0.37621075 -0.42761123 -0.18140799
v -0.36785325 -0.42973563 -0.19248825
v -0.36694029 -0.42455536 -0.19839586
v -0.36598033 -0.44294113 -0.18123308
v -0.37587038 -0.44304341 -0.16544868
v -0.35686642 -0.44172165 -0.19737403
v -0.35231185 -0.44189939 -0.20363371
v -0.35639802 -0.41670185 -0.21614009
v -0.35440126 -0.43085623 -0.20884760
v -0.38754395 -0.42670804 -0.16532050
v -0.38449928 -0.44211462 -0.15348242
v -0.36376843 -0.18861179 -0.20733298
v -0.35207650 -0.19555944 -0.22879319
v -0.38320285 -0.45581594 -0.10678917
v -0.37428451 -0.46512720 -0.02306770
v -0.37493098 -0.46421790 0.04183301
v -0.38697416 -0.45139408 0.05743673
v -0.38441604 -0.45371607 0.10273321
v -0.36659274 -0.47310492 -0.04759868
v -0.36653253 -0.47278109 -0.10203955
v -0.36565527 -0.47351578 0.04962681
v -0.36483380 -0.47322071 0.10480849
v -0.38018322 -0.45810205 -0.12573853
v -0.36563918 -0.47288883 -0.11957216
v -0.38393003 -0.44803232 -0.14371313
v -0.37687102 -0.45644513 -0.13852365
v -0.36227870 -0.47283092 -0.12798905
v -0.38773736 -0.44961002 0.11901840
v -0.36418435 -0.47300345 0.11749558
v -0.40117592 -0.18471931 -0.16967550
v -0.39995039 -0.17887579 -0.17176366
v -0.40117058 -0.09979009 -0.17035414
v -0.39907348 -0.04771117 -0.17270154
v -0.40348521 -0.14664014 -0.16718581
v -0.38979506 -0.14324424 -0.18322326
v -0.38062790 -0.09757246 -0.19385040
v -0.38288292 0.03301681 -0.19122231
v -0.39210516 0.08609936 -0.18013291
v -0.39102882 0.14847451 -0.18162471
v -0.38052094 0.18192975 -0.19397192
v -0.38068068 0.09128423 -0.19315849
v -0.37246239 -0.14484079 -0.20279717
v -0.38159156 -0.16580576 -0.19273967
v -0.37111139 0.14775407 -0.20355773
v -0.37187907 0.18268999 -0.20345739
v -0.37311172 -0.09605442 -0.20209320
v -0.37457600 -0.02364040 -0.20029129
v -0.37099773 0.08984971 -0.20383047
v -0.38118088 0.19789621 -0.18735792
v -0.36982164 0.19809228 -0.20256527
v -0.38904488 0.19039421 -0.18046333
v -0.38412514 0.20041263 -0.18182865
v -0.39148712 -0.17462184 -0.18116276
v -0.37081429 -0.03859111 -0.20402795
v 0.11039824 0.10618611 0.22339539
v 0.10862052 0.10866630 0.21709719
v 0.10641457 0.09691069 0.21749979
v 0.10997764 0.10266706 0.22560082
v 0.10570543 0.09206063 0.21864495
v 0.10845783 0.09069391 0.22566314
v 0.11185816 0.11139182 0.22708844
v 0.11319505 0.12446269 0.22646536
v 0.10649419 0.08743763 0.21797521
v 0.11037057 0.08332746 0.22573560
v 0.10960576 0.08156785 0.22110060
v 0.10883822 0.07985370 0.21792421
v 0.11410509 0.07222632 0.22094879
v 0.11337648 0.07064607 0.21789090
v 0.11671489 0.06390864 0.21848813
v 0.11119951 0.08463750 0.22647697
v 0.11855094 0.06952536 0.22732674
v 0.11527002 0.07413467 0.22721753
v 0.10411024 0.09063388 0.21809922
v 0.07649709 0.10835461 0.18692347
v 0.07216366 0.09591846 0.18663205
v 0.07790592 0.10118796 0.20043145
v 0.08088951 0.11861410 0.18716136
v 0.08477402 0.12273872 0.19343942
v 0.07476189 0.09399635 0.20021431
v 0.08483493 0.12862694 0.18719473
v 0.08840753 0.12877485 0.19482149
v 0.08942828 0.14092842 0.18673822
v 0.08436216 0.11830094 0.19672838
v 0.09516932 0.14182845 0.19566736
v 0.09646218 0.15234081 0.18709460
v 0.10412130 0.15699603 0.19589476
v 0.09994029 0.15818787 0.18668415
v 0.10766815 0.15673646 0.20166509
v 0.07838161 0.09340579 0.20567566
v 0.10480200 0.14633928 0.20470771
v 0.09381383 0.12009376 0.20607656
v 0.08500858 0.09438543 0.21188983
v 0.09756317 0.11099066 0.21490853
v 0.09988146 0.12168330 0.21134609
v 0.09351218 0.09672181 0.21865809
v 0.11108146 0.14382043 0.21191119
v 0.11131170 0.15644714 0.20545329
v 0.09019928 0.09273031 0.21731284
v 0.10525353 0.12321792 0.21478784
v 0.12232967 0.14994240 0.21750493
v 0.11606326 0.13904917 0.21771142
v 0.12538224 0.15431336 0.21745396
v 0.12827881 0.16130194 0.21540980
v 0.13358785 0.16463935 0.21740605
v 0.08289158 0.09239080 0.20983122
v 0.11434560 0.13014410 0.21867555
v 0.11703455 0.13774905 0.22109812
v 0.12109457 0.14453188 0.22434472
v 0.12518428 0.15211116 0.22332960
v 0.09485111 0.09310879 0.21989150
v 0.11225414 0.12661220 0.21801692
v 0.11397929 0.12671606 0.22132912
v 0.11240029 0.11632084 0.22138305
v 0.10746878 0.11992949 0.21621971
v 0.12440103 0.14923267 0.22763036
v 0.12250383 0.14304905 0.22666070
v 0.12623769 0.15146807 0.22688092
v 0.12745778 0.15395862 0.22711687
v 0.11998633 0.14162703 0.22680472
v 0.11761937 0.13671960 0.22672729
v 0.11528830 0.12829335 0.22613239
v 0.11079495 0.11006974 0.21802564
v 0.07175378 0.09289686 0.18692929
v 0.10106889 0.11011338 0.21616231
v 0.09676006 0.10063769 0.21810950
v 0.09985456 0.09242570 0.21893555
v 0.18385494 -0.01592000 0.18939769
v 0.18428473 -0.01196420 0.19613630
v 0.16602863 -0.00751522 0.19729520
v 0.18114980 -0.00468323 0.20591462
v 0.15998754 -0.00097092 0.20502904
v 0.15880534 -0.00611413 0.19728556
v 0.20828815 -0.00845177 0.20642148
v 0.20815045 -0.01560972 0.19644009
v 0.20763406 -0.02098481 0.18714346
v 0.20767450 -0.00195067 0.21385735
v 0.18359084 -0.01780447 0.18714988
v 0.16657679 -0.01273062 0.18739679
v 0.18100829 0.00291263 0.21401945
v 0.19641468 0.01183329 0.22630084
v 0.20867991 0.00872860 0.22490819
v 0.20049590 0.01591835 0.23216780
v 0.19153994 0.01822639 0.23392022
v 0.18528420 0.01466476 0.22696067
v 0.18116854 0.01196780 0.22255768
v 0.18615378 0.01870701 0.23313232
v 0.17826718 0.02060923 0.23271219
v 0.18081512 0.02250461 0.23537007
v 0.20949826 0.01546185 0.23211823
v 0.17007373 0.01967405 0.22632343
v 0.16759074 0.01639706 0.22174187
v 0.16974390 0.02577448 0.23488152
v 0.16146480 0.00685140 0.21231075
v 0.15563728 -0.01002899 0.18741001
v 0.15128873 0.00655857 0.20701645
v 0.15262547 -0.00091275 0.19946648
v 0.14579700 -0.00391494 0.18977647
v 0.14265576 -0.00498140 0.18712349
v 0.13447262 0.00304501 0.18968122
v 0.13040158 0.00243467 0.18725735
v 0.15832296 0.02333532 0.22247835
v 0.16051728 0.02938540 0.23209693
v 0.15944384 0.03349065 0.23522359
v 0.15338033 0.03473433 0.23249905
v 0.15682840 0.03544685 0.23571078
v 0.13242821 0.01155706 0.19750798
v 0.14046553 0.01520999 0.20782450
v 0.14881450 0.02155056 0.21634817
v 0.12831686 0.02576981 0.20817125
v 0.11910517 0.01547744 0.18954319
v 0.12076623 0.02567832 0.20154755
v 0.15497799 0.02964200 0.22632056
v 0.14668049 0.03210723 0.22161175
v 0.12240495 0.03196768 0.20879330
v 0.11988883 0.01097950 0.18726437
v 0.14049309 0.03775796 0.22153635
v 0.14291948 0.04321477 0.23236802
v 0.14918898 0.04005405 0.23482582
v 0.15418905 0.03781480 0.23510469
v 0.13918300 0.05044270 0.23443064
v 0.13424566 0.05169295 0.23213081
v 0.10836478 0.02417303 0.18734346
v 0.10785757 0.02855769 0.18960340
v 0.12843309 0.04541962 0.21884038
v 0.13108680 0.04775298 0.22206753
v 0.13749261 0.04226577 0.22330408
v 0.09976514 0.03996386 0.18971674
v 0.12651736 0.05307833 0.22154371
v 0.10478257 0.04310955 0.19850880
v 0.11452883 0.04108954 0.20775437
v 0.09578969 0.04177255 0.18703198
v 0.12904607 0.05842770 0.23220488
v 0.11215155 0.05244333 0.21169508
v 0.14071195 0.05004222 0.23496358
v 0.10599703 0.05264088 0.20660539
v 0.12165223 0.05639839 0.21896368
v 0.12298913 0.05775956 0.22131030
v 0.10381131 0.06659178 0.21105984
v 0.10740371 0.07053685 0.21470413
v 0.09802973 0.07401434 0.21033335
v 0.10173970 0.08034626 0.21490709
v 0.09408239 0.08259130 0.21220784
v 0.09700564 0.08736730 0.21660480
v 0.09269151 0.08828360 0.21518853
v 0.08221285 0.08523769 0.20191853
v 0.09169696 0.06601580 0.19912001
v 0.08954521 0.05297393 0.18686733
v 0.07985201 0.08400780 0.19748820
v 0.08957618 0.06217062 0.19333903
v 0.12238527 0.06497736 0.22816467
v 0.12553757 0.05996298 0.22867906
v 0.12801129 0.06308485 0.23198450
v 0.08374649 0.06676769 0.18699184
v 0.08185425 0.07494331 0.19062987
v 0.07619218 0.08321346 0.18705112
v 0.18759315 0.02105449 0.23377202
v 0.12558681 0.06919259 0.22921994
v 0.13054703 0.14104351 0.22846544
v 0.13037083 0.14318210 0.22611524
v 0.13062203 0.13702811 0.23068494
v 0.13476461 0.14599124 0.23078001
v 0.13549662 0.14519903 0.23225422
v 0.12615657 0.13803293 0.22531630
v 0.12035160 0.12429837 0.22509696
v 0.12728412 0.12367123 0.23178400
v 0.12319595 0.11500473 0.22936952
v 0.12832272 0.11380334 0.23367041
v 0.11940540 0.11111821 0.22503696
v 0.12868190 0.10258092 0.23366286
v 0.12179483 0.09284877 0.22633503
v 0.12696028 0.08539325 0.22973286
v 0.13208213 0.09074230 0.23466487
v 0.13184078 0.07610931 0.23118538
v 0.14716865 0.08484759 0.24304189
v 0.14268816 0.06817271 0.23500815
v 0.12543681 0.07620514 0.22541614
v 0.12778254 0.07305304 0.22719270
v 0.13208194 0.06760756 0.22747993
v 0.14660256 0.05732574 0.23192431
v 0.15095395 0.05997765 0.23586154
v 0.15673108 0.06866246 0.24277917
v 0.17529863 0.05310735 0.24368249
v 0.16830239 0.04600769 0.23671652
v 0.15979275 0.04123601 0.22947842
v 0.14526615 0.05508776 0.22968844
v 0.13798052 0.06260429 0.22875305
v 0.17372578 0.03280177 0.23042567
v 0.18764414 0.03772550 0.23796922
v 0.18695371 0.05031757 0.24552138
v 0.13869153 0.15020826 0.23132074
v 0.14764374 0.15973425 0.23252375
v 0.13399690 0.14835206 0.22613487
v 0.14131175 0.15532187 0.22612287
v 0.14687890 0.16178326 0.22542304
v 0.15326312 0.16482681 0.23266941
v 0.15439238 0.16768192 0.22529615
v 0.16370639 0.17497802 0.22632010
v 0.12758869 0.06716412 0.23077773
v 0.13291630 0.06566940 0.22707601
v 0.13532075 0.05916018 0.23121837
v 0.13754858 0.06048621 0.22819565
v 0.14164625 0.05582509 0.22896422
v 0.14795105 0.04913971 0.22975008
v 0.15724976 0.03768208 0.23332925
v 0.15869860 0.03935899 0.23014826
v 0.16981734 0.02903040 0.23438424
v 0.16376574 0.03739645 0.22938624
v 0.17607382 0.02984224 0.23100981
v 0.18726245 0.02395049 0.23118562
v 0.19673698 0.02107952 0.23070076
v 0.20375104 0.01804109 0.23233423
v 0.20824130 0.02018123 0.23015995
v 0.18150659 0.02854585 0.23086035
v 0.11709381 0.07775750 0.22669260
v 0.12049065 0.08267955 0.22465225
v 0.11587463 0.08497781 0.22593209
v 0.11950068 0.09001970 0.22436799
v 0.11638155 0.10296109 0.22478665
v 0.11764242 0.12182001 0.22476135
v 0.11421132 0.10977560 0.22661535
v 0.20282328 0.02252141 0.23064114
v 0.18889855 0.02623314 0.23148006
v 0.21988268 0.02456535 0.23083813
v 0.22066000 0.02180693 0.23029540
v 0.22693969 0.02456811 0.23099366
v 0.23209617 0.02855653 0.23105830
v 0.23779720 0.02890801 0.23073633
v 0.24511306 0.03349604 0.23025802
v 0.24821146 0.03217328 0.23018402
v 0.25377908 0.03622252 0.22912653
v 0.26019117 0.04075650 0.22869252
v 0.26020926 0.03433999 0.23047325
v 0.26879460 0.03843715 0.22953153
v 0.26751307 0.04674044 0.22798443
v 0.27928293 0.05914161 0.22733326
v 0.29499206 0.06348868 0.22814147
v 0.28851956 0.06532100 0.22751723
v 0.29929474 0.07945040 0.22663969
v 0.30900308 0.08290755 0.22649223
v 0.29859644 0.09453809 0.22550458
v 0.30732462 0.10035844 0.22585602
v 0.31708884 0.09567958 0.22599654
v 0.31156018 0.10545500 0.22510652
v 0.29823807 0.12197944 0.22585139
v 0.29407290 0.08074048 0.22591299
v 0.30790412 0.11795067 0.22636044
v 0.29922304 0.14018947 0.22646335
v 0.30886367 0.13051094 0.22624139
v 0.30484319 0.14196995 0.22636326
v 0.29843986 0.15254679 0.22677854
v 0.28896579 0.05417056 0.22829594
v 0.29391125 0.13456054 0.22560292
v 0.28773433 0.14553477 0.22544037
v 0.28849781 0.15383266 0.22605446
v 0.29476249 0.15802656 0.22644815
v 0.29273847 0.16187255 0.22649948
v 0.28488648 0.17012052 0.22647502
v 0.28255889 0.17155737 0.22658360
v 0.27876937 0.17606971 0.22645034
v 0.27327207 0.16429427 0.22536759
v 0.26925823 0.18229878 0.22630174
v 0.27962008 0.15710463 0.22508225
v 0.26519558 0.17079097 0.22475342
v 0.25982726 0.17637520 0.22506706
v 0.26133698 0.18566707 0.22599782
v 0.25397992 0.17874607 0.22494212
v 0.24756849 0.18363561 0.22460619
v 0.25635430 0.19054832 0.22538641
v 0.24602163 0.19301203 0.22454998
v 0.24008569 0.18558697 0.22384857
v 0.22792569 0.19740674 0.22414391
v 0.23434496 0.18633479 0.22382414
v 0.22814876 0.18822725 0.22409856
v 0.21116269 0.18924220 0.22485799
v 0.20381883 0.19756760 0.22450058
v 0.20228598 0.19329631 0.22454263
v 0.19076383 0.19649552 0.22430341
v 0.18356442 0.19479215 0.22452959
v 0.19754685 0.18848743 0.22403467
v 0.18464126 0.18904731 0.22415215
v 0.23689754 0.19681004 0.22410323
v 0.17499626 0.19154556 0.22493292
v 0.26632354 0.18531580 0.22569153
v 0.24714924 0.19469918 0.22412971
v 0.18526873 0.18560696 0.22363915
v 0.19578515 0.18687774 0.22342558
v 0.18019916 0.18489473 0.22423184
v 0.17250519 0.18997645 0.22473991
v 0.16607022 0.18700418 0.22490712
v 0.32024261 0.09932386 0.22483754
v 0.17110074 0.18081431 0.22373027
v 0.17942142 0.18343739 0.22399005
v 0.16014516 0.17983943 0.22483367
v 0.15982361 0.18354325 0.22475703
v 0.15689366 0.18149360 0.22516164
v 0.26274472 0.17143367 0.22605547
v 0.28472364 0.06609900 0.22677453
v 0.29023644 0.07531207 0.22693454
v 0.15990266 0.17280449 0.22357459
v 0.14139564 0.16732721 0.22615962
v 0.27544156 0.17926641 0.22610974
v 0.32339925 0.09774338 0.22398183
v 0.16449954 0.17719439 0.22343285
v 0.12024774 0.13088289 0.22490096
v 0.21794647 0.01835750 0.23265274
v 0.15060583 0.16672671 0.22409062
v 0.14436537 0.16059940 0.22446057
v 0.13829049 0.16620082 0.22571546
v 0.13574918 0.16402242 0.22674771
v 0.13375899 0.15153639 0.22530355
v 0.13113694 0.15823969 0.22690654
v 0.14063887 0.16921428 0.22546542
v 0.14924195 0.17607717 0.22504629
v 0.16850089 0.17905161 0.22331183
v 0.31027639 0.12393758 0.22548187
v 0.13003558 0.14767843 0.22569662
v 0.25158581 0.03036302 0.23170313
v 0.24444133 0.02571494 0.23260507
v 0.23399498 0.02509906 0.23214099
v 0.23592018 0.02167181 0.23268527
v 0.22198173 0.02039958 0.23217793
v 0.22324368 0.01781178 0.23189300
v 0.29531252 0.12494964 0.22658782
v 0.29709542 0.11300341 0.22673242
v 0.29723611 0.09673311 0.22667956
v 0.28642902 0.14580423 0.22611417
v 0.20434301 0.03375971 0.23798488
v 0.29212296 0.13481869 0.22677344
v 0.20402426 0.04485821 0.24493456
v 0.21430323 0.04567472 0.24515496
v 0.21886262 0.03412208 0.23721015
v 0.23487522 0.04049162 0.23744915
v 0.22791526 0.05060459 0.24577825
v 0.23927197 0.05504674 0.24515228
v 0.27359277 0.16264620 0.22632010
v 0.28977138 0.08528407 0.23172724
v 0.17310010 0.13025342 0.24593700
v 0.14734079 0.09617327 0.24548106
v 0.17948809 0.07992771 0.24598706
v 0.24927388 0.08043796 0.24588318
v 0.22278798 0.11501323 0.24596055
v 0.26722434 0.09926911 0.24566169
v 0.24524306 0.15109779 0.24587831
v 0.21895903 0.16272044 0.24591944
v 0.19373900 0.14003211 0.24588108
v 0.19074081 0.15983380 0.24594910
v 0.20667329 0.05656081 0.24576017
v 0.24714363 0.06265339 0.24562544
v 0.25566229 0.14050575 0.24588639
v 0.26661608 0.11760603 0.24572654
v 0.15341033 0.08306054 0.24572313
v 0.17547446 0.05747578 0.24552022
v 0.16095425 0.07193896 0.24560711
v 0.15707731 0.13537608 0.24609341
v 0.17324474 0.14931065 0.24622777
v 0.16072433 0.13951026 0.24613591
v 0.20148672 0.04808810 0.24589445
v 0.26074958 0.08257916 0.24589218
v 0.25490370 0.07323260 0.24603911
v 0.14608306 0.10874164 0.24555230
v 0.14826800 0.12016998 0.24565226
v 0.20490827 0.16366391 0.24565248
v 0.26115280 0.13183647 0.24599247
v 0.23081975 0.15812390 0.24605215
v 0.27460822 0.10913112 0.24247649
v 0.27600288 0.09037502 0.24038266
v 0.27502078 0.12382893 0.24082348
v 0.26526746 0.07447910 0.24189734
v 0.28967351 0.11453371 0.23405224
v 0.29063252 0.10035378 0.23339133
v 0.26228976 0.15401480 0.23833266
v 0.28659040 0.13995074 0.23164305
v 0.29015005 0.12943108 0.23197985
v 0.26977479 0.14756550 0.23739514
v 0.28303334 0.14587490 0.23166604
v 0.27264592 0.15927029 0.23220277
v 0.27834892 0.15188742 0.23225489
v 0.23988028 0.17379913 0.23649031
v 0.26906937 0.16276357 0.23218487
v 0.26079398 0.16961344 0.23197003
v 0.24448752 0.17336532 0.23540978
v 0.25123209 0.17690262 0.23172341
v 0.24358533 0.18087916 0.23232384
v 0.22565660 0.18472794 0.23277655
v 0.22178170 0.18496028 0.23311751
v 0.20118190 0.18515180 0.23332678
v 0.18555798 0.17655110 0.23602614
v 0.18590313 0.18316212 0.23286799
v 0.17395657 0.17959210 0.23259184
v 0.16968949 0.16733299 0.23698661
v 0.16139835 0.17108914 0.23281254
v 0.15450908 0.15445848 0.23750119
v 0.29053727 0.09333923 0.23266126
v 0.14016825 0.13481136 0.23778269
v 0.28585526 0.07681683 0.23220372
v 0.25397456 0.06114076 0.24228117
v 0.27337641 0.06604353 0.23501964
v 0.24870779 0.05279202 0.24056011
v 0.26564664 0.05055818 0.23150387
v 0.28046271 0.06739172 0.23142879
v 0.29248184 0.11470725 0.23163263
v 0.17573419 0.18142620 0.22732154
v 0.19187129 0.18514788 0.22863963
v 0.19898202 0.18705377 0.22601329
v 0.21358095 0.18792659 0.22685370
v 0.23205090 0.18566653 0.22591542
v 0.23682468 0.18449163 0.22735648
v 0.24780522 0.18178818 0.22552782
v -0.21160549 0.18753994 0.22960655
v -0.22615537 0.18479283 0.23202878
v -0.21981648 0.18509822 0.23265702
v -0.22368029 0.18733853 0.22602589
v -0.23313236 0.18395211 0.22976200
v -0.23719317 0.18528970 0.22359784
v -0.20597164 0.18929391 0.22498703
v -0.19768612 0.18731612 0.22967193
v -0.20360997 0.18608244 0.23299235
v -0.19485942 0.18877023 0.22479355
v -0.22427371 0.18847118 0.22395812
v -0.23938698 0.18100342 0.23198622
v -0.24378389 0.18199971 0.22466104
v -0.24352582 0.18049644 0.22945295
v -0.24700105 0.18169679 0.22482835
v -0.24862732 0.17734544 0.23127282
v -0.25064978 0.17914271 0.22450618
v -0.25525779 0.17739265 0.22437583
v -0.25899559 0.17243451 0.23032948
v -0.25959560 0.17488888 0.22488840
v -0.18711591 0.18481731 0.23166123
v -0.26436758 0.17162097 0.22476283
v -0.26823869 0.16569705 0.23103939
v -0.26353088 0.16866232 0.23131366
v -0.27100080 0.16688567 0.22544333
v -0.27259856 0.16223212 0.23075409
v -0.18494374 0.18597552 0.22616279
v -0.18466817 0.18823095 0.22424792
v -0.18249831 0.18413799 0.22951053
v -0.18399133 0.18240188 0.23206297
v -0.17562167 0.18089961 0.23137261
v -0.18325214 0.18647033 0.22365880
v -0.29163375 0.13586745 0.22866063
v -0.29638305 0.12439404 0.22649799
v -0.28983331 0.11919195 0.23210181
v -0.29621583 0.11086933 0.22793356
v -0.29923150 0.11704141 0.22480470
v -0.28366214 0.12921341 0.23471744
v -0.27111813 0.12268416 0.24386697
v -0.27214482 0.10995702 0.24462213
v -0.26921776 0.11891408 0.24536325
v -0.29823455 0.12827483 0.22529998
v -0.28966621 0.09683038 0.23216544
v -0.27099225 0.09979879 0.24461842
v -0.28696457 0.14518707 0.22940014
v -0.28313002 0.14943835 0.23006620
v -0.26290259 0.13232791 0.24562401
v -0.27630258 0.15780137 0.23072056
v -0.25678307 0.14008909 0.24577866
v -0.26822552 0.15981987 0.23339586
v -0.29526439 0.13329683 0.22533295
v -0.25422454 0.16078484 0.23792127
v -0.24505647 0.15033060 0.24569423
v -0.25762558 0.16951086 0.23218799
v -0.23896639 0.17805162 0.23331781
v -0.22938935 0.15776172 0.24598408
v -0.21984369 0.16080077 0.24591586
v -0.20335799 0.17869751 0.23734376
v -0.20255689 0.16248247 0.24558018
v -0.18553953 0.16726749 0.24078238
v -0.19119069 0.15884900 0.24595889
v -0.17738989 0.15307882 0.24566123
v -0.30522311 0.13755861 0.22747058
v -0.29881009 0.14693618 0.22745973
v -0.30115116 0.14625068 0.22709398
v -0.29732263 0.15315597 0.22759295
v -0.29091150 0.15779801 0.22750504
v -0.29201382 0.16082355 0.22741571
v -0.28348908 0.16971557 0.22788422
v -0.28675929 0.14950834 0.22585191
v -0.27837572 0.16003825 0.22559901
v -0.17177008 0.16580145 0.23790890
v -0.29192290 0.14140172 0.22551489
v -0.29068810 0.14640467 0.22580200
v -0.27698487 0.17567794 0.22781986
v -0.28666151 0.08230253 0.23180364
v -0.30697387 0.12480812 0.22730380
v -0.30159676 0.11773173 0.22559217
v -0.31029096 0.12404693 0.22587505
v -0.30978322 0.12204506 0.22731023
v -0.30396572 0.11806516 0.22683765
v -0.31029692 0.10773931 0.22754808
v -0.30466503 0.09946529 0.22799380
v -0.31169114 0.08935524 0.22744991
v -0.30690566 0.08497458 0.22807677
v -0.30501252 0.07762361 0.22805727
v -0.31578073 0.09498520 0.22572996
v -0.29708290 0.06944823 0.23012605
v -0.29373497 0.06231900 0.23069386
v -0.29126161 0.06461573 0.23086806
v -0.28607515 0.05941539 0.23124065
v -0.27930209 0.05445222 0.23230127
v -0.27751672 0.04668168 0.23365356
v -0.27251837 0.04649400 0.23387031
v -0.26893437 0.03794918 0.23379327
v -0.26226470 0.03887339 0.23450078
v -0.25842425 0.03274498 0.23462525
v -0.29837441 0.08025393 0.22819701
v -0.30059770 0.08574268 0.22766782
v -0.30397740 0.09206834 0.22776566
v -0.29450497 0.07543267 0.22842264
v -0.25285783 0.03343512 0.23344052
v -0.27172217 0.17967150 0.22725585
v -0.26297066 0.18284558 0.22665897
v -0.26360893 0.18570849 0.22552010
v -0.25955173 0.18613268 0.22656354
v -0.25048158 0.19026078 0.22618473
v -0.24066010 0.18912970 0.22489940
v -0.24347840 0.19364506 0.22555141
v -0.21722379 0.19333555 0.22467202
v -0.19804028 0.19811235 0.22509246
v -0.23433441 0.19708523 0.22498687
v -0.21816143 0.19836211 0.22498143
v -0.19008864 0.19325726 0.22505872
v -0.18468791 0.19686200 0.22473466
v -0.17426367 0.19404817 0.22469886
v -0.20065399 0.19929980 0.22474523
v -0.17517316 0.18785124 0.22389506
v -0.16769598 0.18768115 0.22440334
v -0.16927552 0.18069193 0.22343145
v -0.17555715 0.18344311 0.22371261
v -0.16663301 0.19029301 0.22420767
v -0.16072989 0.18695579 0.22508545
v -0.15920196 0.18228018 0.22509961
v -0.15766178 0.18491255 0.22482394
v -0.15401714 0.18217869 0.22507402
v -0.15777786 0.17827280 0.22486371
v -0.14838874 0.17613058 0.22626403
v -0.16245811 0.17699145 0.22353563
v -0.15584254 0.17177527 0.22377548
v -0.15269142 0.16980313 0.22496186
v -0.14356405 0.17149378 0.22696477
v -0.14959078 0.16645674 0.22621323
v -0.14549486 0.16619119 0.22569939
v -0.14534807 0.16265731 0.22631837
v -0.13941576 0.16733664 0.22737612
v -0.14040782 0.16064520 0.22555828
v -0.13864246 0.15532106 0.22642541
v -0.13290469 0.15999576 0.22759219
v -0.13078117 0.15759560 0.22677283
v -0.13405345 0.15104997 0.22681805
v -0.12860964 0.15576175 0.22783665
v -0.13067567 0.14730491 0.22640225
v -0.12594360 0.14865260 0.22774465
v -0.12685008 0.14328976 0.22632900
v -0.12649974 0.13899074 0.22654629
v -0.12111393 0.14398280 0.22719522
v -0.12316421 0.14583279 0.22707504
v -0.12550557 0.15182617 0.22796090
v -0.13608846 0.16460559 0.22780097
v -0.11912175 0.13975468 0.22536600
v -0.12231220 0.13538189 0.22587040
v -0.11848150 0.13443492 0.22642419
v -0.12157874 0.12952632 0.22689806
v -0.11836722 0.12618528 0.22613056
v -0.11619849 0.11571574 0.22552115
v -0.11341500 0.12675314 0.22574778
v -0.11402668 0.11500105 0.22536811
v -0.11535075 0.09384384 0.22440620
v -0.10997120 0.10977414 0.22507806
v -0.11495410 0.12998633 0.22522697
v -0.11093383 0.11480056 0.22479865
v -0.10783523 0.10310075 0.22413394
v -0.10841993 0.08930214 0.22378847
v -0.11168802 0.08609937 0.22460227
v -0.11535424 0.08528434 0.22442682
v -0.11107327 0.08126973 0.22432253
v -0.11736531 0.07473309 0.22673061
v -0.12143809 0.07648475 0.22658989
v -0.11900897 0.06890101 0.22769284
v -0.10225688 0.09480873 0.22234084
v -0.11777660 0.08589645 0.22518116
v -0.12691148 0.07081309 0.22912839
v -0.12537053 0.06285851 0.23062405
v -0.25316149 0.03108122 0.23457809
v -0.24809369 0.02588536 0.23374024
v -0.24590382 0.03004967 0.23287933
v -0.24246342 0.02333361 0.23401262
v -0.23700906 0.02587010 0.23296052
v -0.23593354 0.02238937 0.23410086
v -0.22921918 0.02277576 0.23313643
v -0.22627459 0.01888242 0.23399052
v -0.21748438 0.02038280 0.23282368
v -0.21584839 0.01508767 0.23260273
v -0.20642856 0.01775442 0.23267385
v -0.19739185 0.01464699 0.23284447
v -0.19726238 0.01964081 0.23303576
v -0.18939926 0.01868111 0.23448674
v -0.18573460 0.02204270 0.23369628
v -0.17895822 0.02269184 0.23481151
v -0.30288422 0.10705533 0.22577605
v -0.28878126 0.07281030 0.22652805
v -0.17076787 0.14869738 0.24561378
v -0.27745718 0.04414818 0.23280020
v -0.17156605 0.17759557 0.23174460
v -0.15736008 0.15184142 0.23942497
v -0.30042362 0.11382243 0.22342637
v -0.25632831 0.18933323 0.22547445
v -0.15940921 0.16826829 0.23213224
v -0.17884614 0.02526944 0.23337843
v -0.11476650 0.07413773 0.22512095
v -0.14870253 0.15957846 0.23193988
v -0.13581266 0.14879313 0.23023067
v -0.14562373 0.13815790 0.23930924
v -0.13407582 0.13981767 0.23268808
v -0.17151955 0.02898403 0.23330359
v -0.17148428 0.02539276 0.23509897
v -0.16321442 0.03174430 0.23517396
v -0.16388123 0.02909345 0.23512414
v -0.15442050 0.03757825 0.23520450
v -0.15854667 0.03176701 0.23470810
v -0.15019190 0.03793453 0.23454936
v -0.14676212 0.04243000 0.23480810
v -0.14780580 0.04462241 0.23361757
v -0.14221574 0.04688727 0.23448437
v -0.14240578 0.05125420 0.23217143
v -0.31539291 0.11083672 0.22406714
v -0.32123229 0.10468321 0.22394171
v -0.31356347 0.11650719 0.22384013
v -0.32188430 0.09728515 0.22479035
v -0.32456371 0.09740145 0.22326545
v -0.30141994 0.09335631 0.22578129
v -0.10552008 0.08776114 0.22159407
v -0.09833775 0.09472575 0.22225940
v -0.21530098 0.19916040 0.22447355
v -0.29233924 0.09025285 0.22928230
v -0.26701349 0.04352147 0.23349252
v -0.27327931 0.05098658 0.23151901
v -0.16594420 0.17573331 0.23040120
v -0.29398650 0.08130842 0.22480775
v -0.29382741 0.07826992 0.22638240
v -0.28796765 0.07409115 0.22745115
v -0.28387740 0.06762533 0.22654505
v -0.28498548 0.06604309 0.22677079
v -0.27805209 0.05843545 0.22726361
v -0.27259457 0.05375230 0.22770676
v -0.28261194 0.05956207 0.22973660
v -0.13706537 0.05560423 0.23306391
v -0.13368785 0.05521770 0.23359315
v -0.13043053 0.06236235 0.23192282
v -0.12636600 0.06773140 0.22952023
v -0.13592808 0.06162516 0.23027363
v -0.14292862 0.05409608 0.23043551
v -0.15167423 0.04559330 0.23044495
v -0.13039206 0.14203665 0.22931309
v -0.24457526 0.03307104 0.23009439
v -0.23579600 0.02888024 0.22999077
v -0.22938450 0.02478176 0.23081073
v -0.14857428 0.16298220 0.22965689
v -0.14079922 0.15523811 0.22943555
v -0.12693782 0.15347710 0.22671427
v -0.15705144 0.17011102 0.22921176
v -0.20495826 0.02103602 0.23005325
v -0.21489370 0.02120824 0.23110901
v -0.30023465 0.10022421 0.22325148
v -0.30097365 0.09884772 0.22322094
v -0.29713711 0.08767889 0.22359844
v -0.16730744 0.03425927 0.23061299
v -0.17723906 0.02808920 0.23117377
v -0.25504929 0.03905245 0.22885926
v -0.31870595 0.11929549 0.21761027
v -0.31227899 0.12530634 0.22100639
v -0.31309840 0.13439161 0.21613893
v -0.15854129 0.03899907 0.23105785
v -0.18467231 0.02447448 0.23120312
v -0.19491774 0.02142812 0.23111305
v -0.22491397 0.02395241 0.22992568
v -0.26352510 0.04390840 0.23015901
v -0.26604277 0.04721462 0.22798812
v -0.18762575 0.05281654 0.24566388
v -0.21373992 0.04938433 0.24563752
v -0.20342797 0.04749521 0.24537915
v -0.17548554 0.05818415 0.24526851
v -0.18501914 0.07585975 0.24563596
v -0.23410127 0.13711265 0.24548776
v -0.24027070 0.09172778 0.24552196
v -0.17941143 0.12756892 0.24561876
v -0.26519704 0.08841727 0.24527286
v -0.25602695 0.07565328 0.24538684
v -0.23702793 0.05786147 0.24522753
v -0.15060461 0.12345704 0.24531497
v -0.15830383 0.13745524 0.24546330
v -0.15209012 0.08649612 0.24521339
v -0.23002724 0.05319120 0.24524648
v -0.16184124 0.07065798 0.24507879
v -0.14649053 0.11070736 0.24486837
v -0.14697094 0.09612000 0.24456443
v -0.24702375 0.06243414 0.24456267
v -0.21849492 0.04318801 0.24256560
v -0.26278767 0.07403281 0.24249770
v -0.27015361 0.08546603 0.24228697
v -0.12401851 0.08202867 0.23097564
v -0.12706044 0.07455717 0.23099898
v -0.14307290 0.07378575 0.23771921
v -0.12924245 0.09540912 0.23533167
v -0.13616449 0.06593341 0.23222935
v -0.13941446 0.11986722 0.23997959
v -0.15388164 0.05671198 0.23631968
v -0.12455586 0.10783409 0.23266940
v -0.18929826 0.03858954 0.23792171
v -0.20252754 0.03535038 0.23849577
v -0.18846999 0.02470350 0.23067808
v -0.18014003 0.02840049 0.23074709
v -0.17379399 0.03182250 0.23071685
v -0.16887900 0.03563910 0.23118532
v -0.15804511 0.04216542 0.23109834
v -0.20070450 0.02285524 0.23134686
v -0.17037931 0.04876107 0.23876056
v -0.21510564 0.02368822 0.23122516
v -0.22605219 0.02690365 0.23150556
v -0.23841816 0.03349805 0.23176728
v -0.25137502 0.05261254 0.23803715
v -0.12080663 0.09314100 0.22979169
v -0.12452272 0.12104974 0.23109508
v -0.26191518 0.05216834 0.23352030
v -0.27324638 0.06811476 0.23515047
v -0.27843782 0.07712854 0.23544149
v -0.24297616 0.03358368 0.23008221
v -0.25382307 0.03909989 0.22916631
v -0.26444405 0.04719631 0.22893104
v -0.28044763 0.07062756 0.23198438
v -0.27233475 0.05980754 0.23168302
v 0.28837267 -0.42079204 0.23596773
v 0.29379469 -0.41402119 0.24436836
v 0.28681219 -0.41913521 0.24102817
v 0.29633594 -0.41726103 0.23539811
v 0.28537494 -0.41810295 0.24440965
v 0.28190431 -0.42248753 0.23583056
v 0.30075529 -0.41327882 0.23583944
v 0.30011216 -0.40893874 0.24446431
v 0.30683190 -0.40775669 0.23600711
v 0.30459461 -0.40450135 0.24454661
v 0.30809310 -0.40022287 0.24431700
v 0.31321114 -0.39995736 0.23444340
v 0.27618223 -0.41879386 0.24447751
v 0.30259669 -0.41575193 0.23341841
v 0.30879420 -0.40970346 0.23339288
v 0.29456452 -0.42087305 0.23388001
v 0.30572644 -0.40140161 0.24532783
v 0.31425869 -0.40036872 0.23325901
v 0.28721237 -0.42536446 0.23389232
v 0.29121846 -0.41270927 0.24581587
v 0.31156674 -0.39124757 0.24440080
v 0.31589720 -0.39238760 0.23364593
v 0.27273628 -0.42260352 0.23618060
v 0.27016267 -0.41843075 0.24451685
v 0.26529610 -0.42125154 0.23680782
v -0.21614991 -0.35905960 0.23231912
v -0.21368605 -0.36505258 0.23225930
v -0.21458472 -0.36076859 0.22749750
v -0.21793447 -0.35338750 0.22692397
v -0.21916394 -0.35309118 0.23202400
v -0.22342801 -0.34661222 0.23166692
v -0.22183667 -0.34637541 0.22645439
v -0.20971553 -0.37688312 0.22710934
v -0.21101494 -0.37432760 0.23175503
v -0.21049707 -0.37924427 0.23078449
v -0.21028151 -0.39017454 0.22701739
v 0.31633806 -0.42005038 0.22122097
v 0.31170830 -0.42352226 0.22140367
v 0.31238076 -0.43095377 0.21994780
v 0.31862208 -0.42595446 0.21976991
v 0.30497754 -0.42772549 0.22142468
v 0.30264875 -0.42971849 0.22135386
v 0.32520193 -0.41462091 0.22026072
v 0.29629555 -0.43263042 0.22231612
v 0.29739085 -0.43696669 0.22082512
v 0.28976247 -0.43462253 0.22327356
v 0.32064474 -0.41542801 0.22146843
v 0.32584310 -0.40473616 0.22279736
v 0.32623592 -0.42747831 0.21437608
v 0.33853003 -0.40482035 0.21617021
v 0.32700947 -0.40154222 0.22287278
v 0.34875613 -0.40480125 0.20947626
v 0.35654598 -0.39811000 0.20662253
v 0.35780045 -0.40743360 0.20175467
v 0.34465802 -0.43641132 0.19660404
v 0.37069958 -0.39527673 0.19773476
v 0.36946487 -0.40638724 0.19335636
v 0.35976049 -0.42482662 0.19084843
v 0.35072386 -0.43912309 0.19016097
v 0.33314723 -0.43154335 0.20701288
v 0.38296562 -0.39199343 0.18602753
v 0.38889670 -0.39250305 0.17933959
v 0.37650099 -0.40635970 0.18494770
v 0.39933458 -0.38617045 0.16996874
v 0.32829607 -0.39196703 0.22254784
v 0.39985308 -0.39209732 0.16501175
v 0.41138697 -0.38265890 0.15833849
v 0.41315383 -0.38389042 0.15568972
v 0.41346499 -0.38826743 0.15235686
v 0.39589265 -0.41500911 0.15072463
v 0.40944868 -0.40278029 0.14515027
v 0.38976842 -0.41222715 0.16075355
v 0.37857899 -0.43954152 0.15029746
v 0.40400049 -0.41652024 0.13903871
v 0.39596152 -0.43138212 0.13500857
v 0.39018741 -0.44104081 0.13338102
v 0.37030211 -0.43973818 0.16117984
v 0.38486451 -0.40911433 0.17096844
v 0.35608444 -0.43989298 0.18196645
v 0.33723783 -0.45586815 0.18178938
v 0.33038697 -0.46887845 0.17184180
v 0.36754736 -0.45112613 0.14798133
v 0.34818512 -0.45516595 0.16916548
v 0.32176709 -0.43977979 0.20529380
v 0.32616994 -0.46110228 0.18174222
v 0.37359700 -0.45509177 0.13376990
v 0.35689294 -0.46206570 0.14558733
v 0.33168435 -0.47216594 0.16477311
v 0.35843372 -0.47316974 0.12442496
v 0.34542799 -0.47327924 0.14288671
v 0.36457151 -0.47190866 0.11719254
v 0.38082033 -0.45615619 0.12019045
v 0.40080535 -0.43103963 0.12528904
v 0.40757161 -0.42038116 0.12647392
v 0.41125831 -0.41383380 0.12710665
v 0.39322567 -0.44353211 0.12273064
v 0.41748419 -0.39085892 0.14161476
v 0.32807916 -0.47189781 0.16935097
v 0.42044836 -0.39554122 0.12991518
v 0.31449938 -0.41767368 0.23032954
v 0.31844711 -0.41377017 0.22991842
v 0.31484815 -0.41552812 0.23228469
v 0.32131147 -0.40746865 0.23163494
v 0.30937994 -0.42156294 0.23089831
v 0.32154700 -0.41037038 0.22852892
v 0.30161041 -0.42618981 0.23244384
v 0.32513946 -0.40139616 0.23135670
v 0.30122542 -0.42787349 0.23018920
v 0.30993894 -0.42315987 0.22492626
v 0.31094736 -0.44043672 0.21021681
v 0.31147343 -0.44999740 0.19917303
v 0.29096007 -0.43131948 0.23219396
v 0.29892924 -0.44541556 0.20936795
v 0.31684437 -0.46686724 0.17900991
v 0.34285381 -0.48277161 0.12260287
v 0.33273488 -0.47958687 0.14440830
v 0.30101672 -0.45754206 0.19363195
v 0.31330559 -0.47251433 0.17352757
v 0.32725668 -0.49057627 0.12329082
v 0.31712514 -0.49376628 0.12695733
v 0.32101560 -0.48227283 0.15126149
v 0.35201463 -0.48105979 0.11001069
v 0.33541599 -0.49147865 0.10561945
v 0.31636962 -0.48533374 0.14746115
v 0.30168119 -0.47283438 0.17545493
v 0.36377725 -0.47342005 0.11041768
v 0.28329134 -0.45185903 0.20247081
v 0.28386429 -0.43817130 0.22144283
v 0.28183749 -0.43541664 0.22426766
v 0.29801792 -0.46169996 0.18897349
v 0.27363074 -0.43675387 0.22378586
v 0.28279144 -0.43391678 0.22937855
v 0.27826279 -0.43244663 0.23264220
v 0.26956683 -0.43473369 0.22974525
v 0.26512939 -0.43895724 0.22147198
v 0.28594938 -0.46378523 0.18660715
v 0.25923568 -0.43650979 0.22405106
v 0.38339400 -0.45423666 0.10821541
v 0.39317214 -0.44425508 0.10667756
v 0.25828040 -0.43323243 0.23085234
v 0.36401123 -0.47358075 0.09123354
v 0.37422395 -0.46358755 0.04679830
v 0.36352393 -0.47411150 0.05085157
v 0.36325884 -0.47414440 0.00456978
v 0.37626654 -0.46138585 0.00484112
v 0.37647173 -0.46139988 -0.04301110
v 0.36350620 -0.47410676 -0.04119646
v 0.36391783 -0.47369602 -0.10893949
v 0.37419835 -0.46354410 -0.12391824
v 0.39189079 -0.44595066 -0.09248616
v 0.38826340 -0.44972306 -0.12853897
v 0.39388421 -0.44404978 -0.13161319
v 0.39248127 -0.44483116 0.05005488
v 0.39150965 -0.44587219 -0.02425384
v 0.36384282 -0.47351143 -0.12256053
v 0.39384827 -0.44362679 -0.08274816
v 0.39387998 -0.44367361 -0.10496670
v 0.25070989 -0.43558878 0.22354610
v 0.38950574 -0.44356915 -0.14462967
v 0.37687629 -0.45573753 -0.14139864
v 0.36740053 -0.46379435 -0.14086942
v 0.35667580 -0.47340283 -0.13911177
v 0.25069332 -0.43148336 0.23049735
v 0.36056930 -0.45777142 -0.16083775
v 0.34182376 -0.47378761 -0.15892252
v 0.34222654 -0.45965472 -0.18413781
v 0.33649796 -0.47215527 -0.16908644
v 0.33924076 -0.45804316 -0.18994649
v 0.38128343 -0.44342327 -0.15588503
v 0.36177489 -0.44404748 -0.18246087
v 0.34856892 -0.44342342 -0.20293051
v 0.37113515 -0.44403362 -0.16863886
v 0.34128103 -0.45099747 -0.19877234
v 0.32658708 -0.45777822 -0.19916499
v 0.32824397 -0.45089826 -0.20684287
v 0.24547072 -0.43089730 0.22574730
v 0.24351773 -0.42780367 0.23044790
v 0.23857789 -0.42738962 0.22553609
v 0.24378370 -0.42455289 0.23530121
v 0.23815411 -0.42185029 0.23550211
v 0.23350708 -0.42217636 0.22989464
v 0.22879396 -0.42265931 0.22715063
v 0.32647970 -0.38786834 0.23212330
v -0.01483473 -0.49961582 0.11558190
v 0.05040022 -0.49930617 0.12875858
v -0.00590709 -0.49930480 0.12827988
v 0.14138669 -0.49962783 0.11144198
v 0.15476476 -0.49911439 0.12678076
v 0.19313782 -0.49938777 0.12239649
v 0.21537958 -0.49911967 0.12886529
v 0.25485668 -0.49957779 0.11302403
v 0.20744170 -0.49976557 0.09350755
v 0.08663863 -0.49973494 0.10627270
v 0.05073800 -0.49983305 0.09164269
v 0.09945445 -0.49985808 0.06696859
v -0.01192486 -0.49985513 0.03980377
v -0.06923510 -0.49981678 0.07223350
v -0.11750327 -0.49982673 -0.01069146
v -0.07729644 -0.49987209 -0.02871600
v -0.09437786 -0.49985597 -0.07382417
v -0.21044935 -0.49975890 -0.06111005
v -0.13310650 -0.49986777 -0.10414591
v -0.21064425 -0.49983561 -0.10325907
v -0.25216782 -0.49976385 -0.08552654
v -0.25982171 -0.49988219 -0.12789670
v -0.31457525 -0.49987525 -0.08831388
v -0.29597327 -0.49988273 -0.12603807
v -0.31549639 -0.49990550 -0.03795082
v -0.24008653 -0.49990150 -0.13018419
v -0.15399270 -0.49992999 -0.13070866
v -0.06416566 -0.49989638 -0.13097909
v -0.00065337 -0.49989545 -0.07994719
v 0.07327753 -0.49985471 -0.08937092
v 0.02972479 -0.49987292 -0.00981026
v 0.11868131 -0.49985081 0.00563715
v 0.20622857 -0.49978524 0.04025829
v 0.17106672 -0.49978662 -0.04280512
v 0.26436478 -0.49976975 -0.00958756
v 0.24034594 -0.49970478 -0.07138334
v 0.20333447 -0.49972132 -0.09557045
v 0.14375228 -0.49977061 -0.11991081
v 0.00813374 -0.49991748 -0.12966111
v 0.11454610 -0.49984670 -0.13103841
v 0.21923028 -0.49974066 -0.13238563
v 0.26532999 -0.49962693 -0.13022999
v 0.28896555 -0.49974400 -0.07858887
v 0.27900267 -0.49976495 -0.04895098
v 0.31434196 -0.49963656 -0.05062967
v 0.29829809 -0.49977565 0.01746629
v 0.26657403 -0.49976879 0.06807247
v 0.30189219 -0.49970743 0.11028095
v 0.31511405 -0.49959308 0.07652362
v 0.31367490 -0.49954632 0.02913081
v 0.31472442 -0.49960071 -0.08487405
v 0.30179417 -0.49982062 -0.11387758
v 0.27407640 -0.49905679 0.12399254
v -0.05932166 -0.49974713 0.10213849
v -0.14683026 -0.49977791 0.05200860
v -0.18486549 -0.49973643 0.00377878
v -0.28526425 -0.49980879 0.02522028
v -0.23207811 -0.49975476 0.00609360
v -0.25663757 -0.49971637 0.07033455
v -0.22386706 -0.49960369 0.10990153
v -0.26124954 -0.49957940 0.11521143
v -0.30193672 -0.49981615 0.11342691
v -0.31506011 -0.49990791 0.07289039
v -0.17106622 -0.49970764 0.08935507
v -0.20950729 -0.49940556 0.11785804
v -0.23017962 -0.49904394 0.13017529
v -0.14047600 -0.49924344 0.12842026
v -0.07749280 -0.49932405 0.12832040
v -0.29602668 -0.49944222 0.12149022
v -0.31546101 -0.49959108 0.10618874
v -0.30714503 -0.49970099 -0.12089822
v 0.29446661 -0.49946111 -0.13034287
v 0.31502607 -0.49924025 0.10473138
v 0.31447831 -0.49935165 -0.10909525
v -0.31554341 -0.49946243 -0.11236360
v -0.28009045 -0.49897146 0.12718146
v -0.20508189 -0.49871591 0.13078782
v -0.31805056 -0.49964577 0.00393554
v -0.02388195 -0.49901074 0.13111480
v -0.12700309 -0.49895498 0.13116945
v -0.27160329 -0.49945107 -0.13042684
v 0.29422730 -0.49807990 0.12690699
v 0.27051836 -0.49842945 0.12965910
v 0.15421024 -0.49858844 0.13107125
v 0.07722283 -0.49895093 0.13145535
v 0.21004772 -0.49867257 0.13171975
v 0.23758467 -0.49844971 0.13157998
v 0.31152707 -0.49787116 -0.12284990
v -0.31846145 -0.49930832 -0.07400939
v 0.21785671 -0.49944577 -0.13421834
v 0.16463621 -0.49894840 -0.13416693
v 0.31835538 -0.49890020 0.07867987
v -0.31780064 -0.49926561 0.08327235
v -0.29629529 -0.49800754 0.12817799
v -0.31657225 -0.49632111 0.12062647
v 0.31887868 -0.49816617 0.04465514
v 0.31541944 -0.49664247 0.11755303
v 0.30660367 -0.49570909 0.12883841
v 0.05922786 -0.49866802 -0.13542503
v 0.31928083 -0.49845567 -0.08126917
v 0.32352096 -0.49706364 -0.02756933
v -0.27192694 -0.49811256 0.13101587
v 0.31449839 -0.49596509 -0.12994775
v 0.27236053 -0.49762583 -0.13730752
v -0.30768764 -0.49594766 0.12866269
v -0.31123263 -0.49593106 -0.13440546
v -0.32778099 -0.49647981 -0.08949572
v -0.29881909 -0.49592930 -0.14020053
v -0.00752509 -0.49683884 -0.14025469
v -0.07111714 -0.49886903 -0.13432552
v -0.32309142 -0.49818102 -0.00295346
v -0.32729825 -0.49635699 0.07320727
v -0.31872639 -0.49579346 -0.12728365
v 0.31131461 -0.49447206 -0.13822348
v -0.32699442 -0.49598709 -0.11117569
v -0.32774544 -0.49635735 -0.05068933
v 0.32700577 -0.49554420 0.10414198
v 0.32816401 -0.49517933 0.04428839
v 0.32510546 -0.49581376 -0.11195489
v -0.20294192 -0.49980256 -0.13074820
v -0.32650030 -0.49583620 0.10877603
v 0.32693547 -0.49595553 0.07653571
v 0.29644090 -0.49521035 -0.14273058
v 0.29697970 -0.49627364 0.13144585
v -0.32899228 -0.49606594 -0.00366346
v 0.32730454 -0.49569705 -0.07902279
v -0.31755239 -0.49319297 -0.13932544
v 0.04800750 -0.49656847 -0.14137737
v 0.13870949 -0.49730051 -0.13893411
v 0.19915374 -0.49605238 -0.14243777
v -0.28365463 -0.49589223 -0.14046185
v -0.24950685 -0.49637523 -0.13939793
v -0.04297344 -0.49484524 -0.14559032
v -0.20455755 -0.49689859 -0.13842593
v -0.09632529 -0.49684963 -0.13947314
v -0.29674551 -0.49521849 0.13581850
v 0.03997621 -0.49318361 -0.14951496
v 0.15050356 -0.49343583 -0.14800033
v 0.08022223 -0.49413356 -0.14684080
v 0.26761931 -0.49407175 -0.14644299
v 0.33172494 -0.49379298 -0.02802852
v -0.31734523 -0.49327597 0.12941279
v -0.31086767 -0.48911560 -0.15284030
v -0.16964822 -0.49231213 -0.14969893
v -0.08843735 -0.49255851 -0.14972861
v -0.25957337 -0.49048346 -0.15298229
v -0.29876298 -0.48951623 -0.15535261
v -0.21038552 -0.49138156 -0.15119156
v 0.32061759 -0.49260068 -0.13520344
v 0.32751027 -0.49046397 -0.13316999
v 0.31324497 -0.48756498 -0.15473914
v 0.29659197 -0.48886341 -0.15714878
v -0.04341029 -0.48868617 -0.15939029
v -0.10464849 -0.48783445 -0.16000043
v -0.17585269 -0.48731446 -0.16046980
v -0.21287844 -0.48441830 -0.16589086
v 0.17393476 -0.48772022 -0.16025376
v 0.08065324 -0.48765603 -0.16058198
v 0.03573152 -0.48836377 -0.15993713
v 0.33155444 -0.49294329 -0.11337563
v -0.32876518 -0.49216118 -0.12567396
v 0.28180704 -0.48770812 -0.15996972
v 0.33510813 -0.49204656 0.05155365
v -0.33208171 -0.49437118 -0.09358324
v -0.33509034 -0.49316677 -0.02708039
v -0.25842085 -0.48406735 -0.16604285
v -0.33493197 -0.49321553 0.01924379
v -0.33425054 -0.49311009 0.07441442
v -0.27933192 -0.49568328 0.13598786
v 0.24595697 -0.48682550 -0.16142486
v -0.33334643 -0.49253893 0.11043023
v 0.33598205 -0.49110463 -0.09979225
v 0.33780530 -0.49071753 -0.03463701
v -0.30930266 -0.49085233 0.14000441
v -0.32289290 -0.48473713 -0.15592307
v 0.32680604 -0.48437741 -0.15143210
v 0.06737456 -0.49759939 0.13424376
v -0.31331095 -0.47949061 -0.17165294
v -0.29825696 -0.48339054 -0.16724838
v -0.17234258 -0.48467010 -0.16546281
v -0.25613639 -0.49628735 0.13466090
v 0.15621664 -0.49710870 0.13403158
v 0.34044051 -0.48592785 -0.12613600
v 0.31382516 -0.47906968 -0.17130737
v -0.34153545 -0.48823053 -0.11464095
v 0.32595956 -0.48145720 -0.15912431
v 0.32528841 -0.47473475 -0.17261870
v -0.29738608 -0.49122563 0.14358811
v -0.11835783 -0.49751085 0.13393506
v -0.06553172 -0.49764952 0.13389540
v -0.00402383 -0.49721110 0.13451423
v 0.30054191 -0.47910851 0.16441835
v 0.28116557 -0.49131840 0.14206880
v 0.26936963 -0.49488807 0.13643950
v -0.09656367 -0.48523515 -0.16463360
v 0.35066146 -0.48213249 -0.11739208
v 0.34412307 -0.48642030 -0.09843194
v -0.33004147 -0.48522776 -0.14642006
v -0.33759820 -0.48615623 -0.13142125
v 0.29284379 -0.48315760 -0.16725199
v 0.34314698 -0.48103741 -0.13909471
v 0.26259720 -0.48543039 0.15305825
v 0.29129165 -0.47575122 0.17064932
v -0.31911317 -0.48653054 0.14303477
v -0.34469363 -0.48734343 -0.08257666
v -0.34394589 -0.48682079 0.10252205
v -0.34528553 -0.48660636 0.07999320
v -0.34588251 -0.48684731 0.03131224
v -0.34618518 -0.48673654 -0.02668776
v -0.34620374 -0.48602712 -0.10082859
v -0.18538040 -0.49698904 0.13365154
v -0.32530385 -0.47536466 -0.17278506
v 0.34511822 -0.48624715 0.03932364
v 0.34749088 -0.48442081 0.09525064
v -0.32142025 -0.47960052 0.15588498
v 0.24693885 -0.47578681 0.16985568
v 0.21214111 -0.48337805 0.15668294
v 0.20265009 -0.47685319 0.16775781
v 0.15109529 -0.47578835 0.16969153
v 0.14610094 -0.48485428 0.15374555
v 0.09399308 -0.48393464 0.15553439
v 0.35249957 -0.48165607 -0.03864877
v 0.35591346 -0.47904843 -0.09823187
v 0.17246297 -0.48489705 -0.16492523
v 0.08487739 -0.47580832 0.16929746
v 0.06442600 -0.49060264 0.14473908
v 0.15486874 -0.49172437 0.14227661
v 0.20972337 -0.49166840 0.14265175
v 0.00810386 -0.48545036 0.15236767
v -0.04405130 -0.48523054 0.15251112
v -0.34771565 -0.48359200 0.11368275
v 0.16251107 -0.47870758 -0.17406596
v 0.25031325 -0.47684246 -0.17613839
v 0.29359281 -0.47666231 -0.17656147
v -0.33536604 -0.47323617 -0.16980307
v -0.31047675 -0.47168615 0.17303960
v -0.32741377 -0.47202227 0.16690542
v -0.27832162 -0.48768279 0.14894311
v -0.29891634 -0.47231427 0.17461210
v -0.28518671 -0.47220236 0.17428122
v -0.34097788 -0.48626235 0.11716422
v 0.03573361 -0.47622252 0.16728973
v -0.12815085 -0.47919488 0.16037926
v -0.11970343 -0.46666256 0.17943853
v -0.14168382 -0.46478489 0.18163136
v -0.18054526 -0.47763616 0.16134967
v -0.05030159 -0.45112377 0.20375785
v -0.08415145 -0.47137129 0.17281526
v -0.03627826 -0.47145426 0.17415594
v -0.13896988 -0.45432216 0.19803122
v -0.08172496 -0.48521605 0.15153965
v -0.13892472 -0.49090374 0.14314668
v -0.20770416 -0.48528680 0.15018821
v -0.20308287 -0.46574172 0.17726249
v -0.21821307 -0.46701145 0.17533290
v -0.20063969 -0.46029881 0.18588267
v -0.14138804 -0.44971728 0.20539932
v -0.21889213 -0.45874757 0.18819410
v -0.19992532 -0.44877639 0.20512657
v -0.23635420 -0.44615334 0.20943768
v -0.20537311 -0.44089934 0.21894394
v -0.14880723 -0.44136587 0.21966477
v -0.10322846 -0.44124442 0.21985835
v -0.03347789 -0.44704661 0.21020202
v -0.06304804 -0.44131818 0.21981303
v 0.03049973 -0.44113931 0.21928652
v 0.01960297 -0.44856474 0.20756063
v 0.09963647 -0.44120988 0.21971925
v 0.07731060 -0.45034590 0.20545325
v 0.10193312 -0.44981813 0.20622568
v 0.14787333 -0.44823486 0.20921928
v 0.15213661 -0.44158873 0.21978268
v 0.21775940 -0.44128489 0.21961936
v 0.23662031 -0.44692358 0.21026759
v -0.25359479 -0.45382658 0.19789787
v -0.23817712 -0.46763232 0.17554560
v -0.24450938 -0.43939704 0.21993676
v -0.26041421 -0.47935146 0.16063927
v -0.24288517 -0.47597232 0.16417301
v 0.26345605 -0.47477773 0.17166139
v 0.09164754 -0.47263631 0.17429721
v 0.15223972 -0.45481038 0.19944720
v 0.24306044 -0.45874771 0.19334297
v 0.20536882 -0.47148407 0.17565785
v 0.08424026 -0.46309081 0.18748042
v 0.03419493 -0.47102290 0.17518665
v 0.03356369 -0.45592654 0.19693410
v 0.16445278 -0.47183537 0.17544706
v 0.20546326 -0.45523089 0.19839248
v -0.26662761 -0.44344231 0.21428224
v -0.25099108 -0.43754765 0.22322617
v -0.27571324 -0.43761691 0.22341564
v -0.28190842 -0.44855344 0.20658611
v -0.23972964 -0.48634887 0.14933883
v -0.27897957 -0.46375468 0.18514661
v -0.28275982 -0.45584986 0.19635883
v 0.24707438 -0.43931538 0.22093262
v -0.33498830 -0.48352200 0.13135734
v -0.33954814 -0.47244546 0.15120059
v -0.36418435 -0.47300345 0.11749558
v -0.29518670 -0.43730393 0.22065306
v -0.29853788 -0.44327024 0.21182570
v -0.29853860 -0.45515329 0.19645907
v 0.35494030 -0.47995660 0.04661482
v -0.36314064 -0.47524965 -0.10067980
v -0.35550320 -0.47286889 0.12991087
v -0.36393243 -0.47278789 0.11848597
v -0.36483380 -0.47322071 0.10480849
v -0.36565527 -0.47351578 0.04962681
v -0.36372933 -0.47527051 -0.03362420
v -0.36563918 -0.47288883 -0.11957216
v -0.36227870 -0.47283092 -0.12798905
v -0.35502827 -0.47289741 -0.14228275
v -0.34500206 -0.47302231 -0.15786132
v -0.36653253 -0.47278109 -0.10203955
v -0.36659274 -0.47310492 -0.04759868
v -0.26238021 -0.47916931 -0.17339864
v -0.29719099 -0.47809479 -0.17518969
v 0.31925854 -0.46853453 -0.18609203
v -0.30778438 -0.44675589 0.20342916
v -0.31859019 -0.46853003 -0.18673140
v -0.32600191 -0.45958754 -0.19827741
v -0.13926436 -0.47794598 -0.17531891
v -0.18031488 -0.47780547 -0.17533982
v -0.20998597 -0.46972531 -0.18669057
v -0.15444633 -0.46604693 -0.19157784
v -0.17938824 -0.46202201 -0.19741513
v -0.21374491 -0.46230519 -0.19723083
v -0.26022545 -0.46212503 -0.19715419
v -0.26111060 -0.46808609 -0.18861368
v -0.29551071 -0.46254092 -0.19676116
v -0.29598820 -0.46776229 -0.18921350
v -0.08735687 -0.46440214 -0.19385502
v -0.08614975 -0.47554642 -0.17842665
v -0.03487875 -0.48392811 -0.16623598
v -0.03481106 -0.46791950 -0.18854718
v 0.03915250 -0.46863881 -0.18767965
v 0.08159601 -0.47614938 -0.17753579
v 0.07791843 -0.46770909 -0.18934406
v 0.17759740 -0.46815464 -0.18863459
v 0.26187983 -0.46782410 -0.18852836
v 0.29217902 -0.46453828 -0.19326183
v 0.32149330 -0.46005660 -0.19763291
v 0.08478694 -0.46392062 -0.19493149
v 0.15708020 -0.46248034 -0.19696973
v 0.20350839 -0.46250886 -0.19655885
v -0.03476785 -0.46383375 -0.19454844
v 0.29929194 -0.46124396 -0.19755866
v -0.31335226 -0.46077827 -0.19829947
v -0.33364040 -0.45708260 -0.19721778
v -0.14071959 -0.46123564 -0.19833907
v -0.08641525 -0.46132264 -0.19802459
v -0.33918145 -0.46673560 -0.17757389
v -0.31544122 -0.46275911 0.18251412
v -0.31484267 -0.45388052 0.19296217
v -0.34345791 -0.45679832 -0.19017528
v 0.26998499 -0.45999929 -0.19894509
v 0.08013939 -0.46133655 -0.19816093
v -0.04045103 -0.46100265 -0.19810469
v -0.33034885 -0.46259719 0.17713030
v -0.30788198 -0.43864688 0.21305987
v -0.32147440 -0.44450983 0.19989170
v -0.33537540 -0.45330015 0.18484986
v -0.33783004 -0.45461127 0.18187067
v -0.33745760 -0.46208584 0.17103902
v -0.35314253 -0.45791191 -0.17518741
v -0.36289805 -0.46005195 -0.15560779
v -0.34834588 -0.44744489 -0.19959559
v -0.37687102 -0.45644513 -0.13852365
v -0.38393003 -0.44803232 -0.14371313
v -0.37745965 -0.45535457 0.12878197
v -0.35196093 -0.43763104 0.19071890
v -0.35498828 -0.45381162 0.16061902
v -0.35709298 -0.43870705 0.18248856
v -0.36397901 -0.46057415 0.13828157
v -0.39110234 -0.44237834 0.13144365
v -0.38773736 -0.44961002 0.11901840
v -0.39375710 -0.44071418 0.13003841
v -0.35231185 -0.44189939 -0.20363371
v -0.36437953 -0.43844059 0.17224699
v -0.37339479 -0.43813542 0.15972927
v -0.32177967 -0.43254796 0.21202926
v -0.33446822 -0.43409631 0.20364892
v -0.30834988 -0.43213201 0.21939707
v -0.35686642 -0.44172165 -0.19737403
v -0.36598033 -0.44294113 -0.18123308
v -0.37587038 -0.44304341 -0.16544868
v -0.38449928 -0.44211462 -0.15348242
v -0.34569937 -0.43654063 0.19571726
v 0.00099710 0.32811400 0.08582784
v 0.00094403 0.32822087 0.08152296
v 0.00127404 0.32075828 0.08576789
v 0.00102802 0.32715884 0.07829075
v 0.00104715 0.31712806 0.07812598
v 0.00077673 0.31409043 0.08097509
v 0.00053086 0.31113681 0.08578049
v 0.00156585 0.33130586 0.08147550
v 0.00171334 0.32768512 0.08900211
v 0.00172840 0.31135648 0.08853489
v 0.00198512 0.33113268 0.08800536
v 0.00361393 0.33439282 0.08070348
v 0.00114864 0.33219799 0.07830922
v 0.00597335 0.33795339 0.07702217
v -0.27849695 -0.34121731 0.23611981
v -0.28485718 -0.34210950 0.23423593
v -0.28227171 -0.34249693 0.23973864
v -0.29171878 -0.34581134 0.24008091
v -0.29079425 -0.34634504 0.24431708
v -0.29184705 -0.34515178 0.23388398
v -0.29848278 -0.34915856 0.23515026
v -0.29837438 -0.35018918 0.24368933
v -0.29347855 -0.34949428 0.24568380
v -0.29961482 -0.34863150 0.23338491
v -0.27979812 -0.34446326 0.24473791
v -0.27358034 -0.34237599 0.24161214
v -0.27164459 -0.34088546 0.23657954
v -0.27428824 -0.33797958 0.23347120
v -0.26014078 -0.34181148 0.23684506
v -0.26477340 -0.34506202 0.24442346
v -0.25241113 -0.33907065 0.23341563
v -0.25713253 -0.34443545 0.23989882
v -0.25283116 -0.34172434 0.23620395
v -0.25123349 -0.35011026 0.24419719
v -0.25573528 -0.35035244 0.24636447
v -0.27770501 -0.34734166 0.24656850
v -0.24986997 -0.34385914 0.23682684
v -0.24110699 -0.34489617 0.23341072
v -0.24939233 -0.34859550 0.23978470
v -0.30167466 -0.35396394 0.24457817
v 0.09585176 -0.18866301 0.23307195
v 0.09460616 -0.19052230 0.22688331
v 0.09516890 -0.19238377 0.22858009
v 0.09644527 -0.20452228 0.23162273
v 0.09460616 -0.19052230 0.22688331
v 0.09585176 -0.18866301 0.23307195
v 0.08729681 -0.18811649 0.23319405
v 0.08805337 -0.19064878 0.22980876
v -0.20692934 -0.19489582 0.22886047
v -0.20897932 -0.19095795 0.23058437
v -0.20644337 -0.21479836 0.22751506
v -0.20864943 -0.23971248 0.22973022
v -0.20895045 -0.29145139 0.22939456
v -0.20673113 -0.29596007 0.22690380
v -0.20654064 -0.23924351 0.22743267
v -0.20845935 -0.31183141 0.22887143
v -0.20604278 -0.31232244 0.22659640
v -0.20918639 -0.24661975 0.23315881
v -0.20952155 -0.29478180 0.23336209
v -0.20916967 -0.31081977 0.23288751
v -0.20925096 -0.18912685 0.23334768
v -0.21132146 -0.31542826 0.22781016
v -0.23460113 -0.33452561 0.22728226
v -0.23458904 -0.33505407 0.22909078
v -0.22830720 -0.33986133 0.22742173
v -0.23046404 -0.33851629 0.23136242
v -0.22183667 -0.34637541 0.22645439
v -0.22342801 -0.34661222 0.23166692
v -0.06420860 0.27640057 0.00475417
v -0.06713355 0.27619320 -0.00039834
v -0.05262943 0.27624378 0.01505542
v 0.45564067 0.17232938 0.00581897
v 0.45182607 0.16674368 0.01328867
v 0.45417225 0.16533960 0.01301993
v 0.45236781 0.17732099 0.00303120
v 0.45569339 0.17781548 -0.00055411
v 0.45332545 0.18221743 -0.00423528
v 0.45214114 0.15575589 0.01971175
v 0.45560077 0.15667681 0.01697244
v 0.45457599 0.14380133 0.02280885
v 0.45677170 0.15768503 0.01390526
v 0.45640022 0.18604831 -0.01708268
v 0.45648548 0.13582805 0.02218544
v 0.45366544 0.12382206 0.02636555
v 0.45626742 0.11507195 0.02247109
v 0.45291704 0.18737470 -0.01327953
v 0.45186505 0.13160339 0.02671860
v 0.45672417 0.11567983 -0.06541646
v 0.45669860 0.13590094 -0.02684565
v 0.45671529 0.07900294 -0.03443708
v 0.45678741 0.06689277 -0.07246057
v 0.45685405 0.07592932 -0.09317180
v 0.45676255 0.14944232 -0.10770658
v 0.45674592 0.06253233 -0.01937583
v 0.45670402 0.16820571 -0.04494811
v 0.45669916 0.18018012 -0.08196787
v 0.45676652 0.18931031 -0.04916743
v 0.45676008 0.17938866 -0.00893143
v 0.45665210 0.15645520 -0.10810974
v 0.45673904 0.12136213 0.01923472
v 0.45681694 0.09393976 0.01468368
v 0.45683953 0.08104721 0.00626762
v 0.45676577 0.08561124 -0.10149086
v 0.45683452 0.10429447 -0.10828596
v 0.45669633 0.05910454 -0.03960140
v 0.45701140 0.06842666 -0.00848812
v 0.45656425 0.13391116 -0.11423627
v 0.45644522 0.18737382 -0.06991657
v 0.45634913 0.05913485 -0.06147807
v 0.45641246 0.06209855 -0.07110741
v 0.45644990 0.06860712 -0.08529975
v 0.45628113 0.16852167 -0.10113329
v 0.45634091 0.10897384 -0.11209915
v 0.45594671 0.18206596 -0.08475872
v 0.45613289 0.09463333 -0.10749178
v 0.45543867 0.05523689 -0.04741319
v 0.45534614 0.05559489 -0.03627302
v 0.45535165 0.19123602 -0.03485730
v 0.45548478 0.14995593 -0.11260900
v 0.45439479 0.10207578 0.02217925
v 0.45437089 0.06770105 -0.00170209
v 0.45426396 0.07395379 0.00557974
v 0.45541981 0.19175285 -0.04805157
v 0.45418954 0.05647043 -0.02482437
v 0.45415866 0.06030252 -0.07611726
v 0.45431772 0.12958729 -0.11749396
v 0.45338798 0.06016267 -0.01208351
v 0.45371377 0.07857535 0.01049371
v 0.45337826 0.08357298 0.01428343
v 0.45395121 0.05562532 -0.06254090
v 0.45342508 0.09007644 0.01820137
v 0.45434877 0.07225079 -0.09432033
v 0.45411977 0.08103984 -0.10225116
v 0.45339647 0.11614012 -0.11715203
v 0.45392975 0.06550399 -0.08649300
v 0.45342931 0.14335449 -0.11637411
v 0.45320240 0.08926617 -0.10833259
v 0.45305380 0.16575111 -0.10715660
v 0.45287085 0.17737259 -0.09623380
v 0.45380962 0.19109605 -0.02636993
v 0.45292038 0.15685304 -0.11247543
v 0.45286635 0.09988529 -0.11295361
v 0.45297429 0.18765059 -0.07868572
v 0.45405555 0.17024454 -0.10246273
v 0.45219949 0.05261422 -0.05082149
v 0.45225570 0.05286106 -0.03572165
v 0.45208454 0.10844237 -0.11586245
v 0.45108032 0.05547410 -0.02071708
v 0.41137159 0.18938886 -0.04105607
v 0.41209221 0.18402997 -0.01342598
v 0.41192946 0.18705678 -0.02481988
v 0.13860591 -0.33071736 0.23104607
v 0.14254130 -0.33414358 0.22610021
v 0.14035581 -0.33043641 0.22638060
v 0.13895471 -0.33875504 0.23466693
v 0.13597433 -0.34914407 0.24383076
v 0.13761050 -0.34729460 0.24009460
v 0.13633524 -0.34971467 0.24424386
v 0.13771939 -0.36941826 0.24418685
v 0.13797022 -0.39054263 0.24423704
v 0.13952297 -0.36218828 0.22758044
v 0.13822539 -0.35401437 0.23760286
v 0.14039497 -0.41720286 0.22770575
v 0.13874941 -0.41940698 0.24208447
v 0.14045507 -0.35500485 0.22606398
v 0.13955727 -0.34273419 0.23358457
v 0.13810420 -0.42036521 0.24432811
v 0.14218637 -0.34233484 0.22616078
v 0.14084576 -0.40318674 0.22618958
v 0.14054884 -0.36844239 0.22590229
v 0.14116195 -0.42036170 0.22678536
v 0.13928671 -0.42037213 0.22793804
v 0.00053086 0.31113681 0.08578049
v -0.00137210 0.31137186 0.08890609
v 0.00172840 0.31135648 0.08853489
v 0.41298795 -0.19334123 -0.06055554
v 0.41292214 -0.19325429 0.07844885
v 0.41301161 -0.19330505 0.01957881
v -0.08449171 -0.25063056 0.22508304
v -0.08435917 -0.24834177 0.22836794
v -0.08635417 -0.24868442 0.22806454
v -0.08704761 -0.24032119 0.22913155
v 0.00156585 0.33130586 0.08147550
v -0.00062596 0.33179191 0.08168410
v 0.00094403 0.32822087 0.08152296
v 0.20123552 -0.17632008 0.23341992
v 0.20854224 -0.18466839 0.23368202
v 0.21246977 -0.18918897 0.23442121
v -0.30518293 0.17707711 0.18709940
v -0.30162510 0.18135050 0.18690564
v -0.31588200 0.16291186 0.18709618
v -0.11625096 -0.18677947 0.23360075
v -0.12136821 -0.19027784 0.23432244
v -0.11859439 -0.18851568 0.23315763
v -0.11455537 -0.28887773 0.22640324
v -0.11795408 -0.31089380 0.22938387
v -0.11455842 -0.29903662 0.22679731
v -0.11801113 -0.28876382 0.22942005
v -0.11475223 -0.31226110 0.22644171
v -0.11750374 -0.26720691 0.23005760
v -0.11432108 -0.26497442 0.22736752
v -0.11430474 -0.24632531 0.22763927
v -0.11712312 -0.24115588 0.23002726
v -0.11467199 -0.21740791 0.22765873
v -0.11806067 -0.20050864 0.22992536
v -0.11527538 -0.19884188 0.22756693
v -0.11546326 -0.19249110 0.22907670
v -0.11931629 -0.31844777 0.22581165
v -0.12134116 -0.31034181 0.23299260
v -0.11915334 -0.30990010 0.23256411
v -0.11908388 -0.28658956 0.23297392
v -0.11852068 -0.24833141 0.23287897
v -0.11918521 -0.20253769 0.23302993
v -0.05626711 0.34137130 -0.01338875
v -0.05986769 0.34126183 -0.01838109
v -0.04782785 0.34129772 -0.00289911
v 0.41299805 0.17374329 -0.09488700
v 0.41314313 0.16969965 -0.09945149
v 0.41308641 0.16524756 -0.10340270
v -0.12691148 0.07081309 0.22912839
v -0.12636600 0.06773140 0.22952023
v -0.12537053 0.06285851 0.23062405
v -0.32363814 -0.22290380 0.22491671
v -0.32357210 -0.29760247 0.22460039
v -0.32307109 -0.23800790 0.23338279
v -0.32279065 -0.29943371 0.23347130
v -0.32272491 -0.20855983 0.23210452
v -0.32223952 -0.31319407 0.23392949
v -0.32354587 -0.31432694 0.22445390
v -0.32379240 -0.20723046 0.22515847
v -0.32367039 -0.18082844 0.22680680
v -0.32269117 -0.18985349 0.23621146
v -0.32258457 -0.18015234 0.23408917
v -0.32222110 -0.26685324 0.23617545
v -0.32221001 -0.23391783 0.23602715
v -0.32172778 -0.31276605 0.23569065
v -0.32154715 -0.17543665 0.23320752
v -0.32347316 -0.17790641 0.22635165
v 0.32828709 -0.37888324 0.22262496
v 0.32581374 -0.37442538 0.23230422
v 0.32647970 -0.38786834 0.23212330
v 0.32829607 -0.39196703 0.22254784
v 0.32636195 -0.36576423 0.22319944
v -0.32534143 -0.36565045 0.23047508
v -0.32661721 -0.36721006 0.22124018
v -0.32790726 -0.37791657 0.22862086
v -0.32856530 -0.38022819 0.22110526
v -0.32880464 -0.39280787 0.22186902
v -0.32796818 -0.38825348 0.22963320
v -0.32602322 -0.39954859 0.23069839
v -0.32769451 -0.39922148 0.22182989
v -0.32447046 -0.40665981 0.22800347
v -0.32561439 -0.40574652 0.22141938
v -0.32090580 -0.41168433 0.22884922
v -0.32172480 -0.41311297 0.22169779
v 0.00597335 0.33795339 0.07702217
v -0.00187108 0.33843067 0.07630409
v 0.00114864 0.33219799 0.07830922
v -0.32214546 0.15132156 0.18708844
v -0.33181471 0.13167347 0.18709151
v -0.32693088 0.14165220 0.18725143
v -0.21983269 0.19918013 0.22027314
v -0.21816143 0.19836211 0.22498143
v -0.21530098 0.19916040 0.22447355
v -0.23732048 0.19813192 0.21991701
v -0.23433441 0.19708523 0.22498687
v -0.20475979 0.19966809 0.22235285
v -0.20065399 0.19929980 0.22474523
v -0.19936663 0.19943200 0.21930131
v -0.20864463 0.20164351 0.21789613
v -0.19804028 0.19811235 0.22509246
v -0.25402167 0.21184930 0.18713760
v -0.26614597 0.20708422 0.18696927
v -0.26688758 0.20391306 0.19109038
v -0.25233185 0.20278126 0.20499650
v -0.26655766 0.19508897 0.20682794
v -0.26360893 0.18570849 0.22552010
v -0.24830747 0.19292703 0.22481683
v -0.28365397 0.18750693 0.20315276
v -0.28344876 0.19552860 0.18892702
v -0.27172217 0.17967150 0.22725585
v -0.28356534 0.19696353 0.18700814
v -0.28342506 0.18385059 0.20882243
v -0.27698487 0.17567794 0.22781986
v -0.29466328 0.18825372 0.18681601
v -0.23864943 0.21029779 0.19842863
v -0.23685002 0.21667621 0.18767387
v -0.23747334 0.20499557 0.20813701
v -0.22207960 0.21572559 0.19350192
v -0.22025101 0.22002831 0.18760984
v -0.20841174 0.21182074 0.20288809
v -0.20902063 0.22029729 0.18899851
v -0.22684373 0.20304757 0.21338663
v -0.20756270 0.20657106 0.21115008
v -0.24347840 0.19364506 0.22555141
v -0.28348908 0.16971557 0.22788422
v -0.29656735 0.17398161 0.20548017
v -0.30162510 0.18135050 0.18690564
v -0.29201382 0.16082355 0.22741571
v -0.25048158 0.19026078 0.22618473
v -0.19201770 0.21562265 0.19329500
v -0.19085914 0.21928397 0.18781339
v -0.18801962 0.21040760 0.20081083
v -0.17453349 0.21651052 0.18751623
v -0.18389277 0.19806097 0.21799864
v -0.17331530 0.20517544 0.20456463
v -0.18468791 0.19686200 0.22473466
v -0.25632831 0.18933323 0.22547445
v -0.20900004 0.22224928 0.18770234
v -0.30518293 0.17707711 0.18709940
v -0.30638498 0.15775587 0.20959583
v -0.31293502 0.15909529 0.19657755
v -0.31588200 0.16291186 0.18709618
v -0.29732263 0.15315597 0.22759295
v -0.32117757 0.14167562 0.19865696
v -0.31152609 0.14272067 0.21459708
v -0.30115116 0.14625068 0.22709398
v -0.30616227 0.13915192 0.22561012
v -0.30522311 0.13755861 0.22747058
v -0.33181825 0.12144010 0.19462135
v -0.32697487 0.11732744 0.20633921
v -0.33456585 0.09858150 0.20682926
v -0.12151971 0.16512769 0.20783678
v -0.13034320 0.16271587 0.21729879
v -0.12712763 0.15781981 0.21762817
v -0.11132423 0.15429008 0.20603077
v -0.13267645 0.17525299 0.20895317
v -0.12035379 0.17321748 0.19868448
v -0.10430855 0.15509222 0.19819006
v -0.12454472 0.15379980 0.21791203
v -0.12039334 0.14699222 0.21795733
v -0.12203398 0.14742762 0.22416979
v -0.12550557 0.15182617 0.22796090
v -0.12316421 0.14583279 0.22707504
v -0.13357684 0.18525594 0.19890964
v -0.11145175 0.17487410 0.18655723
v -0.12017287 0.18219443 0.18683666
v -0.12658468 0.18759498 0.18720108
v -0.13728020 0.17021272 0.21736576
v -0.14949287 0.18110228 0.21805546
v -0.14323632 0.17382307 0.22172177
v -0.14067195 0.18748190 0.20348585
v -0.10825314 0.14538454 0.20791097
v -0.14868480 0.17853458 0.22443503
v -0.15401714 0.18217869 0.22507402
v -0.15653303 0.18663120 0.21745841
v -0.15766178 0.18491255 0.22482394
v -0.16508284 0.19085456 0.21806572
v -0.14011164 0.16990353 0.22543897
v -0.13078117 0.15759560 0.22677283
v -0.10995813 0.16790631 0.19314067
v -0.12860964 0.15576175 0.22783665
v -0.15907112 0.19624974 0.20742044
v -0.17404667 0.19534127 0.21836442
v -0.12111393 0.14398280 0.22719522
v -0.13257425 0.16242248 0.22419153
v -0.12693782 0.15347710 0.22671427
v -0.16663301 0.19029301 0.22420767
v -0.17331530 0.20517544 0.20456463
v -0.15336604 0.20770718 0.18701680
v -0.18389277 0.19806097 0.21799864
v -0.14838874 0.17613058 0.22626403
v -0.16612737 0.21301045 0.18728432
v -0.17453349 0.21651052 0.18751623
v -0.14356405 0.17149378 0.22696477
v -0.15144800 0.19289052 0.20603579
v -0.17426367 0.19404817 0.22469886
v -0.16072989 0.18695579 0.22508545
v -0.13216947 0.19290766 0.18693748
v -0.10142700 0.16336988 0.18698038
v -0.09653263 0.15624619 0.18692270
v -0.18468791 0.19686200 0.22473466
v -0.13608846 0.16460559 0.22780097
v -0.13941576 0.16733664 0.22737612
v -0.13290469 0.15999576 0.22759219
v -0.13977697 0.19957544 0.18693177
v -0.12693782 0.15347710 0.22671427
v -0.12860964 0.15576175 0.22783665
v -0.12594360 0.14865260 0.22774465
v 0.20854224 -0.18466839 0.23368202
v 0.19871469 -0.18833047 0.23253037
v 0.20917210 -0.18775982 0.23307310
v 0.21246977 -0.18918897 0.23442121
v 0.21146777 -0.19527005 0.23446804
v 0.25417691 -0.19414905 0.23446088
v 0.25797436 -0.18745424 0.23433609
v 0.25377488 -0.20914368 0.23387457
v 0.25733152 -0.21066350 0.23325554
v 0.23417217 -0.17651984 0.23380511
v 0.26615340 -0.17665954 0.23376040
v 0.26491275 -0.18868381 0.23406410
v 0.28453550 -0.19034670 0.23455784
v 0.31970876 -0.18717371 0.23486416
v 0.31405684 -0.17658313 0.23412418
v 0.32182422 -0.17632054 0.23409513
v 0.32449749 -0.18233676 0.23483981
v 0.31464410 -0.17499593 0.23293096
v 0.28214061 -0.20593268 0.23396915
v 0.26604903 -0.21311958 0.23343827
v 0.27268842 -0.22815199 0.23364098
v 0.29515141 -0.22345553 0.23414555
v 0.29724446 -0.24115875 0.23457786
v 0.32132581 -0.22103351 0.23444262
v 0.31955260 -0.21122991 0.23405825
v 0.32365897 -0.23292129 0.23519893
v 0.26581737 -0.26787713 0.23350780
v 0.32290527 -0.24036551 0.23547462
v 0.32258758 -0.26708630 0.23553027
v 0.30853355 -0.19381015 0.23481709
v 0.24117419 -0.17452724 0.23272300
v 0.20910159 -0.17439567 0.23246655
v 0.26214042 -0.19212595 0.23328973
v 0.21565181 -0.21260843 0.23384964
v 0.21165513 -0.21143129 0.23383470
v 0.22802104 -0.23872036 0.23359123
v 0.24406120 -0.23285629 0.23363337
v 0.31972086 -0.20110387 0.23441195
v 0.21158263 -0.25724402 0.23389927
v 0.20961742 -0.24193248 0.23301832
v 0.19351028 -0.18480808 0.23387642
v 0.19406319 -0.18878463 0.23293433
v 0.19095592 -0.20541382 0.23349732
v 0.17917094 -0.19020800 0.23442970
v 0.18456261 -0.22464876 0.23367500
v 0.15725119 -0.21610712 0.23416209
v 0.16328575 -0.25372514 0.23449410
v 0.14676283 -0.19857353 0.23453207
v 0.15429039 -0.18709958 0.23484670
v 0.12197413 -0.18838899 0.23442864
v 0.13753703 -0.18383016 0.23456162
v 0.14863412 -0.17639399 0.23393910
v 0.19114783 -0.25032887 0.23288192
v 0.19049457 -0.29164472 0.23314783
v 0.19349125 -0.27531010 0.23232259
v 0.14371017 -0.24945444 0.23445691
v 0.15306336 -0.29887998 0.23426752
v 0.13107918 -0.28496987 0.23415551
v 0.12534121 -0.30933243 0.23352990
v 0.14985742 -0.30850777 0.23381034
v 0.18501642 -0.30900732 0.23322320
v 0.18067829 -0.29607239 0.23383720
v 0.12587491 -0.25200176 0.23398603
v 0.12182697 -0.30283371 0.23297717
v 0.17808889 -0.31332991 0.23282906
v 0.14561242 -0.31259963 0.23298220
v 0.20123552 -0.17632008 0.23341992
v 0.12144285 -0.25652930 0.23315240
v 0.11931446 -0.25822794 0.23214898
v 0.11892225 -0.25683779 0.23020178
v 0.11910702 -0.27835068 0.22961713
v 0.13141997 -0.23478536 0.23415846
v 0.11879244 -0.18371601 0.23395842
v 0.12121452 -0.22714776 0.23351930
v 0.15621904 -0.31552801 0.23205768
v 0.15536131 -0.31963339 0.22935790
v 0.13976400 -0.31993821 0.22794253
v 0.13571572 -0.31600100 0.23022231
v 0.12037134 -0.31995964 0.22665460
v 0.13473313 -0.32689798 0.22608924
v 0.10896375 -0.31686524 0.22671923
v 0.09952122 -0.32059431 0.22658627
v 0.09550704 -0.32751667 0.22641590
v 0.08214493 -0.32056558 0.22679903
v 0.08597295 -0.31627014 0.22756933
v 0.17766614 -0.31925303 0.22962385
v 0.05703108 -0.32600927 0.22662634
v 0.14550492 -0.32399619 0.22703388
v 0.08133515 -0.31593847 0.22976993
v 0.12233339 -0.31606421 0.22929974
v 0.11914066 -0.31212097 0.22712125
v 0.13421863 -0.33058587 0.22633104
v 0.10340184 -0.33022383 0.22668155
v 0.08268382 -0.31330857 0.23254776
v 0.11645026 -0.30509222 0.22738263
v 0.06619447 -0.31258678 0.23285003
v 0.06544723 -0.30905387 0.23353808
v 0.04521196 -0.30914369 0.23431110
v 0.08191650 -0.30592611 0.23342746
v 0.08440447 -0.29338160 0.23372945
v 0.06951057 -0.26202902 0.23395130
v 0.08120718 -0.21268125 0.23389544
v 0.06551818 -0.21803276 0.23386104
v 0.05245529 -0.21045297 0.23396264
v 0.04774955 -0.22111732 0.23406920
v 0.02802967 -0.20668150 0.23391099
v 0.06171653 -0.19369346 0.23478669
v 0.04985432 -0.26396215 0.23446430
v 0.01617290 -0.21854426 0.23309700
v 0.02523058 -0.22705336 0.23359095
v 0.01680953 -0.29153630 0.23321879
v 0.01306295 -0.24990538 0.23229295
v 0.01333989 -0.29424575 0.23234119
v 0.01464095 -0.30567318 0.23206063
v 0.01182936 -0.30218294 0.23067810
v 0.02108801 -0.30626845 0.23309627
v 0.01294702 -0.20131221 0.23271643
v 0.01126110 -0.27817926 0.23056686
v 0.01202395 -0.31419048 0.22737525
v 0.01714395 -0.31012216 0.23222990
v 0.02659404 -0.31189585 0.23273180
v 0.19319317 -0.31071571 0.23229983
v 0.19451214 -0.29242665 0.23050672
v 0.19519024 -0.22793768 0.23057891
v 0.19811256 -0.24115215 0.22848453
v 0.19468446 -0.31297928 0.22951762
v 0.19776438 -0.19881572 0.22909950
v 0.19486427 -0.19911942 0.23069648
v 0.19741906 -0.29921612 0.22844547
v 0.20690368 -0.19101693 0.22947739
v 0.20940334 -0.20798108 0.23272258
v 0.06598853 -0.32017836 0.22734274
v 0.06684159 -0.33046561 0.22654635
v 0.08468596 -0.23081239 0.23361389
v 0.08744035 -0.29130158 0.23302591
v 0.08726017 -0.23978028 0.23290704
v 0.08887853 -0.23073936 0.23177086
v 0.09125975 -0.24234742 0.23269196
v 0.08523308 -0.20603824 0.23307565
v 0.09811243 -0.31631842 0.22725587
v 0.11983627 -0.29364529 0.23163524
v 0.12302532 -0.31321961 0.23264810
v 0.19065462 -0.31325471 0.23201133
v 0.08867410 -0.30185974 0.23196687
v 0.04195333 -0.31224456 0.23332199
v 0.32367545 -0.26269692 0.23431483
v 0.11921762 -0.25527722 0.23256403
v 0.19367489 -0.20814747 0.23264736
v 0.32320657 -0.22068323 0.23295641
v 0.00871599 -0.31480032 0.22698495
v 0.00769612 -0.32592753 0.22645716
v 0.03640732 -0.27065623 0.23426579
v 0.00908872 -0.29947037 0.22995801
v 0.00707923 -0.31190437 0.22826786
v 0.00682334 -0.30140495 0.23249289
v 0.00537039 -0.31043938 0.23090096
v 0.00272581 -0.30676186 0.23283787
v -0.00294202 -0.30661884 0.23314573
v 0.00263980 -0.29695186 0.23370981
v -0.00574421 -0.31076545 0.23151754
v 0.08459771 -0.31005493 0.23262453
v 0.21156925 -0.29669923 0.23378570
v 0.27478343 -0.17483313 0.23265468
v 0.01678074 -0.31189349 0.23026805
v -0.00622567 -0.31631395 0.22693239
v -0.00606794 -0.29787296 0.23298165
v -0.02552792 -0.32661396 0.22658326
v -0.01315151 -0.31611618 0.22746783
v -0.02097719 -0.32018897 0.22709854
v -0.02178954 -0.31549791 0.22972536
v -0.04726037 -0.31582963 0.22971940
v -0.05337450 -0.32003349 0.22697257
v -0.08147140 -0.32064486 0.22610122
v -0.08093021 -0.31575933 0.22929227
v -0.06317583 -0.31235215 0.23310663
v -0.08429600 -0.31600329 0.22713888
v -0.08720315 -0.31854522 0.22602037
v -0.07903609 -0.33045283 0.22595625
v -0.10362482 -0.32002804 0.22566728
v -0.09110279 -0.31563550 0.22697835
v -0.12672722 -0.33050820 0.22563827
v -0.11931629 -0.31844777 0.22581165
v -0.13093276 -0.32001403 0.22570723
v -0.12170508 -0.31541547 0.22880386
v -0.12912692 -0.31627104 0.22904345
v -0.14532706 -0.31570694 0.23024900
v -0.14718542 -0.31996784 0.22716194
v -0.15772569 -0.31659558 0.23114675
v -0.16003942 -0.31996489 0.22833399
v -0.17534983 -0.31682432 0.23140717
v -0.17995997 -0.32004714 0.22820933
v -0.18575421 -0.31654137 0.23094288
v -0.18995927 -0.31367666 0.23275506
v -0.14804113 -0.31254685 0.23323442
v -0.19314697 -0.31712034 0.22746636
v -0.19131894 -0.31014827 0.23276773
v -0.19350754 -0.30952066 0.22878073
v -0.19224896 -0.30250892 0.23272967
v -0.19353665 -0.30245721 0.23025528
v -0.18686433 -0.30821633 0.23366754
v -0.19623145 -0.30029359 0.22791025
v -0.19669728 -0.26050454 0.22780234
v -0.20673113 -0.29596007 0.22690380
v -0.20604278 -0.31232244 0.22659640
v -0.20654064 -0.23924351 0.22743267
v -0.19403802 -0.25194788 0.23047097
v -0.19321395 -0.25365797 0.23234950
v -0.19434461 -0.22088647 0.23048387
v -0.19332786 -0.22201222 0.23255602
v -0.19715527 -0.24333812 0.22819875
v -0.19076927 -0.32017842 0.22672755
v -0.19104031 -0.22052620 0.23320685
v -0.19298421 -0.21840124 0.23198897
v -0.19400984 -0.21453761 0.22994342
v -0.19248411 -0.20115715 0.23255922
v -0.14074032 -0.33109576 0.22603191
v -0.15083505 -0.32422370 0.22627249
v -0.10283693 -0.31578210 0.22756200
v -0.10388088 -0.31061745 0.23288564
v -0.09164286 -0.31015202 0.23275761
v -0.09480813 -0.30485582 0.23384449
v -0.10494811 -0.30593419 0.23379412
v -0.10793176 -0.30982193 0.23290218
v -0.10513829 -0.25998262 0.23376733
v -0.09094516 -0.30457810 0.23300403
v -0.08977580 -0.29025516 0.23265776
v -0.09042334 -0.27780411 0.23329689
v -0.08876747 -0.27034104 0.23266806
v -0.08963259 -0.24010420 0.23265888
v -0.10884888 -0.31119630 0.22936431
v -0.10857887 -0.28645787 0.22958690
v -0.12134116 -0.31034181 0.23299260
v -0.11032426 -0.29843935 0.22739278
v -0.02350926 -0.31301919 0.23245151
v -0.19298013 -0.30064112 0.23255897
v -0.08688357 -0.31196296 0.22678047
v -0.11079688 -0.31203169 0.22661667
v -0.11475223 -0.31226110 0.22644171
v -0.11019033 -0.28627729 0.22673295
v -0.11455537 -0.28887773 0.22640324
v -0.11432108 -0.26497442 0.22736752
v -0.11077662 -0.25451329 0.22780909
v -0.11430474 -0.24632531 0.22763927
v -0.11084291 -0.23943493 0.22874305
v -0.11467199 -0.21740791 0.22765873
v -0.11106781 -0.20782161 0.22885105
v -0.10775770 -0.21983548 0.23288089
v -0.10882064 -0.20155174 0.23272075
v -0.10538254 -0.20434697 0.23337577
v -0.10840138 -0.19207823 0.23405461
v -0.11117945 -0.19942228 0.22992991
v -0.11527538 -0.19884188 0.22756693
v -0.09408245 -0.20565774 0.23330443
v -0.09152819 -0.19248250 0.23374704
v -0.09120540 -0.20690428 0.23285836
v -0.10960351 -0.18588278 0.23392265
v -0.08477364 -0.18330488 0.23387590
v -0.08708775 -0.18884638 0.23319329
v -0.06756948 -0.17620473 0.23340957
v -0.12000328 -0.17604141 0.23319675
v -0.08987252 -0.17377344 0.23269458
v -0.02039119 -0.17423806 0.23222119
v -0.11625096 -0.18677947 0.23360075
v -0.00889011 -0.17634107 0.23313913
v 0.03056193 -0.17408931 0.23227505
v 0.02775043 -0.17632851 0.23312618
v 0.00816256 -0.18472704 0.23381749
v 0.07909175 -0.17402619 0.23290235
v 0.07756950 -0.17624825 0.23373786
v -0.00615742 -0.18622299 0.23390062
v 0.05434384 -0.18377474 0.23423553
v -0.04881925 -0.18410146 0.23426241
v 0.00197411 -0.20195083 0.23339239
v 0.00701366 -0.20235032 0.23265091
v -0.12136821 -0.19027784 0.23432244
v -0.13184920 -0.18989924 0.23458457
v -0.12125836 -0.21075521 0.23373571
v -0.12661783 -0.22758503 0.23396789
v -0.15195452 -0.22198874 0.23417631
v -0.14873794 -0.25396168 0.23445725
v -0.12147140 -0.29320398 0.23361552
v -0.11908388 -0.28658956 0.23297392
v -0.11918521 -0.20253769 0.23302993
v -0.00341459 -0.20150863 0.23353167
v -0.11181528 -0.18838887 0.23326507
v 0.00274795 -0.22650664 0.23359700
v -0.11852068 -0.24833141 0.23287897
v -0.00679466 -0.19260405 0.23272948
v -0.00615125 -0.21605384 0.23293446
v -0.08412471 -0.18850547 0.23342004
v -0.11859439 -0.18851568 0.23315763
v -0.08481596 -0.19026932 0.23021168
v -0.11455842 -0.29903662 0.22679731
v -0.10916755 -0.31610268 0.22607259
v 0.11664983 -0.28331000 0.22846934
v 0.11650134 -0.25558451 0.22865316
v 0.11301814 -0.26408920 0.23101428
v 0.11245295 -0.28507245 0.23048083
v 0.11036447 -0.28211462 0.23242104
v 0.11088561 -0.25599426 0.23264879
v 0.10340308 -0.29031274 0.23314992
v 0.10710254 -0.30451998 0.23230496
v 0.10774801 -0.22965649 0.23314129
v 0.09769947 -0.26087296 0.23328212
v 0.11143534 -0.21352056 0.23236653
v 0.11142222 -0.20160772 0.23231503
v 0.09909224 -0.20213625 0.23240149
v 0.09661559 -0.18554257 0.23398302
v 0.09585176 -0.18866301 0.23307195
v 0.08729681 -0.18811649 0.23319405
v 0.08563767 -0.18628104 0.23426424
v 0.08630233 -0.20056778 0.23242307
v 0.09644527 -0.20452228 0.23162273
v 0.08805337 -0.19064878 0.22980876
v 0.08781656 -0.19890878 0.22983797
v 0.09220486 -0.19238153 0.22703741
v 0.11689469 -0.19436575 0.22908285
v 0.11619322 -0.23115517 0.22786570
v 0.09228145 -0.20291182 0.22846048
v 0.09212771 -0.21746327 0.23018549
v 0.11124339 -0.30010161 0.22959942
v -0.05467336 -0.33065632 0.22620033
v 0.00845283 -0.18880817 0.23306666
v 0.01200337 -0.18847258 0.23321332
v 0.00888551 -0.20382740 0.23029764
v 0.00883748 -0.22078258 0.23092325
v 0.01097423 -0.20337158 0.23076977
v 0.00974755 -0.19025418 0.23032860
v -0.08157241 -0.31304896 0.23241690
v -0.00828136 -0.31168047 0.22773638
v -0.10902966 -0.24312571 0.23150620
v -0.00620697 -0.31228828 0.22863166
v -0.00112417 -0.31346962 0.22836648
v -0.08176220 -0.19159192 0.23440708
v 0.20963110 -0.31083468 0.23275237
v 0.21154815 -0.30745050 0.23333316
v 0.22482637 -0.31015277 0.23169112
v 0.21248718 -0.31587216 0.22733866
v 0.22614343 -0.31615165 0.22837532
v 0.22684425 -0.32220095 0.22691590
v 0.24147293 -0.31845278 0.22772072
v 0.24205367 -0.32868102 0.22640178
v 0.25383541 -0.32385537 0.22657470
v 0.23226158 -0.33334175 0.22631875
v 0.21048346 -0.33096701 0.22595929
v 0.22184607 -0.34374711 0.22574073
v 0.21638535 -0.35293704 0.22572669
v 0.21057208 -0.36386368 0.22575994
v 0.15796670 -0.34228644 0.22592781
v 0.19858618 -0.37492660 0.22590700
v 0.20788762 -0.38859507 0.22651994
v 0.20987923 -0.41211328 0.22649127
v 0.21507432 -0.40769985 0.22738107
v 0.21833889 -0.41388899 0.22757168
v 0.14054884 -0.36844239 0.22590229
v 0.16033585 -0.39764178 0.22591083
v 0.21308744 -0.36307135 0.22736280
v 0.21037932 -0.37244362 0.22717519
v 0.21399605 -0.36818227 0.23150419
v 0.21702734 -0.36043429 0.23161134
v 0.22054635 -0.37262166 0.23486035
v 0.22698382 -0.37363568 0.23578611
v 0.21866915 -0.35457996 0.23105964
v 0.21785469 -0.37949827 0.23569782
v 0.22844930 -0.36301339 0.23371924
v 0.21836169 -0.35257310 0.22709200
v 0.18922211 -0.32665175 0.22619407
v 0.14084576 -0.40318674 0.22618958
v 0.14116195 -0.42036170 0.22678536
v 0.16019818 -0.42203912 0.22645015
v 0.13913460 -0.42307013 0.22642252
v 0.13928671 -0.42037213 0.22793804
v 0.14039497 -0.41720286 0.22770575
v 0.12332620 -0.42155334 0.22654918
v 0.13629849 -0.43110305 0.22417946
v 0.14045507 -0.35500485 0.22606398
v 0.14218637 -0.34233484 0.22616078
v 0.14254130 -0.33414358 0.22610021
v 0.18957748 -0.40754300 0.22609270
v 0.21176864 -0.42051259 0.22719486
v 0.22043119 -0.42169040 0.22722994
v 0.22333480 -0.41862890 0.22798349
v 0.22879396 -0.42265931 0.22715063
v 0.23857789 -0.42738962 0.22553609
v 0.21702340 -0.43985149 0.22068752
v 0.19589151 -0.43837488 0.22113259
v 0.23832488 -0.43651110 0.22267088
v 0.24707438 -0.43931538 0.22093262
v 0.21775940 -0.44128489 0.21961936
v 0.15213661 -0.44158873 0.21978268
v 0.25070989 -0.43558878 0.22354610
v 0.26512939 -0.43895724 0.22147198
v 0.24379192 -0.43260586 0.22418931
v 0.20940208 -0.38143107 0.22683187
v 0.26152235 -0.31275898 0.22829834
v 0.21804595 -0.40839821 0.23136364
v 0.25295970 -0.32652181 0.22793113
v 0.27244991 -0.32219553 0.22696891
v 0.26880547 -0.31667915 0.22797371
v 0.28219327 -0.31816125 0.22750828
v 0.27494165 -0.30977422 0.23119076
v 0.28338030 -0.32394034 0.22715537
v 0.28297058 -0.32776943 0.22956643
v 0.29724264 -0.33029330 0.22768480
v 0.29379267 -0.33086011 0.23014157
v 0.30333936 -0.33450264 0.22955850
v 0.30881336 -0.33526939 0.22634870
v 0.31059304 -0.33735165 0.22721468
v 0.31568316 -0.33989757 0.22562452
v 0.32529214 -0.32135677 0.22440445
v 0.32333487 -0.31338432 0.22525625
v 0.32452703 -0.30821010 0.22555929
v 0.33103052 -0.30584314 0.22221278
v 0.32609746 -0.29883525 0.22507651
v 0.32618785 -0.27241191 0.22545174
v 0.32443187 -0.28968126 0.22664058
v 0.31805176 -0.34509557 0.22608185
v 0.31352106 -0.34417093 0.23212722
v 0.32291165 -0.34657606 0.22427180
v 0.33175111 -0.27597046 0.22249846
v 0.34914923 -0.30362943 0.21078035
v 0.33665302 -0.32141125 0.21813849
v 0.35394603 -0.33011475 0.20752409
v 0.33658648 -0.33603692 0.21784511
v 0.36586571 -0.33122468 0.19975342
v 0.36776099 -0.35874873 0.19926812
v 0.35761496 -0.37344420 0.20598252
v 0.35938323 -0.29859057 0.20409341
v 0.36678168 -0.30023003 0.19889857
v 0.34304559 -0.25780338 0.21556848
v 0.36047223 -0.25604564 0.20335406
v 0.30626702 -0.33834556 0.23219143
v 0.31768376 -0.34969318 0.23203173
v 0.31007457 -0.36105424 0.23441350
v 0.30674577 -0.35583767 0.23425584
v 0.31965354 -0.31607711 0.22556497
v 0.31193116 -0.32006803 0.22640914
v 0.30782223 -0.31620410 0.22779883
v 0.31005567 -0.31369939 0.22992186
v 0.32017022 -0.31383160 0.22813073
v 0.31249419 -0.36739153 0.23463142
v 0.30305496 -0.35154396 0.23376478
v 0.32256207 -0.36276361 0.23223138
v 0.32118213 -0.35528487 0.23014130
v 0.32441303 -0.36059168 0.22357441
v 0.32636195 -0.36576423 0.22319944
v 0.33073321 -0.36691070 0.22105578
v 0.32581374 -0.37442538 0.23230422
v 0.32828709 -0.37888324 0.22262496
v 0.32829607 -0.39196703 0.22254784
v 0.28466237 -0.33128890 0.23106441
v 0.29809558 -0.32878757 0.22698787
v 0.29777858 -0.31631434 0.22881395
v 0.36654693 -0.27205655 0.19898537
v 0.36536193 -0.22339836 0.19872175
v 0.35895780 -0.21910232 0.20442292
v 0.36007249 -0.19578555 0.20354480
v 0.23345532 -0.30937216 0.23099019
v 0.20895396 -0.31743804 0.22649622
v 0.26657465 -0.32517797 0.22892766
v 0.22338243 -0.41441780 0.23130333
v 0.23218922 -0.29696280 0.23268747
v 0.24036330 -0.33090541 0.22729903
v 0.24133042 -0.33137220 0.22906996
v 0.23515074 -0.33443040 0.22927515
v 0.24707164 -0.33933401 0.23125137
v 0.23671514 -0.34704795 0.23129007
v 0.24518135 -0.34413403 0.23305878
v 0.23568262 -0.35086125 0.23252819
v 0.23208967 -0.35669327 0.23311952
v 0.23668733 -0.35448536 0.23682471
v 0.23305951 -0.36339903 0.23756565
v 0.23995338 -0.35883504 0.24223250
v 0.23723136 -0.36509225 0.24343894
v 0.24193765 -0.36345014 0.24642780
v 0.23518500 -0.37393600 0.24415366
v 0.25077093 -0.35252357 0.24559547
v 0.24002469 -0.36992821 0.24720359
v 0.23159286 -0.37607917 0.23905763
v 0.23224211 -0.38613144 0.24067865
v 0.23600754 -0.38682434 0.24492796
v 0.23178846 -0.39907113 0.23779844
v 0.23490556 -0.39541411 0.24129835
v 0.23765539 -0.39591965 0.24401443
v 0.22946315 -0.39266643 0.23728521
v 0.22863132 -0.40492871 0.23742183
v 0.23763113 -0.40540358 0.23836493
v 0.24828243 -0.35095140 0.24319473
v 0.24442729 -0.35124531 0.23981486
v 0.24129833 -0.39240408 0.24779333
v 0.24381660 -0.39885509 0.24749680
v 0.25713143 -0.33996612 0.23287521
v 0.26858163 -0.33829737 0.23250449
v 0.24070811 -0.35075000 0.23676141
v 0.24984610 -0.34641883 0.23718517
v 0.22921439 -0.34246626 0.23013167
v 0.22947282 -0.33887583 0.22887884
v 0.25924161 -0.34137043 0.23539218
v 0.23139927 -0.33580816 0.22712992
v 0.08820724 -0.21893629 0.23083128
v 0.25923064 -0.21680401 0.23191859
v -0.01315126 -0.19133659 0.23403250
v 0.25883469 -0.23737426 0.23170988
v 0.25690839 -0.23754677 0.23306838
v 0.25742418 -0.25599533 0.23319519
v 0.25951645 -0.26775563 0.23143075
v 0.26119193 -0.28198272 0.23140019
v 0.25984153 -0.28860873 0.23108295
v 0.25699532 -0.29581445 0.23260731
v 0.25982094 -0.30749354 0.22928655
v 0.25369877 -0.27369866 0.23375763
v 0.25329041 -0.29083633 0.23301828
v 0.24500895 -0.27872136 0.23334824
v 0.26080433 -0.23003066 0.23173557
v 0.35654598 -0.39811000 0.20662253
v 0.09090726 -0.31029975 0.23002316
v 0.09796370 -0.31278384 0.22940518
v 0.09331762 -0.30969614 0.23177083
v 0.10100406 -0.31037262 0.23177871
v 0.09739453 -0.30480823 0.23314470
v -0.18927887 -0.19625102 0.23414871
v -0.19271143 -0.18869971 0.23276263
v -0.19333099 -0.19066633 0.23114532
v -0.20897932 -0.19095795 0.23058437
v -0.20692934 -0.19489582 0.22886047
v -0.19608471 -0.19420938 0.22966892
v -0.20638269 -0.18839207 0.23279767
v -0.20925096 -0.18912685 0.23334768
v -0.20872647 -0.18530521 0.23383269
v -0.21139447 -0.19171834 0.23464443
v -0.21114013 -0.20567185 0.23395722
v -0.21557488 -0.17632852 0.23353966
v -0.19177520 -0.17695828 0.23339206
v -0.20422655 -0.17380455 0.23291475
v -0.25706366 -0.17388231 0.23310660
v -0.16694771 -0.17410699 0.23274286
v -0.25303307 -0.19182090 0.23439017
v -0.24017003 -0.21786569 0.23351423
v -0.25328267 -0.21415131 0.23365654
v -0.25328940 -0.26136187 0.23363020
v -0.25756532 -0.21875080 0.23287126
v -0.22810224 -0.24248780 0.23353820
v -0.23910069 -0.28688288 0.23331645
v -0.25290284 -0.29084396 0.23350103
v -0.25260517 -0.30678007 0.23292616
v -0.23041520 -0.30690297 0.23310016
v -0.22271051 -0.28754076 0.23358800
v -0.21105424 -0.30722266 0.23393196
v -0.21126412 -0.28336099 0.23423412
v -0.20952155 -0.29478180 0.23336209
v -0.20916967 -0.31081977 0.23288751
v -0.21606718 -0.31162637 0.23293176
v -0.21132146 -0.31542826 0.22781016
v -0.21648481 -0.31611356 0.22822191
v -0.21124366 -0.31987369 0.22640939
v -0.20918639 -0.24661975 0.23315881
v -0.23813908 -0.31560275 0.22858387
v -0.20845935 -0.31183141 0.22887143
v -0.25756198 -0.18612659 0.23418623
v -0.15449175 -0.17645700 0.23349798
v -0.17239243 -0.18932454 0.23461780
v -0.25677216 -0.30062836 0.23280507
v -0.21123840 -0.22223540 0.23389374
v -0.19364285 -0.18553628 0.23347510
v -0.18736948 -0.21477079 0.23387960
v -0.18643999 -0.24078318 0.23385951
v -0.17095101 -0.22157469 0.23412165
v 0.35129151 -0.22485228 0.21021317
v 0.20250925 -0.22962765 0.22765392
v 0.20676689 -0.19868955 0.22792959
v 0.20662893 -0.23330416 0.22730987
v 0.20679554 -0.29803401 0.22747791
v -0.20180535 -0.23957133 0.22764048
v -0.25922310 -0.22155298 0.23199844
v -0.25956544 -0.21807103 0.23323548
v -0.25861979 -0.30057395 0.23132056
v -0.25771394 -0.31127101 0.23031223
v 0.14035581 -0.33043641 0.22638060
v -0.25938219 -0.29789862 0.23139995
v -0.19333437 -0.20150657 0.23103535
v 0.08199164 -0.19161625 0.23460941
v 0.21793428 -0.38932937 0.23614681
v -0.00320250 -0.24071321 0.23372382
v 0.37069958 -0.39527673 0.19773476
v 0.00717648 -0.22088943 0.23272188
v -0.25971791 -0.31206191 0.23011070
v -0.25985447 -0.31609926 0.22802418
v -0.26229408 -0.31334677 0.23041531
v -0.25984731 -0.31054541 0.23310430
v -0.28291348 -0.31147364 0.23301721
v -0.27382028 -0.30738938 0.23359714
v -0.26181194 -0.30764228 0.23361789
v -0.26182273 -0.29175642 0.23410723
v -0.29854241 -0.30693129 0.23480475
v -0.28477839 -0.29361084 0.23424625
v -0.30441660 -0.31003642 0.23522595
v -0.27177227 -0.29418337 0.23399819
v -0.32222110 -0.26685324 0.23617545
v -0.29038382 -0.24138522 0.23439129
v -0.31899673 -0.31110802 0.23590945
v -0.32172778 -0.31276605 0.23569065
v -0.31643507 -0.31302100 0.23294400
v -0.32223952 -0.31319407 0.23392949
v -0.32279065 -0.29943371 0.23347130
v -0.32221001 -0.23391783 0.23602715
v -0.32307109 -0.23800790 0.23338279
v -0.27524063 -0.31557375 0.22952695
v -0.30779096 -0.21830647 0.23439234
v -0.29874322 -0.21833710 0.23424558
v -0.32213643 -0.20410021 0.23430234
v -0.32202324 -0.21256985 0.23390168
v -0.31026351 -0.31252950 0.23310506
v -0.25256774 -0.31247839 0.23077482
v -0.31637743 -0.31541979 0.22824261
v -0.32215834 -0.31643179 0.22688432
v -0.32096344 -0.32000121 0.22477561
v -0.32354587 -0.31432694 0.22445390
v -0.31038624 -0.31598440 0.22830662
v -0.30888578 -0.32038590 0.22632881
v -0.32249203 -0.32695737 0.22359423
v -0.31692898 -0.34216407 0.22434565
v -0.32345659 -0.33754098 0.22247507
v -0.32075524 -0.35258657 0.22312219
v -0.32457918 -0.36120200 0.22206792
v -0.32212439 -0.35924897 0.23113279
v -0.32092226 -0.35421255 0.22907791
v -0.31507805 -0.34696981 0.23184156
v -0.30656803 -0.35489216 0.23333749
v -0.30863419 -0.34029594 0.23200810
v -0.31115359 -0.36323565 0.23279954
v -0.30569926 -0.35551211 0.23524922
v -0.31586620 -0.37830919 0.23263004
v -0.31358808 -0.37182188 0.23296894
v -0.31217757 -0.37167081 0.24074408
v -0.30954006 -0.36255160 0.24097338
v -0.30981717 -0.36606285 0.24434102
v -0.31104001 -0.37816900 0.24504074
v -0.31238315 -0.38587761 0.24052602
v -0.30870017 -0.39611706 0.24455066
v -0.31347591 -0.39092004 0.23384047
v -0.30878162 -0.38670674 0.24610990
v -0.30982655 -0.40021852 0.23518264
v -0.30746597 -0.37328431 0.24649681
v -0.30571809 -0.39794123 0.24600102
v -0.30439407 -0.40337563 0.24443233
v -0.30540568 -0.35847285 0.24459088
v -0.31370798 -0.39364621 0.23291548
v -0.30902860 -0.40569574 0.23333256
v -0.31620562 -0.40744922 0.23259433
v -0.32084283 -0.39744341 0.23236641
v -0.32602322 -0.39954859 0.23069839
v -0.31842226 -0.41264179 0.23102351
v -0.32090580 -0.41168433 0.22884922
v -0.32677954 -0.38739112 0.23129049
v -0.32796818 -0.38825348 0.22963320
v -0.32790726 -0.37791657 0.22862086
v -0.31063244 -0.41576844 0.23267040
v -0.30449677 -0.41044304 0.23403195
v -0.30908555 -0.42285958 0.23096973
v -0.30293649 -0.42417923 0.23236501
v -0.30063042 -0.42757988 0.23156589
v -0.30365244 -0.42808709 0.22167134
v -0.31040356 -0.42416194 0.22147383
v -0.31218410 -0.42775619 0.22003731
v -0.29359722 -0.43135977 0.22906861
v -0.29623729 -0.43165264 0.22262031
v -0.29175445 -0.43253091 0.22581857
v -0.28085488 -0.43534341 0.22514655
v -0.29031649 -0.43469474 0.22342376
v -0.31694165 -0.41915166 0.22106008
v -0.32353854 -0.41582790 0.21959707
v -0.32172480 -0.41311297 0.22169779
v -0.32561439 -0.40574652 0.22141938
v -0.32973894 -0.41112816 0.21798858
v -0.32899225 -0.41743639 0.21591090
v -0.32036331 -0.42691451 0.21629368
v -0.34761232 -0.42131391 0.20204413
v -0.33676094 -0.39656237 0.21747033
v -0.28863478 -0.43148321 0.23180965
v -0.32964689 -0.39612645 0.22103666
v -0.32769451 -0.39922148 0.22182989
v -0.34569937 -0.43654063 0.19571726
v -0.35196093 -0.43763104 0.19071890
v -0.36092612 -0.42209649 0.19237830
v -0.36190748 -0.40696064 0.19887862
v -0.37101999 -0.40331540 0.19418831
v -0.37178555 -0.39705792 0.19601028
v -0.35260710 -0.39609367 0.20838676
v -0.36276290 -0.36747858 0.20179792
v -0.35759005 -0.33416560 0.20435824
v -0.36773625 -0.32721278 0.19820100
v -0.35366547 -0.30745170 0.20706576
v -0.35353422 -0.25734922 0.20743594
v -0.36809692 -0.26243594 0.19776490
v -0.37127039 -0.32906207 0.19512047
v -0.34189263 -0.33135423 0.21326518
v -0.34056345 -0.35050642 0.21409838
v -0.35816234 -0.22494565 0.20441122
v -0.34469065 -0.21583207 0.21306972
v -0.35638496 -0.19687435 0.20593044
v -0.33871111 -0.18820000 0.21724072
v -0.33034870 -0.18313009 0.22273917
v -0.34431636 -0.18729725 0.21336532
v -0.36725989 -0.23417574 0.19800720
v -0.36321118 -0.19458608 0.20104906
v -0.36704308 -0.20165890 0.19792809
v -0.36999947 -0.37011766 0.19709828
v -0.30834988 -0.43213201 0.21939707
v -0.34271732 -0.40997273 0.21001978
v -0.33495054 -0.38293332 0.21822125
v -0.31529579 -0.41806802 0.22904082
v -0.32447046 -0.40665981 0.22800347
v -0.32880464 -0.39280787 0.22186902
v -0.31373790 -0.37854585 0.23491965
v -0.31356755 -0.34181494 0.22631815
v -0.32300115 -0.38608351 0.23209192
v -0.29961482 -0.34863150 0.23338491
v -0.30660284 -0.35783282 0.24035335
v -0.31656900 -0.34548107 0.22586569
v 0.22732311 -0.35152930 0.23129112
v -0.30946544 -0.33736083 0.22579890
v 0.09168343 -0.30043930 0.23255961
v 0.26025835 -0.19629300 0.23156993
v -0.35535073 -0.19095093 0.20622508
v 0.19057646 -0.42192474 0.22640207
v 0.32443622 -0.19330373 0.23511466
v 0.00908568 -0.27786353 0.23043627
v 0.19765943 -0.31198820 0.22752772
v -0.04760016 -0.30873901 0.23434421
v -0.02896306 -0.31027147 0.23337321
v -0.01569982 -0.30675831 0.23307493
v -0.01569370 -0.29255661 0.23347335
v -0.01320489 -0.30985719 0.23256573
v -0.01200590 -0.27907738 0.23268011
v -0.01192406 -0.25098428 0.23262580
v -0.01585637 -0.21059623 0.23328201
v -0.02474077 -0.22307436 0.23371059
v -0.04466073 -0.25236651 0.23445679
v -0.04848962 -0.22148553 0.23407505
v -0.07763787 -0.23479040 0.23375006
v -0.05776064 -0.28971779 0.23421913
v -0.07574230 -0.29052487 0.23376065
v -0.08181105 -0.23079757 0.23356895
v -0.05649952 -0.20809036 0.23409027
v -0.08195460 -0.30288911 0.23347093
v -0.08381068 -0.28333804 0.23286052
v -0.08371343 -0.30966088 0.23267661
v -0.02795587 -0.20686381 0.23399788
v -0.08399221 -0.22869229 0.23282866
v -0.04299067 -0.29782888 0.23433498
v 0.24547072 -0.43089730 0.22574730
v 0.20637012 -0.31239995 0.22666667
v 0.32446453 -0.20111795 0.23237392
v 0.26222017 -0.30324179 0.23073266
v 0.05159179 -0.29790780 0.23431380
v 0.26244307 -0.22543436 0.23277330
v -0.30324742 -0.33422208 0.22743537
v 0.11918342 -0.18806070 0.23317367
v -0.30466816 -0.40679535 0.23569757
v -0.30127150 -0.40813038 0.24031548
v -0.30048144 -0.41074663 0.23587082
v -0.29562947 -0.41205117 0.24427751
v -0.29769832 -0.41414917 0.23574713
v -0.33446822 -0.43409631 0.20364892
v -0.32147440 -0.44450983 0.19989170
v -0.33537540 -0.45330015 0.18484986
v 0.15076849 -0.17419766 0.23304830
v 0.09923439 -0.17632917 0.23351865
v -0.32947034 -0.35179123 0.21978691
v 0.09832359 -0.23168987 0.23301393
v 0.19840759 -0.19341259 0.22972184
v -0.10816798 -0.25694793 0.23297794
v 0.26410380 -0.30169955 0.23222429
v 0.26294774 -0.28998023 0.23285766
v 0.26592970 -0.29278234 0.23313946
v 0.28297374 -0.29473010 0.23387903
v 0.29856789 -0.27271733 0.23476319
v 0.30276117 -0.30599019 0.23472050
v 0.29019982 -0.30637744 0.23400666
v 0.29077068 -0.31067994 0.23314643
v -0.24514750 -0.32016662 0.22721669
v -0.21561654 -0.32696941 0.22620526
v -0.24304026 -0.32854518 0.22657174
v -0.25819492 -0.32484952 0.22698569
v -0.23369735 -0.33309907 0.22649734
v -0.24284485 -0.33057943 0.22741662
v -0.21778148 -0.34293145 0.22602630
v -0.26813695 -0.32703435 0.22771536
v -0.27865332 -0.32411337 0.22689711
v -0.27821830 -0.32745633 0.22746316
v -0.29331630 -0.32899293 0.22680382
v -0.29409784 -0.33045092 0.22736385
v -0.29184705 -0.32036620 0.22743522
v -0.28511131 -0.33006105 0.23211573
v -0.29276797 -0.33125898 0.23048605
v -0.26992801 -0.32860643 0.22960079
v -0.23460113 -0.33452561 0.22728226
v -0.24373066 -0.33105752 0.22916733
v -0.23458904 -0.33505407 0.22909078
v -0.23563366 -0.33738384 0.23135445
v -0.23046404 -0.33851629 0.23136242
v -0.22342801 -0.34661222 0.23166692
v -0.24404044 -0.34019840 0.23206380
v -0.23293668 -0.34832436 0.23229113
v -0.24110699 -0.34489617 0.23341072
v -0.23578438 -0.35088891 0.23436737
v -0.24327259 -0.35033253 0.23745191
v -0.24267249 -0.35646185 0.24221873
v -0.24939233 -0.34859550 0.23978470
v -0.24613707 -0.34892550 0.23740599
v -0.25123349 -0.35011026 0.24419719
v -0.24749389 -0.35735670 0.24654177
v -0.24303108 -0.36567464 0.24704398
v -0.25573528 -0.35035244 0.24636447
v -0.23861760 -0.36330056 0.24220954
v -0.24986997 -0.34385914 0.23682684
v -0.22599503 -0.35729551 0.23313867
v -0.25241113 -0.33907065 0.23341563
v -0.26285380 -0.33263037 0.23166519
v -0.27428824 -0.33797958 0.23347120
v -0.24386217 -0.33369464 0.23080342
v -0.22862549 -0.33671528 0.22637899
v -0.18528487 -0.32392746 0.22612104
v -0.22183667 -0.34637541 0.22645439
v -0.21731478 -0.35171834 0.22592303
v -0.21100111 -0.36259326 0.22607890
v -0.21793447 -0.35338750 0.22692397
v -0.17900996 -0.33588448 0.22600047
v -0.19923450 -0.39392555 0.22627391
v -0.20646629 -0.37975338 0.22644299
v -0.20971553 -0.37688312 0.22710934
v -0.21028151 -0.39017454 0.22701739
v -0.17136829 -0.39649755 0.22612205
v -0.16304509 -0.34149894 0.22611931
v -0.18595980 -0.42292017 0.22645818
v -0.15953021 -0.42319557 0.22657990
v -0.20462529 -0.43644446 0.22117054
v -0.16509824 -0.43918359 0.22079127
v -0.14213201 -0.43957090 0.22126384
v -0.14880723 -0.44136587 0.21966477
v -0.10322846 -0.44124442 0.21985835
v -0.08968537 -0.43924952 0.22141707
v -0.06304804 -0.44131818 0.21981303
v -0.03522939 -0.43915761 0.22126646
v -0.08716045 -0.43041700 0.22476967
v -0.03490734 -0.43094435 0.22446831
v -0.07151052 -0.42243421 0.22730407
v -0.01075441 -0.42254347 0.22703406
v -0.04377746 -0.42014739 0.22830240
v -0.10453349 -0.42031777 0.22828826
v 0.06863311 -0.42009926 0.22803372
v 0.04756638 -0.42232990 0.22689840
v 0.06867324 -0.42153484 0.22674774
v 0.06753474 -0.43054917 0.22418146
v -0.11969325 -0.42254952 0.22707514
v 0.03049973 -0.44113931 0.21928652
v -0.22624546 -0.42241654 0.22720852
v -0.23136668 -0.43058860 0.22368041
v -0.23722623 -0.43854529 0.22076492
v -0.24376962 -0.43569070 0.22335574
v -0.24450938 -0.43939704 0.21993676
v -0.25099108 -0.43754765 0.22322617
v -0.24199097 -0.43103242 0.22785491
v -0.25538626 -0.43172169 0.22899318
v -0.24683370 -0.42725179 0.22950003
v -0.25903729 -0.42733708 0.23368593
v -0.24762374 -0.42441520 0.23261374
v -0.25125280 -0.42200372 0.23917398
v -0.25820640 -0.42224807 0.23955755
v -0.26591778 -0.42683905 0.23559721
v -0.25925153 -0.41347373 0.24216375
v -0.24642926 -0.41751823 0.24054469
v -0.26708815 -0.42133394 0.23950136
v -0.24167144 -0.41906783 0.23906107
v -0.14663348 -0.40423560 0.22633709
v -0.14194199 -0.42077580 0.22705111
v -0.14023431 -0.42322463 0.22672881
v -0.14069298 -0.41807130 0.22642653
v -0.14020054 -0.39119253 0.22600023
v -0.14497338 -0.34977725 0.22626719
v -0.21400279 -0.42060536 0.22723104
v -0.22269557 -0.41929358 0.22784311
v -0.22661640 -0.41785792 0.23169267
v -0.21724699 -0.41267854 0.22743544
v -0.21858515 -0.40929380 0.23169784
v -0.23177956 -0.42306766 0.23090827
v -0.23329341 -0.41560847 0.23375836
v -0.20537311 -0.44089934 0.21894394
v -0.21264669 -0.40891221 0.22689717
v -0.23462175 -0.43008724 0.22513342
v -0.25568038 -0.41380125 0.24130355
v -0.25205085 -0.40915024 0.24283935
v -0.21458472 -0.36076859 0.22749750
v -0.12247423 -0.43035522 0.22473451
v 0.03759731 -0.43875819 0.22099875
v 0.09963647 -0.44120988 0.21971925
v -0.25585535 -0.31054050 0.23237200
v -0.13969140 -0.42047200 0.22781393
v 0.30652758 -0.31119275 0.23314758
v 0.08234965 -0.43924013 0.22103105
v 0.25366884 -0.23649614 0.23397033
v -0.13976586 -0.35833609 0.22615524
v -0.14233764 -0.33802652 0.22543082
v -0.32272491 -0.20855983 0.23210452
v 0.24117717 -0.40202647 0.24431592
v 0.24891219 -0.40779427 0.24510226
v -0.32177967 -0.43254796 0.21202926
v -0.22501014 -0.36313328 0.23432875
v -0.21614991 -0.35905960 0.23231912
v -0.22133304 -0.36856580 0.23465778
v -0.23220275 -0.36774042 0.23904701
v -0.21368605 -0.36505258 0.23225930
v -0.21975942 -0.38121068 0.23579265
v -0.22346956 -0.37655208 0.23722242
v -0.22291474 -0.39182705 0.23753451
v -0.21952413 -0.39088222 0.23547724
v -0.22694160 -0.40037179 0.23886093
v -0.22419308 -0.40254775 0.23518698
v -0.21445861 -0.39887971 0.23131947
v -0.23025189 -0.40756184 0.23918866
v -0.23638004 -0.40088224 0.24019273
v -0.23178427 -0.38929367 0.23935840
v -0.21101494 -0.37432760 0.23175503
v -0.24000113 -0.41186517 0.24051879
v -0.21247268 -0.38121280 0.23241101
v -0.23390363 -0.41203791 0.23905535
v 0.22796589 -0.27988511 0.23340575
v 0.29330546 -0.33421850 0.23191020
v 0.28763825 -0.33986235 0.23267290
v 0.29512906 -0.34466279 0.23306857
v 0.28881028 -0.34143004 0.23295099
v -0.22830720 -0.33986133 0.22742173
v 0.27046973 -0.33286020 0.23085853
v 0.28085998 -0.30976784 0.23247248
v -0.04807901 -0.19497985 0.23471609
v -0.01206525 -0.31207171 0.22954720
v 0.21086521 -0.39377069 0.22724697
v 0.21350238 -0.39198893 0.23173691
v -0.21916394 -0.35309118 0.23202400
v -0.26175424 -0.19925398 0.23453622
v -0.26181039 -0.21970744 0.23420611
v -0.26777020 -0.41842246 0.24136403
v 0.25973904 -0.19234551 0.23325214
v 0.32609904 -0.33696586 0.22321580
v 0.27919129 -0.33882517 0.23279969
v 0.05396829 -0.31576508 0.22987217
v -0.22831845 -0.37429884 0.23826143
v -0.27525952 -0.22556670 0.23398657
v -0.23501159 -0.36028919 0.23901863
v 0.31550971 -0.37292382 0.23421504
v 0.31577739 -0.38456351 0.23416483
v 0.32647970 -0.38786834 0.23212330
v 0.31589720 -0.39238760 0.23364593
v 0.32513946 -0.40139616 0.23135670
v 0.32131147 -0.40746865 0.23163494
v 0.31425869 -0.40036872 0.23325901
v 0.31484815 -0.41552812 0.23228469
v 0.30879420 -0.40970346 0.23339288
v 0.30064708 -0.42235327 0.23326254
v 0.30259669 -0.41575193 0.23341841
v 0.30161041 -0.42618981 0.23244384
v 0.28721237 -0.42536446 0.23389232
v 0.29096007 -0.43131948 0.23219396
v 0.27421591 -0.43022293 0.23415413
v 0.27273628 -0.42260352 0.23618060
v 0.26529610 -0.42125154 0.23680782
v 0.24597609 -0.42208147 0.23643899
v 0.27826279 -0.43244663 0.23264220
v 0.25828040 -0.43323243 0.23085234
v 0.28190431 -0.42248753 0.23583056
v 0.25306830 -0.42846924 0.23391141
v 0.25756261 -0.41964594 0.23722541
v 0.24833821 -0.41450152 0.23756011
v 0.23518245 -0.41464207 0.23724021
v 0.24252939 -0.41104850 0.23780003
v 0.25147033 -0.41165826 0.24240403
v 0.26104978 -0.41713059 0.24152748
v 0.26135617 -0.41517174 0.24460149
v 0.29456452 -0.42087305 0.23388001
v -0.07294315 -0.30995205 0.23321107
v 0.25470752 -0.40674031 0.24750504
v -0.27045116 -0.33137888 0.23181006
v -0.30293304 -0.38988975 0.24683756
v -0.26608029 -0.31887096 0.22739320
v 0.23900717 -0.38128075 0.24743561
v -0.29518670 -0.43730393 0.22065306
v 0.25289896 -0.30251795 0.23176636
v -0.23621097 -0.39483112 0.24119480
v -0.23543915 -0.38360775 0.24199614
v -0.23901005 -0.38919953 0.24533388
v -0.23861751 -0.37648413 0.24565855
v -0.24279726 -0.39181218 0.24718490
v -0.24240744 -0.37320158 0.24736147
v -0.25694537 -0.38359135 0.24737240
v -0.24088675 -0.39678398 0.24507838
v -0.19719046 -0.21653621 0.22822607
v -0.32856530 -0.38022819 0.22110526
v -0.21049707 -0.37924427 0.23078449
v -0.31312931 -0.31422034 0.22948329
v -0.29823551 -0.36696151 0.24708675
v -0.29454613 -0.35600430 0.24680765
v 0.29918924 -0.34781739 0.23324975
v -0.23957863 -0.36737832 0.24500608
v 0.10029932 -0.42161119 0.22683451
v 0.32221502 -0.35331243 0.22408667
v 0.31275687 -0.31163058 0.23301674
v 0.10692816 -0.31093127 0.23000786
v -0.29848278 -0.34915856 0.23515026
v -0.29837438 -0.35018918 0.24368933
v 0.29469550 -0.32062063 0.22724308
v -0.27571324 -0.43761691 0.22341564
v -0.27285019 -0.43563011 0.22585076
v -0.25944063 -0.43364701 0.22791542
v -0.26008379 -0.18763712 0.23475085
v -0.30100438 -0.17395006 0.23334931
v -0.31547764 -0.18829992 0.23548801
v -0.32258457 -0.18015234 0.23408917
v -0.32154715 -0.17543665 0.23320752
v -0.32001379 -0.17408256 0.23257633
v -0.29795328 -0.19252294 0.23529269
v -0.30049613 -0.31220841 0.23287795
v 0.24378370 -0.42455289 0.23530121
v 0.23815411 -0.42185029 0.23550211
v -0.13430798 -0.42274758 0.22656885
v 0.18543126 -0.31667316 0.23172455
v 0.01684921 -0.31595603 0.22753812
v -0.11288759 -0.19030601 0.23093250
v 0.23350708 -0.42217636 0.22989464
v -0.29974586 -0.40824819 0.24434087
v 0.25069332 -0.43148336 0.23049735
v 0.02595112 -0.31518573 0.22980405
v -0.23549506 -0.37132904 0.24138649
v -0.30227956 -0.35729554 0.24585204
v 0.27016267 -0.41843075 0.24451685
v 0.11941752 -0.29875013 0.22907138
v 0.20887825 -0.19106355 0.23012559
v -0.29588500 -0.31549186 0.23004980
v 0.25143567 -0.32835266 0.22909547
v -0.32269117 -0.18985349 0.23621146
v 0.00680052 -0.27037227 0.23292424
v 0.00233477 -0.27711633 0.23370494
v 0.26495928 -0.41331378 0.24664618
v -0.30534855 -0.40398979 0.24034700
v 0.18946438 -0.32063884 0.22762577
v 0.18734179 -0.32413232 0.22633624
v 0.32209241 -0.31044221 0.23540710
v 0.25632066 -0.34670314 0.24350625
v -0.30511755 -0.33803686 0.23218080
v 0.08807629 -0.30849016 0.23047879
v -0.32623821 -0.31582278 0.22273657
v 0.09541461 -0.22089960 0.23198487
v 0.09516890 -0.19238377 0.22858009
v 0.20889582 -0.31198901 0.22905245
v -0.25900418 -0.32905269 0.22811890
v -0.21325275 -0.40343386 0.22735626
v 0.28706038 -0.31607518 0.22862251
v -0.20644337 -0.21479836 0.22751506
v 0.31140426 -0.30935982 0.23500824
v 0.32203507 -0.30093193 0.23535979
v -0.11546326 -0.19249110 0.22907670
v -0.32661721 -0.36721006 0.22124018
v -0.32534143 -0.36565045 0.23047508
v 0.21316910 -0.37609991 0.23184130
v 0.22287779 -0.34828353 0.22946104
v -0.30312458 -0.35368878 0.24025320
v 0.11852770 -0.23318559 0.22957186
v -0.23823366 -0.31043476 0.23260576
v -0.30167466 -0.35396394 0.24457817
v 0.19570652 -0.31964988 0.22673692
v 0.16930737 -0.32436916 0.22696815
v 0.12035557 -0.30532891 0.23074242
v 0.11019941 -0.31134868 0.22782205
v -0.26008379 -0.18763712 0.23475085
v -0.29795328 -0.19252294 0.23529269
v -0.25981122 -0.19067223 0.23503080
v -0.26175424 -0.19925398 0.23453622
v -0.32213643 -0.20410021 0.23430234
v -0.27525952 -0.22556670 0.23398657
v -0.32269117 -0.18985349 0.23621146
v -0.26181039 -0.21970744 0.23420611
v -0.27525952 -0.22556670 0.23398657
v -0.26182273 -0.29175642 0.23410723
v -0.25956544 -0.21807103 0.23323548
v -0.25984731 -0.31054541 0.23310430
v -0.19177520 -0.17695828 0.23339206
v -0.19364285 -0.18553628 0.23347510
v -0.18974529 -0.18938826 0.23436581
v -0.19271143 -0.18869971 0.23276263
v -0.17239243 -0.18932454 0.23461780
v -0.18927887 -0.19625102 0.23414871
v -0.18736948 -0.21477079 0.23387960
v -0.17095101 -0.22157469 0.23412165
v -0.15195452 -0.22198874 0.23417631
v -0.14873794 -0.25396168 0.23445725
v -0.16786179 -0.27155492 0.23444936
v -0.13999952 -0.29805121 0.23425379
v -0.16713156 -0.29869443 0.23430498
v -0.18686433 -0.30821633 0.23366754
v -0.16473730 -0.30863911 0.23399153
v -0.18995927 -0.31367666 0.23275506
v -0.14804113 -0.31254685 0.23323442
v -0.13212460 -0.30979282 0.23378168
v -0.12343447 -0.31304517 0.23259202
v -0.12912692 -0.31627104 0.22904345
v -0.12170508 -0.31541547 0.22880386
v -0.12134116 -0.31034181 0.23299260
v -0.12661783 -0.22758503 0.23396789
v -0.18643999 -0.24078318 0.23385951
v -0.19102927 -0.24955514 0.23310761
v -0.19104031 -0.22052620 0.23320685
v -0.19224896 -0.30250892 0.23272967
v -0.19332786 -0.22201222 0.23255602
v -0.19321395 -0.25365797 0.23234950
v -0.19298013 -0.30064112 0.23255897
v -0.13184920 -0.18989924 0.23458457
v -0.15449175 -0.17645700 0.23349798
v -0.12000328 -0.17604141 0.23319675
v -0.16694771 -0.17410699 0.23274286
v -0.08987252 -0.17377344 0.23269458
v -0.12147140 -0.29320398 0.23361552
v -0.11908388 -0.28658956 0.23297392
v -0.11915334 -0.30990010 0.23256411
v -0.09408245 -0.20565774 0.23330443
v -0.10538254 -0.20434697 0.23337577
v -0.09520160 -0.23840031 0.23376435
v -0.10513829 -0.25998262 0.23376733
v -0.09480813 -0.30485582 0.23384449
v -0.10775770 -0.21983548 0.23288089
v -0.10816798 -0.25694793 0.23297794
v -0.09042334 -0.27780411 0.23329689
v -0.08963259 -0.24010420 0.23265888
v -0.09120540 -0.20690428 0.23285836
v -0.08176220 -0.19159192 0.23440708
v -0.08169789 -0.20652609 0.23381539
v -0.04807901 -0.19497985 0.23471609
v -0.05649952 -0.20809036 0.23409027
v -0.08412471 -0.18850547 0.23342004
v -0.07763787 -0.23479040 0.23375006
v -0.08181105 -0.23079757 0.23356895
v -0.08399221 -0.22869229 0.23282866
v -0.05776064 -0.28971779 0.23421913
v -0.04760016 -0.30873901 0.23434421
v -0.04299067 -0.29782888 0.23433498
v -0.07294315 -0.30995205 0.23321107
v -0.01315126 -0.19133659 0.23403250
v -0.04807901 -0.19497985 0.23471609
v -0.02795587 -0.20686381 0.23399788
v -0.01585637 -0.21059623 0.23328201
v -0.01117485 -0.20477492 0.23268604
v -0.00679466 -0.19260405 0.23272948
v -0.01192406 -0.25098428 0.23262580
v 0.00233477 -0.27711633 0.23370494
v -0.00329185 -0.29539046 0.23378241
v 0.00263980 -0.29695186 0.23370981
v -0.00320250 -0.24071321 0.23372382
v -0.00615125 -0.21605384 0.23293446
v -0.00606794 -0.29787296 0.23298165
v 0.00756238 -0.27591255 0.23234995
v 0.00682334 -0.30140495 0.23249289
v 0.00908872 -0.29947037 0.22995801
v 0.00274795 -0.22650664 0.23359700
v -0.00294202 -0.30661884 0.23314573
v 0.00680052 -0.27037227 0.23292424
v 0.00717648 -0.22088943 0.23272188
v 0.00883748 -0.22078258 0.23092325
v 0.00908568 -0.27786353 0.23043627
v 0.01083238 -0.22395897 0.23077054
v 0.01126110 -0.27817926 0.23056686
v 0.01306295 -0.24990538 0.23229295
v 0.01294702 -0.20131221 0.23271643
v 0.01097423 -0.20337158 0.23076977
v 0.00974755 -0.19025418 0.23032860
v 0.01200337 -0.18847258 0.23321332
v 0.01588467 -0.18837141 0.23401800
v 0.01617290 -0.21854426 0.23309700
v 0.02802967 -0.20668150 0.23391099
v 0.06171653 -0.19369346 0.23478669
v 0.05434384 -0.18377474 0.23423553
v 0.07756950 -0.17624825 0.23373786
v 0.08199164 -0.19161625 0.23460941
v 0.08563767 -0.18628104 0.23426424
v 0.08523308 -0.20603824 0.23307565
v 0.09923439 -0.17632917 0.23351865
v 0.07909175 -0.17402619 0.23290235
v 0.15076849 -0.17419766 0.23304830
v 0.09661559 -0.18554257 0.23398302
v 0.10863849 -0.18614559 0.23387907
v 0.11879244 -0.18371601 0.23395842
v 0.11297573 -0.19120847 0.23284653
v 0.14863412 -0.17639399 0.23393910
v 0.11142222 -0.20160772 0.23231503
v 0.00816256 -0.18472704 0.23381749
v 0.08630233 -0.20056778 0.23242307
v 0.08820724 -0.21893629 0.23083128
v 0.11622552 -0.18827267 0.23279394
v 0.11918342 -0.18806070 0.23317367
v 0.11888916 -0.18970385 0.23019093
v 0.11927282 -0.21320193 0.23246805
v 0.12122334 -0.20712450 0.23323193
v 0.12197413 -0.18838899 0.23442864
v 0.12554005 -0.20864573 0.23385052
v 0.12121452 -0.22714776 0.23351930
v 0.11852770 -0.23318559 0.22957186
v 0.11619322 -0.23115517 0.22786570
v 0.11650134 -0.25558451 0.22865316
v 0.11333762 -0.23550703 0.23016655
v 0.11143534 -0.21352056 0.23236653
v 0.11088561 -0.25599426 0.23264879
v 0.11301814 -0.26408920 0.23101428
v 0.11921762 -0.25527722 0.23256403
v 0.11689469 -0.19436575 0.22908285
v 0.12587491 -0.25200176 0.23398603
v 0.13141997 -0.23478536 0.23415846
v 0.15725119 -0.21610712 0.23416209
v 0.05159179 -0.29790780 0.23431380
v 0.03640732 -0.27065623 0.23426579
v 0.04521196 -0.30914369 0.23431110
v 0.02108801 -0.30626845 0.23309627
v 0.02659404 -0.31189585 0.23273180
v 0.04195333 -0.31224456 0.23332199
v 0.02595112 -0.31518573 0.22980405
v 0.10340308 -0.29031274 0.23314992
v 0.09769947 -0.26087296 0.23328212
v 0.09739453 -0.30480823 0.23314470
v 0.09168343 -0.30043930 0.23255961
v 0.10710254 -0.30451998 0.23230496
v 0.09125975 -0.24234742 0.23269196
v 0.09832359 -0.23168987 0.23301393
v 0.10100406 -0.31037262 0.23177871
v 0.10692816 -0.31093127 0.23000786
v -0.07294315 -0.30995205 0.23321107
v -0.08371343 -0.30966088 0.23267661
v -0.08157241 -0.31304896 0.23241690
v 0.12197413 -0.18838899 0.23442864
v 0.12554005 -0.20864573 0.23385052
v 0.14676283 -0.19857353 0.23453207
v 0.15725119 -0.21610712 0.23416209
v 0.19049457 -0.29164472 0.23314783
v 0.18067829 -0.29607239 0.23383720
v 0.18501642 -0.30900732 0.23322320
v 0.19319317 -0.31071571 0.23229983
v 0.19065462 -0.31325471 0.23201133
v 0.09832359 -0.23168987 0.23301393
v 0.09541461 -0.22089960 0.23198487
v 0.08887853 -0.23073936 0.23177086
v 0.09212771 -0.21746327 0.23018549
v 0.08820724 -0.21893629 0.23083128
v 0.09516890 -0.19238377 0.22858009
v 0.09228145 -0.20291182 0.22846048
v 0.09220486 -0.19238153 0.22703741
v 0.09460616 -0.19052230 0.22688331
v 0.08805337 -0.19064878 0.22980876
v 0.09168343 -0.30043930 0.23255961
v 0.08867410 -0.30185974 0.23196687
v 0.09090726 -0.31029975 0.23002316
v 0.08807629 -0.30849016 0.23047879
v -0.20925096 -0.18912685 0.23334768
v -0.21123840 -0.22223540 0.23389374
v -0.20918639 -0.24661975 0.23315881
v 0.20910159 -0.17439567 0.23246655
v 0.15076849 -0.17419766 0.23304830
v 0.20123552 -0.17632008 0.23341992
v 0.23417217 -0.17651984 0.23380511
v 0.21246977 -0.18918897 0.23442121
v 0.21316910 -0.37609991 0.23184130
v 0.21350238 -0.39198893 0.23173691
v 0.21793428 -0.38932937 0.23614681
v 0.21794058 -0.39736578 0.23540829
v 0.21507432 -0.40769985 0.22738107
v 0.22863132 -0.40492871 0.23742183
v 0.22377807 -0.40722206 0.23534405
v 0.21804595 -0.40839821 0.23136364
v 0.23518245 -0.41464207 0.23724021
v 0.23178846 -0.39907113 0.23779844
v 0.24252939 -0.41104850 0.23780003
v 0.23061617 -0.41562012 0.23541632
v 0.23815411 -0.42185029 0.23550211
v 0.23350708 -0.42217636 0.22989464
v 0.24597609 -0.42208147 0.23643899
v 0.23763113 -0.40540358 0.23836493
v 0.24891219 -0.40779427 0.24510226
v 0.25147033 -0.41165826 0.24240403
v 0.26135617 -0.41517174 0.24460149
v 0.25470752 -0.40674031 0.24750504
v 0.26495928 -0.41331378 0.24664618
v 0.22338243 -0.41441780 0.23130333
v 0.22967730 -0.37079045 0.23629759
v 0.22946315 -0.39266643 0.23728521
v 0.23224211 -0.38613144 0.24067865
v 0.23159286 -0.37607917 0.23905763
v 0.23305951 -0.36339903 0.23756565
v 0.22844930 -0.36301339 0.23371924
v 0.23208967 -0.35669327 0.23311952
v 0.22732311 -0.35152930 0.23129112
v 0.22698382 -0.37363568 0.23578611
v 0.21793428 -0.38932937 0.23614681
v 0.24518135 -0.34413403 0.23305878
v 0.24070811 -0.35075000 0.23676141
v 0.24442729 -0.35124531 0.23981486
v 0.24984610 -0.34641883 0.23718517
v 0.28466237 -0.33128890 0.23106441
v 0.27046973 -0.33286020 0.23085853
v 0.26858163 -0.33829737 0.23250449
v 0.27919129 -0.33882517 0.23279969
v -0.24284485 -0.33057943 0.22741662
v -0.26992801 -0.32860643 0.22960079
v -0.24373066 -0.33105752 0.22916733
v -0.25900418 -0.32905269 0.22811890
v -0.24386217 -0.33369464 0.23080342
v -0.26285380 -0.33263037 0.23166519
v -0.27045116 -0.33137888 0.23181006
v -0.27045116 -0.33137888 0.23181006
v -0.28511131 -0.33006105 0.23211573
v -0.27428824 -0.33797958 0.23347120
v -0.29661077 -0.33387420 0.23222311
v -0.29184705 -0.34515178 0.23388398
v -0.30511755 -0.33803686 0.23218080
v -0.30324742 -0.33422208 0.22743537
v -0.29961482 -0.34863150 0.23338491
v -0.29276797 -0.33125898 0.23048605
v -0.29409784 -0.33045092 0.22736385
v -0.29331630 -0.32899293 0.22680382
v -0.30276620 -0.33188543 0.22628440
v -0.30946544 -0.33736083 0.22579890
v -0.30888578 -0.32038590 0.22632881
v -0.29184705 -0.32036620 0.22743522
v -0.29588500 -0.31549186 0.23004980
v -0.27524063 -0.31557375 0.22952695
v -0.26608029 -0.31887096 0.22739320
v -0.31586620 -0.37830919 0.23263004
v -0.32300115 -0.38608351 0.23209192
v -0.31370798 -0.39364621 0.23291548
v -0.31347591 -0.39092004 0.23384047
v -0.31373790 -0.37854585 0.23491965
v -0.30449677 -0.41044304 0.23403195
v -0.31063244 -0.41576844 0.23267040
v -0.29454640 -0.42274407 0.23398376
v -0.29769832 -0.41414917 0.23574713
v -0.29422081 -0.41808015 0.23563749
v -0.29354313 -0.41585296 0.24030176
v -0.29562947 -0.41205117 0.24427751
v -0.29189965 -0.41566622 0.24428754
v -0.30293649 -0.42417923 0.23236501
v -0.30063042 -0.42757988 0.23156589
v -0.28863478 -0.43148321 0.23180965
v -0.28348523 -0.42174849 0.23633662
v -0.28481138 -0.41895181 0.24165775
v -0.27808559 -0.41732574 0.24497348
v -0.27385852 -0.41431707 0.24629551
v -0.26908481 -0.41599649 0.24489883
v -0.26493767 -0.40985453 0.24697512
v -0.29074776 -0.40674949 0.24654694
v -0.30293304 -0.38988975 0.24683756
v -0.30571809 -0.39794123 0.24600102
v -0.25694537 -0.38359135 0.24737240
v -0.25851581 -0.40568253 0.24730112
v -0.24279726 -0.39181218 0.24718490
v -0.25111252 -0.40287256 0.24700296
v -0.24088675 -0.39678398 0.24507838
v -0.24649495 -0.40333459 0.24498332
v -0.25205085 -0.40915024 0.24283935
v -0.29823551 -0.36696151 0.24708675
v -0.27616358 -0.35161012 0.24707074
v -0.24619466 -0.40540496 0.24290653
v -0.24303108 -0.36567464 0.24704398
v -0.24240744 -0.37320158 0.24736147
v -0.25573528 -0.35035244 0.24636447
v -0.23957863 -0.36737832 0.24500608
v -0.29454613 -0.35600430 0.24680765
v -0.27770501 -0.34734166 0.24656850
v -0.26033109 -0.41119167 0.24509692
v -0.26477340 -0.34506202 0.24442346
v -0.29347855 -0.34949428 0.24568380
v -0.30227956 -0.35729554 0.24585204
v -0.30167466 -0.35396394 0.24457817
v -0.30540568 -0.35847285 0.24459088
v -0.29194909 -0.41067114 0.24582976
v -0.28124359 -0.42031828 0.23851106
v -0.23638004 -0.40088224 0.24019273
v -0.27464548 -0.42159387 0.23822474
v -0.24506934 -0.40816483 0.24159540
v -0.24000113 -0.41186517 0.24051879
v -0.24642926 -0.41751823 0.24054469
v -0.23795031 -0.41567126 0.23900796
v -0.24167144 -0.41906783 0.23906107
v -0.23930657 -0.42092729 0.23259485
v -0.23329341 -0.41560847 0.23375836
v -0.24199097 -0.43103242 0.22785491
v -0.23177956 -0.42306766 0.23090827
v -0.24683370 -0.42725179 0.22950003
v -0.23462175 -0.43008724 0.22513342
v -0.24762374 -0.42441520 0.23261374
v -0.23390363 -0.41203791 0.23905535
v -0.22828525 -0.41001853 0.23436677
v -0.22661640 -0.41785792 0.23169267
v -0.21858515 -0.40929380 0.23169784
v -0.22419308 -0.40254775 0.23518698
v -0.21445861 -0.39887971 0.23131947
v -0.21325275 -0.40343386 0.22735626
v -0.21028151 -0.39017454 0.22701739
v -0.21049707 -0.37924427 0.23078449
v -0.23025189 -0.40756184 0.23918866
v -0.26777020 -0.41842246 0.24136403
v -0.25925153 -0.41347373 0.24216375
v -0.27627933 -0.43217316 0.23201115
v -0.27285019 -0.43563011 0.22585076
v -0.26708815 -0.42133394 0.23950136
v -0.25944063 -0.43364701 0.22791542
v -0.26591778 -0.42683905 0.23559721
v -0.25903729 -0.42733708 0.23368593
v -0.25538626 -0.43172169 0.22899318
v -0.25099108 -0.43754765 0.22322617
v -0.27571324 -0.43761691 0.22341564
v -0.28085488 -0.43534341 0.22514655
v -0.29974586 -0.40824819 0.24434087
v -0.32534143 -0.36565045 0.23047508
v -0.32677954 -0.38739112 0.23129049
v -0.32300115 -0.38608351 0.23209192
v -0.32212439 -0.35924897 0.23113279
v -0.32457918 -0.36120200 0.22206792
v -0.32790726 -0.37791657 0.22862086
v -0.28348523 -0.42174849 0.23633662
v -0.27464548 -0.42159387 0.23822474
v -0.28124359 -0.42031828 0.23851106
v -0.28481138 -0.41895181 0.24165775
v -0.23220275 -0.36774042 0.23904701
v -0.23543915 -0.38360775 0.24199614
v -0.23178427 -0.38929367 0.23935840
v -0.22831845 -0.37429884 0.23826143
v -0.23549506 -0.37132904 0.24138649
v -0.23549506 -0.37132904 0.24138649
v -0.23861760 -0.36330056 0.24220954
v -0.23861751 -0.37648413 0.24565855
v -0.23957863 -0.36737832 0.24500608
v -0.26777020 -0.41842246 0.24136403
v -0.27464548 -0.42159387 0.23822474
v -0.26708815 -0.42133394 0.23950136
v -0.27808559 -0.41732574 0.24497348
v -0.32090580 -0.41168433 0.22884922
v -0.31694165 -0.41915166 0.22106008
v -0.31529579 -0.41806802 0.22904082
v -0.32172480 -0.41311297 0.22169779
v 0.05703108 -0.32600927 0.22662634
v -0.00301720 -0.33054665 0.22640575
v 0.06684159 -0.33046561 0.22654635
v 0.00769612 -0.32592753 0.22645716
v -0.02552792 -0.32661396 0.22658326
v -0.05467336 -0.33065632 0.22620033
v 0.02045024 -0.31996006 0.22694124
v 0.06598853 -0.32017836 0.22734274
v 0.05396829 -0.31576508 0.22987217
v 0.01202395 -0.31419048 0.22737525
v 0.02595112 -0.31518573 0.22980405
v 0.01684921 -0.31595603 0.22753812
v -0.11475223 -0.31226110 0.22644171
v -0.11931629 -0.31844777 0.22581165
v -0.10916755 -0.31610268 0.22607259
v -0.15083505 -0.32422370 0.22627249
v -0.14357004 -0.33293155 0.22572082
v -0.14074032 -0.33109576 0.22603191
v -0.16304509 -0.34149894 0.22611931
v -0.14497338 -0.34977725 0.22626719
v -0.17900996 -0.33588448 0.22600047
v -0.18528487 -0.32392746 0.22612104
v -0.21778148 -0.34293145 0.22602630
v -0.14233764 -0.33802652 0.22543082
v -0.19646078 -0.31714326 0.22658782
v -0.21561654 -0.32696941 0.22620526
v -0.18528487 -0.32392746 0.22612104
v -0.21124366 -0.31987369 0.22640939
v -0.20604278 -0.31232244 0.22659640
v -0.19623145 -0.30029359 0.22791025
v -0.19350754 -0.30952066 0.22878073
v -0.19314697 -0.31712034 0.22746636
v -0.20845935 -0.31183141 0.22887143
v -0.19076927 -0.32017842 0.22672755
v 0.16930737 -0.32436916 0.22696815
v 0.14550492 -0.32399619 0.22703388
v 0.14035581 -0.33043641 0.22638060
v -0.11032426 -0.29843935 0.22739278
v -0.11455842 -0.29903662 0.22679731
v -0.11475223 -0.31226110 0.22644171
v 0.18734179 -0.32413232 0.22633624
v 0.16930737 -0.32436916 0.22696815
v 0.18922211 -0.32665175 0.22619407
v 0.18946438 -0.32063884 0.22762577
v 0.19570652 -0.31964988 0.22673692
v -0.25985447 -0.31609926 0.22802418
v -0.26608029 -0.31887096 0.22739320
v -0.24514750 -0.32016662 0.22721669
v -0.23813908 -0.31560275 0.22858387
v -0.25256774 -0.31247839 0.23077482
v -0.23823366 -0.31043476 0.23260576
v 0.29777858 -0.31631434 0.22881395
v 0.28219327 -0.31816125 0.22750828
v 0.29469550 -0.32062063 0.22724308
v 0.28706038 -0.31607518 0.22862251
v 0.29077068 -0.31067994 0.23314643
v 0.30652758 -0.31119275 0.23314758
v 0.20637012 -0.31239995 0.22666667
v 0.19765943 -0.31198820 0.22752772
v 0.19570652 -0.31964988 0.22673692
v 0.20690368 -0.19101693 0.22947739
v 0.19840759 -0.19341259 0.22972184
v 0.20676689 -0.19868955 0.22792959
v 0.20887825 -0.19106355 0.23012559
v 0.10029932 -0.42161119 0.22683451
v 0.06753474 -0.43054917 0.22418146
v 0.13629849 -0.43110305 0.22417946
v 0.08234965 -0.43924013 0.22103105
v 0.14417848 -0.43992570 0.22133535
v 0.16019818 -0.42203912 0.22645015
v 0.19589151 -0.43837488 0.22113259
v 0.19057646 -0.42192474 0.22640207
v 0.09963647 -0.44120988 0.21971925
v 0.15213661 -0.44158873 0.21978268
v 0.21702340 -0.43985149 0.22068752
v 0.25982094 -0.30749354 0.22928655
v 0.25289896 -0.30251795 0.23176636
v 0.26152235 -0.31275898 0.22829834
v 0.26222017 -0.30324179 0.23073266
v 0.26410380 -0.30169955 0.23222429
v 0.26294774 -0.28998023 0.23285766
v 0.26592970 -0.29278234 0.23313946
v 0.28297374 -0.29473010 0.23387903
v 0.28085998 -0.30976784 0.23247248
v 0.24500895 -0.27872136 0.23334824
v 0.23218922 -0.29696280 0.23268747
v 0.25329041 -0.29083633 0.23301828
v 0.22796589 -0.27988511 0.23340575
v 0.24406120 -0.23285629 0.23363337
v 0.25289896 -0.30251795 0.23176636
v 0.25369877 -0.27369866 0.23375763
v 0.25366884 -0.23649614 0.23397033
v 0.29724446 -0.24115875 0.23457786
v 0.26581737 -0.26787713 0.23350780
v 0.29856789 -0.27271733 0.23476319
v 0.32258758 -0.26708630 0.23553027
v 0.30276117 -0.30599019 0.23472050
v 0.32203507 -0.30093193 0.23535979
v 0.31140426 -0.30935982 0.23500824
v 0.30652758 -0.31119275 0.23314758
v 0.31275687 -0.31163058 0.23301674
v 0.31005567 -0.31369939 0.22992186
v 0.26025835 -0.19629300 0.23156993
v 0.26214042 -0.19212595 0.23328973
v 0.25973904 -0.19234551 0.23325214
v 0.26244307 -0.22543436 0.23277330
v 0.11645026 -0.30509222 0.22738263
v 0.11124339 -0.30010161 0.22959942
v 0.11019941 -0.31134868 0.22782205
v 0.11664983 -0.28331000 0.22846934
v 0.11941752 -0.29875013 0.22907138
v 0.20889582 -0.31198901 0.22905245
v 0.20637012 -0.31239995 0.22666667
v 0.20895396 -0.31743804 0.22649622
v 0.06863311 -0.42009926 0.22803372
v 0.10029932 -0.42161119 0.22683451
v 0.12332620 -0.42155334 0.22654918
v 0.32291165 -0.34657606 0.22427180
v 0.32441303 -0.36059168 0.22357441
v 0.32609904 -0.33696586 0.22321580
v 0.32221502 -0.35331243 0.22408667
v -0.32623821 -0.31582278 0.22273657
v -0.34189263 -0.33135423 0.21326518
v -0.32249203 -0.32695737 0.22359423
v -0.34056345 -0.35050642 0.21409838
v -0.32947034 -0.35179123 0.21978691
v -0.33274123 -0.31845757 0.21914715
v -0.35366547 -0.30745170 0.20706576
v -0.33352780 -0.27547073 0.21938913
v -0.35353422 -0.25734922 0.20743594
v -0.34469065 -0.21583207 0.21306972
v -0.32880855 -0.20978686 0.22265650
v -0.33034870 -0.18313009 0.22273917
v -0.32693261 -0.29167843 0.22301510
v -0.32379240 -0.20723046 0.22515847
v -0.32367039 -0.18082844 0.22680680
v -0.32347316 -0.17790641 0.22635165
v -0.32363814 -0.22290380 0.22491671
v -0.32357210 -0.29760247 0.22460039
v -0.32354587 -0.31432694 0.22445390
v 0.11019941 -0.31134868 0.22782205
v 0.10692816 -0.31093127 0.23000786
v 0.10896375 -0.31686524 0.22671923
v 0.32609904 -0.33696586 0.22321580
v 0.33073321 -0.36691070 0.22105578
v 0.33658648 -0.33603692 0.21784511
v 0.32829607 -0.39196703 0.22254784
v 0.35654598 -0.39811000 0.20662253
v -0.00647787 -0.30256516 0.23121023
v -0.00828136 -0.31168047 0.22773638
v -0.00620697 -0.31228828 0.22863166
v -0.00820458 -0.29917702 0.23011959
v -0.00818050 -0.24831028 0.23088595
v -0.33495054 -0.38293332 0.21822125
v -0.35260710 -0.39609367 0.20838676
v -0.33676094 -0.39656237 0.21747033
v -0.34271732 -0.40997273 0.21001978
v 0.33019805 -0.21480361 0.22453323
v 0.32618785 -0.27241191 0.22545174
v 0.33175111 -0.27597046 0.22249846
v 0.32635617 -0.21298078 0.22670792
v 0.34304559 -0.25780338 0.21556848
v 0.33933049 -0.21111660 0.21881786
v 0.35129151 -0.22485228 0.21021317
v 0.33923125 -0.18817140 0.21932858
v 0.35327953 -0.19268134 0.20887248
v 0.35895780 -0.21910232 0.20442292
v 0.36007249 -0.19578555 0.20354480
v 0.34914923 -0.30362943 0.21078035
v 0.32749334 -0.19429930 0.22723061
v 0.32838231 -0.18386477 0.22772634
v -0.00620697 -0.31228828 0.22863166
v -0.00112417 -0.31346962 0.22836648
v -0.00574421 -0.31076545 0.23151754
v -0.30946544 -0.33736083 0.22579890
v -0.31692898 -0.34216407 0.22434565
v -0.31356755 -0.34181494 0.22631815
v -0.31656900 -0.34548107 0.22586569
v -0.30439407 -0.40337563 0.24443233
v -0.30534855 -0.40398979 0.24034700
v -0.30127150 -0.40813038 0.24031548
v -0.29974586 -0.40824819 0.24434087
v 0.19406319 -0.18878463 0.23293433
v 0.19486427 -0.19911942 0.23069648
v 0.19776438 -0.19881572 0.22909950
v 0.19367489 -0.20814747 0.23264736
v 0.19840759 -0.19341259 0.22972184
v -0.31026351 -0.31252950 0.23310506
v -0.31038624 -0.31598440 0.22830662
v -0.30049613 -0.31220841 0.23287795
v -0.29588500 -0.31549186 0.23004980
v -0.31312931 -0.31422034 0.22948329
v 0.12182697 -0.30283371 0.23297717
v 0.12035557 -0.30532891 0.23074242
v 0.11914066 -0.31212097 0.22712125
v 0.12302532 -0.31321961 0.23264810
v -0.19333437 -0.20150657 0.23103535
v -0.19608471 -0.19420938 0.22966892
v -0.19400984 -0.21453761 0.22994342
v -0.19719046 -0.21653621 0.22822607
v -0.00529004 0.34134248 -0.12467921
v -0.01801338 0.34172368 -0.12122290
v -0.00056348 0.34173635 -0.12358724
v 0.01169591 0.34137514 -0.12254290
v -0.00930785 0.34106442 -0.13264249
v 0.02983165 0.34077847 -0.13150220
v 0.01986209 0.34139025 -0.12102446
v 0.00275209 0.34040689 -0.13668719
v 0.02745069 0.34145105 -0.11819912
v 0.03532590 0.34127170 -0.11475998
v 0.03872027 0.34085414 -0.12766290
v 0.04762305 0.34085605 -0.12198244
v 0.06581806 0.34098816 -0.10399991
v 0.04012005 0.34144929 -0.11145115
v 0.04034987 0.33878732 -0.12972270
v 0.04925000 0.33954465 -0.12376100
v -0.02287314 0.34085363 -0.13325496
v 0.05399300 0.34157029 -0.10015500
v 0.06639400 0.34146973 -0.08605877
v 0.06021538 0.34165806 -0.08991406
v 0.06543853 0.34179959 -0.08183694
v 0.06868254 0.34171611 -0.07381834
v 0.07701051 0.34128073 -0.07613648
v 0.07467816 0.34143785 -0.05388159
v 0.08169878 0.34095734 -0.05442405
v 0.08072883 0.34034711 -0.03457525
v 0.08379608 0.34006786 -0.05302541
v 0.07641520 0.34106019 -0.02364658
v 0.07884908 0.34021714 -0.02408071
v 0.06864640 0.34131476 -0.03613237
v 0.06629062 0.34139901 -0.02846599
v 0.06370485 0.34137955 -0.02252330
v 0.06962813 0.34081358 -0.00611441
v 0.06285886 0.34025607 -0.11008435
v 0.02115481 0.33898664 -0.13687854
v 0.07517245 0.34105909 -0.08746483
v 0.07107638 0.34183446 -0.05315999
v -0.00009049 0.33896869 -0.13923311
v 0.03131001 0.33885095 -0.13372083
v -0.02063452 0.33898500 -0.13694488
v 0.07998233 0.34009984 -0.07843416
v 0.07270995 0.33930898 -0.00755660
v 0.06813656 0.33906299 -0.00053394
v 0.05775940 0.34018984 0.01031048
v 0.05815422 0.34114197 0.00625017
v 0.04853862 0.34113112 0.01528320
v 0.05233141 0.33973220 0.01513573
v 0.04785472 0.34135833 -0.00036589
v 0.03508085 0.34017229 0.02527847
v 0.03692202 0.34132937 0.02179945
v 0.03427924 0.34142667 0.00839773
v 0.02610481 0.34148231 0.01304264
v 0.05992125 0.34127560 -0.01580024
v 0.07976773 0.33874750 -0.08286332
v 0.07116201 0.33990622 -0.09852339
v 0.06644852 0.33853287 -0.10734189
v 0.02095924 0.34121281 0.02682124
v 0.01405017 0.34032121 0.02967257
v 0.01119629 0.34056404 0.02757774
v 0.01503764 0.33851907 0.03297106
v 0.01111167 0.34002697 0.03511525
v 0.01372187 0.33958596 0.03652072
v 0.01377216 0.33940381 0.07336409
v 0.01535375 0.33806607 0.06915738
v 0.01695378 0.33510059 0.05202039
v 0.01671480 0.33516124 0.07684503
v 0.01439444 0.33820185 0.07795517
v -0.00063423 0.34004718 0.03249809
v -0.01355488 0.34086362 0.02903628
v -0.01112687 0.34022450 0.03217414
v -0.01483880 0.33932957 0.03187359
v -0.01611556 0.34092817 0.02929567
v -0.00842639 0.34131396 0.01635001
v -0.02556839 0.34149295 0.02462382
v -0.01985466 0.34153306 0.01364063
v -0.02975361 0.34145984 0.01042462
v -0.04039845 0.34142232 0.00304697
v -0.05022457 0.34125033 0.01424497
v -0.04782785 0.34129772 -0.00289911
v -0.05986769 0.34126183 -0.01838109
v -0.04315819 0.34085032 0.02084876
v -0.06737409 0.34088230 -0.00415715
v -0.06448228 0.34135032 -0.02613299
v -0.07611395 0.34103858 -0.02565159
v -0.06907117 0.34145802 -0.04321306
v -0.08056314 0.34091255 -0.05161662
v -0.07034735 0.34156129 -0.05133420
v -0.06871145 0.34144333 -0.06275560
v -0.07694425 0.34066752 -0.07902214
v -0.07056452 0.34117940 -0.07974546
v -0.07136568 0.33994523 -0.09628535
v -0.06287442 0.34094948 -0.09904093
v -0.06274687 0.34126177 -0.08494026
v -0.06504370 0.34034380 -0.10561088
v -0.06653124 0.34168386 -0.07627367
v -0.05445490 0.34149802 -0.09828882
v -0.06466376 0.33843097 -0.10963098
v -0.05528564 0.33836547 -0.11869022
v -0.04899661 0.33971557 -0.12289928
v -0.04576703 0.34069511 -0.12315336
v -0.04676973 0.34111512 -0.11507849
v -0.07774982 0.34009054 -0.02460205
v -0.07035202 0.33984160 -0.00699839
v -0.06604733 0.33840981 0.00210146
v -0.05733860 0.34036461 0.00958845
v -0.07882685 0.33996934 -0.07974438
v -0.08022940 0.34011739 -0.03649256
v -0.08316983 0.34014052 -0.05231638
v -0.04482864 0.34142056 -0.10701523
v -0.02858903 0.34090325 0.02623994
v -0.01353014 0.33975825 0.05809940
v -0.01328402 0.33922324 0.07356791
v -0.00187108 0.33843067 0.07630409
v -0.01434122 0.33773994 0.07774861
v -0.00625731 0.33716816 0.07759099
v -0.00294131 0.33439288 0.08041936
v 0.00114864 0.33219799 0.07830922
v -0.00062596 0.33179191 0.08168410
v 0.00156585 0.33130586 0.08147550
v -0.00381571 0.33160585 0.08746193
v -0.01549420 0.33774617 0.06925572
v 0.00597335 0.33795339 0.07702217
v -0.01618820 0.33023542 0.08928771
v 0.01745777 0.33112693 0.08499736
v 0.01537786 0.33301753 0.08697874
v 0.01588500 0.33066586 0.08972905
v 0.00198512 0.33113268 0.08800536
v -0.03623429 0.34143460 -0.11427917
v 0.00484567 0.34105361 0.01773334
v 0.01329609 0.33673194 0.08102664
v -0.03744091 0.33978686 -0.13005480
v -0.00121147 0.32995951 0.08856930
v 0.00361393 0.33439282 0.08070348
v -0.03609769 0.34078607 -0.12794451
v -0.02336137 0.34143543 -0.11979280
v -0.00529004 0.34134248 -0.12467921
v -0.02287314 0.34085363 -0.13325496
v -0.02336137 0.34143543 -0.11979280
v 0.16571680 0.41263542 -0.02859830
v 0.16396517 0.41460583 -0.07932799
v 0.15929185 0.38808167 -0.05817158
v 0.16006158 0.39773163 -0.08483808
v 0.16877402 0.42809871 -0.02819975
v 0.17019801 0.44356167 -0.06076088
v 0.16718470 0.43200111 -0.08093512
v 0.17156863 0.44361097 -0.02867080
v 0.16075200 0.38796690 -0.02582485
v 0.15771854 0.38817188 -0.08531995
v 0.16716783 0.42988324 -0.08374695
v 0.16868258 0.44318607 -0.08139426
v 0.16843735 0.42289433 -0.02643738
v 0.16076656 0.38558662 -0.02565117
v 0.15866716 0.38616678 -0.07325779
v 0.17709988 0.44367957 -0.01747373
v 0.16676989 0.38609791 -0.01364820
v 0.17541221 0.38580787 0.00327816
v 0.18164596 0.41681033 0.00243952
v 0.18335360 0.38530636 0.01973834
v 0.19005889 0.40323907 0.02580535
v 0.19707264 0.42827877 0.03072885
v 0.18527932 0.44377953 -0.00022237
v 0.19274624 0.44404733 0.01577902
v 0.20023225 0.44419596 0.03163558
v 0.19499050 0.40223673 0.03627988
v 0.19241691 0.38442618 0.03825271
v 0.19812469 0.42329976 0.03391012
v 0.19361910 0.38408095 0.03977797
v 0.17488119 0.35988462 -0.01308156
v 0.16656111 0.36519104 -0.02618229
v 0.17303063 0.34076115 -0.02819910
v 0.17383471 0.33858085 -0.02774109
v 0.16588710 0.36598161 -0.02853416
v 0.17975911 0.33858031 -0.01594185
v 0.19997330 0.35053492 0.03179030
v 0.19261622 0.33834556 0.00967017
v 0.20256670 0.33790246 0.02951834
v 0.19496506 0.37601739 0.03786144
v 0.17217910 0.33837381 -0.06350520
v 0.16660364 0.35656005 -0.08433082
v 0.17218848 0.33613831 -0.08152685
v 0.16034541 0.37938893 -0.08559971
v 0.19828080 0.36189461 0.03480022
v 0.17264208 0.33613986 -0.08378739
v 0.20600292 0.45408124 0.02644396
v 0.20563643 0.46546134 0.00234525
v 0.20902610 0.46437642 0.01224683
v 0.18758932 0.44925734 -0.00579150
v 0.20318376 0.46798778 -0.00984571
v 0.17615086 0.44851828 -0.02939542
v 0.18390507 0.45595944 -0.02949027
v 0.21184675 0.46263519 0.02084226
v 0.17717835 0.45146441 -0.06402136
v 0.19781137 0.46775970 -0.02493768
v 0.20071653 0.46843374 -0.01723273
v 0.18321207 0.45825306 -0.07929222
v 0.17006092 0.38846892 -0.10618774
v 0.17948213 0.43291667 -0.10367837
v 0.18622294 0.43084377 -0.11683250
v 0.18603602 0.41287830 -0.12465916
v 0.20056427 0.42266873 -0.14833990
v 0.20266341 0.43664402 -0.14643155
v 0.18883297 0.39738974 -0.13790542
v 0.17763527 0.38861787 -0.12051883
v 0.19720873 0.39819771 -0.15441474
v 0.19556066 0.38781354 -0.15732339
v 0.19486463 0.44391924 -0.12894961
v 0.18179804 0.44283408 -0.10422577
v 0.20302075 0.44473389 -0.14438611
v 0.18166471 0.38461912 -0.12708345
v 0.17616664 0.38460711 -0.11633263
v 0.16908246 0.38550583 -0.10388657
v 0.18245730 0.35713416 -0.11235674
v 0.19831097 0.37614465 -0.15490068
v 0.19546470 0.34857175 -0.13231447
v 0.20200436 0.35582867 -0.14957455
v 0.18450916 0.33729392 -0.10515890
v 0.20309708 0.34805050 -0.14648528
v 0.19915549 0.33824578 -0.13220598
v 0.20671569 0.45300528 -0.13834664
v 0.19757746 0.45353541 -0.11647502
v 0.19172001 0.45839593 -0.09444276
v 0.20649226 0.46055844 -0.12089851
v 0.20817092 0.46504158 -0.11450345
v 0.20860307 0.45773113 -0.13192874
v 0.20326793 0.47081462 -0.09232938
v 0.17790538 0.44305775 -0.09685452
v 0.20495063 0.41291654 0.03828197
v 0.20820905 0.44427449 0.03483418
v 0.21701209 0.38422206 0.04850753
v 0.22721168 0.44382432 0.04169090
v 0.24760842 0.44433784 0.04925722
v 0.24152994 0.41814822 0.05092931
v 0.26662898 0.43253005 0.05870184
v 0.26699823 0.44369027 0.05723625
v 0.26502144 0.41568077 0.06133012
v 0.25074965 0.39432970 0.05935016
v 0.26509115 0.39495033 0.06583700
v 0.26455507 0.38333929 0.06862279
v 0.25018883 0.38333055 0.06171598
v 0.23519720 0.38432848 0.05525615
v 0.22329354 0.40088046 0.04725070
v 0.28838581 0.28955308 -0.03804137
v 0.30267927 0.29187405 -0.04814829
v 0.29844636 0.29700196 -0.02015552
v 0.30699790 0.30267760 -0.00937106
v 0.32746714 0.30448198 -0.03426957
v 0.31182227 0.29260379 -0.06074023
v 0.33320117 0.30475497 -0.04383582
v 0.30133104 0.28894076 -0.06054559
v 0.32833201 0.29927659 -0.06150782
v 0.31907198 0.30754077 -0.01013769
v 0.31649253 0.31176436 0.00800589
v 0.34029564 0.31049368 -0.03445612
v 0.33885834 0.30420703 -0.06086065
v 0.32371271 0.31764844 0.01628154
v 0.34697431 0.31053457 -0.04890836
v 0.33542976 0.31671259 -0.00809185
v 0.29245043 0.29581743 -0.01878561
v 0.27598628 0.28905392 -0.02829886
v 0.28045481 0.28755048 -0.03845922
v 0.29251516 0.28697965 -0.06012446
v 0.35151169 0.31738007 -0.03390057
v 0.35889086 0.31793702 -0.04709446
v 0.34560487 0.30776128 -0.06485996
v 0.36276600 0.32202056 -0.04274389
v 0.32690135 0.32087916 0.01899367
v 0.34151515 0.32081142 -0.00840357
v 0.30470243 0.30669323 0.00055374
v 0.28377709 0.28592566 -0.05913632
v 0.27274084 0.28674784 -0.03860477
v 0.27359024 0.29080406 -0.02374789
v 0.28101549 0.29962376 -0.00720791
v 0.29269862 0.30704758 0.00435198
v 0.30730754 0.31619972 0.01915268
v 0.35710341 0.31609848 -0.07185227
v 0.26622266 0.28796098 -0.03283486
v 0.26631200 0.28542516 -0.05331707
v 0.26518670 0.30321905 0.00255489
v 0.26418120 0.31169182 0.01842294
v 0.28612685 0.31743023 0.02482311
v 0.26429847 0.31657898 0.02788402
v 0.26672843 0.29212296 -0.02081714
v 0.36130872 0.33383551 -0.01740268
v 0.37293658 0.33349699 -0.03795810
v 0.35100654 0.33447525 0.00088110
v 0.34101951 0.33435583 0.01964715
v 0.33257422 0.32889253 0.02510219
v 0.33565974 0.33388275 0.02936104
v 0.31294566 0.32012546 0.02231153
v 0.27750278 0.28574535 -0.06844102
v 0.28897256 0.28701225 -0.06697280
v 0.26151267 0.29015315 -0.02771723
v 0.25920334 0.28615931 -0.05072631
v 0.29742438 0.32038423 0.02623237
v 0.28356975 0.32715765 0.03635830
v 0.26517457 0.32069558 0.03270641
v 0.26524585 0.33202597 0.04585258
v 0.26538002 0.33710033 0.05185526
v 0.28092909 0.33661816 0.04704417
v 0.29280522 0.33594212 0.04316880
v 0.30602795 0.33562574 0.03941206
v 0.32210094 0.33484089 0.03444500
v 0.25631636 0.28791642 -0.04112097
v 0.24871153 0.29915804 -0.01337981
v 0.25296426 0.29205960 -0.02796433
v 0.23141661 0.31112087 0.00384838
v 0.24368781 0.31318507 0.01259007
v 0.24032813 0.31805789 0.02038144
v 0.21730533 0.31663871 0.00948664
v 0.22584221 0.30927914 -0.00197485
v 0.23191138 0.30434135 -0.01052423
v 0.24267963 0.29657635 -0.02404598
v 0.21355188 0.32201603 0.01539234
v 0.24985872 0.28820819 -0.05204495
v 0.24787486 0.29060128 -0.04137986
v 0.25412437 0.32511672 0.03400701
v 0.25082508 0.33728343 0.04629763
v 0.23488522 0.33765841 0.04046874
v 0.22014172 0.33763194 0.03518708
v 0.20955054 0.32743928 0.02044998
v 0.20256670 0.33790246 0.02951834
v 0.23626731 0.29475099 -0.04436408
v 0.31191850 0.29554155 -0.07529736
v 0.32819775 0.30270192 -0.07805914
v 0.31375307 0.30103070 -0.09417021
v 0.32517466 0.30762735 -0.10088276
v 0.31425056 0.30555588 -0.10979998
v 0.34031257 0.31024078 -0.08470955
v 0.31604159 0.31055543 -0.12296413
v 0.36337778 0.32257384 -0.07585081
v 0.32139629 0.31693754 -0.13258855
v 0.31912893 0.31474894 -0.13025624
v 0.33542380 0.31578991 -0.10672038
v 0.34701672 0.31763428 -0.09322999
v 0.37319806 0.33368430 -0.04057784
v 0.37320000 0.33438346 -0.08056024
v 0.33784437 0.32201311 -0.11587429
v 0.32409874 0.31993657 -0.13465047
v 0.36783311 0.32861552 -0.07968228
v 0.34907052 0.32450584 -0.10248032
v 0.37423471 0.33668640 -0.08296813
v 0.33041498 0.33132568 -0.14362824
v 0.33425283 0.33833513 -0.14946656
v 0.34269482 0.33793497 -0.13470319
v 0.35065091 0.33746874 -0.12082553
v 0.35993075 0.33701006 -0.10544661
v 0.33675373 0.33739057 0.03067725
v 0.26552442 0.34246284 0.05394228
v 0.26668888 0.36323547 0.06128506
v 0.29400119 0.35061845 0.04830488
v 0.32271194 0.35121268 0.03961121
v 0.30669361 0.37021115 0.05097822
v 0.26631886 0.37479168 0.06524730
v 0.33807060 0.38088739 0.04464062
v 0.34006661 0.35159132 0.03401874
v 0.31495327 0.38093400 0.05181947
v 0.29718819 0.38169324 0.05740390
v 0.27577025 0.38233986 0.06447154
v 0.26455507 0.38333929 0.06862279
v 0.26458514 0.36996317 0.06379954
v 0.25224206 0.35260576 0.05217919
v 0.23659150 0.35981682 0.04811563
v 0.25018883 0.38333055 0.06171598
v 0.23448966 0.38193953 0.05456648
v 0.21925817 0.35684156 0.04059356
v 0.19496506 0.37601739 0.03786144
v 0.19828080 0.36189461 0.03480022
v 0.21701209 0.38422206 0.04850753
v 0.19361910 0.38408095 0.03977797
v 0.23519720 0.38432848 0.05525615
v 0.23450990 0.44403654 -0.15486549
v 0.24061216 0.42253074 -0.16293862
v 0.22031085 0.42543703 -0.15548114
v 0.20266341 0.43664402 -0.14643155
v 0.23171385 0.38870570 -0.16940993
v 0.20982952 0.38831341 -0.16219555
v 0.20211843 0.42478389 -0.14935836
v 0.21885763 0.44602275 -0.14891103
v 0.20302075 0.44473389 -0.14438611
v 0.24905564 0.44561782 -0.15975429
v 0.25319988 0.38844481 -0.17708431
v 0.26838708 0.41681662 -0.17467988
v 0.26817793 0.39934593 -0.17938714
v 0.26765025 0.38776466 -0.18237546
v 0.26835454 0.43063942 -0.17120641
v 0.25897309 0.44478530 -0.16398071
v 0.26853919 0.44464430 -0.16772717
v 0.19720873 0.39819771 -0.15441474
v 0.19556066 0.38781354 -0.15732339
v 0.23833017 0.44653338 -0.15500301
v 0.21359095 0.38587242 -0.16312836
v 0.26805606 0.45375389 -0.16050397
v 0.23680633 0.45227119 -0.14990409
v 0.25486296 0.45270520 -0.15615511
v 0.21778284 0.45265618 -0.14304236
v 0.23706345 0.38500461 -0.17054264
v 0.20671569 0.45300528 -0.13834664
v 0.20056427 0.42266873 -0.14833990
v 0.27071518 0.45317179 -0.16100697
v 0.23297904 0.36958367 -0.16516420
v 0.26741445 0.35115844 -0.17247780
v 0.25119796 0.34929127 -0.16598690
v 0.22542720 0.35771370 -0.15908636
v 0.19831097 0.37614465 -0.15490068
v 0.26692039 0.33897057 -0.16888881
v 0.20256582 0.36054742 -0.15154405
v 0.25000328 0.34123346 -0.16285636
v 0.22791745 0.34549463 -0.15558991
v 0.20200436 0.35582867 -0.14957455
v 0.20768481 0.34012479 -0.14465033
v 0.22072966 0.34204903 -0.15103935
v 0.20309708 0.34805050 -0.14648528
v 0.28819296 0.38796818 -0.17497082
v 0.29074007 0.42860976 -0.16342320
v 0.30829954 0.38818282 -0.16804643
v 0.31132177 0.42168614 -0.15805857
v 0.32697839 0.41071942 -0.15573862
v 0.33158049 0.44396517 -0.14760728
v 0.34040171 0.44374603 -0.14524348
v 0.34194225 0.42932126 -0.14767653
v 0.31496254 0.44392136 -0.15281956
v 0.34455016 0.40839526 -0.15156849
v 0.34621888 0.39531550 -0.15457262
v 0.34710512 0.38817900 -0.15640473
v 0.29491466 0.44439667 -0.15882127
v 0.28007874 0.44450665 -0.16368754
v 0.33142248 0.38543966 -0.16066991
v 0.34693801 0.38647121 -0.15629756
v 0.30788976 0.38501641 -0.16787861
v 0.34099892 0.36601961 -0.15375532
v 0.32517540 0.36198601 -0.15791318
v 0.29678562 0.35444173 -0.16475163
v 0.32806703 0.34062389 -0.15249509
v 0.31093895 0.33900848 -0.15713260
v 0.28590521 0.37422353 -0.17255948
v 0.27921280 0.33865306 -0.16533580
v 0.28038794 0.35506901 -0.16946578
v 0.33787018 0.35358104 -0.15179498
v 0.26763010 0.37403944 -0.17856468
v 0.33425283 0.33833513 -0.14946656
v 0.32334808 0.45391998 -0.14374800
v 0.31110412 0.45352507 -0.14784047
v 0.29871452 0.45297393 -0.15184063
v 0.28271922 0.45315042 -0.15669160
v 0.33576009 0.45558438 -0.13832873
v 0.30009270 0.33809119 -0.15942754
v 0.26679251 0.33794785 -0.16801587
v 0.38137290 0.42125684 -0.03676320
v 0.38658291 0.39618948 -0.03657052
v 0.37848824 0.43081531 -0.07331467
v 0.37649935 0.44363216 -0.05175522
v 0.37717220 0.44319490 -0.03611393
v 0.37570313 0.44411051 -0.08543590
v 0.38656995 0.39447322 -0.08804902
v 0.38057238 0.42033759 -0.08770803
v 0.38898769 0.38539338 -0.07143283
v 0.38934734 0.38323557 -0.03655348
v 0.38854423 0.38500145 -0.08923126
v 0.37532488 0.44399887 -0.08726742
v 0.38879842 0.38268626 -0.03351722
v 0.38192540 0.41597903 -0.03473781
v 0.37801906 0.43555570 -0.03527104
v 0.37355652 0.44881707 -0.03725879
v 0.37141490 0.45064849 -0.08550644
v 0.38565001 0.39456573 -0.09023300
v 0.36769009 0.45644739 -0.05540025
v 0.36749583 0.45734102 -0.03881356
v 0.36733955 0.45617026 -0.08451907
v 0.38326800 0.36787945 -0.08726668
v 0.37829661 0.35103294 -0.08506350
v 0.38463753 0.36895686 -0.03555088
v 0.37867758 0.35120091 -0.05508762
v 0.37423471 0.33668640 -0.08296813
v 0.37430200 0.33650917 -0.06691174
v 0.37319806 0.33368430 -0.04057784
v 0.37930846 0.35366064 -0.03627951
v 0.37293658 0.33349699 -0.03795810
v 0.37320000 0.33438346 -0.08056024
v 0.36452606 0.44340390 -0.01545855
v 0.35982269 0.43121496 -0.00389729
v 0.36500624 0.41289380 -0.00666520
v 0.37317488 0.39981207 -0.01556916
v 0.35780644 0.40633869 0.00916335
v 0.34554476 0.43429193 0.02320793
v 0.35558781 0.44324765 0.00027478
v 0.35327649 0.38180047 0.02891552
v 0.33925959 0.44381398 0.03277445
v 0.34036720 0.43494281 0.03343814
v 0.34266362 0.41634631 0.03594224
v 0.34643090 0.38890865 0.03977439
v 0.34700775 0.38129178 0.04146154
v 0.36000580 0.38183141 0.01549406
v 0.36592543 0.38169569 0.00457470
v 0.36607581 0.39176473 -0.00010239
v 0.37651908 0.38357705 -0.01419781
v 0.37712419 0.38132384 -0.01494659
v 0.35717645 0.35569191 0.00285541
v 0.34460354 0.37216696 0.03929437
v 0.34508383 0.35248381 0.02435743
v 0.34101951 0.33435583 0.01964715
v 0.34006661 0.35159132 0.03401874
v 0.33675373 0.33739057 0.03067725
v 0.35100654 0.33447525 0.00088110
v 0.35515633 0.33445641 -0.00639752
v 0.36130872 0.33383551 -0.01740268
v 0.33565974 0.33388275 0.02936104
v 0.35289326 0.44877857 -0.00182131
v 0.35858527 0.45837644 -0.02518515
v 0.33597690 0.45025274 0.03004852
v 0.35068503 0.45877597 -0.01183061
v 0.34541196 0.45933187 -0.00329422
v 0.33532342 0.45999920 0.01538970
v 0.33036566 0.46078211 0.02343857
v 0.34422618 0.40099767 0.03840199
v 0.33807060 0.38088739 0.04464062
v 0.37732196 0.38583666 -0.10571883
v 0.37149906 0.40545905 -0.10649650
v 0.36790350 0.42393425 -0.10464899
v 0.36370072 0.44375971 -0.10420402
v 0.35552031 0.43323210 -0.12129567
v 0.36252755 0.40887207 -0.11903648
v 0.37059799 0.38639399 -0.11610127
v 0.35595480 0.40662545 -0.13121031
v 0.34194225 0.42932126 -0.14767653
v 0.34455016 0.40839526 -0.15156849
v 0.34040171 0.44374603 -0.14524348
v 0.34613070 0.44400352 -0.13440891
v 0.35246584 0.44402501 -0.12271720
v 0.34621888 0.39531550 -0.15457262
v 0.36088383 0.38761842 -0.13142106
v 0.34710512 0.38817900 -0.15640473
v 0.34693801 0.38647121 -0.15629756
v 0.36072016 0.38552064 -0.13151152
v 0.35566130 0.36384928 -0.12732446
v 0.34099892 0.36601961 -0.15375532
v 0.33787018 0.35358104 -0.15179498
v 0.34269482 0.33793497 -0.13470319
v 0.33425283 0.33833513 -0.14946656
v 0.35065091 0.33746874 -0.12082553
v 0.36923632 0.35100147 -0.09907444
v 0.35993075 0.33701006 -0.10544661
v 0.33576009 0.45558438 -0.13832873
v 0.34338763 0.45608985 -0.12328120
v 0.36064756 0.44701201 -0.10568040
v 0.35132563 0.45647976 -0.10920057
v 0.35769385 0.45651257 -0.09881521
v 0.31965753 0.44403476 0.03905098
v 0.29964662 0.44466504 0.04529063
v 0.32125831 0.43317088 0.03985560
v 0.29848754 0.41760266 0.04947976
v 0.31062961 0.41533479 0.04580745
v 0.28206477 0.44393572 0.05149081
v 0.26700586 0.41546619 0.06153547
v 0.28705475 0.39498731 0.05765316
v 0.26509115 0.39495033 0.06583700
v 0.27577025 0.38233986 0.06447154
v 0.26455507 0.38333929 0.06862279
v 0.26662898 0.43253005 0.05870184
v 0.26699823 0.44369027 0.05723625
v 0.31187052 0.39796486 0.04872330
v 0.29718819 0.38169324 0.05740390
v 0.26667106 0.48556468 -0.00102465
v 0.26794401 0.47638839 0.01482593
v 0.29178432 0.47459111 0.00860961
v 0.30807769 0.48459101 -0.01660348
v 0.28480202 0.48622313 -0.00964282
v 0.31693283 0.47492340 -0.00209873
v 0.26956221 0.46702868 0.03190373
v 0.29879802 0.46817750 0.01872477
v 0.27793837 0.46229595 0.03839996
v 0.32174489 0.46951419 0.00717268
v 0.26943073 0.46383661 0.03873070
v 0.31537861 0.46154940 0.02710875
v 0.29609674 0.46225259 0.03223753
v 0.32730013 0.46319830 0.01944160
v 0.33036566 0.46078211 0.02343857
v 0.29757953 0.48646098 -0.01617866
v 0.26748371 0.46204770 0.04223132
v 0.30566415 0.48679078 -0.02267545
v 0.26062033 0.46231866 0.03933897
v 0.27617219 0.49195552 -0.03797065
v 0.29679120 0.48947823 -0.03339101
v 0.26927868 0.48966938 -0.02586370
v 0.28087685 0.49318647 -0.04894179
v 0.27456972 0.49505022 -0.05540329
v 0.29202205 0.49196845 -0.05636374
v 0.26387969 0.48558661 -0.00210131
v 0.26290596 0.49209377 -0.04547335
v 0.32323903 0.48566785 -0.05003938
v 0.31194904 0.48538831 -0.02777852
v 0.24663591 0.48717713 -0.03059921
v 0.25017816 0.46814409 0.01742117
v 0.25006562 0.47260222 0.00952924
v 0.24795900 0.46255437 0.03371610
v 0.22270194 0.47018823 0.00141178
v 0.21797958 0.46423462 0.01737467
v 0.23064743 0.46256053 0.02715456
v 0.21184675 0.46263519 0.02084226
v 0.23927353 0.47175151 0.00501851
v 0.23351939 0.47658595 -0.01032209
v 0.20902610 0.46437642 0.01224683
v 0.21052578 0.47339863 -0.02160883
v 0.27012289 0.49444094 -0.05554195
v 0.22401012 0.48426571 -0.04379766
v 0.21160261 0.47704697 -0.03231996
v 0.20318376 0.46798778 -0.00984571
v 0.24857710 0.48521405 -0.01876488
v 0.23822302 0.48541957 -0.03159702
v 0.23573434 0.48182353 -0.02435835
v 0.24445593 0.48108330 -0.01272705
v 0.24162185 0.47517681 -0.00065924
v 0.22371241 0.48485190 -0.04957817
v 0.25024205 0.47903770 -0.00160851
v 0.25747558 0.49169070 -0.06627300
v 0.23645553 0.48742044 -0.07195596
v 0.22245292 0.48421940 -0.07189730
v 0.20071653 0.46843374 -0.01723273
v 0.31363100 0.48783988 -0.06620167
v 0.28736287 0.49184960 -0.06764978
v 0.26689732 0.49070695 -0.08135824
v 0.24166326 0.48645681 -0.08623680
v 0.22912371 0.48430088 -0.08201624
v 0.25703222 0.48747948 -0.09477367
v 0.27325222 0.48877132 -0.09507845
v 0.30885091 0.48692665 -0.08224566
v 0.32319328 0.48522162 -0.07221262
v 0.31721225 0.48528805 -0.08163984
v 0.29303315 0.48817626 -0.09055852
v 0.30308080 0.48503408 -0.10169088
v 0.27258563 0.48633870 -0.10738482
v 0.25507188 0.48500526 -0.10543479
v 0.23987433 0.48477393 -0.09270275
v 0.28739813 0.48508903 -0.10737337
v 0.19781137 0.46775970 -0.02493768
v 0.27211556 0.48494905 -0.11150102
v 0.21353947 0.47915724 -0.07620150
v 0.20786934 0.47546884 -0.06400210
v 0.19619158 0.46750647 -0.05010877
v 0.19659017 0.46981087 -0.08093643
v 0.20326793 0.47081462 -0.09232938
v 0.21531749 0.47663960 -0.08867440
v 0.20563643 0.46546134 0.00234525
v 0.20669506 0.46879321 -0.10298966
v 0.23120019 0.47226402 -0.11554274
v 0.20817092 0.46504158 -0.11450345
v 0.21270783 0.46294430 -0.12374017
v 0.22892493 0.47693387 -0.10161303
v 0.24875265 0.48151198 -0.10822447
v 0.33532342 0.45999920 0.01538970
v 0.18845688 0.46160743 -0.05560714
v 0.20860307 0.45773113 -0.13192874
v 0.34541196 0.45933187 -0.00329422
v 0.33098024 0.47404996 -0.02747807
v 0.35071015 0.46425164 -0.03031337
v 0.33638158 0.47697839 -0.04609529
v 0.35490167 0.46546751 -0.04115131
v 0.35068503 0.45877597 -0.01183061
v 0.35858527 0.45837644 -0.02518515
v 0.36749583 0.45734102 -0.03881356
v 0.35854647 0.46256277 -0.05344453
v 0.34080663 0.47326884 -0.07824320
v 0.35557297 0.46378306 -0.08201444
v 0.36769009 0.45644739 -0.05540025
v 0.36733955 0.45617026 -0.08451907
v 0.31070834 0.47835067 -0.11024436
v 0.22076921 0.46582031 -0.12177254
v 0.32639194 0.47329700 -0.10058346
v 0.32087594 0.46911263 -0.12139593
v 0.33016860 0.46056238 -0.13218042
v 0.35769385 0.45651257 -0.09881521
v 0.35132563 0.45647976 -0.10920057
v 0.34338763 0.45608985 -0.12328120
v 0.33576009 0.45558438 -0.13832873
v 0.21727902 0.45567152 -0.13848431
v 0.24394169 0.45613897 -0.14647862
v 0.24704923 0.46726125 -0.12784426
v 0.24430270 0.47210220 -0.11977649
v 0.27074662 0.46307841 -0.14596349
v 0.29359120 0.46387771 -0.13710229
v 0.28038934 0.47005558 -0.13184945
v 0.27168030 0.47656217 -0.12433569
v 0.26805606 0.45375389 -0.16050397
v 0.27071518 0.45317179 -0.16100697
v 0.31110412 0.45352507 -0.14784047
v 0.29871452 0.45297393 -0.15184063
v 0.28271922 0.45315042 -0.15669160
v 0.23680633 0.45227119 -0.14990409
v 0.21778284 0.45265618 -0.14304236
v 0.25486296 0.45270520 -0.15615511
v 0.20671569 0.45300528 -0.13834664
v 0.18321207 0.45825306 -0.07929222
v 0.18390507 0.45595944 -0.02949027
v 0.23823443 0.45550576 0.03649377
v 0.20600292 0.45408124 0.02644396
v 0.30421269 0.45223519 0.03825120
v 0.26713797 0.44854379 0.05372458
v 0.28896534 0.44813552 0.04620990
v 0.22661214 0.44593951 0.04029067
v 0.24760842 0.44433784 0.04925722
v 0.33597690 0.45025274 0.03004852
v 0.32191890 0.44689068 0.03690767
v 0.29964662 0.44466504 0.04529063
v 0.28206477 0.44393572 0.05149081
v 0.20820905 0.44427449 0.03483418
v 0.20023225 0.44419596 0.03163558
v 0.26699823 0.44369027 0.05723625
v 0.33925959 0.44381398 0.03277445
v 0.22721168 0.44382432 0.04169090
v 0.31965753 0.44403476 0.03905098
v 0.24433313 0.31406760 -0.13305609
v 0.26658097 0.31277347 -0.14338510
v 0.25946903 0.31267214 -0.13996024
v 0.26291963 0.32978374 -0.15802203
v 0.22850502 0.32799923 -0.13928261
v 0.22974665 0.31567395 -0.12724097
v 0.25312561 0.33876154 -0.16281889
v 0.23147613 0.34058583 -0.15445335
v 0.26679251 0.33794785 -0.16801587
v 0.21850826 0.31675133 -0.12340488
v 0.26744539 0.32357317 -0.15347528
v 0.21271949 0.32508641 -0.12992372
v 0.20423208 0.33864364 -0.14153828
v 0.20768481 0.34012479 -0.14465033
v 0.26692039 0.33897057 -0.16888881
v 0.22117569 0.31439131 -0.11998942
v 0.26582888 0.31047785 -0.13915926
v 0.22072966 0.34204903 -0.15103935
v 0.25000328 0.34123346 -0.16285636
v 0.22791745 0.34549463 -0.15558991
v 0.20309708 0.34805050 -0.14648528
v 0.24329183 0.30748695 -0.11842921
v 0.26427570 0.30616623 -0.12830690
v 0.22573295 0.30997586 -0.11215016
v 0.23243895 0.30317709 -0.10013752
v 0.24933256 0.30088580 -0.10528227
v 0.26468769 0.29742762 -0.10585791
v 0.26562139 0.30399084 -0.12367925
v 0.26453927 0.29284441 -0.09295325
v 0.23730797 0.29817146 -0.08927235
v 0.25186914 0.29108983 -0.07916310
v 0.26712963 0.28828862 -0.08054475
v 0.20896412 0.31599832 -0.10711857
v 0.22548118 0.30180755 -0.08523000
v 0.23955701 0.29128537 -0.06552049
v 0.25308004 0.28717247 -0.06520447
v 0.24915250 0.28783467 -0.06335341
v 0.22441468 0.29828346 -0.06965735
v 0.19868504 0.31576660 -0.08828307
v 0.20466499 0.30854997 -0.07342057
v 0.19209768 0.31610221 -0.07698706
v 0.26530096 0.28583428 -0.06724923
v 0.27865675 0.28869319 -0.07930987
v 0.28201592 0.29834774 -0.10472041
v 0.27750278 0.28574535 -0.06844102
v 0.28063297 0.30669922 -0.12624931
v 0.27884555 0.31279027 -0.14014314
v 0.18649177 0.32188803 -0.07898322
v 0.19915549 0.33824578 -0.13220598
v 0.19871092 0.33006412 -0.11568682
v 0.18980265 0.33735946 -0.11455263
v 0.18450916 0.33729392 -0.10515890
v 0.17264208 0.33613986 -0.08378739
v 0.30685547 0.30558372 -0.11435308
v 0.31604159 0.31055543 -0.12296413
v 0.31912893 0.31474894 -0.13025624
v 0.28689602 0.28942645 -0.07754645
v 0.30056128 0.29685992 -0.09102987
v 0.26631200 0.28542516 -0.05331707
v 0.25920334 0.28615931 -0.05072631
v 0.28897256 0.28701225 -0.06697280
v 0.30735770 0.31624156 -0.13634251
v 0.31425056 0.30555588 -0.10979998
v 0.24985872 0.28820819 -0.05204495
v 0.32139629 0.31693754 -0.13258855
v 0.30160713 0.29222921 -0.07500967
v 0.31375307 0.30103070 -0.09417021
v 0.28741693 0.31589413 -0.14147246
v 0.22857456 0.29686582 -0.05623110
v 0.23626731 0.29475099 -0.04436408
v 0.30133104 0.28894076 -0.06054559
v 0.20448218 0.30951515 -0.05703909
v 0.31191850 0.29554155 -0.07529736
v 0.20353983 0.31155634 -0.03963611
v 0.22372407 0.30137405 -0.04028522
v 0.19335443 0.31697738 -0.04608886
v 0.19449495 0.31687647 -0.03684185
v 0.24787486 0.29060128 -0.04137986
v 0.31182227 0.29260379 -0.06074023
v 0.21381436 0.31009626 -0.02264732
v 0.20104326 0.31708038 -0.02016600
v 0.23191138 0.30434135 -0.01052423
v 0.22584221 0.30927914 -0.00197485
v 0.20969787 0.31653923 -0.00466042
v 0.21730533 0.31663871 0.00948664
v 0.17958730 0.32900432 -0.08093976
v 0.17218848 0.33613831 -0.08152685
v 0.17571186 0.33427233 -0.06074664
v 0.18759407 0.32417771 -0.03554687
v 0.17383471 0.33858085 -0.02774109
v 0.17915802 0.33289510 -0.03053426
v 0.17217910 0.33837381 -0.06350520
v 0.18733720 0.32933566 -0.02206613
v 0.21355188 0.32201603 0.01539234
v 0.20955054 0.32743928 0.02044998
v 0.17975911 0.33858031 -0.01594185
v 0.18441261 0.33813906 -0.00737522
v 0.19261622 0.33834556 0.00967017
v 0.20256670 0.33790246 0.02951834
v 0.30009270 0.33809119 -0.15942754
v 0.28271592 0.32745007 -0.15355676
v 0.31093895 0.33900848 -0.15713260
v 0.33041498 0.33132568 -0.14362824
v 0.33425283 0.33833513 -0.14946656
v 0.32409874 0.31993657 -0.13465047
v 0.26700586 0.41546619 0.06153547
v 0.26502144 0.41568077 0.06133012
v 0.26509115 0.39495033 0.06583700
v 0.26662898 0.43253005 0.05870184
v -0.15910268 0.39183691 -0.05468405
v -0.16331232 0.37339151 -0.04232053
v -0.15759693 0.39246827 -0.07339552
v -0.16084667 0.39126009 -0.02880272
v -0.16311367 0.36347330 -0.08011758
v -0.16724358 0.35803673 -0.03292312
v -0.16527046 0.36895999 -0.02978737
v -0.15729438 0.39216024 -0.08187754
v -0.16843112 0.34115642 -0.07960998
v -0.17149203 0.34186921 -0.03220118
v -0.17141214 0.33919978 -0.04947131
v -0.17317012 0.33854637 -0.03277923
v -0.16984473 0.33860210 -0.07997149
v -0.16054514 0.37830138 -0.08270428
v -0.17835245 0.34108537 -0.01758453
v -0.18155243 0.34711483 -0.00772472
v -0.19151275 0.33878082 0.00812232
v -0.19324984 0.34086260 0.01359894
v -0.20109805 0.33807939 0.02865141
v -0.20025375 0.34014043 0.02859711
v -0.19851331 0.35878494 0.03314705
v -0.18748142 0.37522048 0.01649775
v -0.18365124 0.36362982 0.00397799
v -0.17945914 0.39149582 0.00697977
v -0.16542567 0.39139903 -0.01961140
v -0.19493786 0.39132243 0.03923445
v -0.19734217 0.37035906 0.03528067
v -0.18074282 0.33876720 -0.01566560
v -0.18638889 0.33822757 -0.00450817
v -0.18707958 0.40982181 0.01318155
v -0.19691333 0.40569437 0.03642038
v -0.20038033 0.43046573 0.03265449
v -0.19286977 0.42549509 0.01811774
v -0.19988029 0.44741455 0.02381269
v -0.19494042 0.44690105 0.01344541
v -0.18543285 0.42641291 0.00225112
v -0.18138103 0.44479769 -0.01330577
v -0.20328991 0.44849578 0.03012311
v -0.16718489 0.41764945 -0.02887069
v -0.17104973 0.43547443 -0.02924932
v -0.17226443 0.39236465 -0.00719716
v -0.17420360 0.44668877 -0.02876827
v -0.18973012 0.44702229 0.00201445
v -0.16711043 0.43218163 -0.05314368
v -0.16845937 0.44640177 -0.06167460
v -0.16662011 0.44369963 -0.07530902
v -0.16723898 0.44685885 -0.07387454
v -0.16404359 0.41536656 -0.05275564
v -0.17142484 0.44686976 -0.04348729
v -0.16044796 0.40767935 -0.08024240
v -0.16377646 0.40327331 -0.02905915
v -0.16025558 0.40223771 -0.06691694
v -0.20296006 0.34050211 0.03048902
v -0.16564570 0.35844094 -0.08325132
v -0.17505141 0.34081894 -0.09196605
v -0.17723322 0.35522392 -0.10305664
v -0.18517001 0.34007972 -0.10999450
v -0.19139597 0.34097931 -0.12218919
v -0.18305415 0.38164189 -0.12472567
v -0.16254678 0.39217448 -0.09139125
v -0.19005011 0.36463949 -0.13078992
v -0.19791253 0.39210719 -0.15828332
v -0.19986966 0.37968072 -0.15666059
v -0.19709302 0.39253652 -0.15667105
v -0.18168481 0.39261869 -0.12604339
v -0.20377484 0.34887505 -0.14979070
v -0.19782300 0.34112945 -0.13446468
v -0.17463683 0.39253306 -0.11303640
v -0.18418118 0.42508611 -0.11634621
v -0.18422408 0.44657251 -0.10615727
v -0.17154904 0.42627442 -0.09205233
v -0.17770973 0.44386446 -0.09500726
v -0.16490582 0.43237445 -0.07725798
v -0.17154978 0.44474074 -0.08334540
v -0.19913025 0.40416920 -0.15563412
v -0.19296774 0.44722828 -0.12434310
v -0.20054190 0.44802526 -0.14034997
v -0.20092951 0.42302084 -0.15147899
v -0.20249724 0.44058686 -0.14738041
v -0.20434187 0.33919838 -0.14579061
v -0.20321834 0.44823015 -0.14525472
v -0.17765228 0.44675747 -0.09241899
v -0.19691023 0.33846936 -0.12975597
v -0.20571436 0.33969253 -0.14809342
v -0.18713801 0.33834562 -0.11147438
v -0.20312443 0.35894284 -0.15264906
v -0.29489025 0.36883491 -0.17208034
v -0.27166995 0.36887521 -0.17883234
v -0.27166352 0.34934452 -0.17401981
v -0.28549650 0.33991149 -0.16657835
v -0.29576191 0.33843833 -0.16244131
v -0.31774950 0.36929226 -0.16479512
v -0.32127184 0.34164107 -0.15484402
v -0.34033602 0.34919921 -0.15035696
v -0.34691480 0.37362492 -0.15552263
v -0.33698934 0.33797842 -0.14806022
v -0.27128571 0.34107906 -0.17216949
v -0.31770188 0.33766335 -0.15412149
v -0.27078989 0.37801325 -0.18037571
v -0.27128944 0.33819920 -0.17073384
v -0.28441933 0.33815610 -0.16603312
v -0.33492592 0.38399076 -0.15971227
v -0.35080701 0.39250389 -0.15491089
v -0.33894217 0.39247677 -0.15885405
v -0.31545636 0.39319101 -0.16607703
v -0.30104408 0.38116869 -0.17024025
v -0.28297752 0.37726381 -0.17628832
v -0.26974389 0.39260238 -0.18224744
v -0.29825968 0.39379084 -0.17182338
v -0.34851840 0.37581334 -0.15454215
v -0.28208971 0.44490463 -0.16559239
v -0.30273440 0.44311473 -0.15836261
v -0.27015305 0.41491535 -0.17701009
v -0.26753095 0.44350210 -0.17143463
v -0.32605764 0.43428284 -0.15234978
v -0.32285383 0.44416955 -0.15091081
v -0.34221324 0.44407627 -0.14452994
v -0.34434572 0.43018988 -0.14728747
v -0.34829804 0.40845978 -0.15135823
v -0.26787740 0.42524865 -0.17509569
v -0.26854372 0.40873095 -0.17856207
v -0.34099904 0.45074293 -0.14255366
v -0.31026760 0.44987860 -0.15301745
v -0.29128206 0.45043576 -0.15993367
v -0.26766571 0.45078042 -0.16859764
v -0.26832682 0.45229480 -0.16736504
v -0.34023523 0.45194638 -0.14183889
v -0.31217891 0.45216069 -0.15101022
v -0.29440477 0.45232597 -0.15716623
v -0.24341650 0.42651549 -0.16574138
v -0.22783539 0.42174852 -0.16122244
v -0.22544385 0.39266023 -0.16667411
v -0.24546826 0.39277515 -0.17348325
v -0.21810216 0.40708926 -0.16115227
v -0.24942265 0.37819880 -0.17248277
v -0.19791253 0.39210719 -0.15828332
v -0.19913025 0.40416920 -0.15563412
v -0.20092951 0.42302084 -0.15147899
v -0.20249724 0.44058686 -0.14738041
v -0.22846663 0.44082570 -0.15676636
v -0.24534199 0.44282663 -0.16308737
v -0.19986966 0.37968072 -0.15666059
v -0.22697872 0.37419203 -0.16406339
v -0.22304198 0.44484329 -0.15349370
v -0.20321834 0.44823015 -0.14525472
v -0.25207868 0.36736149 -0.17111544
v -0.25772807 0.45160586 -0.16415298
v -0.20312443 0.35894284 -0.15264906
v -0.24486125 0.34062579 -0.16162695
v -0.22424956 0.35496727 -0.15835397
v -0.22341587 0.34123990 -0.15420784
v -0.20571436 0.33969253 -0.14809342
v -0.25807855 0.34038806 -0.16655138
v -0.21983323 0.45176724 -0.14851944
v -0.23331356 0.45193964 -0.15353356
v -0.24839941 0.45190459 -0.15987156
v -0.20377484 0.34887505 -0.14979070
v -0.38605517 0.37397462 -0.08444539
v -0.38217586 0.36226448 -0.08458871
v -0.37471452 0.33576199 -0.08051247
v -0.38427991 0.36790693 -0.06058035
v -0.38726822 0.37830833 -0.07588065
v -0.37444979 0.33466703 -0.06078517
v -0.37416041 0.33407936 -0.04223109
v -0.38102898 0.35787165 -0.04075549
v -0.38628674 0.37654126 -0.03918273
v -0.38720414 0.37905622 -0.08586981
v -0.38892999 0.38804832 -0.04556953
v -0.38911390 0.38848394 -0.03820965
v -0.38886762 0.39058629 -0.08630624
v -0.38864201 0.39192030 -0.06868871
v -0.37226269 0.33153987 -0.04224797
v -0.36749414 0.33300528 -0.03021930
v -0.37909874 0.37504914 -0.02734337
v -0.36869240 0.36187616 -0.01557522
v -0.36172828 0.33353701 -0.01864363
v -0.35523620 0.33397177 -0.00615532
v -0.35643753 0.36736771 0.01153274
v -0.34928215 0.33634919 0.00670118
v -0.33897954 0.33672881 0.02839041
v -0.34788615 0.37174320 0.03200786
v -0.35947469 0.38816673 0.01656328
v -0.36832809 0.37613994 -0.00726604
v -0.36865160 0.38804740 -0.00216789
v -0.34909648 0.38945070 0.03825175
v -0.37482297 0.38808465 -0.01398512
v -0.34411359 0.36174676 0.03331546
v -0.34724429 0.33355993 0.00866779
v -0.33783606 0.33338347 0.02776059
v -0.33937147 0.34143066 0.02998858
v -0.37267196 0.40171304 -0.01450721
v -0.36218134 0.40813532 0.00274375
v -0.34650692 0.40753451 0.03518600
v -0.38190472 0.42048904 -0.03658350
v -0.35434067 0.42753193 0.00968540
v -0.36416364 0.42960969 -0.00942882
v -0.37742028 0.43615988 -0.03466062
v -0.37499529 0.45064461 -0.03710018
v -0.36877462 0.44778100 -0.02513637
v -0.35675356 0.44703844 -0.00364873
v -0.34409916 0.44961020 0.01805833
v -0.34345445 0.42573431 0.03206271
v -0.34055501 0.44160479 0.02984869
v -0.33879194 0.44963109 0.02873817
v -0.38535246 0.40520531 -0.03747584
v -0.36330619 0.44982943 -0.01725630
v -0.38296103 0.41493255 -0.08507579
v -0.37824753 0.43472874 -0.06079192
v -0.37674582 0.44021696 -0.08248227
v -0.38624245 0.40063509 -0.08605704
v -0.37466630 0.44830957 -0.06513578
v -0.37378863 0.45128962 -0.08010435
v -0.37450942 0.45053983 -0.04523515
v -0.36660126 0.45159563 -0.02492009
v -0.37327796 0.45162979 -0.06418543
v -0.34927174 0.45144340 0.00565160
v -0.35770801 0.45174527 -0.01013827
v -0.33838588 0.45138076 0.02732295
v -0.34129980 0.45243397 0.01726422
v -0.36902079 0.41924921 -0.10681525
v -0.36386102 0.44245616 -0.10377264
v -0.36426407 0.45043132 -0.09759495
v -0.35137337 0.44624469 -0.12498869
v -0.36002365 0.41520542 -0.12511943
v -0.34221324 0.44407627 -0.14452994
v -0.34829804 0.40845978 -0.15135823
v -0.35845956 0.39223272 -0.13931903
v -0.36656398 0.39215943 -0.12339631
v -0.35080701 0.39250389 -0.15491089
v -0.34851840 0.37581334 -0.15454215
v -0.35480478 0.37603298 -0.14197052
v -0.36407861 0.37561053 -0.12410496
v -0.34099904 0.45074293 -0.14255366
v -0.37481526 0.39152277 -0.10904746
v -0.34635493 0.45213333 -0.12925445
v -0.37615418 0.37738183 -0.10382933
v -0.35558257 0.45183799 -0.11168006
v -0.36143723 0.36652565 -0.12300179
v -0.34216776 0.35514536 -0.15066446
v -0.35410178 0.33537260 -0.11454540
v -0.37085485 0.36170545 -0.10356449
v -0.35932836 0.33565736 -0.10590515
v -0.36670062 0.33611515 -0.09405240
v -0.34407169 0.33663937 -0.13444479
v -0.33889922 0.33729494 -0.14511384
v -0.34033602 0.34919921 -0.15035696
v -0.34691480 0.37362492 -0.15552263
v -0.33698934 0.33797842 -0.14806022
v -0.26967773 0.49392360 -0.06002982
v -0.27723002 0.49305731 -0.06169129
v -0.28045499 0.49140629 -0.04668939
v -0.26807189 0.49379542 -0.05782294
v -0.26774761 0.48934433 -0.02328651
v -0.29415756 0.48745713 -0.01946758
v -0.26871389 0.48702288 -0.00477232
v -0.30417374 0.48747459 -0.02843391
v -0.31588122 0.48731595 -0.05163278
v -0.31710473 0.48753995 -0.06510092
v -0.30022562 0.48970592 -0.06731057
v -0.28559360 0.49158487 -0.07135504
v -0.31561726 0.48755455 -0.07577769
v -0.30662131 0.48773167 -0.08624452
v -0.27085745 0.49241075 -0.07468600
v -0.29225308 0.48804545 -0.09685819
v -0.28132012 0.48895508 -0.09873573
v -0.27620432 0.48787451 -0.10512224
v -0.25357738 0.48715007 -0.10494912
v -0.25330830 0.49088201 -0.07472496
v -0.24781413 0.48713636 -0.10272159
v -0.25616160 0.49195126 -0.05950364
v -0.25476655 0.48960212 -0.03900818
v -0.23748450 0.48720556 -0.08245529
v -0.22825159 0.48620400 -0.06692374
v -0.23142512 0.48700640 -0.05425775
v -0.21854138 0.48429257 -0.05188812
v -0.23725553 0.48611003 -0.03792240
v -0.21956274 0.48341256 -0.04299130
v -0.25761610 0.48597407 -0.01108754
v -0.20944063 0.48182619 -0.04758490
v -0.22967812 0.48251727 -0.02541670
v -0.24855481 0.48346969 -0.00720407
v -0.20893861 0.48023930 -0.04144470
v -0.22006786 0.48104319 -0.03201332
v -0.21362109 0.48099700 -0.05902540
v -0.20717265 0.47519538 -0.02733537
v -0.22006553 0.47523332 -0.01363753
v -0.20660785 0.47178987 -0.01776190
v -0.26788509 0.48543859 -0.00142658
v -0.20637684 0.46857497 -0.00894322
v -0.20668913 0.46510723 0.00014951
v -0.22778101 0.47147369 0.00352671
v -0.20736234 0.46021748 0.01233899
v -0.24925546 0.47945073 0.00007872
v -0.20728703 0.45624584 0.02103525
v -0.30532229 0.48432896 -0.01936099
v -0.24710417 0.48609278 -0.10534355
v -0.21984230 0.47835818 -0.08386952
v -0.19798045 0.47136909 -0.06840695
v -0.19745860 0.46665603 -0.08876829
v -0.20129088 0.46693593 -0.09704150
v -0.21730603 0.47347438 -0.09889147
v -0.23201197 0.47684255 -0.11280828
v -0.21943013 0.46783507 -0.12207616
v -0.20231017 0.47659591 -0.05293220
v -0.20629966 0.46362045 -0.11505432
v -0.20847294 0.45748535 -0.13490193
v -0.18749690 0.46447790 -0.06174923
v -0.18434633 0.45999986 -0.07600775
v -0.17389859 0.45333073 -0.07089274
v -0.26804900 0.47782618 -0.12332346
v -0.19767854 0.46973300 -0.03901262
v -0.17756985 0.45274374 -0.04597263
v -0.17142484 0.44686976 -0.04348729
v -0.17420360 0.44668877 -0.02876827
v -0.18422034 0.45536232 -0.03034936
v -0.18785466 0.45225656 -0.01304478
v -0.19993602 0.46025440 -0.00447173
v -0.20514731 0.45160958 -0.14310393
v -0.23235971 0.46687669 0.01253221
v -0.20580098 0.45207185 0.02796909
v -0.23509657 0.45199102 0.03837103
v -0.24849381 0.46854976 0.01619607
v -0.25588509 0.45255831 0.04554980
v -0.26657015 0.45998514 0.03788008
v -0.26750076 0.47028291 0.02184089
v -0.26568264 0.45114353 0.05156721
v -0.24585247 0.45109969 0.04355859
v -0.18973012 0.44702229 0.00201445
v -0.16845937 0.44640177 -0.06167460
v -0.16723898 0.44685885 -0.07387454
v -0.19494042 0.44690105 0.01344541
v -0.19988029 0.44741455 0.02381269
v -0.20328991 0.44849578 0.03012311
v -0.17765228 0.44675747 -0.09241899
v -0.18665250 0.45296106 -0.09587420
v -0.19621368 0.45109233 -0.12324499
v -0.18422408 0.44657251 -0.10615727
v -0.20054190 0.44802526 -0.14034997
v -0.19296774 0.44722828 -0.12434310
v -0.21983323 0.45176724 -0.14851944
v -0.23331356 0.45193964 -0.15353356
v -0.24150737 0.46458849 -0.13550848
v -0.23146132 0.47013295 -0.12255130
v -0.26774389 0.46110839 -0.15227745
v -0.24839941 0.45190459 -0.15987156
v -0.26832682 0.45229480 -0.16736504
v -0.26231110 0.47384799 -0.12918153
v -0.25522780 0.48133686 -0.11528454
v -0.26760894 0.46719158 -0.14169142
v -0.25772807 0.45160586 -0.16415298
v -0.20321834 0.44823015 -0.14525472
v -0.31432179 0.48665464 -0.04466822
v -0.30437332 0.48358145 -0.09885772
v -0.29440477 0.45232597 -0.15716623
v -0.29593500 0.46763092 -0.12862127
v -0.31217891 0.45216069 -0.15101022
v -0.30184823 0.46704555 -0.12764251
v -0.33541468 0.45688066 -0.13580918
v -0.32352939 0.46755368 -0.12109187
v -0.31188357 0.47740376 -0.10792806
v -0.30094102 0.47839364 -0.11034888
v -0.27815506 0.47532967 -0.12375781
v -0.31749061 0.47884852 -0.09822202
v -0.34023523 0.45194638 -0.14183889
v -0.32559651 0.48249626 -0.07222991
v -0.29021135 0.48464760 -0.01217737
v -0.32635790 0.46924576 -0.11215355
v -0.34063384 0.45499247 -0.13141403
v -0.33268511 0.47705820 -0.04599354
v -0.34898430 0.46789202 -0.07522537
v -0.34165490 0.46557528 -0.09600286
v -0.34635493 0.45213333 -0.12925445
v -0.36223826 0.45300356 -0.09636562
v -0.37378863 0.45128962 -0.08010435
v -0.36865786 0.45511910 -0.07824934
v -0.34927845 0.46683228 -0.04280875
v -0.36977762 0.45436993 -0.03925291
v -0.31491065 0.48118106 -0.02853561
v -0.36660126 0.45159563 -0.02492009
v -0.33057117 0.47042197 -0.02367122
v -0.35770801 0.45174527 -0.01013827
v -0.32108575 0.46773568 0.00143395
v -0.31652942 0.47273299 -0.00590000
v -0.31267810 0.47030741 -0.00015684
v -0.28899637 0.47030476 0.01213742
v -0.31166092 0.45790419 0.02390212
v -0.33214980 0.45643884 0.02009406
v -0.34129980 0.45243397 0.01726422
v -0.29622352 0.46218005 0.02256865
v -0.31815585 0.45153102 0.03319487
v -0.33838588 0.45138076 0.02732295
v -0.29882437 0.45116749 0.03985424
v -0.27826962 0.46267447 0.02916780
v -0.28082833 0.45107046 0.04605037
v -0.37499529 0.45064461 -0.03710018
v -0.34099904 0.45074293 -0.14255366
v -0.37450942 0.45053983 -0.04523515
v -0.37327796 0.45162979 -0.06418543
v -0.34927174 0.45144340 0.00565160
v -0.36426407 0.45043132 -0.09759495
v -0.35558257 0.45183799 -0.11168006
v -0.26376936 0.28415650 -0.07125594
v -0.24585886 0.28978479 -0.06639370
v -0.25746533 0.28486553 -0.06408217
v -0.25281605 0.28930366 -0.07531909
v -0.23847082 0.29453444 -0.07804479
v -0.22735186 0.29841730 -0.07799546
v -0.22304538 0.29908508 -0.06730342
v -0.23590393 0.29282391 -0.05560493
v -0.24709854 0.28825784 -0.05535915
v -0.21860979 0.30217955 -0.07780339
v -0.22553650 0.29727897 -0.05560333
v -0.21954203 0.30015376 -0.05550357
v -0.20422357 0.30942312 -0.07789293
v -0.25962275 0.28409907 -0.05422040
v -0.26331767 0.28327224 -0.06343052
v -0.22349413 0.30788377 -0.10556407
v -0.23165147 0.30165741 -0.09468291
v -0.21289565 0.31028104 -0.09394918
v -0.25265154 0.29328966 -0.08588631
v -0.23055290 0.30943710 -0.11556695
v -0.25372452 0.29904661 -0.10273249
v -0.22348656 0.30964312 -0.11084355
v -0.26802069 0.29804751 -0.10870053
v -0.26699799 0.29211465 -0.09199031
v -0.25859806 0.30479470 -0.11966141
v -0.26817328 0.30194858 -0.11871310
v -0.25002632 0.30942866 -0.12527263
v -0.26940000 0.30889824 -0.13538815
v -0.22006489 0.31634590 -0.12059105
v -0.27222171 0.28524277 -0.07542577
v -0.27241337 0.28335863 -0.06827871
v -0.23976465 0.31686422 -0.12994944
v -0.22307917 0.31953281 -0.12628421
v -0.21264715 0.32755560 -0.13319921
v -0.20821060 0.33445433 -0.14109097
v -0.20434187 0.33919838 -0.14579061
v -0.20571436 0.33969253 -0.14809342
v -0.21869652 0.33872855 -0.15070443
v -0.25861636 0.31809896 -0.14124742
v -0.27003661 0.31270432 -0.14128082
v -0.23075175 0.33890122 -0.15501250
v -0.23287916 0.32525736 -0.13762052
v -0.25418699 0.33399680 -0.15866727
v -0.27001730 0.32452711 -0.15522356
v -0.23978825 0.33868489 -0.15850899
v -0.25356823 0.33830753 -0.16346678
v -0.27128944 0.33819920 -0.17073384
v -0.28065127 0.29345027 -0.09357494
v -0.28087267 0.30021241 -0.11104452
v -0.20072480 0.33207977 -0.12141674
v -0.19691023 0.33846936 -0.12975597
v -0.18713801 0.33834562 -0.11147438
v -0.16984473 0.33860210 -0.07997149
v -0.17946386 0.33057091 -0.07861676
v -0.18825929 0.33262122 -0.10014495
v -0.19916961 0.31302953 -0.07670147
v -0.22341587 0.34123990 -0.15420784
v -0.20360886 0.30930540 -0.05548717
v -0.28253028 0.28399581 -0.06799847
v -0.28422573 0.28745082 -0.07759483
v -0.27660885 0.30920544 -0.13335785
v -0.20066842 0.31150925 -0.05566599
v -0.31333196 0.30631906 -0.11384904
v -0.31401941 0.30980882 -0.12156294
v -0.28979194 0.30979982 -0.12914716
v -0.26647732 0.28316799 -0.05914602
v -0.31217200 0.30152720 -0.09997965
v -0.30251747 0.29387668 -0.08186096
v -0.30914679 0.29718417 -0.08792161
v -0.28344521 0.28394699 -0.05935062
v -0.26782277 0.28431416 -0.04444420
v -0.26473746 0.28488955 -0.04101769
v -0.25433224 0.28854045 -0.03735483
v -0.29311705 0.32365018 -0.14555345
v -0.32274684 0.31886536 -0.13063093
v -0.28930667 0.28507596 -0.06523584
v -0.28079292 0.31488141 -0.13945010
v -0.30973938 0.29151186 -0.06446043
v -0.29064801 0.28503537 -0.05957992
v -0.31770188 0.33766335 -0.15412149
v -0.33157721 0.32875621 -0.13918068
v -0.33698934 0.33797842 -0.14806022
v -0.29576191 0.33843833 -0.16244131
v -0.28441933 0.33815610 -0.16603312
v -0.31988639 0.29867232 -0.07858019
v -0.24486125 0.34062579 -0.16162695
v -0.25807855 0.34038806 -0.16655138
v -0.30834958 0.29060325 -0.06007808
v -0.32692757 0.29811874 -0.06182658
v -0.23556371 0.29611102 -0.03727017
v -0.28286341 0.28660014 -0.03922548
v -0.26817009 0.28678399 -0.03050751
v -0.33267403 0.30199534 -0.06772116
v -0.33332354 0.30757812 -0.08522671
v -0.29836431 0.28751874 -0.05615250
v -0.23335570 0.29985815 -0.02212393
v -0.24741487 0.29327208 -0.02890854
v -0.26169628 0.28811938 -0.03052078
v -0.29530820 0.28830624 -0.04478434
v -0.21333726 0.30759478 -0.03634065
v -0.22290987 0.30752465 -0.01119468
v -0.17141214 0.33919978 -0.04947131
v -0.20144628 0.31304348 -0.04488528
v -0.28617051 0.28865865 -0.03240745
v -0.18651538 0.32493582 -0.05945437
v -0.18045582 0.33219221 -0.03689585
v -0.17317012 0.33854637 -0.03277923
v -0.20432830 0.31512082 -0.03022442
v -0.21818510 0.31246251 -0.00371992
v -0.19231208 0.32039964 -0.04708915
v -0.18707955 0.32958153 -0.02859114
v -0.25413772 0.29713225 -0.01334991
v -0.23091108 0.30625850 -0.00841433
v -0.26776886 0.29247376 -0.01582399
v -0.21461076 0.31690922 0.00219861
v -0.21134977 0.32106555 0.00661934
v -0.18074282 0.33876720 -0.01566560
v -0.18638889 0.33822757 -0.00450817
v -0.27073604 0.28882453 -0.02478780
v -0.26831564 0.29750451 -0.00442548
v -0.24153464 0.30479172 -0.00483776
v -0.19151275 0.33878082 0.00812232
v -0.20603475 0.33062708 0.01951686
v -0.20109805 0.33807939 0.02865141
v -0.21069753 0.32403332 0.01166356
v -0.28045380 0.29169416 -0.02109219
v -0.22839856 0.31612635 0.00683363
v -0.25484216 0.30918795 0.00846031
v -0.26729298 0.30818117 0.01310195
v -0.26715311 0.31490928 0.02352588
v -0.29194996 0.29784948 -0.01189948
v -0.29582560 0.29158723 -0.03336243
v -0.24319004 0.32706895 0.02862268
v -0.25904420 0.33102518 0.04281050
v -0.21984063 0.33802038 0.03540128
v -0.24069372 0.33725578 0.04284073
v -0.26766717 0.32439780 0.03824455
v -0.26805729 0.32966718 0.04707959
v -0.31475836 0.29602864 -0.04731878
v -0.28407475 0.30101666 -0.00308518
v -0.30526853 0.30524015 -0.00336393
v -0.30647916 0.29832709 -0.02559547
v -0.32124144 0.30324975 -0.03164100
v -0.32982540 0.30297506 -0.04714413
v -0.33923045 0.30539352 -0.06509649
v -0.26448143 0.33550912 0.05208550
v -0.25108552 0.33721328 0.04706104
v -0.26743060 0.33363822 0.05182638
v -0.31544960 0.30676082 -0.01224533
v -0.31860459 0.31443462 0.00674592
v -0.27835503 0.33203059 0.04705447
v -0.30795741 0.32771105 0.02970941
v -0.32146513 0.31792673 0.01108998
v -0.34078747 0.30678046 -0.05647979
v -0.34630826 0.31086293 -0.07129503
v -0.33466235 0.32912916 0.02292245
v -0.32780585 0.33374801 0.03185416
v -0.30642927 0.33348596 0.03866327
v -0.29315296 0.33322439 0.04331458
v -0.34677938 0.31157517 -0.05042697
v -0.32913685 0.31431153 -0.01251484
v -0.34419236 0.31488898 -0.03510203
v -0.32419357 0.31128412 -0.10986718
v -0.33783606 0.33338347 0.02776059
v -0.33903971 0.32611731 0.00368406
v -0.34284636 0.32284883 -0.01232267
v -0.35902992 0.32061079 -0.04583170
v -0.34558162 0.31582463 -0.08610553
v -0.35796139 0.31968516 -0.05799929
v -0.35755271 0.32020888 -0.07569265
v -0.33519349 0.32393783 -0.12264966
v -0.35910529 0.32741028 -0.02822330
v -0.36676481 0.32674444 -0.04371353
v -0.34724429 0.33355993 0.00866779
v -0.35523620 0.33397177 -0.00615532
v -0.36625323 0.32785323 -0.07875255
v -0.34895149 0.32706714 -0.10592909
v -0.33889922 0.33729494 -0.14511384
v -0.36172828 0.33353701 -0.01864363
v -0.36749414 0.33300528 -0.03021930
v -0.37226269 0.33153987 -0.04224797
v -0.37444979 0.33466703 -0.06078517
v -0.37471452 0.33576199 -0.08051247
v -0.35932836 0.33565736 -0.10590515
v -0.34941724 0.33566833 -0.12336146
v -0.35410178 0.33537260 -0.11454540
v -0.34407169 0.33663937 -0.13444479
v -0.28991529 0.38912702 0.05788913
v -0.31197774 0.36717388 0.04552430
v -0.28674230 0.34695408 0.04890245
v -0.31090832 0.38959971 0.05134608
v -0.34169346 0.36642078 0.03549148
v -0.33456022 0.39000073 0.04325073
v -0.26515549 0.35698336 0.05832618
v -0.26453328 0.37028605 0.06184111
v -0.24171424 0.35467240 0.04797198
v -0.26448143 0.33550912 0.05208550
v -0.23935021 0.38934296 0.05581380
v -0.26359466 0.39077958 0.06671839
v -0.23350680 0.39172670 0.05329352
v -0.26743060 0.33363822 0.05182638
v -0.25108552 0.33721328 0.04706104
v -0.23060802 0.34041199 0.04022015
v -0.33937147 0.34143066 0.02998858
v -0.24382839 0.41570523 0.05147056
v -0.26443002 0.41282511 0.06156437
v -0.26481304 0.42654032 0.05813705
v -0.34650692 0.40753451 0.03518600
v -0.26739609 0.38974765 0.06567525
v -0.23951147 0.42651799 0.04665791
v -0.26431850 0.44812077 0.05265122
v -0.24602289 0.44774410 0.04541905
v -0.24585247 0.45109969 0.04355859
v -0.22968058 0.44955546 0.03873085
v -0.23479687 0.44515315 0.04171331
v -0.26568264 0.45114353 0.05156721
v -0.22407910 0.37727901 0.04661206
v -0.32261017 0.40863392 0.04254597
v -0.28527591 0.43219191 0.04855644
v -0.27559671 0.40180731 0.05986706
v -0.29293966 0.42793989 0.04668961
v -0.28766984 0.44811130 0.04517928
v -0.30489394 0.44817555 0.03941544
v -0.30395895 0.42500788 0.04377734
v -0.31920785 0.44803873 0.03487936
v -0.34055501 0.44160479 0.02984869
v -0.34909648 0.38945070 0.03825175
v -0.23509657 0.45199102 0.03837103
v -0.20580098 0.45207185 0.02796909
v -0.26672837 0.44854379 0.05243915
v -0.34032142 0.42167625 0.03409235
v -0.21997826 0.41669083 0.04208014
v -0.33879194 0.44963109 0.02873817
v -0.31815585 0.45153102 0.03319487
v -0.33838588 0.45138076 0.02732295
v -0.24069372 0.33725578 0.04284073
v -0.21984063 0.33802038 0.03540128
v -0.20296006 0.34050211 0.03048902
v -0.20109805 0.33807939 0.02865141
v -0.26415342 0.40022546 0.06457037
v -0.31421503 0.33549854 0.03702396
v -0.32780585 0.33374801 0.03185416
v -0.30642927 0.33348596 0.03866327
v -0.29315296 0.33322439 0.04331458
v -0.33783606 0.33338347 0.02776059
v -0.29882437 0.45116749 0.03985424
v -0.33897954 0.33672881 0.02839041
v -0.19851331 0.35878494 0.03314705
v -0.34411359 0.36174676 0.03331546
v -0.20674959 0.39084485 0.04362160
v -0.28213313 0.33431426 0.04740035
v -0.22854473 0.42737508 0.04237948
v -0.20038033 0.43046573 0.03265449
v -0.20328991 0.44849578 0.03012311
v -0.21624155 0.44344029 0.03544552
v -0.27835503 0.33203059 0.04705447
v -0.21714512 0.44947758 0.03422809
v -0.28995833 0.39198202 0.05747422
v -0.19691333 0.40569437 0.03642038
v -0.19734217 0.37035906 0.03528067
v -0.19493786 0.39132243 0.03923445
v -0.28082833 0.45107046 0.04605037
v -0.26401204 0.39152431 0.06692693
v -0.26739609 0.38974765 0.06567525
v -0.26359466 0.39077958 0.06671839
v -0.28995833 0.39198202 0.05747422
v -0.27559671 0.40180731 0.05986706
v -0.26415342 0.40022546 0.06457037
v -0.34032142 0.42167625 0.03409235
v -0.34345445 0.42573431 0.03206271
v -0.34650692 0.40753451 0.03518600
v -0.34055501 0.44160479 0.02984869
v -0.34032142 0.42167625 0.03409235
v -0.32261017 0.40863392 0.04254597
v -0.30395895 0.42500788 0.04377734
v -0.28995833 0.39198202 0.05747422
v -0.20580098 0.45207185 0.02796909
v -0.21714512 0.44947758 0.03422809
v -0.20328991 0.44849578 0.03012311
vt 0.37059933 0.88023257
vt 0.37059942 0.88490212
vt 0.36964795 0.87558246
vt 0.23073263 0.39282387
vt 0.23241203 0.39375579
vt 0.23739296 0.39282382
vt 0.24447763 0.22036970
vt 0.26528132 0.23610234
vt 0.27005869 0.21362031
vt 0.25964046 0.17139459
vt 0.24506956 0.17917717
vt 0.24547905 0.16125035
vt 0.26506975 0.12785435
vt 0.24652921 0.09147817
vt 0.27663416 0.18109614
vt 0.26464668 0.06873733
vt 0.25014299 0.05071497
vt 0.28289717 0.04574686
vt 0.29421920 0.07343149
vt 0.25392830 0.03408265
vt 0.24756759 0.04148662
vt 0.31481993 0.03195351
vt 0.31957734 0.05688906
vt 0.35113466 0.04453689
vt 0.36848375 0.07646734
vt 0.40567064 0.02800184
vt 0.40736645 0.06447423
vt 0.41873881 0.04855615
vt 0.42513189 0.03451252
vt 0.43965918 0.02876091
vt 0.42398337 0.08711416
vt 0.42529342 0.10542244
vt 0.38368961 0.05069327
vt 0.39998263 0.09068549
vt 0.39957112 0.11513376
vt 0.42515957 0.12055594
vt 0.40993956 0.15982932
vt 0.42448097 0.17776948
vt 0.40032929 0.18853474
vt 0.38520008 0.17174524
vt 0.42011350 0.22451925
vt 0.40390876 0.22737652
vt 0.42012814 0.25005436
vt 0.42974478 0.25620770
vt 0.44172141 0.23548937
vt 0.44236371 0.20430696
vt 0.44292641 0.17422247
vt 0.44324613 0.15701085
vt 0.43545830 0.11924243
vt 0.44298068 0.10120612
vt 0.43821412 0.05821270
vt 0.44101989 0.03582770
vt 0.44350067 0.12218082
vt 0.43674639 0.28713435
vt 0.42113343 0.28930688
vt 0.43374845 0.30651689
vt 0.44102588 0.28025758
vt 0.42371029 0.31806076
vt 0.43326238 0.33263791
vt 0.43278241 0.34897214
vt 0.42076921 0.35347831
vt 0.43365532 0.37220418
vt 0.43036452 0.38248062
vt 0.40975961 0.35440999
vt 0.41218725 0.32500446
vt 0.38803685 0.35059822
vt 0.39448234 0.31909311
vt 0.40604988 0.30532575
vt 0.39837268 0.28723633
vt 0.41005298 0.25767130
vt 0.38660437 0.25581443
vt 0.38122413 0.31486303
vt 0.40267777 0.38172096
vt 0.38153467 0.37946767
vt 0.37371826 0.22089964
vt 0.34408700 0.09831369
vt 0.29069835 0.10156721
vt 0.33011311 0.13712883
vt 0.28913060 0.15090662
vt 0.33368319 0.17125368
vt 0.37620026 0.13468814
vt 0.30785039 0.18116182
vt 0.34307688 0.20435458
vt 0.30129775 0.20942384
vt 0.33201778 0.23255599
vt 0.29225636 0.23503953
vt 0.32756019 0.25295484
vt 0.31813589 0.28676015
vt 0.36636961 0.28976822
vt 0.33258888 0.32217228
vt 0.35116091 0.34287035
vt 0.37217346 0.35880518
vt 0.30921990 0.36579627
vt 0.33978981 0.36959141
vt 0.33779979 0.38058597
vt 0.38649192 0.02896571
vt 0.31539974 0.02358019
vt 0.27599069 0.02782220
vt 0.27426615 0.02255350
vt 0.25980800 0.02792352
vt 0.28173527 0.26135409
vt 0.26988557 0.31691086
vt 0.29298529 0.32492483
vt 0.27661639 0.35837758
vt 0.27021757 0.37851250
vt 0.25999224 0.38133252
vt 0.25732851 0.35141516
vt 0.25932741 0.28644955
vt 0.24848995 0.31670737
vt 0.24418165 0.23986697
vt 0.24294932 0.31470549
vt 0.24245791 0.36249423
vt 0.24588858 0.36668956
vt 0.38642013 0.02490741
vt 0.43849334 0.38237017
vt 0.38352966 0.38396823
vt 0.43968061 0.31437206
vt 0.44057709 0.30352557
vt 0.31203744 0.38296473
vt 0.26485232 0.38212168
vt 0.44324648 0.08566618
vt 0.44413215 0.05040675
vt 0.44017434 0.32656831
vt 0.43935889 0.32546353
vt 0.43980935 0.35208088
vt 0.44055426 0.31440204
vt 0.44093859 0.30389142
vt 0.26383340 0.02350676
vt 0.27086940 0.02115959
vt 0.43189952 0.38474238
vt 0.43345359 0.02538335
vt 0.29208022 0.02150154
vt 0.33768567 0.02216679
vt 0.44520310 0.04202825
vt 0.43862084 0.38619149
vt 0.44458136 0.03916484
vt 0.44433448 0.02870101
vt 0.44439340 0.02418202
vt 0.43795082 0.36972213
vt 0.43956915 0.36934793
vt 0.44423398 0.10130608
vt 0.44443163 0.08260149
vt 0.44118935 0.37426114
vt 0.38357809 0.02237368
vt 0.43456292 0.02311838
vt 0.44731879 0.03661817
vt 0.44498822 0.05161977
vt 0.25563022 0.37776101
vt 0.24161728 0.34910595
vt 0.24509872 0.12682706
vt 0.24358983 0.22269213
vt 0.24454755 0.16487068
vt 0.24284327 0.26958847
vt 0.24598277 0.07306653
vt 0.24937934 0.03857964
vt 0.44811559 0.03409714
vt 0.24645889 0.04745632
vt 0.33897233 0.38463706
vt 0.30470163 0.38426554
vt 0.41544855 0.38585293
vt 0.44391954 0.37765551
vt 0.44971296 0.03251052
vt 0.44089752 0.37241352
vt 0.44299415 0.37497294
vt 0.26664162 0.38361025
vt 0.28474346 0.38387716
vt 0.27316394 0.02001947
vt 0.31949291 0.02123368
vt 0.26541051 0.02080339
vt 0.44395179 0.12138736
vt 0.29060331 0.02068228
vt 0.43893558 0.38657635
vt 0.44692513 0.38168305
vt 0.25955385 0.38294947
vt 0.45217532 0.02872926
vt 0.24642526 0.04178560
vt 0.24119885 0.36110914
vt 0.45076245 0.02257580
vt 0.45509687 0.02463096
vt 0.44410750 0.38497061
vt 0.45038968 0.38702697
vt 0.44688979 0.38870394
vt 0.25090739 0.37271893
vt 0.45744270 0.02057201
vt 0.44517887 0.02278024
vt 0.43666044 0.02209127
vt 0.45446393 0.39100647
vt 0.45701066 0.01801068
vt 0.46249950 0.01589584
vt 0.46103686 0.00866926
vt 0.46812111 0.01065260
vt 0.45093858 0.01450437
vt 0.45103359 0.01932579
vt 0.44790924 0.01699746
vt 0.47145575 0.00642622
vt 0.41228294 0.02130181
vt 0.45300570 0.39547914
vt 0.45940965 0.39468098
vt 0.45662767 0.39936250
vt 0.46326721 0.39917552
vt 0.46747482 0.40333736
vt 0.45116827 0.40071607
vt 0.44600001 0.39398122
vt 0.46266595 0.40778410
vt 0.45452043 0.40289962
vt 0.44012460 0.38872218
vt 0.26370299 0.38490194
vt 0.45396030 0.01049209
vt 0.42152610 0.38702500
vt 0.40336129 0.38885629
vt 0.37925637 0.38627404
vt 0.46059570 0.00419384
vt 0.45742744 0.00476044
vt 0.42927274 0.38979709
vt 0.44552425 0.39581203
vt 0.46809483 0.40948462
vt 0.46411303 0.41146320
vt 0.47145575 0.40742385
vt 0.45635846 0.40717983
vt 0.45794901 0.02165419
vt 0.45024669 0.38519013
vt 0.24624875 0.50228751
vt 0.23602432 0.49974859
vt 0.23604220 0.49583697
vt 0.24311855 0.48381627
vt 0.23656315 0.48774862
vt 0.30681396 0.52101421
vt 0.30294517 0.47433424
vt 0.33596992 0.50145936
vt 0.36851248 0.50958329
vt 0.34716964 0.48236406
vt 0.32773790 0.46774709
vt 0.31135947 0.45264792
vt 0.33330354 0.45218515
vt 0.37295505 0.48918456
vt 0.39049894 0.47235394
vt 0.38009942 0.46295726
vt 0.37719613 0.45273507
vt 0.38410556 0.45400125
vt 0.38934773 0.46136194
vt 0.26897547 0.46795791
vt 0.27089158 0.45274824
vt 0.23507221 0.46384966
vt 0.24824978 0.45278871
vt 0.20649409 0.45306277
vt 0.21051779 0.47332060
vt 0.18546769 0.46555531
vt 0.18103942 0.45303082
vt 0.14832182 0.47856694
vt 0.17386958 0.49483073
vt 0.19357298 0.47722709
vt 0.19158512 0.50337815
vt 0.20659101 0.50192690
vt 0.21415699 0.50123858
vt 0.21958059 0.49658942
vt 0.21924885 0.48920280
vt 0.20173830 0.50747919
vt 0.20618860 0.50408119
vt 0.21006495 0.50240535
vt 0.19452463 0.51502514
vt 0.16249585 0.51430678
vt 0.18531607 0.53486985
vt 0.18942165 0.52641135
vt 0.19202064 0.51997566
vt 0.13076551 0.51365578
vt 0.12992842 0.47463644
vt 0.12302187 0.45860422
vt 0.10194986 0.46987820
vt 0.08172215 0.45733178
vt 0.11386593 0.45282388
vt 0.08158263 0.48748815
vt 0.06729933 0.47485673
vt 0.07229880 0.45426679
vt 0.07634252 0.45305461
vt 0.06789201 0.50313717
vt 0.08911165 0.50229508
vt 0.07867833 0.52066302
vt 0.10244583 0.51322401
vt 0.11305726 0.52942395
vt 0.14831819 0.53873920
vt 0.11520962 0.55485833
vt 0.10821897 0.54466534
vt 0.09723762 0.53344238
vt 0.08056436 0.54944897
vt 0.07270963 0.53332597
vt 0.07091774 0.54882663
vt 0.08450867 0.56420445
vt 0.13047546 0.56262535
vt 0.18124583 0.55301028
vt 0.15434073 0.58077490
vt 0.18605207 0.56639868
vt 0.16930144 0.58118767
vt 0.18777776 0.58065873
vt 0.19812007 0.57098413
vt 0.19884478 0.57996005
vt 0.20452377 0.57659292
vt 0.12230612 0.58046550
vt 0.08796236 0.57627672
vt 0.07057173 0.58080387
vt 0.09893846 0.58009756
vt 0.06771880 0.53195101
vt 0.23840123 0.47072887
vt 0.28652003 0.48886424
vt 0.29301646 0.53323680
vt 0.32831740 0.53117567
vt 0.32056221 0.55210078
vt 0.34590939 0.53761023
vt 0.32700509 0.56250328
vt 0.36354959 0.56434739
vt 0.36629015 0.55117249
vt 0.38680276 0.56247878
vt 0.38600206 0.54476696
vt 0.36189932 0.53818130
vt 0.38290220 0.53063476
vt 0.35026598 0.51908296
vt 0.39214990 0.51432306
vt 0.39102635 0.49369967
vt 0.38466641 0.58036131
vt 0.39288819 0.57033581
vt 0.39289975 0.55226892
vt 0.39142361 0.58084047
vt 0.36270344 0.57983476
vt 0.32877007 0.58028430
vt 0.26671064 0.56785756
vt 0.28508073 0.55468708
vt 0.26883823 0.55526686
vt 0.26952025 0.54066414
vt 0.27764347 0.58005506
vt 0.25817215 0.57986438
vt 0.25383562 0.57460845
vt 0.25149348 0.57675755
vt 0.26905143 0.53704453
vt 0.26846883 0.52612734
vt 0.26134944 0.51437765
vt 0.25622228 0.50880075
vt 0.25208572 0.50563985
vt 0.26737401 0.52721792
vt 0.18781425 0.55300546
vt 0.19120044 0.56096995
vt 0.19604024 0.56865823
vt 0.18664053 0.54013312
vt 0.18812709 0.53263390
vt 0.26665333 0.55759579
vt 0.26281273 0.56417966
vt 0.26867408 0.54996347
vt 0.26014632 0.56871468
vt 0.21901464 0.47457349
vt 0.06647804 0.54806507
vt 0.06587936 0.58314055
vt 0.23671283 0.48125041
vt 0.23680447 0.47136867
vt 0.21905860 0.47064614
vt 0.06768800 0.46042752
vt 0.23524787 0.47079188
vt 0.22236381 0.47054195
vt 0.21979965 0.49988431
vt 0.26799217 0.55360001
vt 0.24821779 0.57855856
vt 0.26648685 0.52453846
vt 0.06470387 0.53005445
vt 0.06591789 0.49466884
vt 0.06204149 0.55284679
vt 0.20674293 0.58357865
vt 0.08240923 0.58539414
vt 0.14471290 0.58302438
vt 0.11856996 0.58627129
vt 0.37537780 0.58379573
vt 0.20833339 0.57860327
vt 0.21317649 0.58064890
vt 0.38972342 0.58565885
vt 0.33163205 0.58464295
vt 0.06097080 0.57576632
vt 0.24931242 0.58577400
vt 0.28357923 0.58430344
vt 0.24413928 0.58043098
vt 0.23791257 0.58246970
vt 0.22091211 0.58385026
vt 0.18494213 0.58664048
vt 0.15313318 0.58630002
vt 0.06021604 0.53648144
vt 0.26364017 0.51833779
vt 0.23012158 0.58352727
vt 0.39498657 0.58100027
vt 0.18891542 0.58836293
vt 0.36669731 0.58773053
vt 0.33189684 0.58731163
vt 0.31880713 0.58701336
vt 0.28992420 0.58722746
vt 0.06057622 0.49284840
vt 0.06105600 0.46864456
vt 0.39567548 0.54860598
vt 0.39632657 0.52927589
vt 0.06082404 0.58234388
vt 0.06165073 0.46238989
vt 0.06595967 0.58771485
vt 0.16949216 0.58845288
vt 0.22761005 0.58576810
vt 0.25797695 0.58896476
vt 0.20322683 0.58877569
vt 0.39518780 0.46399820
vt 0.09416789 0.58810687
vt 0.39601302 0.49540961
vt 0.39596245 0.47780579
vt 0.38366476 0.44868129
vt 0.12529710 0.58793658
vt 0.37167081 0.44998717
vt 0.22518347 0.58864683
vt 0.39191544 0.45734906
vt 0.38635227 0.45024657
vt 0.07170946 0.44945562
vt 0.21913640 0.44826895
vt 0.30931687 0.44788682
vt 0.33141410 0.44794691
vt 0.27537149 0.44811279
vt 0.24953826 0.44819802
vt 0.06771030 0.45331597
vt 0.30331936 0.59256297
vt 0.31905732 0.59196734
vt 0.37329611 0.44804728
vt 0.22921608 0.47110534
vt 0.22087857 0.58263820
vt 0.26413003 0.59239203
vt 0.38995469 0.58952415
vt 0.39868930 0.53277594
vt 0.34202111 0.59057999
vt 0.36868098 0.59149379
vt 0.12063698 0.59268522
vt 0.16124530 0.59274292
vt 0.21569939 0.59286851
vt 0.20467907 0.59262788
vt 0.18728060 0.59295946
vt 0.09425711 0.44919479
vt 0.09890179 0.59269375
vt 0.06591556 0.59025657
vt 0.18756634 0.44861293
vt 0.14343973 0.45255864
vt 0.39851913 0.49737883
vt 0.14352566 0.44980669
vt 0.39914322 0.55282432
vt 0.39709559 0.46130413
vt 0.39772838 0.58164996
vt 0.39787558 0.47449279
vt 0.13962959 0.44841856
vt 0.05723576 0.57817519
vt 0.39097422 0.59430832
vt 0.05674799 0.50124127
vt 0.05799218 0.53412575
vt 0.37755588 0.44409281
vt 0.32920986 0.44363499
vt 0.31047785 0.44478059
vt 0.27449164 0.44480437
vt 0.22292586 0.44598842
vt 0.38518798 0.44482231
vt 0.06920452 0.59380645
vt 0.07783880 0.44638801
vt 0.11057060 0.44549036
vt 0.13930237 0.44468188
vt 0.18973377 0.44543660
vt 0.07097767 0.44836622
vt 0.06138434 0.58772963
vt 0.40460360 0.57420570
vt 0.40382281 0.58265245
vt 0.40486410 0.53411007
vt 0.06449367 0.45281577
vt 0.33093977 0.59620595
vt 0.22621381 0.59546113
vt 0.27291942 0.59738272
vt 0.30005357 0.59874225
vt 0.36792558 0.59308326
vt 0.40451631 0.48784930
vt 0.05144070 0.58328253
vt 0.24850996 0.44193101
vt 0.16496207 0.59813553
vt 0.20378825 0.60221851
vt 0.10548129 0.59982884
vt 0.07391716 0.60162389
vt 0.12451126 0.60057318
vt 0.05032602 0.55269909
vt 0.05055521 0.57721955
vt 0.39279336 0.59261793
vt 0.40484878 0.46447587
vt 0.40432000 0.46042025
vt 0.38980052 0.44716305
vt 0.38407341 0.60958749
vt 0.22960278 0.61002278
vt 0.22826010 0.60135603
vt 0.18251459 0.61116159
vt 0.27861917 0.61694586
vt 0.27147707 0.61036783
vt 0.30137610 0.61312658
vt 0.15664308 0.61218238
vt 0.11211867 0.61218733
vt 0.07163509 0.61216396
vt 0.15173255 0.62059736
vt 0.09662497 0.62000924
vt 0.07022152 0.61947811
vt 0.19080402 0.62073928
vt 0.21247441 0.61979020
vt 0.25018626 0.62059206
vt 0.32060462 0.61056858
vt 0.36756235 0.61873758
vt 0.34818885 0.61042941
vt 0.37981775 0.61943275
vt 0.39231014 0.61864960
vt 0.29837602 0.62046683
vt 0.39181885 0.60427862
vt 0.06432940 0.59569025
vt 0.06486900 0.60680574
vt 0.06426391 0.61902755
vt 0.06086993 0.59129667
vt 0.05061511 0.49972606
vt 0.05151555 0.46404445
vt 0.05008742 0.52509987
vt 0.39978001 0.58672845
vt 0.05264128 0.45994490
vt 0.39953789 0.45468080
vt 0.21828806 0.44114470
vt 0.07031289 0.44343424
vt 0.36222422 0.44087219
vt 0.05528120 0.58699298
vt 0.27436471 0.43998766
vt 0.31151599 0.43893969
vt 0.19381016 0.44156063
vt 0.16708380 0.44337666
vt 0.33294836 0.44093037
vt 0.39320070 0.43607140
vt 0.38585019 0.43555647
vt 0.38872215 0.43050486
vt 0.39700845 0.42947030
vt 0.38121766 0.43131721
vt 0.39447039 0.42082900
vt 0.39903092 0.42301595
vt 0.06760789 0.44263732
vt 0.06635570 0.43560457
vt 0.06339774 0.60883868
vt 0.20888939 0.43512505
vt 0.25121787 0.43438298
vt 0.22837944 0.43458706
vt 0.27421853 0.43250799
vt 0.33928359 0.43185091
vt 0.31624764 0.43252075
vt 0.07620560 0.43813539
vt 0.06723808 0.43177342
vt 0.14774756 0.43579078
vt 0.18274496 0.43597901
vt 0.12200234 0.43757153
vt 0.06335133 0.42386836
vt 0.39562106 0.43946397
vt 0.07285878 0.42999005
vt 0.09557734 0.43137228
vt 0.40072128 0.41943610
vt 0.04974307 0.47355348
vt 0.06054321 0.45270544
vt 0.39184740 0.42288160
vt 0.40629196 0.47884452
vt 0.06278894 0.43104362
vt 0.05959467 0.41774595
vt 0.05966590 0.43304849
vt 0.06156513 0.41844153
vt 0.39590964 0.41678548
vt 0.07763871 0.42316806
vt 0.11920868 0.43061364
vt 0.14716753 0.42797709
vt 0.10058217 0.42321789
vt 0.05556893 0.41742927
vt 0.40647000 0.53897637
vt 0.40604961 0.58139098
vt 0.39359546 0.61030823
vt 0.39401346 0.61978567
vt 0.07991192 0.41749346
vt 0.10126594 0.41578019
vt 0.12253362 0.41530716
vt 0.13559218 0.41519105
vt 0.14158370 0.41934872
vt 0.17094880 0.42500114
vt 0.18603219 0.42574519
vt 0.05138017 0.43517476
vt 0.05024167 0.45192301
vt 0.39773533 0.60028267
vt 0.05997521 0.62079269
vt 0.06010709 0.60611123
vt 0.39948326 0.62150830
vt 0.40734404 0.62387007
vt 0.41679102 0.61212677
vt 0.40764788 0.58998579
vt 0.05078543 0.59038073
vt 0.04034895 0.59350783
vt 0.03928199 0.58765519
vt 0.02531017 0.59504336
vt 0.03402305 0.59545517
vt 0.02413420 0.59774286
vt 0.04069435 0.61132139
vt 0.05362882 0.62308908
vt 0.01474786 0.60202581
vt 0.04521096 0.62591964
vt 0.01714929 0.60718989
vt 0.02757062 0.61778450
vt 0.03593257 0.62762481
vt 0.03921726 0.62767941
vt 0.41410530 0.58844149
vt 0.42240652 0.60312587
vt 0.42744970 0.59455144
vt 0.43625864 0.59977186
vt 0.44100857 0.60611391
vt 0.41409376 0.62630349
vt 0.42480722 0.62361729
vt 0.42067242 0.62767941
vt 0.43001801 0.61830544
vt 0.43226904 0.61582196
vt 0.23469745 0.49900079
vt 0.07841825 0.65683007
vt 0.07478765 0.69008678
vt 0.07356862 0.65727854
vt 0.10114798 0.68519616
vt 0.09627276 0.72020590
vt 0.07523972 0.71894342
vt 0.08713481 0.75791597
vt 0.10995109 0.76995647
vt 0.07508632 0.76149815
vt 0.08046119 0.79949558
vt 0.09650230 0.78171879
vt 0.12647253 0.73239899
vt 0.12475407 0.76113617
vt 0.14963800 0.73188305
vt 0.17783099 0.70097160
vt 0.18215080 0.71845049
vt 0.17887409 0.74649465
vt 0.20150626 0.70111811
vt 0.16865531 0.68051171
vt 0.13427985 0.70604467
vt 0.12550190 0.67364782
vt 0.15451957 0.66158283
vt 0.11350884 0.65445632
vt 0.16036941 0.65194237
vt 0.20442618 0.65636206
vt 0.19663832 0.72351950
vt 0.16706356 0.75408673
vt 0.20290980 0.78553534
vt 0.18719105 0.77184176
vt 0.19818354 0.76576114
vt 0.10256544 0.81093282
vt 0.07930620 0.82625240
vt 0.10955693 0.82656801
vt 0.12996013 0.82651281
vt 0.12591015 0.82101738
vt 0.13119878 0.81820452
vt 0.12607592 0.81269127
vt 0.12140332 0.79435176
vt 0.12543027 0.79933584
vt 0.12609714 0.79294598
vt 0.13541956 0.76740879
vt 0.15083404 0.76370639
vt 0.14558671 0.76802272
vt 0.15123466 0.76599544
vt 0.14064686 0.77086103
vt 0.16927104 0.76390535
vt 0.21452475 0.75244480
vt 0.21393761 0.78068483
vt 0.21367688 0.80491364
vt 0.20119925 0.81723803
vt 0.21371935 0.82595080
vt 0.19374417 0.82507366
vt 0.19684754 0.80224937
vt 0.19640057 0.79324037
vt 0.19445966 0.78750336
vt 0.21517204 0.72200167
vt 0.21646313 0.69982094
vt 0.21663865 0.66435158
vt 0.21677741 0.64357662
vt 0.20091414 0.64377868
vt 0.16967669 0.64393544
vt 0.10004704 0.64356673
vt 0.07390753 0.64295900
vt 0.13521026 0.82305223
vt 0.13716398 0.82469302
vt 0.07484083 0.79768330
vt 0.07421238 0.82633185
vt 0.13669433 0.77387184
vt 0.13239060 0.77871090
vt 0.12812144 0.78519368
vt 0.12847731 0.81334054
vt 0.12604500 0.80665249
vt 0.15647493 0.76529688
vt 0.17636912 0.76806825
vt 0.07329386 0.69075656
vt 0.21612175 0.73940873
vt 0.21553437 0.78311211
vt 0.14113608 0.82667547
vt 0.19190206 0.78300542
vt 0.18939851 0.77877754
vt 0.18566172 0.77435046
vt 0.18089916 0.77077168
vt 0.07300195 0.72101104
vt 0.07286935 0.78184128
vt 0.16379246 0.76534784
vt 0.17113157 0.76635039
vt 0.19562191 0.82682788
vt 0.07308584 0.82619417
vt 0.21535014 0.82589680
vt 0.13476676 0.83175278
vt 0.14537854 0.82837355
vt 0.15044707 0.83548963
vt 0.15919976 0.83096904
vt 0.11714526 0.83571380
vt 0.08222702 0.83668882
vt 0.07705069 0.83670247
vt 0.18599084 0.82316732
vt 0.19017977 0.81900221
vt 0.19250031 0.81560570
vt 0.19410831 0.81290835
vt 0.19583289 0.80830133
vt 0.18356030 0.82482147
vt 0.18761101 0.83062661
vt 0.17916898 0.82689351
vt 0.17973574 0.83515215
vt 0.21189329 0.83513319
vt 0.17154707 0.82956630
vt 0.21372922 0.83620840
vt 0.21191862 0.63399523
vt 0.18883337 0.63703078
vt 0.16134788 0.63640982
vt 0.08638629 0.63704747
vt 0.10667781 0.63635010
vt 0.12950209 0.63642979
vt 0.12954049 0.64372063
vt 0.07372731 0.63765609
vt 0.09765587 0.63286388
vt 0.07731190 0.63256919
vt 0.09322581 0.63154167
vt 0.07708213 0.63140726
vt 0.11422509 0.63193536
vt 0.07389925 0.63154989
vt 0.15944266 0.63329870
vt 0.17834315 0.63357657
vt 0.19886395 0.63374990
vt 0.16350602 0.63235688
vt 0.21701726 0.63975257
vt 0.18132766 0.83665752
vt 0.14432602 0.83677685
vt 0.07499301 0.83682710
vt 0.21686174 0.63432729
vt 0.10832387 0.83693564
vt 0.21800019 0.69044530
vt 0.07183634 0.78673518
vt 0.07189776 0.76025438
vt 0.21822095 0.66234595
vt 0.21844701 0.64804995
vt 0.07184130 0.72114450
vt 0.18113208 0.63272387
vt 0.07190485 0.80731583
vt 0.07218535 0.66965342
vt 0.07258389 0.64219040
vt 0.21359374 0.63283938
vt 0.21796049 0.72184217
vt 0.21763608 0.76031411
vt 0.19896400 0.63285661
vt 0.12964717 0.78308165
vt 0.21849704 0.64282012
vt 0.21693675 0.81539655
vt 0.21864866 0.63255227
vt 0.21777782 0.82592750
vt 0.21900019 0.63494188
vt 0.21698348 0.83670169
vt 0.21855283 0.63857305
vt 0.22632790 0.82646966
vt 0.22490366 0.78251213
vt 0.22481538 0.72218132
vt 0.22404036 0.69346738
vt 0.22726393 0.66760254
vt 0.23591705 0.78094310
vt 0.23528525 0.74893993
vt 0.23637007 0.71705538
vt 0.23479971 0.69321400
vt 0.23364855 0.65829635
vt 0.23331799 0.82740420
vt 0.23012927 0.83634442
vt 0.23354763 0.83620048
vt 0.24100462 0.83609664
vt 0.24519889 0.83180535
vt 0.24680312 0.83607459
vt 0.22448488 0.64887142
vt 0.23186283 0.65202361
vt 0.23789142 0.65597248
vt 0.24226815 0.82783246
vt 0.24298495 0.81214952
vt 0.24291137 0.75868744
vt 0.24451201 0.71732372
vt 0.24525711 0.69491804
vt 0.24494883 0.66947377
vt 0.24600641 0.65901846
vt 0.24416165 0.78769314
vt 0.20072451 0.84566200
vt 0.14577463 0.84668273
vt 0.12339630 0.84556407
vt 0.10004779 0.84755349
vt 0.08145355 0.84847403
vt 0.10036658 0.86627138
vt 0.08839133 0.86592078
vt 0.10268114 0.87696576
vt 0.12849031 0.87469089
vt 0.16397013 0.87698311
vt 0.15788391 0.87458068
vt 0.16834535 0.85978466
vt 0.19642574 0.85851973
vt 0.19597419 0.87037432
vt 0.20977600 0.86125863
vt 0.20666136 0.87637556
vt 0.21113504 0.85346454
vt 0.21286567 0.84373713
vt 0.07784425 0.84438229
vt 0.07883643 0.85083115
vt 0.08813691 0.87808597
vt 0.08062784 0.85811538
vt 0.20800512 0.87837839
vt 0.08422454 0.87837839
vt 0.24725492 0.71861476
vt 0.24785918 0.75805014
vt 0.21001180 0.86750203
vt 0.19978416 0.87807870
vt 0.24677071 0.82899874
vt 0.24705237 0.81116235
vt 0.24733220 0.79158491
vt 0.75486928 0.17883223
vt 0.76764858 0.16951519
vt 0.76739794 0.14385003
vt 0.76737267 0.20109934
vt 0.74259329 0.20655215
vt 0.76857710 0.23135310
vt 0.73282671 0.16207540
vt 0.76575410 0.06746912
vt 0.75015545 0.09666419
vt 0.76663864 0.10483855
vt 0.70113200 0.04308879
vt 0.71370375 0.05809653
vt 0.71611649 0.03067696
vt 0.70064354 0.07743806
vt 0.72778881 0.06231952
vt 0.72165942 0.08867639
vt 0.74318314 0.05890304
vt 0.70819938 0.10598207
vt 0.70052630 0.10639000
vt 0.71103537 0.13788372
vt 0.73033571 0.11662328
vt 0.70021796 0.14197230
vt 0.70010722 0.16544920
vt 0.71037424 0.17539036
vt 0.72635239 0.13840234
vt 0.72539055 0.18078578
vt 0.70858729 0.20045364
vt 0.69983244 0.20292586
vt 0.70651633 0.22523701
vt 0.69943166 0.22425842
vt 0.69932872 0.26366568
vt 0.70449829 0.26062763
vt 0.70018244 0.28606302
vt 0.72991234 0.21679688
vt 0.74366230 0.22671241
vt 0.74989325 0.26799691
vt 0.76802254 0.23844546
vt 0.76649779 0.27075219
vt 0.76493698 0.28740788
vt 0.74461263 0.30422956
vt 0.76359171 0.31209397
vt 0.72685510 0.23338151
vt 0.73156089 0.27060044
vt 0.71340287 0.25891763
vt 0.71095103 0.28941500
vt 0.70046055 0.32631600
vt 0.72373933 0.30483329
vt 0.71692944 0.32620573
vt 0.70044535 0.34497613
vt 0.73290539 0.33209932
vt 0.71800381 0.34548414
vt 0.73981524 0.31962359
vt 0.76576936 0.33330691
vt 0.75235689 0.34466207
vt 0.76649141 0.34407651
vt 0.76671803 0.03118068
vt 0.73137516 0.02449346
vt 0.76696813 0.02426708
vt 0.70149672 0.02337259
vt 0.75778735 0.05297065
vt 0.77947676 0.02459925
vt 0.78168738 0.06642163
vt 0.79904258 0.08313584
vt 0.79950231 0.05283129
vt 0.77374136 0.11591160
vt 0.78285021 0.15561241
vt 0.78330117 0.11463201
vt 0.78883529 0.18233615
vt 0.78702205 0.26413286
vt 0.78335881 0.29885846
vt 0.79823190 0.32719088
vt 0.79854345 0.28595436
vt 0.77931678 0.32395589
vt 0.79815632 0.34354031
vt 0.79860097 0.25193119
vt 0.79874039 0.22342503
vt 0.79877150 0.20275313
vt 0.79897082 0.16339928
vt 0.79900062 0.14413077
vt 0.79908818 0.10837579
vt 0.79881018 0.02523792
vt 0.69967353 0.34966016
vt 0.74912488 0.34910154
vt 0.69900501 0.29443514
vt 0.76709449 0.35042751
vt 0.80098450 0.14533281
vt 0.69918281 0.34854954
vt 0.72195911 0.34998488
vt 0.80085456 0.08676928
vt 0.79926711 0.34954584
vt 0.80003953 0.02468121
vt 0.70749700 0.01575440
vt 0.74350017 0.01581365
vt 0.76726997 0.01591372
vt 0.70112312 0.01561546
vt 0.80316424 0.20812511
vt 0.78869617 0.01639473
vt 0.79972225 0.01635927
vt 0.80163151 0.34545982
vt 0.80428290 0.24805421
vt 0.80419028 0.27027524
vt 0.80350542 0.32913160
vt 0.80199158 0.31485182
vt 0.79838568 0.31477666
vt 0.80368996 0.29679680
vt 0.80402851 0.19156355
vt 0.80316275 0.14370775
vt 0.80333221 0.10180026
vt 0.80301493 0.06657279
vt 0.80314130 0.03468889
vt 0.80397278 0.16116142
vt 0.69874364 0.02193999
vt 0.69937658 0.04673904
vt 0.69466692 0.04733348
vt 0.69469827 0.07181984
vt 0.80465627 0.22349918
vt 0.69500482 0.02655649
vt 0.69902062 0.10667944
vt 0.69410086 0.20513719
vt 0.69421631 0.15587413
vt 0.69452327 0.12967873
vt 0.69455624 0.23123384
vt 0.69501561 0.27501225
vt 0.80302310 0.34842837
vt 0.80356473 0.02409983
vt 0.80238092 0.01683950
vt 0.80388105 0.34634113
vt 0.69552255 0.33283138
vt 0.69531631 0.02027756
vt 0.69718415 0.01645714
vt 0.79581857 0.01522607
vt 0.75084573 0.01449478
vt 0.69426924 0.10018337
vt 0.69417125 0.34864825
vt 0.72155368 0.01445860
vt 0.70122904 0.01425225
vt 0.80563927 0.02209359
vt 0.81370020 0.13697416
vt 0.80939639 0.04695636
vt 0.81430686 0.10585850
vt 0.81509578 0.08512580
vt 0.81387281 0.06386256
vt 0.82428575 0.03889495
vt 0.82466102 0.07056493
vt 0.82467574 0.10100371
vt 0.82473397 0.14367425
vt 0.81524938 0.15838909
vt 0.81424779 0.20344812
vt 0.82455337 0.20453799
vt 0.81490731 0.23434198
vt 0.82455003 0.24031961
vt 0.82440883 0.27353156
vt 0.81408948 0.26512456
vt 0.81504065 0.31025672
vt 0.82432944 0.30706155
vt 0.82512695 0.32235205
vt 0.81343508 0.33317053
vt 0.80824989 0.26100671
vt 0.80726755 0.29677773
vt 0.81307471 0.03541481
vt 0.82417381 0.02697366
vt 0.81162310 0.02267671
vt 0.82364297 0.02405524
vt 0.82483107 0.33367682
vt 0.82401258 0.33878946
vt 0.80965394 0.34615040
vt 0.70842987 0.35225433
vt 0.81808329 0.34584481
vt 0.82479018 0.34505665
vt 0.72216344 0.35207927
vt 0.76653141 0.35419190
vt 0.76433241 0.35165823
vt 0.79077315 0.35200799
vt 0.82562459 0.28027529
vt 0.69925606 0.35292172
vt 0.80694181 0.01778698
vt 0.80017787 0.35180205
vt 0.82583338 0.21100700
vt 0.82586592 0.14122701
vt 0.82587826 0.10947740
vt 0.82534236 0.03903407
vt 0.82588959 0.06345248
vt 0.80240017 0.01247680
vt 0.80093610 0.35754883
vt 0.80908340 0.34796172
vt 0.81599164 0.01956499
vt 0.82707220 0.01321250
vt 0.82204539 0.00870723
vt 0.81368536 0.00801206
vt 0.80276072 0.00684184
vt 0.80324411 0.35585499
vt 0.71288705 0.36139679
vt 0.75097859 0.36138070
vt 0.82848650 0.00973427
vt 0.75182301 0.01022243
vt 0.78410220 0.01123947
vt 0.76875532 0.36205268
vt 0.78872776 0.36206895
vt 0.80187714 0.36144364
vt 0.80460811 0.36144507
vt 0.70009661 0.36156714
vt 0.82614201 0.34823954
vt 0.80845022 0.00725877
vt 0.82676530 0.02381849
vt 0.72551525 0.00556016
vt 0.74870551 0.00555044
vt 0.77074838 0.00546038
vt 0.81716830 0.35185987
vt 0.82477367 0.35690939
vt 0.81332362 0.36002755
vt 0.82690406 0.03195447
vt 0.69873542 0.35953045
vt 0.78718716 0.00593990
vt 0.70599794 0.00512582
vt 0.70058858 0.00989562
vt 0.82895982 0.35576797
vt 0.83157176 0.34469223
vt 0.83241063 0.33578658
vt 0.83377838 0.35231256
vt 0.83919436 0.33039904
vt 0.82809091 0.25037032
vt 0.83895850 0.02956736
vt 0.84040856 0.03846693
vt 0.84040731 0.05589068
vt 0.84062797 0.07875502
vt 0.84054363 0.09560937
vt 0.83998680 0.11458117
vt 0.84012526 0.14119881
vt 0.82826853 0.18406630
vt 0.83991688 0.22279346
vt 0.83995354 0.16371936
vt 0.84058535 0.26048517
vt 0.83249146 0.29130507
vt 0.83854204 0.31587696
vt 0.84062797 0.28324199
vt 0.83819342 0.02312988
vt 0.83841115 0.34153241
vt 0.83734751 0.01899415
vt 0.83224428 0.01149803
vt 0.51096553 0.45265412
vt 0.55257767 0.47680426
vt 0.54164922 0.49667251
vt 0.58666652 0.49614859
vt 0.56144547 0.46081781
vt 0.56745148 0.45315313
vt 0.60791653 0.45385516
vt 0.60806078 0.45863008
vt 0.47474983 0.48308015
vt 0.48852986 0.48501533
vt 0.48498285 0.53367418
vt 0.47488743 0.52356219
vt 0.47512007 0.53402674
vt 0.51365888 0.49454153
vt 0.55571002 0.51837313
vt 0.49887019 0.51995665
vt 0.59820795 0.52860135
vt 0.60766858 0.49808979
vt 0.60685414 0.53516173
vt 0.59661311 0.53530860
vt 0.47419652 0.45776004
vt 0.47376800 0.45250976
vt 0.51615918 0.53444326
vt 0.50110883 0.53540212
vt 0.53588074 0.53580105
vt 0.47354031 0.49219322
vt 0.56490707 0.45170516
vt 0.60813022 0.47505438
vt 0.59696251 0.45230007
vt 0.60838705 0.45239234
vt 0.59586608 0.53635186
vt 0.51211721 0.45124209
vt 0.47365171 0.45116061
vt 0.60631049 0.53643829
vt 0.46907490 0.53302842
vt 0.60895222 0.49218690
vt 0.46775967 0.45128077
vt 0.46942708 0.47279394
vt 0.46856540 0.50328159
vt 0.46825105 0.52337980
vt 0.61294043 0.52553415
vt 0.46829024 0.53444505
vt 0.61630583 0.45454305
vt 0.46589231 0.46787107
vt 0.46302295 0.45061398
vt 0.62018424 0.47242999
vt 0.61997885 0.49556583
vt 0.62052125 0.45361066
vt 0.61978400 0.51168549
vt 0.61987400 0.53090364
vt 0.61243993 0.53420311
vt 0.61424875 0.45278215
vt 0.46280155 0.47836661
vt 0.46221042 0.45826751
vt 0.46329197 0.50653422
vt 0.46252000 0.53381872
vt 0.46215561 0.53496438
vt 0.52532095 0.53796065
vt 0.57598042 0.54101580
vt 0.60480845 0.54650527
vt 0.48708048 0.53926098
vt 0.50611407 0.54581809
vt 0.48748001 0.54774904
vt 0.52758461 0.54600698
vt 0.54985994 0.54253608
vt 0.57772648 0.54849678
vt 0.60446078 0.55019724
vt 0.54545307 0.54962462
vt 0.47445217 0.54004931
vt 0.47399151 0.54662848
vt 0.51526338 0.55367136
vt 0.58436012 0.55673772
vt 0.56604552 0.56398827
vt 0.51836228 0.56282687
vt 0.49924946 0.56216991
vt 0.59442121 0.56381863
vt 0.48780012 0.56177223
vt 0.60381371 0.55639786
vt 0.60246897 0.56356925
vt 0.47114164 0.54665804
vt 0.47398937 0.56090814
vt 0.46477938 0.54357970
vt 0.46097392 0.47316635
vt 0.46164450 0.51485175
vt 0.52875769 0.56430566
vt 0.62137145 0.51278859
vt 0.62151897 0.48924381
vt 0.62148833 0.53032756
vt 0.62178880 0.45367122
vt 0.46660429 0.56099182
vt 0.46528831 0.55029327
vt 0.45483705 0.44940305
vt 0.45237350 0.50581557
vt 0.45190731 0.46821594
vt 0.45200565 0.48548913
vt 0.45163992 0.53584552
vt 0.45577186 0.54174000
vt 0.45319182 0.44636142
vt 0.44972685 0.44609660
vt 0.44559115 0.53389317
vt 0.44490263 0.50553960
vt 0.44380945 0.46335137
vt 0.43848100 0.53725827
vt 0.42308238 0.53798527
vt 0.43743804 0.44735086
vt 0.44124743 0.44306624
vt 0.44185770 0.44197321
vt 0.43652171 0.43959862
vt 0.43022737 0.44002020
vt 0.43489361 0.52252626
vt 0.43079862 0.46678978
vt 0.43483698 0.50378364
vt 0.42017868 0.48812801
vt 0.42141107 0.50568843
vt 0.41932431 0.45043635
vt 0.42245314 0.52537018
vt 0.41930142 0.43784088
vt 0.43288073 0.43840629
vt 0.42574111 0.43765950
vt 0.44976163 0.43872726
vt 0.44541773 0.43490219
vt 0.44044566 0.43243623
vt 0.44056371 0.43135613
vt 0.43697101 0.43033862
vt 0.43585089 0.42836261
vt 0.45534769 0.44095117
vt 0.45040709 0.43789661
vt 0.46021870 0.44372833
vt 0.46092761 0.44621396
vt 0.42371836 0.54036403
vt 0.44591123 0.53806490
vt 0.41722170 0.43642795
vt 0.43401855 0.42823857
vt 0.43314543 0.54232866
vt 0.42570049 0.54868513
vt 0.43572620 0.54919678
vt 0.42793566 0.56018990
vt 0.42898241 0.56430566
vt 0.44073936 0.55537128
vt 0.45056945 0.56333679
vt 0.44976881 0.55090493
vt 0.45911220 0.56194025
vt 0.09332774 0.90139580
vt 0.16845384 0.90149033
vt 0.12656662 0.90797621
vt 0.13444717 0.91935164
vt 0.16726667 0.93509859
vt 0.14175139 0.93511468
vt 0.19664316 0.90151453
vt 0.17702956 0.91943020
vt 0.19411035 0.92119259
vt 0.21096192 0.89987880
vt 0.21093409 0.91399348
vt 0.20738767 0.93512672
vt 0.19423676 0.93485415
vt 0.09534638 0.91933453
vt 0.11172310 0.93515354
vt 0.09147329 0.93495393
vt 0.08225426 0.92897999
vt 0.08470601 0.90678442
vt 0.07512054 0.90012968
vt 0.07441957 0.90991992
vt 0.07429861 0.92040956
vt 0.07424101 0.93522835
vt 0.08428361 0.93517286
vt 0.21241985 0.93512118
vt 0.18260510 0.89981067
vt 0.09317147 0.90003133
vt 0.12785234 0.89980960
vt 0.21219228 0.91642290
vt 0.18138571 0.93522835
vt 0.21187352 0.89967006
vt 0.15446274 0.89668775
vt 0.11998489 0.89696294
vt 0.21163017 0.89785051
vt 0.09211870 0.89587301
vt 0.08165938 0.89652008
vt 0.19221276 0.89579743
vt 0.12341682 0.89396435
vt 0.20140946 0.89099759
vt 0.17688930 0.89356637
vt 0.08221401 0.89155388
vt 0.08982930 0.89087480
vt 0.10937420 0.89074588
vt 0.12909167 0.89057159
vt 0.16091056 0.89066327
vt 0.18070143 0.89103901
vt 0.21202929 0.89095718
vt 0.07574964 0.89036608
vt 0.07528378 0.89976609
vt 0.07373930 0.88863003
vt 0.07663132 0.88884187
vt 0.08231054 0.88924748
vt 0.21076399 0.88925928
vt 0.21265462 0.89336449
vt 0.73069572 0.64594889
vt 0.72685474 0.66631800
vt 0.69258988 0.65424675
vt 0.70372969 0.63935691
vt 0.72990894 0.62923455
vt 0.70951843 0.62967432
vt 0.74825138 0.63536209
vt 0.75459832 0.65151894
vt 0.75412714 0.66723865
vt 0.74941498 0.67701411
vt 0.73986340 0.68558282
vt 0.73351091 0.68816006
vt 0.69813091 0.67742485
vt 0.70361573 0.68291479
vt 0.69281536 0.66528535
vt 0.71006906 0.68706214
vt 0.69402367 0.64158386
vt 0.75383830 0.64181554
vt 0.74179423 0.63083500
vt 0.70479006 0.63040787
vt 0.69081551 0.65458089
vt 0.69441634 0.67203546
vt 0.72008580 0.69053012
vt 0.73243093 0.62760907
vt 0.74451166 0.68310732
vt 0.75661922 0.64749521
vt 0.75714266 0.65624905
vt 0.75654703 0.66352570
vt 0.71343935 0.62745649
vt 0.70050079 0.63277698
vt 0.75362295 0.67163348
vt 0.69089860 0.64725459
vt 0.73168355 0.68994582
vt 0.70120257 0.68288291
vt 0.72329706 0.62521631
vt 0.69352180 0.63951159
vt 0.73831326 0.68838406
vt 0.71338993 0.69045144
vt 0.74954873 0.67946541
vt 0.68839198 0.65614814
vt 0.68905836 0.66365457
vt 0.69468629 0.67706364
vt 0.69759411 0.68153292
vt 0.70971149 0.68980807
vt 0.69275123 0.67311186
vt 0.74333411 0.68626243
vt 0.75146079 0.63513660
vt 0.74123430 0.62760544
vt 0.74768126 0.63179606
vt 0.74358696 0.62924725
vt 0.69702208 0.63340205
vt 0.70682698 0.62730527
vt 0.75975263 0.65765494
vt 0.75963777 0.65119553
vt 0.69087803 0.64215964
vt 0.75238580 0.67794180
vt 0.75493109 0.67311126
vt 0.75737786 0.64355201
vt 0.72422123 0.69272733
vt 0.75460714 0.63827300
vt 0.68864167 0.64878255
vt 0.73319161 0.62507921
vt 0.71398830 0.62502986
vt 0.70532268 0.68859535
vt 0.70167166 0.68601298
vt 0.75907588 0.66227818
vt 0.75756013 0.66907316
vt 0.73618227 0.69062185
vt 0.71764171 0.69291705
vt 0.74860871 0.68316734
vt 0.72068912 0.62395155
vt 0.70270067 0.62881500
vt 0.69025677 0.66991752
vt 0.72911519 0.69291705
vt 0.69250125 0.63781011
vt 0.73422915 0.99126714
vt 0.70718485 0.95314360
vt 0.73214287 0.95008737
vt 0.74386638 0.98126554
vt 0.74291325 0.96009141
vt 0.70934051 0.95138824
vt 0.72133321 0.94753748
vt 0.69679415 0.97255272
vt 0.69883025 0.96362770
vt 0.71061772 0.99243087
vt 0.70355636 0.98757786
vt 0.72302157 0.99468648
vt 0.74608874 0.97039348
vt 0.74008954 0.98698729
vt 0.70124358 0.95926344
vt 0.69884086 0.98111367
vt 0.71284938 0.99420261
vt 0.73235071 0.99328202
vt 0.73727584 0.95229483
vt 0.74597460 0.97761995
vt 0.74219787 0.95825344
vt 0.74535930 0.96357948
vt 0.71308070 0.94883615
vt 0.72240859 0.99618554
vt 0.72992963 0.99534267
vt 0.69779563 0.97963881
vt 0.69712371 0.96683985
vt 0.73083729 0.94765764
vt 0.70380002 0.95362878
vt 0.70264471 0.98849684
vt 0.70731831 0.99371630
vt 0.72096121 0.94592863
vt 0.71551591 0.94639152
vt 0.69838631 0.95962024
vt 0.74804366 0.97020394
vt 0.74085778 0.98790199
vt 0.71545893 0.99576497
vt 0.69379377 0.95983660
vt 0.70722032 0.94295782
vt 0.69849807 0.94757068
vt 0.69722879 0.94969523
vt 0.75157440 0.95479727
vt 0.74154735 0.94772178
vt 0.74680752 0.95121819
vt 0.73320305 0.94219428
vt 0.75295228 0.98175591
vt 0.70427662 0.93709224
vt 0.69524527 0.94349045
vt 0.74671441 0.94161916
vt 0.75332987 0.94918436
vt 0.74498206 0.99122232
vt 0.75040078 0.98897135
vt 0.74187028 0.99767005
vt 0.75880116 0.98408079
vt 0.69470358 0.98469436
vt 0.68553758 0.98686463
vt 0.69961947 0.99168819
vt 0.68817943 0.99057907
vt 0.75119114 0.99611467
vt 0.75464338 0.99125016
vt 0.69300973 0.99767005
vt 0.86257088 0.16038358
vt 0.86251187 0.17803031
vt 0.86341476 0.17642862
vt 0.86345500 0.20213336
vt 0.86346990 0.15971625
vt 0.86264634 0.14102441
vt 0.86272353 0.20757616
vt 0.86600918 0.21284473
vt 0.86979049 0.17537379
vt 0.87049747 0.20713264
vt 0.87057847 0.15852338
vt 0.86983913 0.14137757
vt 0.87113398 0.16140532
vt 0.86272115 0.12623847
vt 0.86971062 0.12514007
vt 0.87012291 0.22654051
vt 0.86739302 0.22931015
vt 0.86279988 0.10921127
vt 0.87029380 0.09766304
vt 0.86274511 0.09947479
vt 0.86363816 0.07497132
vt 0.87033558 0.08050299
vt 0.87037838 0.05759037
vt 0.86923885 0.05208731
vt 0.87060702 0.03870916
vt 0.86380959 0.04636931
vt 0.87046963 0.25109434
vt 0.86285418 0.26750356
vt 0.87101489 0.26464939
vt 0.86285436 0.25274229
vt 0.86287099 0.22018945
vt 0.86363727 0.28084171
vt 0.86313456 0.31008303
vt 0.87053984 0.32003736
vt 0.87060159 0.29449308
vt 0.87057072 0.28196156
vt 0.86402059 0.32271886
vt 0.87124044 0.33386171
vt 0.86337608 0.33438504
vt 0.86440784 0.33733380
vt 0.86278456 0.23564255
vt 0.87106127 0.23900026
vt 0.87102026 0.33778226
vt 0.86381149 0.03310913
vt 0.87129593 0.02767968
vt 0.87135631 0.19762230
vt 0.86319858 0.03652412
vt 0.86384535 0.02883255
vt 0.87113363 0.21555942
vt 0.86412162 0.34237623
vt 0.86503392 0.34130764
vt 0.87234586 0.33614880
vt 0.86500335 0.02413756
vt 0.86282170 0.08397537
vt 0.87212938 0.02871978
vt 0.86436015 0.02366316
vt 0.87182719 0.02688015
vt 0.86555529 0.01877713
vt 0.86627179 0.01521969
vt 0.86960649 0.34172308
vt 0.86535615 0.34411705
vt 0.87109661 0.02031344
vt 0.86828345 0.01173776
vt 0.86701572 0.00999236
vt 0.87181228 0.31718242
vt 0.87077379 0.12076700
vt 0.87117547 0.01182753
vt 0.86747354 0.00823820
vt 0.88221782 0.31557381
vt 0.87809068 0.27476281
vt 0.87624317 0.33070797
vt 0.88446379 0.33009255
vt 0.88982409 0.32867062
vt 0.88341683 0.33717906
vt 0.87664193 0.33704454
vt 0.88940549 0.33806521
vt 0.88977468 0.30714709
vt 0.88967443 0.28125632
vt 0.88519675 0.25891364
vt 0.88972449 0.26296943
vt 0.88492501 0.24253726
vt 0.88958663 0.22513390
vt 0.88436824 0.22077966
vt 0.88950050 0.19102895
vt 0.88488966 0.19918078
vt 0.87195593 0.07864255
vt 0.88265228 0.09683114
vt 0.88944161 0.16603017
vt 0.88362634 0.16104054
vt 0.88961065 0.14225167
vt 0.88473362 0.13708138
vt 0.88960552 0.10725808
vt 0.88431591 0.12143874
vt 0.88930774 0.07889712
vt 0.88137978 0.05185533
vt 0.87998188 0.03315735
vt 0.87365651 0.14514637
vt 0.88930440 0.02789730
vt 0.88684785 0.02543789
vt 0.88099611 0.02559978
vt 0.89010465 0.02435583
vt 0.88941449 0.06335253
vt 0.88937038 0.04708529
vt 0.88012308 0.20123744
vt 0.87965065 0.16035032
vt 0.87668991 0.18131936
vt 0.87785655 0.26462245
vt 0.87737525 0.21966344
vt 0.87404132 0.21105021
vt 0.88592321 0.02463913
vt 0.87364382 0.01954287
vt 0.87868506 0.01874906
vt 0.87059253 0.00605780
vt 0.88429683 0.02135140
vt 0.87660116 0.01015377
vt 0.86594582 0.34815800
vt 0.87006903 0.34684300
vt 0.87868482 0.34768295
vt 0.88353670 0.34081876
vt 0.87120849 0.35230500
vt 0.88082987 0.36013204
vt 0.88507479 0.34816086
vt 0.87336254 0.35890263
vt 0.87919730 0.36486483
vt 0.86662424 0.34975374
vt 0.86721122 0.35363322
vt 0.86794007 0.35744381
vt 0.88348341 0.35390222
vt 0.88595426 0.33889389
vt 0.88711196 0.34611797
vt 0.88752258 0.34155357
vt 0.89010465 0.33885944
vt 0.51499832 0.77933145
vt 0.51190817 0.77352351
vt 0.53727245 0.77378798
vt 0.52296978 0.77282876
vt 0.49478966 0.77659887
vt 0.54016215 0.77804029
vt 0.57025254 0.77823108
vt 0.59288096 0.77285361
vt 0.49661607 0.78384471
vt 0.53152096 0.78401721
vt 0.56908494 0.78393579
vt 0.59431714 0.77718812
vt 0.59844768 0.78387243
vt 0.61765200 0.77728420
vt 0.63349181 0.78379512
vt 0.47533089 0.78423131
vt 0.45127106 0.77922386
vt 0.46779630 0.77715927
vt 0.63806534 0.77867925
vt 0.65001756 0.77322376
vt 0.65108865 0.77760118
vt 0.62038755 0.77359879
vt 0.65696770 0.78563952
vt 0.65917480 0.77891284
vt 0.65960538 0.77227479
vt 0.44243118 0.78377229
vt 0.40857995 0.77893424
vt 0.40072581 0.78394526
vt 0.37905565 0.78066087
vt 0.40604234 0.77388835
vt 0.46020079 0.77329648
vt 0.49103561 0.77307457
vt 0.34445071 0.78156608
vt 0.33463699 0.77442694
vt 0.36632121 0.77421874
vt 0.38547179 0.77419299
vt 0.35005304 0.78406966
vt 0.32640803 0.78284568
vt 0.37696433 0.78406447
vt 0.32535693 0.78141493
vt 0.60360330 0.77277970
vt 0.65904748 0.78515065
vt 0.32474995 0.77449131
vt 0.61601049 0.77230901
vt 0.64195997 0.77213418
vt 0.62966770 0.78543103
vt 0.56874549 0.77258950
vt 0.59252769 0.77246976
vt 0.59889764 0.78553545
vt 0.57415736 0.78602290
vt 0.53148967 0.78644085
vt 0.33110750 0.79353392
vt 0.49603713 0.79058719
vt 0.51630098 0.79062331
vt 0.46956995 0.79082727
vt 0.44106448 0.79113418
vt 0.40618277 0.79263675
vt 0.37718758 0.79313743
vt 0.35220435 0.79324144
vt 0.32473877 0.79352611
vt 0.53318858 0.79056239
vt 0.32465613 0.78409564
vt 0.57819355 0.79167074
vt 0.46315771 0.79239953
vt 0.43635786 0.79276234
vt 0.51350820 0.79209298
vt 0.54014719 0.79243124
vt 0.59435838 0.78950775
vt 0.61987269 0.78935170
vt 0.58480197 0.79261941
vt 0.63194394 0.79170072
vt 0.64779490 0.78934121
vt 0.65956485 0.79104704
vt 0.64363283 0.79273570
vt 0.31880474 0.77531147
vt 0.66302425 0.77284604
vt 0.32056835 0.79440361
vt 0.32194385 0.78361225
vt 0.66623098 0.77402949
vt 0.31462845 0.78949046
vt 0.31156486 0.77834707
vt 0.31403705 0.77547461
vt 0.66137356 0.78459668
vt 0.66911536 0.77371883
vt 0.66353995 0.79100972
vt 0.44169244 0.77344930
vt 0.30940434 0.77553153
vt 0.31321603 0.79450142
vt 0.66600513 0.78691578
vt 0.67096668 0.78342611
vt 0.67094117 0.79060644
vt 0.66527927 0.79450142
vt 0.30609921 0.78379184
vt 0.67412305 0.77400559
vt 0.30429670 0.77550691
vt 0.30858794 0.79241049
vt 0.68458611 0.78296286
vt 0.67887771 0.77436733
vt 0.67849493 0.78660583
vt 0.30019030 0.77589417
vt 0.68682665 0.14753586
vt 0.67719531 0.12480009
vt 0.67737180 0.14972401
vt 0.67761457 0.16351628
vt 0.68636692 0.05824792
vt 0.67740911 0.05887735
vt 0.67712545 0.06866407
vt 0.68656939 0.09270859
vt 0.67697430 0.09547091
vt 0.68705356 0.17716867
vt 0.68744051 0.19431502
vt 0.67799830 0.18891692
vt 0.67830616 0.19382501
vt 0.68744051 0.06602407
vt 0.90448689 0.33831334
vt 0.95604223 0.33730811
vt 0.93248576 0.34180129
vt 0.95928085 0.34317231
vt 0.90009493 0.34391189
vt 0.93583387 0.34851098
vt 0.90768844 0.34941876
vt 0.89796644 0.34929001
vt 0.95999718 0.34917957
vt 0.89798075 0.33655030
vt 0.89794421 0.34524739
vt 0.96564603 0.34853464
vt 0.96569216 0.33931977
vt 0.96576059 0.33649772
vt 0.94609630 0.33620250
vt 0.92197621 0.34991312
vt 0.95636994 0.33262986
vt 0.96584648 0.33376968
vt 0.92237872 0.33179867
vt 0.94039810 0.33162987
vt 0.89794403 0.33211434
vt 0.91309136 0.32666349
vt 0.89799577 0.32908195
vt 0.95455396 0.32741201
vt 0.96348834 0.32318759
vt 0.92849129 0.32180655
vt 0.91023672 0.32177889
vt 0.89799488 0.32245314
vt 0.95320702 0.32198656
vt 0.96715432 0.32236534
vt 0.96259290 0.32144475
vt 0.89807457 0.31775236
vt 0.90842146 0.31330705
vt 0.93035036 0.31367052
vt 0.95531332 0.31413889
vt 0.96022147 0.31172365
vt 0.96763593 0.31115109
vt 0.91057187 0.31075442
vt 0.89812040 0.31136274
vt 0.91003376 0.30894685
vt 0.95996970 0.30989170
vt 0.97260219 0.32625800
vt 0.97240442 0.32382476
vt 0.97457606 0.33649850
vt 0.89787149 0.35498321
vt 0.90718848 0.36197102
vt 0.89796668 0.36174363
vt 0.93530411 0.36171913
vt 0.95861536 0.35408503
vt 0.96484298 0.35583586
vt 0.95848483 0.36133099
vt 0.96709943 0.36080873
vt 0.97929448 0.34272146
vt 0.97869366 0.33430588
vt 0.97979414 0.34858507
vt 0.96874952 0.34891397
vt 0.98049474 0.35600197
vt 0.89957595 0.36651266
vt 0.89771646 0.36643010
vt 0.92174798 0.36695814
vt 0.94342953 0.36711109
vt 0.96079952 0.36620450
vt 0.94140959 0.37409270
vt 0.91724759 0.37404323
vt 0.89790028 0.37418449
vt 0.96121883 0.37413967
vt 0.96742499 0.36550188
vt 0.96752572 0.37418449
vt 0.95742434 0.53443527
vt 0.96624047 0.52298838
vt 0.98040706 0.53075701
vt 0.98974818 0.52314544
vt 0.99732864 0.53288537
vt 0.99825710 0.52320129
vt 0.93541777 0.53453022
vt 0.93667680 0.52273321
vt 0.94890153 0.52297974
vt 0.99618226 0.53553885
vt 0.93052423 0.52255160
vt 0.92950779 0.53417736
vt 0.98687112 0.53599370
vt 0.95671040 0.53584772
vt 0.99819726 0.53775859
vt 0.99648005 0.51434231
vt 0.93602455 0.51562726
vt 0.95368218 0.51666731
vt 0.97358048 0.51601148
vt 0.98809052 0.51459026
vt 0.93022013 0.51535529
vt 0.99857277 0.51464051
vt 0.95683515 0.51134259
vt 0.97717750 0.51040530
vt 0.98823899 0.51032376
vt 0.93244982 0.51047736
vt 0.99850869 0.51063478
vt 0.92985827 0.50818384
vt 0.93489385 0.50780535
vt 0.94610035 0.50924289
vt 0.99850959 0.50739098
vt 0.95138079 0.50504005
vt 0.98931831 0.50506234
vt 0.93667889 0.50469327
vt 0.99837404 0.53350192
vt 0.97949600 0.50250494
vt 0.99854296 0.50353479
vt 0.92947805 0.50417203
vt 0.99131513 0.49716270
vt 0.95456451 0.49607724
vt 0.93696755 0.49392688
vt 0.93219995 0.49393737
vt 0.99842793 0.49377728
vt 0.92919236 0.49404591
vt 0.97016788 0.49362230
vt 0.98668492 0.49347627
vt 0.99448466 0.49375260
vt 0.92708910 0.51341820
vt 0.92505842 0.50868493
vt 0.99819368 0.54252344
vt 0.97102493 0.54118729
vt 0.93619466 0.54001212
vt 0.94834089 0.54272962
vt 0.92931914 0.54248494
vt 0.96421421 0.54746127
vt 0.97783303 0.54760659
vt 0.99679899 0.54734290
vt 0.99817997 0.54846227
vt 0.93741977 0.54626739
vt 0.92904007 0.54846227
vt 0.91803437 0.52233726
vt 0.92334187 0.52271795
vt 0.91636461 0.51535696
vt 0.92329228 0.53296471
vt 0.91579449 0.52985424
vt 0.92445046 0.54249060
vt 0.78221858 0.94872040
vt 0.78692663 0.94504875
vt 0.78406000 0.97080129
vt 0.78476542 0.92939740
vt 0.79186618 0.92744797
vt 0.79273725 0.96161908
vt 0.79251397 0.94477493
vt 0.79309928 0.97854656
vt 0.79292625 0.98906738
vt 0.78394336 0.98909706
vt 0.78686380 0.92307675
vt 0.79141456 0.92311925
vt 0.78084213 0.92841065
vt 0.78212714 0.98722029
vt 0.78109235 0.98924607
vt 0.78057754 0.92301446
vt 0.79073530 0.98928237
vt 0.77374279 0.98339832
vt 0.77397978 0.98923415
vt 0.77412003 0.94902080
vt 0.77528965 0.92848170
vt 0.77515215 0.92245072
vt 0.79691845 0.98654920
vt 0.79924703 0.98920625
vt 0.79793864 0.94762307
vt 0.79619461 0.92884600
vt 0.79618675 0.92274636
vt 0.80349344 0.96184969
vt 0.80350333 0.98913014
vt 0.80311400 0.94556051
vt 0.80288380 0.92739630
vt 0.80271751 0.92222703
vt 0.80767596 0.98905772
vt 0.80619711 0.94669205
vt 0.80784088 0.97243690
vt 0.81211448 0.98910469
vt 0.80789590 0.92475426
vt 0.81298828 0.96953887
vt 0.81168264 0.94504029
vt 0.81128132 0.92089093
vt 0.81288862 0.92561644
vt 0.81400716 0.94683719
vt 0.81513363 0.98893327
vt 0.81512320 0.97558343
vt 0.81995237 0.92737323
vt 0.81884384 0.91964716
vt 0.82336819 0.98507214
vt 0.82377493 0.95454329
vt 0.82429487 0.96818924
vt 0.82432860 0.98863345
vt 0.80180389 0.91697824
vt 0.82540441 0.98718822
vt 0.82260787 0.92771786
vt 0.79159158 0.91041976
vt 0.79927903 0.91003865
vt 0.81008768 0.91587305
vt 0.80231911 0.90820128
vt 0.78444892 0.91056025
vt 0.78071475 0.91840112
vt 0.77137178 0.92875999
vt 0.77137721 0.94593823
vt 0.77113044 0.98013085
vt 0.76527989 0.92084599
vt 0.76825553 0.98919833
vt 0.76396459 0.92702055
vt 0.76239675 0.94633943
vt 0.76361370 0.97981369
vt 0.78126901 0.90935993
vt 0.76165557 0.98910469
vt 0.76180243 0.97005534
vt 0.77565706 0.91072077
vt 0.81652272 0.91161150
vt 0.76781547 0.91231436
vt 0.49974686 0.42394638
vt 0.49088073 0.43920183
vt 0.49151856 0.41059154
vt 0.49879324 0.41243076
vt 0.49979854 0.43949580
vt 0.47914237 0.41798556
vt 0.47525507 0.43430841
vt 0.47160724 0.42940235
vt 0.47145575 0.41452241
vt 0.47160104 0.41053122
vt 0.47159323 0.43693686
vt 0.47456360 0.43779516
vt 0.50141448 0.41792989
vt 0.50192654 0.43962777
vt 0.48984808 0.44019806
vt 0.50135356 0.44035411
vt 0.47303119 0.43944770
vt 0.47163320 0.44035411
vt 0.47502372 0.44025916
vt 0.50297081 0.42106879
vt 0.50380588 0.43959939
vt 0.49911344 0.41102761
vt 0.50323308 0.41676146
vt 0.34605008 0.96969587
vt 0.35903743 0.97393507
vt 0.38120642 0.96947652
vt 0.39455661 0.97641367
vt 0.39876631 0.96966320
vt 0.39914367 0.98013234
vt 0.33707136 0.97665805
vt 0.35685027 0.98155987
vt 0.39759329 0.98136830
vt 0.33775494 0.98187876
vt 0.33465537 0.96986443
vt 0.33069506 0.98129594
vt 0.33073246 0.97517204
vt 0.33051383 0.97001815
vt 0.39872199 0.98299241
vt 0.39133516 0.96558195
vt 0.39890006 0.96932328
vt 0.36543307 0.96451145
vt 0.39890957 0.96466523
vt 0.33722898 0.95797616
vt 0.33236808 0.95842201
vt 0.32919782 0.95881236
vt 0.38715395 0.95709270
vt 0.37054670 0.95720178
vt 0.39497036 0.95674115
vt 0.39890578 0.95666355
vt 0.33046496 0.98572928
vt 0.37265030 0.98937601
vt 0.33790782 0.98518920
vt 0.39897683 0.98676419
vt 0.33825073 0.99018568
vt 0.39068785 0.99053562
vt 0.33698541 0.99498773
vt 0.38713872 0.99534470
vt 0.39890578 0.99254054
vt 0.32920039 0.99497759
vt 0.39898998 0.99767005
vt 0.31791028 0.98075318
vt 0.32318780 0.97033453
vt 0.32126889 0.96059221
vt 0.31731683 0.97105944
vt 0.31768477 0.98611677
vt 0.32251194 0.99346066
vt 0.62509602 0.96102899
vt 0.63867158 0.97415990
vt 0.63257599 0.98487407
vt 0.63863230 0.95960736
vt 0.62456095 0.98239410
vt 0.63867015 0.99003595
vt 0.63081360 0.98996645
vt 0.62428027 0.99006110
vt 0.62500566 0.95950359
vt 0.61716241 0.99012107
vt 0.61580145 0.97754598
vt 0.61504126 0.95968300
vt 0.61148608 0.99021435
vt 0.60978109 0.95973092
vt 0.60851431 0.99014407
vt 0.60751665 0.98071480
vt 0.65116769 0.98842812
vt 0.65192270 0.99017262
vt 0.65287501 0.96969801
vt 0.64549142 0.95954549
vt 0.65352428 0.95972842
vt 0.65246588 0.98905838
vt 0.63057810 0.95860928
vt 0.63871133 0.95855772
vt 0.65272737 0.95859689
vt 0.61482137 0.95891488
vt 0.62444341 0.95865607
vt 0.66136944 0.97788912
vt 0.66075647 0.99014938
vt 0.66196322 0.95955682
vt 0.66938096 0.95933318
vt 0.67030722 0.98479670
vt 0.67000610 0.99015999
vt 0.66188622 0.95852751
vt 0.67151737 0.98316646
vt 0.67316842 0.99014407
vt 0.64254403 0.56474906
vt 0.62386501 0.56107652
vt 0.61833960 0.56584656
vt 0.64474994 0.55794692
vt 0.64217007 0.55528939
vt 0.62585950 0.55561596
vt 0.61238533 0.55822635
vt 0.61231643 0.56264329
vt 0.61254036 0.55455029
vt 0.63435572 0.56670296
vt 0.64480346 0.56280476
vt 0.61227405 0.56907487
vt 0.64205480 0.55290854
vt 0.62433302 0.55353755
vt 0.64512980 0.55267912
vt 0.64303786 0.56844109
vt 0.62648642 0.56845963
vt 0.61386043 0.56828195
vt 0.64489120 0.56806320
vt 0.61227584 0.57675201
vt 0.61404675 0.57703745
vt 0.64291245 0.57841206
vt 0.62784994 0.57865047
vt 0.64491665 0.57860267
vt 0.61382908 0.57867336
vt 0.61388952 0.58773327
vt 0.64311230 0.58910507
vt 0.64499539 0.58880860
vt 0.61265725 0.58583391
vt 0.62906885 0.59204781
vt 0.61259097 0.59364176
vt 0.64438426 0.59182829
vt 0.64428681 0.59635341
vt 0.62794942 0.59602237
vt 0.61269772 0.59881294
vt 0.62631714 0.60094792
vt 0.61279738 0.60305625
vt 0.64417064 0.60400832
vt 0.63533986 0.60415453
vt 0.64551610 0.59776556
vt 0.61950117 0.60512227
vt 0.64557564 0.60449898
vt 0.64481008 0.60823977
vt 0.62017906 0.61303425
vt 0.61293691 0.61147469
vt 0.64492154 0.61463189
vt 0.64427543 0.54545683
vt 0.62927997 0.54806799
vt 0.63163561 0.54213428
vt 0.61903721 0.54313636
vt 0.61256313 0.55140775
vt 0.61260426 0.54285085
vt 0.64462584 0.54100651
vt 0.64557564 0.54320365
vt 0.03480591 0.87832004
vt 0.02186420 0.88531226
vt 0.04183910 0.88711381
vt 0.04421170 0.87789911
vt 0.01947395 0.87771553
vt 0.02699139 0.87595677
vt 0.05137772 0.88583785
vt 0.05134982 0.87828648
vt 0.02290169 0.88768798
vt 0.01896454 0.88510841
vt 0.01929997 0.87359226
vt 0.01924714 0.88870227
vt 0.05143692 0.89100200
vt 0.02216106 0.89315921
vt 0.03775449 0.89120680
vt 0.04357949 0.89719927
vt 0.02023352 0.89555484
vt 0.05146467 0.89765203
vt 0.02030608 0.89845330
vt 0.02798962 0.89956069
vt 0.01913746 0.89853245
vt 0.05130376 0.87369484
vt 0.04373939 0.87218273
vt 0.02007834 0.86904597
vt 0.05119119 0.86684453
vt 0.04064424 0.86503106
vt 0.02002487 0.86419195
vt 0.05135196 0.86400098
vt 0.01863563 0.86486912
vt 0.02970676 0.85723072
vt 0.05137710 0.85397846
vt 0.01990375 0.85029757
vt 0.03336633 0.85018879
vt 0.05145164 0.85030472
vt 0.01872347 0.85029680
vt 0.01855376 0.85953194
vt 0.04401093 0.84323919
vt 0.02736314 0.84229076
vt 0.05152970 0.84090859
vt 0.01976250 0.84068066
vt 0.04462985 0.83528072
vt 0.02272301 0.83512723
vt 0.05147900 0.83718520
vt 0.01955170 0.83541167
vt 0.01878136 0.83758324
vt 0.05163144 0.83295232
vt 0.04857039 0.83018339
vt 0.03768924 0.82764935
vt 0.01986118 0.82621074
vt 0.05169586 0.82531583
vt 0.05185537 0.82004946
vt 0.04541796 0.81966448
vt 0.03279125 0.82060617
vt 0.01977943 0.82166666
vt 0.01897207 0.82658505
vt 0.02144822 0.90591174
vt 0.03522138 0.90606606
vt 0.05160704 0.90799761
vt 0.04070066 0.90835589
vt 0.04548824 0.90850919
vt 0.03501658 0.91258490
vt 0.03067338 0.90809834
vt 0.02230147 0.90978885
vt 0.02843540 0.91918862
vt 0.04423932 0.91498989
vt 0.02200888 0.91870081
vt 0.02416623 0.93465292
vt 0.04842353 0.91133064
vt 0.03720673 0.92980295
vt 0.02639698 0.93709224
vt 0.04858160 0.93671924
vt 0.05176498 0.92649817
vt 0.05045220 0.90894395
vt 0.05185537 0.93631756
vt 0.05156716 0.92006177
vt 0.02429352 0.93707788
vt 0.02207448 0.93072379
vt 0.05154360 0.91209614
vt 0.01996009 0.90974742
vt 0.02148723 0.90839148
vt 0.01868689 0.90875280
vt 0.63399863 0.44044125
vt 0.63220602 0.42648363
vt 0.63415796 0.42337465
vt 0.63250375 0.44894755
vt 0.63391018 0.38874054
vt 0.63174367 0.38816404
vt 0.63415796 0.45060575
vt 0.63077343 0.44511938
vt 0.63035202 0.42772067
vt 0.63038206 0.39518327
vt 0.83203346 0.93693203
vt 0.86248767 0.93276620
vt 0.83091903 0.93142080
vt 0.85337853 0.93955642
vt 0.85906297 0.92687571
vt 0.84405553 0.92767084
vt 0.86250871 0.93694901
vt 0.83235884 0.92761195
vt 0.83024621 0.93994015
vt 0.86240941 0.92706507
vt 0.86251187 0.94110775
vt 0.85521472 0.94195569
vt 0.82921624 0.92711580
vt 0.83383352 0.94389182
vt 0.86249006 0.94664234
vt 0.83039391 0.94990015
vt 0.85254830 0.95335758
vt 0.86240941 0.95421219
vt 0.83063549 0.95573157
vt 0.82921028 0.93344229
vt 0.82921189 0.94115144
vt 0.83035016 0.92590868
vt 0.82948029 0.95011395
vt 0.49560621 0.80555201
vt 0.49386314 0.81888723
vt 0.49000075 0.80320245
vt 0.48824918 0.81867528
vt 0.48719835 0.81323361
vt 0.49149707 0.80209714
vt 0.49882257 0.80550861
vt 0.49707538 0.81858164
vt 0.49855310 0.80173969
vt 0.49590281 0.82213569
vt 0.50418967 0.81150895
vt 0.50426596 0.81927913
vt 0.50460875 0.80492026
vt 0.50330293 0.80167842
vt 0.50436193 0.82216167
vt 0.48942640 0.82223946
vt 0.48337570 0.80309993
vt 0.51012582 0.80566108
vt 0.51112342 0.81849074
vt 0.50991458 0.80181199
vt 0.51323497 0.82208449
vt 0.51484120 0.80303723
vt 0.51415074 0.81047863
vt 0.51530063 0.81968397
vt 0.51833349 0.81194103
vt 0.51938146 0.80286008
vt 0.48502892 0.82227230
vt 0.48365393 0.81862587
vt 0.47940809 0.81143469
vt 0.48665598 0.80134147
vt 0.47861898 0.80302060
vt 0.48113689 0.80169725
vt 0.47845644 0.81840211
vt 0.48017555 0.82246041
vt 0.47535017 0.82245255
vt 0.47465312 0.80232555
vt 0.47335872 0.81770080
vt 0.51801753 0.80146283
vt 0.51934254 0.82183486
vt 0.52146775 0.81368738
vt 0.52268028 0.80287075
vt 0.52015781 0.82243896
vt 0.52499616 0.82037723
vt 0.52374655 0.82245255
vt 0.52406693 0.80156392
vt 0.52688295 0.81313330
vt 0.52600479 0.80293101
vt 0.52854425 0.80102515
vt 0.14306486 0.94547552
vt 0.14711343 0.95635867
vt 0.14161323 0.96189189
vt 0.14776802 0.94556028
vt 0.15039359 0.96182632
vt 0.15177570 0.95612645
vt 0.15246072 0.94754428
vt 0.14450341 0.94325376
vt 0.15181409 0.94379795
vt 0.15657987 0.95651978
vt 0.15774286 0.94521856
vt 0.16003779 0.96168631
vt 0.15543605 0.94272852
vt 0.15938117 0.94367731
vt 0.16295399 0.94571203
vt 0.16482574 0.96118504
vt 0.16320100 0.96290141
vt 0.15572824 0.96288198
vt 0.14918794 0.96272433
vt 0.16419144 0.94348758
vt 0.14107208 0.96284318
vt 0.13707694 0.95674169
vt 0.13800855 0.94518429
vt 0.13784550 0.94284570
vt 0.13846251 0.96284217
vt 0.16753662 0.94546133
vt 0.13301986 0.94557238
vt 0.13401172 0.94288647
vt 0.13322216 0.96284056
vt 0.13126163 0.95723385
vt 0.13084333 0.94274718
vt 0.12818946 0.95211130
vt 0.12688087 0.94366390
vt 0.12666965 0.96282840
vt 0.12458200 0.94559777
vt 0.12198181 0.95669359
vt 0.12120849 0.94357944
vt 0.11855697 0.94971150
vt 0.12165795 0.96281803
vt 0.12742598 0.94241226
vt 0.12255668 0.94240874
vt 0.14425744 0.94217181
vt 0.11558906 0.94609725
vt 0.11641362 0.95853907
vt 0.11592300 0.96297812
vt 0.11608154 0.94309771
vt 0.15078826 0.94082016
vt 0.11171563 0.94909161
vt 0.11116288 0.94436783
vt 0.11249220 0.95877892
vt 0.10989534 0.96318734
vt 0.17042343 0.96302950
vt 0.17201698 0.94373661
vt 0.17236485 0.95536822
vt 0.17267473 0.94579160
vt 0.16584422 0.94233537
vt 0.17609426 0.96318734
vt 0.17840153 0.94400769
vt 0.17806071 0.95714140
vt 0.33888295 0.80193406
vt 0.32064709 0.79999089
vt 0.35387400 0.80005050
vt 0.31251886 0.80194151
vt 0.37097323 0.80222875
vt 0.37819147 0.79995275
vt 0.38780949 0.80363876
vt 0.39718130 0.80021703
vt 0.40294486 0.80096740
vt 0.36906418 0.80363292
vt 0.33324650 0.80359995
vt 0.40360865 0.80382109
vt 0.40586549 0.80145150
vt 0.40675548 0.80381924
vt 0.29547292 0.79974258
vt 0.29835984 0.80198407
vt 0.30676135 0.80362159
vt 0.27682063 0.80333477
vt 0.26494959 0.80191362
vt 0.26543197 0.79982597
vt 0.26263314 0.80354536
vt 0.26321918 0.80079317
vt 0.26267475 0.80213189
vt 0.26981780 0.80381924
vt 0.29427016 0.80373049
vt 0.26117983 0.80351782
vt 0.36951393 0.79853773
vt 0.34928027 0.79867041
vt 0.31660819 0.79857421
vt 0.29628697 0.79824740
vt 0.27502516 0.79822928
vt 0.38954327 0.79860753
vt 0.26412630 0.79845685
vt 0.76385629 0.39261985
vt 0.76338857 0.39870846
vt 0.76888776 0.40189213
vt 0.77272701 0.39855367
vt 0.77365166 0.40997124
vt 0.76993060 0.40664601
vt 0.75908148 0.40194249
vt 0.75138843 0.39547813
vt 0.75398356 0.38750911
vt 0.74516433 0.39535618
vt 0.74692065 0.38385224
vt 0.74483109 0.38840252
vt 0.74809045 0.39810824
vt 0.74115223 0.40336621
vt 0.74439585 0.40665227
vt 0.75162780 0.41189635
vt 0.75747746 0.41180623
vt 0.76547247 0.41092503
vt 0.74208844 0.39585447
vt 0.75726289 0.41658950
vt 0.74216056 0.38639092
vt 0.74401826 0.38158858
vt 0.74034095 0.39259982
vt 0.73819458 0.39733356
vt 0.73751253 0.39976025
vt 0.76844364 0.41646957
vt 0.77770728 0.40283012
vt 0.77777314 0.41500902
vt 0.76305342 0.42253196
vt 0.78210253 0.40712059
vt 0.77010632 0.41988564
vt 0.77991545 0.41694975
vt 0.78808683 0.41345966
vt 0.76605821 0.42701972
vt 0.73847562 0.40279341
vt 0.77021360 0.42697829
vt 0.77399707 0.42456937
vt 0.76903957 0.43404770
vt 0.78602862 0.41964316
vt 0.79138297 0.41795897
vt 0.78176802 0.41909277
vt 0.78443974 0.42564285
vt 0.77651376 0.43602335
vt 0.78559148 0.43400645
vt 0.78906888 0.42707980
vt 0.78847015 0.43355662
vt 0.74437296 0.38032824
vt 0.79324466 0.42150265
vt 0.77389985 0.43663561
vt 0.77119488 0.44047558
vt 0.76938212 0.43670785
vt 0.75307417 0.41374695
vt 0.77717394 0.44400525
vt 0.77332634 0.44605291
vt 0.79460353 0.43332160
vt 0.78657097 0.45185095
vt 0.77469391 0.45229942
vt 0.77310532 0.44850719
vt 0.79110152 0.45109499
vt 0.76426274 0.42568165
vt 0.76592201 0.42950159
vt 0.76743424 0.43343318
vt 0.79540223 0.42670560
vt 0.79785699 0.43198228
vt 0.79685074 0.45054239
vt 0.79995507 0.43973231
vt 0.80185741 0.45037973
vt 0.76524603 0.37396657
vt 0.78176636 0.37600517
vt 0.81448382 0.37437356
vt 0.81977713 0.37698817
vt 0.77682841 0.37113822
vt 0.82927638 0.37365663
vt 0.80473471 0.37228674
vt 0.87377548 0.37682307
vt 0.87306511 0.37344098
vt 0.74397939 0.37328118
vt 0.75048476 0.37163925
vt 0.72682256 0.37155247
vt 0.71753687 0.37284875
vt 0.87409258 0.37088680
vt 0.82271940 0.37021512
vt 0.69691133 0.37273645
vt 0.69974273 0.37011039
vt 0.69180357 0.37083614
vt 0.69039744 0.37365866
vt 0.68518722 0.37810981
vt 0.82420671 0.36849427
vt 0.86293620 0.36903667
vt 0.87378079 0.36858529
vt 0.74992043 0.36935800
vt 0.79777712 0.36801136
vt 0.72573173 0.36814916
vt 0.70112526 0.36466384
vt 0.77268147 0.36716032
vt 0.75790596 0.36572123
vt 0.69206446 0.36628366
vt 0.72408420 0.36387146
vt 0.84071589 0.36699724
vt 0.86328322 0.36784309
vt 0.80370575 0.36644322
vt 0.69253874 0.36408091
vt 0.68447715 0.37627107
vt 0.67721063 0.38467824
vt 0.68818998 0.36820853
vt 0.70134109 0.36300093
vt 0.77082926 0.36499429
vt 0.68541968 0.37069082
vt 0.67979097 0.37608415
vt 0.67413682 0.38140839
vt 0.67521274 0.38671362
vt 0.73800802 0.37569952
vt 0.74543256 0.37554789
vt 0.74097508 0.38259506
vt 0.86528075 0.61453581
vt 0.86700201 0.65079242
vt 0.86663234 0.60673988
vt 0.86708033 0.62377757
vt 0.86721975 0.63849813
vt 0.86632687 0.59000868
vt 0.86808830 0.68088889
vt 0.86671019 0.59134889
vt 0.86680746 0.43987650
vt 0.86760306 0.45509672
vt 0.86842781 0.40714383
vt 0.86729050 0.40825927
vt 0.86965418 0.39961493
vt 0.87061977 0.39459711
vt 0.79707104 0.67729628
vt 0.79903573 0.67149848
vt 0.79149079 0.67750531
vt 0.79240602 0.67101490
vt 0.79411441 0.68533200
vt 0.78832442 0.67129129
vt 0.78567070 0.67807490
vt 0.79105496 0.68320554
vt 0.78721273 0.68676388
vt 0.78335375 0.68272847
vt 0.79077041 0.69118172
vt 0.78084242 0.68910468
vt 0.78196084 0.69063550
vt 0.78059477 0.67464644
vt 0.78250194 0.66960430
vt 0.77144754 0.67288578
vt 0.77756965 0.66821015
vt 0.77314192 0.66730684
vt 0.77232885 0.68096840
vt 0.76839876 0.67849958
vt 0.76513433 0.68251592
vt 0.76753747 0.68872648
vt 0.76312101 0.68675458
vt 0.77836484 0.69235253
vt 0.77461040 0.66027141
vt 0.77954149 0.66098207
vt 0.77061164 0.67033619
vt 0.76969892 0.67288113
vt 0.78648847 0.66132891
vt 0.79050982 0.66194868
vt 0.79522759 0.66433996
vt 0.79925048 0.66224951
vt 0.80034548 0.66538137
vt 0.79490125 0.65403318
vt 0.77896404 0.65417343
vt 0.78601205 0.65404463
vt 0.80162191 0.65414381
vt 0.80036044 0.65417069
vt 0.77492630 0.65362668
vt 0.76687813 0.67761791
vt 0.77231592 0.66329777
vt 0.77403468 0.65882552
vt 0.79980189 0.64287293
vt 0.78880525 0.64268047
vt 0.79512590 0.64207518
vt 0.78379840 0.64296514
vt 0.77789140 0.64604056
vt 0.77401656 0.65106142
vt 0.77318084 0.64572227
vt 0.78673005 0.63554156
vt 0.78950137 0.63170213
vt 0.77468079 0.63978916
vt 0.77212703 0.64773089
vt 0.78495169 0.63226008
vt 0.77951723 0.63311338
vt 0.79806286 0.63687801
vt 0.77093923 0.63973743
vt 0.76924556 0.64033413
vt 0.79567474 0.62956959
vt 0.77044934 0.64340299
vt 0.76761609 0.63717836
vt 0.77094871 0.66750228
vt 0.77317178 0.63378441
vt 0.76653528 0.63488227
vt 0.78915429 0.62633401
vt 0.79238570 0.62242705
vt 0.78859842 0.61912245
vt 0.78838503 0.61586797
vt 0.78116322 0.62737226
vt 0.78538424 0.61269408
vt 0.76824468 0.62806684
vt 0.76400024 0.63127106
vt 0.77560091 0.62041456
vt 0.76947230 0.62133622
vt 0.77472335 0.61485654
vt 0.77175117 0.61604452
vt 0.76276332 0.62830651
vt 0.76282024 0.62324733
vt 0.76185828 0.61849999
vt 0.76217198 0.62971663
vt 0.76044124 0.62767553
vt 0.76023555 0.62556350
vt 0.75713295 0.62388670
vt 0.75687730 0.62238258
vt 0.76467842 0.61003757
vt 0.75800294 0.61912519
vt 0.76151073 0.60840935
vt 0.75536543 0.61531115
vt 0.75447881 0.61978024
vt 0.75240225 0.61653143
vt 0.76810735 0.60623741
vt 0.77846807 0.60655826
vt 0.75806671 0.60231042
vt 0.75418931 0.60448855
vt 0.75732595 0.61196077
vt 0.75029665 0.60740942
vt 0.74643779 0.60627574
vt 0.74825984 0.60918760
vt 0.74559754 0.60956109
vt 0.74233645 0.60725921
vt 0.74231327 0.60660255
vt 0.75102979 0.61098623
vt 0.75063103 0.61410433
vt 0.74648505 0.60258490
vt 0.74255222 0.60385364
vt 0.75018489 0.60118675
vt 0.74308425 0.59934521
vt 0.74763918 0.59564430
vt 0.75702351 0.59780478
vt 0.74272430 0.59644490
vt 0.74789822 0.61226588
vt 0.77263385 0.60199678
vt 0.76220304 0.59546608
vt 0.67673028 0.40405416
vt 0.67690170 0.41918194
vt 0.67810750 0.40497011
vt 0.67652416 0.38855815
vt 0.68833554 0.38507593
vt 0.72798777 0.38707274
vt 0.72230673 0.38882136
vt 0.70398945 0.39101672
vt 0.70267385 0.40109253
vt 0.71050137 0.39540780
vt 0.71654642 0.39197600
vt 0.69831014 0.40455365
vt 0.69252419 0.41249961
vt 0.68772978 0.42082012
vt 0.68066758 0.43135154
vt 0.68410271 0.42978221
vt 0.73652881 0.38502693
vt 0.67862028 0.44180757
vt 0.68095005 0.44941676
vt 0.68333471 0.43325055
vt 0.68187338 0.44120544
vt 0.69681472 0.40739965
vt 0.67694205 0.44476855
vt 0.73704916 0.58843100
vt 0.74289066 0.59174991
vt 0.74255615 0.58704942
vt 0.73365313 0.59310406
vt 0.74287963 0.59411621
vt 0.72914720 0.59120345
vt 0.72638702 0.59623212
vt 0.73473972 0.59548438
vt 0.72185838 0.59380531
vt 0.72055191 0.60032749
vt 0.71611285 0.59616166
vt 0.71352661 0.60468501
vt 0.71163195 0.59872633
vt 0.73042041 0.60093677
vt 0.71893990 0.60834348
vt 0.73783547 0.60165924
vt 0.74249285 0.60004896
vt 0.72791123 0.60343337
vt 0.73259836 0.60530525
vt 0.72278959 0.61349797
vt 0.72650975 0.60785067
vt 0.73902166 0.60580641
vt 0.71900272 0.61529309
vt 0.72582012 0.61208600
vt 0.72956556 0.61058426
vt 0.73438293 0.60923845
vt 0.73374289 0.61021423
vt 0.73474574 0.60672235
vt 0.73656374 0.60896713
vt 0.73593545 0.61230195
vt 0.73852086 0.61099464
vt 0.73820162 0.60814416
vt 0.73995423 0.60901171
vt 0.74197185 0.60875076
vt 0.72830480 0.61285424
vt 0.73386800 0.61289912
vt 0.72330928 0.61701775
vt 0.72755826 0.61515313
vt 0.72463745 0.61609733
vt 0.72572517 0.61690170
vt 0.72174770 0.61858565
vt 0.72904295 0.61479300
vt 0.74462551 0.58733487
vt 0.75036925 0.58950138
vt 0.75408167 0.59126228
vt 0.67515069 0.67752075
vt 0.67528290 0.69853729
vt 0.67629784 0.67958128
vt 0.69198543 0.69272959
vt 0.68659323 0.68388110
vt 0.67861652 0.71998143
vt 0.69436014 0.72957194
vt 0.68762565 0.70670360
vt 0.70021021 0.70186651
vt 0.69658810 0.69835538
vt 0.71691710 0.71821654
vt 0.70223647 0.73072803
vt 0.74202383 0.72956795
vt 0.73352724 0.72065765
vt 0.67485654 0.71913511
vt 0.72621620 0.71687323
vt 0.71596295 0.71209973
vt 0.70989680 0.70898879
vt 0.68404502 0.67769158
vt 0.68057024 0.67231810
vt 0.67958361 0.66028184
vt 0.67835385 0.65446925
vt 0.67974699 0.72392869
vt 0.68144560 0.66885257
vt 0.67522758 0.65550166
vt 0.67662233 0.64348108
vt 0.73456109 0.71961743
vt 0.68264353 0.72683156
vt 0.69842625 0.73580313
vt 0.74161780 0.73188913
vt 0.75071770 0.72974765
vt 0.71192229 0.73525077
vt 0.68615532 0.73015189
vt 0.68750119 0.73456270
vt 0.74839771 0.73486990
vt 0.70011795 0.74058819
vt 0.71906346 0.74075234
vt 0.74904597 0.73975873
vt 0.76758242 0.73891950
vt 0.68992758 0.73749012
vt 0.68360066 0.73054975
vt 0.75254959 0.74107724
vt 0.71406305 0.74221539
vt 0.70070285 0.74231130
vt 0.69196826 0.74142593
vt 0.69081557 0.74009842
vt 0.76902723 0.73992598
vt 0.77560151 0.73861319
vt 0.67391282 0.69922704
vt 0.67382181 0.71742290
vt 0.77096331 0.72837716
vt 0.81429249 0.72806454
vt 0.82916266 0.72602195
vt 0.78245640 0.71957719
vt 0.75776672 0.72001565
vt 0.77136880 0.70890063
vt 0.77666628 0.70487666
vt 0.85734123 0.68193686
vt 0.85969985 0.71817333
vt 0.86908251 0.70513749
vt 0.87058783 0.71282214
vt 0.87426454 0.72554773
vt 0.85254198 0.72547323
vt 0.80081707 0.71085662
vt 0.82916176 0.71219027
vt 0.82766289 0.67649227
vt 0.80058020 0.68932712
vt 0.80624211 0.67131984
vt 0.83181471 0.64504004
vt 0.80605692 0.63959378
vt 0.80089569 0.62553036
vt 0.85709494 0.61300969
vt 0.83790779 0.59902054
vt 0.85912645 0.57600647
vt 0.83137429 0.55766624
vt 0.80777282 0.57934511
vt 0.81051993 0.61138374
vt 0.77699262 0.56495357
vt 0.78987885 0.54868728
vt 0.75786382 0.52723694
vt 0.78542608 0.52028126
vt 0.77817100 0.50546151
vt 0.76436400 0.50817311
vt 0.79251939 0.49566603
vt 0.81216925 0.52915812
vt 0.80510598 0.48101497
vt 0.79355615 0.48225719
vt 0.82495290 0.49886638
vt 0.83386880 0.48079401
vt 0.80634224 0.46264923
vt 0.83331376 0.45708138
vt 0.85700327 0.46136212
vt 0.85054737 0.42441297
vt 0.86146355 0.39480829
vt 0.83151382 0.39112604
vt 0.87265581 0.37863791
vt 0.87488109 0.38700438
vt 0.79637337 0.39120853
vt 0.82984233 0.42541897
vt 0.78625536 0.40748012
vt 0.77496713 0.39302284
vt 0.76234013 0.38948745
vt 0.75263125 0.38223064
vt 0.80613679 0.43092299
vt 0.86390764 0.49254084
vt 0.85956067 0.52511841
vt 0.86723232 0.53168023
vt 0.86720908 0.54930407
vt 0.84319109 0.51902878
vt 0.75068456 0.58402395
vt 0.76504743 0.59186876
vt 0.78229225 0.60013092
vt 0.72276217 0.54283953
vt 0.73693919 0.51845473
vt 0.74425399 0.51681310
vt 0.74913639 0.51465559
vt 0.72560275 0.51451087
vt 0.71639514 0.52325815
vt 0.69583511 0.50772321
vt 0.71163493 0.50272512
vt 0.70211667 0.49519384
vt 0.69114995 0.48663700
vt 0.69873828 0.49139410
vt 0.68096918 0.48957014
vt 0.68842006 0.47741985
vt 0.68259269 0.53850937
vt 0.69390345 0.53776771
vt 0.68907791 0.58876431
vt 0.69903916 0.59484810
vt 0.73135293 0.56412810
vt 0.73926121 0.58297503
vt 0.69309932 0.61629605
vt 0.69851899 0.61043102
vt 0.67638737 0.62668031
vt 0.67677724 0.59454066
vt 0.67732400 0.53666955
vt 0.67784518 0.47274637
vt 0.68554372 0.47066456
vt 0.67813188 0.46222275
vt 0.72023320 0.50797629
vt 0.78972203 0.61210728
vt 0.85165358 0.65114421
vt 0.84190756 0.66555613
vt 0.78519720 0.69742215
vt 0.78097773 0.70128542
vt 0.75742060 0.51098508
vt 0.76563448 0.71250981
vt 0.71119857 0.59693033
vt 0.70223564 0.60615623
vt 0.75761628 0.71672451
vt 0.80007893 0.46219814
vt 0.79749030 0.47054517
vt 0.79611158 0.47590160
vt 0.69167513 0.48319972
vt 0.68973136 0.62000579
vt 0.68562418 0.62665606
vt 0.68001431 0.63467753
vt 0.74702710 0.72261792
vt 0.74574822 0.72383052
vt 0.78550798 0.49338424
vt 0.78981358 0.48824871
vt 0.77000529 0.50513434
vt 0.77886635 0.49900401
vt 0.73137105 0.51226377
vt 0.72637635 0.51029116
vt 0.73649144 0.51444751
vt 0.74272853 0.51659167
vt 0.74146056 0.72194827
vt 0.70805728 0.60121638
vt 0.68245518 0.46212399
vt 0.86727566 0.47070312
vt 0.87449294 0.71719992
vt 0.67984599 0.64521825
vt 0.75227135 0.71924901
vt 0.68295300 0.63293642
vt 0.68120480 0.63709432
vt 0.86669135 0.49754047
vt 0.86671960 0.51233846
vt 0.85513192 0.73237532
vt 0.87454915 0.73365164
vt 0.83027142 0.73342073
vt 0.80875838 0.73211783
vt 0.77749163 0.73376167
vt 0.76266026 0.73413259
vt 0.67523783 0.64218408
vt 0.84885895 0.73687410
vt 0.67694837 0.45765668
vt 0.70627266 0.49811637
vt 0.82059962 0.73761833
vt 0.87488109 0.73595876
vt 0.86713260 0.57879150
vt 0.67675751 0.47590888
vt 0.67537922 0.62355959
vt 0.67638040 0.52601624
vt 0.67603683 0.55269253
vt 0.67577201 0.59097445
vt 0.86719298 0.48046905
vt 0.66630512 0.55312026
vt 0.66629809 0.53298426
vt 0.66703254 0.49918449
vt 0.66920626 0.47335088
vt 0.65801644 0.50553054
vt 0.65810966 0.46410143
vt 0.66435033 0.44084918
vt 0.65881097 0.44134843
vt 0.65987378 0.39987397
vt 0.66503286 0.57214779
vt 0.65509039 0.56974596
vt 0.66466248 0.59226954
vt 0.65570956 0.55060756
vt 0.65602410 0.52816027
vt 0.66535163 0.60716385
vt 0.67099613 0.63622373
vt 0.66866732 0.42394882
vt 0.66822380 0.40724456
vt 0.66887414 0.39018059
vt 0.97145927 0.59273297
vt 0.97926277 0.59308046
vt 0.98257160 0.58558160
vt 0.97133285 0.58476341
vt 0.98421353 0.59393406
vt 0.99050999 0.58587176
vt 0.98879069 0.59477490
vt 0.99069905 0.59370255
vt 0.99096102 0.58130223
vt 0.97163415 0.60021925
vt 0.97721004 0.60009247
vt 0.98465675 0.60244244
vt 0.99063045 0.60177356
vt 0.99044740 0.59585297
vt 0.98348206 0.57970995
vt 0.99040347 0.57965738
vt 0.97146666 0.57956284
vt 0.96959215 0.58375847
vt 0.96927804 0.59329486
vt 0.96958530 0.60034013
vt 0.99047387 0.57317251
vt 0.97660047 0.57335114
vt 0.97128707 0.57390350
vt 0.98514682 0.57343554
vt 0.96880877 0.57408535
vt 0.97303474 0.60440677
vt 0.99050021 0.56729978
vt 0.98542452 0.56588531
vt 0.97143745 0.56699336
vt 0.97696704 0.56647670
vt 0.96940154 0.56726474
vt 0.99039465 0.56272548
vt 0.99074006 0.60666603
vt 0.98177433 0.60730118
vt 0.98472577 0.60998958
vt 0.97019714 0.60596234
vt 0.97217965 0.60958833
vt 0.96791828 0.57830554
vt 0.96783668 0.58497179
vt 0.99035317 0.55827796
vt 0.98644823 0.61270434
vt 0.99092776 0.60961914
vt 0.97017556 0.61049879
vt 0.97292441 0.61276793
vt 0.97220415 0.56312138
vt 0.96937078 0.56203431
vt 0.97320396 0.55843514
vt 0.97006035 0.55767715
vt 0.96726906 0.59612840
vt 0.99050778 0.55571771
vt 0.96717411 0.56885576
vt 0.97181499 0.55316079
vt 0.96788770 0.60445833
vt 0.97068167 0.55035985
vt 0.98445654 0.55090219
vt 0.99092776 0.54939425
vt 0.43969548 0.72258341
vt 0.44077042 0.70418262
vt 0.44449565 0.71298867
vt 0.43600917 0.70417309
vt 0.44104314 0.72356421
vt 0.44681129 0.72366905
vt 0.44474974 0.70323527
vt 0.44795564 0.71236873
vt 0.45308095 0.70401591
vt 0.45252705 0.71093351
vt 0.45123053 0.72367197
vt 0.45470655 0.72362959
vt 0.45642939 0.71129382
vt 0.45762861 0.70402330
vt 0.45787561 0.72361517
vt 0.46030736 0.71077180
vt 0.46112978 0.70397079
vt 0.45866621 0.70265067
vt 0.46091145 0.72355038
vt 0.45322683 0.70239019
vt 0.44873303 0.70223671
vt 0.46466854 0.71511227
vt 0.46476465 0.70324486
vt 0.46704918 0.72357446
vt 0.46855646 0.72028482
vt 0.46924856 0.70346236
vt 0.47113797 0.71322256
vt 0.47138157 0.71960551
vt 0.47240722 0.70424628
vt 0.43201753 0.71756828
vt 0.43822896 0.70252663
vt 0.42943308 0.72334886
vt 0.42899930 0.70395416
vt 0.43044654 0.70231938
vt 0.42411768 0.71586400
vt 0.42378181 0.72265953
vt 0.42128381 0.70604557
vt 0.42289352 0.70286936
vt 0.42053539 0.72345245
vt 0.41576460 0.70408911
vt 0.41527361 0.71884149
vt 0.41526344 0.72347754
vt 0.41576228 0.70271772
vt 0.41112795 0.70342392
vt 0.40990728 0.71998549
vt 0.41086787 0.72352421
vt 0.40795833 0.70414680
vt 0.40801847 0.72357446
vt 0.40485251 0.70278156
vt 0.56254381 0.58014357
vt 0.57043296 0.57819724
vt 0.57058179 0.58527267
vt 0.56348574 0.58697701
vt 0.56245339 0.57098752
vt 0.57111132 0.57107687
vt 0.55947626 0.58276886
vt 0.55849278 0.59099156
vt 0.56379932 0.59094805
vt 0.55749869 0.57103938
vt 0.55482918 0.57506275
vt 0.55388492 0.58298463
vt 0.55160749 0.58971155
vt 0.55249435 0.59089106
vt 0.57032824 0.59083676
vt 0.55412382 0.56989348
vt 0.57637799 0.57969618
vt 0.57594544 0.58621597
vt 0.57653081 0.59084368
vt 0.57489848 0.57016838
vt 0.58206785 0.57108247
vt 0.58271724 0.58474523
vt 0.58275759 0.59102571
vt 0.58262783 0.57922846
vt 0.56253463 0.56994975
vt 0.55007684 0.57084763
vt 0.54842705 0.58273238
vt 0.58166027 0.56996489
vt 0.59068257 0.58636856
vt 0.58683950 0.59100538
vt 0.58996534 0.57179379
vt 0.59272230 0.59090191
vt 0.58914834 0.56993783
vt 0.59476781 0.58764279
vt 0.59815037 0.59109253
vt 0.54814410 0.59075373
vt 0.54524243 0.58811510
vt 0.54639530 0.57152390
vt 0.54503137 0.58178830
vt 0.59345114 0.57057440
vt 0.59870619 0.59024870
vt 0.59821433 0.57180339
vt 0.54398340 0.59097505
vt 0.54165810 0.57189858
vt 0.57228607 0.56896549
vt 0.54024637 0.58187723
vt 0.53906071 0.58914238
vt 0.53805900 0.59133273
vt 0.54640824 0.56988895
vt 0.60047597 0.58515185
vt 0.53882349 0.57192087
vt 0.54133493 0.57003725
vt 0.55125910 0.56961894
vt 0.60071570 0.57052517
vt 0.60378140 0.57197452
vt 0.60249656 0.59133273
vt 0.60466224 0.58790612
vt 0.88313919 0.49583900
vt 0.87392169 0.50109386
vt 0.88742310 0.50220317
vt 0.88736922 0.49761605
vt 0.87448299 0.49555469
vt 0.88104868 0.50517291
vt 0.87244475 0.49876809
vt 0.87411720 0.50752282
vt 0.87230128 0.50455248
vt 0.88688636 0.50639123
vt 0.89225537 0.49700642
vt 0.89208722 0.50291592
vt 0.88833988 0.49109870
vt 0.88228279 0.48859906
vt 0.87426597 0.49163550
vt 0.89246249 0.49198020
vt 0.87454396 0.48652053
vt 0.87201172 0.49185812
vt 0.88660240 0.48589289
vt 0.89179772 0.48644513
vt 0.89267421 0.48670864
vt 0.87745976 0.48173499
vt 0.87233829 0.48604566
vt 0.89237660 0.48165631
vt 0.88502640 0.47957504
vt 0.87473309 0.47923481
vt 0.87290859 0.48154283
vt 0.89211184 0.50893843
vt 0.87227631 0.47763276
vt 0.87134540 0.49697721
vt 0.87914431 0.51313192
vt 0.88771409 0.51270342
vt 0.87304056 0.51300985
vt 0.87136924 0.50818241
vt 0.89140272 0.51423728
vt 0.89227611 0.51425970
vt 0.87512445 0.51794302
vt 0.87107515 0.50296712
vt 0.88727790 0.51752919
vt 0.89214110 0.51978827
vt 0.88464701 0.52076721
vt 0.87248755 0.51891410
vt 0.87468362 0.52279395
vt 0.89295906 0.48051631
vt 0.88620991 0.52717060
vt 0.87691182 0.52831662
vt 0.89231664 0.52716857
vt 0.87107730 0.51404637
vt 0.87419766 0.52825338
vt 0.87235349 0.52737916
vt 0.88072604 0.53353393
vt 0.89250064 0.53445178
vt 0.88830304 0.53328788
vt 0.87457138 0.53442281
vt 0.87126613 0.52132124
vt 0.88624322 0.53888357
vt 0.87491560 0.53790128
vt 0.89295906 0.53970754
vt 0.87258387 0.53502965
vt 0.87857288 0.54287046
vt 0.88868713 0.54277158
vt 0.87362844 0.54261589
vt 0.87167919 0.54079580
vt 0.24748896 0.53524441
vt 0.24906339 0.53525382
vt 0.24708466 0.51801854
vt 0.25014660 0.51981115
vt 0.25403154 0.51789433
vt 0.25121769 0.52940780
vt 0.25087279 0.54416806
vt 0.25737393 0.53726709
vt 0.25737393 0.51793063
vt 0.25666651 0.54453927
vt 0.24904878 0.54448199
vt 0.24514791 0.53060186
vt 0.24518217 0.52231872
vt 0.23946065 0.52094489
vt 0.23941976 0.54270238
vt 0.24328062 0.54294825
vt 0.24098071 0.51778179
vt 0.24010888 0.54466844
vt 0.24600418 0.54336470
vt 0.24579543 0.53554714
vt 0.23929591 0.51770735
vt 0.24733603 0.54332107
vt 0.24717313 0.54515785
vt 0.25032169 0.54566634
vt 0.94428968 0.96987671
vt 0.94712418 0.96435046
vt 0.95192868 0.97035742
vt 0.94663465 0.97599983
vt 0.95434386 0.97595626
vt 0.95854414 0.97634280
vt 0.95397353 0.96492273
vt 0.96310657 0.97278821
vt 0.93797058 0.96403420
vt 0.93310040 0.97044021
vt 0.93542898 0.97517926
vt 0.92812240 0.97455531
vt 0.92458063 0.97038889
vt 0.93203992 0.96407026
vt 0.92662609 0.96475649
vt 0.92598230 0.98023748
vt 0.96068174 0.96584284
vt 0.93574548 0.98166317
vt 0.93041432 0.98111939
vt 0.92580724 0.96358889
vt 0.92382729 0.96498710
vt 0.96256715 0.97668731
vt 0.94004768 0.98881835
vt 0.93327159 0.98820210
vt 0.94823033 0.98935688
vt 0.93109673 0.98690540
vt 0.95506573 0.99160105
vt 0.94945133 0.99108911
vt 0.96349919 0.98921037
vt 0.96138871 0.99416941
vt 0.92651635 0.98391616
vt 0.96960795 0.97807515
vt 0.96636695 0.96667415
vt 0.97388548 0.97666854
vt 0.92414671 0.96318734
vt 0.97580719 0.96976590
vt 0.97214627 0.96766579
vt 0.92724842 0.98526919
vt 0.98049474 0.96953839
vt 0.92983943 0.98727751
vt 0.96024376 0.99487418
vt 0.92398536 0.97470528
vt 0.92292720 0.98583621
vt 0.91458160 0.97841144
vt 0.91488135 0.98541552
vt 0.90464592 0.98395681
vt 0.90717381 0.98783916
vt 0.90291047 0.98844415
vt 0.90595418 0.99401331
vt 0.91216987 0.98915464
vt 0.91338181 0.99155539
vt 0.90693849 0.99487418
vt 0.90152234 0.97927761
vt 0.91109526 0.97220719
vt 0.91326708 0.96723133
vt 0.90513027 0.96989357
vt 0.91996127 0.96484923
vt 0.88122886 0.66356999
vt 0.87711859 0.64736253
vt 0.87747997 0.66768128
vt 0.87715942 0.67396873
vt 0.87872136 0.67507553
vt 0.88117427 0.67656088
vt 0.87949091 0.67769516
vt 0.87885612 0.64622575
vt 0.88123369 0.63648140
vt 0.87925798 0.64189148
vt 0.87927121 0.62648952
vt 0.88154137 0.61649579
vt 0.87979609 0.61737317
vt 0.88154137 0.67841208
vt 0.87861454 0.67986953
vt 0.87725389 0.67549253
vt 0.87755066 0.67785603
vt 0.87784737 0.62995422
vt 0.87818271 0.62168562
vt 0.87678403 0.66611499
vt 0.49380532 0.59846473
vt 0.49196821 0.60138112
vt 0.47002774 0.60169888
vt 0.47424909 0.59867907
vt 0.48974574 0.60675055
vt 0.47311032 0.60714078
vt 0.46640450 0.60651803
vt 0.45958415 0.59954816
vt 0.45950496 0.60717613
vt 0.49772236 0.60038549
vt 0.50010139 0.60706908
vt 0.50092781 0.60301942
vt 0.50151914 0.60595471
vt 0.47722787 0.59737897
vt 0.45813510 0.59763783
vt 0.49429062 0.59692448
vt 0.45818490 0.60643309
vt 0.50272816 0.60717613
vt 0.50324392 0.60503829
vt 0.50380588 0.60337353
vt 0.49976179 0.60032672
vt 0.49609643 0.59728855
vt 0.50221634 0.60100991
vt 0.54598629 0.82151133
vt 0.54523820 0.81961125
vt 0.54982662 0.81699520
vt 0.54873055 0.81207883
vt 0.55177557 0.82192475
vt 0.54515421 0.82726389
vt 0.55523407 0.82516074
vt 0.54536504 0.83070129
vt 0.55174440 0.83326912
vt 0.55837017 0.82825786
vt 0.55685872 0.83421665
vt 0.56125057 0.83086431
vt 0.54434538 0.82941484
vt 0.56387067 0.83405942
vt 0.56543678 0.83737695
vt 0.55617720 0.82477450
vt 0.55303353 0.82129079
vt 0.55863261 0.82688719
vt 0.55082643 0.81852490
vt 0.55708414 0.84030724
vt 0.56234598 0.85031486
vt 0.56883323 0.84418315
vt 0.56944197 0.85174865
vt 0.56962949 0.85733157
vt 0.55531204 0.84368545
vt 0.56346160 0.85825890
vt 0.55573958 0.85230178
vt 0.57056677 0.85984355
vt 0.54819328 0.83785456
vt 0.55054635 0.84386623
vt 0.55982339 0.86020201
vt 0.56446058 0.86067104
vt 0.53388727 0.82996780
vt 0.51145244 0.83024144
vt 0.56944174 0.84647000
vt 0.53075403 0.83584028
vt 0.51091790 0.83530849
vt 0.47605422 0.83094990
vt 0.47452781 0.82994479
vt 0.44140378 0.83029717
vt 0.56685632 0.83706397
vt 0.56809562 0.84029883
vt 0.48022187 0.83813858
vt 0.50720030 0.84201717
vt 0.44255817 0.84342414
vt 0.41384390 0.83316696
vt 0.39497802 0.83145702
vt 0.37175721 0.82991016
vt 0.39435673 0.82986575
vt 0.48131824 0.84998024
vt 0.50530314 0.84915829
vt 0.54342806 0.85010076
vt 0.37252480 0.84190464
vt 0.37232170 0.83806747
vt 0.41822207 0.84598863
vt 0.39735985 0.84836721
vt 0.54001236 0.85639685
vt 0.44265071 0.85302383
vt 0.53200287 0.85971034
vt 0.47963133 0.85897011
vt 0.48191023 0.85503709
vt 0.43967858 0.85870236
vt 0.41258121 0.85841215
vt 0.41672918 0.85301453
vt 0.37209377 0.85606724
vt 0.39153042 0.85821646
vt 0.37232280 0.84958571
vt 0.36306605 0.82946622
vt 0.37216908 0.85912055
vt 0.51052713 0.86067104
vt 0.36278605 0.83675778
vt 0.36294898 0.84319037
vt 0.57060844 0.85791320
vt 0.57061356 0.85492009
vt 0.36163980 0.85337162
vt 0.36124298 0.85949761
vt 0.36144799 0.84590888
vt 0.55060983 0.81510341
vt 0.57054138 0.85171539
vt 0.55410606 0.81865537
vt 0.35779068 0.82680625
vt 0.56882709 0.83460408
vt 0.55733669 0.82196474
vt 0.56701171 0.82810485
vt 0.56121451 0.82030243
vt 0.55528313 0.81198078
vt 0.56459123 0.81639272
vt 0.56298792 0.81239974
vt 0.56614178 0.82089508
vt 0.57775962 0.82053047
vt 0.57384139 0.82427943
vt 0.58785707 0.82391739
vt 0.56920248 0.82529825
vt 0.57167459 0.82873750
vt 0.57902354 0.83225346
vt 0.59060055 0.83435750
vt 0.57609552 0.82969123
vt 0.60178351 0.82216007
vt 0.60194814 0.83597088
vt 0.61571783 0.82303530
vt 0.62739778 0.83672327
vt 0.63070500 0.83040804
vt 0.57345796 0.83116680
vt 0.57568467 0.83607411
vt 0.63144535 0.84775561
vt 0.64468944 0.82485342
vt 0.66270220 0.82741278
vt 0.66059899 0.83559054
vt 0.65706736 0.84660769
vt 0.65485728 0.85467428
vt 0.60592896 0.84525269
vt 0.58256477 0.84113586
vt 0.57691413 0.84161353
vt 0.63109660 0.82326400
vt 0.63714403 0.85399216
vt 0.57738459 0.84795183
vt 0.61334723 0.85283059
vt 0.57745868 0.85098940
vt 0.55748248 0.80341166
vt 0.56035709 0.80435884
vt 0.55808258 0.79806268
vt 0.55628127 0.79641283
vt 0.55847663 0.79637843
vt 0.56288326 0.79854095
vt 0.56635404 0.79620135
vt 0.57151532 0.79951602
vt 0.57224190 0.79876071
vt 0.57466972 0.79851741
vt 0.59892631 0.80291414
vt 0.59746265 0.80122417
vt 0.60700631 0.80296761
vt 0.57541090 0.79669785
vt 0.58117443 0.79638755
vt 0.55781221 0.79417038
vt 0.56286108 0.79462272
vt 0.59489530 0.79821002
vt 0.55478501 0.79356945
vt 0.61592650 0.80067885
vt 0.61264569 0.79936290
vt 0.59700817 0.79769820
vt 0.61703664 0.79981512
vt 0.61236316 0.80336672
vt 0.61112601 0.80440730
vt 0.61553001 0.80432343
vt 0.55296874 0.79928166
vt 0.61798280 0.80458349
vt 0.55184108 0.79602039
vt 0.35286778 0.83948398
vt 0.34818876 0.85057497
vt 0.35438955 0.82539386
vt 0.33126837 0.83817703
vt 0.31837940 0.85234666
vt 0.31731683 0.84523129
vt 0.32982764 0.84929156
vt 0.33959875 0.83160228
vt 0.34659874 0.85797751
vt 0.34728435 0.82237107
vt 0.32928780 0.85448509
vt 0.33900791 0.85681051
vt 0.32326540 0.83100104
vt 0.33074453 0.82461387
vt 0.34005037 0.81970590
vt 0.33646125 0.82120872
vt 0.02695676 0.43113458
vt 0.02623962 0.44018441
vt 0.02979837 0.43622655
vt 0.01983246 0.43461990
vt 0.02875371 0.44107443
vt 0.03177972 0.43231714
vt 0.03421955 0.43358862
vt 0.03491538 0.43521500
vt 0.01999088 0.42771792
vt 0.01315880 0.43345368
vt 0.01379356 0.42852616
vt 0.02995337 0.44334567
vt 0.01501495 0.42543918
vt 0.01813001 0.43733019
vt 0.03275185 0.44157469
vt 0.03568031 0.44034040
vt 0.01067869 0.44168311
vt 0.01620114 0.44775498
vt 0.00920402 0.44731021
vt 0.01061257 0.45035374
vt 0.01850029 0.45468807
vt 0.02357304 0.44784260
vt 0.02480369 0.45166075
vt 0.02453001 0.45720911
vt 0.02725109 0.45180357
vt 0.03042912 0.45773602
vt 0.02661570 0.42999589
vt 0.03192738 0.45202309
vt 0.03263025 0.44883943
vt 0.01407231 0.42451072
vt 0.01753491 0.47875714
vt 0.02268617 0.47955775
vt 0.02370870 0.47305977
vt 0.01422935 0.47261691
vt 0.02299831 0.46866632
vt 0.01111674 0.46798134
vt 0.00632623 0.47819453
vt 0.00618459 0.46976840
vt 0.01238290 0.48241055
vt 0.00630332 0.48471022
vt 0.02830660 0.48089802
vt 0.02885078 0.46896803
vt 0.02859234 0.47450322
vt 0.02849759 0.47865242
vt 0.00708250 0.46272850
vt 0.02406106 0.46346837
vt 0.02054845 0.46041644
vt 0.00717780 0.46037674
vt 0.02970990 0.46371424
vt 0.00826674 0.45365065
vt 0.02007656 0.48640805
vt 0.02411768 0.48428148
vt 0.02844438 0.48622155
vt 0.00848436 0.49119186
vt 0.00718665 0.49408638
vt 0.01514301 0.49317777
vt 0.02420239 0.49077851
vt 0.02892666 0.49167675
vt 0.01648349 0.49995553
vt 0.02574616 0.49595463
vt 0.00880185 0.50344735
vt 0.02907923 0.49659443
vt 0.02352632 0.49776763
vt 0.02652535 0.50160933
vt 0.01787785 0.50890446
vt 0.00974157 0.50682181
vt 0.01357408 0.51382196
vt 0.01189676 0.51450425
vt 0.03030775 0.50152457
vt 0.01441651 0.52143520
vt 0.02714611 0.51636791
vt 0.03195997 0.51353556
vt 0.03167247 0.50568336
vt 0.03568031 0.51684880
vt 0.71648735 0.77557260
vt 0.72236824 0.77552092
vt 0.72320831 0.76970130
vt 0.71632618 0.76987708
vt 0.70903623 0.77508861
vt 0.70804554 0.76865679
vt 0.72830659 0.77449983
vt 0.72818178 0.76866424
vt 0.71822649 0.76437366
vt 0.72585636 0.76414859
vt 0.70896184 0.76458901
vt 0.70833898 0.77975070
vt 0.71762288 0.78255630
vt 0.72432500 0.78223556
vt 0.70891786 0.78325719
vt 0.72874200 0.77803576
vt 0.72884697 0.78478098
vt 0.71681231 0.78943157
vt 0.70905572 0.78848141
vt 0.72471535 0.78816056
vt 0.72890878 0.79059345
vt 0.70774686 0.78697103
vt 0.72439283 0.79263842
vt 0.70838863 0.79140693
vt 0.72906601 0.79341578
vt 0.71757615 0.79422730
vt 0.72909230 0.77653253
vt 0.72914928 0.76658845
vt 0.70934391 0.79700267
vt 0.72914165 0.79771101
vt 0.70758820 0.77502525
vt 0.72425950 0.79907447
vt 0.72905636 0.76216692
vt 0.72930545 0.80061197
vt 0.70850831 0.80102515
vt 0.72488499 0.75840515
vt 0.71820343 0.75798190
vt 0.70878649 0.75912523
vt 0.72930545 0.75442684
vt 0.70731032 0.79512697
vt 0.70700890 0.76045251
vt 0.70785415 0.75605553
vt 0.70649910 0.76406318
vt 0.70647001 0.78981763
vt 0.96119851 0.65654719
vt 0.97084254 0.65741712
vt 0.97019148 0.65320951
vt 0.96918482 0.66000265
vt 0.96831959 0.66177547
vt 0.96173346 0.65037382
vt 0.96833867 0.64744991
vt 0.96439153 0.64692235
vt 0.96230710 0.64925170
vt 0.97416782 0.64619410
vt 0.96892768 0.64219809
vt 0.97268307 0.65469629
vt 0.97324741 0.63823909
vt 0.96051377 0.66221100
vt 0.97674924 0.65092123
vt 0.97905469 0.63968891
vt 0.97782946 0.64561367
vt 0.96821237 0.66489661
vt 0.97771537 0.63486898
vt 0.96178591 0.67329687
vt 0.96982288 0.68060917
vt 0.97019231 0.73740983
vt 0.97845280 0.74889004
vt 0.96558678 0.70454520
vt 0.97245485 0.70100462
vt 0.97192240 0.75595403
vt 0.98076808 0.76601774
vt 0.98292315 0.78335822
vt 0.98182905 0.79361486
vt 0.98419797 0.79768640
vt 0.97650689 0.79333878
vt 0.98120767 0.80239886
vt 0.97850877 0.64920861
vt 0.98072928 0.64580792
vt 0.98525214 0.80269402
vt 0.98300678 0.64304090
vt 0.98172349 0.64002043
vt 0.98036152 0.63315403
vt 0.98024076 0.80288911
vt 0.97807819 0.79878366
vt 0.98525214 0.63389277
vt 0.98387384 0.63047528
vt 0.02551986 0.55841988
vt 0.02771795 0.54331595
vt 0.02479144 0.53350937
vt 0.02795123 0.55707526
vt 0.02595128 0.57082778
vt 0.02628696 0.53275514
vt 0.02806851 0.52818400
vt 0.02374100 0.52735496
vt 0.02621620 0.52702701
vt 0.02596822 0.57867193
vt 0.02482597 0.57714689
vt 0.02495613 0.56816328
vt 0.02562937 0.58574092
vt 0.02806851 0.57973301
vt 0.02331113 0.53187883
vt 0.30640662 0.97809881
vt 0.30718127 0.97163838
vt 0.30875358 0.97527140
vt 0.30580026 0.97436810
vt 0.30564710 0.97009701
vt 0.30758017 0.96776193
vt 0.30593520 0.96444887
vt 0.29776108 0.96208382
vt 0.30632254 0.95916790
vt 0.30489558 0.95319325
vt 0.29995039 0.95037985
vt 0.28935704 0.96046424
vt 0.28188303 0.95635104
vt 0.29550469 0.94757020
vt 0.28618190 0.94268405
vt 0.27628154 0.94937223
vt 0.26989514 0.96141887
vt 0.28757381 0.97366613
vt 0.27070001 0.97504872
vt 0.26548088 0.97244489
vt 0.26308277 0.97809881
vt 0.78049499 0.74883503
vt 0.76815784 0.75140136
vt 0.76142377 0.74948353
vt 0.76029432 0.75159889
vt 0.78148377 0.75067043
vt 0.76055449 0.75375384
vt 0.77058893 0.75346261
vt 0.75215632 0.75014168
vt 0.75335759 0.75429839
vt 0.78583145 0.75359094
vt 0.75341702 0.74900192
vt 0.78570461 0.75129843
vt 0.78703129 0.75324667
vt 0.80261397 0.75402731
vt 0.79818797 0.75063121
vt 0.80658633 0.75079346
vt 0.80990672 0.75442684
vt 0.74956143 0.75258374
vt 0.75056630 0.75442684
vt 0.74964017 0.75032568
vt 0.80991793 0.75166255
vt 0.74738342 0.75197959
vt 0.81121874 0.75050390
vt 0.81208372 0.75241202
vt 0.78600186 0.74991900
vt 0.78157091 0.75010657
vt 0.40340072 0.91229570
vt 0.41438231 0.91153085
vt 0.40578896 0.90793133
vt 0.41534543 0.90725356
vt 0.42145565 0.90936023
vt 0.40197453 0.90755343
vt 0.41187033 0.90433282
vt 0.40367466 0.91557801
vt 0.41505554 0.91715157
vt 0.42081401 0.91603428
vt 0.40381572 0.91873986
vt 0.40321985 0.90289897
vt 0.42140895 0.90433002
vt 0.41640851 0.90158153
vt 0.40150720 0.91483319
vt 0.40818408 0.89845711
vt 0.40087944 0.90272152
vt 0.42096141 0.92283928
vt 0.41389477 0.92456555
vt 0.42144150 0.92590868
vt 0.40357444 0.92495620
vt 0.42156911 0.91560775
vt 0.42197907 0.92478794
vt 0.40103525 0.92341840
vt 0.42152280 0.90111196
vt 0.41716823 0.89829451
vt 0.40314797 0.89613825
vt 0.40084547 0.89752614
vt 0.40060163 0.90979898
vt 0.42160091 0.89691675
vt 0.41697645 0.89320189
vt 0.42169017 0.89395362
vt 0.40362015 0.89195049
vt 0.40100509 0.88956195
vt 0.41563752 0.89030540
vt 0.42197907 0.89092886
vt 0.40025938 0.91673928
vt 0.40032318 0.89428121
vt 0.39914367 0.90605110
vt 0.91725552 0.11825973
vt 0.91519254 0.11851585
vt 0.91965365 0.12023467
vt 0.91558212 0.12255871
vt 0.91869241 0.11298263
vt 0.91484708 0.11445332
vt 0.91455632 0.11036366
vt 0.91839969 0.10650128
vt 0.91919458 0.11845344
vt 0.91468012 0.10684508
vt 0.91837800 0.12476301
vt 0.91471428 0.10321063
vt 0.91858804 0.10291708
vt 0.91434944 0.09853482
vt 0.91877282 0.09936905
vt 0.91886467 0.09789413
vt 0.91862291 0.10829592
vt 0.92024565 0.12190109
vt 0.91919208 0.09334588
vt 0.91589397 0.09197670
vt 0.92096651 0.12536085
vt 0.92150331 0.12803859
vt 0.91676766 0.12872022
vt 0.91988850 0.12943935
vt 0.91734481 0.13114566
vt 0.91664439 0.08822364
vt 0.91975236 0.08978277
vt 0.92150331 0.08383584
vt 0.92040420 0.07965869
vt 0.90651518 0.13560390
vt 0.89830792 0.13839704
vt 0.90333915 0.13700300
vt 0.89733022 0.13169670
vt 0.90195924 0.12440640
vt 0.89571697 0.12199080
vt 0.89782482 0.11685032
vt 0.89486206 0.11125141
vt 0.90145469 0.11393130
vt 0.90758377 0.12272406
vt 0.90743959 0.11510974
vt 0.90881956 0.13414299
vt 0.90004802 0.10802031
vt 0.89507324 0.10452777
vt 0.90835398 0.10911196
vt 0.91467118 0.12567872
vt 0.90215790 0.10213882
vt 0.91114742 0.10314882
vt 0.89581585 0.09712094
vt 0.91075391 0.09577888
vt 0.91440672 0.09459203
vt 0.89912355 0.08825845
vt 0.89946371 0.09079796
vt 0.89714551 0.08807904
vt 0.91467398 0.07897437
vt 0.90026981 0.07618457
vt 0.90095878 0.07570231
vt 0.90312284 0.06943148
vt 0.24898744 0.63047528
vt 0.24785918 0.67629236
vt 0.24914998 0.67004341
vt 0.24976213 0.63221270
vt 0.24976213 0.67707360
vt 0.02533849 0.64586216
vt 0.02422823 0.64849764
vt 0.02676263 0.64785272
vt 0.02176218 0.64795572
vt 0.02227012 0.64302206
vt 0.01944017 0.64391929
vt 0.02540044 0.64259088
vt 0.02868649 0.64268607
vt 0.02918779 0.64770538
vt 0.03212740 0.64302462
vt 0.03260341 0.64846104
vt 0.03571037 0.64393950
vt 0.03686890 0.64990062
vt 0.03886990 0.64557159
vt 0.04082352 0.65224183
vt 0.04440528 0.64745605
vt 0.04804948 0.64941251
vt 0.04432196 0.65427136
vt 0.03913517 0.64435363
vt 0.01628107 0.64919227
vt 0.01583690 0.64563274
vt 0.01965297 0.65084076
vt 0.02319629 0.65019262
vt 0.01592798 0.65211421
vt 0.01374296 0.65520817
vt 0.01142002 0.64897078
vt 0.00757474 0.65308416
vt 0.01066205 0.65824163
vt 0.00618459 0.65839791
vt 0.00955222 0.66269034
vt 0.03665597 0.65700561
vt 0.01812489 0.67197984
vt 0.03338385 0.68164456
vt 0.04556112 0.66567570
vt 0.04205771 0.65506148
vt 0.04278804 0.67595404
vt 0.02366840 0.68267298
vt 0.02938946 0.65374148
vt 0.01862847 0.65521950
vt 0.03350734 0.64988559
vt 0.01432768 0.67315245
vt 0.01402108 0.66451895
vt 0.02698935 0.68359739
vt 0.04676187 0.66903603
vt 0.01853446 0.68027723
vt 0.04659502 0.65986824
vt 0.03910763 0.67958879
vt 0.01428970 0.67650533
vt 0.01521523 0.65783691
vt 0.01048760 0.66689175
vt 0.01219140 0.67380494
vt 0.04731642 0.67299712
vt 0.01174943 0.65936935
vt 0.04804948 0.66434556
vt 0.04290662 0.67921537
vt 0.04489174 0.67691499
vt 0.04696575 0.65846223
vt 0.00854247 0.66729331
vt 0.00558287 0.36410272
vt 0.00453150 0.40099841
vt 0.00478452 0.35789990
vt 0.00333016 0.39864063
vt 0.00413226 0.40507817
vt 0.00618459 0.40587139
vt 0.00618459 0.35498154
vt 0.00537015 0.34622550
vt 0.64496279 0.80493695
vt 0.64542311 0.80884826
vt 0.63944268 0.80475301
vt 0.63773948 0.80618489
vt 0.63606089 0.80860376
vt 0.64551187 0.80658722
vt 0.64747858 0.80683577
vt 0.64639485 0.81034482
vt 0.63615900 0.81034482
vt 0.44291151 0.23028028
vt 0.45103177 0.22839522
vt 0.44777402 0.23275101
vt 0.45211905 0.23438346
vt 0.45910001 0.22720468
vt 0.46149895 0.23159909
vt 0.45593125 0.23828012
vt 0.46142408 0.22712278
vt 0.46254346 0.24070942
vt 0.46300650 0.23034406
vt 0.45893747 0.24097699
vt 0.46181586 0.24346220
vt 0.45104045 0.23463047
vt 0.46524018 0.23762667
vt 0.46551302 0.24244487
vt 0.46511212 0.24628955
vt 0.46860474 0.24792790
vt 0.47309139 0.23965967
vt 0.47627473 0.25015569
vt 0.48305160 0.24553573
vt 0.48173058 0.25143838
vt 0.48869461 0.25252497
vt 0.48754117 0.24592412
vt 0.49323311 0.25278002
vt 0.49321175 0.24791276
vt 0.48384750 0.24010283
vt 0.48691708 0.23916930
vt 0.49241298 0.24224490
vt 0.47273225 0.23570645
vt 0.47533819 0.23351771
vt 0.46363977 0.22795671
vt 0.48697039 0.25284511
vt 0.47877264 0.25169086
vt 0.47578117 0.25099933
vt 0.47056913 0.24949551
vt 0.46159917 0.20157397
vt 0.46341518 0.19249648
vt 0.46280146 0.16007310
vt 0.46166399 0.17376220
vt 0.46151945 0.12936956
vt 0.48804095 0.22927171
vt 0.47336236 0.22707754
vt 0.46590990 0.21684480
vt 0.46517396 0.15854847
vt 0.47332528 0.19451976
vt 0.46270838 0.12286401
vt 0.46620744 0.12593400
vt 0.46338603 0.10664207
vt 0.47391075 0.12764740
vt 0.47513974 0.16637897
vt 0.47475746 0.10494071
vt 0.46508452 0.10494745
vt 0.47491699 0.07939243
vt 0.46422333 0.05635214
vt 0.47216740 0.05684221
vt 0.46405584 0.06937999
vt 0.48248783 0.05723792
vt 0.48115456 0.07335544
vt 0.47927698 0.14784467
vt 0.48786667 0.16336739
vt 0.48703754 0.18644041
vt 0.48331228 0.22957015
vt 0.48217246 0.12694693
vt 0.48765099 0.11360335
vt 0.48161784 0.10166276
vt 0.49213418 0.20610183
vt 0.49186820 0.15420949
vt 0.49190986 0.13160813
vt 0.49236009 0.09996754
vt 0.48851901 0.08089846
vt 0.48928028 0.05730569
vt 0.49376798 0.05805445
vt 0.49344224 0.24261057
vt 0.49354815 0.21650368
vt 0.49350542 0.19046366
vt 0.46446127 0.04775101
vt 0.49325210 0.13874024
vt 0.49345210 0.09783334
vt 0.47475362 0.04700190
vt 0.47935459 0.04792738
vt 0.49296308 0.25468463
vt 0.48592517 0.04731655
vt 0.49351320 0.04799783
vt 0.49538448 0.05788898
vt 0.46927571 0.04656833
vt 0.49899283 0.04809427
vt 0.46334165 0.04639703
vt 0.49543962 0.11108482
vt 0.49998084 0.10521555
vt 0.49837929 0.05781209
vt 0.49647501 0.16554624
vt 0.50238389 0.12178195
vt 0.50604355 0.25396407
vt 0.50383705 0.24194074
vt 0.50549859 0.05782044
vt 0.50519300 0.04802722
vt 0.51496363 0.25232929
vt 0.51116163 0.20093262
vt 0.50668341 0.23214388
vt 0.51702517 0.24164957
vt 0.54013216 0.23384261
vt 0.54181319 0.24061000
vt 0.58832246 0.24100959
vt 0.60164475 0.23119020
vt 0.56325418 0.22428334
vt 0.52541786 0.21789372
vt 0.55896562 0.20087707
vt 0.58312643 0.19403309
vt 0.54296541 0.18241620
vt 0.57874489 0.16572940
vt 0.53903347 0.15417004
vt 0.51398706 0.14929634
vt 0.55930310 0.13733137
vt 0.60368979 0.17179352
vt 0.59851581 0.20883602
vt 0.61875695 0.20033926
vt 0.63178807 0.22556841
vt 0.62785894 0.24172127
vt 0.60362816 0.24009168
vt 0.63513297 0.20105910
vt 0.63525474 0.17127877
vt 0.63308704 0.15869153
vt 0.63281608 0.12564903
vt 0.59230673 0.14038908
vt 0.52898365 0.12493867
vt 0.51945090 0.08475536
vt 0.55235434 0.05792159
vt 0.54422522 0.07214451
vt 0.54381412 0.08453298
vt 0.55296665 0.06608707
vt 0.55067855 0.06973279
vt 0.54883277 0.07454282
vt 0.55468279 0.06388241
vt 0.55770230 0.06080478
vt 0.54641950 0.10363758
vt 0.57793719 0.12375098
vt 0.59335643 0.11719137
vt 0.59773719 0.12208927
vt 0.59892255 0.11522603
vt 0.61854219 0.11618346
vt 0.63318372 0.09712541
vt 0.61839670 0.08442891
vt 0.61773598 0.07543665
vt 0.63553208 0.06677699
vt 0.61532986 0.06940240
vt 0.61771417 0.09973574
vt 0.61306256 0.10214895
vt 0.61510235 0.09841198
vt 0.60729653 0.10963339
vt 0.60514760 0.11163336
vt 0.56214213 0.11622941
vt 0.55374140 0.10995567
vt 0.61741102 0.09257621
vt 0.61577225 0.09805870
vt 0.63574976 0.13973236
vt 0.60145485 0.11392450
vt 0.58522230 0.11942226
vt 0.57507354 0.11938620
vt 0.62519568 0.05818868
vt 0.63561201 0.05867875
vt 0.61307263 0.06661093
vt 0.60881776 0.05848134
vt 0.54770207 0.08316010
vt 0.53458756 0.25350690
vt 0.56630999 0.25196087
vt 0.57480145 0.25296748
vt 0.54875451 0.09444106
vt 0.55016863 0.10301584
vt 0.53359348 0.05757296
vt 0.63437843 0.23955584
vt 0.59090734 0.25175059
vt 0.56301737 0.05772829
vt 0.58187240 0.25319326
vt 0.61828113 0.25203943
vt 0.61251360 0.25312901
vt 0.62571943 0.25352544
vt 0.62978011 0.25250256
vt 0.63614494 0.22484672
vt 0.63596553 0.24181724
vt 0.63202113 0.24426001
vt 0.55884522 0.11078620
vt 0.55672270 0.10868466
vt 0.56376183 0.11433530
vt 0.57090908 0.11765945
vt 0.60900700 0.06241167
vt 0.60578477 0.05986553
vt 0.55468220 0.10633475
vt 0.63028556 0.25394362
vt 0.55192137 0.24575961
vt 0.61352360 0.24605811
vt 0.57846302 0.24804509
vt 0.50734442 0.24754924
vt 0.60203886 0.05773306
vt 0.55271029 0.10355592
vt 0.55065852 0.09974861
vt 0.63665414 0.19871128
vt 0.61250865 0.05272371
vt 0.59511638 0.04951459
vt 0.56048602 0.05433011
vt 0.57755417 0.04922074
vt 0.63702738 0.13015276
vt 0.63702035 0.10622400
vt 0.63700348 0.05915904
vt 0.54959595 0.04924816
vt 0.52506852 0.04775333
vt 0.59634638 0.05582696
vt 0.59111720 0.05486321
vt 0.63559103 0.04833424
vt 0.63588077 0.05148274
vt 0.60450619 0.04799855
vt 0.58034056 0.05372113
vt 0.57208014 0.05524826
vt 0.56812918 0.05638367
vt 0.58662015 0.11860389
vt 0.63305169 0.25243533
vt 0.56251812 0.05827326
vt 0.63608402 0.25302106
vt 0.57122564 0.04768473
vt 0.61755675 0.07584059
vt 0.63811392 0.25178725
vt 0.63938510 0.25265568
vt 0.45659709 0.25072348
vt 0.63723171 0.24598598
vt 0.45154470 0.24866045
vt 0.45776889 0.25398952
vt 0.46052754 0.25422812
vt 0.45163146 0.25005090
vt 0.45703271 0.25934106
vt 0.46398756 0.25737321
vt 0.45278823 0.24227178
vt 0.63900685 0.06733644
vt 0.46164131 0.26063919
vt 0.45231494 0.26587772
vt 0.44903094 0.24694449
vt 0.44872746 0.23917878
vt 0.63791704 0.24214911
vt 0.63781685 0.22494221
vt 0.63807571 0.20107174
vt 0.63841122 0.16270787
vt 0.61485475 0.04641205
vt 0.57831240 0.05455363
vt 0.58454478 0.05443144
vt 0.46226081 0.27221704
vt 0.64164722 0.25007200
vt 0.63918370 0.10476792
vt 0.63903129 0.12128842
vt 0.63702309 0.25889528
vt 0.55336887 0.04630870
vt 0.64065439 0.05863392
vt 0.45274994 0.27971905
vt 0.45765516 0.28625023
vt 0.45552152 0.31216526
vt 0.46925089 0.28464687
vt 0.47643334 0.31190908
vt 0.47006634 0.34168077
vt 0.45525432 0.33227587
vt 0.45706084 0.34560156
vt 0.48289761 0.31520486
vt 0.47927904 0.33843672
vt 0.48343420 0.29882503
vt 0.48314604 0.27186793
vt 0.47324097 0.26691258
vt 0.47665745 0.26300454
vt 0.48533860 0.29763359
vt 0.48578039 0.31484425
vt 0.48443535 0.26361316
vt 0.48603964 0.33713949
vt 0.48430747 0.33716691
vt 0.47175837 0.34245074
vt 0.46389261 0.34500372
vt 0.46365950 0.35179210
vt 0.45772919 0.34905446
vt 0.47709683 0.35036504
vt 0.47494102 0.35523671
vt 0.45630464 0.36009204
vt 0.47486356 0.36784434
vt 0.46681440 0.36872298
vt 0.46025479 0.36942947
vt 0.45513520 0.36925483
vt 0.47735590 0.36680913
vt 0.48460999 0.36583990
vt 0.63559914 0.04617703
vt 0.48564801 0.34725422
vt 0.49246499 0.35278881
vt 0.49248716 0.36448395
vt 0.46664813 0.25948262
vt 0.57409716 0.03948319
vt 0.61368388 0.03708953
vt 0.54884076 0.01618981
vt 0.60258508 0.02539444
vt 0.54922891 0.03895199
vt 0.63270694 0.03409898
vt 0.63101912 0.02819258
vt 0.57557005 0.01674968
vt 0.61890066 0.01596755
vt 0.59909117 0.00677651
vt 0.57034260 0.00679898
vt 0.54388511 0.00638479
vt 0.51674312 0.00816542
vt 0.51457071 0.01709020
vt 0.50494784 0.01784325
vt 0.50676095 0.00673425
vt 0.62440467 0.00691766
vt 0.63050467 0.01891279
vt 0.50446945 0.02734375
vt 0.52173752 0.03959686
vt 0.50145572 0.03730416
vt 0.47179410 0.26199722
vt 0.64163351 0.04784375
vt 0.64581621 0.07033813
vt 0.65141964 0.05836332
vt 0.64455754 0.10434115
vt 0.64865541 0.12777275
vt 0.64471638 0.15831941
vt 0.48936692 0.34118223
vt 0.47473621 0.25487769
vt 0.49838835 0.02406526
vt 0.50116402 0.01214761
vt 0.50274891 0.00605780
vt 0.49397501 0.03758842
vt 0.63034052 0.00661123
vt 0.49304262 0.36802745
vt 0.49449497 0.36657709
vt 0.62711334 0.25940764
vt 0.47769400 0.25521195
vt 0.61810046 0.25930077
vt 0.58827150 0.25929916
vt 0.56699145 0.25888842
vt 0.53357714 0.25926876
vt 0.49478292 0.26089668
vt 0.48765081 0.26242125
vt 0.48425832 0.25504684
vt 0.48938993 0.26261055
vt 0.49494296 0.26255393
vt 0.48942763 0.26982069
vt 0.49510187 0.27736664
vt 0.48530719 0.26684892
vt 0.49324733 0.29683721
vt 0.49180433 0.31451380
vt 0.49051109 0.33944184
vt 0.49676722 0.33629966
vt 0.49606174 0.31360042
vt 0.49721748 0.34075147
vt 0.49558920 0.29727662
vt 0.51916820 0.33627677
vt 0.54245895 0.34116316
vt 0.57070631 0.33468711
vt 0.61491519 0.34001505
vt 0.61691016 0.33495438
vt 0.62638074 0.34028268
vt 0.59235787 0.31240106
vt 0.56159186 0.32657582
vt 0.54471505 0.30015111
vt 0.53502697 0.32198226
vt 0.56615680 0.27766347
vt 0.51415992 0.32012725
vt 0.52691787 0.27841270
vt 0.58666456 0.26058567
vt 0.59979677 0.27044523
vt 0.54110748 0.26105142
vt 0.62707406 0.26069653
vt 0.60738158 0.29559046
vt 0.62609285 0.27534801
vt 0.62697899 0.30696690
vt 0.62676907 0.33957106
vt 0.50803965 0.28683400
vt 0.49813980 0.34177125
vt 0.58192813 0.34180754
vt 0.62726396 0.27681059
vt 0.54642999 0.34222102
vt 0.61537075 0.34115756
vt 0.51538414 0.26033729
vt 0.51809978 0.26161242
vt 0.63157260 0.25963068
vt 0.63729089 0.31692410
vt 0.63738835 0.28836000
vt 0.63737321 0.26739520
vt 0.63354492 0.34070253
vt 0.63697088 0.34088838
vt 0.62706375 0.34584880
vt 0.63259345 0.34727347
vt 0.58508408 0.34690082
vt 0.55520314 0.34748375
vt 0.53726000 0.34824407
vt 0.50462830 0.34712231
vt 0.61053526 0.35369384
vt 0.62718707 0.35203379
vt 0.56564736 0.35401678
vt 0.49783611 0.34885633
vt 0.54211468 0.36158836
vt 0.52010357 0.36809194
vt 0.50211704 0.35365951
vt 0.50051796 0.36745632
vt 0.49777195 0.35489994
vt 0.49274355 0.34336329
vt 0.56888068 0.36844641
vt 0.54413706 0.36866462
vt 0.61240202 0.36202788
vt 0.61318064 0.36739415
vt 0.62557566 0.36610520
vt 0.63116831 0.35175937
vt 0.63517696 0.34856820
vt 0.62710017 0.36388838
vt 0.63445699 0.35465217
vt 0.63851029 0.31902641
vt 0.63834226 0.34102333
vt 0.63431692 0.36595756
vt 0.64182854 0.25747430
vt 0.65104139 0.29517162
vt 0.65287894 0.32953036
vt 0.65234584 0.34272063
vt 0.66570866 0.32975966
vt 0.66684568 0.30329853
vt 0.66828966 0.34391344
vt 0.64963019 0.27872676
vt 0.64630175 0.25618875
vt 0.66242832 0.25690687
vt 0.66735226 0.24968714
vt 0.67017168 0.25916868
vt 0.67969304 0.25009787
vt 0.67991257 0.26922274
vt 0.67893934 0.31361580
vt 0.67871821 0.32971907
vt 0.67963594 0.29197246
vt 0.67818296 0.34492421
vt 0.65944588 0.25033230
vt 0.65138972 0.25412786
vt 0.65588224 0.25066489
vt 0.65014392 0.24648774
vt 0.66959018 0.24678797
vt 0.67961514 0.24575537
vt 0.64526772 0.24894118
vt 0.66803390 0.24381882
vt 0.65901560 0.24063754
vt 0.65353733 0.24456859
vt 0.65626037 0.24190402
vt 0.66172546 0.23781931
vt 0.63509452 0.25724584
vt 0.66279894 0.23833609
vt 0.65417212 0.34726954
vt 0.65707767 0.34934282
vt 0.67688644 0.35012162
vt 0.64557183 0.34813458
vt 0.65443969 0.35979605
vt 0.66160738 0.36134464
vt 0.66461486 0.35851717
vt 0.65671122 0.36903512
vt 0.64675403 0.36847591
vt 0.66662484 0.36863655
vt 0.67074150 0.36891699
vt 0.67557383 0.35499358
vt 0.67270988 0.36275887
vt 0.64433509 0.35846752
vt 0.63887995 0.36706322
vt 0.67234874 0.24068737
vt 0.68458611 0.24491090
vt 0.61408436 0.37516057
vt 0.57213438 0.38265562
vt 0.53943312 0.38255614
vt 0.53154540 0.37383187
vt 0.50854325 0.37524182
vt 0.58461547 0.38786495
vt 0.61215740 0.38705266
vt 0.53549790 0.38909602
vt 0.50733727 0.38900042
vt 0.62390274 0.37645870
vt 0.62125176 0.38708055
vt 0.63338900 0.37067258
vt 0.63090765 0.37662399
vt 0.62590629 0.38811707
vt 0.50020677 0.37248349
vt 0.50082964 0.38909602
vt 0.64589930 0.23810887
vt 0.64710176 0.23515701
vt 0.64667767 0.19630057
vt 0.64843225 0.17075098
vt 0.64445978 0.21925259
vt 0.65508169 0.21771991
vt 0.66238636 0.19534218
vt 0.66103917 0.13116246
vt 0.65388179 0.10503536
vt 0.65475357 0.07430112
vt 0.66277361 0.05761236
vt 0.66263616 0.10249925
vt 0.66824293 0.21865231
vt 0.66126662 0.22890437
vt 0.66977000 0.07455832
vt 0.66933036 0.05714428
vt 0.66800815 0.19464177
vt 0.66706610 0.15904772
vt 0.66991645 0.10322589
vt 0.65980554 0.04942703
vt 0.66957307 0.04931206
vt 0.65458739 0.05334306
vt 0.65660310 0.04810256
vt 0.65351850 0.23315108
vt 0.66969210 0.16641378
vt 0.81802326 0.79227591
vt 0.81939918 0.78919858
vt 0.82370412 0.79313236
vt 0.81863278 0.79420656
vt 0.82539034 0.79511827
vt 0.82302386 0.79809511
vt 0.81489635 0.79197371
vt 0.81011468 0.78787088
vt 0.82714278 0.79700845
vt 0.82489538 0.80120081
vt 0.82734066 0.80074775
vt 0.82923514 0.80058080
vt 0.82939607 0.80549324
vt 0.83118099 0.80542016
vt 0.83232069 0.80908710
vt 0.82404131 0.80109835
vt 0.82677591 0.80879241
vt 0.82615304 0.80607045
vt 0.82666361 0.79496509
vt 0.83671844 0.77329206
vt 0.84228539 0.77741605
vt 0.83494580 0.78065842
vt 0.83167291 0.77033621
vt 0.82747966 0.77180713
vt 0.83790708 0.78271741
vt 0.82675761 0.76739693
vt 0.82382387 0.77074790
vt 0.82080686 0.76367378
vt 0.82831907 0.77450490
vt 0.81668949 0.76753682
vt 0.81422931 0.76081258
vt 0.80813825 0.76364136
vt 0.81102395 0.75908667
vt 0.80584836 0.76641852
vt 0.83592063 0.78480065
vt 0.80998695 0.77070844
vt 0.82280976 0.77844161
vt 0.83262920 0.78713453
vt 0.82311791 0.78486890
vt 0.81924456 0.78069133
vt 0.82834613 0.78964263
vt 0.80730844 0.77520233
vt 0.80390894 0.76846844
vt 0.83056802 0.78983116
vt 0.81623620 0.78234750
vt 0.79993570 0.77696431
vt 0.80614007 0.77985901
vt 0.79724967 0.77591097
vt 0.79402703 0.77319270
vt 0.79048330 0.77362549
vt 0.83420825 0.78693384
vt 0.80984992 0.78305084
vt 0.80554807 0.78177553
vt 0.80091661 0.78158313
vt 0.79692566 0.77910799
vt 0.82890147 0.79109919
vt 0.81198752 0.78375810
vt 0.81058085 0.78519058
vt 0.81472433 0.78841746
vt 0.81632262 0.78447801
vt 0.79744691 0.78165948
vt 0.80043614 0.78331405
vt 0.79602933 0.78110409
vt 0.79454547 0.78048033
vt 0.80194861 0.78331625
vt 0.80439478 0.78443193
vt 0.80823773 0.78681386
vt 0.81814557 0.78921896
vt 0.84359258 0.77891535
vt 0.82194442 0.78638881
vt 0.82624507 0.78902507
vt 0.82757986 0.79283643
vt 0.84748733 0.86353272
vt 0.84375852 0.86154121
vt 0.84738708 0.85231531
vt 0.83917594 0.85670966
vt 0.84447724 0.84699112
vt 0.84896642 0.84880769
vt 0.83187598 0.86921287
vt 0.83747125 0.87274063
vt 0.84253752 0.87558246
vt 0.82763904 0.86598545
vt 0.84889799 0.86427885
vt 0.85252976 0.85547084
vt 0.83437568 0.85343581
vt 0.82310504 0.85547185
vt 0.82051849 0.86165780
vt 0.81872481 0.85493857
vt 0.82050109 0.85045266
vt 0.82563788 0.85011178
vt 0.82902580 0.84983718
vt 0.82225531 0.84834635
vt 0.82433379 0.84498429
vt 0.82242334 0.84508443
vt 0.81586462 0.85886836
vt 0.82899261 0.84288120
vt 0.83205271 0.84332633
vt 0.82464862 0.84020215
vt 0.83948845 0.84461886
vt 0.85486680 0.84980738
vt 0.84415686 0.84111059
vt 0.84855068 0.84450734
vt 0.85502815 0.84342712
vt 0.85721195 0.84263009
vt 0.85619700 0.83640969
vt 0.85839128 0.83502591
vt 0.83253872 0.83763713
vt 0.82712626 0.83602256
vt 0.82539988 0.83426040
vt 0.82746762 0.83192122
vt 0.82557434 0.83282298
vt 0.85135514 0.83244997
vt 0.84443945 0.83409375
vt 0.83760214 0.83491224
vt 0.84448284 0.82597363
vt 0.85673183 0.82587016
vt 0.84878409 0.82309860
vt 0.83051342 0.83425248
vt 0.83353150 0.83059484
vt 0.84396130 0.82173115
vt 0.85870600 0.82778519
vt 0.83356506 0.82657146
vt 0.82778972 0.82576519
vt 0.82640982 0.82885236
vt 0.82563144 0.83123446
vt 0.82612330 0.82237113
vt 0.82750678 0.82030421
vt 0.85777318 0.81849480
vt 0.85573179 0.81676316
vt 0.83516878 0.81965733
vt 0.83280712 0.81995964
vt 0.83245170 0.82404202
vt 0.85424453 0.80942219
vt 0.83243984 0.81655055
vt 0.84872591 0.81077105
vt 0.84358251 0.81564951
vt 0.85566670 0.80705541
vt 0.82674605 0.81659478
vt 0.83938175 0.81103545
vt 0.82590085 0.82301289
vt 0.84254366 0.80836880
vt 0.83341199 0.81351167
vt 0.83190364 0.81372410
vt 0.83711684 0.80293578
vt 0.83374965 0.80309671
vt 0.83638293 0.79815155
vt 0.83191091 0.79760122
vt 0.83404189 0.79398227
vt 0.83055568 0.79356700
vt 0.83181459 0.79184419
vt 0.83917171 0.78797317
vt 0.84432769 0.79762089
vt 0.85362053 0.80044180
vt 0.84154850 0.78688341
vt 0.84821522 0.79757518
vt 0.82718670 0.81182569
vt 0.82805020 0.81460267
vt 0.82562816 0.81480742
vt 0.85063076 0.79289198
vt 0.84688270 0.78964037
vt 0.84653586 0.78393441
vt 0.82076865 0.84804779
vt 0.82440227 0.81167328
vt 0.79739463 0.78763938
vt 0.79703790 0.78601044
vt 0.79852867 0.78970271
vt 0.79379433 0.78788733
vt 0.79367840 0.78878701
vt 0.80056578 0.78665829
vt 0.80740851 0.79013884
vt 0.80418772 0.79370153
vt 0.80886328 0.79512519
vt 0.80691820 0.79774898
vt 0.81221467 0.79459620
vt 0.81050855 0.80168116
vt 0.81720805 0.80197489
vt 0.81738418 0.80653590
vt 0.81318718 0.80681741
vt 0.81867766 0.81138152
vt 0.80907440 0.81413633
vt 0.81712258 0.81774479
vt 0.82178408 0.80867475
vt 0.82197773 0.81080025
vt 0.82212174 0.81424254
vt 0.81997168 0.82246989
vt 0.81705046 0.82309991
vt 0.81133592 0.82235080
vt 0.81053251 0.83326304
vt 0.81614327 0.83318418
vt 0.82157815 0.83184904
vt 0.82156080 0.82271016
vt 0.82155424 0.81783229
vt 0.82012510 0.83920091
vt 0.81289583 0.84241915
vt 0.80762380 0.83798212
vt 0.79083759 0.78778332
vt 0.78419924 0.78790641
vt 0.79362613 0.78513443
vt 0.78819120 0.78477186
vt 0.78368890 0.78417462
vt 0.78037405 0.78815395
vt 0.77863044 0.78453052
vt 0.77256197 0.78590208
vt 0.82454860 0.81324059
vt 0.82232326 0.81518823
vt 0.82425994 0.81823981
vt 0.82243437 0.81835318
vt 0.82255703 0.82126534
vt 0.82269025 0.82548231
vt 0.82433742 0.83220589
vt 0.82257265 0.83207422
vt 0.82345742 0.83921158
vt 0.82156849 0.83431715
vt 0.82049125 0.84094173
vt 0.81913084 0.84689271
vt 0.81724626 0.85153341
vt 0.81670225 0.85556579
vt 0.81387657 0.85640496
vt 0.81922638 0.84332323
vt 0.82428044 0.80541372
vt 0.82129079 0.80484641
vt 0.82225412 0.80251265
vt 0.81917906 0.80204505
vt 0.81591427 0.79654324
vt 0.80929458 0.79017544
vt 0.81461561 0.79329377
vt 0.81468868 0.85348070
vt 0.81768215 0.84682482
vt 0.80809546 0.85947120
vt 0.80894744 0.86071211
vt 0.80563867 0.86227626
vt 0.80215681 0.86281765
vt 0.79996675 0.86488289
vt 0.79560095 0.86606807
vt 0.79502147 0.86769062
vt 0.79149449 0.86837834
vt 0.78751445 0.86924553
vt 0.79007727 0.87154853
vt 0.78543782 0.87338066
vt 0.78261262 0.86998957
vt 0.77367580 0.87008971
vt 0.76638603 0.87462312
vt 0.76799393 0.87146813
vt 0.75847667 0.87049836
vt 0.75347352 0.87299669
vt 0.75281811 0.86464292
vt 0.74720341 0.86579341
vt 0.74527270 0.87140560
vt 0.74353606 0.86546296
vt 0.74250656 0.85422111
vt 0.75990045 0.86798280
vt 0.74030572 0.85932565
vt 0.73520476 0.84782147
vt 0.73520160 0.85498965
vt 0.73241919 0.84925079
vt 0.73081082 0.84302491
vt 0.77214521 0.87558246
vt 0.73936951 0.84790480
vt 0.73746508 0.84160990
vt 0.73404723 0.83888835
vt 0.73014420 0.83966041
vt 0.72945553 0.83751452
vt 0.72930545 0.83163637
vt 0.72963965 0.83026475
vt 0.72936529 0.82724535
vt 0.73584491 0.82950020
vt 0.73054874 0.82150871
vt 0.73616189 0.83444798
vt 0.73635185 0.82419038
vt 0.73631477 0.82022327
vt 0.73223662 0.81738758
vt 0.73760766 0.81720185
vt 0.73819327 0.81298995
vt 0.73227751 0.81376219
vt 0.73516732 0.80902314
vt 0.74011916 0.80944258
vt 0.74010223 0.80081147
vt 0.74181139 0.80704731
vt 0.74343902 0.80420244
vt 0.74941868 0.79763967
vt 0.74889386 0.79188389
vt 0.75104868 0.79279608
vt 0.75390840 0.78734267
vt 0.75712711 0.78521496
vt 0.75456941 0.79265016
vt 0.75895470 0.78766572
vt 0.73705810 0.80431157
vt 0.76154554 0.78307402
vt 0.73047090 0.81931853
vt 0.73409998 0.80880916
vt 0.76001966 0.78918821
vt 0.75567079 0.79229277
vt 0.76219356 0.78753388
vt 0.76311696 0.78267151
vt 0.76676637 0.78126347
vt 0.74239254 0.87123436
vt 0.76731342 0.78558654
vt 0.76305377 0.78780597
vt 0.77188569 0.78164119
vt 0.77056694 0.78009003
vt 0.77257955 0.77976370
vt 0.73725557 0.82307613
vt 0.76906157 0.86974096
vt 0.76350868 0.86843163
vt 0.77460343 0.78422469
vt 0.78389508 0.77968365
vt 0.72936785 0.82486135
vt 0.74154508 0.87328643
vt 0.77124631 0.78440869
vt 0.80531204 0.78759676
vt 0.81156343 0.86127102
vt 0.78041780 0.78330934
vt 0.78508586 0.78348118
vt 0.78562778 0.77909279
vt 0.78756744 0.77906311
vt 0.79257846 0.78368461
vt 0.79149467 0.77990621
vt 0.78353196 0.77859747
vt 0.77757275 0.77903837
vt 0.76898789 0.78515321
vt 0.73707807 0.85802245
vt 0.79557407 0.78408271
vt 0.79468292 0.86976123
vt 0.79898751 0.86866522
vt 0.80290192 0.86492413
vt 0.80353749 0.86687416
vt 0.80923945 0.86208731
vt 0.80977464 0.86352223
vt 0.74258864 0.85197818
vt 0.74646735 0.85706127
vt 0.75263047 0.86313647
vt 0.73794299 0.84101266
vt 0.80896276 0.84974438
vt 0.74015963 0.84707290
vt 0.80423826 0.84555924
vt 0.80061281 0.84882188
vt 0.80410421 0.85510755
vt 0.79624218 0.85886657
vt 0.79436898 0.85190243
vt 0.78907859 0.85440338
vt 0.73658723 0.83021933
vt 0.76037782 0.86357445
vt 0.78533185 0.80798835
vt 0.80506533 0.81072026
vt 0.80000722 0.82631278
vt 0.77685368 0.84945554
vt 0.77392566 0.82930523
vt 0.76425469 0.84929848
vt 0.75416350 0.82476097
vt 0.75919449 0.81232619
vt 0.77522022 0.81152701
vt 0.76960468 0.80404854
vt 0.79918116 0.84276295
vt 0.78377736 0.85457921
vt 0.75414979 0.83170670
vt 0.75815183 0.84298170
vt 0.80735070 0.81681752
vt 0.80883259 0.83198208
vt 0.80859435 0.82273519
vt 0.78900838 0.80116862
vt 0.77898753 0.80177510
vt 0.78645515 0.80094880
vt 0.80383193 0.84364420
vt 0.77224970 0.85268682
vt 0.77748293 0.85375637
vt 0.80140066 0.80632359
vt 0.79697353 0.80331749
vt 0.76359326 0.80741811
vt 0.75521737 0.83638608
vt 0.75670308 0.81769276
vt 0.75803620 0.84876490
vt 0.76397175 0.85587049
vt 0.75257093 0.84398925
vt 0.77342820 0.85741162
vt 0.74990076 0.85280651
vt 0.75465298 0.85827720
vt 0.74631286 0.82935953
vt 0.74172795 0.84275246
vt 0.74415731 0.84776646
vt 0.74577302 0.83412933
vt 0.74091029 0.83941233
vt 0.74004507 0.83107054
vt 0.74060702 0.83563226
vt 0.74720687 0.81494015
vt 0.74008149 0.82862097
vt 0.74057609 0.82332128
vt 0.74558020 0.81658340
vt 0.74147654 0.81746185
vt 0.74306476 0.81356090
vt 0.74803227 0.80621356
vt 0.74931771 0.80480909
vt 0.75655746 0.79773241
vt 0.76512837 0.79564005
vt 0.76255828 0.79322535
vt 0.76792812 0.79033470
vt 0.77383423 0.79347396
vt 0.77526850 0.78883940
vt 0.78354645 0.79274118
vt 0.75718457 0.86085576
vt 0.79534614 0.79480243
vt 0.76495528 0.86507982
vt 0.78204066 0.85787511
vt 0.77344620 0.86409414
vt 0.78683883 0.85906738
vt 0.78183728 0.86731333
vt 0.77031749 0.86672324
vt 0.74842840 0.85403323
vt 0.76585227 0.78835070
vt 0.75882101 0.79315901
vt 0.75494277 0.79414093
vt 0.74949425 0.79943943
vt 0.74333006 0.80670875
vt 0.74260348 0.80915666
vt 0.73898244 0.81382757
vt 0.89389765 0.92320251
vt 0.89063585 0.91646796
vt 0.89275283 0.91880900
vt 0.88867819 0.91937339
vt 0.88792074 0.91404760
vt 0.88413382 0.91396892
vt 0.89388359 0.92705643
vt 0.89885545 0.92824942
vt 0.89797086 0.92495209
vt 0.89816660 0.93116194
vt 0.88751012 0.91985822
vt 0.88748097 0.91051692
vt 0.88311440 0.91034192
vt 0.88541913 0.90917623
vt 0.88221496 0.90885395
vt 0.88547421 0.90603137
vt 0.88179106 0.90654659
vt 0.88094711 0.90417504
vt 0.88347226 0.90062094
vt 0.88046986 0.90159869
vt 0.90391523 0.93065280
vt 0.88004065 0.89862984
vt 0.88301933 0.89489818
vt 0.88356268 0.89762688
vt 0.87972808 0.89440107
vt 0.88276392 0.89214939
vt 0.90314817 0.93363225
vt 0.90216422 0.93496126
vt 0.90540725 0.93272632
vt 0.90584558 0.93101436
vt 0.90924555 0.93348986
vt 0.90336305 0.93514568
vt 0.88555306 0.87582749
vt 0.88788307 0.86968267
vt 0.89297354 0.87104839
vt 0.89355212 0.86542922
vt 0.88960773 0.86574024
vt 0.89161265 0.87694162
vt 0.89936274 0.87992001
vt 0.90366775 0.87559301
vt 0.90147835 0.87948090
vt 0.88548917 0.87020564
vt 0.90138519 0.86365759
vt 0.90761852 0.87272483
vt 0.88383806 0.88087237
vt 0.88366169 0.88380426
vt 0.89882284 0.88597995
vt 0.88306338 0.88925278
vt 0.89808172 0.89059341
vt 0.88549107 0.89293778
vt 0.88453972 0.87314588
vt 0.89047581 0.89827299
vt 0.89828247 0.89792788
vt 0.88530374 0.90009010
vt 0.88882321 0.90963215
vt 0.90083283 0.90573967
vt 0.90288025 0.90997142
vt 0.90114558 0.92217797
vt 0.90789938 0.91651052
vt 0.91142374 0.92450446
vt 0.91287977 0.91928834
vt 0.91940939 0.92226660
vt 0.87915117 0.87082875
vt 0.87781990 0.87658459
vt 0.87723142 0.87544113
vt 0.87589955 0.87931758
vt 0.87632817 0.88340342
vt 0.87473410 0.88400608
vt 0.87410522 0.89037436
vt 0.88119489 0.88217914
vt 0.87992454 0.88910943
vt 0.91634667 0.92927420
vt 0.88256538 0.87730354
vt 0.88103390 0.87954998
vt 0.87392962 0.89496857
vt 0.90770698 0.85975951
vt 0.88342732 0.86549956
vt 0.88831848 0.86497211
vt 0.88229263 0.86390185
vt 0.88347042 0.86346978
vt 0.88713896 0.86407745
vt 0.88845867 0.85790575
vt 0.89366055 0.85695022
vt 0.89504039 0.85065949
vt 0.89857507 0.85098624
vt 0.90223080 0.84905195
vt 0.89120638 0.85102928
vt 0.90855932 0.84933865
vt 0.91265714 0.84807593
vt 0.91266024 0.84985900
vt 0.91660738 0.84994626
vt 0.92104757 0.85062766
vt 0.92474514 0.84855622
vt 0.92655635 0.85043323
vt 0.93116939 0.84898794
vt 0.93300903 0.85192251
vt 0.93674147 0.85154617
vt 0.90361273 0.85273933
vt 0.90054440 0.85375661
vt 0.89682537 0.85466224
vt 0.90702450 0.85262561
vt 0.93818736 0.85409778
vt 0.87414831 0.89842629
vt 0.87595111 0.90299976
vt 0.87445939 0.90378958
vt 0.87587237 0.90547490
vt 0.87746221 0.91045070
vt 0.88135785 0.91395950
vt 0.87855977 0.91442633
vt 0.88818276 0.92424935
vt 0.89332181 0.93326783
vt 0.88053828 0.91910988
vt 0.88589042 0.92568588
vt 0.89813292 0.93462896
vt 0.89863896 0.93802744
vt 0.90351802 0.94115007
vt 0.89188802 0.93271148
vt 0.90567106 0.93861878
vt 0.90841341 0.94144255
vt 0.91052681 0.93833929
vt 0.90722299 0.93693697
vt 0.90777284 0.94278151
vt 0.91125625 0.94383204
vt 0.91360146 0.94271874
vt 0.91318971 0.94425213
vt 0.91560125 0.94454801
vt 0.91561377 0.94178814
vt 0.91993725 0.94428056
vt 0.91439497 0.93950540
vt 0.91856861 0.94009036
vt 0.92051077 0.94027305
vt 0.92351764 0.94423199
vt 0.92305648 0.94009757
vt 0.92473340 0.94151431
vt 0.92616385 0.94030672
vt 0.92659807 0.94423294
vt 0.92873728 0.94138348
vt 0.93138629 0.94019401
vt 0.93173844 0.94400126
vt 0.93346369 0.94384766
vt 0.93471539 0.94024092
vt 0.93501228 0.94401842
vt 0.93743873 0.94015622
vt 0.93865162 0.94248778
vt 0.94035023 0.94015712
vt 0.94212461 0.93880069
vt 0.94214332 0.94253564
vt 0.94072974 0.94243205
vt 0.93767256 0.94380349
vt 0.92885429 0.94454801
vt 0.94459021 0.94172812
vt 0.94498855 0.93902647
vt 0.94675529 0.94000834
vt 0.94742709 0.93711275
vt 0.94990110 0.93719971
vt 0.95475006 0.93446791
vt 0.95143390 0.93924820
vt 0.95577997 0.93507326
vt 0.96366572 0.92741615
vt 0.95923400 0.93489969
vt 0.94969755 0.93981910
vt 0.95693415 0.93621123
vt 0.96266174 0.93351412
vt 0.96795660 0.92848790
vt 0.96797204 0.92605215
vt 0.96694541 0.92440039
vt 0.97003210 0.92451125
vt 0.97006863 0.91966587
vt 0.96788716 0.91887790
vt 0.97154498 0.91689283
vt 0.96806288 0.93291527
vt 0.96580493 0.92367530
vt 0.96787250 0.91457617
vt 0.97148150 0.91221219
vt 0.93907744 0.85312736
vt 0.94278699 0.85360688
vt 0.94180030 0.85584402
vt 0.94565779 0.85494548
vt 0.94644392 0.85793447
vt 0.94822770 0.85712099
vt 0.95028770 0.85987091
vt 0.95277584 0.85963947
vt 0.95511961 0.86345249
vt 0.95769203 0.86230379
vt 0.95999569 0.86671060
vt 0.96443444 0.86888337
vt 0.96266490 0.87072504
vt 0.96597850 0.87322319
vt 0.96597004 0.87578601
vt 0.96832544 0.87845981
vt 0.89172608 0.86060464
vt 0.91018087 0.85439438
vt 0.92310733 0.92318112
vt 0.92577982 0.84762347
vt 0.91179484 0.93392777
vt 0.92628187 0.92972660
vt 0.89047867 0.86411089
vt 0.87560433 0.90789765
vt 0.91931212 0.93537009
vt 0.96719134 0.87948209
vt 0.97141463 0.92057121
vt 0.92624611 0.93654990
vt 0.93485284 0.93790483
vt 0.93527132 0.92944324
vt 0.93881428 0.93507773
vt 0.96839434 0.88350731
vt 0.97000700 0.88219631
vt 0.97067469 0.88747287
vt 0.97143263 0.88629639
vt 0.97153205 0.89273733
vt 0.97233778 0.88920271
vt 0.97288299 0.89446771
vt 0.97224295 0.89729017
vt 0.97089183 0.89765221
vt 0.97203040 0.90051603
vt 0.96993661 0.90192086
vt 0.88491607 0.85679692
vt 0.88527209 0.85232747
vt 0.88328421 0.85953653
vt 0.88802266 0.84941447
vt 0.88674611 0.84829378
vt 0.89739358 0.85638255
vt 0.96994627 0.92922515
vt 0.96946675 0.93454540
vt 0.88655841 0.92711705
vt 0.90259391 0.86013424
vt 0.92952365 0.85172194
vt 0.92441225 0.85197723
vt 0.91427135 0.93563151
vt 0.90471303 0.85547996
vt 0.90607274 0.85430509
vt 0.90996945 0.85540873
vt 0.91401398 0.85439235
vt 0.91426545 0.85347772
vt 0.91961098 0.85362411
vt 0.92332023 0.85415047
vt 0.91773349 0.85161597
vt 0.97036672 0.90536010
vt 0.97169036 0.90647233
vt 0.96999449 0.91008562
vt 0.96929568 0.91365224
vt 0.96804565 0.90786785
vt 0.96840405 0.90270776
vt 0.96851438 0.89661396
vt 0.93940073 0.93775308
vt 0.94081402 0.85784370
vt 0.94538552 0.85988700
vt 0.94915807 0.86100781
vt 0.92493618 0.93821454
vt 0.93065810 0.93845880
vt 0.93637240 0.94372398
vt 0.91925138 0.93742710
vt 0.95895416 0.86868864
vt 0.95541757 0.86507469
vt 0.89557689 0.85974091
vt 0.89584327 0.85902584
vt 0.90118277 0.85654986
vt 0.96730667 0.88701087
vt 0.96620339 0.88122493
vt 0.93492556 0.85606730
vt 0.87892228 0.85805750
vt 0.87962848 0.86292934
vt 0.87475383 0.86544007
vt 0.96857977 0.89183897
vt 0.96487433 0.87727273
vt 0.96231800 0.87248886
vt 0.95092142 0.86242324
vt 0.93027413 0.85412312
vt 0.92798603 0.85465598
vt 0.95170265 0.88651401
vt 0.94433379 0.87633252
vt 0.94838768 0.87931639
vt 0.95382953 0.89244467
vt 0.94439077 0.89484638
vt 0.90656114 0.89747095
vt 0.92058879 0.88074321
vt 0.92782462 0.91341561
vt 0.91353959 0.87104666
vt 0.92107421 0.87007290
vt 0.93367147 0.87095881
vt 0.93871117 0.92217195
vt 0.93118864 0.92395365
vt 0.95145214 0.90979815
vt 0.93762535 0.87191546
vt 0.95392364 0.90125555
vt 0.94460702 0.91955292
vt 0.94971275 0.91472775
vt 0.92876804 0.86888695
vt 0.94515270 0.87240618
vt 0.91934890 0.86687243
vt 0.91281509 0.86802804
vt 0.96403253 0.91926938
vt 0.96590811 0.91562808
vt 0.96000296 0.90916574
vt 0.95679569 0.92154169
vt 0.96600622 0.90921396
vt 0.94400042 0.92555195
vt 0.96282375 0.89957833
vt 0.95402735 0.92766720
vt 0.95722890 0.88083792
vt 0.95372331 0.87509787
vt 0.96340990 0.87598717
vt 0.96501446 0.88028878
vt 0.96598458 0.88378930
vt 0.96621251 0.88691258
vt 0.96755570 0.89309168
vt 0.95968413 0.87094921
vt 0.95982379 0.89102221
vt 0.95437914 0.86590564
vt 0.94934940 0.86302435
vt 0.94264001 0.86066228
vt 0.93097115 0.86323005
vt 0.96116734 0.92437834
vt 0.94924617 0.93242085
vt 0.92758787 0.85867018
vt 0.91781747 0.86019403
vt 0.91271156 0.86144161
vt 0.94113535 0.85867500
vt 0.93534929 0.85649639
vt 0.92865455 0.85521084
vt 0.91427279 0.85795611
vt 0.92116183 0.85712981
vt 0.57928526 0.07902610
vt 0.57500219 0.08328116
vt 0.57951015 0.08177835
vt 0.57479000 0.07836181
vt 0.57985359 0.08366501
vt 0.58258849 0.07962745
vt 0.57170683 0.07882756
vt 0.57077026 0.08357084
vt 0.56745082 0.07930177
vt 0.56752372 0.08399856
vt 0.56474859 0.08442533
vt 0.56238359 0.07961422
vt 0.58404547 0.08507395
vt 0.57161736 0.07688725
vt 0.56715316 0.07739949
vt 0.57660836 0.07710528
vt 0.56612819 0.08493096
vt 0.56204188 0.07884806
vt 0.58111662 0.07718927
vt 0.57574475 0.08464843
vt 0.56060815 0.08620691
vt 0.55899143 0.08080548
vt 0.58660293 0.08129656
vt 0.58655107 0.08620691
vt 0.58943862 0.08316714
vt 0.86726928 0.95180237
vt 0.86738437 0.95512080
vt 0.86978918 0.95284271
vt 0.86996013 0.94869751
vt 0.86730611 0.94840217
vt 0.86731350 0.94454801
vt 0.87004727 0.94464225
vt 0.87012368 0.96147561
vt 0.86771291 0.96006536
vt 0.86819828 0.96253228
vt 0.87004727 0.96784717
vt 0.22935610 0.06115574
vt 0.22872269 0.06429380
vt 0.22484346 0.06552768
vt 0.22584361 0.06146771
vt 0.22798626 0.06846869
vt 0.22749138 0.07005179
vt 0.22950904 0.05543512
vt 0.22735393 0.07386726
vt 0.22479507 0.07404053
vt 0.22744459 0.07767290
vt 0.23055148 0.05786449
vt 0.23427510 0.05241126
vt 0.22229014 0.05797386
vt 0.22936666 0.04628521
vt 0.23537274 0.05080175
vt 0.22513887 0.04129064
vt 0.22516872 0.03561735
vt 0.21981299 0.03757870
vt 0.21001253 0.05106920
vt 0.22022739 0.02791369
vt 0.21497245 0.03165370
vt 0.20949741 0.04100966
vt 0.20597889 0.04878753
vt 0.21710743 0.05547065
vt 0.21452527 0.02050972
vt 0.21061586 0.01763374
vt 0.21047843 0.02789539
vt 0.20704977 0.01022291
vt 0.23882227 0.04690975
vt 0.20304237 0.01154107
vt 0.20133519 0.00296092
vt 0.19954598 0.00241393
vt 0.19673946 0.00349659
vt 0.19059618 0.01946503
vt 0.18986399 0.00934356
vt 0.19661872 0.02196938
vt 0.18591049 0.03437185
vt 0.18391538 0.01559073
vt 0.17904021 0.02349520
vt 0.17653237 0.02893233
vt 0.19153123 0.03859466
vt 0.20258617 0.02395558
vt 0.20185958 0.04611647
vt 0.19934472 0.05788505
vt 0.19261590 0.06312025
vt 0.18328075 0.04206693
vt 0.19327642 0.05235130
vt 0.21506786 0.06239301
vt 0.19896281 0.06378013
vt 0.17539862 0.04000974
vt 0.18080570 0.04923373
vt 0.18891658 0.06296617
vt 0.16909991 0.05074435
vt 0.17827705 0.05664384
vt 0.16557486 0.04777515
vt 0.16813225 0.03682482
vt 0.17394383 0.02043414
vt 0.17659031 0.01407051
vt 0.17824447 0.01032269
vt 0.17041737 0.02777725
vt 0.19062833 0.00144452
vt 0.19111747 0.06453931
vt 0.18354315 0.00046599
vt 0.23442768 0.06245339
vt 0.23507965 0.05963540
vt 0.23588461 0.06190753
vt 0.23746675 0.05688715
vt 0.23392440 0.06584120
vt 0.23526014 0.05716747
vt 0.23386210 0.07071722
vt 0.23906323 0.05364054
vt 0.23235936 0.07108814
vt 0.23059954 0.06536067
vt 0.21797858 0.06777114
vt 0.21051557 0.06894773
vt 0.23269342 0.07697344
vt 0.21719649 0.07442796
vt 0.19712135 0.06885076
vt 0.16777632 0.05931538
vt 0.17859876 0.06335759
vt 0.20691918 0.07498091
vt 0.19372940 0.07117331
vt 0.16779466 0.06739825
vt 0.16945280 0.07227880
vt 0.18178423 0.06899858
vt 0.16174345 0.05494308
vt 0.15934919 0.06397188
vt 0.17986627 0.07148564
vt 0.19530217 0.07649678
vt 0.16226159 0.04831839
vt 0.21358354 0.08304083
vt 0.22574058 0.08118474
vt 0.22799937 0.08200812
vt 0.20408617 0.07694727
vt 0.22777943 0.08637452
vt 0.23085077 0.08140498
vt 0.23288786 0.08366269
vt 0.23126623 0.08824545
vt 0.22652324 0.09091151
vt 0.20338248 0.08303547
vt 0.22861239 0.09380591
vt 0.16202332 0.03470379
vt 0.16160490 0.02747428
vt 0.23261379 0.09396958
vt 0.15283506 0.04789633
vt 0.13063020 0.04056644
vt 0.13271871 0.04795170
vt 0.10949601 0.04861516
vt 0.10932455 0.03958774
vt 0.08510485 0.04053241
vt 0.08654068 0.04940832
vt 0.05279165 0.05160272
vt 0.04454219 0.04534185
vt 0.05924930 0.03157896
vt 0.04100366 0.03585595
vt 0.03893646 0.03198373
vt 0.13225856 0.02745044
vt 0.09402636 0.02925134
vt 0.04614278 0.05222529
vt 0.06410784 0.02969384
vt 0.05268478 0.03060865
vt 0.22897783 0.09821230
vt 0.03201010 0.03439248
vt 0.03502234 0.04301530
vt 0.03618399 0.04913479
vt 0.03816871 0.05594355
vt 0.23320660 0.09792900
vt 0.02520113 0.05165607
vt 0.02853818 0.06350720
vt 0.01389706 0.06181151
vt 0.02337646 0.06608683
vt 0.01069190 0.06325769
vt 0.02586737 0.03854978
vt 0.01212419 0.04914021
vt 0.00167859 0.05640107
vt 0.01917407 0.04395562
vt 0.00495633 0.06134832
vt 0.00582609 0.06979895
vt 0.00047574 0.06810856
vt 0.23144093 0.10113007
vt 0.23447180 0.10187817
vt 0.23257822 0.10494351
vt 0.23752727 0.10159993
vt 0.23856008 0.10464483
vt 0.23614463 0.10754746
vt 0.23492825 0.11009389
vt 0.24405329 0.04864132
vt 0.17207141 0.23224628
vt 0.17723358 0.20021474
vt 0.17822893 0.22765297
vt 0.16655061 0.15632820
vt 0.17385623 0.14946926
vt 0.17059527 0.13109827
vt 0.17316014 0.12017864
vt 0.16427808 0.10181892
vt 0.15599133 0.12496668
vt 0.16521257 0.18303663
vt 0.15874338 0.20078248
vt 0.14540571 0.17769647
vt 0.13424104 0.23230684
vt 0.15150458 0.25957984
vt 0.11117666 0.28457606
vt 0.10145529 0.26538634
vt 0.07937749 0.27454823
vt 0.08799496 0.33060783
vt 0.06507938 0.29395282
vt 0.06714056 0.33155799
vt 0.07677784 0.35124898
vt 0.05609490 0.35582256
vt 0.07659642 0.38130307
vt 0.05788302 0.37305760
vt 0.10144179 0.38093960
vt 0.05446520 0.34639376
vt 0.05230337 0.30463886
vt 0.05036191 0.26094127
vt 0.07452951 0.22911924
vt 0.06847363 0.19340229
vt 0.10876337 0.21304822
vt 0.11465986 0.16965210
vt 0.12989035 0.12676281
vt 0.08974244 0.14527452
vt 0.10433354 0.09988374
vt 0.07447151 0.11246657
vt 0.06317318 0.13059562
vt 0.05210715 0.15977311
vt 0.04963194 0.22575825
vt 0.04705593 0.17410976
vt 0.04482420 0.12345719
vt 0.04536914 0.10132664
vt 0.07016222 0.08936965
vt 0.08479428 0.09358811
vt 0.08329540 0.07670766
vt 0.11697634 0.08317041
vt 0.14218625 0.09735924
vt 0.16179061 0.07981336
vt 0.14539869 0.07422405
vt 0.12241714 0.07557881
vt 0.06659482 0.07727045
vt 0.05286821 0.08389878
vt 0.16899881 0.09239137
vt 0.16622940 0.25420070
vt 0.14285262 0.29768324
vt 0.11962954 0.31699133
vt 0.13210158 0.36514699
vt 0.12164555 0.33980012
vt 0.15381721 0.35054874
vt 0.17284262 0.33412385
vt 0.17595790 0.35207194
vt 0.17572366 0.37152910
vt 0.15620308 0.37861621
vt 0.16180259 0.30883026
vt 0.17661165 0.32706648
vt 0.18294416 0.33693671
vt 0.18075210 0.29329479
vt 0.17961386 0.26258862
vt 0.17948246 0.36861384
vt 0.17247912 0.37799728
vt 0.06060451 0.37820673
vt 0.04511542 0.08754605
vt 0.15889579 0.07394886
vt 0.05494281 0.07792270
vt 0.06485479 0.38201463
vt 0.18205956 0.36098659
vt 0.18299267 0.32474923
vt 0.12220452 0.38148618
vt 0.18002933 0.23637217
vt 0.18192931 0.28669047
vt 0.05512778 0.36156297
vt 0.16977535 0.08293611
vt 0.17182685 0.09385419
vt 0.17604721 0.14961410
vt 0.17801441 0.18708819
vt 0.17475918 0.12261969
vt 0.17379548 0.10947490
vt 0.04840198 0.07945639
vt 0.08363757 0.38300431
vt 0.04393499 0.12414175
vt 0.04462460 0.14988375
vt 0.14643373 0.07266539
vt 0.16142298 0.37973928
vt 0.18274520 0.36867428
vt 0.17957307 0.37836784
vt 0.12994052 0.07272154
vt 0.16496435 0.07340693
vt 0.17046069 0.07714105
vt 0.04575481 0.20104140
vt 0.06820991 0.07497215
vt 0.09439000 0.07163000
vt 0.18390554 0.35707271
vt 0.04490296 0.07809728
vt 0.04172746 0.09797716
vt 0.18328549 0.37407959
vt 0.05401393 0.38054961
vt 0.07607969 0.38784456
vt 0.05090756 0.37484187
vt 0.04443273 0.23357677
vt 0.04874841 0.26439112
vt 0.11889058 0.38420492
vt 0.15678565 0.38478649
vt 0.05756883 0.38396752
vt 0.04091217 0.07959312
vt 0.06548028 0.38764495
vt 0.09530117 0.38740170
vt 0.15856780 0.06823432
vt 0.12966099 0.06802976
vt 0.05324579 0.07281238
vt 0.05331400 0.32840842
vt 0.17414828 0.38335621
vt 0.14533685 0.06843507
vt 0.03888099 0.08659315
vt 0.17190725 0.08149081
vt 0.11866172 0.38729656
vt 0.06907866 0.07090199
vt 0.05161345 0.38375354
vt 0.04281327 0.20660698
vt 0.04250941 0.16252208
vt 0.03976899 0.13328910
vt 0.05029336 0.36764920
vt 0.04983387 0.35120857
vt 0.04226185 0.25092292
vt 0.04925587 0.32938892
vt 0.04648555 0.27676582
vt 0.18664025 0.36887515
vt 0.03857952 0.21067232
vt 0.03740789 0.15694082
vt 0.03926730 0.19106424
vt 0.03695923 0.10023600
vt 0.09397478 0.06734926
vt 0.18402420 0.37873721
vt 0.04453081 0.38115883
vt 0.04243011 0.31267422
vt 0.04079228 0.27314013
vt 0.04279617 0.35650772
vt 0.04294544 0.37546158
vt 0.04247886 0.33255041
vt 0.04210076 0.07509911
vt 0.04281717 0.07166874
vt 0.03233513 0.07842612
vt 0.03127310 0.08638710
vt 0.03474866 0.25141871
vt 0.03548235 0.28124982
vt 0.03663959 0.31595892
vt 0.03443721 0.33416545
vt 0.03030103 0.14574099
vt 0.03169963 0.19111133
vt 0.03294443 0.21294641
vt 0.05230600 0.06959325
vt 0.05828162 0.38903785
vt 0.02967506 0.09341818
vt 0.13316827 0.06425148
vt 0.07405714 0.39017868
vt 0.10712217 0.39100051
vt 0.03553470 0.35641259
vt 0.13019985 0.39006221
vt 0.15764454 0.38845563
vt 0.18661621 0.36059630
vt 0.02887206 0.11075276
vt 0.17530370 0.38685453
vt 0.05864262 0.06686914
vt 0.09056847 0.06415099
vt 0.18925950 0.37493366
vt 0.04290235 0.38724744
vt 0.03348105 0.07172972
vt 0.17980702 0.19181550
vt 0.03432444 0.38337195
vt 0.03637110 0.37579727
vt 0.03373598 0.31437457
vt 0.18580638 0.34946847
vt 0.17766508 0.14854306
vt 0.04563256 0.06496471
vt 0.02323123 0.07771730
vt 0.06365626 0.39549553
vt 0.02944801 0.07197356
vt 0.02197142 0.07184398
vt 0.19083647 0.36923218
vt 0.18335047 0.28242391
vt 0.18235765 0.25664556
vt 0.18155237 0.22661668
vt 0.18929237 0.07785523
vt 0.17817242 0.08827001
vt 0.17551480 0.09407812
vt 0.03266784 0.27741396
vt 0.04942587 0.05947149
vt 0.05894902 0.06239003
vt 0.04768150 0.39054549
vt 0.05518313 0.39399689
vt 0.02553381 0.08801353
vt 0.03897083 0.06339157
vt 0.18505697 0.09646130
vt 0.19325976 0.08178747
vt 0.19137651 0.37982023
vt 0.07955495 0.39710379
vt 0.17203525 0.39298421
vt 0.16086642 0.39448607
vt 0.13651051 0.39601445
vt 0.10751680 0.39726722
vt 0.07047688 0.39811325
vt 0.18441333 0.31512833
vt 0.03355652 0.38952792
vt 0.12710257 0.05876464
vt 0.15451869 0.05737442
vt 0.19857416 0.38114059
vt 0.19527625 0.10307646
vt 0.18914999 0.12057239
vt 0.19588287 0.12474298
vt 0.19856574 0.14986950
vt 0.18953063 0.15282524
vt 0.19182979 0.17824298
vt 0.08816201 0.05585557
vt 0.05849899 0.05575901
vt 0.02758986 0.14653659
vt 0.20005603 0.18233359
vt 0.18618301 0.19296765
vt 0.18261839 0.14892602
vt 0.18117508 0.12232792
vt 0.19198029 0.22027153
vt 0.19313221 0.24574703
vt 0.17788756 0.39479524
vt 0.02220661 0.15153581
vt 0.02000607 0.10866779
vt 0.01991158 0.08749163
vt 0.03504489 0.39459288
vt 0.20808087 0.37604427
vt 0.20505539 0.38433743
vt 0.19408806 0.36012864
vt 0.20874131 0.37034535
vt 0.20879807 0.36361772
vt 0.17923838 0.39106554
vt 0.20018300 0.20641279
vt 0.19960567 0.28669149
vt 0.21088804 0.28218418
vt 0.21269481 0.29291701
vt 0.20123118 0.31232733
vt 0.22406712 0.24765456
vt 0.20617855 0.26491189
vt 0.20581290 0.24146211
vt 0.22243512 0.29126048
vt 0.19343534 0.26417577
vt 0.18935904 0.29228652
vt 0.19480088 0.32577741
vt 0.21148974 0.32314718
vt 0.21048734 0.33061433
vt 0.21659949 0.32183111
vt 0.22685586 0.29230112
vt 0.21820624 0.33080876
vt 0.22792840 0.32118654
vt 0.23091182 0.33926076
vt 0.23607861 0.32366931
vt 0.23531426 0.29566789
vt 0.23455156 0.27326298
vt 0.22756733 0.23926693
vt 0.23374689 0.25355494
vt 0.23174694 0.20770437
vt 0.22500055 0.21332866
vt 0.23048222 0.17370284
vt 0.22242947 0.18505239
vt 0.22235589 0.17291349
vt 0.22296771 0.15016556
vt 0.22917578 0.14770979
vt 0.22708499 0.11500901
vt 0.22083266 0.10598177
vt 0.22394639 0.34796840
vt 0.21057291 0.34044504
vt 0.23738740 0.34323752
vt 0.20119485 0.35144049
vt 0.20353755 0.34283185
vt 0.19546492 0.09502470
vt 0.20287290 0.17888629
vt 0.21687062 0.14832509
vt 0.20999952 0.10368884
vt 0.20056032 0.12307388
vt 0.21120772 0.18213707
vt 0.20495421 0.20696783
vt 0.21823475 0.20673949
vt 0.20167419 0.14315057
vt 0.21460910 0.12202311
vt 0.23395088 0.35444438
vt 0.23939122 0.34647822
vt 0.23961717 0.35900939
vt 0.22921795 0.36219501
vt 0.19447780 0.34141129
vt 0.21577457 0.36061883
vt 0.22275726 0.36258680
vt 0.22710164 0.10014695
vt 0.18642475 0.38814569
vt 0.19771302 0.39092797
vt 0.18109590 0.40434963
vt 0.23856221 0.36898053
vt 0.23297995 0.37069780
vt 0.22288385 0.37054718
vt 0.13063551 0.05303055
vt 0.07049245 0.40806603
vt 0.18738447 0.39960122
vt 0.18167467 0.40426183
vt 0.17440684 0.40525877
vt 0.14630550 0.40734386
vt 0.10432369 0.40766084
vt 0.06072965 0.40955067
vt 0.05625215 0.40793705
vt 0.04891717 0.40426081
vt 0.04104536 0.39929569
vt 0.06979425 0.41016030
vt 0.09732264 0.40962273
vt 0.03124905 0.35863793
vt 0.03159850 0.37573683
vt 0.01421426 0.07441592
vt 0.22832067 0.37553078
vt 0.02532465 0.38711488
vt 0.01839210 0.39186847
vt 0.02708552 0.29849100
vt 0.02790401 0.31853259
vt 0.02160520 0.33338344
vt 0.01733189 0.30631119
vt 0.01430242 0.31865776
vt 0.01520795 0.33554381
vt 0.01642271 0.35853738
vt 0.02173812 0.35864305
vt 0.01803708 0.37618780
vt 0.02276795 0.37598962
vt 0.01459408 0.27361536
vt 0.02406105 0.27266467
vt 0.03043441 0.24742615
vt 0.01676341 0.24790335
vt 0.01594390 0.21189022
vt 0.02145582 0.19100380
vt 0.01428233 0.19305164
vt 0.01300693 0.14441168
vt 0.01229492 0.10299295
vt 0.00938746 0.08791262
vt 0.00685963 0.07274777
vt 0.01079160 0.18982482
vt 0.00828590 0.15459108
vt 0.00782672 0.13180661
vt 0.01314721 0.24801767
vt 0.00668411 0.08424324
vt 0.01785431 0.38536549
vt 0.01878644 0.39603221
vt 0.01292214 0.29979098
vt 0.01199003 0.27325493
vt 0.03034353 0.39734089
vt 0.21451901 0.37888706
vt 0.22160429 0.37895346
vt 0.02265958 0.40090728
vt 0.00576183 0.09893525
vt 0.00881448 0.19216293
vt 0.01099061 0.25086868
vt 0.21191618 0.38646120
vt 0.23492426 0.37574267
vt 0.22740719 0.38286823
vt 0.21788213 0.38974941
vt 0.21603276 0.39097798
vt 0.20919831 0.39039135
vt 0.03048551 0.40568399
vt 0.04072372 0.41034138
vt 0.01651604 0.40488422
vt 0.04907431 0.41814268
vt 0.04538987 0.42318118
vt 0.19019784 0.41371322
vt 0.22407264 0.40042973
vt 0.20606226 0.40113908
vt 0.21985830 0.40338230
vt 0.19385014 0.40558636
vt 0.19417776 0.42273700
vt 0.18659838 0.42079842
vt 0.19384028 0.42451072
vt 0.01371407 0.40785921
vt 0.21499130 0.40782762
vt 0.20897643 0.41322112
vt 0.23640238 0.38346362
vt 0.23231070 0.39028275
vt 0.23969585 0.37621975
vt 0.01692754 0.41028142
vt 0.02540472 0.41485411
vt 0.03357268 0.41993785
vt 0.03962874 0.42451072
vt 0.22698246 0.39734465
vt 0.01448626 0.55170113
vt 0.01666201 0.55182970
vt 0.01459452 0.54788876
vt 0.01831920 0.55132794
vt 0.01855376 0.54612374
vt 0.01715670 0.54449666
vt 0.01476641 0.54287046
vt 0.01661719 0.55346578
vt 0.01284491 0.55145407
vt 0.01323957 0.54297346
vt 0.01329245 0.55326873
vt 0.01687343 0.55541044
vt 0.01826445 0.55384094
vt 0.01855376 0.55778193
vt 0.91504532 0.04351902
vt 0.91441512 0.04677606
vt 0.91712695 0.04527652
vt 0.91809994 0.04998946
vt 0.92013741 0.04929572
vt 0.91491771 0.05048913
vt 0.91642088 0.05409521
vt 0.92086565 0.05338913
vt 0.92161000 0.05082917
vt 0.91545814 0.05466157
vt 0.91983736 0.04405713
vt 0.91792876 0.04106849
vt 0.91519988 0.04010016
vt 0.91294008 0.04136455
vt 0.91567212 0.03438789
vt 0.91994917 0.03678077
vt 0.91333312 0.03058201
vt 0.91781271 0.03285402
vt 0.91533536 0.03076309
vt 0.92147380 0.02982187
vt 0.92245483 0.03210217
vt 0.92162728 0.04310697
vt 0.91629338 0.02920079
vt 0.91531199 0.02469712
vt 0.91916060 0.02868533
vt 0.92245483 0.05545199
vt 0.53615606 0.70316869
vt 0.53235012 0.70192307
vt 0.53354168 0.70101821
vt 0.53615606 0.69478101
vt 0.84919125 0.23532152
vt 0.85299712 0.23532152
vt 0.85224617 0.23066169
vt 0.84999627 0.23147929
vt 0.22698478 0.41642278
vt 0.22500466 0.41484219
vt 0.23695080 0.41705501
vt 0.24939366 0.41502202
vt 0.27526823 0.41480690
vt 0.27754053 0.41676956
vt 0.24917422 0.41688675
vt 0.28546333 0.41507685
vt 0.28573275 0.41705501
vt 0.25282651 0.41289878
vt 0.27691454 0.41239512
vt 0.28494307 0.41264462
vt 0.22407231 0.41319764
vt 0.28782111 0.41521907
vt 0.88725024 0.56989747
vt 0.88709557 0.56891400
vt 0.88276392 0.56964844
vt 0.88422686 0.56761390
vt 0.87773550 0.56989747
vt 0.87841517 0.56710160
vt 0.01499600 0.02656102
vt 0.01189343 0.02749300
vt 0.02331113 0.02749300
vt 0.71314275 0.49604309
vt 0.70847511 0.49402732
vt 0.70924228 0.49286330
vt 0.71385151 0.49923325
vt 0.71630079 0.49872243
vt 0.71782178 0.50138831
vt 0.70518816 0.48845190
vt 0.70745558 0.48847103
vt 0.70429349 0.48222184
vt 0.70911461 0.48888350
vt 0.72460109 0.50271440
vt 0.70495212 0.47823942
vt 0.70234931 0.47239935
vt 0.70469660 0.46808910
vt 0.72229815 0.50404984
vt 0.70171267 0.47628784
vt 0.74859369 0.46820831
vt 0.72939003 0.47816592
vt 0.73305917 0.45035267
vt 0.75200665 0.44435382
vt 0.76236159 0.44872975
vt 0.76976538 0.48461777
vt 0.72550786 0.44234061
vt 0.73848605 0.49391639
vt 0.75699043 0.49969649
vt 0.74063164 0.50422513
vt 0.72053248 0.49944115
vt 0.76998013 0.48804295
vt 0.70636791 0.47115916
vt 0.70859361 0.45775080
vt 0.71275610 0.45143318
vt 0.76653123 0.45344514
vt 0.76996136 0.46255839
vt 0.73559344 0.44062746
vt 0.72009724 0.44524592
vt 0.77299631 0.47701710
vt 0.75098950 0.50324696
vt 0.74650711 0.44057477
vt 0.75132251 0.44200265
vt 0.75842601 0.44515753
vt 0.76653934 0.49395722
vt 0.77189255 0.46483445
vt 0.75841600 0.50065386
vt 0.76959330 0.45782000
vt 0.73947954 0.43864709
vt 0.73392254 0.43879956
vt 0.73347384 0.50531834
vt 0.77238083 0.48491335
vt 0.70457238 0.46164846
vt 0.71648920 0.44462049
vt 0.71282721 0.44771200
vt 0.74008256 0.50559181
vt 0.72813302 0.43902308
vt 0.75395024 0.44079918
vt 0.77497619 0.47489530
vt 0.72164130 0.44072348
vt 0.71026969 0.44994676
vt 0.70830631 0.45240164
vt 0.74710023 0.43849623
vt 0.70634484 0.45564020
vt 0.76320380 0.44662333
vt 0.76729500 0.45092785
vt 0.77493554 0.46825922
vt 0.75923848 0.44326717
vt 0.77465183 0.48173273
vt 0.77054888 0.45492482
vt 0.77010131 0.49295390
vt 0.76452345 0.49879360
vt 0.72917390 0.50559181
vt 0.77281463 0.48854983
vt 0.77298653 0.46015751
vt 0.75564647 0.50398207
vt 0.76755601 0.49511409
vt 0.74122339 0.43662632
vt 0.73356873 0.43677807
vt 0.77470726 0.46433342
vt 0.72578704 0.43780959
vt 0.41722170 0.54007459
vt 0.41722170 0.55405408
vt 0.41627023 0.54821378
vt 0.56972039 0.76025206
vt 0.57153141 0.75722480
vt 0.56945765 0.75783700
vt 0.57389641 0.76173860
vt 0.57913345 0.76644862
vt 0.57824892 0.76443511
vt 0.57949543 0.76654238
vt 0.58944118 0.76631624
vt 0.60008550 0.76623219
vt 0.58572859 0.75820309
vt 0.58164012 0.76315832
vt 0.61343920 0.75797004
vt 0.61461192 0.76501459
vt 0.58209717 0.75741065
vt 0.57590997 0.76112533
vt 0.61512846 0.76613802
vt 0.57565564 0.75728065
vt 0.60637587 0.75723279
vt 0.58887029 0.75722271
vt 0.61503154 0.75738925
vt 0.61512846 0.75812125
vt 0.55613703 0.09925443
vt 0.55613703 0.10111839
vt 0.55423409 0.10013914
vt 0.56945765 0.94920784
vt 0.63891530 0.94920784
vt 0.60949916 0.94827586
vt 0.94243580 0.30617642
vt 0.94452995 0.30521905
vt 0.94454485 0.30708295
vt 0.94909608 0.30617642
vt 0.31921980 0.82616454
vt 0.31826833 0.82712024
vt 0.31826833 0.82432431
vt 0.77687919 0.47856474
vt 0.78242916 0.47949672
vt 0.78544241 0.47856474
vt 0.89581352 0.23522824
vt 0.89486206 0.23811746
vt 0.89486217 0.22600186
vt 0.99667299 0.74231130
vt 0.99952424 0.74030864
vt 0.99766594 0.74110377
vt 0.99381542 0.69177306
vt 0.99660408 0.68106407
vt 0.99404877 0.68682915
vt 0.99652267 0.69184154
vt 0.99401098 0.68049067
vt 0.99651235 0.70238185
vt 0.99402171 0.70345843
vt 0.99398524 0.71259248
vt 0.99614125 0.71515763
vt 0.99382216 0.72679186
vt 0.99604905 0.73513466
vt 0.99386418 0.73594809
vt 0.99459511 0.73911846
vt 0.99551010 0.67707360
vt 0.99952424 0.68110245
vt 0.99854887 0.68167651
vt 0.99869114 0.69292909
vt 0.99809659 0.71165431
vt 0.99805045 0.73417693
vt 0.41531876 0.52474356
vt 0.41436726 0.52795899
vt 0.41436732 0.51770735
vt 0.10799239 0.97809881
vt 0.10894386 0.98140061
vt 0.10799239 0.98462254
vt 0.47716460 0.56244177
vt 0.47898245 0.56337374
vt 0.48192197 0.56244183
vt 0.98525214 0.24926573
vt 0.98521751 0.28584534
vt 0.98033017 0.25664145
vt 0.98008615 0.28672057
vt 0.98111904 0.24222434
vt 0.97974610 0.29345775
vt 0.98525214 0.29403543
vt 0.98516923 0.24159014
vt 0.98429286 0.22865748
vt 0.97882211 0.23305410
vt 0.98005480 0.22830880
vt 0.97859180 0.27075988
vt 0.97876871 0.25463229
vt 0.97870415 0.29324400
vt 0.98049778 0.22600186
vt 0.98454714 0.22722769
vt 0.86441487 0.86435860
vt 0.87012368 0.86669630
vt 0.87012368 0.86001360
vt 0.86454374 0.85787511
vt 0.86478567 0.87092263
vt 0.91674596 0.51304752
vt 0.91135216 0.51224566
vt 0.91538554 0.50695062
vt 0.91103709 0.50575352
vt 0.91142553 0.49941087
vt 0.91593862 0.50173557
vt 0.91674596 0.49594355
vt 0.91151863 0.49611676
vt 0.91537857 0.49225545
vt 0.91150963 0.49271846
vt 0.91625261 0.48955685
vt 0.91209435 0.48881638
vt 0.20218839 0.42823857
vt 0.20694576 0.42823857
vt 0.20479906 0.42451072
vt 0.50737023 0.97705430
vt 0.51785618 0.98010081
vt 0.51251441 0.97862643
vt 0.44835049 0.99290299
vt 0.44804144 0.99539024
vt 0.44656315 0.99538839
vt 0.45690197 0.99102503
vt 0.45594341 0.99383849
vt 0.44119808 0.99548966
vt 0.43955052 0.99718863
vt 0.43816704 0.99481058
vt 0.44249028 0.99262583
vt 0.43828768 0.99781227
vt 0.46126279 0.97198391
vt 0.46773639 0.97157502
vt 0.46879432 0.97396147
vt 0.46262956 0.98186862
vt 0.47068888 0.98272020
vt 0.47157127 0.99316722
vt 0.46313214 0.99302894
vt 0.47997314 0.98081869
vt 0.47806031 0.97294819
vt 0.47656399 0.99428749
vt 0.47776714 0.97179323
vt 0.48073256 0.98407340
vt 0.47984058 0.99478042
vt 0.48478246 0.97230107
vt 0.45473212 0.97890890
vt 0.45243883 0.97306740
vt 0.45541099 0.98439819
vt 0.44582507 0.97741950
vt 0.44407466 0.97412062
vt 0.44029889 0.98384666
vt 0.43872800 0.97590780
vt 0.45085406 0.98828310
vt 0.44100529 0.98867941
vt 0.46079630 0.99376953
vt 0.48421270 0.99532241
vt 0.48902139 0.98319709
vt 0.48962671 0.97299492
vt 0.49032089 0.99601650
vt 0.46465781 0.99405938
vt 0.43113905 0.98081553
vt 0.42983842 0.97775942
vt 0.43023390 0.98568648
vt 0.42197907 0.98023123
vt 0.43056902 0.99637872
vt 0.42369121 0.99026030
vt 0.43185970 0.99953401
vt 0.46751806 0.99326700
vt 0.43844596 0.97477990
vt 0.49235103 0.97357059
vt 0.49775749 0.98727536
vt 0.50059503 0.98059034
vt 0.50102907 0.97532392
vt 0.49484557 0.99711102
vt 0.50953895 0.98424107
vt 0.50452435 0.99205667
vt 0.49870741 0.99794394
vt 0.50309467 0.99823666
vt 0.50322545 0.99953401
vt 0.52105224 0.98555905
vt 0.51996106 0.99210024
vt 0.52949572 0.99542254
vt 0.68163162 0.82584238
vt 0.68386930 0.83201993
vt 0.68092549 0.83250195
vt 0.67403179 0.82523179
vt 0.68928003 0.82658345
vt 0.68418139 0.82026410
vt 0.67181075 0.82044744
vt 0.67852747 0.83291668
vt 0.67451781 0.83351839
vt 0.67560434 0.83654439
vt 0.67869008 0.83803701
vt 0.67539477 0.83827621
vt 0.69326925 0.82068521
vt 0.68166369 0.81314075
vt 0.68744057 0.81357992
vt 0.69169086 0.81396943
vt 0.68906540 0.83197498
vt 0.69737083 0.83262032
vt 0.69245702 0.83436555
vt 0.69659984 0.82358086
vt 0.66959852 0.82724464
vt 0.69607675 0.83582777
vt 0.69933575 0.83634639
vt 0.70193452 0.83255148
vt 0.70165700 0.83635044
vt 0.70672929 0.83333534
vt 0.68987697 0.83617675
vt 0.68239820 0.83719110
vt 0.67854083 0.81692374
vt 0.68095988 0.83774066
vt 0.70596379 0.82672226
vt 0.71178472 0.83400714
vt 0.67404771 0.83830380
vt 0.68458748 0.83549035
vt 0.67959601 0.83732116
vt 0.70697689 0.83649331
vt 0.71460879 0.82602495
vt 0.70733368 0.81480163
vt 0.71689016 0.83497399
vt 0.69514799 0.83703542
vt 0.71427119 0.81592524
vt 0.71883923 0.81668782
vt 0.69171202 0.83728403
vt 0.70206499 0.82563615
vt 0.71111333 0.83715570
vt 0.70350814 0.83665299
vt 0.69562697 0.81395054
vt 0.67381155 0.81351769
vt 0.66936249 0.81392074
vt 0.71637654 0.83830380
vt 0.68656373 0.83734798
vt 0.68866807 0.83732790
vt 0.68387800 0.83738309
vt 0.70022655 0.81447178
vt 0.67263860 0.73671949
vt 0.67126548 0.73578751
vt 0.67507136 0.73578751
vt 0.33849543 0.63979048
vt 0.34351477 0.64097196
vt 0.33839640 0.64132684
vt 0.33667767 0.64206833
vt 0.33722526 0.64497203
vt 0.31632146 0.64482981
vt 0.31440052 0.64165759
vt 0.31665963 0.65201408
vt 0.31490147 0.65278488
vt 0.32594103 0.63619357
vt 0.31029716 0.63655525
vt 0.31101426 0.64230573
vt 0.30142754 0.64328426
vt 0.28419071 0.64208275
vt 0.28686121 0.63694811
vt 0.28305897 0.63688934
vt 0.28179872 0.63981384
vt 0.28656083 0.63600063
vt 0.30275410 0.65073180
vt 0.31069842 0.65402502
vt 0.30759135 0.66128713
vt 0.29655516 0.65924633
vt 0.29569438 0.66774768
vt 0.28372711 0.65832597
vt 0.28450522 0.65361059
vt 0.28268942 0.66405183
vt 0.31133124 0.68025142
vt 0.28312585 0.66761333
vt 0.28354135 0.68040943
vt 0.28971899 0.64516056
vt 0.32249308 0.63517600
vt 0.33818042 0.63474756
vt 0.31241855 0.64395785
vt 0.33534205 0.65332097
vt 0.33728638 0.65272087
vt 0.32953355 0.66594183
vt 0.32163388 0.66328090
vt 0.28432125 0.64876628
vt 0.33774930 0.67466474
vt 0.33865473 0.66731018
vt 0.34578755 0.63884407
vt 0.34580478 0.64081973
vt 0.34920812 0.64821261
vt 0.35321721 0.63986170
vt 0.35432544 0.65653145
vt 0.36645263 0.64967531
vt 0.36760232 0.66789407
vt 0.36958551 0.64037842
vt 0.36476475 0.63579965
vt 0.38033500 0.63302547
vt 0.37241679 0.63251990
vt 0.36632320 0.63018620
vt 0.35392284 0.66923219
vt 0.35869420 0.68846983
vt 0.35545617 0.68116182
vt 0.37649038 0.66384393
vt 0.37732112 0.68792987
vt 0.38632658 0.67912120
vt 0.39168024 0.68990999
vt 0.37988693 0.69209778
vt 0.36315826 0.69604325
vt 0.36384076 0.68951684
vt 0.38529387 0.66316265
vt 0.39268777 0.68650049
vt 0.36693034 0.69734645
vt 0.38235921 0.69360662
vt 0.34125426 0.63557780
vt 0.38792917 0.66481042
vt 0.38923275 0.66536176
vt 0.38976842 0.66432542
vt 0.39497000 0.67329061
vt 0.38079399 0.65569544
vt 0.38135630 0.63049126
vt 0.38488072 0.65105253
vt 0.37762201 0.69615048
vt 0.37857929 0.69834858
vt 0.38614011 0.69711888
vt 0.38756505 0.69455642
vt 0.39547309 0.69533300
vt 0.38928124 0.69999212
vt 0.40063539 0.69277996
vt 0.40552926 0.69361603
vt 0.40813825 0.69647574
vt 0.41385269 0.69191521
vt 0.41158956 0.69023472
vt 0.36790192 0.70057094
vt 0.42642576 0.69203806
vt 0.38381344 0.69963759
vt 0.41389814 0.68925285
vt 0.39401212 0.69335157
vt 0.39600000 0.69156009
vt 0.38989490 0.70167583
vt 0.40462708 0.69852138
vt 0.41317159 0.68744451
vt 0.39656869 0.68806833
vt 0.42122343 0.68681830
vt 0.42153105 0.68508309
vt 0.43143296 0.68473756
vt 0.41342235 0.68387216
vt 0.41198429 0.67790729
vt 0.41871256 0.66263813
vt 0.41211942 0.63921434
vt 0.41988569 0.64150447
vt 0.42613885 0.63764858
vt 0.42862934 0.64267278
vt 0.43801516 0.63541770
vt 0.42131156 0.62977636
vt 0.42836165 0.66322351
vt 0.44403157 0.64089650
vt 0.43974715 0.64512819
vt 0.44501376 0.67585444
vt 0.44616014 0.65585548
vt 0.44681194 0.67708933
vt 0.44642714 0.68258822
vt 0.44792703 0.68088758
vt 0.44324630 0.68299770
vt 0.44530815 0.63258892
vt 0.44798997 0.66936809
vt 0.44885418 0.68678522
vt 0.44529280 0.68476868
vt 0.44071144 0.68584323
vt 0.35939258 0.69768107
vt 0.35633466 0.68937778
vt 0.34914145 0.65929365
vt 0.34884903 0.66584837
vt 0.35813570 0.69907701
vt 0.34459218 0.64599550
vt 0.34620512 0.64578879
vt 0.35534951 0.69292235
vt 0.33976391 0.64335543
vt 0.33859161 0.65104067
vt 0.42160413 0.69038212
vt 0.42216510 0.69507200
vt 0.41073403 0.64795566
vt 0.41042379 0.67696524
vt 0.40958649 0.65229529
vt 0.40849319 0.64799261
vt 0.40768826 0.65361428
vt 0.40999085 0.63610315
vt 0.40578020 0.69144928
vt 0.39523196 0.68109304
vt 0.39311838 0.69151366
vt 0.36069044 0.69887066
vt 0.40989777 0.68205726
vt 0.43307355 0.68625021
vt 0.28267869 0.67832392
vt 0.38871312 0.66384387
vt 0.34819344 0.64978594
vt 0.28256482 0.65809876
vt 0.45050988 0.68684578
vt 0.45181000 0.69205171
vt 0.43502799 0.66621679
vt 0.44919229 0.67947435
vt 0.45114481 0.68525481
vt 0.45107108 0.67983174
vt 0.45236069 0.68409866
vt 0.45350417 0.68202084
vt 0.45626253 0.68169636
vt 0.45294464 0.67733711
vt 0.45779613 0.68372184
vt 0.41202086 0.68602270
vt 0.33814126 0.69356352
vt 0.30605805 0.63560420
vt 0.44591692 0.68588728
vt 0.45784995 0.68650401
vt 0.45778623 0.67750353
vt 0.46793684 0.69001824
vt 0.46119237 0.68589246
vt 0.46527296 0.68728220
vt 0.46539253 0.68467981
vt 0.47780186 0.68354028
vt 0.48103449 0.68562591
vt 0.49475831 0.68468410
vt 0.49419543 0.68193108
vt 0.48528954 0.68041021
vt 0.49609926 0.68238205
vt 0.49756056 0.68367153
vt 0.49357986 0.68938667
vt 0.50559920 0.68436325
vt 0.49946171 0.68219531
vt 0.51691526 0.68935764
vt 0.51327527 0.68358737
vt 0.51896107 0.68432516
vt 0.51450235 0.68157941
vt 0.51814502 0.68190026
vt 0.52608913 0.68152559
vt 0.52694076 0.68406558
vt 0.53218305 0.68174040
vt 0.53325313 0.68387401
vt 0.54080439 0.68198568
vt 0.54299384 0.68422478
vt 0.54589796 0.68218631
vt 0.54801649 0.68063933
vt 0.52750182 0.67940485
vt 0.54961967 0.68364096
vt 0.54933023 0.67936373
vt 0.55133957 0.68034750
vt 0.55164659 0.67645693
vt 0.55278546 0.67719370
vt 0.54780787 0.67753154
vt 0.55482876 0.67722553
vt 0.56535327 0.66118687
vt 0.56032842 0.67814636
vt 0.55580896 0.68462700
vt 0.57495600 0.65505362
vt 0.56601971 0.65675545
vt 0.56472397 0.65692115
vt 0.57420319 0.64421487
vt 0.57295442 0.64407867
vt 0.56985545 0.65424067
vt 0.54825962 0.68493217
vt 0.57272124 0.64275467
vt 0.57424927 0.64267850
vt 0.57632446 0.64197206
vt 0.57940388 0.63612801
vt 0.52377516 0.68962330
vt 0.52872008 0.68614781
vt 0.50521040 0.68213624
vt 0.50578046 0.67859137
vt 0.49979156 0.67838341
vt 0.50134093 0.67579347
vt 0.50630289 0.67630589
vt 0.50776374 0.67821610
vt 0.50675273 0.65429819
vt 0.49940342 0.67571652
vt 0.49860126 0.66887462
vt 0.49881181 0.66289705
vt 0.49782282 0.65935218
vt 0.49772167 0.64486039
vt 0.50841981 0.67997307
vt 0.51750749 0.67214227
vt 0.51439452 0.67842424
vt 0.51394540 0.67689520
vt 0.46607333 0.68286824
vt 0.55233413 0.67583424
vt 0.49739528 0.68049794
vt 0.50918084 0.68145931
vt 0.51040012 0.68293732
vt 0.51862067 0.67327583
vt 0.51893610 0.67569560
vt 0.52807236 0.66852999
vt 0.53103167 0.66409713
vt 0.53525257 0.66301495
vt 0.53684211 0.65962303
vt 0.54657340 0.65470290
vt 0.54916048 0.65046215
vt 0.54293871 0.65196472
vt 0.55028540 0.64693993
vt 0.54815078 0.64645392
vt 0.55373323 0.64383340
vt 0.55220127 0.64770567
vt 0.55392742 0.64939052
vt 0.54414380 0.64267087
vt 0.54833239 0.63771456
vt 0.54276329 0.64198172
vt 0.55644733 0.64238995
vt 0.54969901 0.63242137
vt 0.54826367 0.63495302
vt 0.54703748 0.62389112
vt 0.56340903 0.64323235
vt 0.55492467 0.63137484
vt 0.53322762 0.60574609
vt 0.55818456 0.64512080
vt 0.52878422 0.60219091
vt 0.51742554 0.58686483
vt 0.51739508 0.58863413
vt 0.52030307 0.59844524
vt 0.50226808 0.56896549
vt 0.50184488 0.57025146
vt 0.52419037 0.60419798
vt 0.50627100 0.58110482
vt 0.53822243 0.61935890
vt 0.51571661 0.60597885
vt 0.51396942 0.60422808
vt 0.55845255 0.64809906
vt 0.56185865 0.65185928
vt 0.55067998 0.65429628
vt 0.54600054 0.66141135
vt 0.55600005 0.66907156
vt 0.54292893 0.67762882
vt 0.51963419 0.67951977
vt 0.52135873 0.67658830
vt 0.55306876 0.65096033
vt 0.51756054 0.60783744
vt 0.55612588 0.64390141
vt 0.50623262 0.61321139
vt 0.53565699 0.66476488
vt 0.52203280 0.60649818
vt 0.51282656 0.61321092
vt 0.54749966 0.63373077
vt 0.55816448 0.64645267
vt 0.54630625 0.63508016
vt 0.51500738 0.67868316
vt 0.50797546 0.68257749
vt 0.39731804 0.67472154
vt 0.39069515 0.66312838
vt 0.39454490 0.66566956
vt 0.39972451 0.67435741
vt 0.40020558 0.67244655
vt 0.39370972 0.66166592
vt 0.40516031 0.67421716
vt 0.40697271 0.68103516
vt 0.38872367 0.64993137
vt 0.40051234 0.66059029
vt 0.38323557 0.64408803
vt 0.38037005 0.63911790
vt 0.38574192 0.63641703
vt 0.38276896 0.62888646
vt 0.38393092 0.63001114
vt 0.38733125 0.62760592
vt 0.38747448 0.62632203
vt 0.39150736 0.63199085
vt 0.38748130 0.63680881
vt 0.38701713 0.62964040
vt 0.38989136 0.63242471
vt 0.38584223 0.63189524
vt 0.37592193 0.63758802
vt 0.38471252 0.65298373
vt 0.38964900 0.63536292
vt 0.39494732 0.64009327
vt 0.40367347 0.68048692
vt 0.48208722 0.69017518
vt 0.51859260 0.59952533
vt 0.51769090 0.59806085
vt 0.51243198 0.60367149
vt 0.50659364 0.60945034
vt 0.51183897 0.60279793
vt 0.51694053 0.59920198
vt 0.49416107 0.67992985
vt 0.45851362 0.68413252
vt 0.53408921 0.65904224
vt 0.45741692 0.68445385
vt 0.45521381 0.68577385
vt 0.54558355 0.63370770
vt 0.33934665 0.70031476
vt 0.33832881 0.69871581
vt 0.33188713 0.70044261
vt 0.33794290 0.70385528
vt 0.33124152 0.70372629
vt 0.33083355 0.70669979
vt 0.32371733 0.70471412
vt 0.32332110 0.70964766
vt 0.31760597 0.70721895
vt 0.32806036 0.71198511
vt 0.33874241 0.71109527
vt 0.33303872 0.71709085
vt 0.33560571 0.72155327
vt 0.33832583 0.72685111
vt 0.36430359 0.71710038
vt 0.34406376 0.73228323
vt 0.33935711 0.73873234
vt 0.33813387 0.74997658
vt 0.33560514 0.74780464
vt 0.33394274 0.75073683
vt 0.37252742 0.72982168
vt 0.36251718 0.74358773
vt 0.33684233 0.72657508
vt 0.33832625 0.73101836
vt 0.33530101 0.72937584
vt 0.33387706 0.72564137
vt 0.33173093 0.73155254
vt 0.32853162 0.73191524
vt 0.33323592 0.72278446
vt 0.33284172 0.73494297
vt 0.32815385 0.72668469
vt 0.33461565 0.72138828
vt 0.34919211 0.70926291
vt 0.37198907 0.74646056
vt 0.37164184 0.75468838
vt 0.36230925 0.75527781
vt 0.37260002 0.75602150
vt 0.37270832 0.75454092
vt 0.37196657 0.75310135
vt 0.38036644 0.75627452
vt 0.37366873 0.76010454
vt 0.37272620 0.72338605
vt 0.37202317 0.71729809
vt 0.37194163 0.71337068
vt 0.34810612 0.74800527
vt 0.33708385 0.75398535
vt 0.33283314 0.75445455
vt 0.33142206 0.75293535
vt 0.32873774 0.75488985
vt 0.32394302 0.75727022
vt 0.33446965 0.76370817
vt 0.34481192 0.76300347
vt 0.32404602 0.76185143
vt 0.31976557 0.76343375
vt 0.33410960 0.76456463
vt 0.36621809 0.76463085
vt 0.31798476 0.76125467
vt 0.31093028 0.76315308
vt 0.32138065 0.75983167
vt 0.33895057 0.73527324
vt 0.31397316 0.70175493
vt 0.33315632 0.74763083
vt 0.31791955 0.70868051
vt 0.30851933 0.70619768
vt 0.31036144 0.70354974
vt 0.30379528 0.70414895
vt 0.30740395 0.69986546
vt 0.30315161 0.70690954
vt 0.30333337 0.70907903
vt 0.29620028 0.70957589
vt 0.29803178 0.71056336
vt 0.29316324 0.71171165
vt 0.29015023 0.71089095
vt 0.28918570 0.71189219
vt 0.28631330 0.71221560
vt 0.28397971 0.70245779
vt 0.28592861 0.69899470
vt 0.28602147 0.69644833
vt 0.28279951 0.69454795
vt 0.28629422 0.69189632
vt 0.28927228 0.67957616
vt 0.28838539 0.68786657
vt 0.28451332 0.71432060
vt 0.28784534 0.71594906
vt 0.28194797 0.71430290
vt 0.28587574 0.68055183
vt 0.27283046 0.69120216
vt 0.27777910 0.70106953
vt 0.26714623 0.70293868
vt 0.27611876 0.70788687
vt 0.26024091 0.70192021
vt 0.25632176 0.71457070
vt 0.26049119 0.72274011
vt 0.26755846 0.68753016
vt 0.26306823 0.68731892
vt 0.28156990 0.67064482
vt 0.27162117 0.66752917
vt 0.29174891 0.71388054
vt 0.28509673 0.71788174
vt 0.28707612 0.72424257
vt 0.28938010 0.72231758
vt 0.28734940 0.70068628
vt 0.29054290 0.70346648
vt 0.29304779 0.70215130
vt 0.29262120 0.70029527
vt 0.28788713 0.69912666
vt 0.28503168 0.72680485
vt 0.29171354 0.72083664
vt 0.28091437 0.72316492
vt 0.28224638 0.71961862
vt 0.27784044 0.72000086
vt 0.27604583 0.72199023
vt 0.27362266 0.72165430
vt 0.27755779 0.72794199
vt 0.27280974 0.72750300
vt 0.27045187 0.73333079
vt 0.30251250 0.71091449
vt 0.29590747 0.70889372
vt 0.29777211 0.70355952
vt 0.26628914 0.67419469
vt 0.27203080 0.65156412
vt 0.27659306 0.65048987
vt 0.27850205 0.63945580
vt 0.32771829 0.70021641
vt 0.33965153 0.70465773
vt 0.31132200 0.70790273
vt 0.33098504 0.75051957
vt 0.32798707 0.69417948
vt 0.32406580 0.71084964
vt 0.32336393 0.71156538
vt 0.32637653 0.71305555
vt 0.32049558 0.71547943
vt 0.32556576 0.71917152
vt 0.32126713 0.71798700
vt 0.32599220 0.72111058
vt 0.32780182 0.72388732
vt 0.32473609 0.72355407
vt 0.32689476 0.72766697
vt 0.32242009 0.72644567
vt 0.32378569 0.72948432
vt 0.32095355 0.72923315
vt 0.32543698 0.73353595
vt 0.31657514 0.72402817
vt 0.32219124 0.73230749
vt 0.32866251 0.73357570
vt 0.32941315 0.73840815
vt 0.32687914 0.73957121
vt 0.33254766 0.74397254
vt 0.32979724 0.74304605
vt 0.32808197 0.74386257
vt 0.33247131 0.74069971
vt 0.33505076 0.74601918
vt 0.33148763 0.74792844
vt 0.31806904 0.72294557
vt 0.32053569 0.72247660
vt 0.32509270 0.74309206
vt 0.32537431 0.74640137
vt 0.31550810 0.71575636
vt 0.30998665 0.71451724
vt 0.32281694 0.72178304
vt 0.31861612 0.71956909
vt 0.32925871 0.71694326
vt 0.32921401 0.71511775
vt 0.31431070 0.71700311
vt 0.32845652 0.71319348
vt 0.40069151 0.64020681
vt 0.31389916 0.65577382
vt 0.52455109 0.60833186
vt 0.31444985 0.66561866
vt 0.31560603 0.66565067
vt 0.31583941 0.67449182
vt 0.31474888 0.68017852
vt 0.31422397 0.68702388
vt 0.31499451 0.69017082
vt 0.31672558 0.69355291
vt 0.31492421 0.69925922
vt 0.31800804 0.68289953
vt 0.31846511 0.69110811
vt 0.32233468 0.68518329
vt 0.31334642 0.66213906
vt 0.25836799 0.73438543
vt 0.40860528 0.68766445
vt 0.40544441 0.68949407
vt 0.40721029 0.68716305
vt 0.40360737 0.68826473
vt 0.40472558 0.68521160
vt 0.57960445 0.63322484
vt 0.58336556 0.63158798
vt 0.58337396 0.63284373
vt 0.59076250 0.63484007
vt 0.58929205 0.63661081
vt 0.58423859 0.63494319
vt 0.58990669 0.63297379
vt 0.59133065 0.63334644
vt 0.59115654 0.63149124
vt 0.59262782 0.63451695
vt 0.59273845 0.64121175
vt 0.59428775 0.62703097
vt 0.58266908 0.62789106
vt 0.58867627 0.62606370
vt 0.61450428 0.62483138
vt 0.57046157 0.62709415
vt 0.61299598 0.63388592
vt 0.60714239 0.64657784
vt 0.61349344 0.64458197
vt 0.61429447 0.66719151
vt 0.61570054 0.64671296
vt 0.60165614 0.65856934
vt 0.60778522 0.67964911
vt 0.61460358 0.68131733
vt 0.61472273 0.68895924
vt 0.60387093 0.68937951
vt 0.59977847 0.68023247
vt 0.59439975 0.68984431
vt 0.59410250 0.67841709
vt 0.59336686 0.68391967
vt 0.59341621 0.69160682
vt 0.59677815 0.69208509
vt 0.59422421 0.69495702
vt 0.59676737 0.69520736
vt 0.59418964 0.69718963
vt 0.59226143 0.66087502
vt 0.60735965 0.69529808
vt 0.59282094 0.69316316
vt 0.61507910 0.63093257
vt 0.56443417 0.62857610
vt 0.57350850 0.63431585
vt 0.61668622 0.68594235
vt 0.59305340 0.64914805
vt 0.58391494 0.63110214
vt 0.57311618 0.63949037
vt 0.56463790 0.64880008
vt 0.56480503 0.63697582
vt 0.28052613 0.65421081
vt 0.34548935 0.66092420
vt 0.34023964 0.64686954
vt 0.34390169 0.66307074
vt 0.35072234 0.69335234
vt 0.57283658 0.65391749
vt 0.61666203 0.64802563
vt 0.61663580 0.64624733
vt 0.61784488 0.68588096
vt 0.61797386 0.69104689
vt 0.37999037 0.70690429
vt 0.61812812 0.68457705
vt 0.58050609 0.63711572
vt 0.41140684 0.62913084
vt 0.33484536 0.73840797
vt 0.50259072 0.61956835
vt 0.25071362 0.73125392
vt 0.50716174 0.61008352
vt 0.61899024 0.69133401
vt 0.61926806 0.69349331
vt 0.62035912 0.69168556
vt 0.61929071 0.68975371
vt 0.63052279 0.69082779
vt 0.62619954 0.68860841
vt 0.62033165 0.68839830
vt 0.62065971 0.68079722
vt 0.63829654 0.68895972
vt 0.63188380 0.68227327
vt 0.64110094 0.69057721
vt 0.62551999 0.68221283
vt 0.65081751 0.67033851
vt 0.63584256 0.65743107
vt 0.64820331 0.69142389
vt 0.64950156 0.69228053
vt 0.64664119 0.69284433
vt 0.64950001 0.69318199
vt 0.65111941 0.68598717
vt 0.65157866 0.65459061
vt 0.65285087 0.65660399
vt 0.62668294 0.69279909
vt 0.64486933 0.64678454
vt 0.64044976 0.64659673
vt 0.65219784 0.64031094
vt 0.65194929 0.64434510
vt 0.64374840 0.69225115
vt 0.61547524 0.69172931
vt 0.64596045 0.69528139
vt 0.64848912 0.69675928
vt 0.64737827 0.69851482
vt 0.64998972 0.69750416
vt 0.64307594 0.69471467
vt 0.64170843 0.69672918
vt 0.64699250 0.70194978
vt 0.64188355 0.70788103
vt 0.64577895 0.70692503
vt 0.64196861 0.71322703
vt 0.64233655 0.71775281
vt 0.63789219 0.71628827
vt 0.63901961 0.71386099
vt 0.63730609 0.70952743
vt 0.63183916 0.71121049
vt 0.63585776 0.70531851
vt 0.63215280 0.71576464
vt 0.63077182 0.71128905
vt 0.63110238 0.72325444
vt 0.63138688 0.71997106
vt 0.62762040 0.71912760
vt 0.62823606 0.71462244
vt 0.62631106 0.71599656
vt 0.62473643 0.72162312
vt 0.62604666 0.72575271
vt 0.62235814 0.72997165
vt 0.62854493 0.72897094
vt 0.62277532 0.72542387
vt 0.62616193 0.73319364
vt 0.62352538 0.71889842
vt 0.62061590 0.73058158
vt 0.62036866 0.73348963
vt 0.62654150 0.71179873
vt 0.62874222 0.73033988
vt 0.62615192 0.73598725
vt 0.62963146 0.73699945
vt 0.63214302 0.73232704
vt 0.63473284 0.73349798
vt 0.63072485 0.73959231
vt 0.63239777 0.73943949
vt 0.63537836 0.72769469
vt 0.63632280 0.72821254
vt 0.63726735 0.72332758
vt 0.62675452 0.74087775
vt 0.62380284 0.73816955
vt 0.62604511 0.74437773
vt 0.62293339 0.74485290
vt 0.62185663 0.74655676
vt 0.62542409 0.75007564
vt 0.62872440 0.74819422
vt 0.62967336 0.75000966
vt 0.61913824 0.74954879
vt 0.62173569 0.75171119
vt 0.61902589 0.75141978
vt 0.61435133 0.75428134
vt 0.61884308 0.75310045
vt 0.63196307 0.74584270
vt 0.63533890 0.74440503
vt 0.63424009 0.74288970
vt 0.63640958 0.73951250
vt 0.63864863 0.74241489
vt 0.63841623 0.74560606
vt 0.63406742 0.75001067
vt 0.64932394 0.74919438
vt 0.64261878 0.73571712
vt 0.61637217 0.74937737
vt 0.63877630 0.73508590
vt 0.63756430 0.73642910
vt 0.64903462 0.75713509
vt 0.65280020 0.75831264
vt 0.65719825 0.75084281
vt 0.65705281 0.74294508
vt 0.66225755 0.74187762
vt 0.66256410 0.73875082
vt 0.65159404 0.73669809
vt 0.65949237 0.72399414
vt 0.65909362 0.70781505
vt 0.66533059 0.70535403
vt 0.65870243 0.69483125
vt 0.66213965 0.67108488
vt 0.67022955 0.67471880
vt 0.66746581 0.70655775
vt 0.65056533 0.70522326
vt 0.64844120 0.71418345
vt 0.66713285 0.65612870
vt 0.66004062 0.65069085
vt 0.66802251 0.64267331
vt 0.65849590 0.63709521
vt 0.65401924 0.63399261
vt 0.66185606 0.63714290
vt 0.67185301 0.66127855
vt 0.67224491 0.64218003
vt 0.67411989 0.64587456
vt 0.66346437 0.72584575
vt 0.62784815 0.75216287
vt 0.64610344 0.74287695
vt 0.64265376 0.72907954
vt 0.62955409 0.74279696
vt 0.63439894 0.73719889
vt 0.63843596 0.73343259
vt 0.62970954 0.72298938
vt 0.63942236 0.70647657
vt 0.63322145 0.72732919
vt 0.63054276 0.70694059
vt 0.62862378 0.71218228
vt 0.64053208 0.70905375
vt 0.32980376 0.72124183
vt 0.63898009 0.70405895
vt 0.40808067 0.68205231
vt 0.31303072 0.64596063
vt 0.66795403 0.63979244
vt 0.34744680 0.75487179
vt 0.28193238 0.64506507
vt 0.44863164 0.66918111
vt 0.35632434 0.69897413
vt 0.47752479 0.67940068
vt 0.46856672 0.68120581
vt 0.46192533 0.68031746
vt 0.46107537 0.67357409
vt 0.46088868 0.68194509
vt 0.45839944 0.66741186
vt 0.45658717 0.65408993
vt 0.45597559 0.63468391
vt 0.46107268 0.64005345
vt 0.47257987 0.65271676
vt 0.47247925 0.63782954
vt 0.48744446 0.64233124
vt 0.48129591 0.66962057
vt 0.49006107 0.66888636
vt 0.48921484 0.64017791
vt 0.47551015 0.63097829
vt 0.49385792 0.67436522
vt 0.49356726 0.66496980
vt 0.49522009 0.67745847
vt 0.46160796 0.63216543
vt 0.49019751 0.63903654
vt 0.47464344 0.67443186
vt 0.32050708 0.75876594
vt 0.34851170 0.70074856
vt 0.28188819 0.64887524
vt 0.31386918 0.69717866
vt 0.42809144 0.67948949
vt 0.31245834 0.65992779
vt 0.63726079 0.70108229
vt 0.38177434 0.63258022
vt 0.62367326 0.73624563
vt 0.62078667 0.73616338
vt 0.62166053 0.73851937
vt 0.61704534 0.73721039
vt 0.62046289 0.74026531
vt 0.64254993 0.75500453
vt 0.63707495 0.76119190
vt 0.64590693 0.76747435
vt 0.36505345 0.62930524
vt 0.38981625 0.62490606
vt 0.64502579 0.71423399
vt 0.39577332 0.64867032
vt 0.34390187 0.64362550
vt 0.52297157 0.65976554
vt 0.31280196 0.69613647
vt 0.31310329 0.69082755
vt 0.31167665 0.69221872
vt 0.30333719 0.69341761
vt 0.29532751 0.68308342
vt 0.29379758 0.69913262
vt 0.29997662 0.69912559
vt 0.29978842 0.70124424
vt 0.61070704 0.69766510
vt 0.59624493 0.70062059
vt 0.60958868 0.70165068
vt 0.61701167 0.70004034
vt 0.60499012 0.70372796
vt 0.60951531 0.70270324
vt 0.59713209 0.70825666
vt 0.62184268 0.70119345
vt 0.62698352 0.69980448
vt 0.62675512 0.70141989
vt 0.63411748 0.70216346
vt 0.63447887 0.70291781
vt 0.63342214 0.69803339
vt 0.62974864 0.70436847
vt 0.63360727 0.70434666
vt 0.62263149 0.70222682
vt 0.60545367 0.70449179
vt 0.61017430 0.70341867
vt 0.60573053 0.70534885
vt 0.60642302 0.70682883
vt 0.60394275 0.70751941
vt 0.60076374 0.71158373
vt 0.61060452 0.70794243
vt 0.60544705 0.71213782
vt 0.60942131 0.71040255
vt 0.60706425 0.71348548
vt 0.61101896 0.71341324
vt 0.61149740 0.71709913
vt 0.61426282 0.71281201
vt 0.61230832 0.71256196
vt 0.61603832 0.71445602
vt 0.61447603 0.71820390
vt 0.61204553 0.72203469
vt 0.61857694 0.71496809
vt 0.60929292 0.72021741
vt 0.61397702 0.71005356
vt 0.60232502 0.71662158
vt 0.61471057 0.70724231
vt 0.61938125 0.70349485
vt 0.62523830 0.70552582
vt 0.61028641 0.70482999
vt 0.60246450 0.70537645
vt 0.55749506 0.69058025
vt 0.59908742 0.70993382
vt 0.59682345 0.71244228
vt 0.59364510 0.71756864
vt 0.59725356 0.71332061
vt 0.57831919 0.70453894
vt 0.58762014 0.73239911
vt 0.59128350 0.72571266
vt 0.59294140 0.72439355
vt 0.59300238 0.73073757
vt 0.57402653 0.73336792
vt 0.57049215 0.70706850
vt 0.58088315 0.74610126
vt 0.56801081 0.74598992
vt 0.58985305 0.75317550
vt 0.57058042 0.75414288
vt 0.55939156 0.75405329
vt 0.56263310 0.75522536
vt 0.54043627 0.75494540
vt 0.53385055 0.75368613
vt 0.52086753 0.75483197
vt 0.50732940 0.75348479
vt 0.53265381 0.74917233
vt 0.50720334 0.74927998
vt 0.52506077 0.74512571
vt 0.49547040 0.74501038
vt 0.51156324 0.74383712
vt 0.54115212 0.74413049
vt 0.45681670 0.74346817
vt 0.46706733 0.74473840
vt 0.45678627 0.74438697
vt 0.45732099 0.74881822
vt 0.54852617 0.74538404
vt 0.47530672 0.75455445
vt 0.60050839 0.74607003
vt 0.60292804 0.75035590
vt 0.60571194 0.75444341
vt 0.60898465 0.75275570
vt 0.60922760 0.75517440
vt 0.61251110 0.75360703
vt 0.60828763 0.74962652
vt 0.61484110 0.74980313
vt 0.61066365 0.74768066
vt 0.61689812 0.74691266
vt 0.61126578 0.74572384
vt 0.61365616 0.74278682
vt 0.61702520 0.74318826
vt 0.62036306 0.74653512
vt 0.61798954 0.73889750
vt 0.61155683 0.74032342
vt 0.62137055 0.74331802
vt 0.60905898 0.74119055
vt 0.56190902 0.73682976
vt 0.55946475 0.74467939
vt 0.55861336 0.74584389
vt 0.55885255 0.74335736
vt 0.55893010 0.73053515
vt 0.56168598 0.71084768
vt 0.59455699 0.74513531
vt 0.59880340 0.74452466
vt 0.60114253 0.74307930
vt 0.59615391 0.74136078
vt 0.59726506 0.73928100
vt 0.60371912 0.74553078
vt 0.60443771 0.74171948
vt 0.59017104 0.75543982
vt 0.59394234 0.73963225
vt 0.60452247 0.74994266
vt 0.61619371 0.73886657
vt 0.61475897 0.73632663
vt 0.59560370 0.71683401
vt 0.54987377 0.74925542
vt 0.47186413 0.75311589
vt 0.44161287 0.75408280
vt 0.61660874 0.69056779
vt 0.55829769 0.74449617
vt 0.29350826 0.70045823
vt 0.45006403 0.75311142
vt 0.31715894 0.66510570
vt 0.55906188 0.71487319
vt 0.56050223 0.70521170
vt 0.65293413 0.64245987
vt 0.32779455 0.74722159
vt 0.32597378 0.75150734
vt 0.63527423 0.75328320
vt 0.60202509 0.71948165
vt 0.59755963 0.71764988
vt 0.60036403 0.72215259
vt 0.60607260 0.72190613
vt 0.59644300 0.72053480
vt 0.59986848 0.72822410
vt 0.60181832 0.72601992
vt 0.60157168 0.73329479
vt 0.59964758 0.73282748
vt 0.60353458 0.73740965
vt 0.60136807 0.73856962
vt 0.59637505 0.73656470
vt 0.60491741 0.74093008
vt 0.60814315 0.73795033
vt 0.60607511 0.73219097
vt 0.59517199 0.72496504
vt 0.60955411 0.74328238
vt 0.59600455 0.72817045
vt 0.60650504 0.74319994
vt 0.32985631 0.68572140
vt 0.29823193 0.71237904
vt 0.30078673 0.71530825
vt 0.29694906 0.71733576
vt 0.30015874 0.71602958
vt 0.60236907 0.70695907
vt 0.30924353 0.71188802
vt 0.30456653 0.70011145
vt 0.51279974 0.62333596
vt 0.46043199 0.68376595
vt 0.33770677 0.74110192
vt 0.33528051 0.73994195
vt 0.59888315 0.71475840
vt 0.61693662 0.63716763
vt 0.61790538 0.64690822
vt 0.62194151 0.74170774
vt 0.31361932 0.64403719
vt 0.28152755 0.70949137
vt 0.30503657 0.71497357
vt 0.42716295 0.68818396
vt 0.60418695 0.72493166
vt 0.62818891 0.64937657
vt 0.60738122 0.71843356
vt 0.28272340 0.72887993
vt 0.28074729 0.73419607
vt 0.27509993 0.73402375
vt 0.27940375 0.73777241
vt 0.27350277 0.74045217
vt 0.27433103 0.74384731
vt 0.27885905 0.74169976
vt 0.27609280 0.74857199
vt 0.27991411 0.74685347
vt 0.28166866 0.75396019
vt 0.28183302 0.75061858
vt 0.28054637 0.75558650
vt 0.28746346 0.75751752
vt 0.28464490 0.75969779
vt 0.29273289 0.76185888
vt 0.29479265 0.75852334
vt 0.29850778 0.75912458
vt 0.30732790 0.76283109
vt 0.29037175 0.76233757
vt 0.29926988 0.76672715
vt 0.29054826 0.75690925
vt 0.30278051 0.76494169
vt 0.30239016 0.75968987
vt 0.30757833 0.75894272
vt 0.31365275 0.76129115
vt 0.31088313 0.75837350
vt 0.30651167 0.75599760
vt 0.30124837 0.75697398
vt 0.30138025 0.75524509
vt 0.28477576 0.75425494
vt 0.48993954 0.67850810
vt 0.32298324 0.75250942
vt 0.62283480 0.70321441
vt 0.61964923 0.72645581
vt 0.62124646 0.69662160
vt 0.32408679 0.73765707
vt 0.62148088 0.75440586
vt 0.31837791 0.69694096
vt 0.60838747 0.73496181
vt 0.60837275 0.72945112
vt 0.61083055 0.73216718
vt 0.61076134 0.72594982
vt 0.61292726 0.73345447
vt 0.61284530 0.72435921
vt 0.62003672 0.72952110
vt 0.61146945 0.73591936
vt 0.57820475 0.64396989
vt 0.63958710 0.72718835
vt 0.59476173 0.72726524
vt 0.64468926 0.69416672
vt 0.61960077 0.71495861
vt 0.61888802 0.70932078
vt 0.29439008 0.71905828
vt 0.61054373 0.72196758
vt 0.42472139 0.74871081
vt 0.28060034 0.71707368
vt 0.29213232 0.69820917
vt 0.40277362 0.68819612
vt 0.62951821 0.70699382
vt 0.62569618 0.70839548
vt 0.29807207 0.70549601
vt 0.61240596 0.75621098
vt 0.61068636 0.75520831
vt 0.60425490 0.75574714
vt 0.61636287 0.63165551
vt 0.63683748 0.62387371
vt 0.64453340 0.63076037
vt 0.64795154 0.62648392
vt 0.64731288 0.62412024
vt 0.64650470 0.62340540
vt 0.63572174 0.63324952
vt 0.63905758 0.69178969
vt 0.30794233 0.76446772
vt 0.31111056 0.76415437
vt 0.55570251 0.74565530
vt 0.36377686 0.69984722
vt 0.44667503 0.68822080
vt 0.55586511 0.64530832
vt 0.32628903 0.75416750
vt 0.61857599 0.73569334
vt 0.30324876 0.76747435
vt 0.44129017 0.68855321
vt 0.60773253 0.72356230
vt 0.62411380 0.71053874
vt 0.29704559 0.75519603
vt 0.39709878 0.68354493
vt 0.33880198 0.64330113
vt 0.63641071 0.69323915
vt 0.31869245 0.70978826
vt 0.64964342 0.63220990
vt 0.48855656 0.62306333
vt 0.48720667 0.62649047
vt 0.30014607 0.75358635
vt 0.62256199 0.73411971
vt 0.36231577 0.70300806
vt 0.36382669 0.70454139
vt 0.28905153 0.69557601
vt 0.31489524 0.72131783
vt 0.63505667 0.70358115
vt 0.40980944 0.68602949
vt 0.65060073 0.69830215
vt 0.39340821 0.64322639
vt 0.38448745 0.63086104
vt 0.34213793 0.70128155
vt 0.61754841 0.70203644
vt 0.59407336 0.73734856
vt 0.30203277 0.70363206
vt 0.58234882 0.64559239
vt 0.29320583 0.69733876
vt 0.29102775 0.69216460
vt 0.55589241 0.64700258
vt 0.64192235 0.72056127
vt 0.63811249 0.71864885
vt 0.33558330 0.73281860
vt 0.33235118 0.71966046
vt 0.62859172 0.71008325
vt 0.38652366 0.65459734
vt 0.60804445 0.69155139
vt 0.62665600 0.71015573
vt 0.35587788 0.70364422
vt 0.36977279 0.70323217
vt 0.39522266 0.68752253
vt 0.40001920 0.68884170
vt 0.53036427 0.97343898
vt 0.51136279 0.97165149
vt 0.53044719 0.97191721
vt 0.52933043 0.96767163
vt 0.49908668 0.96627516
vt 0.52213925 0.95479965
vt 0.49904853 0.97343898
vt 0.71110368 0.43440413
vt 0.71407658 0.42730665
vt 0.74742788 0.43450296
vt 0.71027595 0.43569434
vt 0.75689816 0.43569428
vt 0.61368144 0.39285111
vt 0.60938293 0.39189190
vt 0.60741961 0.39383996
vt 0.60771173 0.39216328
vt 0.60742098 0.40241909
vt 0.60397309 0.39407730
vt 0.59469157 0.39499199
vt 0.59126097 0.40308273
vt 0.59102559 0.41245270
vt 0.57500321 0.41399348
vt 0.56621778 0.40453458
vt 0.55290294 0.41824019
vt 0.55262071 0.40485555
vt 0.54787779 0.39510381
vt 0.54763246 0.40602076
vt 0.54511285 0.39356154
vt 0.54558682 0.41424578
vt 0.54697442 0.42210764
vt 0.54523313 0.42639625
vt 0.54281634 0.42359596
vt 0.54300529 0.42728180
vt 0.54643518 0.42759573
vt 0.58818370 0.42494631
vt 0.58166027 0.39540982
vt 0.57727164 0.39310479
vt 0.59181470 0.39314348
vt 0.55074400 0.39241457
vt 0.59107280 0.39196873
vt 0.57521826 0.39196032
vt 0.55168033 0.39205348
vt 0.60707247 0.42241722
vt 0.61386359 0.41126883
vt 0.61403060 0.42828238
vt 0.61512846 0.40513015
vt 0.61512846 0.44315004
vt 0.55529469 0.42757690
vt 0.55869085 0.42888820
vt 0.54664767 0.42873275
vt 0.85173714 0.20957905
vt 0.85754246 0.21015847
vt 0.85211492 0.19346046
vt 0.85708410 0.18278444
vt 0.85151690 0.16076422
vt 0.85870600 0.20252526
vt 0.85870600 0.18426216
vt 0.84941375 0.17410028
vt 0.84919125 0.19265676
vt 0.85022426 0.20898378
vt 0.42352480 0.94518411
vt 0.41595626 0.94653189
vt 0.42483351 0.96225536
vt 0.41742745 0.95921737
vt 0.42483351 0.94361603
vt 0.40199810 0.95104796
vt 0.40364558 0.94861525
vt 0.40450585 0.94733787
vt 0.31037822 0.73299164
vt 0.30568808 0.72273999
vt 0.31160799 0.72424400
vt 0.29733586 0.73299164
vt 0.98286593 0.17353213
vt 0.99857277 0.18126750
vt 0.99330020 0.17104089
vt 0.98920625 0.16629201
vt 0.98563576 0.16741931
vt 0.98049474 0.17127240
vt 0.99857277 0.14864862
vt 0.84164482 0.91289997
vt 0.84739280 0.92057335
vt 0.84481347 0.92228198
vt 0.83821279 0.89486438
vt 0.83554953 0.88276261
vt 0.84919125 0.92126626
vt 0.83885777 0.91321886
vt 0.84346986 0.92509174
vt 0.84151691 0.92475015
vt 0.83298916 0.88915783
vt 0.84914619 0.92590868
vt 0.83835495 0.91046149
vt 0.82959974 0.88735300
vt 0.82841408 0.88771886
vt 0.83802509 0.91454589
vt 0.82800114 0.88954461
vt 0.83703798 0.91505885
vt 0.83108526 0.90218353
vt 0.82281405 0.87937677
vt 0.82445264 0.87989801
vt 0.82291865 0.87361568
vt 0.82090592 0.87334710
vt 0.81904131 0.87399507
vt 0.82436538 0.88783479
vt 0.81670123 0.88451535
vt 0.79868782 0.88455617
vt 0.80032724 0.87871104
vt 0.78816575 0.87937552
vt 0.78888220 0.88719308
vt 0.78622311 0.88539529
vt 0.78987104 0.89441150
vt 0.77810091 0.88324219
vt 0.78702742 0.87856364
vt 0.75376076 0.89143151
vt 0.78098029 0.88699508
vt 0.77549517 0.88939565
vt 0.77033466 0.89008331
vt 0.77440047 0.89252210
vt 0.75513548 0.89201742
vt 0.77701467 0.89698815
vt 0.82193440 0.87092263
vt 0.78823298 0.89218116
vt 0.79066873 0.90094453
vt 0.77233404 0.89182580
vt 0.77088869 0.89218634
vt 0.77167708 0.89367163
vt 0.76421422 0.90262365
vt 0.76496041 0.89955962
vt 0.76951551 0.89151216
vt 0.76271284 0.89906323
vt 0.75961173 0.90784818
vt 0.75992119 0.91158354
vt 0.76168299 0.91154146
vt 0.75462884 0.92131293
vt 0.76189148 0.91432315
vt 0.76948339 0.90641743
vt 0.75732344 0.92346638
vt 0.75386459 0.92590868
vt 0.75283861 0.91993141
vt 0.77271646 0.89537930
vt 0.75102323 0.91689920
vt 0.75327414 0.90832961
vt 0.74738342 0.89384633
vt 0.51902950 0.58452964
vt 0.53139865 0.59412861
vt 0.51973569 0.57804668
vt 0.53139865 0.57455111
vt 0.52776098 0.57301831
vt 0.52062124 0.57590055
vt 0.52725983 0.57082945
vt 0.35520089 0.81307346
vt 0.34028816 0.81201452
vt 0.36201364 0.80920935
vt 0.35950717 0.80661696
vt 0.36246431 0.81407267
vt 0.33073172 0.80991435
vt 0.32588011 0.81407267
vt 0.36504087 0.81071121
vt 0.36584204 0.81371582
vt 0.39438629 0.86253494
vt 0.38867745 0.86253494
vt 0.38985026 0.86067104
vt 0.75975263 0.77213418
vt 0.76532680 0.76281452
vt 0.77334023 0.77213418
vt 0.78163654 0.76557571
vt 0.85870600 0.12348557
vt 0.85817569 0.12907737
vt 0.85124123 0.12907737
vt 0.84907871 0.12530518
vt 0.84823978 0.12697160
vt 0.36013320 0.94547999
vt 0.35910016 0.93988264
vt 0.35537583 0.94456953
vt 0.35744736 0.93790674
vt 0.35540327 0.93855441
vt 0.36013320 0.92535269
vt 0.35810515 0.93050337
vt 0.35845810 0.92512524
vt 0.35964167 0.92413998
vt 0.35601199 0.92404473
vt 0.84633684 0.03588068
vt 0.84731388 0.03406280
vt 0.85204566 0.03588068
vt 0.85112756 0.03401679
vt 0.96812558 0.49254429
vt 0.98510903 0.49068034
vt 0.99762130 0.49254429
vt 0.64462417 0.42234969
vt 0.64158881 0.39375579
vt 0.64311272 0.41859865
vt 0.64462417 0.43476236
vt 0.63701236 0.42471480
vt 0.56565177 0.10205030
vt 0.57019973 0.09575826
vt 0.57200265 0.09854048
vt 0.57406592 0.09518862
vt 0.57391495 0.08869857
vt 0.58063310 0.09488517
vt 0.57906812 0.09255177
vt 0.57637131 0.08996552
vt 0.58588386 0.09244645
vt 0.58050328 0.09811258
vt 0.58811653 0.09576726
vt 0.58411211 0.09074092
vt 0.58889270 0.08992642
vt 0.58667052 0.08713889
vt 0.59235591 0.09170067
vt 0.58466661 0.09712410
vt 0.59053892 0.10012388
vt 0.59240711 0.09827340
vt 0.59765106 0.09914279
vt 0.59300339 0.10205030
vt 0.59895337 0.10093826
vt 0.58044320 0.08863735
vt 0.05946103 0.01297873
vt 0.05763509 0.00232995
vt 0.05566128 0.00578189
vt 0.05726008 0.01059544
vt 0.05818406 0.01686323
vt 0.06150702 0.01662666
vt 0.06071364 0.02015662
vt 0.06422455 0.02190119
vt 0.06066052 0.01135445
vt 0.06422455 0.00307566
vt 0.86060894 0.96784717
vt 0.86060894 0.96318734
vt 0.85780180 0.96331090
vt 0.85680306 0.96729404
vt 0.70837295 0.44501400
vt 0.70106411 0.44501400
vt 0.69980973 0.44215852
vt 0.70518100 0.44128609
vt 0.91389155 0.28751165
vt 0.91459537 0.30130452
vt 0.91483432 0.28796673
vt 0.91394919 0.29574710
vt 0.91645306 0.28794968
vt 0.91674596 0.29759777
vt 0.91645306 0.30149114
vt 0.96643502 0.38945460
vt 0.97309524 0.38601947
vt 0.96957463 0.39189190
vt 0.97924954 0.38555330
vt 0.97923911 0.39182270
vt 0.98406661 0.38582212
vt 0.98252475 0.38297814
vt 0.98358196 0.39189190
vt 0.97692627 0.38456523
vt 0.97743291 0.38284934
vt 0.97678864 0.38222492
vt 0.98186344 0.38179064
vt 0.98620361 0.38281381
vt 0.98210698 0.37511647
vt 0.97430444 0.37866217
vt 0.97488582 0.37528497
vt 0.96566677 0.38002038
vt 0.96241677 0.38381326
vt 0.01152610 0.86351818
vt 0.01189343 0.86905873
vt 0.00523311 0.86905873
vt 0.00587575 0.86766875
vt 0.01013124 0.86253494
vt 0.55852938 0.98961949
vt 0.55467069 0.99114633
vt 0.55529034 0.98244154
vt 0.55864739 0.98568523
vt 0.55764747 0.98327237
vt 0.56025702 0.98293316
vt 0.56294119 0.98418444
vt 0.56206787 0.98174191
vt 0.55262852 0.98585427
vt 0.55153275 0.98407787
vt 0.55245084 0.97788149
vt 0.55840248 0.97771060
vt 0.55997723 0.97820115
vt 0.56178361 0.97482973
vt 0.56355691 0.97282165
vt 0.56261289 0.97038549
vt 0.56597286 0.96846151
vt 0.56710869 0.98132426
vt 0.57542264 0.98764586
vt 0.57129335 0.98891091
vt 0.57936949 0.96492290
vt 0.56818753 0.96533889
vt 0.57545465 0.95776528
vt 0.56972647 0.96170610
vt 0.57283461 0.95655739
vt 0.56941509 0.95921159
vt 0.56589806 0.96147811
vt 0.58707988 0.98568863
vt 0.59519988 0.97498536
vt 0.56802970 0.95867628
vt 0.58865052 0.95831031
vt 0.58485663 0.95787621
vt 0.59618813 0.96486205
vt 0.58792830 0.95626700
vt 0.59267682 0.98403847
vt 0.59734446 0.97582096
vt 0.56505740 0.96596205
vt 0.59895337 0.96940255
vt 0.59603560 0.98363870
vt 0.59196651 0.98790073
vt 0.59378958 0.98775554
vt 0.59151840 0.98961949
vt 0.56484395 0.98210400
vt 0.55903357 0.97680974
vt 0.57028329 0.95356578
vt 0.55917293 0.97351027
vt 0.56654787 0.95793718
vt 0.56468391 0.95533603
vt 0.56172335 0.95840555
vt 0.56271583 0.95416194
vt 0.56094587 0.95594263
vt 0.55858630 0.95328963
vt 0.56179404 0.95081502
vt 0.55281949 0.95350724
vt 0.55799353 0.94934100
vt 0.55437309 0.95625389
vt 0.55321407 0.94961721
vt 0.55609399 0.95700222
vt 0.56464154 0.95225453
vt 0.56474817 0.94853306
vt 0.56069899 0.94737870
vt 0.56511921 0.94359976
vt 0.56859946 0.94672036
vt 0.57030541 0.94154221
vt 0.56768924 0.93995953
vt 0.57417959 0.93802422
vt 0.57989907 0.93877286
vt 0.56677371 0.95053208
vt 0.56054914 0.96943086
vt 0.56325632 0.96506095
vt 0.55378443 0.97268480
vt 0.55116361 0.97046489
vt 0.56048781 0.97045112
vt 0.55386460 0.96515352
vt 0.55767417 0.96904546
vt 0.55767268 0.96586025
vt 0.55523849 0.96360600
vt 0.55209064 0.96085685
vt 0.54947668 0.97155339
vt 0.55004990 0.97377038
vt 0.56520337 0.98682868
vt 0.58720380 0.61762363
vt 0.57611799 0.61971241
vt 0.57651526 0.61771840
vt 0.59025347 0.61556387
vt 0.59134156 0.62022370
vt 0.58122385 0.62022370
vt 0.25071362 0.81311172
vt 0.25356802 0.81686860
vt 0.25253847 0.81359768
vt 0.25356802 0.81127679
vt 0.07849667 0.00935459
vt 0.07002982 0.01164961
vt 0.06707897 0.00894791
vt 0.07505688 0.00698978
vt 0.07654399 0.01164961
vt 0.73278016 0.77306616
vt 0.73691720 0.77437735
vt 0.73025692 0.77586210
vt 0.73484600 0.77586210
vt 0.86726928 0.83739394
vt 0.86346334 0.83478278
vt 0.86546409 0.83830380
vt 0.86726928 0.83178008
vt 0.25927687 0.74350840
vt 0.26403424 0.74790305
vt 0.26403424 0.74324322
vt 0.25970918 0.74764526
vt 0.95246923 0.67349762
vt 0.95478559 0.70297617
vt 0.95480496 0.66868591
vt 0.95238346 0.69771367
vt 0.95271128 0.71402234
vt 0.95480496 0.72833180
vt 0.94927078 0.69144768
vt 0.94941258 0.66909444
vt 0.94671744 0.67497873
vt 0.94624168 0.69557822
vt 0.94638276 0.68873030
vt 0.94718379 0.69324195
vt 0.96682125 0.82246041
vt 0.97002852 0.82525629
vt 0.96431971 0.82525629
vt 0.98239774 0.83519471
vt 0.98667437 0.83122051
vt 0.98554283 0.82991612
vt 0.99220854 0.84038925
vt 0.99571836 0.83113712
vt 0.99002111 0.84848696
vt 0.98396963 0.85212076
vt 0.99571836 0.86719477
vt 0.98931915 0.83035219
vt 0.01044901 0.41877794
vt 0.02045671 0.42264676
vt 0.00523311 0.42264676
vt 0.01793096 0.41939163
vt 0.01497129 0.41595447
vt 0.00948397 0.41053122
vt 0.00838515 0.41515064
vt 0.00874355 0.41892600
vt 0.01649776 0.41527522
vt 0.00779076 0.42056525
vt 0.50285441 0.77027029
vt 0.51479912 0.76747435
vt 0.51807803 0.77027029
vt 0.73501426 0.42730665
vt 0.73600626 0.42451072
vt 0.74262607 0.42730665
vt 0.84334755 0.36104304
vt 0.84510970 0.35181737
vt 0.84157944 0.36178553
vt 0.84538537 0.36250222
vt 0.84510970 0.36579680
vt 0.52629155 0.72377586
vt 0.52283537 0.72283238
vt 0.53342766 0.71994406
vt 0.53746790 0.72187549
vt 0.53046137 0.72553587
vt 0.53805900 0.72553587
vt 0.99224049 0.97715217
vt 0.98759854 0.98369056
vt 0.99286395 0.97989398
vt 0.98843187 0.98106509
vt 0.98715508 0.97722030
vt 0.99286395 0.97157502
vt 0.95385349 0.58667290
vt 0.95745695 0.58387697
vt 0.96051377 0.58667290
vt 0.67771047 0.76328391
vt 0.68173170 0.76654238
vt 0.68173170 0.76095062
vt 0.67697430 0.76234323
vt 0.29285011 0.40027958
vt 0.27640343 0.39527440
vt 0.31096908 0.39516783
vt 0.28387174 0.39043033
vt 0.31495255 0.39029419
vt 0.32296267 0.40015382
vt 0.34094501 0.39117360
vt 0.33823228 0.40027958
vt 0.29256341 0.38919854
vt 0.31895357 0.38909602
vt 0.35156992 0.39026117
vt 0.98056072 0.04154694
vt 0.97668886 0.03905928
vt 0.98162836 0.04426843
vt 0.98166913 0.03914273
vt 0.98273546 0.03811413
vt 0.98128086 0.03215283
vt 0.98303026 0.03336191
vt 0.99191248 0.03309661
vt 0.99191248 0.04103428
vt 0.51359469 0.42392027
vt 0.50705373 0.43303478
vt 0.51796651 0.42987382
vt 0.50475734 0.42459452
vt 0.51282614 0.40121156
vt 0.51783735 0.43569434
vt 0.51807803 0.42138153
vt 0.51783735 0.40295756
vt 0.47838202 0.94521785
vt 0.47906756 0.96598321
vt 0.46630412 0.95540988
vt 0.46032932 0.94454801
vt 0.45263579 0.96511644
vt 0.44804028 0.95621747
vt 0.44849682 0.96303511
vt 0.44938815 0.96567082
vt 0.44697791 0.96368229
vt 0.44671741 0.96598321
vt 0.03092293 0.53944480
vt 0.03282588 0.53735107
vt 0.03101869 0.53727865
vt 0.03282588 0.55405408
vt 0.63554776 0.52295750
vt 0.63714373 0.52702701
vt 0.63130355 0.52519536
vt 0.64652711 0.52702701
vt 0.63933384 0.52236718
vt 0.00523311 0.86067104
vt 0.00333016 0.86067104
vt 0.00395968 0.85787511
vt 0.00808754 0.78984159
vt 0.00713606 0.80550301
vt 0.00808750 0.81686860
vt 0.17564610 0.98964882
vt 0.17745005 0.99673814
vt 0.17745005 0.98462254
vt 0.17554709 0.99311310
vt 0.31164819 0.40681720
vt 0.30378634 0.41592717
vt 0.30603284 0.40493941
vt 0.29415631 0.41511393
vt 0.29352996 0.40887552
vt 0.31030849 0.41052783
vt 0.31577209 0.42264676
vt 0.33192846 0.41093385
vt 0.34097144 0.42264676
vt 0.36188412 0.41752887
vt 0.36498094 0.40826720
vt 0.37839058 0.40898848
vt 0.32379726 0.40711534
vt 0.36627677 0.40546763
vt 0.37957591 0.40508497
vt 0.38106564 0.40513557
vt 0.35839587 0.40541637
vt 0.32082656 0.40524191
vt 0.31240997 0.40522301
vt 0.90057087 0.53886163
vt 0.90247381 0.54007459
vt 0.90247381 0.53634667
vt 0.42388201 0.41516352
vt 0.43903673 0.41240937
vt 0.42551023 0.42078286
vt 0.45046589 0.40680337
vt 0.45908660 0.42078286
vt 0.99381542 0.63914317
vt 0.99571836 0.63452584
vt 0.99442470 0.63420320
vt 0.99505204 0.64078331
vt 0.99571836 0.66589004
vt 0.48950249 0.56989747
vt 0.48953378 0.58201307
vt 0.48433176 0.57446659
vt 0.48097050 0.58201307
vt 0.21247739 0.53368902
vt 0.21230198 0.56198263
vt 0.21566778 0.56352812
vt 0.21014059 0.53293288
vt 0.22192530 0.55424404
vt 0.21791890 0.53156030
vt 0.22595558 0.53783661
vt 0.21700117 0.52035022
vt 0.22618014 0.52203381
vt 0.23073263 0.53473884
vt 0.23073263 0.52329487
vt 0.22737056 0.57642126
vt 0.20990375 0.52376741
vt 0.20980018 0.51863933
vt 0.67697430 0.99660021
vt 0.67507136 0.99394220
vt 0.67507136 0.99767005
vt 0.26605794 0.42637467
vt 0.26784015 0.42197108
vt 0.26593721 0.42323834
vt 0.26605797 0.42078286
vt 0.06898192 0.82161468
vt 0.06612749 0.82152843
vt 0.06617413 0.82467037
vt 0.06898192 0.82525629
vt 0.34871551 0.01537746
vt 0.34753662 0.00990003
vt 0.34586108 0.01014876
vt 0.34871551 0.00512582
vt 0.34587035 0.01304752
vt 0.78643173 0.46272135
vt 0.78685695 0.46644920
vt 0.78106278 0.46339995
vt 0.77878213 0.46644920
vt 0.78829688 0.46499538
vt 0.52949572 0.44687796
vt 0.53078222 0.44532275
vt 0.53446120 0.44315004
vt 0.53520459 0.44687796
vt 0.68839198 0.75556809
vt 0.69029498 0.75908667
vt 0.68847084 0.74903119
vt 0.69029498 0.74790305
vt 0.38321021 0.88408291
vt 0.38719615 0.87906754
vt 0.38282958 0.88640314
vt 0.38081712 0.89200705
vt 0.38042736 0.88075787
vt 0.37321022 0.89827996
vt 0.37988696 0.89591211
vt 0.37621364 0.88529694
vt 0.37965745 0.89981610
vt 0.37964031 0.90396690
vt 0.37317774 0.90295577
vt 0.37396690 0.90799606
vt 0.37843952 0.91953760
vt 0.38018516 0.90672958
vt 0.37158349 0.90332770
vt 0.37268540 0.90839893
vt 0.38281867 0.87463725
vt 0.38251087 0.91505986
vt 0.38637617 0.92328823
vt 0.38587317 0.91980523
vt 0.38846561 0.92368579
vt 0.39140999 0.92669195
vt 0.38871229 0.92991823
vt 0.39914799 0.93324846
vt 0.39750487 0.93624794
vt 0.40658671 0.93973225
vt 0.39769500 0.93752521
vt 0.41235322 0.93993407
vt 0.41165483 0.94099128
vt 0.40830076 0.93405968
vt 0.41220486 0.93451858
vt 0.41538179 0.93454033
vt 0.42155391 0.94046235
vt 0.37616661 0.91708064
vt 0.37233457 0.89335018
vt 0.38400072 0.92689312
vt 0.40018997 0.93178910
vt 0.37542567 0.88348705
vt 0.37155092 0.89849496
vt 0.38036847 0.87474835
vt 0.38699067 0.93094939
vt 0.42028165 0.94175208
vt 0.42437539 0.94134963
vt 0.43141043 0.93913394
vt 0.42953667 0.93830138
vt 0.43567142 0.93626475
vt 0.43479761 0.93802047
vt 0.42905977 0.93240172
vt 0.44326842 0.93312317
vt 0.44122258 0.93286580
vt 0.43604109 0.92863882
vt 0.43997124 0.92622668
vt 0.41943479 0.93412399
vt 0.38484085 0.93015647
vt 0.37965718 0.92309880
vt 0.37634182 0.91942799
vt 0.44742841 0.92740577
vt 0.45052624 0.92528296
vt 0.45038998 0.92353570
vt 0.45194888 0.92659420
vt 0.45380604 0.92514926
vt 0.45392036 0.92662519
vt 0.47062823 0.93436849
vt 0.46827641 0.93441433
vt 0.45977288 0.93233579
vt 0.47108904 0.93745893
vt 0.47243348 0.93595046
vt 0.45517793 0.91935807
vt 0.45639139 0.91288275
vt 0.45730105 0.91464233
vt 0.45812190 0.91294301
vt 0.45699564 0.91176653
vt 0.44957680 0.91245008
vt 0.45681116 0.90660304
vt 0.45073122 0.90687603
vt 0.45134392 0.90187162
vt 0.45025483 0.89569187
vt 0.45728132 0.89365542
vt 0.44913960 0.89121598
vt 0.44472462 0.88277227
vt 0.45878223 0.89810407
vt 0.45262268 0.88236970
vt 0.44222024 0.87916631
vt 0.44484183 0.87415248
vt 0.43555084 0.87367153
vt 0.43418434 0.86690444
vt 0.43219110 0.87145829
vt 0.42676112 0.86984247
vt 0.42121840 0.86289412
vt 0.41957143 0.86555815
vt 0.41236436 0.86178190
vt 0.40937617 0.86498529
vt 0.41563362 0.86792797
vt 0.40689665 0.86267298
vt 0.42028221 0.86805040
vt 0.40796381 0.86884445
vt 0.40498748 0.86160296
vt 0.39885288 0.86343437
vt 0.39562404 0.86536849
vt 0.39478004 0.86678094
vt 0.39869180 0.86850774
vt 0.44572976 0.87357664
vt 0.45208541 0.88038301
vt 0.45564729 0.88383776
vt 0.45694360 0.88944972
vt 0.42129305 0.86186337
vt 0.44095984 0.87001681
vt 0.43442816 0.86556321
vt 0.40195352 0.87119979
vt 0.45819488 0.90560037
vt 0.46937197 0.91934675
vt 0.47621053 0.92254782
vt 0.47517082 0.92812240
vt 0.47840005 0.92296696
vt 0.47687462 0.92657191
vt 0.47794867 0.92882550
vt 0.47699496 0.93109560
vt 0.47874433 0.93042928
vt 0.47856373 0.93150109
vt 0.48157117 0.92953902
vt 0.47498864 0.92048132
vt 0.47421762 0.93198961
vt 0.48477641 0.92458367
vt 0.47414654 0.94093561
vt 0.47570032 0.94012219
vt 0.47657093 0.94175208
vt 0.48187187 0.93699545
vt 0.39665836 0.87345672
vt 0.44757003 0.91831827
vt 0.47426575 0.93658173
vt 0.38847795 0.86838031
vt 0.48191413 0.93094879
vt 0.47807926 0.93303293
vt 0.38966143 0.86994630
vt 0.38999957 0.87856877
vt 0.64272124 0.37817818
vt 0.65223598 0.38257223
vt 0.65223598 0.37511647
vt 0.96160138 0.08603597
vt 0.96096683 0.10931063
vt 0.97339767 0.09965688
vt 0.96907097 0.11160225
vt 0.95407724 0.08580202
vt 0.94683027 0.10103410
vt 0.95276350 0.11015880
vt 0.94653070 0.08603567
vt 0.97350156 0.08495837
vt 0.97340894 0.11162132
vt 0.95371693 0.11153615
vt 0.94772655 0.11036229
vt 0.95656639 0.08488804
vt 0.97449893 0.08482397
vt 0.97429836 0.10648793
vt 0.94572300 0.08016658
vt 0.97427571 0.07875305
vt 0.97428888 0.06969523
vt 0.95855194 0.06941551
vt 0.97436672 0.06070614
vt 0.96492040 0.05678594
vt 0.95155066 0.05375910
vt 0.94477361 0.07087594
vt 0.94387275 0.06208122
vt 0.94303459 0.05323768
vt 0.96522343 0.05091995
vt 0.97469825 0.05038297
vt 0.95404059 0.05185819
vt 0.97489303 0.04936808
vt 0.98757440 0.07719827
vt 0.98449349 0.08445925
vt 0.99704385 0.08492428
vt 0.99826580 0.08457315
vt 0.98415244 0.08563507
vt 0.99872100 0.07783794
vt 0.99281365 0.05177307
vt 0.99917758 0.06340897
vt 0.99951833 0.05228615
vt 0.97921705 0.05002367
vt 0.99828404 0.10210812
vt 0.98879135 0.11197740
vt 0.99929893 0.11101705
vt 0.97739607 0.11197275
vt 0.98681062 0.05069673
vt 0.99937129 0.11237597
vt 0.93667632 0.05491161
vt 0.92988956 0.06671256
vt 0.93021309 0.06137872
vt 0.94134653 0.07324916
vt 0.92848599 0.07309633
vt 0.94328767 0.08602607
vt 0.93785298 0.08551186
vt 0.93084633 0.05674154
vt 0.94168186 0.10272020
vt 0.92895710 0.08130908
vt 0.92841160 0.07710081
vt 0.93757963 0.11049575
vt 0.97312057 0.12255085
vt 0.95112920 0.12222397
vt 0.95151341 0.12941658
vt 0.96041292 0.13336498
vt 0.95452780 0.14682484
vt 0.94723266 0.14597058
vt 0.96812999 0.14018083
vt 0.97294849 0.13021606
vt 0.96738160 0.14942420
vt 0.97300315 0.15051258
vt 0.94416344 0.13613093
vt 0.94606584 0.12238318
vt 0.94303948 0.14485633
vt 0.97493112 0.13400960
vt 0.97503263 0.12814713
vt 0.97461683 0.12139189
vt 0.98925501 0.12760240
vt 0.97934896 0.15007502
vt 0.99394768 0.13931012
vt 0.99015421 0.14850253
vt 0.99952424 0.12457752
vt 0.99433136 0.14735109
vt 0.99951833 0.14001298
vt 0.93788111 0.14256907
vt 0.93818969 0.13059384
vt 0.93599600 0.11909276
vt 0.93305355 0.13413328
vt 0.93006939 0.13127851
vt 0.93469179 0.13980198
vt 0.92721218 0.11972958
vt 0.94629729 0.11846942
vt 0.95870906 0.04683745
vt 0.94211513 0.04890341
vt 0.97256696 0.03662258
vt 0.94031030 0.03859425
vt 0.93788290 0.02756190
vt 0.95220369 0.02762914
vt 0.94205737 0.01560926
vt 0.93618625 0.01678574
vt 0.95106930 0.01422817
vt 0.96380222 0.01935273
vt 0.96199656 0.01127726
vt 0.96825957 0.00978565
vt 0.96972793 0.01809496
vt 0.97070187 0.02664363
vt 0.96315193 0.03536814
vt 0.94687855 0.21486831
vt 0.94083476 0.20837790
vt 0.93922371 0.22244114
vt 0.93339324 0.22684050
vt 0.92584038 0.21294194
vt 0.93756735 0.20122606
vt 0.92391425 0.20782751
vt 0.94325805 0.20236796
vt 0.92856234 0.19957572
vt 0.92710274 0.22544098
vt 0.92608887 0.23441333
vt 0.91882247 0.21187395
vt 0.92270017 0.19913715
vt 0.92121392 0.23794943
vt 0.91686684 0.20433503
vt 0.91770387 0.22532427
vt 0.94201434 0.22373235
vt 0.95160824 0.22100008
vt 0.95093817 0.21562022
vt 0.94780618 0.20361847
vt 0.91222394 0.21137589
vt 0.90977788 0.20436114
vt 0.91916049 0.19675601
vt 0.90674037 0.20622307
vt 0.91902310 0.23924077
vt 0.91400570 0.22487503
vt 0.93290609 0.23204863
vt 0.95212388 0.20520294
vt 0.95471317 0.21659774
vt 0.95197761 0.22358263
vt 0.94554752 0.23098946
vt 0.93798274 0.23542440
vt 0.92861766 0.24110579
vt 0.91255236 0.19249618
vt 0.95691174 0.22032726
vt 0.96008271 0.21043324
vt 0.95127130 0.23809874
vt 0.94883877 0.24628520
vt 0.93752611 0.24667722
vt 0.94705200 0.25087535
vt 0.95470500 0.22607058
vt 0.90232635 0.21947348
vt 0.89875627 0.20805895
vt 0.90557522 0.22956264
vt 0.90917629 0.23967797
vt 0.91441846 0.24256444
vt 0.91160935 0.24506485
vt 0.92519552 0.24243343
vt 0.95654684 0.20146185
vt 0.95046735 0.20065761
vt 0.95828354 0.22360951
vt 0.96326894 0.21289104
vt 0.93188870 0.24623746
vt 0.93631059 0.25368059
vt 0.94567859 0.25346261
vt 0.94293463 0.26087111
vt 0.94169122 0.26403987
vt 0.93536234 0.26026690
vt 0.93036586 0.25712544
vt 0.92460430 0.25386858
vt 0.91762626 0.24941921
vt 0.96306658 0.21810400
vt 0.96181852 0.23342264
vt 0.96239311 0.22517568
vt 0.96660805 0.24599600
vt 0.95918512 0.24779922
vt 0.95910424 0.25251126
vt 0.97188675 0.25217819
vt 0.97042102 0.24423766
vt 0.96924883 0.23851597
vt 0.96663600 0.22937465
vt 0.97220892 0.25660229
vt 0.96827900 0.21406060
vt 0.96738523 0.21977305
vt 0.95012647 0.25691521
vt 0.94876242 0.26497650
vt 0.95691025 0.26609606
vt 0.96464676 0.26696604
vt 0.97288692 0.26071131
vt 0.97383446 0.26832676
vt 0.97383446 0.22119653
vt 0.93797988 0.19362009
vt 0.92897028 0.19116104
vt 0.93713832 0.18353355
vt 0.93065047 0.17933512
vt 0.93680871 0.17513245
vt 0.92211545 0.18696541
vt 0.93553299 0.16787738
vt 0.90834850 0.18990296
vt 0.93204248 0.16223431
vt 0.93349993 0.16368312
vt 0.92428625 0.17540145
vt 0.91778576 0.18191677
vt 0.89866793 0.20656335
vt 0.90086025 0.18648463
vt 0.92210335 0.16997457
vt 0.93013847 0.16076487
vt 0.90487128 0.18743300
vt 0.91554433 0.17639303
vt 0.89987707 0.18485296
vt 0.92465168 0.15452093
vt 0.92131174 0.15051258
vt 0.91662639 0.15810907
vt 0.91227782 0.16525596
vt 0.90732467 0.17320317
vt 0.91028422 0.24669743
vt 0.94088358 0.26634288
vt 0.93691021 0.27588218
vt 0.92686623 0.26373005
vt 0.91372764 0.25696051
vt 0.91712457 0.26991290
vt 0.93508232 0.28149354
vt 0.90035188 0.26723623
vt 0.90559447 0.25267172
vt 0.91108871 0.27296138
vt 0.91922206 0.27760041
vt 0.92917299 0.28298438
vt 0.93447459 0.28608251
vt 0.93678510 0.27945304
vt 0.94606453 0.27217352
vt 0.95328498 0.27683723
vt 0.94254678 0.28736985
vt 0.95127892 0.28798437
vt 0.96280408 0.27659357
vt 0.97320127 0.28803730
vt 0.97326779 0.28067547
vt 0.96036792 0.29044592
vt 0.97288102 0.29217148
vt 0.95063853 0.28909695
vt 0.24150378 0.99203610
vt 0.23803928 0.98075706
vt 0.24880508 0.98281473
vt 0.25845334 0.98907489
vt 0.24200201 0.96393132
vt 0.25350800 0.96402371
vt 0.25853738 0.98293668
vt 0.24997261 0.99354941
vt 0.25840035 0.99325359
vt 0.23361589 0.99223757
vt 0.23105231 0.96356583
vt 0.22352752 0.97678989
vt 0.22377875 0.96839356
vt 0.22405992 0.96327049
vt 0.22341266 0.98355883
vt 0.22828664 0.99114746
vt 0.22321518 0.99043894
vt 0.26067814 0.96940565
vt 0.26117983 0.96391100
vt 0.23953697 0.99330652
vt 0.25158009 0.96272838
vt 0.22366850 0.99615270
vt 0.24087702 0.99703652
vt 0.23097241 0.99649048
vt 0.25121650 0.99785930
vt 0.23936537 0.96195662
vt 0.25731060 0.99860203
vt 0.25962389 0.98201901
vt 0.22192061 0.99573994
vt 0.24213490 0.95423746
vt 0.22488433 0.94565612
vt 0.23341466 0.94427747
vt 0.24668543 0.94824111
vt 0.26031473 0.95784408
vt 0.22526753 0.93937027
vt 0.25887325 0.94971049
vt 0.23436800 0.94009018
vt 0.24603911 0.94190007
vt 0.25947985 0.94721532
vt 0.25759235 0.93874139
vt 0.25025493 0.93995053
vt 0.25947905 0.94301039
vt 0.21410777 0.96304148
vt 0.21159674 0.98322201
vt 0.20368980 0.96304137
vt 0.20082912 0.98003846
vt 0.19282633 0.97454476
vt 0.18958099 0.99153173
vt 0.18489619 0.99144131
vt 0.18441369 0.98407251
vt 0.19851197 0.99136078
vt 0.18362489 0.97331733
vt 0.18327513 0.96650243
vt 0.18315889 0.96275806
vt 0.20923215 0.99134868
vt 0.21720238 0.99096441
vt 0.19145000 0.96141487
vt 0.18320727 0.96183258
vt 0.20388949 0.96144682
vt 0.18596850 0.95133936
vt 0.19441913 0.94951779
vt 0.20937799 0.94621950
vt 0.19261947 0.93847471
vt 0.20176326 0.93791032
vt 0.21512452 0.95639551
vt 0.21865653 0.93860656
vt 0.21798578 0.94703013
vt 0.18742061 0.94492298
vt 0.22427924 0.95689315
vt 0.18915831 0.93709224
vt 0.19313070 0.99736643
vt 0.19975750 0.99702013
vt 0.20646866 0.99661136
vt 0.21519274 0.99641138
vt 0.18624516 0.99860203
vt 0.20749253 0.93764216
vt 0.22526044 0.93863201
vt 0.90832609 0.61332446
vt 0.92023110 0.61331922
vt 0.90391093 0.59625375
vt 0.89738107 0.60630906
vt 0.89774847 0.61362499
vt 0.89750272 0.59024847
vt 0.92154574 0.59011608
vt 0.90923929 0.58965290
vt 0.92554849 0.59764671
vt 0.92630011 0.61323512
vt 0.92578888 0.59001476
vt 0.89753658 0.58944041
vt 0.92656636 0.61436260
vt 0.91085672 0.61436808
vt 0.90132755 0.61415952
vt 0.89454126 0.61335051
vt 0.89365906 0.58977610
vt 0.92156488 0.58909583
vt 0.88953269 0.60447437
vt 0.88922232 0.61306643
vt 0.89014417 0.58979338
vt 0.93398303 0.59046382
vt 0.94251621 0.59121996
vt 0.93316698 0.61413515
vt 0.94242644 0.60546374
vt 0.95004201 0.59198803
vt 0.95015037 0.59988159
vt 0.95132512 0.61294609
vt 0.94083351 0.61441290
vt 0.95137382 0.61452842
vt 0.95139045 0.59316480
vt 0.89621985 0.62509251
vt 0.90177238 0.63160628
vt 0.91115242 0.62981713
vt 0.91793233 0.62457055
vt 0.91412252 0.63833123
vt 0.89943993 0.64674467
vt 0.89541763 0.63396621
vt 0.92649972 0.64821470
vt 0.89413655 0.65224707
vt 0.89883626 0.65254867
vt 0.90865511 0.65335828
vt 0.92289096 0.65434605
vt 0.92655933 0.65478921
vt 0.92659527 0.64087510
vt 0.92679226 0.63487983
vt 0.92167318 0.63275522
vt 0.92592448 0.62458783
vt 0.92706943 0.62415487
vt 0.94041467 0.63618499
vt 0.93122143 0.65479767
vt 0.94194299 0.64841992
vt 0.95168632 0.64733291
vt 0.94229913 0.65391153
vt 0.94997358 0.65321922
vt 0.95163500 0.63672656
vt 0.95153576 0.63254291
vt 0.95166403 0.62628639
vt 0.95195055 0.65289205
vt 0.89209020 0.63341093
vt 0.88739741 0.62130648
vt 0.89018798 0.65154129
vt 0.88627934 0.62901211
vt 0.88541031 0.63402337
vt 0.88429725 0.64472824
vt 0.88344431 0.64945501
vt 0.91667801 0.65420687
vt 0.92693359 0.65942639
vt 0.92572457 0.58116347
vt 0.91602111 0.57948488
vt 0.90675575 0.57977945
vt 0.89659941 0.57953221
vt 0.90146023 0.56986684
vt 0.91411102 0.57213032
vt 0.92557418 0.57533360
vt 0.91519290 0.56533998
vt 0.90317231 0.55495298
vt 0.91420710 0.55366939
vt 0.89562231 0.55582446
vt 0.89560997 0.56201553
vt 0.89578342 0.56873232
vt 0.92121893 0.55275375
vt 0.92510998 0.56651467
vt 0.92509931 0.55219012
vt 0.92608643 0.55225194
vt 0.92623168 0.56645977
vt 0.93771183 0.56740475
vt 0.93715990 0.55227077
vt 0.94384032 0.55264270
vt 0.95175362 0.56162244
vt 0.95195055 0.55311364
vt 0.95156533 0.56963336
vt 0.94340765 0.58308393
vt 0.95130163 0.57862175
vt 0.88841832 0.55794126
vt 0.88828194 0.56649953
vt 0.89454484 0.57829183
vt 0.88844150 0.57471454
vt 0.88888770 0.58092660
vt 0.89222455 0.66270763
vt 0.89011753 0.67342985
vt 0.89805913 0.66295427
vt 0.90430433 0.67683339
vt 0.90651858 0.67048806
vt 0.88898981 0.68310511
vt 0.90283751 0.69440049
vt 0.91541183 0.68552530
vt 0.91362244 0.69771409
vt 0.92131817 0.69322741
vt 0.91985005 0.69944084
vt 0.89373571 0.69275290
vt 0.88785988 0.69144982
vt 0.91581804 0.67168289
vt 0.92341042 0.68149918
vt 0.30885217 0.89598054
vt 0.31699690 0.89922535
vt 0.31094006 0.90956146
vt 0.29583451 0.91218472
vt 0.30236787 0.90277022
vt 0.30187792 0.91943121
vt 0.32591721 0.90291172
vt 0.31532094 0.91481745
vt 0.32839990 0.90810841
vt 0.30589160 0.92367387
vt 0.32947740 0.90398949
vt 0.31733891 0.92450941
vt 0.32285592 0.91597205
vt 0.31137872 0.92887169
vt 0.31305334 0.93126136
vt 0.29751545 0.90746337
vt 0.33155453 0.90365881
vt 0.29337895 0.91006523
vt 0.33148369 0.90014017
vt 0.29072297 0.89477462
vt 0.28983301 0.90452576
vt 0.29722160 0.89352632
vt 0.28515756 0.89527315
vt 0.28318635 0.89163172
vt 0.28028160 0.89910293
vt 0.30876306 0.89470142
vt 0.28931609 0.88793486
vt 0.27857739 0.91387844
vt 0.29023564 0.91222596
vt 0.29866204 0.88277441
vt 0.32272655 0.89147717
vt 0.31839371 0.89015049
vt 0.33131325 0.89327675
vt 0.31926307 0.87582392
vt 0.32844707 0.87608945
vt 0.33127838 0.88388473
vt 0.33134773 0.87360334
vt 0.31820366 0.88432866
vt 0.31123430 0.87930858
vt 0.32734478 0.87074792
vt 0.30957270 0.86655557
vt 0.28372091 0.88975322
vt 0.29592893 0.87039548
vt 0.30380443 0.86571604
vt 0.31701121 0.86443627
vt 0.30391771 0.88533860
vt 0.29952353 0.87871212
vt 0.30369872 0.87844425
vt 0.30785030 0.88418609
vt 0.31464988 0.88457763
vt 0.29327014 0.86957139
vt 0.31221050 0.88851786
vt 0.28069639 0.88260555
vt 0.28106159 0.87224817
vt 0.28309998 0.86572641
vt 0.31367046 0.86194676
vt 0.27278686 0.90729713
vt 0.27591863 0.89555085
vt 0.27259776 0.88469797
vt 0.27371520 0.87258166
vt 0.27741069 0.86729985
vt 0.26774317 0.87842792
vt 0.26551163 0.88567001
vt 0.26625898 0.90305632
vt 0.26869026 0.91073817
vt 0.26528174 0.90687156
vt 0.26479346 0.89495689
vt 0.25828302 0.89791703
vt 0.25994363 0.88374627
vt 0.26300499 0.87608361
vt 0.27089739 0.87078124
vt 0.25786647 0.89023918
vt 0.31029373 0.85907602
vt 0.25806051 0.88300157
vt 0.28236276 0.86037552
vt 0.28921127 0.85886896
vt 0.29817963 0.85426807
vt 0.28271616 0.85043341
vt 0.27591199 0.85185301
vt 0.27599481 0.85897511
vt 0.32292274 0.86748081
vt 0.26977226 0.85180837
vt 0.26019266 0.86236429
vt 0.26341248 0.85045612
vt 0.25787237 0.85128236
vt 0.26766700 0.86360431
vt 0.26217416 0.87249941
vt 0.30821630 0.93269539
vt 0.29700044 0.84871280
vt 0.25370583 0.84760165
vt 0.29747504 0.93490279
vt 0.28780121 0.92245972
vt 0.28342277 0.93247551
vt 0.27822766 0.92148012
vt 0.27742860 0.93230569
vt 0.29250383 0.93622988
vt 0.28463918 0.93794078
vt 0.27629185 0.93988818
vt 0.27070060 0.93262070
vt 0.26236817 0.91912287
vt 0.25755778 0.92651850
vt 0.26795250 0.93757707
vt 0.25388989 0.93261176
vt 0.25250033 0.90047580
vt 0.25788850 0.85577196
vt 0.25396696 0.90939754
vt 0.24462409 0.90405107
vt 0.23695163 0.90741318
vt 0.24826916 0.92590576
vt 0.24423264 0.92128271
vt 0.23860399 0.91546649
vt 0.23248531 0.90947992
vt 0.24881870 0.85079622
vt 0.24099031 0.86287338
vt 0.25112969 0.86775458
vt 0.25608453 0.86793041
vt 0.23881717 0.87675196
vt 0.23969150 0.88909632
vt 0.24513197 0.88362449
vt 0.25100562 0.88076776
vt 0.23060592 0.87294948
vt 0.22978117 0.87425888
vt 0.23038973 0.89620507
vt 0.22989531 0.88951886
vt 0.22993313 0.88088393
vt 0.23972498 0.85852522
vt 0.24600995 0.85009825
vt 0.23425053 0.86677343
vt 0.25006655 0.84526527
vt 0.28618324 0.84203166
vt 0.31108773 0.84947342
vt 0.33619022 0.88923264
vt 0.33736512 0.87175959
vt 0.32663560 0.92219025
vt 0.34020680 0.90637159
vt 0.33384639 0.91645676
vt 0.34269717 0.88437587
vt 0.34337971 0.89628571
vt 0.31766143 0.93667811
vt 0.32419413 0.93145090
vt 0.33259487 0.92217886
vt 0.33846423 0.91432893
vt 0.34382039 0.87436658
vt 0.34378466 0.86987329
vt 0.34324321 0.90726340
vt 0.32008669 0.93988818
vt 0.34395814 0.88494283
vt 0.32641554 0.93123072
vt 0.53572029 0.89902866
vt 0.54182959 0.90891796
vt 0.53976792 0.90587509
vt 0.55188012 0.90448028
vt 0.54006881 0.88929152
vt 0.53216326 0.89234740
vt 0.55532783 0.89836735
vt 0.54997450 0.88808310
vt 0.55867237 0.90499312
vt 0.52957141 0.88729137
vt 0.54880601 0.90763187
vt 0.53348345 0.88295555
vt 0.54055494 0.87622380
vt 0.54279995 0.87733179
vt 0.55936944 0.90486622
vt 0.52791452 0.88894367
vt 0.53960937 0.90901428
vt 0.54766476 0.88287657
vt 0.55577391 0.89642328
vt 0.55154234 0.88542479
vt 0.54486406 0.87289637
vt 0.52798384 0.90005243
vt 0.53403658 0.90939504
vt 0.52404344 0.89191526
vt 0.51808947 0.89638549
vt 0.52151358 0.90428495
vt 0.52259445 0.91182446
vt 0.53176504 0.91051662
vt 0.51593065 0.91298819
vt 0.51274383 0.89972579
vt 0.50817722 0.90787458
vt 0.50970632 0.91539550
vt 0.52128601 0.88344413
vt 0.51043302 0.89383727
vt 0.50079876 0.90256137
vt 0.50108999 0.90953320
vt 0.49999720 0.90764010
vt 0.50256008 0.89430469
vt 0.51169002 0.87919718
vt 0.50426286 0.88346332
vt 0.50601673 0.87639546
vt 0.50282848 0.91554242
vt 0.51020050 0.92114502
vt 0.52388310 0.92023975
vt 0.50438076 0.92160034
vt 0.53490514 0.91726458
vt 0.54192078 0.91481787
vt 0.50708264 0.87250364
vt 0.53570783 0.87379527
vt 0.52654457 0.87548983
vt 0.52638561 0.86975706
vt 0.52141982 0.86744130
vt 0.50993389 0.86280406
vt 0.53218848 0.93115211
vt 0.53813535 0.93454981
vt 0.54267836 0.93512028
vt 0.51027697 0.92538714
vt 0.51922190 0.93071967
vt 0.49573642 0.91692567
vt 0.49395496 0.91336590
vt 0.50503969 0.92754829
vt 0.54436386 0.92872727
vt 0.53091991 0.93531579
vt 0.49418482 0.90830427
vt 0.54456502 0.93593991
vt 0.51103103 0.93299156
vt 0.52279598 0.93690586
vt 0.54421765 0.91861594
vt 0.49589410 0.89661521
vt 0.48988298 0.90071797
vt 0.50358415 0.93453819
vt 0.49616501 0.88318610
vt 0.51279324 0.93817526
vt 0.48746625 0.88229007
vt 0.48774895 0.89354807
vt 0.49069837 0.87660497
vt 0.48612425 0.87711638
vt 0.48853648 0.90709513
vt 0.50536913 0.93988818
vt 0.47867665 0.88708115
vt 0.47755292 0.87977666
vt 0.47216341 0.89646912
vt 0.46771988 0.89249682
vt 0.46935749 0.88356251
vt 0.46177816 0.88677269
vt 0.50819576 0.86766660
vt 0.50866914 0.86254758
vt 0.49798131 0.86433345
vt 0.48530054 0.87218624
vt 0.48115990 0.86228102
vt 0.48263720 0.86617959
vt 0.49938443 0.86160296
vt 0.47817209 0.87054217
vt 0.45850739 0.88361633
vt 0.45569673 0.88033760
vt 0.47475016 0.86463171
vt 0.47015277 0.86669952
vt 0.46105742 0.87005055
vt 0.45052332 0.87435752
vt 0.55941385 0.92211139
vt 0.55184829 0.91474330
vt 0.55994290 0.92767364
vt 0.55441082 0.93882006
vt 0.55928677 0.93988818
vt 0.54661334 0.93696898
vt 0.67602283 0.20968837
vt 0.67792577 0.20955551
vt 0.67792577 0.22041005
vt 0.67626715 0.20083880
vt 0.03011685 0.73546314
vt 0.02093513 0.72960025
vt 0.03055863 0.74415994
vt 0.02971252 0.72345591
vt 0.01635490 0.74761951
vt 0.01315474 0.72490251
vt 0.01874475 0.72357017
vt 0.03039641 0.74790341
vt 0.00486119 0.74768394
vt 0.00477192 0.72431195
vt 0.00343496 0.73281276
vt 0.00285055 0.72444749
vt 0.00336351 0.74799168
vt 0.02369045 0.74853027
vt 0.00390528 0.71624273
vt 0.00687000 0.71093470
vt 0.00208211 0.70178896
vt 0.00314322 0.69890624
vt 0.00142721 0.69044524
vt 0.00255902 0.69063240
vt 0.01228792 0.68869025
vt 0.02109209 0.69836366
vt 0.01525004 0.70493925
vt 0.02961896 0.70419824
vt 0.02979637 0.71869767
vt 0.02936876 0.68639326
vt 0.01835834 0.68782097
vt 0.00244014 0.71492136
vt 0.00188565 0.70864224
vt 0.03921396 0.69976312
vt 0.03697629 0.68719053
vt 0.04997248 0.68814862
vt 0.04739507 0.69632387
vt 0.05886166 0.69230640
vt 0.05856011 0.69806302
vt 0.04781995 0.70504093
vt 0.05723368 0.71300191
vt 0.05946716 0.68871957
vt 0.04293793 0.72257477
vt 0.05212685 0.72227818
vt 0.03023704 0.71189463
vt 0.05807393 0.72160959
vt 0.05858948 0.70431018
vt 0.05053312 0.73431206
vt 0.05787065 0.73854434
vt 0.05616318 0.74545974
vt 0.05789901 0.74481291
vt 0.04198401 0.73424369
vt 0.05820091 0.72924232
vt 0.03784053 0.74746758
vt 0.03568374 0.72315902
vt 0.03534568 0.74111921
vt 0.00248855 0.68897116
vt 0.01372641 0.74935526
vt 0.00421751 0.75472236
vt 0.01148700 0.76050115
vt 0.00328291 0.76507878
vt 0.00359412 0.77194369
vt 0.02479570 0.77157122
vt 0.03036684 0.75281793
vt 0.01590687 0.77569968
vt 0.03012889 0.78984159
vt 0.02359717 0.78950095
vt 0.03038044 0.78893256
vt 0.03047942 0.77190983
vt 0.00744322 0.78711087
vt 0.00350969 0.77887273
vt 0.03049502 0.76469839
vt 0.04733239 0.76810956
vt 0.05850218 0.76342994
vt 0.04762963 0.75460470
vt 0.05697256 0.75695741
vt 0.05034962 0.74644035
vt 0.05709964 0.75023073
vt 0.03647384 0.78893036
vt 0.05892911 0.77350068
vt 0.05932895 0.78234571
vt 0.04631231 0.78745669
vt 0.05546610 0.78593355
vt 0.00235230 0.78537577
vt 0.05946717 0.78512794
vt 0.05857562 0.75573605
vt 0.00202490 0.77654749
vt 0.00255228 0.78672397
vt 0.00218774 0.76617563
vt 0.01268327 0.78832757
vt 0.07483526 0.95718801
vt 0.06290050 0.95743829
vt 0.06303138 0.94761246
vt 0.07073400 0.94236451
vt 0.07648819 0.94144160
vt 0.08686917 0.95740712
vt 0.09013340 0.94301349
vt 0.10012300 0.94693923
vt 0.10239225 0.95968276
vt 0.09888615 0.94106627
vt 0.06275323 0.94341350
vt 0.08851165 0.94082016
vt 0.06243636 0.96173126
vt 0.06276742 0.94177282
vt 0.07025194 0.94136512
vt 0.09582613 0.96478564
vt 0.10418649 0.96923143
vt 0.09781238 0.96906674
vt 0.08546366 0.96917492
vt 0.07805229 0.96319765
vt 0.06872920 0.96129555
vt 0.06189986 0.96836454
vt 0.07645720 0.96932757
vt 0.10335468 0.96078742
vt 0.06877562 0.99429321
vt 0.07974703 0.99401182
vt 0.06217737 0.97912472
vt 0.06099568 0.99309242
vt 0.09193962 0.99007678
vt 0.09045356 0.99501890
vt 0.10068069 0.99535698
vt 0.10153941 0.98835802
vt 0.10321472 0.97741109
vt 0.06103575 0.98409891
vt 0.06132592 0.97609764
vt 0.10027440 0.99880195
vt 0.08402981 0.99774516
vt 0.07392369 0.99752933
vt 0.06113912 0.99690682
vt 0.06150797 0.99788201
vt 0.09999310 0.99953401
vt 0.08520833 0.99907392
vt 0.07582478 0.99882424
vt 0.04805005 0.98545784
vt 0.03974103 0.98341912
vt 0.03901479 0.96870619
vt 0.04960304 0.96864593
vt 0.03475761 0.97612441
vt 0.05134532 0.96149737
vt 0.02426261 0.96859449
vt 0.02458751 0.97488809
vt 0.02513072 0.98465294
vt 0.02559557 0.99374765
vt 0.03975538 0.99323016
vt 0.04903300 0.99367815
vt 0.02492959 0.96218687
vt 0.03932009 0.95936221
vt 0.03667815 0.99549991
vt 0.02575287 0.99775380
vt 0.05255370 0.95612115
vt 0.05551531 0.99796975
vt 0.02593530 0.95142907
vt 0.04801305 0.94223845
vt 0.03722922 0.94943517
vt 0.03627692 0.94224042
vt 0.02659462 0.94133317
vt 0.05535832 0.94245410
vt 0.03445089 0.99953401
vt 0.04183941 0.99923950
vt 0.05024476 0.99862128
vt 0.02584180 0.94611275
vt 0.70118362 0.90899032
vt 0.70144010 0.91480571
vt 0.69977558 0.92830127
vt 0.68978542 0.91210264
vt 0.69703358 0.90707582
vt 0.68970132 0.92894703
vt 0.68019289 0.92896938
vt 0.68006885 0.91675705
vt 0.67988926 0.90762538
vt 0.70162410 0.90659511
vt 0.68314362 0.90244639
vt 0.67989522 0.90219200
vt 0.70167875 0.90148938
vt 0.69375557 0.90075773
vt 0.67999566 0.93056852
vt 0.67303896 0.93000388
vt 0.67334270 0.90855932
vt 0.66603225 0.91539198
vt 0.66630203 0.93005288
vt 0.65895897 0.93003756
vt 0.65091240 0.91268128
vt 0.65161949 0.92892474
vt 0.63922060 0.92874378
vt 0.63953412 0.91031188
vt 0.64937651 0.90189636
vt 0.66215760 0.90816784
vt 0.65997106 0.90210706
vt 0.63701236 0.90103799
vt 0.66663796 0.90215707
vt 0.63805115 0.91558695
vt 0.65025520 0.93043464
vt 0.63925999 0.93056852
vt 0.63854599 0.92630297
vt 0.66652519 0.89540869
vt 0.65654498 0.89189214
vt 0.63814902 0.89166743
vt 0.67854458 0.88692045
vt 0.65202487 0.88185352
vt 0.66297930 0.88132834
vt 0.67738318 0.87906849
vt 0.67865527 0.87189120
vt 0.67166352 0.87266809
vt 0.65913677 0.87218809
vt 0.64636397 0.87016308
vt 0.63925803 0.88225824
vt 0.63996786 0.87407494
vt 0.64025372 0.86990607
vt 0.67924160 0.89432484
vt 0.66689986 0.87121880
vt 0.70185047 0.89000559
vt 0.69044769 0.87986451
vt 0.70119566 0.87745643
vt 0.70192182 0.89686906
vt 0.69273955 0.87303489
vt 0.70035386 0.87173539
vt 0.68275911 0.87185168
vt 0.67119598 0.87051249
vt 0.69230199 0.87124139
vt 0.65327412 0.86940205
vt 0.66242534 0.86974639
vt 0.64085186 0.86892033
vt 0.64617151 0.86812675
vt 0.71433479 0.88729787
vt 0.71365184 0.87545496
vt 0.71054339 0.87141144
vt 0.72615516 0.87301064
vt 0.72462702 0.88909358
vt 0.73726952 0.87389350
vt 0.73938066 0.89234442
vt 0.73157305 0.90085900
vt 0.72246355 0.90086192
vt 0.74056143 0.90072739
vt 0.74087429 0.90941203
vt 0.73355931 0.90920508
vt 0.72322416 0.90919203
vt 0.73655760 0.87038869
vt 0.71425009 0.90113181
vt 0.72917956 0.86967915
vt 0.71158177 0.90789694
vt 0.71898288 0.87019169
vt 0.72319221 0.91397876
vt 0.74015725 0.92071211
vt 0.72037596 0.93041503
vt 0.71224052 0.91593337
vt 0.71509582 0.92992604
vt 0.70791435 0.92899668
vt 0.73188132 0.93022621
vt 0.73800516 0.93010873
vt 0.74032974 0.92388117
vt 0.74167460 0.91072875
vt 0.73983729 0.92991072
vt 0.92528844 0.43055725
vt 0.92562670 0.43400019
vt 0.93272305 0.43337607
vt 0.92600679 0.42960179
vt 0.94130796 0.42465758
vt 0.94683379 0.43557119
vt 0.94965976 0.42252958
vt 0.94426644 0.44114518
vt 0.93562967 0.44938374
vt 0.92979711 0.45170164
vt 0.92641598 0.44470710
vt 0.92256612 0.43894374
vt 0.92490321 0.45246935
vt 0.91897124 0.45017982
vt 0.91903186 0.43308139
vt 0.91221845 0.44550288
vt 0.90986830 0.44098818
vt 0.90628809 0.43967742
vt 0.90302110 0.42993408
vt 0.91644442 0.42556024
vt 0.90317559 0.42723620
vt 0.92359293 0.42469168
vt 0.93249524 0.42114639
vt 0.91055751 0.41970551
vt 0.91616279 0.41338503
vt 0.92233574 0.41301006
vt 0.92151064 0.40689880
vt 0.93053341 0.41316044
vt 0.92566943 0.40601522
vt 0.94548231 0.41846049
vt 0.92216116 0.40223718
vt 0.93515629 0.40780759
vt 0.94616514 0.41381609
vt 0.92477554 0.40096211
vt 0.93076766 0.40438938
vt 0.91737300 0.40535176
vt 0.93104756 0.39735472
vt 0.93945968 0.40097582
vt 0.93556345 0.39517188
vt 0.95108032 0.42165411
vt 0.93985206 0.39328557
vt 0.94450837 0.39155442
vt 0.94901764 0.40157175
vt 0.95097160 0.38928568
vt 0.94999737 0.41267204
vt 0.95567828 0.38735962
vt 0.94875652 0.44055116
vt 0.90191007 0.42722404
vt 0.90649450 0.41130269
vt 0.91016746 0.39846832
vt 0.89986545 0.40061665
vt 0.89651453 0.40372992
vt 0.89870173 0.41199374
vt 0.89501631 0.42119265
vt 0.88747078 0.41631019
vt 0.91844571 0.39912629
vt 0.88812685 0.40859592
vt 0.87792116 0.41250539
vt 0.91134870 0.39154708
vt 0.90342838 0.39145505
vt 0.90387422 0.38453293
vt 0.89570469 0.43916970
vt 0.92409247 0.39357054
vt 0.91697955 0.38175112
vt 0.91698611 0.37709367
vt 0.92512769 0.37604845
vt 0.92603964 0.38296330
vt 0.93539375 0.38132554
vt 0.94137895 0.38776189
vt 0.87236553 0.41175246
vt 0.95465809 0.40178949
vt 0.95944172 0.38498688
vt 0.96975899 0.39755261
vt 0.95879281 0.40901107
vt 0.97654998 0.40689379
vt 0.97314876 0.41403055
vt 0.96389413 0.41751516
vt 0.98134029 0.41094702
vt 0.97422552 0.40198421
vt 0.94364083 0.37871081
vt 0.90714002 0.37866676
vt 0.90067482 0.38047874
vt 0.95041972 0.37970525
vt 0.95665884 0.38111401
vt 0.96048975 0.38251221
vt 0.89213711 0.38815224
vt 0.89258462 0.39414608
vt 0.88027638 0.40334010
vt 0.88599175 0.39361799
vt 0.87205195 0.40837705
vt 0.87843198 0.40129972
vt 0.87168717 0.41996908
vt 0.87129605 0.42745221
vt 0.88354319 0.42876339
vt 0.88920057 0.42216218
vt 0.87929112 0.44408143
vt 0.87060988 0.43597281
vt 0.87057644 0.44715667
vt 0.89147133 0.43756151
vt 0.89791733 0.43217778
vt 0.88535351 0.44215894
vt 0.87012368 0.44134527
vt 0.87016320 0.41083741
vt 0.93854278 0.44785184
vt 0.91276163 0.45148396
vt 0.87974286 0.45872390
vt 0.89589572 0.45380253
vt 0.88580501 0.46655506
vt 0.89719707 0.45645630
vt 0.89817888 0.47461647
vt 0.90426642 0.46534055
vt 0.90934116 0.45683384
vt 0.90648943 0.45220888
vt 0.89653939 0.44412851
vt 0.91475940 0.45778102
vt 0.89551497 0.47862208
vt 0.92789984 0.45700532
vt 0.94991189 0.43296313
vt 0.90909785 0.46517855
vt 0.90118259 0.47691840
vt 0.94130266 0.45720232
vt 0.93029845 0.47006130
vt 0.91920465 0.47045219
vt 0.90317583 0.47992826
vt 0.92215919 0.48223388
vt 0.93229610 0.48508853
vt 0.93227178 0.48169756
vt 0.94598734 0.46558309
vt 0.95171523 0.47631621
vt 0.94648957 0.44643635
vt 0.95887208 0.47305119
vt 0.95227361 0.45386386
vt 0.96500158 0.46654958
vt 0.96308398 0.44573975
vt 0.95819432 0.44440377
vt 0.96085727 0.44185519
vt 0.96310031 0.42904538
vt 0.97422963 0.43823791
vt 0.97527653 0.44886547
vt 0.97583115 0.45421982
vt 0.97054338 0.43091762
vt 0.98081768 0.44017363
vt 0.98052287 0.45113623
vt 0.98134029 0.42950130
vt 0.97061533 0.42123091
vt 0.98144627 0.41952419
vt 0.95391244 0.47903776
vt 0.89522564 0.47946668
vt 0.94976395 0.48022056
vt 0.94008255 0.48234284
vt 0.97149974 0.46001971
vt 0.92181700 0.48399252
vt 0.91341048 0.48170090
vt 0.91852671 0.78403002
vt 0.92561531 0.78865433
vt 0.92002463 0.78777254
vt 0.92412972 0.78388089
vt 0.93112308 0.78497672
vt 0.93625385 0.78684133
vt 0.93638295 0.79211241
vt 0.92829919 0.79481012
vt 0.92315590 0.79294789
vt 0.94043511 0.78839684
vt 0.93314767 0.79665101
vt 0.93602264 0.79780042
vt 0.94772691 0.79090840
vt 0.91756821 0.79131520
vt 0.91748005 0.78714156
vt 0.94388431 0.77525526
vt 0.93769670 0.77880669
vt 0.94700199 0.78220665
vt 0.92631698 0.77930927
vt 0.94268447 0.76947784
vt 0.92919248 0.77164781
vt 0.94500935 0.77282435
vt 0.92376286 0.76678175
vt 0.92108756 0.77450675
vt 0.93039179 0.76305926
vt 0.92561674 0.76214451
vt 0.93566614 0.76161295
vt 0.92830163 0.75400966
vt 0.94940156 0.76860696
vt 0.91587377 0.78098279
vt 0.91461730 0.78386354
vt 0.94230461 0.76045042
vt 0.94967091 0.76514554
vt 0.95717019 0.76329988
vt 0.96201831 0.75965422
vt 0.96573228 0.75783890
vt 0.96552753 0.75631326
vt 0.95964974 0.75217241
vt 0.93550390 0.75178355
vt 0.92929548 0.75087863
vt 0.95467204 0.74742466
vt 0.94822466 0.75711930
vt 0.94286531 0.74178708
vt 0.93287790 0.74246716
vt 0.95079887 0.74389994
vt 0.94462651 0.73872316
vt 0.93646908 0.73212653
vt 0.91554588 0.77142656
vt 0.91857976 0.76330829
vt 0.96207327 0.77097940
vt 0.96675879 0.76729673
vt 0.96819872 0.77814770
vt 0.97002852 0.79690713
vt 0.96346295 0.79548389
vt 0.96418506 0.78347623
vt 0.95040017 0.79239547
vt 0.95859885 0.74892831
vt 0.94417650 0.80097169
vt 0.91051179 0.78239918
vt 0.91132867 0.77802324
vt 0.92472672 0.75347251
vt 0.94584334 0.80157012
vt 0.90451282 0.75589687
vt 0.90548742 0.75197744
vt 0.91799921 0.75272864
vt 0.91556591 0.78833431
vt 0.90273184 0.76264709
vt 0.90406698 0.77270669
vt 0.90209323 0.76877904
vt 0.90876490 0.78564584
vt 0.91273993 0.79395670
vt 0.91345149 0.79580879
vt 0.91725934 0.79916632
vt 0.91981876 0.74206305
vt 0.90277678 0.74483305
vt 0.90731412 0.78239834
vt 0.92415828 0.74903017
vt 0.89828557 0.77907324
vt 0.90586072 0.78441370
vt 0.90954822 0.73069012
vt 0.89978945 0.73739189
vt 0.89856046 0.73019570
vt 0.92215937 0.73061126
vt 0.92873544 0.73134875
vt 0.89568388 0.77092952
vt 0.94928014 0.74084622
vt 0.94324100 0.73585695
vt 0.89823169 0.78115386
vt 0.88988864 0.77705592
vt 0.92569393 0.80279982
vt 0.90570927 0.79380077
vt 0.91039783 0.79954875
vt 0.88792294 0.77333146
vt 0.89002734 0.76482022
vt 0.90198600 0.78449208
vt 0.92428941 0.80993283
vt 0.91900891 0.80415732
vt 0.91307545 0.80068350
vt 0.90134490 0.78962946
vt 0.93645513 0.80780989
vt 0.92754602 0.81724697
vt 0.96402240 0.81198519
vt 0.94397354 0.80639744
vt 0.90315449 0.79612201
vt 0.95566809 0.80321580
vt 0.95572072 0.81589037
vt 0.95961428 0.81996435
vt 0.94043803 0.81285191
vt 0.92871767 0.82205200
vt 0.94981557 0.80768329
vt 0.95052856 0.81853139
vt 0.91360062 0.80999047
vt 0.92335343 0.81705219
vt 0.90811735 0.80612338
vt 0.92964101 0.82600552
vt 0.93067819 0.82931578
vt 0.95261073 0.82722867
vt 0.94744009 0.83147931
vt 0.90840626 0.80161816
vt 0.90586472 0.81129980
vt 0.91787779 0.81673586
vt 0.94238371 0.83677137
vt 0.93158859 0.83785766
vt 0.93281353 0.84448260
vt 0.93029016 0.83227342
vt 0.90354037 0.80187482
vt 0.92228317 0.82595229
vt 0.90947193 0.82102507
vt 0.90292984 0.82062817
vt 0.90078658 0.82637191
vt 0.89659393 0.80441499
vt 0.89894032 0.79434490
vt 0.91137350 0.83560181
vt 0.90073723 0.83983612
vt 0.92190468 0.84482759
vt 0.90997612 0.84469378
vt 0.89739645 0.83453047
vt 0.89522642 0.83945584
vt 0.89265227 0.78538597
vt 0.89838761 0.80976993
vt 0.88845396 0.80648613
vt 0.89227659 0.79618013
vt 0.88612622 0.79114759
vt 0.88520962 0.78278524
vt 0.88416708 0.77315658
vt 0.89586920 0.84405059
vt 0.90388489 0.84482759
vt 0.89428687 0.84269249
vt 0.88493723 0.80095625
vt 0.87946010 0.80962598
vt 0.88969433 0.83783424
vt 0.87866211 0.82397532
vt 0.87680042 0.81151056
vt 0.88164860 0.77663434
vt 0.88131708 0.76868927
vt 0.86683649 0.81574792
vt 0.86785710 0.82199287
vt 0.87713015 0.82927972
vt 0.88293749 0.83372533
vt 0.87699711 0.77807134
vt 0.87742054 0.79882759
vt 0.87452424 0.78558022
vt 0.89846545 0.75492394
vt 0.86371797 0.81794709
vt 0.86793905 0.80540186
vt 0.86935538 0.79680228
vt 0.86881512 0.77758425
vt 0.88352805 0.76128811
vt 0.87181646 0.77202797
vt 0.87542880 0.76369423
vt 0.89469916 0.74502861
vt 0.86364490 0.78607959
vt 0.86341047 0.77688974
vt 0.86155832 0.80679971
vt 0.85991490 0.79790366
vt 0.87055993 0.75969446
vt 0.88418525 0.74957073
vt 0.89683497 0.73136222
vt 0.85911566 0.79043180
vt 0.85870600 0.78343230
vt 0.85938132 0.77630204
vt 0.86137450 0.76618749
vt 0.86534142 0.75622010
vt 0.87782264 0.74619883
vt 0.88658506 0.73966020
vt 0.88229525 0.74298018
vt 0.89167333 0.73530167
vt 0.60762435 0.88436985
vt 0.62007540 0.87384015
vt 0.62868142 0.88702083
vt 0.60868675 0.87383485
vt 0.62234950 0.85890520
vt 0.61003399 0.86187345
vt 0.62226486 0.89761662
vt 0.61550188 0.89761686
vt 0.62413865 0.90986419
vt 0.63321608 0.89846659
vt 0.60665578 0.91043413
vt 0.60514814 0.89770555
vt 0.60567898 0.91356170
vt 0.63420254 0.89705837
vt 0.63274080 0.90538597
vt 0.63163257 0.91583478
vt 0.63483876 0.86065423
vt 0.59332085 0.91011113
vt 0.59410357 0.89900863
vt 0.58722252 0.89992410
vt 0.60215425 0.85414726
vt 0.60584050 0.89578527
vt 0.58804226 0.91327280
vt 0.57646620 0.90186042
vt 0.57731152 0.91129500
vt 0.57550526 0.91182643
vt 0.57708263 0.91983581
vt 0.57903939 0.91686839
vt 0.57478118 0.90155715
vt 0.61319453 0.91856974
vt 0.60000902 0.86600918
vt 0.58172077 0.89009613
vt 0.59814805 0.89253098
vt 0.58286095 0.88593036
vt 0.57364881 0.89036673
vt 0.57150912 0.88187987
vt 0.58297646 0.88026696
vt 0.56984764 0.87483811
vt 0.57049507 0.86385530
vt 0.61124206 0.85456520
vt 0.57527572 0.91758573
vt 0.57660335 0.93249226
vt 0.57603252 0.90077299
vt 0.58756846 0.85908085
vt 0.59374285 0.92245072
vt 0.56674421 0.86540812
vt 0.56800765 0.87553537
vt 0.56565177 0.86566252
vt 0.63303250 0.91077697
vt 0.63312864 0.92143959
vt 0.63216418 0.92993301
vt 0.63351870 0.93102038
vt 0.60040307 0.89813870
vt 0.63621259 0.87347674
vt 0.63799268 0.86664677
vt 0.63680953 0.87738341
vt 0.63602489 0.88411176
vt 0.63891530 0.86150849
vt 0.57063985 0.88501787
vt 0.63727421 0.86087644
vt 0.62307996 0.93190044
vt 0.62489277 0.85776466
vt 0.60698920 0.92719251
vt 0.63475877 0.88965696
vt 0.58804440 0.91894680
vt 0.58775485 0.93336439
vt 0.57870257 0.93316394
vt 0.58062285 0.92622656
vt 0.63588440 0.89148480
vt 0.57762069 0.92622697
vt 0.60423374 0.88432056
vt 0.60010129 0.93330967
vt 0.61740249 0.93222153
vt 0.60716373 0.93316394
vt 0.57262456 0.89392322
vt 0.64769435 0.81770581
vt 0.64944404 0.81873250
vt 0.64747858 0.81808192
vt 0.66175073 0.81873250
vt 0.65495455 0.81314075
vt 0.64768529 0.81339186
vt 0.50964487 0.72739983
vt 0.51157016 0.73019570
vt 0.50190294 0.73004729
vt 0.51998097 0.73004729
vt 0.67697430 0.03124344
vt 0.66533923 0.03308481
vt 0.66086328 0.02096927
vt 0.64557564 0.03308481
vt 0.52485585 0.64072692
vt 0.53139865 0.64352286
vt 0.52378684 0.64352286
f 1/1 2/2 3/3
f 5594/5594 5588/5588 5602/5602
f 5602/5602 5588/5588 5599/5599
f 5602/5602 5599/5599 5608/5608
f 5608/5608 5599/5599 5610/5610
f 5610/5610 5599/5599 5598/5598
f 5599/5599 5588/5588 5598/5598
f 5607/5607 5634/5634 5609/5609
f 5609/5609 5591/5591 5607/5607
f 5607/5607 5591/5591 5594/5594
f 5588/5588 5587/5587 5598/5598
f 5591/5591 5583/5583 5594/5594
f 5594/5594 5583/5583 5588/5588
f 5587/5587 5586/5586 5606/5606
f 5588/5588 5583/5583 5587/5587
f 5609/5609 5603/5603 5591/5591
f 5590/5590 5583/5583 5591/5591
f 5587/5587 5583/5583 5586/5586
f 5603/5603 5592/5592 5591/5591
f 5592/5592 5590/5590 5591/5591
f 5590/5590 5584/5584 5583/5583
f 5603/5603 5618/5618 5592/5592
f 5583/5583 5584/5584 5585/5585
f 5618/5618 5613/5613 5592/5592
f 5592/5592 5593/5593 5590/5590
f 5592/5592 5613/5613 5577/5577
f 5592/5592 5577/5577 5593/5593
f 5584/5584 5595/5595 5585/5585
f 5590/5590 5593/5593 5584/5584
f 5595/5595 5597/5597 5585/5585
f 5577/5577 5571/5571 5593/5593
f 5577/5577 5572/5572 5571/5571
f 5593/5593 5576/5576 5584/5584
f 5593/5593 5571/5571 5576/5576
f 5584/5584 5576/5576 5595/5595
f 5571/5571 5567/5567 5576/5576
f 5595/5595 5596/5596 5597/5597
f 5567/5567 5574/5574 5576/5576
f 5567/5567 5569/5569 5574/5574
f 5596/5596 5624/5624 5597/5597
f 5576/5576 5574/5574 5578/5578
f 5574/5574 5575/5575 5578/5578
f 5576/5576 5578/5578 5595/5595
f 5578/5578 5580/5580 5595/5595
f 5595/5595 5580/5580 5596/5596
f 5580/5580 5615/5615 5596/5596
f 5578/5578 5575/5575 5579/5579
f 5578/5578 5579/5579 5580/5580
f 5631/5631 5602/5602 5621/5621
f 5636/5636 5594/5594 5614/5614
f 5614/5614 5602/5602 5631/5631
f 5608/5608 5610/5610 5637/5637
f 5633/5633 5607/5607 5594/5594
f 5633/5633 5594/5594 5636/5636
f 5639/5639 5607/5607 5633/5633
f 5632/5632 5598/5598 5628/5628
f 5634/5634 5607/5607 5639/5639
f 5628/5628 5587/5587 5627/5627
f 2823/2823 2816/2816 2833/2833
f 5587/5587 5606/5606 5627/5627
f 5627/5627 5606/5606 5630/5630
f 2833/2833 2816/2816 2800/2800
f 5606/5606 5620/5620 5630/5630
f 5638/5638 5603/5603 5609/5609
f 5606/5606 5586/5586 5605/5605
f 5606/5606 5605/5605 5620/5620
f 5605/5605 5625/5625 5620/5620
f 2800/2800 2799/2799 2829/2829
f 5605/5605 5604/5604 5625/5625
f 5605/5605 5586/5586 5604/5604
f 2799/2799 2819/2819 2829/2829
f 2799/2799 2798/2798 2819/2819
f 5604/5604 5611/5611 5625/5625
f 5583/5583 5585/5585 5586/5586
f 5586/5586 5600/5600 5604/5604
f 5604/5604 5600/5600 5611/5611
f 2819/2819 2798/2798 2818/2818
f 5600/5600 5612/5612 5611/5611
f 5585/5585 5589/5589 5586/5586
f 5586/5586 5589/5589 5600/5600
f 2818/2818 2798/2798 2805/2805
f 5600/5600 5589/5589 5612/5612
f 5635/5635 5577/5577 5613/5613
f 5589/5589 5619/5619 5612/5612
f 5585/5585 5601/5601 5589/5589
f 2805/2805 2811/2811 2831/2831
f 5589/5589 5622/5622 5619/5619
f 5585/5585 5597/5597 5601/5601
f 5589/5589 5601/5601 5622/5622
f 5581/5581 5572/5572 5577/5577
f 5601/5601 5616/5616 5622/5622
f 2204/2204 2200/2200 2209/2209
f 5572/5572 5570/5570 5571/5571
f 5597/5597 5616/5616 5601/5601
f 5571/5571 5570/5570 5567/5567
f 5597/5597 5617/5617 5616/5616
f 5570/5570 5568/5568 5567/5567
f 5567/5567 5568/5568 5569/5569
f 2194/2194 2196/2196 2203/2203
f 5624/5624 5623/5623 5597/5597
f 5597/5597 5623/5623 5617/5617
f 5569/5569 5568/5568 5573/5573
f 5569/5569 5573/5573 5574/5574
f 5596/5596 5626/5626 5624/5624
f 5574/5574 5573/5573 5575/5575
f 5596/5596 5615/5615 5626/5626
f 2205/2205 2171/2171 2187/2187
f 2219/2219 2216/2216 2183/2183
f 2219/2219 2183/2183 2177/2177
f 5575/5575 5582/5582 5579/5579
f 2176/2176 2172/2172 2210/2210
f 2172/2172 2171/2171 2210/2210
f 2210/2210 2171/2171 2205/2205
f 3520/3520 3543/3543 3529/3529
f 2823/2823 2817/2817 2816/2816
f 2806/2806 2790/2790 2800/2800
f 2816/2816 2806/2806 2800/2800
f 2790/2790 2781/2781 2799/2799
f 2800/2800 2790/2790 2799/2799
f 2799/2799 2781/2781 2798/2798
f 2781/2781 2784/2784 2798/2798
f 2798/2798 2784/2784 2797/2797
f 2798/2798 2797/2797 2805/2805
f 2805/2805 2797/2797 2803/2803
f 2805/2805 2803/2803 2811/2811
f 2803/2803 2809/2809 2811/2811
f 2811/2811 2809/2809 2825/2825
f 2811/2811 2825/2825 2826/2826
f 2826/2826 2825/2825 2827/2827
f 2826/2826 2827/2827 2828/2828
f 2828/2828 2827/2827 2832/2832
f 2828/2828 2832/2832 2834/2834
f 2194/2194 2190/2190 2196/2196
f 2221/2221 2218/2218 2216/2216
f 2187/2187 2186/2186 2190/2190
f 2187/2187 2190/2190 2191/2191
f 2216/2216 2218/2218 2189/2189
f 2171/2171 2164/2164 2186/2186
f 2171/2171 2186/2186 2187/2187
f 2216/2216 2189/2189 2183/2183
f 2189/2189 2178/2178 2183/2183
f 2183/2183 2178/2178 2177/2177
f 2172/2172 2167/2167 2171/2171
f 2171/2171 2167/2167 2164/2164
f 2177/2177 2174/2174 2176/2176
f 2176/2176 2174/2174 2172/2172
f 2781/2781 2783/2783 2784/2784
f 2803/2803 2802/2802 2809/2809
f 2809/2809 2810/2810 2825/2825
f 2196/2196 2195/2195 2198/2198
f 2190/2190 2195/2195 2196/2196
f 2177/2177 2178/2178 2174/2174
f 2172/2172 2170/2170 2167/2167
f 2824/2824 2815/2815 2817/2817
f 2817/2817 2814/2814 2806/2806
f 2806/2806 2791/2791 2790/2790
f 2790/2790 2782/2782 2781/2781
f 2784/2784 2783/2783 2797/2797
f 2797/2797 2802/2802 2803/2803
f 2802/2802 2810/2810 2809/2809
f 2832/2832 2835/2835 2834/2834
f 2218/2218 2217/2217 2189/2189
f 3515/3515 3516/3516 3517/3517
f 2790/2790 2791/2791 2782/2782
f 2783/2783 2795/2795 2797/2797
f 2797/2797 2795/2795 2802/2802
f 2198/2198 2199/2199 2201/2201
f 2190/2190 2193/2193 2195/2195
f 2832/2832 2830/2830 2835/2835
f 2221/2221 2217/2217 2218/2218
f 2186/2186 2185/2185 2190/2190
f 2164/2164 2185/2185 2186/2186
f 2174/2174 2173/2173 2170/2170
f 2167/2167 2165/2165 2164/2164
f 3547/3547 3545/3545 3549/3549
f 2806/2806 2814/2814 2792/2792
f 2806/2806 2792/2792 2791/2791
f 2791/2791 2785/2785 2782/2782
f 2810/2810 2808/2808 2825/2825
f 2832/2832 2827/2827 2830/2830
f 2190/2190 2185/2185 2193/2193
f 2217/2217 2215/2215 2189/2189
f 2215/2215 2179/2179 2189/2189
f 2189/2189 2179/2179 2178/2178
f 2179/2179 2175/2175 2178/2178
f 2178/2178 2175/2175 2174/2174
f 2173/2173 2169/2169 2170/2170
f 2170/2170 2169/2169 2167/2167
f 3540/3540 3545/3545 3530/3530
f 2792/2792 2785/2785 2791/2791
f 2795/2795 2804/2804 2802/2802
f 2802/2802 2808/2808 2810/2810
f 2198/2198 2197/2197 2199/2199
f 2221/2221 2222/2222 2217/2217
f 2164/2164 2165/2165 2166/2166
f 2164/2164 2166/2166 2185/2185
f 2169/2169 2165/2165 2167/2167
f 2815/2815 2792/2792 2814/2814
f 2792/2792 2787/2787 2785/2785
f 2782/2782 2785/2785 2783/2783
f 2802/2802 2804/2804 2808/2808
f 2808/2808 2820/2820 2825/2825
f 2825/2825 2820/2820 2827/2827
f 2827/2827 2820/2820 2830/2830
f 2195/2195 2193/2193 2197/2197
f 2174/2174 2175/2175 2173/2173
f 2821/2821 2813/2813 2815/2815
f 2815/2815 2813/2813 2792/2792
f 2792/2792 2793/2793 2787/2787
f 2785/2785 2786/2786 2783/2783
f 2783/2783 2786/2786 2795/2795
f 2786/2786 2796/2796 2795/2795
f 2795/2795 2796/2796 2801/2801
f 2795/2795 2801/2801 2804/2804
f 2830/2830 2836/2836 2835/2835
f 2222/2222 2220/2220 2217/2217
f 2220/2220 2215/2215 2217/2217
f 2166/2166 2188/2188 2185/2185
f 2173/2173 2168/2168 2169/2169
f 2169/2169 2168/2168 2165/2165
f 1098/1098 1094/1094 1083/1083
f 1098/1098 1083/1083 1082/1082
f 1098/1098 1082/1082 1099/1099
f 1100/1100 1073/1073 1101/1101
f 1101/1101 1073/1073 1096/1096
f 1096/1096 1074/1074 1103/1103
f 1099/1099 1082/1082 1087/1087
f 1099/1099 1087/1087 1100/1100
f 1100/1100 1087/1087 1073/1073
f 1096/1096 1073/1073 1074/1074
f 1103/1103 1074/1074 1130/1130
f 1082/1082 1070/1070 1087/1087
f 1087/1087 1070/1070 1073/1073
f 1073/1073 1072/1072 1074/1074
f 3441/3441 3439/3439 3436/3436
f 1082/1082 1071/1071 1070/1070
f 1070/1070 1071/1071 1072/1072
f 1070/1070 1072/1072 1073/1073
f 1074/1074 1122/1122 1130/1130
f 1072/1072 1085/1085 1074/1074
f 1074/1074 1085/1085 1122/1122
f 1072/1072 1071/1071 1077/1077
f 1082/1082 1062/1062 1071/1071
f 3546/3546 3550/3550 3545/3545
f 1094/1094 1062/1062 1083/1083
f 1083/1083 1062/1062 1082/1082
f 2821/2821 2822/2822 2813/2813
f 1094/1094 1093/1093 1062/1062
f 2813/2813 2793/2793 2792/2792
f 1072/1072 1084/1084 1085/1085
f 1071/1071 1075/1075 1077/1077
f 1062/1062 1075/1075 1071/1071
f 2793/2793 2794/2794 2787/2787
f 2785/2785 2787/2787 2786/2786
f 1084/1084 1086/1086 1085/1085
f 1085/1085 1086/1086 1119/1119
f 1062/1062 1064/1064 1075/1075
f 1062/1062 1063/1063 1064/1064
f 1075/1075 1076/1076 1077/1077
f 1077/1077 1076/1076 1072/1072
f 1066/1066 1063/1063 1062/1062
f 3432/3432 3434/3434 3436/3436
f 1093/1093 1088/1088 1062/1062
f 2804/2804 2801/2801 2807/2807
f 1088/1088 1067/1067 1062/1062
f 1064/1064 1076/1076 1075/1075
f 1062/1062 1067/1067 1066/1066
f 2808/2808 2807/2807 2812/2812
f 2808/2808 2812/2812 2820/2820
f 1072/1072 1081/1081 1084/1084
f 1119/1119 1086/1086 1126/1126
f 2193/2193 2192/2192 2197/2197
f 3432/3432 3433/3433 3434/3434
f 1076/1076 1081/1081 1072/1072
f 2188/2188 2192/2192 2185/2185
f 2165/2165 2168/2168 2166/2166
f 2179/2179 2180/2180 2175/2175
f 2173/2173 2175/2175 2168/2168
f 1084/1084 1081/1081 1086/1086
f 1063/1063 1065/1065 1064/1064
f 1064/1064 1065/1065 1076/1076
f 1086/1086 1120/1120 1126/1126
f 1088/1088 1090/1090 1067/1067
f 1076/1076 1078/1078 1081/1081
f 1081/1081 1092/1092 1086/1086
f 1086/1086 1092/1092 1120/1120
f 1067/1067 1068/1068 1066/1066
f 1076/1076 1065/1065 1078/1078
f 1090/1090 1068/1068 1067/1067
f 1068/1068 1069/1069 1066/1066
f 1066/1066 1069/1069 1063/1063
f 1069/1069 1065/1065 1063/1063
f 1065/1065 1069/1069 1079/1079
f 1065/1065 1079/1079 1078/1078
f 1069/1069 1089/1089 1079/1079
f 1078/1078 1080/1080 1081/1081
f 1081/1081 1080/1080 1095/1095
f 1081/1081 1095/1095 1092/1092
f 1090/1090 1091/1091 1068/1068
f 1078/1078 1079/1079 1080/1080
f 1089/1089 1097/1097 1079/1079
f 1091/1091 1113/1113 1068/1068
f 1069/1069 1104/1104 1089/1089
f 1079/1079 1102/1102 1080/1080
f 1080/1080 1112/1112 1095/1095
f 1113/1113 1104/1104 1068/1068
f 1068/1068 1104/1104 1069/1069
f 1089/1089 1108/1108 1097/1097
f 1097/1097 1108/1108 1079/1079
f 1108/1108 1102/1102 1079/1079
f 1080/1080 1102/1102 1112/1112
f 1106/1106 1105/1105 1115/1115
f 1115/1115 1105/1105 1114/1114
f 1101/1101 1096/1096 1117/1117
f 3442/3442 3450/3450 3449/3449
f 1098/1098 1105/1105 1106/1106
f 1105/1105 1100/1100 1114/1114
f 1114/1114 1100/1100 1116/1116
f 1096/1096 1103/1103 1118/1118
f 1117/1117 1096/1096 1118/1118
f 3442/3442 3441/3441 3450/3450
f 3442/3442 3440/3440 3441/3441
f 1098/1098 1099/1099 1105/1105
f 1105/1105 1099/1099 1100/1100
f 657/657 636/636 666/666
f 636/636 626/626 628/628
f 3439/3439 3438/3438 3436/3436
f 3436/3436 3438/3438 3437/3437
f 1085/1085 1123/1123 1122/1122
f 2794/2794 2788/2788 2787/2787
f 1085/1085 1119/1119 1123/1123
f 2787/2787 2788/2788 2786/2786
f 1123/1123 1119/1119 1125/1125
f 3436/3436 3433/3433 3432/3432
f 1119/1119 1126/1126 1125/1125
f 2215/2215 2180/2180 2179/2179
f 2182/2182 2184/2184 2166/2166
f 2168/2168 2182/2182 2166/2166
f 2175/2175 2180/2180 2181/2181
f 2175/2175 2181/2181 2168/2168
f 2181/2181 2182/2182 2168/2168
f 3433/3433 3435/3435 3434/3434
f 3434/3434 3435/3435 3430/3430
f 3435/3435 3431/3431 3430/3430
f 1092/1092 1121/1121 1120/1120
f 3431/3431 3428/3428 3430/3430
f 3430/3430 3428/3428 3424/3424
f 3424/3424 3415/3415 3411/3411
f 5020/5020 4994/4994 5022/5022
f 1113/1113 1109/1109 1104/1104
f 1104/1104 1107/1107 1089/1089
f 1107/1107 1108/1108 1089/1089
f 1108/1108 1110/1110 1102/1102
f 1102/1102 1111/1111 1112/1112
f 5020/5020 4992/4992 4994/4994
f 1104/1104 1109/1109 1107/1107
f 1110/1110 1111/1111 1102/1102
f 4991/4991 4992/4992 5020/5020
f 1153/1153 1106/1106 1115/1115
f 1144/1144 1145/1145 1154/1154
f 1115/1115 1114/1114 1144/1144
f 1114/1114 1116/1116 1144/1144
f 1144/1144 1116/1116 1145/1145
f 1116/1116 1117/1117 1145/1145
f 761/761 699/699 759/759
f 759/759 699/699 687/687
f 759/759 687/687 755/755
f 687/687 686/686 755/755
f 755/755 686/686 754/754
f 754/754 686/686 667/667
f 754/754 667/667 743/743
f 667/667 668/668 743/743
f 743/743 668/668 746/746
f 668/668 669/669 746/746
f 746/746 669/669 747/747
f 747/747 669/669 758/758
f 669/669 737/737 758/758
f 3449/3449 3445/3445 3442/3442
f 699/699 718/718 661/661
f 661/661 659/659 699/699
f 699/699 659/659 687/687
f 659/659 658/658 687/687
f 658/658 657/657 687/687
f 687/687 657/657 686/686
f 686/686 657/657 666/666
f 686/686 666/666 667/667
f 3442/3442 3445/3445 3440/3440
f 1103/1103 1143/1143 1118/1118
f 718/718 716/716 661/661
f 668/668 635/635 669/669
f 669/669 719/719 737/737
f 3440/3440 3439/3439 3441/3441
f 1103/1103 1130/1130 1143/1143
f 1130/1130 1141/1141 1143/1143
f 659/659 638/638 658/658
f 667/667 628/628 668/668
f 661/661 716/716 697/697
f 697/697 662/662 661/661
f 661/661 662/662 660/660
f 661/661 660/660 659/659
f 658/658 640/640 657/657
f 667/667 636/636 628/628
f 669/669 670/670 719/719
f 1130/1130 1131/1131 1141/1141
f 660/660 638/638 659/659
f 716/716 713/713 697/697
f 662/662 663/663 660/660
f 660/660 663/663 638/638
f 638/638 663/663 664/664
f 658/658 638/638 640/640
f 628/628 635/635 668/668
f 635/635 670/670 669/669
f 3440/3440 3438/3438 3439/3439
f 670/670 720/720 719/719
f 662/662 711/711 663/663
f 638/638 639/639 640/640
f 640/640 627/627 657/657
f 628/628 625/625 635/635
f 635/635 634/634 670/670
f 1130/1130 1122/1122 1124/1124
f 1130/1130 1124/1124 1131/1131
f 664/664 665/665 638/638
f 662/662 709/709 710/710
f 662/662 710/710 711/711
f 638/638 665/665 639/639
f 662/662 708/708 709/709
f 665/665 689/689 639/639
f 637/637 627/627 640/640
f 697/697 707/707 662/662
f 662/662 707/707 708/708
f 689/689 690/690 639/639
f 627/627 636/636 657/657
f 628/628 626/626 625/625
f 5712/5712 5713/5713 5714/5714
f 625/625 629/629 635/635
f 713/713 712/712 697/697
f 697/697 712/712 707/707
f 691/691 639/639 690/690
f 640/640 639/639 637/637
f 1122/1122 1123/1123 1124/1124
f 627/627 626/626 636/636
f 691/691 692/692 639/639
f 634/634 671/671 670/670
f 670/670 671/671 720/720
f 639/639 692/692 684/684
f 712/712 713/713 714/714
f 2788/2788 2794/2794 2793/2793
f 684/684 656/656 639/639
f 639/639 656/656 637/637
f 629/629 632/632 635/635
f 632/632 634/634 635/635
f 684/684 696/696 656/656
f 671/671 721/721 720/720
f 696/696 695/695 656/656
f 626/626 627/627 624/624
f 3437/3437 3433/3433 3436/3436
f 2789/2789 2786/2786 2788/2788
f 656/656 652/652 637/637
f 624/624 625/625 626/626
f 695/695 683/683 652/652
f 695/695 652/652 656/656
f 2789/2789 2796/2796 2786/2786
f 637/637 624/624 627/627
f 625/625 630/630 629/629
f 671/671 725/725 721/721
f 683/683 654/654 652/652
f 2789/2789 2801/2801 2796/2796
f 625/625 624/624 630/630
f 629/629 630/630 631/631
f 651/651 637/637 652/652
f 725/725 724/724 721/721
f 654/654 653/653 652/652
f 637/637 623/623 624/624
f 629/629 631/631 632/632
f 653/653 651/651 652/652
f 655/655 651/651 653/653
f 632/632 633/633 634/634
f 655/655 678/678 651/651
f 651/651 623/623 637/637
f 688/688 644/644 675/675
f 675/675 644/644 674/674
f 623/623 622/622 624/624
f 678/678 679/679 651/651
f 700/700 644/644 688/688
f 644/644 645/645 646/646
f 644/644 646/646 674/674
f 624/624 622/622 630/630
f 634/634 672/672 671/671
f 5671/5671 5672/5672 5673/5673
f 757/757 680/680 679/679
f 679/679 680/680 651/651
f 646/646 645/645 647/647
f 646/646 647/647 681/681
f 681/681 647/647 682/682
f 632/632 631/631 633/633
f 682/682 647/647 649/649
f 649/649 648/648 650/650
f 650/650 648/648 680/680
f 630/630 614/614 631/631
f 700/700 704/704 644/644
f 647/647 648/648 649/649
f 648/648 623/623 651/651
f 680/680 648/648 651/651
f 645/645 641/641 647/647
f 647/647 641/641 648/648
f 634/634 633/633 672/672
f 725/725 672/672 724/724
f 1126/1126 1127/1127 1129/1129
f 644/644 641/641 645/645
f 648/648 618/618 623/623
f 622/622 615/615 630/630
f 672/672 723/723 724/724
f 704/704 643/643 644/644
f 644/644 643/643 641/641
f 648/648 621/621 618/618
f 623/623 618/618 622/622
f 1126/1126 1120/1120 1127/1127
f 615/615 614/614 630/630
f 648/648 641/641 621/621
f 704/704 642/642 643/643
f 618/618 615/615 622/622
f 704/704 705/705 642/642
f 641/641 620/620 621/621
f 621/621 617/617 618/618
f 618/618 617/617 615/615
f 631/631 614/614 611/611
f 631/631 611/611 633/633
f 672/672 722/722 723/723
f 643/643 642/642 641/641
f 672/672 673/673 722/722
f 642/642 620/620 641/641
f 615/615 612/612 614/614
f 633/633 611/611 672/672
f 620/620 617/617 621/621
f 614/614 612/612 611/611
f 672/672 611/611 673/673
f 1127/1127 1121/1121 1128/1128
f 617/617 616/616 615/615
f 615/615 616/616 612/612
f 642/642 706/706 677/677
f 620/620 619/619 617/617
f 619/619 616/616 617/617
f 673/673 726/726 722/722
f 642/642 676/676 620/620
f 620/620 676/676 619/619
f 642/642 677/677 676/676
f 611/611 612/612 613/613
f 611/611 613/613 673/673
f 3428/3428 3415/3415 3424/3424
f 677/677 698/698 676/676
f 676/676 698/698 694/694
f 676/676 694/694 619/619
f 619/619 694/694 616/616
f 616/616 694/694 693/693
f 616/616 693/693 685/685
f 616/616 685/685 612/612
f 612/612 685/685 613/613
f 3198/3198 3194/3194 3195/3195
f 698/698 750/750 744/744
f 698/698 744/744 694/694
f 744/744 745/745 694/694
f 694/694 745/745 693/693
f 693/693 745/745 748/748
f 693/693 748/748 685/685
f 3189/3189 3188/3188 3199/3199
f 685/685 751/751 613/613
f 613/613 751/751 752/752
f 613/613 752/752 673/673
f 673/673 752/752 726/726
f 5018/5018 4994/4994 5017/5017
f 4994/4994 4997/4997 5017/5017
f 3415/3415 3414/3414 3411/3411
f 3416/3416 3418/3418 3419/3419
f 1109/1109 1150/1150 1107/1107
f 1150/1150 1148/1148 1107/1107
f 1107/1107 1148/1148 1108/1108
f 1108/1108 1148/1148 1110/1110
f 1110/1110 1148/1148 1147/1147
f 1110/1110 1147/1147 1111/1111
f 1111/1111 1147/1147 1149/1149
f 1155/1155 1144/1144 1156/1156
f 1156/1156 1144/1144 1154/1154
f 1154/1154 1145/1145 1117/1117
f 761/761 759/759 765/765
f 766/766 755/755 767/767
f 767/767 755/755 754/754
f 754/754 743/743 768/768
f 768/768 743/743 769/769
f 769/769 743/743 746/746
f 769/769 746/746 747/747
f 1106/1106 1159/1159 1190/1190
f 763/763 699/699 761/761
f 737/737 741/741 762/762
f 764/764 737/737 762/762
f 762/762 741/741 760/760
f 718/718 763/763 809/809
f 763/763 718/718 699/699
f 737/737 719/719 741/741
f 741/741 719/719 753/753
f 741/741 753/753 760/760
f 735/735 756/756 753/753
f 719/719 735/735 753/753
f 719/719 720/720 735/735
f 738/738 715/715 716/716
f 718/718 738/738 716/716
f 716/716 715/715 713/713
f 735/735 749/749 756/756
f 735/735 734/734 749/749
f 720/720 734/734 735/735
f 715/715 714/714 713/713
f 715/715 717/717 714/714
f 720/720 721/721 734/734
f 734/734 736/736 749/749
f 1123/1123 1132/1132 1124/1124
f 738/738 739/739 715/715
f 721/721 733/733 734/734
f 734/734 733/733 736/736
f 739/739 702/702 715/715
f 1123/1123 1125/1125 1132/1132
f 715/715 703/703 717/717
f 715/715 702/702 703/703
f 703/703 702/702 701/701
f 5644/5644 5645/5645 5646/5646
f 1125/1125 1129/1129 1132/1132
f 721/721 724/724 733/733
f 702/702 700/700 701/701
f 739/739 704/704 702/702
f 702/702 704/704 700/700
f 733/733 731/731 736/736
f 739/739 742/742 704/704
f 724/724 727/727 733/733
f 733/733 727/727 731/731
f 724/724 723/723 727/727
f 723/723 722/722 727/727
f 727/727 729/729 731/731
f 742/742 705/705 704/704
f 722/722 728/728 727/727
f 727/727 728/728 729/729
f 1127/1127 1128/1128 1133/1133
f 728/728 730/730 729/729
f 705/705 706/706 642/642
f 706/706 740/740 677/677
f 726/726 732/732 722/722
f 722/722 732/732 728/728
f 740/740 698/698 677/677
f 3205/3205 3194/3194 3198/3198
f 3205/3205 3204/3204 3194/3194
f 3161/3161 3155/3155 3157/3157
f 3155/3155 3153/3153 3157/3157
f 3194/3194 3185/3185 3195/3195
f 3195/3195 3185/3185 3193/3193
f 3195/3195 3193/3193 3192/3192
f 3192/3192 3187/3187 3191/3191
f 3187/3187 3190/3190 3191/3191
f 3189/3189 3191/3191 3190/3190
f 3189/3189 3186/3186 3188/3188
f 3188/3188 3186/3186 3160/3160
f 3189/3189 3190/3190 3186/3186
f 3414/3414 3412/3412 3411/3411
f 3411/3411 3412/3412 3413/3413
f 3411/3411 3413/3413 3416/3416
f 3416/3416 3417/3417 3418/3418
f 4991/4991 4989/4989 4992/4992
f 3247/3247 3245/3245 3246/3246
f 3240/3240 3234/3234 3246/3246
f 3246/3246 3234/3234 3244/3244
f 3234/3234 3239/3239 3244/3244
f 4990/4990 4989/4989 4991/4991
f 4990/4990 4987/4987 4989/4989
f 1160/1160 1159/1159 1153/1153
f 1153/1153 1144/1144 1155/1155
f 1118/1118 1143/1143 1157/1157
f 1159/1159 1189/1189 1190/1190
f 201/201 216/216 218/218
f 1143/1143 1141/1141 1152/1152
f 809/809 792/792 718/718
f 1131/1131 1142/1142 1141/1141
f 792/792 738/738 718/718
f 1124/1124 1138/1138 1131/1131
f 1124/1124 1132/1132 1136/1136
f 739/739 794/794 742/742
f 1127/1127 1133/1133 1129/1129
f 795/795 705/705 742/742
f 796/796 810/810 705/705
f 705/705 810/810 706/706
f 1133/1133 1128/1128 1139/1139
f 810/810 740/740 706/706
f 3153/3153 3202/3202 3157/3157
f 5017/5017 4997/4997 5016/5016
f 3155/3155 3150/3150 3153/3153
f 3186/3186 3156/3156 3160/3160
f 3160/3160 3156/3156 3155/3155
f 3156/3156 3150/3150 3155/3155
f 3194/3194 3196/3196 3185/3185
f 3192/3192 3193/3193 3187/3187
f 3187/3187 3179/3179 3190/3190
f 3179/3179 3180/3180 3190/3190
f 3190/3190 3180/3180 3186/3186
f 3180/3180 3181/3181 3186/3186
f 3186/3186 3181/3181 3156/3156
f 4994/4994 4993/4993 4997/4997
f 3413/3413 3417/3417 3416/3416
f 4992/4992 4989/4989 4993/4993
f 4992/4992 4993/4993 4994/4994
f 3417/3417 3421/3421 3418/3418
f 3242/3242 3241/3241 3245/3245
f 3241/3241 3240/3240 3245/3245
f 3245/3245 3240/3240 3246/3246
f 1163/1163 1153/1153 1155/1155
f 1154/1154 1117/1117 1161/1161
f 776/776 761/761 765/765
f 747/747 781/781 782/782
f 202/202 219/219 205/205
f 1159/1159 1187/1187 1189/1189
f 1159/1159 1181/1181 1187/1187
f 1143/1143 1152/1152 1158/1158
f 604/604 584/584 603/603
f 809/809 808/808 792/792
f 792/792 739/739 738/738
f 792/792 793/793 739/739
f 793/793 794/794 739/739
f 1129/1129 1133/1133 1134/1134
f 794/794 795/795 742/742
f 795/795 796/796 705/705
f 1137/1137 1133/1133 1139/1139
f 810/810 811/811 740/740
f 3285/3285 3204/3204 3205/3205
f 5016/5016 4997/4997 4998/4998
f 3150/3150 3152/3152 3153/3153
f 3153/3153 3203/3203 3202/3202
f 3153/3153 3152/3152 3203/3203
f 3412/3412 3422/3422 3413/3413
f 3204/3204 3196/3196 3194/3194
f 3185/3185 3184/3184 3193/3193
f 3193/3193 3184/3184 3187/3187
f 3182/3182 3185/3185 3196/3196
f 3187/3187 3184/3184 3174/3174
f 3187/3187 3174/3174 3179/3179
f 4989/4989 4995/4995 4993/4993
f 3240/3240 3230/3230 3234/3234
f 1168/1168 1160/1160 1167/1167
f 1167/1167 1160/1160 1166/1166
f 1166/1166 1160/1160 1163/1163
f 1162/1162 1154/1154 1161/1161
f 1161/1161 1117/1117 1157/1157
f 765/765 775/775 776/776
f 770/770 767/767 771/771
f 771/771 767/767 772/772
f 775/775 765/765 770/770
f 770/770 765/765 766/766
f 770/770 766/766 767/767
f 767/767 768/768 773/773
f 773/773 768/768 769/769
f 1160/1160 1181/1181 1159/1159
f 1181/1181 1188/1188 1187/1187
f 1152/1152 1141/1141 1151/1151
f 1141/1141 1142/1142 1151/1151
f 1131/1131 1138/1138 1142/1142
f 1132/1132 1135/1135 1136/1136
f 792/792 803/803 793/793
f 1129/1129 1134/1134 1135/1135
f 1137/1137 1139/1139 1140/1140
f 3152/3152 3208/3208 3203/3203
f 4997/4997 4993/4993 4998/4998
f 3206/3206 3201/3201 3204/3204
f 3201/3201 3196/3196 3204/3204
f 3156/3156 3154/3154 3150/3150
f 3413/3413 3420/3420 3417/3417
f 3201/3201 3182/3182 3196/3196
f 3174/3174 3172/3172 3179/3179
f 3179/3179 3172/3172 3180/3180
f 3180/3180 3173/3173 3181/3181
f 3181/3181 3159/3159 3156/3156
f 3156/3156 3159/3159 3154/3154
f 3172/3172 3173/3173 3180/3180
f 3173/3173 3159/3159 3181/3181
f 3417/3417 3420/3420 3421/3421
f 3242/3242 3224/3224 3241/3241
f 3241/3241 3225/3225 3240/3240
f 3234/3234 3231/3231 3239/3239
f 4989/4989 4987/4987 4985/4985
f 1161/1161 1157/1157 1164/1164
f 1164/1164 1157/1157 1192/1192
f 772/772 767/767 773/773
f 773/773 769/769 774/774
f 774/774 782/782 783/783
f 1168/1168 1181/1181 1160/1160
f 609/609 584/584 604/604
f 1158/1158 1203/1203 1202/1202
f 808/808 804/804 792/792
f 5080/5080 5073/5073 5075/5075
f 792/792 804/804 803/803
f 5080/5080 5079/5079 5073/5073
f 5079/5079 5077/5077 5073/5073
f 1136/1136 1135/1135 1146/1146
f 1135/1135 1134/1134 1146/1146
f 796/796 811/811 810/810
f 5019/5019 4998/4998 4999/4999
f 3285/3285 3278/3278 3204/3204
f 3150/3150 3151/3151 3152/3152
f 3151/3151 3164/3164 3152/3152
f 3152/3152 3164/3164 3208/3208
f 3422/3422 3420/3420 3413/3413
f 3422/3422 3425/3425 3420/3420
f 3206/3206 3200/3200 3201/3201
f 3201/3201 3200/3200 3183/3183
f 3201/3201 3183/3183 3182/3182
f 3185/3185 3182/3182 3175/3175
f 3185/3185 3175/3175 3184/3184
f 3184/3184 3175/3175 3174/3174
f 3173/3173 3166/3166 3159/3159
f 3159/3159 3165/3165 3158/3158
f 3420/3420 3423/3423 3421/3421
f 4989/4989 5001/5001 4995/4995
f 3233/3233 3224/3224 3242/3242
f 3241/3241 3224/3224 3225/3225
f 3225/3225 3228/3228 3240/3240
f 3228/3228 3230/3230 3240/3240
f 3231/3231 3235/3235 3239/3239
f 3235/3235 3238/3238 3239/3239
f 4987/4987 4984/4984 4985/4985
f 1167/1167 1169/1169 1168/1168
f 1162/1162 1161/1161 1171/1171
f 770/770 771/771 786/786
f 775/775 777/777 776/776
f 1168/1168 1182/1182 1181/1181
f 1192/1192 1158/1158 1202/1202
f 608/608 584/584 609/609
f 1182/1182 1188/1188 1181/1181
f 584/584 601/601 603/603
f 603/603 601/601 602/602
f 7981/7981 7970/7970 7974/7974
f 7970/7970 7972/7972 7974/7974
f 7970/7970 7965/7965 7972/7972
f 7965/7965 7973/7973 7972/7972
f 7965/7965 7976/7976 7973/7973
f 7973/7973 7976/7976 7987/7987
f 795/795 797/797 796/796
f 3278/3278 3206/3206 3204/3204
f 3278/3278 3277/3277 3206/3206
f 3206/3206 3277/3277 3200/3200
f 3154/3154 3149/3149 3150/3150
f 3425/3425 3427/3427 3420/3420
f 3183/3183 3176/3176 3182/3182
f 3182/3182 3176/3176 3175/3175
f 3166/3166 3165/3165 3159/3159
f 4985/4985 4986/4986 4989/4989
f 4989/4989 4986/4986 5001/5001
f 3230/3230 3231/3231 3234/3234
f 1172/1172 1163/1163 1162/1162
f 1171/1171 1161/1161 1165/1165
f 1164/1164 1192/1192 1195/1195
f 778/778 775/775 779/779
f 779/779 775/775 784/784
f 785/785 770/770 791/791
f 206/206 215/215 203/203
f 778/778 777/777 775/775
f 1169/1169 1182/1182 1168/1168
f 5082/5082 5083/5083 5092/5092
f 7981/7981 7974/7974 8032/8032
f 7974/7974 7985/7985 8032/8032
f 7981/7981 7971/7971 7970/7970
f 7970/7970 7971/7971 7966/7966
f 7974/7974 7972/7972 7985/7985
f 7985/7985 7972/7972 7986/7986
f 7972/7972 7987/7987 7986/7986
f 7966/7966 7965/7965 7970/7970
f 7964/7964 7965/7965 7966/7966
f 7972/7972 7973/7973 7987/7987
f 7964/7964 7977/7977 7965/7965
f 7965/7965 7977/7977 7976/7976
f 7976/7976 8012/8012 7987/7987
f 7998/7998 8011/8011 7976/7976
f 7976/7976 8011/8011 8012/8012
f 5076/5076 5068/5068 5077/5077
f 793/793 797/797 794/794
f 5062/5062 5061/5061 5065/5065
f 797/797 798/798 796/796
f 796/796 813/813 811/811
f 3287/3287 3285/3285 3288/3288
f 3287/3287 3278/3278 3285/3285
f 4993/4993 4995/4995 4996/4996
f 3150/3150 3144/3144 3151/3151
f 3443/3443 3427/3427 3425/3425
f 3443/3443 3444/3444 3427/3427
f 3427/3427 3426/3426 3420/3420
f 3154/3154 3138/3138 3149/3149
f 3420/3420 3426/3426 3423/3423
f 3200/3200 3197/3197 3183/3183
f 3175/3175 3169/3169 3174/3174
f 3174/3174 3169/3169 3172/3172
f 3172/3172 3167/3167 3166/3166
f 3172/3172 3166/3166 3173/3173
f 3197/3197 3177/3177 3183/3183
f 3183/3183 3177/3177 3176/3176
f 3423/3423 3426/3426 3429/3429
f 3232/3232 3226/3226 3233/3233
f 3233/3233 3226/3226 3224/3224
f 3235/3235 3237/3237 3238/3238
f 1179/1179 1169/1169 1170/1170
f 1169/1169 1167/1167 1170/1170
f 1170/1170 1167/1167 1166/1166
f 1162/1162 1173/1173 1172/1172
f 1173/1173 1162/1162 1171/1171
f 1165/1165 1161/1161 1164/1164
f 790/790 789/789 783/783
f 606/606 584/584 608/608
f 1183/1183 1182/1182 1169/1169
f 1184/1184 1182/1182 1183/1183
f 806/806 804/804 808/808
f 7987/7987 7992/7992 7988/7988
f 7968/7968 7978/7978 7964/7964
f 7978/7978 7977/7977 7964/7964
f 7977/7977 7998/7998 7976/7976
f 7987/7987 8012/8012 7992/7992
f 5077/5077 5068/5068 5069/5069
f 797/797 795/795 794/794
f 4999/4999 5005/5005 5009/5009
f 4996/4996 5005/5005 4999/4999
f 3151/3151 3144/3144 3171/3171
f 4995/4995 5000/5000 4996/4996
f 3210/3210 3200/3200 3277/3277
f 3149/3149 3140/3140 3144/3144
f 3427/3427 3444/3444 3426/3426
f 3138/3138 3140/3140 3149/3149
f 3169/3169 3167/3167 3172/3172
f 3165/3165 3137/3137 3158/3158
f 3158/3158 3137/3137 3138/3138
f 2357/2357 2349/2349 2361/2361
f 2361/2361 2349/2349 2353/2353
f 3177/3177 3178/3178 3176/3176
f 3176/3176 3178/3178 3169/3169
f 3176/3176 3169/3169 3175/3175
f 2353/2353 2351/2351 2362/2362
f 2351/2351 2356/2356 2362/2362
f 3169/3169 3168/3168 3167/3167
f 3167/3167 3168/3168 3163/3163
f 3166/3166 3167/3167 3163/3163
f 3166/3166 3163/3163 3165/3165
f 3165/3165 3163/3163 3137/3137
f 3163/3163 3162/3162 3137/3137
f 3137/3137 3162/3162 3142/3142
f 3232/3232 3223/3223 3226/3226
f 3224/3224 3221/3221 3225/3225
f 3225/3225 3227/3227 3228/3228
f 3227/3227 3229/3229 3228/3228
f 3228/3228 3229/3229 3230/3230
f 3229/3229 3231/3231 3230/3230
f 780/780 778/778 779/779
f 779/779 784/784 820/820
f 784/784 785/785 821/821
f 820/820 784/784 821/821
f 821/821 785/785 791/791
f 821/821 791/791 822/822
f 791/791 786/786 817/817
f 817/817 786/786 816/816
f 786/786 787/787 816/816
f 816/816 787/787 788/788
f 210/210 214/214 209/209
f 209/209 214/214 135/135
f 135/135 214/214 206/206
f 1192/1192 1200/1200 1197/1197
f 1185/1185 1183/1183 1169/1169
f 601/601 600/600 602/602
f 808/808 818/818 806/806
f 805/805 804/804 806/806
f 8033/8033 7981/7981 8032/8032
f 8033/8033 8034/8034 7981/7981
f 8032/8032 7985/7985 8056/8056
f 8034/8034 7971/7971 7981/7981
f 8034/8034 7975/7975 7971/7971
f 7985/7985 7986/7986 8056/8056
f 7975/7975 7969/7969 7971/7971
f 7969/7969 7966/7966 7971/7971
f 7986/7986 7988/7988 7989/7989
f 7988/7988 7990/7990 7989/7989
f 7969/7969 7967/7967 7966/7966
f 7967/7967 7964/7964 7966/7966
f 7988/7988 7991/7991 7990/7990
f 7967/7967 7968/7968 7964/7964
f 7967/7967 7979/7979 7968/7968
f 7988/7988 7992/7992 7991/7991
f 7992/7992 7993/7993 7991/7991
f 7978/7978 7998/7998 7977/7977
f 798/798 813/813 796/796
f 3287/3287 3283/3283 3278/3278
f 3144/3144 3170/3170 3171/3171
f 3277/3277 3279/3279 3210/3210
f 3140/3140 3143/3143 3144/3144
f 3446/3446 3426/3426 3444/3444
f 3446/3446 3447/3447 3426/3426
f 4995/4995 5001/5001 4981/4981
f 4995/4995 4981/4981 5000/5000
f 3200/3200 3210/3210 3197/3197
f 2357/2357 2352/2352 2349/2349
f 2349/2349 2348/2348 2353/2353
f 2348/2348 2351/2351 2353/2353
f 2351/2351 2350/2350 2356/2356
f 2350/2350 2347/2347 2356/2356
f 2347/2347 2343/2343 2356/2356
f 2356/2356 2343/2343 2354/2354
f 2354/2354 2343/2343 2344/2344
f 2354/2354 2344/2344 2355/2355
f 3447/3447 3448/3448 3429/3429
f 3447/3447 3429/3429 3426/3426
f 3223/3223 3220/3220 3226/3226
f 3226/3226 3220/3220 3224/3224
f 3225/3225 3221/3221 3227/3227
f 3235/3235 3236/3236 3237/3237
f 4984/4984 4980/4980 4985/4985
f 4984/4984 4979/4979 4980/4980
f 4985/4985 4980/4980 4986/4986
f 1180/1180 1179/1179 1170/1170
f 1176/1176 1166/1166 1172/1172
f 174/174 207/207 165/165
f 158/158 211/211 160/160
f 160/160 209/209 135/135
f 607/607 605/605 606/606
f 1194/1194 1185/1185 1179/1179
f 1186/1186 1184/1184 1183/1183
f 1186/1186 1183/1183 1185/1185
f 601/601 585/585 600/600
f 8038/8038 8033/8033 8032/8032
f 8032/8032 8056/8056 8038/8038
f 8035/8035 7975/7975 8034/8034
f 7980/7980 7969/7969 7975/7975
f 7989/7989 7990/7990 7994/7994
f 7980/7980 7982/7982 7967/7967
f 7980/7980 7967/7967 7969/7969
f 7990/7990 7991/7991 7994/7994
f 7982/7982 7983/7983 7979/7979
f 7982/7982 7979/7979 7967/7967
f 803/803 802/802 793/793
f 7979/7979 7995/7995 7968/7968
f 7995/7995 7978/7978 7968/7968
f 7978/7978 7997/7997 7998/7998
f 7997/7997 8010/8010 7998/7998
f 7998/7998 8010/8010 8011/8011
f 802/802 797/797 793/793
f 8011/8011 8009/8009 8012/8012
f 3280/3280 3278/3278 3283/3283
f 3280/3280 3277/3277 3278/3278
f 3140/3140 3141/3141 3143/3143
f 3144/3144 3143/3143 3170/3170
f 3143/3143 3211/3211 3170/3170
f 3140/3140 3139/3139 3141/3141
f 3137/3137 3136/3136 3138/3138
f 3136/3136 3139/3139 3138/3138
f 3143/3143 3213/3213 3211/3211
f 2360/2360 2352/2352 2357/2357
f 2343/2343 2336/2336 2344/2344
f 3142/3142 3135/3135 3137/3137
f 3135/3135 3136/3136 3137/3137
f 3451/3451 3448/3448 3447/3447
f 5001/5001 4986/4986 4981/4981
f 2352/2352 2339/2339 2349/2349
f 2339/2339 2348/2348 2349/2349
f 2348/2348 2346/2346 2351/2351
f 2351/2351 2346/2346 2350/2350
f 2350/2350 2346/2346 2327/2327
f 2350/2350 2327/2327 2347/2347
f 2327/2327 2329/2329 2347/2347
f 3451/3451 3452/3452 3448/3448
f 3222/3222 3220/3220 3223/3223
f 3220/3220 3221/3221 3224/3224
f 3221/3221 3219/3219 3227/3227
f 3231/3231 3243/3243 3235/3235
f 1178/1178 1180/1180 1170/1170
f 1170/1170 1166/1166 1176/1176
f 1174/1174 1173/1173 1175/1175
f 1173/1173 1171/1171 1177/1177
f 1165/1165 1164/1164 1191/1191
f 1195/1195 1197/1197 1196/1196
f 1621/1621 1618/1618 1622/1622
f 1194/1194 1186/1186 1185/1185
f 1202/1202 1201/1201 1200/1200
f 584/584 585/585 601/601
f 806/806 807/807 805/805
f 8046/8046 8038/8038 8049/8049
f 8037/8037 8038/8038 8046/8046
f 8037/8037 8033/8033 8038/8038
f 8038/8038 8056/8056 8050/8050
f 7975/7975 8060/8060 7980/7980
f 8056/8056 7989/7989 8057/8057
f 7857/7857 7852/7852 7855/7855
f 7852/7852 7846/7846 7855/7855
f 7984/7984 7982/7982 7980/7980
f 7851/7851 7781/7781 7846/7846
f 8179/8179 8172/8172 8175/8175
f 7851/7851 7800/7800 7781/7781
f 7992/7992 8021/8021 7993/7993
f 7979/7979 8023/8023 7995/7995
f 7995/7995 7996/7996 7978/7978
f 7978/7978 7996/7996 7997/7997
f 8012/8012 8009/8009 7992/7992
f 8010/8010 8009/8009 8011/8011
f 802/802 800/800 797/797
f 5068/5068 5065/5065 5067/5067
f 5065/5065 5066/5066 5067/5067
f 5065/5065 5064/5064 5066/5066
f 3280/3280 3284/3284 3277/3277
f 3284/3284 3279/3279 3277/3277
f 3141/3141 3213/3213 3143/3143
f 2360/2360 2340/2340 2352/2352
f 2352/2352 2340/2340 2339/2339
f 2339/2339 2334/2334 2348/2348
f 2334/2334 2333/2333 2346/2346
f 2348/2348 2334/2334 2346/2346
f 2346/2346 2333/2333 2327/2327
f 2347/2347 2329/2329 2343/2343
f 2343/2343 2329/2329 2337/2337
f 2337/2337 2329/2329 2328/2328
f 2343/2343 2337/2337 2336/2336
f 2337/2337 2328/2328 2336/2336
f 2328/2328 2331/2331 2336/2336
f 3212/3212 3222/3222 3213/3213
f 3212/3212 3218/3218 3222/3222
f 3222/3222 3218/3218 3220/3220
f 3220/3220 3218/3218 3219/3219
f 3220/3220 3219/3219 3221/3221
f 3229/3229 3243/3243 3231/3231
f 4979/4979 4977/4977 4980/4980
f 6458/6458 6300/6300 6301/6301
f 1178/1178 1193/1193 1180/1180
f 1176/1176 1172/1172 1174/1174
f 1614/1614 1621/1621 1623/1623
f 1614/1614 1618/1618 1621/1621
f 818/818 814/814 806/806
f 814/814 807/807 806/806
f 8049/8049 8038/8038 8050/8050
f 8037/8037 8034/8034 8033/8033
f 8050/8050 8056/8056 8055/8055
f 8060/8060 8062/8062 7980/7980
f 8062/8062 7984/7984 7980/7980
f 805/805 802/802 804/804
f 802/802 803/803 804/804
f 8180/8180 8178/8178 8179/8179
f 8176/8176 8172/8172 8179/8179
f 7983/7983 8024/8024 7979/7979
f 8024/8024 8023/8023 7979/7979
f 7992/7992 8013/8013 8021/8021
f 798/798 812/812 813/813
f 812/812 815/815 813/813
f 3281/3281 3287/3287 3288/3288
f 3284/3284 3286/3286 3279/3279
f 4981/4981 5002/5002 5000/5000
f 3136/3136 3147/3147 3139/3139
f 3135/3135 3134/3134 3136/3136
f 3139/3139 3147/3147 3141/3141
f 3141/3141 3147/3147 3213/3213
f 2363/2363 2358/2358 2360/2360
f 2360/2360 2358/2358 2341/2341
f 2360/2360 2341/2341 2340/2340
f 2340/2340 2341/2341 2338/2338
f 2340/2340 2338/2338 2339/2339
f 2339/2339 2338/2338 2334/2334
f 2334/2334 2338/2338 2335/2335
f 2335/2335 2332/2332 2334/2334
f 2334/2334 2332/2332 2333/2333
f 2333/2333 2332/2332 2327/2327
f 2332/2332 2323/2323 2327/2327
f 2327/2327 2323/2323 2325/2325
f 2327/2327 2325/2325 2329/2329
f 2329/2329 2325/2325 2328/2328
f 2331/2331 2330/2330 2336/2336
f 3130/3130 3134/3134 3135/3135
f 3147/3147 3212/3212 3213/3213
f 3212/3212 3214/3214 3218/3218
f 3214/3214 3216/3216 3218/3218
f 3218/3218 3216/3216 3219/3219
f 6331/6331 6330/6330 6329/6329
f 6329/6329 6330/6330 6305/6305
f 6329/6329 6305/6305 6328/6328
f 6328/6328 6305/6305 6303/6303
f 6302/6302 6299/6299 6303/6303
f 4976/4976 4977/4977 4979/4979
f 6458/6458 6301/6301 6389/6389
f 1615/1615 1614/1614 1623/1623
f 1200/1200 1199/1199 1197/1197
f 5095/5095 5093/5093 5094/5094
f 1200/1200 1201/1201 1199/1199
f 585/585 462/462 600/600
f 5084/5084 5078/5078 5085/5085
f 8039/8039 8037/8037 8046/8046
f 8036/8036 8034/8034 8037/8037
f 8036/8036 8035/8035 8034/8034
f 5078/5078 5071/5071 5302/5302
f 805/805 807/807 802/802
f 8178/8178 8176/8176 8179/8179
f 7846/7846 7779/7779 7791/7791
f 5071/5071 5070/5070 5329/5329
f 7846/7846 7781/7781 7779/7779
f 8172/8172 8170/8170 8175/8175
f 8175/8175 8170/8170 8174/8174
f 7995/7995 8023/8023 8001/8001
f 8013/8013 8020/8020 8021/8021
f 7996/7996 7999/7999 7997/7997
f 7997/7997 7999/7999 8010/8010
f 8009/8009 8008/8008 8013/8013
f 8010/8010 7999/7999 8009/8009
f 7999/7999 8008/8008 8009/8009
f 797/797 800/800 799/799
f 797/797 799/799 798/798
f 798/798 799/799 812/812
f 5064/5064 5049/5049 5320/5320
f 3287/3287 3281/3281 3283/3283
f 5000/5000 5002/5002 5006/5006
f 3134/3134 3145/3145 3136/3136
f 3136/3136 3145/3145 3147/3147
f 2335/2335 2367/2367 2332/2332
f 2367/2367 2368/2368 2332/2332
f 2368/2368 2323/2323 2332/2332
f 2323/2323 2324/2324 2325/2325
f 2324/2324 2326/2326 2325/2325
f 2325/2325 2326/2326 2328/2328
f 2328/2328 2326/2326 2330/2330
f 2328/2328 2330/2330 2331/2331
f 3145/3145 3212/3212 3147/3147
f 6305/6305 6302/6302 6303/6303
f 6299/6299 6302/6302 6295/6295
f 6295/6295 6297/6297 6299/6299
f 6299/6299 6297/6297 6300/6300
f 6300/6300 6297/6297 6301/6301
f 1014/1014 1015/1015 993/993
f 995/995 1020/1020 1006/1006
f 1006/1006 1020/1020 1021/1021
f 1613/1613 1614/1614 1615/1615
f 1614/1614 1608/1608 1618/1618
f 1196/1196 1197/1197 1198/1198
f 8046/8046 8049/8049 8048/8048
f 8036/8036 8037/8037 8039/8039
f 8044/8044 8060/8060 8035/8035
f 8044/8044 8035/8035 8036/8036
f 8044/8044 8061/8061 8060/8060
f 8061/8061 8062/8062 8060/8060
f 8180/8180 8186/8186 8178/8178
f 807/807 801/801 802/802
f 7781/7781 7778/7778 7779/7779
f 7799/7799 7783/7783 7781/7781
f 802/802 801/801 800/800
f 8026/8026 8023/8023 8024/8024
f 5067/5067 5410/5410 5328/5328
f 7995/7995 8001/8001 7996/7996
f 801/801 799/799 800/800
f 8002/8002 8008/8008 7999/7999
f 5066/5066 5320/5320 5410/5410
f 5014/5014 5012/5012 5045/5045
f 5010/5010 5013/5013 5012/5012
f 3291/3291 3286/3286 3284/3284
f 2364/2364 2358/2358 2363/2363
f 2358/2358 2342/2342 2341/2341
f 2342/2342 2338/2338 2341/2341
f 2326/2326 2660/2660 2330/2330
f 3130/3130 3131/3131 3132/3132
f 3130/3130 3132/3132 3134/3134
f 3134/3134 3146/3146 3145/3145
f 4981/4981 4982/4982 5002/5002
f 3209/3209 3212/3212 3145/3145
f 3146/3146 3209/3209 3145/3145
f 3209/3209 3214/3214 3212/3212
f 3209/3209 3215/3215 3214/3214
f 4977/4977 4978/4978 4981/4981
f 3214/3214 3215/3215 3216/3216
f 7484/7484 7482/7482 7483/7483
f 6330/6330 6442/6442 6305/6305
f 6305/6305 6304/6304 6302/6302
f 1615/1615 1609/1609 1613/1613
f 1614/1614 1607/1607 1608/1608
f 579/579 585/585 584/584
f 8045/8045 8046/8046 8047/8047
f 8047/8047 8046/8046 8048/8048
f 514/514 462/462 585/585
f 8041/8041 8039/8039 8045/8045
f 8045/8045 8039/8039 8046/8046
f 462/462 461/461 567/567
f 8040/8040 8036/8036 8039/8039
f 8043/8043 8044/8044 8036/8036
f 8044/8044 8059/8059 8061/8061
f 819/819 801/801 807/807
f 461/461 463/463 566/566
f 7791/7791 7779/7779 7780/7780
f 8170/8170 8173/8173 8174/8174
f 8021/8021 8020/8020 8019/8019
f 8026/8026 8027/8027 8023/8023
f 8020/8020 8013/8013 8019/8019
f 8001/8001 8000/8000 7996/7996
f 7996/7996 8000/8000 7999/7999
f 463/463 555/555 566/566
f 8000/8000 8002/8002 7999/7999
f 8008/8008 8014/8014 8013/8013
f 8002/8002 8014/8014 8008/8008
f 8002/8002 8007/8007 8014/8014
f 463/463 470/470 555/555
f 470/470 481/481 555/555
f 3281/3281 3282/3282 3283/3283
f 3283/3283 3282/3282 3280/3280
f 2368/2368 2667/2667 2323/2323
f 3132/3132 3148/3148 3134/3134
f 3134/3134 3148/3148 3146/3146
f 3146/3146 3148/3148 3209/3209
f 4981/4981 4978/4978 4982/4982
f 3215/3215 3217/3217 3216/3216
f 6305/6305 6442/6442 6304/6304
f 7482/7482 7480/7480 7483/7483
f 7482/7482 7481/7481 7480/7480
f 995/995 1006/1006 999/999
f 1613/1613 1607/1607 1614/1614
f 1607/1607 1603/1603 1608/1608
f 583/583 582/582 579/579
f 585/585 579/579 514/514
f 8048/8048 8049/8049 8050/8050
f 8040/8040 8039/8039 8041/8041
f 462/462 514/514 441/441
f 8043/8043 8036/8036 8042/8042
f 8042/8042 8036/8036 8040/8040
f 462/462 441/441 461/461
f 8043/8043 8059/8059 8044/8044
f 8187/8187 8178/8178 8186/8186
f 8178/8178 8177/8177 8176/8176
f 5329/5329 5328/5328 5303/5303
f 461/461 439/439 463/463
f 8176/8176 8171/8171 8172/8172
f 8171/8171 8170/8170 8172/8172
f 8170/8170 8168/8168 8173/8173
f 5410/5410 5319/5319 5328/5328
f 463/463 424/424 470/470
f 8023/8023 8003/8003 8001/8001
f 8013/8013 8016/8016 8019/8019
f 8023/8023 8025/8025 8003/8003
f 8001/8001 8003/8003 8000/8000
f 8013/8013 8015/8015 8016/8016
f 8013/8013 8014/8014 8015/8015
f 8000/8000 8006/8006 8002/8002
f 8002/8002 8006/8006 8007/8007
f 470/470 437/437 442/442
f 5410/5410 5320/5320 5319/5319
f 470/470 442/442 481/481
f 481/481 440/440 482/482
f 3284/3284 3292/3292 3291/3291
f 2364/2364 2359/2359 2358/2358
f 2358/2358 2359/2359 2342/2342
f 2342/2342 2501/2501 2338/2338
f 2338/2338 2501/2501 2335/2335
f 2335/2335 2502/2502 2367/2367
f 2367/2367 2369/2369 2302/2302
f 2367/2367 2302/2302 2368/2368
f 2302/2302 2667/2667 2368/2368
f 3131/3131 3133/3133 3132/3132
f 1460/1460 1459/1459 1505/1505
f 1459/1459 1507/1507 1505/1505
f 4975/4975 4972/4972 4977/4977
f 4977/4977 4972/4972 4978/4978
f 7481/7481 7479/7479 7480/7480
f 7480/7480 7479/7479 7478/7478
f 6302/6302 6304/6304 6295/6295
f 6295/6295 6296/6296 6297/6297
f 6296/6296 6298/6298 6297/6297
f 6297/6297 6298/6298 6301/6301
f 6301/6301 6298/6298 6389/6389
f 7464/7464 7462/7462 7463/7463
f 4976/4976 4973/4973 4975/4975
f 1616/1616 1597/1597 1609/1609
f 1566/1566 1607/1607 1613/1613
f 1566/1566 1613/1613 1609/1609
f 8048/8048 8050/8050 8051/8051
f 8051/8051 8050/8050 8052/8052
f 8052/8052 8050/8050 8053/8053
f 8050/8050 8055/8055 8053/8053
f 8043/8043 8058/8058 8059/8059
f 7861/7861 7856/7856 7853/7853
f 7860/7860 7861/7861 7853/7853
f 441/441 439/439 461/461
f 7856/7856 7850/7850 7853/7853
f 8177/8177 8171/8171 8176/8176
f 439/439 424/424 463/463
f 8027/8027 8028/8028 8023/8023
f 8003/8003 8004/8004 8000/8000
f 424/424 437/437 470/470
f 8004/8004 8005/8005 8000/8000
f 8015/8015 8014/8014 8017/8017
f 8005/8005 8030/8030 8006/8006
f 8000/8000 8005/8005 8006/8006
f 8006/8006 8030/8030 8031/8031
f 8006/8006 8031/8031 8007/8007
f 481/481 442/442 440/440
f 482/482 440/440 516/516
f 3282/3282 3289/3289 3280/3280
f 3280/3280 3289/3289 3290/3290
f 3280/3280 3290/3290 3284/3284
f 5010/5010 5006/5006 5011/5011
f 3284/3284 3290/3290 3292/3292
f 2365/2365 2359/2359 2364/2364
f 2501/2501 2504/2504 2335/2335
f 2335/2335 2503/2503 2502/2502
f 2502/2502 2513/2513 2367/2367
f 2367/2367 2513/2513 2369/2369
f 2667/2667 2666/2666 2323/2323
f 2665/2665 2662/2662 2323/2323
f 2323/2323 2662/2662 2324/2324
f 2326/2326 2659/2659 2660/2660
f 3322/3322 3303/3303 3305/3305
f 2277/2277 2266/2266 2302/2302
f 3132/3132 3207/3207 3148/3148
f 1456/1456 1451/1451 1455/1455
f 1455/1455 1459/1459 1460/1460
f 3248/3248 3249/3249 3217/3217
f 3217/3217 3215/3215 3248/3248
f 6295/6295 6294/6294 6287/6287
f 1597/1597 1566/1566 1609/1609
f 1566/1566 1603/1603 1607/1607
f 1566/1566 1548/1548 1603/1603
f 1548/1548 1600/1600 1603/1603
f 1548/1548 1549/1549 1600/1600
f 579/579 480/480 514/514
f 514/514 480/480 441/441
f 8042/8042 8058/8058 8043/8043
f 8185/8185 8187/8187 8188/8188
f 8185/8185 8178/8178 8187/8187
f 7853/7853 7850/7850 7849/7849
f 441/441 383/383 391/391
f 441/441 391/391 439/439
f 439/439 391/391 424/424
f 391/391 392/392 424/424
f 8171/8171 8169/8169 8170/8170
f 8169/8169 8168/8168 8170/8170
f 424/424 392/392 437/437
f 8023/8023 8028/8028 8025/8025
f 8015/8015 8018/8018 8016/8016
f 392/392 402/402 437/437
f 8015/8015 8017/8017 8018/8018
f 8007/8007 8031/8031 8014/8014
f 437/437 402/402 403/403
f 437/437 403/403 442/442
f 442/442 403/403 400/400
f 442/442 400/400 440/440
f 5006/5006 5004/5004 5011/5011
f 2359/2359 2500/2500 2342/2342
f 2342/2342 2500/2500 2501/2501
f 2302/2302 2264/2264 2667/2667
f 2323/2323 2666/2666 2665/2665
f 2324/2324 2662/2662 2326/2326
f 2326/2326 2662/2662 2659/2659
f 2660/2660 2659/2659 2658/2658
f 2658/2658 2383/2383 2661/2661
f 2660/2660 2658/2658 2661/2661
f 1451/1451 1448/1448 1450/1450
f 4982/4982 4978/4978 5003/5003
f 3303/3303 3301/3301 3305/3305
f 1503/1503 1504/1504 1459/1459
f 1459/1459 1504/1504 1507/1507
f 4972/4972 4983/4983 4978/4978
f 4975/4975 4973/4973 4972/4972
f 7478/7478 7476/7476 7485/7485
f 6287/6287 6296/6296 6295/6295
f 7461/7461 7463/7463 7462/7462
f 4988/4988 4974/4974 4976/4976
f 4976/4976 4974/4974 4973/4973
f 7481/7481 7486/7486 7479/7479
f 946/946 1007/1007 988/988
f 1597/1597 1547/1547 1566/1566
f 568/568 582/582 569/569
f 480/480 423/423 441/441
f 8052/8052 8053/8053 8054/8054
f 441/441 423/423 383/383
f 8189/8189 8185/8185 8188/8188
f 8178/8178 8185/8185 8183/8183
f 383/383 319/319 391/391
f 7801/7801 7782/7782 7783/7783
f 8028/8028 8029/8029 8025/8025
f 8018/8018 8022/8022 8016/8016
f 392/392 316/316 402/402
f 8014/8014 8031/8031 8017/8017
f 440/440 400/400 408/408
f 440/440 483/483 516/516
f 548/548 526/526 529/529
f 529/529 531/531 532/532
f 532/532 531/531 551/551
f 551/551 531/531 560/560
f 2365/2365 2366/2366 2359/2359
f 2335/2335 2504/2504 2503/2503
f 2667/2667 2264/2264 2666/2666
f 3302/3302 3301/3301 3303/3303
f 3302/3302 3296/3296 3301/3301
f 1455/1455 1451/1451 1454/1454
f 1455/1455 1454/1454 1459/1459
f 1459/1459 1454/1454 1503/1503
f 2278/2278 2267/2267 2276/2276
f 1504/1504 1506/1506 1507/1507
f 3215/3215 3274/3274 3248/3248
f 7479/7479 7474/7474 7478/7478
f 7478/7478 7474/7474 7476/7476
f 1566/1566 1547/1547 1548/1548
f 1547/1547 1545/1545 1548/1548
f 569/569 504/504 568/568
f 568/568 506/506 445/445
f 568/568 445/445 579/579
f 7940/7940 7933/7933 7939/7939
f 383/383 370/370 321/321
f 383/383 321/321 319/319
f 8185/8185 8184/8184 8183/8183
f 319/319 320/320 391/391
f 8183/8183 8177/8177 8178/8178
f 8183/8183 8142/8142 8177/8177
f 8177/8177 8142/8142 8105/8105
f 8177/8177 8105/8105 8171/8171
f 391/391 320/320 392/392
f 392/392 320/320 316/316
f 7783/7783 7782/7782 7773/7773
f 7802/7802 7803/7803 7782/7782
f 8091/8091 8092/8092 8165/8165
f 8216/8216 8217/8217 8223/8223
f 316/316 317/317 402/402
f 8004/8004 8065/8065 8005/8005
f 7867/7867 7818/7818 7871/7871
f 7870/7870 7867/7867 7871/7871
f 402/402 317/317 403/403
f 317/317 236/236 403/403
f 403/403 236/236 400/400
f 400/400 236/236 240/240
f 400/400 240/240 408/408
f 408/408 483/483 440/440
f 516/516 483/483 548/548
f 483/483 526/526 548/548
f 5004/5004 5021/5021 5011/5011
f 528/528 531/531 529/529
f 2366/2366 2500/2500 2359/2359
f 2504/2504 2507/2507 2503/2503
f 3309/3309 3306/3306 3302/3302
f 4978/4978 5007/5007 5003/5003
f 3302/3302 3306/3306 3296/3296
f 2266/2266 2267/2267 2265/2265
f 3296/3296 3293/3293 3301/3301
f 3301/3301 3293/3293 3319/3319
f 4973/4973 4966/4966 4972/4972
f 6296/6296 6287/6287 6818/6818
f 6296/6296 6818/6818 6298/6298
f 7460/7460 7461/7461 7462/7462
f 6321/6321 6320/6320 6323/6323
f 6321/6321 6323/6323 6324/6324
f 4974/4974 4966/4966 4973/4973
f 3248/3248 3250/3250 3249/3249
f 7481/7481 7487/7487 7486/7486
f 7479/7479 7486/7486 7474/7474
f 7486/7486 7477/7477 7474/7474
f 1545/1545 1544/1544 1549/1549
f 1548/1548 1545/1545 1549/1549
f 568/568 504/504 506/506
f 480/480 445/445 423/423
f 423/423 370/370 383/383
f 8183/8183 8143/8143 8142/8142
f 8171/8171 8105/8105 8169/8169
f 7769/7769 7773/7773 7767/7767
f 8169/8169 8083/8083 8168/8168
f 8168/8168 8083/8083 8087/8087
f 8087/8087 8165/8165 8168/8168
f 8165/8165 8087/8087 8091/8091
f 8092/8092 8211/8211 8216/8216
f 8211/8211 8217/8217 8216/8216
f 7863/7863 7818/7818 7804/7804
f 8217/8217 8225/8225 8223/8223
f 8003/8003 8063/8063 8004/8004
f 8063/8063 8065/8065 8004/8004
f 8065/8065 8067/8067 8005/8005
f 8030/8030 8005/8005 8076/8076
f 8030/8030 8076/8076 8031/8031
f 7870/7870 7868/7868 7867/7867
f 7872/7872 7868/7868 7870/7870
f 526/526 528/528 529/529
f 528/528 554/554 531/531
f 554/554 560/560 531/531
f 2264/2264 2256/2256 2666/2666
f 1450/1450 1449/1449 1451/1451
f 3309/3309 3310/3310 3306/3306
f 2264/2264 2265/2265 2263/2263
f 1451/1451 1449/1449 1454/1454
f 1504/1504 1503/1503 1492/1492
f 3293/3293 3295/3295 3298/3298
f 3293/3293 3298/3298 3319/3319
f 2278/2278 2279/2279 2274/2274
f 4966/4966 4963/4963 4972/4972
f 7434/7434 7435/7435 7436/7436
f 6818/6818 6319/6319 6321/6321
f 6319/6319 6320/6320 6321/6321
f 4974/4974 4971/4971 4966/4966
f 7477/7477 7475/7475 7474/7474
f 7474/7474 7475/7475 7476/7476
f 6294/6294 6289/6289 6287/6287
f 6289/6289 6288/6288 6287/6287
f 6288/6288 6286/6286 6287/6287
f 6287/6287 6286/6286 6284/6284
f 6287/6287 6284/6284 6818/6818
f 3274/3274 3251/3251 3248/3248
f 3248/3248 3251/3251 3250/3250
f 3251/3251 3252/3252 3250/3250
f 3250/3250 3252/3252 3253/3253
f 3252/3252 3254/3254 3253/3253
f 3253/3253 3254/3254 3255/3255
f 7934/7934 7937/7937 7957/7957
f 321/321 318/318 319/319
f 319/319 318/318 311/311
f 319/319 311/311 320/320
f 7818/7818 7782/7782 7803/7803
f 7804/7804 7818/7818 7803/7803
f 8076/8076 8077/8077 8031/8031
f 7873/7873 7872/7872 7870/7870
f 408/408 409/409 483/483
f 483/483 453/453 526/526
f 5037/5037 5021/5021 5004/5004
f 2504/2504 2506/2506 2507/2507
f 2256/2256 2259/2259 2666/2666
f 2666/2666 2259/2259 2665/2665
f 3342/3342 3312/3312 3311/3311
f 1448/1448 1445/1445 1450/1450
f 3312/3312 3310/3310 3311/3311
f 2263/2263 2257/2257 2256/2256
f 1450/1450 1445/1445 1449/1449
f 3311/3311 3310/3310 3309/3309
f 2264/2264 2263/2263 2256/2256
f 3306/3306 3294/3294 3296/3296
f 2263/2263 2265/2265 2268/2268
f 1454/1454 1449/1449 1503/1503
f 3294/3294 3293/3293 3296/3296
f 3294/3294 3297/3297 3295/3295
f 3293/3293 3294/3294 3295/3295
f 1503/1503 1449/1449 1492/1492
f 3295/3295 3299/3299 3298/3298
f 2280/2280 2269/2269 2279/2279
f 1492/1492 1506/1506 1504/1504
f 7435/7435 7434/7434 7437/7437
f 4971/4971 4970/4970 4966/4966
f 1492/1492 1502/1502 1506/1506
f 6286/6286 6285/6285 6284/6284
f 6818/6818 6284/6284 6293/6293
f 3276/3276 3251/3251 3274/3274
f 3276/3276 3266/3266 3251/3251
f 3255/3255 3254/3254 3256/3256
f 3254/3254 3257/3257 3256/3256
f 3255/3255 3256/3256 3257/3257
f 3255/3255 3257/3257 3258/3258
f 3257/3257 3259/3259 3258/3258
f 3258/3258 3259/3259 3260/3260
f 6289/6289 6290/6290 6288/6288
f 3272/3272 3260/3260 3271/3271
f 3272/3272 3271/3271 3273/3273
f 6320/6320 6317/6317 6322/6322
f 5738/5738 5735/5735 5734/5734
f 5734/5734 5735/5735 5736/5736
f 5734/5734 5736/5736 5737/5737
f 5106/5106 5030/5030 4974/4974
f 4988/4988 5106/5106 4974/4974
f 4974/4974 5030/5030 4971/4971
f 3251/3251 3263/3263 3252/3252
f 3263/3263 3264/3264 3252/3252
f 3252/3252 3264/3264 3254/3254
f 3257/3257 3261/3261 3262/3262
f 3257/3257 3262/3262 3265/3265
f 3257/3257 3265/3265 3259/3259
f 504/504 484/484 506/506
f 320/320 311/311 312/312
f 8141/8141 8134/8134 8142/8142
f 8143/8143 8141/8141 8142/8142
f 8142/8142 8134/8134 8105/8105
f 320/320 312/312 314/314
f 320/320 314/314 316/316
f 8169/8169 8105/8105 8106/8106
f 8169/8169 8106/8106 8083/8083
f 7767/7767 7771/7771 7768/7768
f 8087/8087 8089/8089 8091/8091
f 8091/8091 8089/8089 8092/8092
f 7818/7818 7805/7805 7782/7782
f 8067/8067 8076/8076 8005/8005
f 240/240 239/239 408/408
f 408/408 239/239 409/409
f 483/483 409/409 453/453
f 453/453 528/528 526/526
f 2504/2504 2505/2505 2506/2506
f 2659/2659 2657/2657 2658/2658
f 2658/2658 2381/2381 2383/2383
f 3312/3312 3313/3313 3310/3310
f 1445/1445 1437/1437 1449/1449
f 3314/3314 3294/3294 3310/3310
f 3310/3310 3294/3294 3306/3306
f 4962/4962 5007/5007 4983/4983
f 4972/4972 4962/4962 4983/4983
f 3297/3297 3300/3300 3295/3295
f 4963/4963 4962/4962 4972/4972
f 3295/3295 3300/3300 3299/3299
f 2274/2274 2269/2269 2265/2265
f 4495/4495 4483/4483 4435/4435
f 2280/2280 2290/2290 2269/2269
f 6310/6310 6281/6281 6285/6285
f 6285/6285 6281/6281 6284/6284
f 6293/6293 6284/6284 6283/6283
f 6283/6283 6291/6291 6293/6293
f 6291/6291 6307/6307 6879/6879
f 6293/6293 6291/6291 6879/6879
f 4971/4971 5028/5028 4970/4970
f 6285/6285 6314/6314 6310/6310
f 6879/6879 6318/6318 6319/6319
f 6319/6319 6318/6318 6317/6317
f 6319/6319 6317/6317 6320/6320
f 5030/5030 5028/5028 4971/4971
f 5030/5030 5026/5026 5028/5028
f 5026/5026 5024/5024 5028/5028
f 1502/1502 1491/1491 1493/1493
f 6600/6600 5912/5912 6627/6627
f 5912/5912 5899/5899 6627/6627
f 3254/3254 3261/3261 3257/3257
f 6627/6627 5899/5899 6023/6023
f 6023/6023 5899/5899 5898/5898
f 3259/3259 3265/3265 3267/3267
f 3259/3259 3267/3267 3260/3260
f 3260/3260 3267/3267 3271/3271
f 3271/3271 3267/3267 3273/3273
f 3267/3267 3270/3270 3275/3275
f 3273/3273 3267/3267 3275/3275
f 6322/6322 6824/6824 6825/6825
f 6322/6322 6825/6825 6826/6826
f 6826/6826 6825/6825 6827/6827
f 6826/6826 6827/6827 6828/6828
f 6828/6828 6827/6827 6829/6829
f 3251/3251 3266/3266 3263/3263
f 5891/5891 5890/5890 5888/5888
f 5891/5891 5888/5888 6600/6600
f 6600/6600 5888/5888 5912/5912
f 6023/6023 5898/5898 5900/5900
f 5900/5900 5902/5902 6020/6020
f 6020/6020 5902/5902 5903/5903
f 3269/3269 3268/3268 3265/3265
f 3265/3265 3268/3268 3267/3267
f 3268/3268 3270/3270 3267/3267
f 503/503 484/484 504/504
f 506/506 484/484 445/445
f 370/370 367/367 321/321
f 321/321 367/367 318/318
f 8183/8183 8181/8181 8143/8143
f 8106/8106 8081/8081 8083/8083
f 8087/8087 8085/8085 8089/8089
f 8089/8089 8211/8211 8092/8092
f 236/236 237/237 240/240
f 409/409 239/239 404/404
f 409/409 404/404 453/453
f 453/453 527/527 528/528
f 2780/2780 2497/2497 2366/2366
f 2366/2366 2497/2497 2500/2500
f 2500/2500 2497/2497 2499/2499
f 2501/2501 2505/2505 2504/2504
f 2662/2662 2665/2665 2664/2664
f 1448/1448 1440/1440 1445/1445
f 3340/3340 3339/3339 3342/3342
f 3340/3340 3337/3337 3339/3339
f 3342/3342 3339/3339 3312/3312
f 1445/1445 1440/1440 1437/1437
f 3339/3339 3313/3313 3312/3312
f 3313/3313 3314/3314 3310/3310
f 2263/2263 2262/2262 2257/2257
f 1437/1437 1447/1447 1449/1449
f 3314/3314 3304/3304 3294/3294
f 3294/3294 3304/3304 3297/3297
f 2268/2268 2270/2270 2263/2263
f 1447/1447 1492/1492 1449/1449
f 3297/3297 3307/3307 3300/3300
f 3300/3300 3307/3307 3308/3308
f 2265/2265 2269/2269 2268/2268
f 2269/2269 2270/2270 2268/2268
f 4970/4970 4960/4960 4966/4966
f 4966/4966 4960/4960 4963/4963
f 4436/4436 4435/4435 4483/4483
f 1492/1492 1491/1491 1502/1502
f 6310/6310 6311/6311 6281/6281
f 6284/6284 6281/6281 6283/6283
f 6314/6314 6313/6313 6310/6310
f 6307/6307 6318/6318 6879/6879
f 5028/5028 5024/5024 4970/4970
f 5024/5024 5025/5025 5023/5023
f 1491/1491 1490/1490 1493/1493
f 6318/6318 6307/6307 6317/6317
f 6307/6307 6315/6315 6317/6317
f 6317/6317 6315/6315 6322/6322
f 6322/6322 6315/6315 6824/6824
f 6830/6830 6831/6831 6829/6829
f 6827/6827 6830/6830 6829/6829
f 5026/5026 5025/5025 5024/5024
f 5890/5890 5889/5889 5888/5888
f 5888/5888 5904/5904 5912/5912
f 5900/5900 5897/5897 5902/5902
f 6933/6933 6932/6932 6920/6920
f 445/445 426/426 423/423
f 8189/8189 8200/8200 8185/8185
f 8185/8185 8195/8195 8184/8184
f 8181/8181 8145/8145 8143/8143
f 8134/8134 8102/8102 8105/8105
f 8105/8105 8095/8095 8106/8106
f 316/316 230/230 317/317
f 8211/8211 8218/8218 8217/8217
f 8217/8217 8218/8218 8225/8225
f 7867/7867 7817/7817 7818/7818
f 7868/7868 7866/7866 7867/7867
f 237/237 239/239 240/240
f 453/453 448/448 527/527
f 528/528 527/527 530/530
f 528/528 530/530 554/554
f 2500/2500 2499/2499 2501/2501
f 3330/3330 3337/3337 3340/3340
f 2259/2259 2282/2282 2665/2665
f 2381/2381 2382/2382 2383/2383
f 2256/2256 2257/2257 2258/2258
f 2256/2256 2258/2258 2259/2259
f 3313/3313 3315/3315 3314/3314
f 3315/3315 3304/3304 3314/3314
f 2263/2263 2270/2270 2262/2262
f 1447/1447 1488/1488 1492/1492
f 3304/3304 3307/3307 3297/3297
f 4960/4960 4961/4961 4962/4962
f 4960/4960 4962/4962 4963/4963
f 2290/2290 2270/2270 2269/2269
f 1492/1492 1488/1488 1491/1491
f 6281/6281 6282/6282 6283/6283
f 6283/6283 6282/6282 6291/6291
f 6313/6313 6312/6312 6310/6310
f 6310/6310 6312/6312 6311/6311
f 6291/6291 6282/6282 6292/6292
f 6291/6291 6292/6292 6307/6307
f 5025/5025 5027/5027 5023/5023
f 6307/6307 6292/6292 6308/6308
f 6307/6307 6308/6308 6315/6315
f 6830/6830 6832/6832 6831/6831
f 5902/5902 5897/5897 5903/5903
f 7412/7412 7413/7413 7414/7414
f 3627/3627 3629/3629 3634/3634
f 3634/3634 3629/3629 3631/3631
f 4945/4945 4935/4935 4941/4941
f 3629/3629 3630/3630 3631/3631
f 3630/3630 3633/3633 3632/3632
f 3631/3631 3630/3630 3632/3632
f 4945/4945 4944/4944 4935/4935
f 3629/3629 3628/3628 3630/3630
f 1598/1598 1595/1595 1597/1597
f 1544/1544 1569/1569 1549/1549
f 503/503 501/501 484/484
f 426/426 385/385 423/423
f 8145/8145 8141/8141 8143/8143
f 311/311 310/310 312/312
f 8105/8105 8102/8102 8098/8098
f 8105/8105 8098/8098 8095/8095
f 8106/8106 8095/8095 8081/8081
f 8083/8083 8081/8081 8080/8080
f 8083/8083 8080/8080 8087/8087
f 8087/8087 8080/8080 8085/8085
f 7805/7805 7810/7810 7790/7790
f 8089/8089 8090/8090 8211/8211
f 8063/8063 8064/8064 8065/8065
f 8065/8065 8066/8066 8067/8067
f 317/317 235/235 236/236
f 237/237 238/238 239/239
f 239/239 238/238 404/404
f 404/404 448/448 453/453
f 2770/2770 2779/2779 2780/2780
f 2780/2780 2779/2779 2497/2497
f 1440/1440 1436/1436 1437/1437
f 3337/3337 3338/3338 3339/3339
f 2262/2262 2261/2261 2257/2257
f 3339/3339 3316/3316 3313/3313
f 3313/3313 3316/3316 3315/3315
f 3316/3316 3317/3317 3315/3315
f 3315/3315 3317/3317 3304/3304
f 3317/3317 3320/3320 3321/3321
f 3317/3317 3321/3321 3304/3304
f 3304/3304 3321/3321 3307/3307
f 4961/4961 4964/4964 4962/4962
f 4441/4441 4439/4439 4508/4508
f 3321/3321 3308/3308 3307/3307
f 4508/4508 4439/4439 4436/4436
f 4436/4436 4439/4439 4434/4434
f 4436/4436 4434/4434 4435/4435
f 4434/4434 4432/4432 4435/4435
f 1488/1488 1490/1490 1491/1491
f 7415/7415 7416/7416 7417/7417
f 6282/6282 6306/6306 6292/6292
f 6292/6292 6316/6316 6309/6309
f 6292/6292 6309/6309 6308/6308
f 6832/6832 6833/6833 6831/6831
f 6831/6831 6833/6833 6835/6835
f 5898/5898 5897/5897 5900/5900
f 7412/7412 7411/7411 7413/7413
f 7414/7414 7413/7413 7415/7415
f 4941/4941 4935/4935 4938/4938
f 4935/4935 4932/4932 4938/4938
f 3625/3625 3626/3626 3627/3627
f 3627/3627 3628/3628 3629/3629
f 3627/3627 3626/3626 3628/3628
f 3626/3626 3655/3655 3628/3628
f 3655/3655 3650/3650 3630/3630
f 3628/3628 3655/3655 3630/3630
f 3630/3630 3650/3650 3633/3633
f 4944/4944 4934/4934 4935/4935
f 3633/3633 3650/3650 3661/3661
f 3633/3633 3661/3661 3672/3672
f 1539/1539 1543/1543 1545/1545
f 1545/1545 1543/1543 1544/1544
f 7937/7937 7941/7941 7959/7959
f 8185/8185 8200/8200 8195/8195
f 7761/7761 7760/7760 7759/7759
f 8095/8095 8093/8093 8081/8081
f 316/316 314/314 230/230
f 7768/7768 7789/7789 7784/7784
f 8065/8065 8064/8064 8066/8066
f 7866/7866 7817/7817 7867/7867
f 8067/8067 8066/8066 8076/8076
f 404/404 419/419 448/448
f 5047/5047 5230/5230 5204/5204
f 2501/2501 2508/2508 2505/2505
f 2282/2282 2664/2664 2665/2665
f 2381/2381 2380/2380 2382/2382
f 1440/1440 1439/1439 1436/1436
f 3330/3330 3328/3328 3337/3337
f 1436/1436 1417/1417 1437/1437
f 3328/3328 3338/3338 3337/3337
f 2258/2258 2257/2257 2261/2261
f 1437/1437 1417/1417 1447/1447
f 2271/2271 2272/2272 2262/2262
f 3339/3339 3318/3318 3316/3316
f 3339/3339 3338/3338 3318/3318
f 3316/3316 3318/3318 3317/3317
f 4965/4965 4967/4967 4962/4962
f 4964/4964 4965/4965 4962/4962
f 4962/4962 4967/4967 4968/4968
f 3318/3318 3320/3320 3317/3317
f 4434/4434 4433/4433 4432/4432
f 4432/4432 4433/4433 4431/4431
f 4442/4442 4440/4440 4441/4441
f 4441/4441 4440/4440 4439/4439
f 6313/6313 6327/6327 6312/6312
f 6312/6312 6327/6327 6311/6311
f 6282/6282 6281/6281 6280/6280
f 6282/6282 6280/6280 6306/6306
f 7415/7415 7413/7413 7416/7416
f 6292/6292 6306/6306 6876/6876
f 6292/6292 6876/6876 6316/6316
f 6832/6832 6834/6834 6833/6833
f 5898/5898 5896/5896 5897/5897
f 7409/7409 7411/7411 7412/7412
f 4938/4938 4932/4932 4937/4937
f 3624/3624 3626/3626 3625/3625
f 3623/3623 3624/3624 3625/3625
f 4934/4934 4933/4933 4932/4932
f 3624/3624 3618/3618 3655/3655
f 3624/3624 3655/3655 3626/3626
f 3655/3655 3646/3646 3650/3650
f 4934/4934 4940/4940 4933/4933
f 1547/1547 1570/1570 1539/1539
f 445/445 469/469 426/426
f 8201/8201 8195/8195 8200/8200
f 8281/8281 8280/8280 8272/8272
f 8195/8195 8181/8181 8184/8184
f 8181/8181 8149/8149 8145/8145
f 318/318 309/309 311/311
f 8145/8145 8144/8144 8141/8141
f 8141/8141 8135/8135 8134/8134
f 8095/8095 8098/8098 8093/8093
f 8093/8093 8082/8082 8081/8081
f 8085/8085 8090/8090 8089/8089
f 230/230 235/235 317/317
f 8066/8066 8070/8070 8076/8076
f 8076/8076 8070/8070 8077/8077
f 7872/7872 7873/7873 7868/7868
f 238/238 406/406 404/404
f 404/404 406/406 419/419
f 448/448 519/519 527/527
f 2501/2501 2499/2499 2509/2509
f 2509/2509 2508/2508 2501/2501
f 2282/2282 2285/2285 2664/2664
f 2664/2664 2295/2295 2662/2662
f 2659/2659 2663/2663 2657/2657
f 2657/2657 2381/2381 2658/2658
f 2259/2259 2260/2260 2282/2282
f 2259/2259 2258/2258 2260/2260
f 2258/2258 2261/2261 2260/2260
f 3328/3328 3327/3327 3338/3338
f 1447/1447 1417/1417 1488/1488
f 2262/2262 2272/2272 2261/2261
f 2272/2272 2273/2273 2261/2261
f 3338/3338 3341/3341 3318/3318
f 4440/4440 4437/4437 4439/4439
f 4439/4439 4437/4437 4434/4434
f 4434/4434 4437/4437 4433/4433
f 4433/4433 4438/4438 4431/4431
f 6311/6311 6884/6884 6326/6326
f 6311/6311 6326/6326 6281/6281
f 6326/6326 6278/6278 6281/6281
f 4443/4443 4440/4440 4442/4442
f 4432/4432 4431/4431 4429/4429
f 2270/2270 2307/2307 2271/2271
f 6327/6327 6884/6884 6311/6311
f 5912/5912 5896/5896 5899/5899
f 5899/5899 5896/5896 5898/5898
f 6280/6280 6279/6279 6306/6306
f 4932/4932 4930/4930 4937/4937
f 3616/3616 3624/3624 3623/3623
f 3622/3622 3616/3616 3623/3623
f 3622/3622 3620/3620 3616/3616
f 3616/3616 3618/3618 3624/3624
f 3616/3616 3617/3617 3618/3618
f 3618/3618 3617/3617 3638/3638
f 3618/3618 3638/3638 3655/3655
f 3655/3655 3653/3653 3646/3646
f 3650/3650 3649/3649 3661/3661
f 4932/4932 4933/4933 4931/4931
f 4933/4933 4940/4940 4931/4931
f 7930/7930 7932/7932 7931/7931
f 484/484 469/469 445/445
f 367/367 322/322 318/318
f 8144/8144 8135/8135 8141/8141
f 312/312 313/313 314/314
f 7816/7816 7810/7810 7805/7805
f 8211/8211 8213/8213 8218/8218
f 7865/7865 7866/7866 7868/7868
f 519/519 530/530 527/527
f 2508/2508 2518/2518 2505/2505
f 2662/2662 2663/2663 2659/2659
f 1439/1439 1418/1418 1436/1436
f 3330/3330 3326/3326 3328/3328
f 3326/3326 3327/3327 3328/3328
f 2261/2261 2273/2273 2260/2260
f 3327/3327 3334/3334 3338/3338
f 3334/3334 3341/3341 3338/3338
f 4449/4449 4448/4448 4443/4443
f 4443/4443 4445/4445 4440/4440
f 4440/4440 4445/4445 4437/4437
f 4445/4445 4516/4516 4437/4437
f 4516/4516 4517/4517 4437/4437
f 4437/4437 4517/4517 4518/4518
f 4437/4437 4518/4518 4433/4433
f 4433/4433 4518/4518 4438/4438
f 6278/6278 6280/6280 6281/6281
f 6278/6278 6279/6279 6280/6280
f 5892/5892 6037/6037 5889/5889
f 5889/5889 5885/5885 5888/5888
f 6652/6652 6653/6653 6654/6654
f 6652/6652 6654/6654 6773/6773
f 6279/6279 6802/6802 6306/6306
f 6306/6306 6804/6804 6876/6876
f 6836/6836 6837/6837 6835/6835
f 4930/4930 4927/4927 4937/4937
f 4937/4937 4927/4927 4939/4939
f 6834/6834 6853/6853 6833/6833
f 3620/3620 3621/3621 3619/3619
f 3620/3620 3619/3619 3616/3616
f 3616/3616 3619/3619 3617/3617
f 3650/3650 3646/3646 3649/3649
f 3661/3661 3649/3649 3659/3659
f 3661/3661 3659/3659 3669/3669
f 4931/4931 4943/4943 4925/4925
f 3655/3655 3638/3638 3653/3653
f 7941/7941 7937/7937 7930/7930
f 318/318 322/322 309/309
f 8149/8149 8146/8146 8145/8145
f 8145/8145 8146/8146 8144/8144
f 8134/8134 8135/8135 8102/8102
f 7758/7758 7777/7777 7765/7765
f 8102/8102 8100/8100 8098/8098
f 8218/8218 8213/8213 8219/8219
f 8064/8064 8068/8068 8066/8066
f 2295/2295 2663/2663 2662/2662
f 2282/2282 2260/2260 2285/2285
f 3329/3329 3323/3323 3326/3326
f 3330/3330 3329/3329 3326/3326
f 1436/1436 1418/1418 1417/1417
f 3326/3326 3325/3325 3327/3327
f 3327/3327 3325/3325 3334/3334
f 4967/4967 4969/4969 4968/4968
f 4969/4969 5051/5051 4968/4968
f 4448/4448 4447/4447 4443/4443
f 4443/4443 4447/4447 4446/4446
f 4443/4443 4446/4446 4445/4445
f 4445/4445 4521/4521 4516/4516
f 4438/4438 4430/4430 4431/4431
f 1488/1488 1487/1487 1490/1490
f 6884/6884 6276/6276 6326/6326
f 4517/4517 4516/4516 4594/4594
f 4594/4594 4563/4563 4518/4518
f 4517/4517 4594/4594 4518/4518
f 4563/4563 4586/4586 4518/4518
f 4431/4431 4430/4430 4429/4429
f 2271/2271 2275/2275 2272/2272
f 2271/2271 2307/2307 2275/2275
f 7368/7368 7371/7371 7369/7369
f 7368/7368 7369/7369 7370/7370
f 5031/5031 5035/5035 4967/4967
f 5904/5904 5887/5887 5912/5912
f 5912/5912 5893/5893 5896/5896
f 6652/6652 6650/6650 6653/6653
f 6802/6802 6803/6803 6306/6306
f 6803/6803 6805/6805 6804/6804
f 6306/6306 6803/6803 6804/6804
f 7409/7409 7410/7410 7411/7411
f 6651/6651 5901/5901 6650/6650
f 6651/6651 6650/6650 6652/6652
f 4927/4927 4924/4924 4939/4939
f 6853/6853 6836/6836 6833/6833
f 3619/3619 3638/3638 3617/3617
f 7930/7930 7931/7931 7929/7929
f 8181/8181 8196/8196 8149/8149
f 311/311 309/309 310/310
f 8102/8102 8135/8135 8101/8101
f 8085/8085 8086/8086 8090/8090
f 8211/8211 8086/8086 8213/8213
f 7816/7816 7815/7815 7811/7811
f 7817/7817 7815/7815 7816/7816
f 7869/7869 7865/7865 7868/7868
f 2770/2770 2768/2768 2779/2779
f 2779/2779 2498/2498 2497/2497
f 2508/2508 2509/2509 2518/2518
f 2285/2285 2288/2288 2664/2664
f 2664/2664 2288/2288 2295/2295
f 2260/2260 2281/2281 2283/2283
f 3323/3323 3325/3325 3326/3326
f 2273/2273 2275/2275 2281/2281
f 3325/3325 3335/3335 3334/3334
f 4519/4519 4521/4521 4445/4445
f 4446/4446 4519/4519 4445/4445
f 4438/4438 4491/4491 4430/4430
f 4491/4491 4490/4490 4430/4430
f 6884/6884 6274/6274 6276/6276
f 6276/6276 6278/6278 6326/6326
f 4521/4521 4566/4566 4516/4516
f 4518/4518 4529/4529 4438/4438
f 4438/4438 4529/4529 4491/4491
f 4529/4529 4588/4588 4491/4491
f 6278/6278 6277/6277 6279/6279
f 6279/6279 6277/6277 6325/6325
f 6279/6279 6325/6325 6802/6802
f 4566/4566 4594/4594 4516/4516
f 4594/4594 4566/4566 4562/4562
f 4594/4594 4562/4562 4563/4563
f 4586/4586 4529/4529 4518/4518
f 6037/6037 5885/5885 5889/5889
f 5885/5885 5887/5887 5888/5888
f 6836/6836 6838/6838 6837/6837
f 4939/4939 4924/4924 4942/4942
f 3621/3621 3636/3636 3635/3635
f 3621/3621 3635/3635 3619/3619
f 3637/3637 3638/3638 3619/3619
f 3619/3619 3635/3635 3637/3637
f 4943/4943 4928/4928 4925/4925
f 3638/3638 3654/3654 3653/3653
f 1543/1543 1538/1538 1544/1544
f 1544/1544 1546/1546 1569/1569
f 7941/7941 7942/7942 7960/7960
f 8202/8202 8194/8194 8195/8195
f 8195/8195 8194/8194 8196/8196
f 370/370 385/385 367/367
f 8144/8144 8101/8101 8135/8135
f 310/310 313/313 312/312
f 8101/8101 8100/8100 8102/8102
f 8098/8098 8100/8100 8097/8097
f 8097/8097 8082/8082 8093/8093
f 8098/8098 8097/8097 8093/8093
f 8081/8081 8082/8082 8080/8080
f 8090/8090 8086/8086 8211/8211
f 7865/7865 7815/7815 7866/7866
f 8070/8070 8072/8072 8077/8077
f 7873/7873 7874/7874 7869/7869
f 2295/2295 2668/2668 2663/2663
f 3329/3329 3332/3332 3331/3331
f 3329/3329 3331/3331 3323/3323
f 2285/2285 2283/2283 2287/2287
f 2285/2285 2287/2287 2288/2288
f 2286/2286 2283/2283 2281/2281
f 3323/3323 3324/3324 3325/3325
f 4969/4969 5052/5052 5051/5051
f 4447/4447 4451/4451 4455/4455
f 4455/4455 4519/4519 4446/4446
f 4447/4447 4455/4455 4446/4446
f 4490/4490 4428/4428 4430/4430
f 2275/2275 2284/2284 2281/2281
f 4519/4519 4565/4565 4521/4521
f 4588/4588 4593/4593 4491/4491
f 4430/4430 4428/4428 4429/4429
f 6808/6808 6274/6274 6930/6930
f 6654/6654 6808/6808 6930/6930
f 6278/6278 6276/6276 6277/6277
f 4521/4521 4565/4565 4566/4566
f 5887/5887 5893/5893 5912/5912
f 5896/5896 5893/5893 5895/5895
f 5896/5896 5895/5895 5897/5897
f 6653/6653 6808/6808 6654/6654
f 6838/6838 6842/6842 6837/6837
f 4562/4562 4558/4558 4563/4563
f 4563/4563 4559/4559 4586/4586
f 6803/6803 6819/6819 6805/6805
f 4924/4924 4929/4929 4942/4942
f 3636/3636 3641/3641 3635/3635
f 3635/3635 3639/3639 3637/3637
f 3637/3637 3654/3654 3638/3638
f 3653/3653 3647/3647 3646/3646
f 1595/1595 1593/1593 1596/1596
f 1538/1538 1546/1546 1544/1544
f 1546/1546 1568/1568 1569/1569
f 8149/8149 8151/8151 8146/8146
f 8146/8146 8140/8140 8144/8144
f 313/313 315/315 314/314
f 8082/8082 8078/8078 8080/8080
f 7811/7811 7796/7796 7810/7810
f 8068/8068 8069/8069 8066/8066
f 8066/8066 8069/8069 8070/8070
f 2509/2509 2499/2499 2510/2510
f 1418/1418 1416/1416 1417/1417
f 3331/3331 3324/3324 3323/3323
f 1417/1417 1487/1487 1488/1488
f 3324/3324 3333/3333 3325/3325
f 3325/3325 3336/3336 3335/3335
f 3325/3325 3333/3333 3336/3336
f 4452/4452 4451/4451 4450/4450
f 4451/4451 4453/4453 4455/4455
f 4455/4455 4528/4528 4519/4519
f 4519/4519 4568/4568 4565/4565
f 4491/4491 4593/4593 4490/4490
f 4429/4429 4428/4428 4426/4426
f 4429/4429 4426/4426 4444/4444
f 2275/2275 2315/2315 2284/2284
f 6325/6325 6819/6819 6802/6802
f 5897/5897 5895/5895 5901/5901
f 5901/5901 6649/6649 6650/6650
f 6650/6650 6808/6808 6653/6653
f 6802/6802 6819/6819 6803/6803
f 4565/4565 4568/4568 4556/4556
f 4565/4565 4556/4556 4560/4560
f 4565/4565 4560/4560 4566/4566
f 4586/4586 4559/4559 4529/4529
f 4529/4529 4559/4559 4588/4588
f 6844/6844 6839/6839 6836/6836
f 6836/6836 6839/6839 6838/6838
f 4566/4566 4560/4560 4562/4562
f 4562/4562 4560/4560 4558/4558
f 3641/3641 3639/3639 3635/3635
f 3637/3637 3664/3664 3654/3654
f 3649/3649 3651/3651 3659/3659
f 3659/3659 3651/3651 3667/3667
f 3667/3667 3651/3651 3671/3671
f 1543/1543 1539/1539 1538/1538
f 7899/7899 7898/7898 7930/7930
f 7899/7899 7930/7930 7929/7929
f 7942/7942 7903/7903 7915/7915
f 7942/7942 7915/7915 7960/7960
f 8196/8196 8197/8197 8149/8149
f 8149/8149 8197/8197 8151/8151
f 8144/8144 8140/8140 8101/8101
f 8101/8101 8097/8097 8100/8100
f 8099/8099 8078/8078 8082/8082
f 8097/8097 8099/8099 8082/8082
f 8079/8079 8084/8084 8080/8080
f 8080/8080 8084/8084 8085/8085
f 230/230 231/231 235/235
f 8085/8085 8084/8084 8086/8086
f 8086/8086 8094/8094 8213/8213
f 8094/8094 8212/8212 8213/8213
f 8212/8212 8219/8219 8213/8213
f 7865/7865 7864/7864 7815/7815
f 7815/7815 7864/7864 7814/7814
f 2381/2381 2378/2378 2380/2380
f 2283/2283 2292/2292 2287/2287
f 2292/2292 2296/2296 2287/2287
f 3331/3331 3343/3343 3324/3324
f 2286/2286 2292/2292 2283/2283
f 3324/3324 3344/3344 3333/3333
f 5052/5052 5054/5054 5051/5051
f 4453/4453 4528/4528 4455/4455
f 2284/2284 2286/2286 2281/2281
f 6274/6274 6273/6273 6272/6272
f 6274/6274 6272/6272 6276/6276
f 4570/4570 4568/4568 4519/4519
f 4528/4528 4570/4570 4519/4519
f 4490/4490 4593/4593 4428/4428
f 4428/4428 4427/4427 4426/4426
f 6275/6275 6273/6273 6274/6274
f 6808/6808 6275/6275 6274/6274
f 6272/6272 6334/6334 6277/6277
f 6276/6276 6272/6272 6277/6277
f 6334/6334 6807/6807 6325/6325
f 6277/6277 6334/6334 6325/6325
f 7175/7175 7176/7176 7177/7177
f 7175/7175 7177/7177 7178/7178
f 5886/5886 5894/5894 5893/5893
f 5887/5887 5886/5886 5893/5893
f 5893/5893 5894/5894 5895/5895
f 7399/7399 7396/7396 7400/7400
f 4570/4570 4567/4567 4568/4568
f 4568/4568 4567/4567 4556/4556
f 4588/4588 4590/4590 4593/4593
f 4558/4558 4535/4535 4563/4563
f 4563/4563 4535/4535 4559/4559
f 3641/3641 3640/3640 3639/3639
f 3639/3639 3640/3640 3637/3637
f 3637/3637 3640/3640 3664/3664
f 3654/3654 3647/3647 3653/3653
f 8202/8202 8199/8199 8194/8194
f 8196/8196 8194/8194 8197/8197
f 8078/8078 8079/8079 8080/8080
f 7796/7796 7811/7811 7797/7797
f 8086/8086 8084/8084 8088/8088
f 8088/8088 8094/8094 8086/8086
f 8219/8219 8212/8212 8222/8222
f 8075/8075 8074/8074 8068/8068
f 8068/8068 8074/8074 8069/8069
f 8070/8070 8069/8069 8071/8071
f 8070/8070 8071/8071 8072/8072
f 2768/2768 2778/2778 2779/2779
f 2497/2497 2498/2498 2499/2499
f 2499/2499 2511/2511 2510/2510
f 3332/3332 3347/3347 3346/3346
f 3346/3346 3331/3331 3332/3332
f 2288/2288 2294/2294 2295/2295
f 3331/3331 3346/3346 3343/3343
f 1417/1417 1415/1415 1487/1487
f 3343/3343 3344/3344 3324/3324
f 5054/5054 5058/5058 5051/5051
f 3344/3344 3345/3345 3333/3333
f 4494/4494 4454/4454 4452/4452
f 4452/4452 4454/4454 4453/4453
f 4452/4452 4453/4453 4451/4451
f 4528/4528 4569/4569 4570/4570
f 5052/5052 5055/5055 5057/5057
f 5052/5052 5057/5057 5054/5054
f 4590/4590 4592/4592 4593/4593
f 5885/5885 5886/5886 5887/5887
f 7399/7399 7398/7398 7396/7396
f 4569/4569 4567/4567 4570/4570
f 4559/4559 4561/4561 4588/4588
f 3641/3641 3642/3642 3640/3640
f 4560/4560 4543/4543 4558/4558
f 3649/3649 3648/3648 3651/3651
f 3651/3651 3670/3670 3671/3671
f 7917/7917 7952/7952 7921/7921
f 7915/7915 7903/7903 7908/7908
f 8199/8199 8198/8198 8194/8194
f 8146/8146 8147/8147 8140/8140
f 8101/8101 8104/8104 8097/8097
f 8097/8097 8104/8104 8099/8099
f 8099/8099 8103/8103 8078/8078
f 314/314 315/315 230/230
f 8071/8071 8073/8073 8072/8072
f 7875/7875 7869/7869 7874/7874
f 235/235 231/231 236/236
f 236/236 234/234 237/237
f 2779/2779 2778/2778 2498/2498
f 3346/3346 3348/3348 3343/3343
f 2292/2292 2297/2297 2296/2296
f 4454/4454 4457/4457 4456/4456
f 4454/4454 4456/4456 4453/4453
f 4456/4456 4528/4528 4453/4453
f 2286/2286 2289/2289 2291/2291
f 4476/4476 4454/4454 4494/4494
f 4428/4428 4592/4592 4427/4427
f 2284/2284 2315/2315 2289/2289
f 1487/1487 1495/1495 1490/1490
f 6647/6647 6269/6269 6275/6275
f 6275/6275 6269/6269 6273/6273
f 5895/5895 5894/5894 5901/5901
f 4572/4572 4564/4564 4569/4569
f 4569/4569 4564/4564 4567/4567
f 6839/6839 6840/6840 6838/6838
f 4588/4588 4561/4561 4590/4590
f 3642/3642 3643/3643 3640/3640
f 4560/4560 4556/4556 4543/4543
f 4543/4543 4535/4535 4558/4558
f 4535/4535 4551/4551 4559/4559
f 4559/4559 4551/4551 4561/4561
f 3643/3643 3668/3668 3640/3640
f 3640/3640 3668/3668 3664/3664
f 3648/3648 3662/3662 3651/3651
f 3651/3651 3662/3662 3670/3670
f 3664/3664 3657/3657 3654/3654
f 3654/3654 3657/3657 3647/3647
f 385/385 371/371 367/367
f 367/367 371/371 322/322
f 8194/8194 8192/8192 8197/8197
f 8197/8197 8164/8164 8151/8151
f 8164/8164 8147/8147 8151/8151
f 8151/8151 8147/8147 8146/8146
f 8140/8140 8139/8139 8136/8136
f 8136/8136 8130/8130 8101/8101
f 8101/8101 8130/8130 8119/8119
f 8101/8101 8119/8119 8104/8104
f 8103/8103 8079/8079 8078/8078
f 8334/8334 8332/8332 8331/8331
f 7865/7865 7876/7876 7864/7864
f 8331/8331 8332/8332 8333/8333
f 7869/7869 7876/7876 7865/7865
f 7875/7875 7876/7876 7869/7869
f 236/236 231/231 234/234
f 237/237 234/234 238/238
f 5386/5386 5322/5322 5309/5309
f 2498/2498 2514/2514 2499/2499
f 2499/2499 2514/2514 2511/2511
f 2303/2303 2668/2668 2295/2295
f 3343/3343 3349/3349 3344/3344
f 3344/3344 3349/3349 3345/3345
f 5054/5054 5060/5060 5058/5058
f 4456/4456 4489/4489 4528/4528
f 6269/6269 6217/6217 6272/6272
f 6273/6273 6269/6269 6272/6272
f 6272/6272 6217/6217 6334/6334
f 4528/4528 4572/4572 4569/4569
f 4528/4528 4489/4489 4572/4572
f 4427/4427 4424/4424 4426/4426
f 7396/7396 7395/7395 7394/7394
f 6334/6334 6912/6912 6807/6807
f 4426/4426 4424/4424 4425/4425
f 2315/2315 2316/2316 2289/2289
f 5886/5886 5907/5907 5894/5894
f 5894/5894 5907/5907 6630/6630
f 5894/5894 6630/6630 5901/5901
f 6630/6630 6648/6648 5901/5901
f 5901/5901 6648/6648 6649/6649
f 7398/7398 7397/7397 7396/7396
f 6838/6838 6843/6843 6842/6842
f 4572/4572 4573/4573 4564/4564
f 6367/6367 6366/6366 6372/6372
f 6840/6840 6841/6841 6838/6838
f 4590/4590 4561/4561 4589/4589
f 3642/3642 3644/3644 3643/3643
f 6908/6908 6851/6851 6840/6840
f 6916/6916 6852/6852 6908/6908
f 3646/3646 3647/3647 3648/3648
f 3646/3646 3648/3648 3649/3649
f 7908/7908 7896/7896 7910/7910
f 385/385 386/386 371/371
f 313/313 307/307 315/315
f 8109/8109 8108/8108 8079/8079
f 8079/8079 8108/8108 8084/8084
f 8084/8084 8108/8108 8096/8096
f 8084/8084 8096/8096 8088/8088
f 8088/8088 8096/8096 8094/8094
f 8094/8094 8096/8096 8212/8212
f 8212/8212 8215/8215 8222/8222
f 3347/3347 3348/3348 3346/3346
f 3348/3348 3349/3349 3343/3343
f 3349/3349 3350/3350 3345/3345
f 4461/4461 4458/4458 4476/4476
f 4476/4476 4458/4458 4454/4454
f 4454/4454 4458/4458 4457/4457
f 4457/4457 4489/4489 4456/4456
f 6217/6217 6271/6271 6334/6334
f 5057/5057 5063/5063 5060/5060
f 4489/4489 4573/4573 4572/4572
f 2289/2289 2293/2293 2291/2291
f 6597/6597 6375/6375 6388/6388
f 6375/6375 6377/6377 6388/6388
f 6377/6377 6380/6380 6381/6381
f 6388/6388 6377/6377 6381/6381
f 6381/6381 6380/6380 6382/6382
f 6381/6381 6382/6382 6628/6628
f 6628/6628 6382/6382 6384/6384
f 7395/7395 7392/7392 7394/7394
f 5885/5885 5881/5881 5886/5886
f 5881/5881 6817/6817 5907/5907
f 5886/5886 5881/5881 5907/5907
f 6807/6807 6340/6340 6367/6367
f 6367/6367 6340/6340 6366/6366
f 6838/6838 6845/6845 6843/6843
f 4590/4590 4589/4589 4592/4592
f 6840/6840 6846/6846 6841/6841
f 6841/6841 6845/6845 6838/6838
f 6851/6851 6846/6846 6840/6840
f 4567/4567 4564/4564 4542/4542
f 4567/4567 4542/4542 4556/4556
f 4561/4561 4551/4551 4552/4552
f 3643/3643 3645/3645 3668/3668
f 3645/3645 3665/3665 3668/3668
f 7158/7158 7157/7157 7159/7159
f 3668/3668 3665/3665 3664/3664
f 3664/3664 3665/3665 3657/3657
f 8192/8192 8164/8164 8197/8197
f 8136/8136 8139/8139 8130/8130
f 310/310 307/307 313/313
f 8104/8104 8107/8107 8099/8099
f 8099/8099 8107/8107 8103/8103
f 315/315 229/229 230/230
f 8079/8079 8103/8103 8109/8109
f 7750/7750 7747/7747 7749/7749
f 7864/7864 7877/7877 7814/7814
f 7749/7749 7748/7748 7751/7751
f 7876/7876 7879/7879 7877/7877
f 7751/7751 7752/7752 7753/7753
f 7753/7753 7752/7752 7754/7754
f 7875/7875 7879/7879 7876/7876
f 2511/2511 2512/2512 2510/2510
f 3348/3348 3351/3351 3349/3349
f 3349/3349 3352/3352 3350/3350
f 2291/2291 2298/2298 2292/2292
f 4458/4458 4459/4459 4457/4457
f 4457/4457 4459/4459 4489/4489
f 4459/4459 4573/4573 4489/4489
f 4424/4424 4423/4423 4425/4425
f 6382/6382 6383/6383 6384/6384
f 6334/6334 6271/6271 6912/6912
f 4427/4427 4592/4592 4424/4424
f 2316/2316 2293/2293 2289/2289
f 1487/1487 1494/1494 1495/1495
f 6037/6037 5905/5905 5885/5885
f 6817/6817 6375/6375 6597/6597
f 5881/5881 5883/5883 6375/6375
f 6817/6817 5881/5881 6375/6375
f 6375/6375 5883/5883 6377/6377
f 6377/6377 5883/5883 6378/6378
f 6377/6377 6378/6378 6379/6379
f 6377/6377 6379/6379 6380/6380
f 6380/6380 6379/6379 6382/6382
f 4589/4589 4591/4591 4592/4592
f 6372/6372 6366/6366 6921/6921
f 3644/3644 3645/3645 3643/3643
f 4561/4561 4552/4552 4589/4589
f 7158/7158 7155/7155 7157/7157
f 4556/4556 4542/4542 4543/4543
f 4535/4535 4533/4533 4551/4551
f 4551/4551 4533/4533 4552/4552
f 501/501 502/502 484/484
f 8198/8198 8191/8191 8194/8194
f 8191/8191 8192/8192 8194/8194
f 8192/8192 8193/8193 8164/8164
f 8147/8147 8148/8148 8139/8139
f 8139/8139 8148/8148 8137/8137
f 8139/8139 8137/8137 8130/8130
f 8130/8130 8128/8128 8119/8119
f 8119/8119 8128/8128 8104/8104
f 8104/8104 8124/8124 8107/8107
f 8107/8107 8123/8123 8103/8103
f 8103/8103 8123/8123 8129/8129
f 8129/8129 8109/8109 8103/8103
f 230/230 229/229 231/231
f 8108/8108 8110/8110 8096/8096
f 7812/7812 7832/7832 7797/7797
f 7749/7749 7747/7747 7748/7748
f 7748/7748 7752/7752 7751/7751
f 7752/7752 7755/7755 7754/7754
f 419/419 413/413 448/448
f 519/519 540/540 530/530
f 2770/2770 2769/2769 2768/2768
f 2318/2318 2319/2319 2303/2303
f 2303/2303 2319/2319 2668/2668
f 3347/3347 3353/3353 3348/3348
f 3353/3353 3351/3351 3348/3348
f 3351/3351 3355/3355 3352/3352
f 2292/2292 2299/2299 2297/2297
f 3351/3351 3352/3352 3349/3349
f 2292/2292 2298/2298 2299/2299
f 3352/3352 3354/3354 3350/3350
f 6265/6265 6262/6262 6266/6266
f 5060/5060 5081/5081 5058/5058
f 4461/4461 4460/4460 4458/4458
f 4458/4458 4460/4460 4459/4459
f 5063/5063 5086/5086 5081/5081
f 5063/5063 5081/5081 5060/5060
f 4459/4459 4575/4575 4573/4573
f 6383/6383 6861/6861 6384/6384
f 7392/7392 7393/7393 7394/7394
f 6912/6912 6338/6338 6807/6807
f 6807/6807 6338/6338 6340/6340
f 4592/4592 4591/4591 4424/4424
f 4423/4423 4510/4510 4425/4425
f 2316/2316 2317/2317 2293/2293
f 5885/5885 5884/5884 5881/5881
f 5881/5881 5880/5880 5883/5883
f 5880/5880 5882/5882 5883/5883
f 5883/5883 5882/5882 6775/6775
f 5883/5883 6775/6775 6378/6378
f 6378/6378 6775/6775 6379/6379
f 6775/6775 6385/6385 6379/6379
f 6382/6382 6379/6379 6383/6383
f 6379/6379 6385/6385 6383/6383
f 6385/6385 6386/6386 6383/6383
f 6386/6386 6861/6861 6383/6383
f 6845/6845 6904/6904 6843/6843
f 4575/4575 4536/4536 4573/4573
f 6340/6340 6342/6342 6366/6366
f 6366/6366 6342/6342 6369/6369
f 6846/6846 6847/6847 6841/6841
f 4573/4573 4536/4536 4564/4564
f 6366/6366 6369/6369 6921/6921
f 6850/6850 6847/6847 6851/6851
f 6851/6851 6847/6847 6846/6846
f 4552/4552 4541/4541 4589/4589
f 6921/6921 6369/6369 6362/6362
f 3645/3645 3673/3673 3665/3665
f 4542/4542 4535/4535 4543/4543
f 3657/3657 3665/3665 3656/3656
f 3657/3657 3656/3656 3647/3647
f 3647/3647 3652/3652 3648/3648
f 8205/8205 8191/8191 8198/8198
f 8137/8137 8131/8131 8130/8130
f 310/310 309/309 307/307
f 8128/8128 8124/8124 8104/8104
f 8123/8123 8126/8126 8129/8129
f 7877/7877 7878/7878 7833/7833
f 406/406 413/413 419/419
f 413/413 449/449 448/448
f 448/448 449/449 519/519
f 449/449 525/525 519/519
f 1439/1439 1413/1413 1418/1418
f 1418/1418 1413/1413 1416/1416
f 4460/4460 4601/4601 4459/4459
f 6217/6217 6216/6216 6271/6271
f 4459/4459 4601/4601 4575/4575
f 4424/4424 4421/4421 4423/4423
f 4423/4423 4421/4421 4422/4422
f 6861/6861 6332/6332 6269/6269
f 6332/6332 6215/6215 6269/6269
f 4591/4591 4421/4421 4424/4424
f 4423/4423 4422/4422 4510/4510
f 2317/2317 2306/2306 2293/2293
f 5905/5905 5884/5884 5885/5885
f 5882/5882 5911/5911 6775/6775
f 7408/7408 7405/7405 7407/7407
f 7405/7405 7401/7401 7407/7407
f 6385/6385 6387/6387 6386/6386
f 4575/4575 4574/4574 4536/4536
f 6841/6841 6896/6896 6845/6845
f 7174/7174 7171/7171 7173/7173
f 6369/6369 6363/6363 6362/6362
f 4541/4541 4591/4591 4589/4589
f 6365/6365 6780/6780 6855/6855
f 4564/4564 4536/4536 4542/4542
f 3652/3652 3658/3658 3648/3648
f 426/426 425/425 385/385
f 8205/8205 8203/8203 8191/8191
f 385/385 425/425 386/386
f 371/371 323/323 322/322
f 8147/8147 8164/8164 8148/8148
f 8130/8130 8131/8131 8128/8128
f 8107/8107 8124/8124 8123/8123
f 8126/8126 8127/8127 8129/8129
f 8129/8129 8127/8127 8115/8115
f 8129/8129 8115/8115 8109/8109
f 8109/8109 8115/8115 8108/8108
f 8096/8096 8110/8110 8209/8209
f 7833/7833 7834/7834 7832/7832
f 2778/2778 2519/2519 2498/2498
f 2498/2498 2519/2519 2514/2514
f 2511/2511 2516/2516 2512/2512
f 2318/2318 2310/2310 2319/2319
f 1413/1413 1415/1415 1416/1416
f 3355/3355 3356/3356 3352/3352
f 3356/3356 3354/3354 3352/3352
f 4477/4477 4462/4462 4461/4461
f 4461/4461 4462/4462 4460/4460
f 6269/6269 6215/6215 6217/6217
f 6216/6216 6337/6337 6271/6271
f 6625/6625 6267/6267 6265/6265
f 4601/4601 4576/4576 4575/4575
f 6271/6271 6337/6337 6338/6338
f 6271/6271 6338/6338 6912/6912
f 4591/4591 4527/4527 4421/4421
f 6340/6340 6341/6341 6342/6342
f 5102/5102 5100/5100 5086/5086
f 4576/4576 4574/4574 4575/4575
f 6847/6847 6849/6849 6848/6848
f 6847/6847 6848/6848 6841/6841
f 4574/4574 4571/4571 4536/4536
f 7171/7171 7172/7172 7173/7173
f 7155/7155 7149/7149 7156/7156
f 6850/6850 6849/6849 6847/6847
f 4533/4533 4541/4541 4552/4552
f 4541/4541 4527/4527 4591/4591
f 6362/6362 6347/6347 6351/6351
f 6365/6365 6779/6779 6780/6780
f 4542/4542 4536/4536 4535/4535
f 6351/6351 6347/6347 6349/6349
f 3665/3665 3666/3666 3656/3656
f 3656/3656 3666/3666 3663/3663
f 3656/3656 3652/3652 3647/3647
f 1598/1598 1594/1594 1595/1595
f 1573/1573 1537/1537 1570/1570
f 1539/1539 1537/1537 1538/1538
f 1546/1546 1565/1565 1568/1568
f 501/501 500/500 502/502
f 484/484 502/502 469/469
f 8123/8123 8124/8124 8126/8126
f 8108/8108 8113/8113 8110/8110
f 7834/7834 7835/7835 7832/7832
f 8209/8209 8214/8214 8215/8215
f 7878/7878 7834/7834 7833/7833
f 7877/7877 7880/7880 7878/7878
f 7752/7752 7756/7756 7755/7755
f 7879/7879 7886/7886 7880/7880
f 3353/3353 3357/3357 3351/3351
f 3351/3351 3357/3357 3355/3355
f 6267/6267 6261/6261 6265/6265
f 6265/6265 6261/6261 6262/6262
f 4477/4477 4474/4474 4462/4462
f 4462/4462 4463/4463 4460/4460
f 4463/4463 4600/4600 4601/4601
f 4460/4460 4463/4463 4601/4601
f 6217/6217 6215/6215 6216/6216
f 6625/6625 6258/6258 6267/6267
f 4601/4601 4600/4600 4576/4576
f 4421/4421 4420/4420 4422/4422
f 6338/6338 6339/6339 6340/6340
f 6340/6340 6339/6339 6341/6341
f 4527/4527 4525/4525 4421/4421
f 4422/4422 4420/4420 4510/4510
f 4510/4510 4420/4420 4511/4511
f 2306/2306 2305/2305 2293/2293
f 5884/5884 5878/5878 5881/5881
f 7401/7401 7402/7402 7403/7403
f 7403/7403 7402/7402 7406/7406
f 5102/5102 5103/5103 5100/5100
f 4576/4576 4571/4571 4574/4574
f 5881/5881 5878/5878 5880/5880
f 6343/6343 6368/6368 6342/6342
f 7147/7147 7151/7151 7153/7153
f 6841/6841 6897/6897 6896/6896
f 6368/6368 6347/6347 6363/6363
f 6779/6779 6358/6358 6361/6361
f 6779/6779 6361/6361 6780/6780
f 7155/7155 7154/7154 7149/7149
f 6364/6364 6358/6358 6365/6365
f 6365/6365 6358/6358 6779/6779
f 3656/3656 3663/3663 3660/3660
f 3656/3656 3660/3660 3652/3652
f 1538/1538 1536/1536 1546/1546
f 8191/8191 8190/8190 8192/8192
f 322/322 323/323 309/309
f 8164/8164 8160/8160 8148/8148
f 7828/7828 7827/7827 7838/7838
f 8124/8124 8125/8125 8126/8126
f 8126/8126 8125/8125 8116/8116
f 8126/8126 8116/8116 8127/8127
f 8127/8127 8116/8116 8115/8115
f 8113/8113 8209/8209 8110/8110
f 7747/7747 7746/7746 7748/7748
f 7748/7748 7757/7757 7752/7752
f 7752/7752 7757/7757 7756/7756
f 238/238 234/234 406/406
f 406/406 234/234 413/413
f 519/519 525/525 540/540
f 3358/3358 3357/3357 3353/3353
f 3355/3355 3357/3357 3356/3356
f 3356/3356 3361/3361 3354/3354
f 6261/6261 6259/6259 6262/6262
f 4474/4474 4464/4464 4462/4462
f 4462/4462 4464/4464 4463/4463
f 4463/4463 4599/4599 4600/4600
f 6258/6258 6261/6261 6267/6267
f 4421/4421 4419/4419 4420/4420
f 6337/6337 6339/6339 6338/6338
f 4420/4420 4512/4512 4511/4511
f 4511/4511 4512/4512 4513/4513
f 5880/5880 5878/5878 5879/5879
f 5880/5880 5879/5879 5882/5882
f 5910/5910 6801/6801 5911/5911
f 7405/7405 7404/7404 7401/7401
f 6861/6861 6336/6336 6211/6211
f 6343/6343 6345/6345 6368/6368
f 4526/4526 4525/4525 4527/4527
f 6368/6368 6345/6345 6347/6347
f 6345/6345 6346/6346 6347/6347
f 6347/6347 6346/6346 6348/6348
f 6358/6358 6357/6357 6361/6361
f 7148/7148 7147/7147 7149/7149
f 7154/7154 7148/7148 7149/7149
f 4571/4571 4557/4557 4536/4536
f 4541/4541 4526/4526 4527/4527
f 6348/6348 6350/6350 6352/6352
f 6349/6349 6348/6348 6352/6352
f 6352/6352 6350/6350 6859/6859
f 6350/6350 6355/6355 6859/6859
f 6859/6859 6355/6355 6364/6364
f 6364/6364 6355/6355 6358/6358
f 4536/4536 4534/4534 4535/4535
f 4535/4535 4534/4534 4533/4533
f 502/502 465/465 469/469
f 8190/8190 8182/8182 8192/8192
f 8192/8192 8160/8160 8193/8193
f 8160/8160 8163/8163 8148/8148
f 323/323 308/308 309/309
f 8148/8148 8138/8138 8137/8137
f 8128/8128 8120/8120 8124/8124
f 8108/8108 8112/8112 8113/8113
f 8214/8214 8224/8224 8215/8215
f 7878/7878 7881/7881 7834/7834
f 2768/2768 2519/2519 2778/2778
f 2511/2511 2517/2517 2516/2516
f 2319/2319 2321/2321 2668/2668
f 3358/3358 3360/3360 3359/3359
f 3358/3358 3359/3359 3357/3357
f 1415/1415 1486/1486 1487/1487
f 6259/6259 6263/6263 6262/6262
f 4464/4464 4465/4465 4463/4463
f 4463/4463 4465/4465 4599/4599
f 6215/6215 6214/6214 6216/6216
f 6216/6216 6214/6214 6218/6218
f 6216/6216 6218/6218 6373/6373
f 6216/6216 6373/6373 6337/6337
f 6337/6337 6373/6373 6339/6339
f 6339/6339 6371/6371 6370/6370
f 6339/6339 6370/6370 6341/6341
f 4600/4600 4577/4577 4576/4576
f 4525/4525 4419/4419 4421/4421
f 5879/5879 5908/5908 5882/5882
f 5882/5882 5908/5908 5911/5911
f 5908/5908 5910/5910 5911/5911
f 6861/6861 6211/6211 6332/6332
f 6341/6341 6344/6344 6343/6343
f 4576/4576 4577/4577 4571/4571
f 7167/7167 7166/7166 7165/7165
f 7147/7147 7150/7150 7151/7151
f 6346/6346 6353/6353 6350/6350
f 6350/6350 6353/6353 6354/6354
f 6355/6355 6354/6354 6356/6356
f 6355/6355 6356/6356 6357/6357
f 6357/6357 6356/6356 6361/6361
f 7148/7148 7144/7144 7147/7147
f 4536/4536 4537/4537 4534/4534
f 4533/4533 4540/4540 4541/4541
f 4541/4541 4540/4540 4526/4526
f 503/503 505/505 501/501
f 8203/8203 8190/8190 8191/8191
f 8192/8192 8182/8182 8160/8160
f 8163/8163 8138/8138 8148/8148
f 8138/8138 8132/8132 8131/8131
f 8137/8137 8138/8138 8131/8131
f 8124/8124 8120/8120 8125/8125
f 8125/8125 8120/8120 8116/8116
f 8116/8116 8111/8111 8115/8115
f 8115/8115 8111/8111 8108/8108
f 8111/8111 8112/8112 8108/8108
f 1413/1413 1414/1414 1415/1415
f 5380/5380 5395/5395 5389/5389
f 3356/3356 3365/3365 3361/3361
f 4464/4464 4466/4466 4465/4465
f 4465/4465 4466/4466 4599/4599
f 4599/4599 4577/4577 4600/4600
f 4419/4419 4418/4418 4420/4420
f 2309/2309 2308/2308 2304/2304
f 6332/6332 6211/6211 6213/6213
f 6332/6332 6213/6213 6215/6215
f 6215/6215 6213/6213 6214/6214
f 6370/6370 6594/6594 6341/6341
f 5104/5104 5105/5105 5101/5101
f 4420/4420 4418/4418 4512/4512
f 4418/4418 4514/4514 4513/4513
f 4512/4512 4418/4418 4513/4513
f 4513/4513 4514/4514 4515/4515
f 7404/7404 7402/7402 7401/7401
f 6341/6341 6594/6594 6344/6344
f 7168/7168 7166/7166 7167/7167
f 4577/4577 4578/4578 4571/4571
f 7166/7166 7169/7169 7161/7161
f 7161/7161 7169/7169 7162/7162
f 7144/7144 7145/7145 7147/7147
f 7147/7147 7145/7145 7150/7150
f 8203/8203 8204/8204 8190/8190
f 8160/8160 8157/8157 8163/8163
f 8163/8163 8157/8157 8138/8138
f 309/309 308/308 307/307
f 8132/8132 8128/8128 8131/8131
f 8120/8120 8118/8118 8116/8116
f 8116/8116 8118/8118 8111/8111
f 8113/8113 8210/8210 8209/8209
f 7834/7834 7881/7881 7835/7835
f 7878/7878 7880/7880 7881/7881
f 7757/7757 7745/7745 7756/7756
f 7886/7886 7884/7884 7880/7880
f 2657/2657 2656/2656 2381/2381
f 2378/2378 2379/2379 2380/2380
f 2301/2301 2320/2320 2321/2321
f 3356/3356 3363/3363 3364/3364
f 1415/1415 1478/1478 1486/1486
f 2308/2308 2311/2311 2301/2301
f 1487/1487 1486/1486 1494/1494
f 6218/6218 6220/6220 6373/6373
f 6257/6257 6255/6255 6258/6258
f 6258/6258 6255/6255 6259/6259
f 6258/6258 6259/6259 6261/6261
f 4419/4419 4416/4416 4418/4418
f 6370/6370 6371/6371 6938/6938
f 6370/6370 6938/6938 6594/6594
f 6938/6938 6237/6237 6594/6594
f 6335/6335 6256/6256 6257/6257
f 5905/5905 5906/5906 5884/5884
f 6237/6237 6234/6234 6239/6239
f 6594/6594 6237/6237 6239/6239
f 6239/6239 6234/6234 6236/6236
f 7145/7145 7160/7160 7150/7150
f 4525/4525 4524/4524 4419/4419
f 6235/6235 6238/6238 6236/6236
f 6236/6236 6238/6238 6456/6456
f 7169/7169 7170/7170 7162/7162
f 6359/6359 6456/6456 6360/6360
f 4578/4578 4537/4537 4571/4571
f 4526/4526 4524/4524 4525/4525
f 4571/4571 4537/4537 4557/4557
f 4557/4557 4537/4537 4536/4536
f 469/469 465/465 426/426
f 8162/8162 8160/8160 8182/8182
f 8138/8138 8157/8157 8132/8132
f 8120/8120 8121/8121 8118/8118
f 8112/8112 8114/8114 8113/8113
f 7748/7748 7743/7743 7757/7757
f 1439/1439 1446/1446 1413/1413
f 1414/1414 1478/1478 1415/1415
f 2311/2311 2314/2314 2301/2301
f 3356/3356 3357/3357 3363/3363
f 3356/3356 3364/3364 3365/3365
f 4466/4466 4598/4598 4599/4599
f 6214/6214 6333/6333 6219/6219
f 6214/6214 6219/6219 6218/6218
f 6219/6219 6220/6220 6218/6218
f 6373/6373 6220/6220 6221/6221
f 6373/6373 6221/6221 6938/6938
f 6221/6221 6240/6240 6938/6938
f 6256/6256 6255/6255 6257/6257
f 4599/4599 4598/4598 4577/4577
f 4418/4418 4416/4416 4417/4417
f 4514/4514 4498/4498 4515/4515
f 5910/5910 6036/6036 6801/6801
f 6336/6336 6801/6801 6036/6036
f 6336/6336 6036/6036 6210/6210
f 6336/6336 6210/6210 6211/6211
f 6234/6234 6235/6235 6236/6236
f 7145/7145 7146/7146 7160/7160
f 7142/7142 7145/7145 7144/7144
f 7141/7141 7142/7142 7144/7144
f 1537/1537 1536/1536 1538/1538
f 465/465 418/418 426/426
f 425/425 418/418 386/386
f 8160/8160 8162/8162 8161/8161
f 8160/8160 8159/8159 8157/8157
f 8157/8157 8152/8152 8132/8132
f 308/308 306/306 307/307
f 8132/8132 8152/8152 8128/8128
f 8128/8128 8121/8121 8120/8120
f 307/307 305/305 315/315
f 8118/8118 8117/8117 8111/8111
f 8113/8113 8114/8114 8210/8210
f 8209/8209 8210/8210 8214/8214
f 8214/8214 8220/8220 8224/8224
f 7744/7744 7743/7743 7746/7746
f 7746/7746 7743/7743 7748/7748
f 7884/7884 7882/7882 7880/7880
f 7880/7880 7882/7882 7881/7881
f 2514/2514 2515/2515 2511/2511
f 2511/2511 2515/2515 2517/2517
f 2321/2321 2654/2654 2668/2668
f 4464/4464 4467/4467 4466/4466
f 4466/4466 4467/4467 4598/4598
f 6256/6256 6228/6228 6255/6255
f 4598/4598 4578/4578 4577/4577
f 6211/6211 6212/6212 6213/6213
f 6212/6212 6333/6333 6214/6214
f 6213/6213 6212/6212 6214/6214
f 6270/6270 6228/6228 6335/6335
f 7134/7134 7136/7136 7137/7137
f 7137/7137 7136/7136 7138/7138
f 5908/5908 5909/5909 5910/5910
f 5909/5909 5913/5913 5910/5910
f 5913/5913 6036/6036 5910/5910
f 6210/6210 6209/6209 6211/6211
f 6234/6234 6233/6233 6235/6235
f 6235/6235 6233/6233 6238/6238
f 7142/7142 7146/7146 7145/7145
f 1546/1546 1532/1532 1565/1565
f 8190/8190 8167/8167 8182/8182
f 8182/8182 8167/8167 8162/8162
f 8161/8161 8159/8159 8160/8160
f 306/306 305/305 307/307
f 8111/8111 8117/8117 8114/8114
f 8111/8111 8114/8114 8112/8112
f 5389/5389 5390/5390 5322/5322
f 2321/2321 2322/2322 2654/2654
f 2381/2381 2656/2656 2378/2378
f 3608/3608 3609/3609 3610/3610
f 3360/3360 3362/3362 3359/3359
f 3362/3362 3363/3363 3357/3357
f 3359/3359 3362/3362 3357/3357
f 3364/3364 3366/3366 3365/3365
f 4464/4464 4468/4468 4467/4467
f 6240/6240 6221/6221 6231/6231
f 4416/4416 4405/4405 4417/4417
f 6228/6228 6254/6254 6255/6255
f 4417/4417 4405/4405 4514/4514
f 2313/2313 2312/2312 2309/2309
f 5879/5879 5909/5909 5908/5908
f 6233/6233 6937/6937 6238/6238
f 7139/7139 7140/7140 7141/7141
f 6238/6238 6937/6937 6456/6456
f 4537/4537 4538/4538 4534/4534
f 4540/4540 4550/4550 4526/4526
f 8190/8190 8206/8206 8167/8167
f 8167/8167 8161/8161 8162/8162
f 8152/8152 8153/8153 8128/8128
f 8128/8128 8153/8153 8121/8121
f 8118/8118 8122/8122 8117/8117
f 8210/8210 8220/8220 8214/8214
f 7883/7883 7837/7837 7835/7835
f 7679/7679 7743/7743 7744/7744
f 7881/7881 7883/7883 7835/7835
f 7882/7882 7883/7883 7881/7881
f 7757/7757 7743/7743 7745/7745
f 231/231 229/229 232/232
f 2668/2668 2655/2655 2663/2663
f 5379/5379 5377/5377 5380/5380
f 4468/4468 4469/4469 4467/4467
f 6221/6221 6222/6222 6231/6231
f 6231/6231 6222/6222 6232/6232
f 6222/6222 6268/6268 6232/6232
f 6811/6811 6268/6268 6225/6225
f 6225/6225 6226/6226 6227/6227
f 6811/6811 6225/6225 6227/6227
f 6227/6227 6226/6226 6228/6228
f 6255/6255 6260/6260 6259/6259
f 4416/4416 4414/4414 4405/4405
f 6927/6927 6333/6333 6212/6212
f 6228/6228 6226/6226 6254/6254
f 4598/4598 4579/4579 4578/4578
f 4520/4520 4414/4414 4416/4416
f 4524/4524 4520/4520 4416/4416
f 4405/4405 4404/4404 4498/4498
f 4498/4498 4404/4404 4282/4282
f 5681/5681 5682/5682 5683/5683
f 5875/5875 5877/5877 5878/5878
f 5878/5878 5877/5877 5879/5879
f 5877/5877 6005/6005 5879/5879
f 5879/5879 6005/6005 5909/5909
f 6005/6005 5914/5914 5909/5909
f 5909/5909 5914/5914 5913/5913
f 5913/5913 5914/5914 6036/6036
f 5914/5914 6209/6209 6036/6036
f 6036/6036 6209/6209 6210/6210
f 4578/4578 4579/4579 4555/4555
f 4578/4578 4555/4555 4537/4537
f 4523/4523 4520/4520 4524/4524
f 4526/4526 4550/4550 4523/4523
f 7740/7740 7738/7738 7739/7739
f 8156/8156 8152/8152 8157/8157
f 8118/8118 8121/8121 8122/8122
f 8122/8122 8158/8158 8117/8117
f 7702/7702 7700/7700 7707/7707
f 7884/7884 7885/7885 7882/7882
f 232/232 233/233 234/234
f 2519/2519 2768/2768 2751/2751
f 2654/2654 2655/2655 2668/2668
f 2663/2663 2655/2655 2657/2657
f 1478/1478 1479/1479 1486/1486
f 4467/4467 4597/4597 4598/4598
f 6222/6222 6225/6225 6268/6268
f 4597/4597 4579/4579 4598/4598
f 7380/7380 7377/7377 7379/7379
f 2086/2086 2090/2090 2084/2084
f 2084/2084 2090/2090 2091/2091
f 2091/2091 2092/2092 2084/2084
f 2084/2084 2092/2092 2088/2088
f 6927/6927 6446/6446 6626/6626
f 7428/7428 7429/7429 7430/7430
f 4523/4523 4522/4522 4520/4520
f 4533/4533 4532/4532 4540/4540
f 4550/4550 4522/4522 4523/4523
f 8156/8156 8155/8155 8152/8152
f 8153/8153 8150/8150 8121/8121
f 8121/8121 8133/8133 8122/8122
f 8210/8210 8221/8221 8220/8220
f 7679/7679 7682/7682 7743/7743
f 5395/5395 5377/5377 5388/5388
f 3607/3607 3579/3579 3582/3582
f 3582/3582 3579/3579 3581/3581
f 4469/4469 4472/4472 4467/4467
f 4467/4467 4472/4472 4597/4597
f 6220/6220 6219/6219 6221/6221
f 6221/6221 6219/6219 6222/6222
f 6222/6222 6224/6224 6225/6225
f 6225/6225 6224/6224 6226/6226
f 4414/4414 4403/4403 4405/4405
f 6645/6645 6001/6001 6444/6444
f 7377/7377 7378/7378 7379/7379
f 6001/6001 6443/6443 6444/6444
f 6444/6444 6443/6443 6445/6445
f 6445/6445 6443/6443 6003/6003
f 6445/6445 6003/6003 6446/6446
f 6446/6446 6003/6003 6626/6626
f 6626/6626 6241/6241 6333/6333
f 6254/6254 6599/6599 6255/6255
f 4404/4404 4275/4275 4282/4282
f 5941/5941 5915/5915 5875/5875
f 5875/5875 5915/5915 5876/5876
f 5875/5875 5876/5876 5877/5877
f 4537/4537 4539/4539 4538/4538
f 4534/4534 4530/4530 4533/4533
f 4537/4537 4555/4555 4539/4539
f 4534/4534 4538/4538 4530/4530
f 501/501 490/490 500/500
f 8152/8152 8155/8155 8153/8153
f 8153/8153 8155/8155 8154/8154
f 7698/7698 7690/7690 7692/7692
f 7682/7682 7680/7680 7743/7743
f 7743/7743 7680/7680 7683/7683
f 2519/2519 2703/2703 2514/2514
f 2514/2514 2703/2703 2515/2515
f 2322/2322 2715/2715 2654/2654
f 2657/2657 2655/2655 2656/2656
f 3608/3608 3604/3604 3609/3609
f 4268/4268 4260/4260 4270/4270
f 3609/3609 3604/3604 3607/3607
f 1414/1414 1479/1479 1478/1478
f 3579/3579 3580/3580 3581/3581
f 4274/4274 4273/4273 4269/4269
f 6259/6259 6264/6264 6263/6263
f 6255/6255 6599/6599 6260/6260
f 4597/4597 4596/4596 4579/4579
f 6004/6004 5916/5916 6645/6645
f 6001/6001 5999/5999 6443/6443
f 6443/6443 5999/5999 6003/6003
f 6626/6626 6003/6003 6602/6602
f 7374/7374 7375/7375 7376/7376
f 6626/6626 6943/6943 6241/6241
f 6333/6333 6241/6241 6219/6219
f 4403/4403 4404/4404 4405/4405
f 4403/4403 4276/4276 4404/4404
f 4404/4404 4276/4276 4275/4275
f 4555/4555 4579/4579 4580/4580
f 4522/4522 4381/4381 4520/4520
f 7736/7736 7737/7737 7741/7741
f 8155/8155 8166/8166 8154/8154
f 8306/8306 8318/8318 8302/8302
f 7704/7704 7703/7703 7701/7701
f 305/305 229/229 315/315
f 7677/7677 7678/7678 7700/7700
f 7682/7682 7676/7676 7680/7680
f 7698/7698 7693/7693 7690/7690
f 5192/5192 5333/5333 5288/5288
f 5334/5334 5323/5323 5333/5333
f 2769/2769 2767/2767 2768/2768
f 2768/2768 2765/2765 2751/2751
f 3607/3607 3604/3604 3579/3579
f 4273/4273 4272/4272 4269/4269
f 4468/4468 4470/4470 4469/4469
f 4469/4469 4473/4473 4472/4472
f 4479/4479 4596/4596 4597/4597
f 6226/6226 6224/6224 6253/6253
f 7499/7499 7500/7500 7501/7501
f 7503/7503 7499/7499 7501/7501
f 6002/6002 5998/5998 6001/6001
f 6001/6001 5998/5998 5999/5999
f 5998/5998 5997/5997 5999/5999
f 5999/5999 5997/5997 6003/6003
f 5997/5997 6000/6000 6003/6003
f 6003/6003 6000/6000 6602/6602
f 6602/6602 6000/6000 6943/6943
f 6226/6226 6253/6253 6599/6599
f 6226/6226 6599/6599 6254/6254
f 4596/4596 4581/4581 4579/4579
f 4520/4520 4381/4381 4415/4415
f 4520/4520 4415/4415 4414/4414
f 4403/4403 4349/4349 4276/4276
f 5915/5915 5916/5916 5876/5876
f 4581/4581 4580/4580 4579/4579
f 4580/4580 4539/4539 4555/4555
f 4530/4530 4532/4532 4533/4533
f 4550/4550 4382/4382 4522/4522
f 7722/7722 7723/7723 7736/7736
f 7737/7737 7711/7711 7741/7741
f 8156/8156 8207/8207 8155/8155
f 8166/8166 8208/8208 8150/8150
f 7709/7709 7706/7706 7704/7704
f 229/229 228/228 232/232
f 525/525 449/449 522/522
f 2519/2519 2751/2751 2703/2703
f 2703/2703 2734/2734 2515/2515
f 5395/5395 5394/5394 5390/5390
f 3608/3608 3606/3606 3604/3604
f 5395/5395 5388/5388 5394/5394
f 4272/4272 4263/4263 4269/4269
f 3579/3579 3573/3573 3572/3572
f 3579/3579 3572/3572 3580/3580
f 4470/4470 4471/4471 4469/4469
f 4469/4469 4471/4471 4473/4473
f 4479/4479 4478/4478 4596/4596
f 4415/4415 4402/4402 4414/4414
f 4414/4414 4402/4402 4403/4403
f 5996/5996 6017/6017 6000/6000
f 6017/6017 6918/6918 6943/6943
f 6000/6000 6017/6017 6943/6943
f 7361/7361 7360/7360 7359/7359
f 1479/1479 1484/1484 1486/1486
f 7134/7134 7135/7135 7136/7136
f 5916/5916 5915/5915 5917/5917
f 7500/7500 7499/7499 7502/7502
f 5916/5916 5917/5917 6022/6022
f 6002/6002 6022/6022 5998/5998
f 5917/5917 5927/5927 6022/6022
f 5998/5998 6022/6022 5929/5929
f 6022/6022 5927/5927 5929/5929
f 5998/5998 5929/5929 5997/5997
f 5927/5927 5928/5928 5929/5929
f 5997/5997 5929/5929 5996/5996
f 5929/5929 5928/5928 5996/5996
f 5997/5997 5996/5996 6000/6000
f 4539/4539 4548/4548 4538/4538
f 4532/4532 4545/4545 4540/4540
f 4540/4540 4382/4382 4550/4550
f 418/418 387/387 386/386
f 386/386 387/387 371/371
f 8155/8155 8207/8207 8166/8166
f 7675/7675 7674/7674 7681/7681
f 234/234 233/233 413/413
f 413/413 412/412 449/449
f 1413/1413 1411/1411 1414/1414
f 3604/3604 3573/3573 3579/3579
f 4277/4277 4278/4278 4273/4273
f 6017/6017 6899/6899 6918/6918
f 7360/7360 7357/7357 7359/7359
f 6219/6219 6223/6223 6222/6222
f 4381/4381 4406/4406 4415/4415
f 4402/4402 4349/4349 4403/4403
f 4349/4349 4279/4279 4276/4276
f 5915/5915 5918/5918 5917/5917
f 5917/5917 5919/5919 5927/5927
f 5927/5927 5919/5919 5928/5928
f 7112/7112 7114/7114 7115/7115
f 7115/7115 7114/7114 7116/7116
f 4540/4540 4545/4545 4382/4382
f 7723/7723 7742/7742 7737/7737
f 8207/8207 8208/8208 8166/8166
f 7706/7706 7705/7705 7703/7703
f 305/305 227/227 229/229
f 7703/7703 7670/7670 7677/7677
f 233/233 412/412 413/413
f 2768/2768 2767/2767 2765/2765
f 1414/1414 1411/1411 1479/1479
f 7387/7387 7385/7385 7391/7391
f 7391/7391 7385/7385 7390/7390
f 4471/4471 4475/4475 4473/4473
f 4475/4475 4480/4480 4478/4478
f 4473/4473 4475/4475 4478/4478
f 4478/4478 4480/4480 4485/4485
f 4478/4478 4485/4485 4596/4596
f 4596/4596 4485/4485 4581/4581
f 4406/4406 4401/4401 4402/4402
f 4415/4415 4406/4406 4402/4402
f 6918/6918 5960/5960 6919/6919
f 4485/4485 4582/4582 4581/4581
f 4401/4401 4281/4281 4402/4402
f 4402/4402 4281/4281 4349/4349
f 4349/4349 4281/4281 4279/4279
f 5917/5917 5918/5918 5919/5919
f 5919/5919 5936/5936 5928/5928
f 7112/7112 7113/7113 7114/7114
f 5935/5935 5939/5939 6017/6017
f 6017/6017 5939/5939 6899/6899
f 4581/4581 4582/4582 4580/4580
f 5941/5941 5918/5918 5915/5915
f 4538/4538 4548/4548 4530/4530
f 1587/1587 1574/1574 1573/1573
f 1573/1573 1574/1574 1537/1537
f 7711/7711 7708/7708 7706/7706
f 306/306 304/304 305/305
f 7706/7706 7708/7708 7705/7705
f 304/304 227/227 305/305
f 525/525 541/541 540/540
f 4260/4260 4271/4271 4270/4270
f 1446/1446 1412/1412 1413/1413
f 3606/3606 3605/3605 3604/3604
f 1413/1413 1412/1412 1411/1411
f 3605/3605 3602/3602 3604/3604
f 3604/3604 3602/3602 3573/3573
f 3603/3603 3567/3567 3573/3573
f 3567/3567 3569/3569 3572/3572
f 3573/3573 3567/3567 3572/3572
f 6224/6224 6230/6230 6253/6253
f 7388/7388 7386/7386 7387/7387
f 4485/4485 4595/4595 4582/4582
f 4380/4380 4401/4401 4406/4406
f 5960/5960 6944/6944 6919/6919
f 7357/7357 7358/7358 7359/7359
f 6241/6241 6223/6223 6219/6219
f 6223/6223 6224/6224 6222/6222
f 4381/4381 4380/4380 4406/4406
f 4281/4281 4280/4280 4279/4279
f 4582/4582 4583/4583 4580/4580
f 4376/4376 4380/4380 4381/4381
f 4580/4580 4583/4583 4539/4539
f 4545/4545 4375/4375 4382/4382
f 1574/1574 1535/1535 1537/1537
f 1535/1535 1531/1531 1536/1536
f 1537/1537 1535/1535 1536/1536
f 1536/1536 1531/1531 1532/1532
f 500/500 468/468 465/465
f 465/465 468/468 417/417
f 465/465 417/417 418/418
f 7711/7711 7666/7666 7708/7708
f 7705/7705 7662/7662 7670/7670
f 7670/7670 7667/7667 7673/7673
f 412/412 450/450 449/449
f 449/449 450/450 522/522
f 2703/2703 2702/2702 2734/2734
f 2655/2655 2654/2654 2653/2653
f 2653/2653 2656/2656 2655/2655
f 4475/4475 4481/4481 4480/4480
f 4485/4485 4484/4484 4595/4595
f 4277/4277 4283/4283 4278/4278
f 6253/6253 6244/6244 6599/6599
f 4401/4401 4399/4399 4281/4281
f 6641/6641 5926/5926 5941/5941
f 5918/5918 5920/5920 5919/5919
f 5919/5919 5921/5921 5936/5936
f 5939/5939 5949/5949 6899/6899
f 4281/4281 4399/4399 4285/4285
f 5941/5941 5923/5923 5918/5918
f 4539/4539 4583/4583 4548/4548
f 4532/4532 4546/4546 4545/4545
f 1594/1594 1591/1591 1587/1587
f 308/308 325/325 306/306
f 7666/7666 7660/7660 7708/7708
f 7660/7660 7662/7662 7705/7705
f 7662/7662 7667/7667 7670/7670
f 7667/7667 7671/7671 7672/7672
f 525/525 522/522 541/541
f 2751/2751 2756/2756 2701/2701
f 2751/2751 2701/2701 2703/2703
f 2716/2716 2654/2654 2715/2715
f 2378/2378 2735/2735 2379/2379
f 3606/3606 3601/3601 3605/3605
f 3602/3602 3600/3600 3567/3567
f 3567/3567 3566/3566 3568/3568
f 4278/4278 4284/4284 4272/4272
f 4481/4481 4482/4482 4480/4480
f 4480/4480 4482/4482 4484/4484
f 4595/4595 4507/4507 4582/4582
f 6253/6253 6230/6230 6244/6244
f 5926/5926 5923/5923 5941/5941
f 5922/5922 5920/5920 5918/5918
f 5921/5921 5931/5931 5936/5936
f 5936/5936 5931/5931 5935/5935
f 4530/4530 4531/4531 4532/4532
f 418/418 417/417 387/387
f 371/371 328/328 323/323
f 227/227 228/228 229/229
f 232/232 228/228 233/233
f 5325/5325 5326/5326 5323/5323
f 2765/2765 2756/2756 2751/2751
f 2703/2703 2701/2701 2702/2702
f 2656/2656 2669/2669 2378/2378
f 2378/2378 2669/2669 2735/2735
f 5388/5388 5325/5325 5394/5394
f 3605/3605 3601/3601 3599/3599
f 3600/3600 3565/3565 3567/3567
f 4272/4272 4286/4286 4264/4264
f 4284/4284 4286/4286 4272/4272
f 3567/3567 3565/3565 3566/3566
f 4496/4496 4390/4390 4507/4507
f 6224/6224 6223/6223 6229/6229
f 6224/6224 6229/6229 6230/6230
f 7386/7386 7385/7385 7387/7387
f 4377/4377 4400/4400 4380/4380
f 4380/4380 4400/4400 4401/4401
f 5960/5960 5950/5950 6944/6944
f 4390/4390 4584/4584 4582/4582
f 4507/4507 4390/4390 4582/4582
f 4376/4376 4377/4377 4380/4380
f 4401/4401 4400/4400 4399/4399
f 5931/5931 5934/5934 5935/5935
f 5935/5935 5934/5934 5939/5939
f 4582/4582 4584/4584 4583/4583
f 4399/4399 4296/4296 4285/4285
f 5923/5923 5922/5922 5918/5918
f 5919/5919 5920/5920 5921/5921
f 4532/4532 4544/4544 4546/4546
f 4546/4546 4374/4374 4545/4545
f 4545/4545 4374/4374 4375/4375
f 4548/4548 4549/4549 4530/4530
f 2717/2717 2650/2650 2716/2716
f 2716/2716 2650/2650 2654/2654
f 3565/3565 3561/3561 3566/3566
f 4482/4482 4487/4487 4486/4486
f 4482/4482 4486/4486 4484/4484
f 4507/4507 4484/4484 4486/4486
f 4507/4507 4486/4486 4496/4496
f 4496/4496 4492/4492 4390/4390
f 4283/4283 4294/4294 4284/4284
f 6944/6944 6452/6452 6241/6241
f 6241/6241 6452/6452 6223/6223
f 4400/4400 4397/4397 4399/4399
f 4375/4375 4373/4373 4376/4376
f 4399/4399 4397/4397 4296/4296
f 4583/4583 4585/4585 4548/4548
f 4374/4374 4373/4373 4375/4375
f 4548/4548 4585/4585 4549/4549
f 4531/4531 4544/4544 4532/4532
f 1532/1532 1571/1571 1572/1572
f 227/227 303/303 228/228
f 1412/1412 1410/1410 1411/1411
f 3600/3600 3563/3563 3565/3565
f 1411/1411 1458/1458 1479/1479
f 4284/4284 4294/4294 4286/4286
f 3563/3563 3561/3561 3565/3565
f 4487/4487 4488/4488 4486/4486
f 4492/4492 4389/4389 4390/4390
f 6230/6230 6243/6243 6244/6244
f 4390/4390 4389/4389 4388/4388
f 4377/4377 4398/4398 4400/4400
f 1479/1479 1485/1485 1484/1484
f 4390/4390 4388/4388 4584/4584
f 4376/4376 4373/4373 4377/4377
f 4398/4398 4397/4397 4400/4400
f 4584/4584 4388/4388 4583/4583
f 4549/4549 4547/4547 4530/4530
f 4530/4530 4547/4547 4531/4531
f 387/387 388/388 374/374
f 387/387 374/374 371/371
f 371/371 374/374 328/328
f 412/412 414/414 450/450
f 2654/2654 2650/2650 2653/2653
f 3601/3601 3596/3596 3599/3599
f 3599/3599 3597/3597 3600/3600
f 4264/4264 4288/4288 4289/4289
f 3600/3600 3597/3597 3563/3563
f 3563/3563 3560/3560 3561/3561
f 4492/4492 4499/4499 4389/4389
f 4486/4486 4488/4488 4492/4492
f 6223/6223 6250/6250 6229/6229
f 7386/7386 7383/7383 7385/7385
f 4378/4378 4396/4396 4377/4377
f 4377/4377 4396/4396 4398/4398
f 5950/5950 5962/5962 6944/6944
f 7351/7351 7352/7352 7353/7353
f 4296/4296 4297/4297 4295/4295
f 5926/5926 5925/5925 5923/5923
f 5934/5934 5940/5940 5939/5939
f 4388/4388 4585/4585 4583/4583
f 4397/4397 4298/4298 4296/4296
f 4397/4397 4312/4312 4298/4298
f 5920/5920 5930/5930 5921/5921
f 4585/4585 4547/4547 4549/4549
f 4544/4544 4374/4374 4546/4546
f 4547/4547 4553/4553 4531/4531
f 2701/2701 2689/2689 2702/2702
f 4287/4287 4290/4290 4291/4291
f 3596/3596 3595/3595 3599/3599
f 3599/3599 3595/3595 3597/3597
f 4286/4286 4300/4300 4288/4288
f 4294/4294 4301/4301 4286/4286
f 3560/3560 3558/3558 3561/3561
f 4294/4294 4306/4306 4301/4301
f 3561/3561 3558/3558 3570/3570
f 4488/4488 4506/4506 4493/4493
f 4488/4488 4493/4493 4492/4492
f 4389/4389 4499/4499 4387/4387
f 6223/6223 6251/6251 6250/6250
f 6229/6229 6242/6242 6230/6230
f 4387/4387 4384/4384 4388/4388
f 4389/4389 4387/4387 4388/4388
f 4372/4372 4378/4378 4377/4377
f 4396/4396 4397/4397 4398/4398
f 4396/4396 4312/4312 4397/4397
f 4312/4312 4311/4311 4297/4297
f 4388/4388 4384/4384 4585/4585
f 4384/4384 4547/4547 4585/4585
f 4374/4374 4368/4368 4373/4373
f 4544/4544 4367/4367 4374/4374
f 450/450 521/521 522/522
f 2717/2717 2651/2651 2650/2650
f 1410/1410 1407/1407 1411/1411
f 3597/3597 3593/3593 3560/3560
f 3593/3593 3559/3559 3560/3560
f 4301/4301 4300/4300 4286/4286
f 3560/3560 3559/3559 3558/3558
f 4493/4493 4500/4500 4499/4499
f 4492/4492 4493/4493 4499/4499
f 4499/4499 4500/4500 4387/4387
f 6223/6223 6252/6252 6251/6251
f 6230/6230 6242/6242 6243/6243
f 6245/6245 6249/6249 6244/6244
f 5949/5949 5940/5940 5950/5950
f 6452/6452 6252/6252 6223/6223
f 4396/4396 4327/4327 4312/4312
f 4327/4327 4311/4311 4312/4312
f 5921/5921 5930/5930 5931/5931
f 4367/4367 4368/4368 4374/4374
f 4547/4547 4587/4587 4554/4554
f 4531/4531 4367/4367 4544/4544
f 4547/4547 4554/4554 4553/4553
f 1532/1532 1527/1527 1571/1571
f 417/417 388/388 387/387
f 306/306 325/325 304/304
f 414/414 451/451 450/450
f 2701/2701 2688/2688 2689/2689
f 2650/2650 2652/2652 2653/2653
f 3596/3596 3590/3590 3595/3595
f 3595/3595 3591/3591 3597/3597
f 1407/1407 1458/1458 1411/1411
f 3555/3555 3554/3554 3558/3558
f 3559/3559 3555/3555 3558/3558
f 7385/7385 7389/7389 7390/7390
f 3554/3554 3562/3562 3558/3558
f 4506/4506 4505/4505 4493/4493
f 4387/4387 4500/4500 4386/4386
f 4379/4379 4395/4395 4378/4378
f 4372/4372 4379/4379 4378/4378
f 4378/4378 4395/4395 4396/4396
f 5940/5940 5952/5952 5951/5951
f 5940/5940 5951/5951 5950/5950
f 5950/5950 5951/5951 5962/5962
f 4368/4368 4372/4372 4373/4373
f 4396/4396 4395/4395 4327/4327
f 4384/4384 4355/4355 4547/4547
f 233/233 414/414 412/412
f 450/450 451/451 521/521
f 2689/2689 2686/2686 2718/2718
f 2653/2653 2670/2670 2656/2656
f 2656/2656 2670/2670 2669/2669
f 5388/5388 5387/5387 5325/5325
f 3590/3590 3591/3591 3595/3595
f 1458/1458 1485/1485 1479/1479
f 4505/4505 4501/4501 4493/4493
f 4501/4501 4502/4502 4500/4500
f 4493/4493 4501/4501 4500/4500
f 4500/4500 4502/4502 4503/4503
f 4500/4500 4503/4503 4386/4386
f 4386/4386 4503/4503 4385/4385
f 4386/4386 4385/4385 4383/4383
f 4379/4379 4394/4394 4395/4395
f 5660/5660 5656/5656 5665/5665
f 5665/5665 5656/5656 5664/5664
f 5656/5656 5658/5658 5664/5664
f 5664/5664 5658/5658 5666/5666
f 6243/6243 6247/6247 6246/6246
f 6243/6243 6246/6246 6245/6245
f 6243/6243 6245/6245 6244/6244
f 4395/4395 4313/4313 4327/4327
f 5931/5931 5933/5933 5934/5934
f 4547/4547 4355/4355 4587/4587
f 4367/4367 4366/4366 4368/4368
f 4327/4327 4313/4313 4311/4311
f 5920/5920 5946/5946 5930/5930
f 4531/4531 4365/4365 4367/4367
f 4367/4367 4365/4365 4366/4366
f 1531/1531 1527/1527 1532/1532
f 522/522 539/539 541/541
f 2718/2718 2686/2686 2687/2687
f 4292/4292 4293/4293 4291/4291
f 3590/3590 3589/3589 3591/3591
f 3593/3593 3592/3592 3559/3559
f 3592/3592 3557/3557 3555/3555
f 3559/3559 3592/3592 3555/3555
f 4301/4301 4307/4307 4302/4302
f 4306/4306 4309/4309 4307/4307
f 3555/3555 3557/3557 3556/3556
f 4502/4502 4504/4504 4503/4503
f 5954/5954 5966/5966 6452/6452
f 4371/4371 4392/4392 4379/4379
f 5647/5647 5648/5648 5649/5649
f 2236/2236 2234/2234 2235/2235
f 4394/4394 4393/4393 4395/4395
f 4393/4393 4313/4313 4395/4395
f 4393/4393 4345/4345 4313/4313
f 4313/4313 4314/4314 4310/4310
f 7088/7088 7075/7075 7087/7087
f 5930/5930 5932/5932 5931/5931
f 5934/5934 6016/6016 5940/5940
f 5648/5648 5647/5647 5650/5650
f 5650/5650 5661/5661 5663/5663
f 5648/5648 5650/5650 5663/5663
f 5663/5663 5661/5661 5660/5660
f 4355/4355 4358/4358 4587/4587
f 5925/5925 5924/5924 5923/5923
f 5923/5923 5924/5924 5922/5922
f 5650/5650 5652/5652 5661/5661
f 5652/5652 5657/5657 5660/5660
f 5661/5661 5652/5652 5660/5660
f 5660/5660 5657/5657 5656/5656
f 5656/5656 5657/5657 5654/5654
f 5654/5654 5655/5655 5656/5656
f 5656/5656 5655/5655 5658/5658
f 5658/5658 5655/5655 5659/5659
f 5658/5658 5659/5659 5662/5662
f 5658/5658 5662/5662 5667/5667
f 4587/4587 4358/4358 4554/4554
f 4358/4358 4360/4360 4553/4553
f 4554/4554 4358/4358 4553/4553
f 4553/4553 4362/4362 4531/4531
f 4531/4531 4362/4362 4365/4365
f 5650/5650 5647/5647 5651/5651
f 5650/5650 5651/5651 5652/5652
f 1252/1252 1250/1250 1251/1251
f 5652/5652 5654/5654 5657/5657
f 5652/5652 5651/5651 5653/5653
f 5652/5652 5653/5653 5654/5654
f 5659/5659 5655/5655 5662/5662
f 2767/2767 2764/2764 2765/2765
f 2651/2651 2725/2725 2648/2648
f 2651/2651 2648/2648 2650/2650
f 3589/3589 3587/3587 3591/3591
f 3591/3591 3587/3587 3592/3592
f 4309/4309 4317/4317 4307/4307
f 4318/4318 4317/4317 4309/4309
f 3564/3564 3574/3574 3571/3571
f 4504/4504 4251/4251 4503/4503
f 4251/4251 4509/4509 4385/4385
f 4503/4503 4251/4251 4385/4385
f 4385/4385 4509/4509 4352/4352
f 4385/4385 4352/4352 4351/4351
f 4366/4366 4370/4370 4371/4371
f 5951/5951 5954/5954 5962/5962
f 4365/4365 4364/4364 4366/4366
f 4392/4392 4393/4393 4394/4394
f 4392/4392 4391/4391 4393/4393
f 4393/4393 4391/4391 4345/4345
f 4325/4325 4314/4314 4313/4313
f 4345/4345 4325/4325 4313/4313
f 7110/7110 7109/7109 7111/7111
f 5946/5946 5932/5932 5930/5930
f 5931/5931 5932/5932 5933/5933
f 5934/5934 5933/5933 6016/6016
f 1252/1252 1253/1253 1250/1250
f 4360/4360 4362/4362 4553/4553
f 1531/1531 1530/1530 1527/1527
f 328/328 324/324 323/323
f 323/323 324/324 308/308
f 308/308 324/324 325/325
f 2766/2766 2764/2764 2767/2767
f 2765/2765 2758/2758 2756/2756
f 2689/2689 2688/2688 2686/2686
f 2725/2725 2724/2724 2648/2648
f 2669/2669 2741/2741 2735/2735
f 2735/2735 2741/2741 2761/2761
f 4292/4292 4303/4303 4293/4293
f 4250/4250 4248/4248 4509/4509
f 4251/4251 4250/4250 4509/4509
f 4509/4509 4248/4248 4352/4352
f 4352/4352 4248/4248 4356/4356
f 6245/6245 6248/6248 6249/6249
f 4352/4352 4356/4356 4353/4353
f 4364/4364 4369/4369 4366/4366
f 4370/4370 4350/4350 4371/4371
f 4325/4325 4344/4344 4314/4314
f 5952/5952 5964/5964 5953/5953
f 5952/5952 5953/5953 5951/5951
f 5951/5951 5953/5953 5954/5954
f 6246/6246 6248/6248 6245/6245
f 4358/4358 4359/4359 4360/4360
f 4365/4365 4362/4362 4364/4364
f 4371/4371 4391/4391 4392/4392
f 4371/4371 4350/4350 4391/4391
f 5926/5926 5947/5947 5925/5925
f 7087/7087 7075/7075 7086/7086
f 5946/5946 5937/5937 5932/5932
f 5937/5937 5933/5933 5932/5932
f 1253/1253 1254/1254 1243/1243
f 1253/1253 1243/1243 1250/1250
f 1243/1243 1238/1238 1250/1250
f 1250/1250 1238/1238 1251/1251
f 1238/1238 1222/1222 1251/1251
f 1222/1222 1221/1221 1223/1223
f 1224/1224 1223/1223 1220/1220
f 1224/1224 1220/1220 1225/1225
f 1225/1225 1220/1220 1226/1226
f 417/417 398/398 388/388
f 5326/5326 5327/5327 5333/5333
f 2764/2764 2758/2758 2765/2765
f 4299/4299 4304/4304 4303/4303
f 4302/4302 4304/4304 4299/4299
f 3592/3592 3598/3598 3557/3557
f 3576/3576 3578/3578 3577/3577
f 4251/4251 4242/4242 4250/4250
f 4248/4248 4249/4249 4356/4356
f 4356/4356 4249/4249 4497/4497
f 4356/4356 4497/4497 4357/4357
f 4344/4344 4330/4330 4321/4321
f 4250/4250 4242/4242 4248/4248
f 4359/4359 4361/4361 4363/4363
f 4350/4350 4343/4343 4345/4345
f 4343/4343 4344/4344 4325/4325
f 4345/4345 4343/4343 4325/4325
f 5953/5953 5955/5955 5954/5954
f 4360/4360 4359/4359 4362/4362
f 5925/5925 5947/5947 5924/5924
f 7074/7074 7073/7073 7075/7075
f 7073/7073 7076/7076 7075/7075
f 7075/7075 7076/7076 7086/7086
f 5937/5937 5948/5948 5942/5942
f 5937/5937 5942/5942 5938/5938
f 5937/5937 5938/5938 5933/5933
f 5938/5938 6016/6016 5933/5933
f 1535/1535 1530/1530 1531/1531
f 490/490 467/467 468/468
f 417/417 422/422 398/398
f 304/304 303/303 227/227
f 233/233 242/242 414/414
f 2686/2686 2685/2685 2687/2687
f 4303/4303 4308/4308 4293/4293
f 1410/1410 1406/1406 1407/1407
f 3592/3592 3594/3594 3598/3598
f 4230/4230 4233/4233 4235/4235
f 4236/4236 4230/4230 4235/4235
f 4329/4329 4326/4326 4317/4317
f 4330/4330 4202/4202 4329/4329
f 4241/4241 4252/4252 4249/4249
f 4249/4249 4253/4253 4497/4497
f 4357/4357 4497/4497 4412/4412
f 4357/4357 4412/4412 4361/4361
f 4361/4361 4412/4412 4410/4410
f 4410/4410 4408/4408 4369/4369
f 4344/4344 4343/4343 4330/4330
f 4249/4249 4252/4252 4253/4253
f 4369/4369 4407/4407 4205/4205
f 4369/4369 4205/4205 4370/4370
f 4370/4370 4205/4205 4204/4204
f 4370/4370 4204/4204 4350/4350
f 4350/4350 4204/4204 4343/4343
f 5944/5944 5945/5945 5943/5943
f 5943/5943 5945/5945 6015/6015
f 6015/6015 5945/5945 6909/6909
f 6015/6015 6909/6909 6945/6945
f 6945/6945 6909/6909 5965/5965
f 5965/5965 5953/5953 5964/5964
f 5947/5947 6632/6632 5924/5924
f 7074/7074 7070/7070 7073/7073
f 7070/7070 7072/7072 7073/7073
f 7073/7073 7072/7072 7076/7076
f 7072/7072 7084/7084 7076/7076
f 5948/5948 6021/6021 5942/5942
f 1223/1223 1221/1221 1220/1220
f 467/467 422/422 417/417
f 5327/5327 5332/5332 5333/5333
f 2756/2756 2758/2758 2701/2701
f 4303/4303 4315/4315 4308/4308
f 5388/5388 5376/5376 5387/5387
f 3587/3587 3583/3583 3592/3592
f 3583/3583 3594/3594 3592/3592
f 4230/4230 4229/4229 4233/4233
f 4233/4233 4229/4229 4234/4234
f 4317/4317 4326/4326 4307/4307
f 4202/4202 4326/4326 4329/4329
f 4412/4412 4411/4411 4410/4410
f 4204/4204 4202/4202 4343/4343
f 4253/4253 4254/4254 4497/4497
f 4497/4497 4254/4254 4412/4412
f 4408/4408 4409/4409 4407/4407
f 4408/4408 4407/4407 4369/4369
f 7071/7071 7085/7085 7078/7078
f 7071/7071 7078/7078 7077/7077
f 7077/7077 7078/7078 7079/7079
f 6940/6940 6170/6170 5944/5944
f 6170/6170 6169/6169 5944/5944
f 5944/5944 6169/6169 5945/5945
f 5945/5945 6169/6169 6909/6909
f 7427/7427 7426/7426 7423/7423
f 6909/6909 5969/5969 5965/5965
f 5965/5965 5969/5969 5953/5953
f 5953/5953 5969/5969 5955/5955
f 1629/1629 1632/1632 1638/1638
f 1485/1485 1483/1483 1484/1484
f 7062/7062 7069/7069 7070/7070
f 1254/1254 1244/1244 1243/1243
f 1220/1220 1219/1219 1226/1226
f 488/488 489/489 490/490
f 303/303 241/241 228/228
f 2688/2688 2683/2683 2686/2686
f 2686/2686 2683/2683 2685/2685
f 2673/2673 2670/2670 2653/2653
f 4303/4303 4316/4316 4315/4315
f 3586/3586 3583/3583 3587/3587
f 4201/4201 4332/4332 4202/4202
f 4239/4239 4245/4245 4254/4254
f 7385/7385 7384/7384 7389/7389
f 4245/4245 4195/4195 4254/4254
f 5955/5955 5956/5956 5954/5954
f 6248/6248 6878/6878 6249/6249
f 7383/7383 7384/7384 7385/7385
f 4254/4254 4413/4413 4412/4412
f 4254/4254 4195/4195 4413/4413
f 4413/4413 4195/4195 4194/4194
f 4412/4412 4413/4413 4411/4411
f 4194/4194 4203/4203 4413/4413
f 4413/4413 4409/4409 4411/4411
f 4413/4413 4203/4203 4409/4409
f 4411/4411 4409/4409 4410/4410
f 4410/4410 4409/4409 4408/4408
f 4409/4409 4203/4203 4407/4407
f 4203/4203 4205/4205 4407/4407
f 7085/7085 7063/7063 7065/7065
f 6180/6180 6179/6179 6191/6191
f 6191/6191 6179/6179 6192/6192
f 7081/7081 7080/7080 7078/7078
f 7078/7078 7080/7080 7079/7079
f 7079/7079 7080/7080 7083/7083
f 6170/6170 6171/6171 6169/6169
f 6171/6171 6172/6172 6169/6169
f 6172/6172 6195/6195 6169/6169
f 7426/7426 7424/7424 7423/7423
f 7423/7423 7424/7424 7425/7425
f 5969/5969 6946/6946 5955/5955
f 7431/7431 7432/7432 7433/7433
f 6641/6641 6642/6642 5926/5926
f 7064/7064 7057/7057 7062/7062
f 7062/7062 7057/7057 7061/7061
f 7062/7062 7061/7061 7063/7063
f 7062/7062 7063/7063 7069/7069
f 7071/7071 7069/7069 7085/7085
f 1222/1222 1204/1204 1221/1221
f 1221/1221 1204/1204 1220/1220
f 1527/1527 1528/1528 1571/1571
f 468/468 467/467 417/417
f 2727/2727 2646/2646 2724/2724
f 4230/4230 4223/4223 4229/4229
f 4234/4234 4229/4229 4232/4232
f 4332/4332 4331/4331 4326/4326
f 4239/4239 4232/4232 4244/4244
f 4232/4232 4247/4247 4244/4244
f 4247/4247 4189/4189 4255/4255
f 4244/4244 4247/4247 4255/4255
f 4199/4199 4332/4332 4201/4201
f 4255/4255 4189/4189 4188/4188
f 5956/5956 5957/5957 5954/5954
f 5957/5957 5967/5967 5966/5966
f 5954/5954 5957/5957 5966/5966
f 4188/4188 4191/4191 4194/4194
f 4194/4194 4191/4191 4203/4203
f 4191/4191 4193/4193 4203/4203
f 6172/6172 6173/6173 6195/6195
f 6195/6195 6881/6881 6946/6946
f 2234/2234 2229/2229 2231/2231
f 1483/1483 1482/1482 1484/1484
f 7059/7059 7058/7058 7057/7057
f 7063/7063 7061/7061 7065/7065
f 6180/6180 6177/6177 6179/6179
f 7081/7081 7082/7082 7080/7080
f 6179/6179 6177/6177 6174/6174
f 7080/7080 7082/7082 7083/7083
f 6174/6174 6173/6173 6171/6171
f 6171/6171 6173/6173 6172/6172
f 2231/2231 2229/2229 2230/2230
f 1238/1238 1237/1237 1222/1222
f 1237/1237 1229/1229 1222/1222
f 1222/1222 1229/1229 1204/1204
f 522/522 521/521 539/539
f 2685/2685 2684/2684 2752/2752
f 2653/2653 2652/2652 2673/2673
f 3586/3586 3584/3584 3583/3583
f 3583/3583 3584/3584 3585/3585
f 1406/1406 1404/1404 1407/1407
f 4230/4230 4221/4221 4223/4223
f 1407/1407 1404/1404 1458/1458
f 4247/4247 4257/4257 4189/4189
f 4332/4332 4334/4334 4333/4333
f 4332/4332 4333/4333 4331/4331
f 1458/1458 1489/1489 1485/1485
f 4189/4189 4257/4257 4190/4190
f 4192/4192 4206/4206 4196/4196
f 4196/4196 4334/4334 4199/4199
f 4199/4199 4334/4334 4332/4332
f 1485/1485 1489/1489 1483/1483
f 6881/6881 6014/6014 5955/5955
f 7457/7457 7458/7458 7459/7459
f 5955/5955 6014/6014 5956/5956
f 6182/6182 6181/6181 6180/6180
f 7061/7061 7060/7060 7065/7065
f 6180/6180 6181/6181 6177/6177
f 6177/6177 6175/6175 6174/6174
f 6174/6174 6175/6175 6173/6173
f 6195/6195 6173/6173 6176/6176
f 6173/6173 6175/6175 6176/6176
f 6195/6195 6176/6176 6881/6881
f 2229/2229 2228/2228 2230/2230
f 2230/2230 2228/2228 2254/2254
f 1244/1244 1237/1237 1243/1243
f 1243/1243 1237/1237 1238/1238
f 1204/1204 1217/1217 1220/1220
f 1220/1220 1217/1217 1219/1219
f 1535/1535 1575/1575 1534/1534
f 1535/1535 1534/1534 1530/1530
f 325/325 332/332 304/304
f 304/304 332/332 333/333
f 228/228 241/241 233/233
f 2701/2701 2700/2700 2688/2688
f 2688/2688 2700/2700 2690/2690
f 2724/2724 2646/2646 2648/2648
f 4320/4320 4324/4324 4315/4315
f 4219/4219 4218/4218 4217/4217
f 4223/4223 4224/4224 4227/4227
f 4331/4331 4333/4333 4328/4328
f 4232/4232 4227/4227 4226/4226
f 4232/4232 4226/4226 4247/4247
f 4247/4247 4226/4226 4257/4257
f 4257/4257 4258/4258 4190/4190
f 4258/4258 4259/4259 4190/4190
f 4190/4190 4259/4259 4206/4206
f 4206/4206 4259/4259 4334/4334
f 4206/4206 4334/4334 4196/4196
f 6881/6881 6391/6391 6014/6014
f 7057/7057 7060/7060 7061/7061
f 6181/6181 6644/6644 6177/6177
f 6177/6177 6644/6644 6178/6178
f 6177/6177 6178/6178 6175/6175
f 7096/7096 7097/7097 7098/7098
f 7096/7096 7098/7098 7100/7100
f 7104/7104 7100/7100 7103/7103
f 7100/7100 7098/7098 7103/7103
f 304/304 335/335 303/303
f 2726/2726 2646/2646 2727/2727
f 2669/2669 2742/2742 2741/2741
f 4333/4333 4339/4339 4328/4328
f 4334/4334 4335/4335 4333/4333
f 4257/4257 4226/4226 4228/4228
f 4257/4257 4228/4228 4258/4258
f 4258/4258 4243/4243 4259/4259
f 4243/4243 4336/4336 4259/4259
f 4259/4259 4336/4336 4334/4334
f 7383/7383 7382/7382 7384/7384
f 6182/6182 6183/6183 6181/6181
f 6181/6181 6183/6183 6187/6187
f 6187/6187 6925/6925 6644/6644
f 6181/6181 6187/6187 6644/6644
f 7117/7117 7118/7118 7119/7119
f 7102/7102 7101/7101 7097/7097
f 6394/6394 6392/6392 6393/6393
f 324/324 326/326 325/325
f 325/325 326/326 327/327
f 327/327 332/332 325/325
f 333/333 334/334 304/304
f 2688/2688 2690/2690 2683/2683
f 2683/2683 2684/2684 2685/2685
f 4218/4218 4220/4220 4215/4215
f 4223/4223 4217/4217 4224/4224
f 4258/4258 4228/4228 4243/4243
f 5957/5957 6007/6007 5967/5967
f 7125/7125 7124/7124 7122/7122
f 7124/7124 7123/7123 7122/7122
f 7123/7123 7120/7120 7122/7122
f 7122/7122 7120/7120 7118/7118
f 6391/6391 6390/6390 6014/6014
f 7058/7058 7053/7053 7057/7057
f 6182/6182 6184/6184 6183/6183
f 6011/6011 6012/6012 6644/6644
f 7101/7101 7099/7099 7097/7097
f 7097/7097 7099/7099 7098/7098
f 6596/6596 6392/6392 6394/6394
f 2229/2229 2227/2227 2228/2228
f 1237/1237 1235/1235 1229/1229
f 1217/1217 1218/1218 1219/1219
f 374/374 329/329 328/328
f 304/304 334/334 335/335
f 2758/2758 2700/2700 2701/2701
f 4215/4215 4213/4213 4214/4214
f 4335/4335 4338/4338 4339/4339
f 4226/4226 4224/4224 4209/4209
f 1458/1458 1404/1404 1489/1489
f 4209/4209 4228/4228 4226/4226
f 4228/4228 4225/4225 4231/4231
f 4228/4228 4231/4231 4243/4243
f 5956/5956 5958/5958 5957/5957
f 7125/7125 7126/7126 7124/7124
f 6188/6188 6189/6189 6190/6190
f 6190/6190 6189/6189 6193/6193
f 6189/6189 6374/6374 6194/6194
f 6193/6193 6189/6189 6194/6194
f 7120/7120 7121/7121 7119/7119
f 7128/7128 7130/7130 7129/7129
f 6390/6390 6923/6923 5959/5959
f 6390/6390 5959/5959 6014/6014
f 5959/5959 5958/5958 5956/5956
f 6014/6014 5959/5959 5956/5956
f 7053/7053 7055/7055 7057/7057
f 7057/7057 7055/7055 7060/7060
f 6182/6182 6185/6185 6184/6184
f 6011/6011 6010/6010 6012/6012
f 6012/6012 6010/6010 6009/6009
f 6012/6012 6009/6009 6596/6596
f 6009/6009 6018/6018 6596/6596
f 332/332 337/337 333/333
f 521/521 537/537 539/539
f 2684/2684 2681/2681 2704/2704
f 2647/2647 2646/2646 2726/2726
f 2646/2646 2645/2645 2648/2648
f 2645/2645 2649/2649 2648/2648
f 2648/2648 2649/2649 2650/2650
f 2650/2650 2649/2649 2652/2652
f 2669/2669 2671/2671 2742/2742
f 4337/4337 4338/4338 4335/4335
f 6923/6923 6035/6035 5959/5959
f 6188/6188 6184/6184 6186/6186
f 6188/6188 6186/6186 6189/6189
f 7055/7055 7056/7056 7067/7067
f 6184/6184 6185/6185 6186/6186
f 6189/6189 6186/6186 6374/6374
f 7067/7067 7056/7056 7068/7068
f 6374/6374 6013/6013 6011/6011
f 6013/6013 6008/6008 6011/6011
f 6011/6011 6008/6008 6010/6010
f 6010/6010 6008/6008 6009/6009
f 6009/6009 6008/6008 5974/5974
f 6009/6009 5974/5974 6018/6018
f 6018/6018 6035/6035 6923/6923
f 6018/6018 5974/5974 6035/6035
f 2228/2228 2249/2249 2254/2254
f 1244/1244 1245/1245 1237/1237
f 1534/1534 1525/1525 1530/1530
f 326/326 324/324 343/343
f 326/326 345/345 327/327
f 2046/2046 2036/2036 2033/2033
f 2046/2046 2033/2033 2041/2041
f 7557/7557 7541/7541 7543/7543
f 2041/2041 2033/2033 2039/2039
f 2039/2039 2033/2033 2038/2038
f 2034/2034 2035/2035 2038/2038
f 2033/2033 2034/2034 2038/2038
f 2033/2033 2031/2031 2034/2034
f 7543/7543 7541/7541 7542/7542
f 2034/2034 2031/2031 2035/2035
f 2036/2036 2028/2028 2033/2033
f 2036/2036 2037/2037 2028/2028
f 2033/2033 2028/2028 2031/2031
f 333/333 381/381 334/334
f 303/303 335/335 241/241
f 233/233 241/241 242/242
f 2683/2683 2681/2681 2684/2684
f 2704/2704 2681/2681 2729/2729
f 2729/2729 2681/2681 2728/2728
f 7381/7381 7382/7382 7383/7383
f 5968/5968 5963/5963 5959/5959
f 6035/6035 5968/5968 5959/5959
f 5959/5959 5963/5963 5958/5958
f 2229/2229 2232/2232 2227/2227
f 7055/7055 7053/7053 7054/7054
f 7055/7055 7054/7054 7056/7056
f 6455/6455 5976/5976 6013/6013
f 6013/6013 5976/5976 6008/6008
f 5976/5976 5974/5974 6008/6008
f 5974/5974 5973/5973 6035/6035
f 6035/6035 5973/5973 5968/5968
f 1525/1525 1526/1526 1527/1527
f 1530/1530 1525/1525 1527/1527
f 388/388 373/373 374/374
f 324/324 344/344 343/343
f 7570/7570 7571/7571 7552/7552
f 7570/7570 7552/7552 7557/7557
f 343/343 357/357 326/326
f 2046/2046 2041/2041 2045/2045
f 7552/7552 7539/7539 7557/7557
f 2045/2045 2039/2039 2043/2043
f 2043/2043 2039/2039 2042/2042
f 326/326 357/357 345/345
f 2039/2039 2038/2038 2042/2042
f 2042/2042 2038/2038 2044/2044
f 2038/2038 2040/2040 2044/2044
f 7557/7557 7539/7539 7541/7541
f 7541/7541 7539/7539 7540/7540
f 2038/2038 2035/2035 2040/2040
f 7540/7540 7544/7544 7542/7542
f 7541/7541 7540/7540 7542/7542
f 2031/2031 2032/2032 2035/2035
f 2031/2031 2029/2029 2032/2032
f 2037/2037 2030/2030 2028/2028
f 7542/7542 7544/7544 7545/7545
f 2031/2031 2028/2028 2027/2027
f 2031/2031 2027/2027 2029/2029
f 337/337 359/359 333/333
f 2030/2030 2025/2025 2028/2028
f 2028/2028 2025/2025 2027/2027
f 2647/2647 2644/2644 2646/2646
f 2649/2649 2673/2673 2652/2652
f 4209/4209 4222/4222 4225/4225
f 4225/4225 4222/4222 4238/4238
f 6878/6878 6727/6727 6728/6728
f 5976/5976 5975/5975 5974/5974
f 1235/1235 1230/1230 1229/1229
f 1229/1229 1230/1230 1204/1204
f 329/329 324/324 328/328
f 2056/2056 2045/2045 2050/2050
f 2045/2045 2043/2043 2050/2050
f 2050/2050 2043/2043 2049/2049
f 2049/2049 2042/2042 2048/2048
f 2043/2043 2042/2042 2049/2049
f 2042/2042 2047/2047 2048/2048
f 2042/2042 2044/2044 2047/2047
f 2027/2027 2026/2026 2029/2029
f 2030/2030 2012/2012 2025/2025
f 7545/7545 7544/7544 7549/7549
f 7545/7545 7549/7549 7558/7558
f 2025/2025 2024/2024 2027/2027
f 2027/2027 2024/2024 2026/2026
f 2025/2025 2012/2012 2007/2007
f 333/333 359/359 381/381
f 335/335 225/225 241/241
f 451/451 472/472 521/521
f 2766/2766 2763/2763 2764/2764
f 2764/2764 2763/2763 2758/2758
f 2683/2683 2682/2682 2681/2681
f 2681/2681 2678/2678 2728/2728
f 2728/2728 2678/2678 2730/2730
f 2644/2644 2645/2645 2646/2646
f 2669/2669 2670/2670 2671/2671
f 5958/5958 5961/5961 5957/5957
f 5963/5963 6006/6006 5958/5958
f 5958/5958 6006/6006 5961/5961
f 6725/6725 6727/6727 6878/6878
f 5977/5977 5975/5975 5976/5976
f 5975/5975 5971/5971 5974/5974
f 5974/5974 5971/5971 5973/5973
f 5973/5973 5971/5971 5968/5968
f 5971/5971 5970/5970 5968/5968
f 7053/7053 7051/7051 7054/7054
f 1204/1204 1206/1206 1217/1217
f 1206/1206 1207/1207 1217/1217
f 324/324 346/346 344/344
f 2056/2056 2050/2050 2055/2055
f 7529/7529 7552/7552 7571/7571
f 2048/2048 2047/2047 2051/2051
f 7552/7552 7535/7535 7539/7539
f 7535/7535 7538/7538 7539/7539
f 7538/7538 7553/7553 7540/7540
f 7539/7539 7538/7538 7540/7540
f 1714/1714 1724/1724 1715/1715
f 1715/1715 1725/1725 1708/1708
f 1715/1715 1724/1724 1725/1725
f 1708/1708 1725/1725 1726/1726
f 1708/1708 1726/1726 1710/1710
f 7540/7540 7553/7553 7546/7546
f 7546/7546 7547/7547 7544/7544
f 2026/2026 2024/2024 2023/2023
f 2025/2025 2007/2007 2024/2024
f 2005/2005 2023/2023 2024/2024
f 7558/7558 7549/7549 7559/7559
f 2012/2012 2006/2006 2007/2007
f 2007/2007 2005/2005 2024/2024
f 414/414 415/415 451/451
f 2690/2690 2691/2691 2683/2683
f 2678/2678 2679/2679 2731/2731
f 2730/2730 2678/2678 2731/2731
f 2680/2680 2679/2679 2644/2644
f 2644/2644 2647/2647 2710/2710
f 2680/2680 2644/2644 2710/2710
f 5957/5957 5961/5961 6007/6007
f 6455/6455 5981/5981 5976/5976
f 7053/7053 7052/7052 7051/7051
f 1245/1245 1240/1240 1237/1237
f 1237/1237 1240/1240 1235/1235
f 1534/1534 1533/1533 1525/1525
f 329/329 330/330 324/324
f 324/324 330/330 346/346
f 7550/7550 7529/7529 7571/7571
f 7572/7572 7550/7550 7571/7571
f 2055/2055 2050/2050 2054/2054
f 2054/2054 2050/2050 2049/2049
f 2054/2054 2049/2049 2053/2053
f 2053/2053 2049/2049 2052/2052
f 2049/2049 2048/2048 2052/2052
f 2052/2052 2048/2048 2051/2051
f 7529/7529 7535/7535 7552/7552
f 1713/1713 1707/1707 1720/1720
f 1720/1720 1707/1707 1719/1719
f 1707/1707 1716/1716 1719/1719
f 7535/7535 7537/7537 7538/7538
f 1707/1707 1709/1709 1716/1716
f 1721/1721 1711/1711 1741/1741
f 1713/1713 1715/1715 1707/1707
f 1709/1709 1711/1711 1716/1716
f 1713/1713 1714/1714 1715/1715
f 1707/1707 1715/1715 1708/1708
f 1707/1707 1708/1708 1709/1709
f 1709/1709 1710/1710 1711/1711
f 1711/1711 1712/1712 1741/1741
f 1717/1717 1714/1714 1713/1713
f 1710/1710 1712/1712 1711/1711
f 1717/1717 1754/1754 1727/1727
f 1717/1717 1723/1723 1714/1714
f 1714/1714 1723/1723 1724/1724
f 1710/1710 1726/1726 1722/1722
f 1710/1710 1722/1722 1712/1712
f 1722/1722 1728/1728 1712/1712
f 1717/1717 1727/1727 1723/1723
f 1723/1723 1729/1729 1724/1724
f 1724/1724 1729/1729 1725/1725
f 1729/1729 1730/1730 1725/1725
f 1725/1725 1730/1730 1731/1731
f 1725/1725 1731/1731 1726/1726
f 7548/7548 7569/7569 7549/7549
f 7544/7544 7548/7548 7549/7549
f 2005/2005 2009/2009 2023/2023
f 7549/7549 7560/7560 7559/7559
f 2006/2006 2002/2002 2007/2007
f 2007/2007 2002/2002 2005/2005
f 242/242 415/415 414/414
f 472/472 537/537 521/521
f 2683/2683 2691/2691 2682/2682
f 6774/6774 6769/6769 6770/6770
f 5963/5963 6820/6820 6006/6006
f 5976/5976 5978/5978 5977/5977
f 5975/5975 6629/6629 5971/5971
f 2227/2227 2225/2225 2228/2228
f 2228/2228 2225/2225 2249/2249
f 1527/1527 1526/1526 1528/1528
f 374/374 373/373 329/329
f 7536/7536 7537/7537 7535/7535
f 1718/1718 1713/1713 1758/1758
f 1758/1758 1713/1713 1720/1720
f 1720/1720 1719/1719 1757/1757
f 1757/1757 1719/1719 1756/1756
f 1719/1719 1716/1716 1756/1756
f 1716/1716 1711/1711 1721/1721
f 1718/1718 1717/1717 1713/1713
f 1768/1768 1717/1717 1718/1718
f 1768/1768 1767/1767 1717/1717
f 1717/1717 1767/1767 1754/1754
f 1727/1727 1732/1732 1723/1723
f 1727/1727 1754/1754 1734/1734
f 1727/1727 1734/1734 1732/1732
f 1723/1723 1732/1732 1729/1729
f 1726/1726 1731/1731 1733/1733
f 1726/1726 1733/1733 1722/1722
f 1722/1722 1733/1733 1728/1728
f 1734/1734 1735/1735 1732/1732
f 1735/1735 1736/1736 1732/1732
f 1732/1732 1736/1736 1729/1729
f 1736/1736 1730/1730 1729/1729
f 1731/1731 1737/1737 1733/1733
f 1735/1735 1738/1738 1736/1736
f 1736/1736 1738/1738 1730/1730
f 1730/1730 1738/1738 1739/1739
f 1739/1739 1731/1731 1730/1730
f 1731/1731 1739/1739 1737/1737
f 7569/7569 7561/7561 7549/7549
f 7549/7549 7561/7561 7560/7560
f 2006/2006 2003/2003 2002/2002
f 2002/2002 2004/2004 2005/2005
f 2011/2011 2003/2003 2006/2006
f 241/241 243/243 242/242
f 1398/1398 1397/1397 1404/1404
f 1403/1403 1405/1405 1404/1404
f 1404/1404 1405/1405 1489/1489
f 1489/1489 1497/1497 1483/1483
f 6769/6769 6730/6730 6770/6770
f 6725/6725 6726/6726 6727/6727
f 1207/1207 1218/1218 1217/1217
f 489/489 486/486 467/467
f 398/398 373/373 388/388
f 1994/1994 1996/1996 1995/1995
f 1996/1996 1997/1997 1995/1995
f 1997/1997 1999/1999 1998/1998
f 7550/7550 7528/7528 7529/7529
f 7529/7529 7534/7534 7535/7535
f 7535/7535 7534/7534 7536/7536
f 1759/1759 1720/1720 1757/1757
f 1760/1760 1718/1718 1758/1758
f 1759/1759 1758/1758 1720/1720
f 1756/1756 1716/1716 1721/1721
f 1770/1770 1768/1768 1718/1718
f 1754/1754 1755/1755 1734/1734
f 1755/1755 1744/1744 1734/1734
f 1744/1744 1740/1740 1734/1734
f 1734/1734 1740/1740 1735/1735
f 1735/1735 1740/1740 1738/1738
f 1737/1737 1739/1739 1743/1743
f 1740/1740 1742/1742 1738/1738
f 1738/1738 1742/1742 1739/1739
f 1742/1742 1745/1745 1739/1739
f 2005/2005 2008/2008 2009/2009
f 2002/2002 2003/2003 2004/2004
f 2013/2013 2010/2010 2003/2003
f 2011/2011 2013/2013 2003/2003
f 242/242 244/244 415/415
f 451/451 415/415 472/472
f 2775/2775 2763/2763 2766/2766
f 2678/2678 2644/2644 2679/2679
f 6727/6727 6726/6726 6728/6728
f 1483/1483 1481/1481 1482/1482
f 5976/5976 5981/5981 5978/5978
f 5977/5977 5982/5982 5975/5975
f 5975/5975 5982/5982 6629/6629
f 5971/5971 6629/6629 5972/5972
f 5971/5971 5972/5972 5970/5970
f 7529/7529 7530/7530 7534/7534
f 1765/1765 1760/1760 1758/1758
f 1765/1765 1759/1759 1761/1761
f 1761/1761 1759/1759 1757/1757
f 1761/1761 1757/1757 1756/1756
f 1761/1761 1756/1756 1762/1762
f 1762/1762 1756/1756 1763/1763
f 1763/1763 1756/1756 1764/1764
f 1772/1772 1718/1718 1760/1760
f 1385/1385 1383/1383 1377/1377
f 1770/1770 1767/1767 1768/1768
f 1770/1770 1771/1771 1767/1767
f 1767/1767 1769/1769 1754/1754
f 1769/1769 1755/1755 1754/1754
f 1373/1373 1375/1375 1381/1381
f 1739/1739 1745/1745 1743/1743
f 1740/1740 1746/1746 1742/1742
f 1742/1742 1746/1746 1745/1745
f 2003/2003 2010/2010 2004/2004
f 335/335 336/336 225/225
f 2682/2682 2677/2677 2681/2681
f 2681/2681 2677/2677 2678/2678
f 1404/1404 1397/1397 1403/1403
f 1497/1497 1481/1481 1483/1483
f 6728/6728 6769/6769 6774/6774
f 5978/5978 5979/5979 5977/5977
f 5977/5977 5979/5979 5982/5982
f 486/486 466/466 467/467
f 467/467 466/466 422/422
f 329/329 331/331 330/330
f 7532/7532 7528/7528 7550/7550
f 1760/1760 1765/1765 1766/1766
f 1818/1818 1825/1825 1817/1817
f 1817/1817 1825/1825 1820/1820
f 1819/1819 1821/1821 1824/1824
f 1819/1819 1824/1824 1822/1822
f 1391/1391 1390/1390 1383/1383
f 1383/1383 1335/1335 1377/1377
f 1377/1377 1335/1335 1351/1351
f 1351/1351 1344/1344 1366/1366
f 1366/1366 1344/1344 1353/1353
f 1381/1381 1375/1375 1380/1380
f 1744/1744 1750/1750 1748/1748
f 1744/1744 1748/1748 1740/1740
f 1745/1745 1753/1753 1749/1749
f 1745/1745 1749/1749 1743/1743
f 1748/1748 1747/1747 1740/1740
f 1747/1747 1746/1746 1740/1740
f 1747/1747 1751/1751 1746/1746
f 1746/1746 1751/1751 1745/1745
f 1751/1751 1752/1752 1745/1745
f 1745/1745 1752/1752 1753/1753
f 7564/7564 7562/7562 7561/7561
f 7561/7561 7562/7562 7560/7560
f 2008/2008 2004/2004 2014/2014
f 7560/7560 7562/7562 7563/7563
f 2013/2013 2015/2015 2010/2010
f 2015/2015 2016/2016 2010/2010
f 2010/2010 2016/2016 2004/2004
f 2016/2016 2014/2014 2004/2004
f 2678/2678 2677/2677 2644/2644
f 1398/1398 1393/1393 1397/1397
f 7325/7325 7323/7323 7324/7324
f 7324/7324 7323/7323 7317/7317
f 6142/6142 6140/6140 6143/6143
f 6143/6143 6140/6140 6145/6145
f 5981/5981 5980/5980 5978/5978
f 5972/5972 6019/6019 5970/5970
f 7531/7531 7528/7528 7532/7532
f 1961/1961 1998/1998 1956/1956
f 1818/1818 1817/1817 1813/1813
f 1335/1335 1383/1383 1382/1382
f 1351/1351 1335/1335 1344/1344
f 1353/1353 1344/1344 1336/1336
f 1352/1352 1373/1373 1353/1353
f 1353/1353 1336/1336 1352/1352
f 1352/1352 1375/1375 1373/1373
f 1375/1375 1374/1374 1380/1380
f 2013/2013 2018/2018 2015/2015
f 336/336 222/222 225/225
f 225/225 302/302 241/241
f 241/241 302/302 243/243
f 7325/7325 7327/7327 7323/7323
f 1481/1481 1480/1480 1482/1482
f 2225/2225 2250/2250 2249/2249
f 1245/1245 1246/1246 1240/1240
f 1575/1575 1533/1533 1534/1534
f 1525/1525 1529/1529 1526/1526
f 499/499 485/485 488/488
f 329/329 373/373 358/358
f 329/329 358/358 331/331
f 7531/7531 7527/7527 7528/7528
f 7526/7526 7530/7530 7529/7529
f 1812/1812 1828/1828 1818/1818
f 1818/1818 1828/1828 1844/1844
f 1382/1382 1367/1367 1335/1335
f 1335/1335 1367/1367 1345/1345
f 1335/1335 1336/1336 1344/1344
f 1352/1352 1374/1374 1375/1375
f 1893/1893 1887/1887 1894/1894
f 7562/7562 7566/7566 7565/7565
f 7562/7562 7565/7565 7563/7563
f 2015/2015 2017/2017 2016/2016
f 2016/2016 2017/2017 2014/2014
f 2013/2013 2022/2022 2018/2018
f 243/243 244/244 242/242
f 2691/2691 2677/2677 2682/2682
f 2649/2649 2639/2639 2673/2673
f 2673/2673 2639/2639 2670/2670
f 2232/2232 2223/2223 2227/2227
f 6142/6142 6139/6139 6140/6140
f 7089/7089 7090/7090 7091/7091
f 2227/2227 2223/2223 2225/2225
f 5979/5979 6026/6026 5982/5982
f 5982/5982 6026/6026 6629/6629
f 1578/1578 1533/1533 1575/1575
f 7531/7531 7555/7555 7527/7527
f 7527/7527 7526/7526 7528/7528
f 1352/1352 1350/1350 1374/1374
f 1888/1888 1886/1886 1892/1892
f 1892/1892 1886/1886 1891/1891
f 1891/1891 1886/1886 1884/1884
f 1891/1891 1884/1884 1893/1893
f 2017/2017 2019/2019 2014/2014
f 2022/2022 2020/2020 2018/2018
f 2018/2018 2020/2020 2015/2015
f 2020/2020 2017/2017 2015/2015
f 2677/2677 2674/2674 2644/2644
f 7317/7317 7318/7318 7319/7319
f 5980/5980 5979/5979 5978/5978
f 398/398 397/397 373/373
f 373/373 375/375 358/358
f 7555/7555 7522/7522 7527/7527
f 7527/7527 7522/7522 7526/7526
f 1384/1384 1367/1367 1382/1382
f 1352/1352 1336/1336 1350/1350
f 1908/1908 1907/1907 1890/1890
f 1890/1890 1882/1882 1889/1889
f 1882/1882 1879/1879 1889/1889
f 1889/1889 1879/1879 1888/1888
f 1893/1893 1884/1884 1887/1887
f 1888/1888 1869/1869 1886/1886
f 7567/7567 7568/7568 7566/7566
f 2020/2020 2021/2021 2017/2017
f 2021/2021 2019/2019 2017/2017
f 2645/2645 2643/2643 2649/2649
f 1393/1393 1395/1395 1397/1397
f 1405/1405 1498/1498 1489/1489
f 1498/1498 1497/1497 1489/1489
f 6728/6728 6720/6720 6769/6769
f 2232/2232 2233/2233 2223/2223
f 7066/7066 7048/7048 7052/7052
f 7052/7052 7048/7048 7051/7051
f 7090/7090 7092/7092 7091/7091
f 7522/7522 7525/7525 7526/7526
f 1384/1384 1349/1349 1367/1367
f 1336/1336 1334/1334 1350/1350
f 1334/1334 1376/1376 1374/1374
f 1350/1350 1334/1334 1374/1374
f 1907/1907 1882/1882 1890/1890
f 1888/1888 1879/1879 1869/1869
f 1886/1886 1869/1869 1871/1871
f 1886/1886 1871/1871 1884/1884
f 1884/1884 1885/1885 1887/1887
f 7566/7566 7573/7573 7565/7565
f 2021/2021 2058/2058 2019/2019
f 2022/2022 2057/2057 2020/2020
f 222/222 224/224 225/225
f 2644/2644 2643/2643 2645/2645
f 1397/1397 1401/1401 1403/1403
f 1498/1498 1481/1481 1497/1497
f 6140/6140 6141/6141 6145/6145
f 7051/7051 7048/7048 7050/7050
f 6026/6026 5985/5985 5990/5990
f 7091/7091 7092/7092 7093/7093
f 7091/7091 7093/7093 7094/7094
f 1240/1240 1234/1234 1235/1235
f 1230/1230 1205/1205 1204/1204
f 1578/1578 1577/1577 1533/1533
f 373/373 376/376 375/375
f 7555/7555 7551/7551 7522/7522
f 1804/1804 1823/1823 1812/1812
f 1804/1804 1812/1812 1809/1809
f 1823/1823 1828/1828 1812/1812
f 1349/1349 1332/1332 1345/1345
f 1367/1367 1349/1349 1345/1345
f 1345/1345 1332/1332 1335/1335
f 1332/1332 1334/1334 1335/1335
f 1335/1335 1334/1334 1336/1336
f 1334/1334 1359/1359 1376/1376
f 1884/1884 1873/1873 1885/1885
f 1871/1871 1873/1873 1884/1884
f 2058/2058 2059/2059 2019/2019
f 7573/7573 7574/7574 7565/7565
f 2020/2020 2057/2057 2021/2021
f 2021/2021 2057/2057 2058/2058
f 224/224 226/226 225/225
f 225/225 351/351 302/302
f 415/415 244/244 411/411
f 415/415 411/411 452/452
f 415/415 452/452 472/472
f 1397/1397 1395/1395 1401/1401
f 7317/7317 7320/7320 7318/7318
f 5980/5980 5983/5983 5979/5979
f 5983/5983 5984/5984 5979/5979
f 1526/1526 1556/1556 1528/1528
f 489/489 485/485 486/486
f 422/422 407/407 398/398
f 1963/1963 1948/1948 1957/1957
f 7522/7522 7523/7523 7525/7525
f 1823/1823 1829/1829 1828/1828
f 1881/1881 1879/1879 1882/1882
f 1869/1869 1870/1870 1871/1871
f 7568/7568 7573/7573 7566/7566
f 2022/2022 2082/2082 2057/2057
f 222/222 223/223 224/224
f 225/225 226/226 350/350
f 225/225 350/350 351/351
f 452/452 517/517 472/472
f 472/472 517/517 537/537
f 537/537 517/517 538/538
f 2670/2670 2672/2672 2671/2671
f 6038/6038 6900/6900 6905/6905
f 7327/7327 7328/7328 7323/7323
f 7048/7048 7049/7049 7050/7050
f 5984/5984 5983/5983 5985/5985
f 5984/5984 5985/5985 6026/6026
f 5990/5990 5994/5994 5995/5995
f 1204/1204 1205/1205 1206/1206
f 1207/1207 1209/1209 1218/1218
f 397/397 382/382 373/373
f 373/373 382/382 376/376
f 7551/7551 7524/7524 7522/7522
f 7522/7522 7520/7520 7523/7523
f 1879/1879 1875/1875 1869/1869
f 1869/1869 1875/1875 1870/1870
f 1870/1870 1872/1872 1871/1871
f 1871/1871 1872/1872 1873/1873
f 1873/1873 1874/1874 1885/1885
f 7568/7568 7645/7645 7573/7573
f 2082/2082 2081/2081 2057/2057
f 2081/2081 2063/2063 2057/2057
f 2057/2057 2063/2063 2058/2058
f 2060/2060 2061/2061 2059/2059
f 2058/2058 2060/2060 2059/2059
f 2763/2763 2759/2759 2758/2758
f 2644/2644 2642/2642 2643/2643
f 7328/7328 7326/7326 7323/7323
f 7326/7326 7320/7320 7323/7323
f 6725/6725 6722/6722 6726/6726
f 5985/5985 5988/5988 5990/5990
f 5990/5990 5988/5988 5994/5994
f 1529/1529 1556/1556 1526/1526
f 422/422 429/429 407/407
f 398/398 407/407 397/397
f 1804/1804 1799/1799 1823/1823
f 1334/1334 1338/1338 1359/1359
f 1909/1909 1906/1906 1907/1907
f 1907/1907 1906/1906 1882/1882
f 1881/1881 1875/1875 1879/1879
f 2063/2063 2060/2060 2058/2058
f 2064/2064 2062/2062 2063/2063
f 2080/2080 2067/2067 2064/2064
f 2067/2067 2065/2065 2064/2064
f 2064/2064 2065/2065 2062/2062
f 7576/7576 7580/7580 7581/7581
f 7576/7576 7578/7578 7579/7579
f 7576/7576 7579/7579 7580/7580
f 2062/2062 2065/2065 2066/2066
f 2070/2070 2073/2073 2065/2065
f 2065/2065 2073/2073 2066/2066
f 2066/2066 2073/2073 2076/2076
f 7580/7580 7582/7582 7581/7581
f 2067/2067 2078/2078 2068/2068
f 2067/2067 2068/2068 2065/2065
f 7580/7580 7583/7583 7582/7582
f 7580/7580 7579/7579 7583/7583
f 2068/2068 2070/2070 2065/2065
f 7582/7582 7583/7583 7640/7640
f 2070/2070 2072/2072 2073/2073
f 2073/2073 2072/2072 2075/2075
f 7583/7583 7641/7641 7640/7640
f 7583/7583 7646/7646 7641/7641
f 7641/7641 7642/7642 7640/7640
f 2068/2068 2077/2077 2071/2071
f 2068/2068 2071/2071 2070/2070
f 2071/2071 2072/2072 2070/2070
f 3019/3019 3022/3022 3026/3026
f 3020/3020 3017/3017 3019/3019
f 351/351 354/354 302/302
f 302/302 354/354 243/243
f 2775/2775 2774/2774 2763/2763
f 2644/2644 2674/2674 2642/2642
f 1393/1393 1394/1394 1395/1395
f 5988/5988 5989/5989 5993/5993
f 5988/5988 5993/5993 6038/6038
f 6038/6038 5993/5993 6900/6900
f 6139/6139 6138/6138 6140/6140
f 6140/6140 6138/6138 6141/6141
f 7066/7066 7047/7047 7048/7048
f 7048/7048 7047/7047 7044/7044
f 7048/7048 7044/7044 7049/7049
f 5991/5991 5986/5986 5983/5983
f 5983/5983 5986/5986 5985/5985
f 5986/5986 5987/5987 5985/5985
f 5985/5985 5987/5987 5988/5988
f 7551/7551 7554/7554 7524/7524
f 1349/1349 1343/1343 1332/1332
f 1332/1332 1343/1343 1341/1341
f 1338/1338 1363/1363 1359/1359
f 1882/1882 1906/1906 1880/1880
f 1882/1882 1880/1880 1881/1881
f 1872/1872 1874/1874 1873/1873
f 7645/7645 7575/7575 7573/7573
f 2082/2082 2080/2080 2081/2081
f 7575/7575 7577/7577 7576/7576
f 7574/7574 7575/7575 7576/7576
f 2061/2061 2074/2074 2059/2059
f 7576/7576 7577/7577 7578/7578
f 2063/2063 2062/2062 2060/2060
f 2060/2060 2062/2062 2061/2061
f 2061/2061 2069/2069 2074/2074
f 2069/2069 2079/2079 2074/2074
f 610/610 224/224 223/223
f 2062/2062 2066/2066 2061/2061
f 2061/2061 2066/2066 2069/2069
f 2069/2069 2076/2076 2079/2079
f 7578/7578 7577/7577 7579/7579
f 2066/2066 2076/2076 2069/2069
f 3019/3019 3017/3017 3018/3018
f 5335/5335 5297/5297 5283/5283
f 2763/2763 2774/2774 2762/2762
f 2758/2758 2759/2759 2700/2700
f 6726/6726 6722/6722 6728/6728
f 6202/6202 6199/6199 6201/6201
f 6201/6201 6199/6199 6200/6200
f 7045/7045 7039/7039 7041/7041
f 7039/7039 7040/7040 7041/7041
f 7041/7041 7040/7040 7042/7042
f 5992/5992 6601/6601 5989/5989
f 6601/6601 6027/6027 5989/5989
f 6027/6027 6024/6024 5989/5989
f 5989/5989 6024/6024 5993/5993
f 6024/6024 6025/6025 5993/5993
f 6141/6141 6197/6197 6198/6198
f 466/466 429/429 422/422
f 7524/7524 7521/7521 7522/7522
f 7522/7522 7521/7521 7520/7520
f 1356/1356 1355/1355 1343/1343
f 1356/1356 1343/1343 1349/1349
f 1332/1332 1333/1333 1334/1334
f 1333/1333 1337/1337 1334/1334
f 1334/1334 1337/1337 1338/1338
f 1872/1872 1877/1877 1874/1874
f 1875/1875 1878/1878 1876/1876
f 1875/1875 1876/1876 1870/1870
f 1870/1870 1876/1876 1872/1872
f 1876/1876 1877/1877 1872/1872
f 7577/7577 7584/7584 7579/7579
f 7579/7579 7638/7638 7583/7583
f 7638/7638 7649/7649 7646/7646
f 7583/7583 7638/7638 7646/7646
f 7646/7646 7649/7649 7643/7643
f 7646/7646 7643/7643 7641/7641
f 7641/7641 7643/7643 7642/7642
f 3023/3023 3028/3028 3024/3024
f 3023/3023 3024/3024 3021/3021
f 3024/3024 3025/3025 3021/3021
f 3021/3021 3025/3025 3017/3017
f 3018/3018 3008/3008 3022/3022
f 2638/2638 2672/2672 2670/2670
f 6199/6199 6148/6148 6200/6200
f 7040/7040 7032/7032 7034/7034
f 6027/6027 6028/6028 6024/6024
f 6725/6725 6723/6723 6722/6722
f 6139/6139 6136/6136 6138/6138
f 6141/6141 6148/6148 6197/6197
f 6202/6202 6197/6197 6199/6199
f 7038/7038 7032/7032 7039/7039
f 7039/7039 7032/7032 7040/7040
f 7032/7032 7038/7038 7037/7037
f 7521/7521 7517/7517 7520/7520
f 7520/7520 7517/7517 7519/7519
f 1881/1881 1880/1880 1875/1875
f 1880/1880 1878/1878 1875/1875
f 7575/7575 7584/7584 7577/7577
f 7579/7579 7629/7629 7638/7638
f 5508/5508 5503/5503 5507/5507
f 5507/5507 5503/5503 5506/5506
f 3028/3028 3027/3027 3024/3024
f 3024/3024 3027/3027 3025/3025
f 3027/3027 3006/3006 3025/3025
f 3025/3025 3006/3006 3017/3017
f 3017/3017 3006/3006 3008/3008
f 420/420 355/355 354/354
f 354/354 355/355 243/243
f 2763/2763 2762/2762 2759/2759
f 2643/2643 2639/2639 2649/2649
f 2639/2639 2638/2638 2670/2670
f 1405/1405 1438/1438 1498/1498
f 6720/6720 6718/6718 6769/6769
f 1477/1477 1476/1476 1480/1480
f 1481/1481 1477/1477 1480/1480
f 6028/6028 6207/6207 6024/6024
f 6138/6138 6144/6144 6141/6141
f 6141/6141 6144/6144 6147/6147
f 6141/6141 6147/6147 6148/6148
f 6148/6148 6459/6459 6200/6200
f 6148/6148 6147/6147 6160/6160
f 6148/6148 6160/6160 6459/6459
f 6459/6459 6160/6160 6914/6914
f 6160/6160 6915/6915 6914/6914
f 7037/7037 7026/7026 7032/7032
f 7026/7026 7028/7028 7032/7032
f 7032/7032 7033/7033 7034/7034
f 7032/7032 7028/7028 7033/7033
f 6027/6027 6029/6029 6028/6028
f 6029/6029 6033/6033 6031/6031
f 6029/6029 6030/6030 6028/6028
f 6029/6029 6031/6031 6030/6030
f 2223/2223 2224/2224 2225/2225
f 2225/2225 2224/2224 2250/2250
f 1577/1577 1540/1540 1533/1533
f 397/397 377/377 382/382
f 1880/1880 1895/1895 1878/1878
f 1878/1878 1883/1883 1876/1876
f 1876/1876 1883/1883 1877/1877
f 1877/1877 1883/1883 1874/1874
f 1883/1883 1898/1898 1874/1874
f 7645/7645 7589/7589 7575/7575
f 7584/7584 7627/7627 7579/7579
f 5751/5751 5752/5752 5753/5753
f 7633/7633 7634/7634 7635/7635
f 5678/5678 5679/5679 5680/5680
f 5668/5668 5669/5669 5670/5670
f 3006/3006 3007/3007 3008/3008
f 3008/3008 3007/3007 3009/3009
f 2677/2677 2694/2694 2674/2674
f 7320/7320 7321/7321 7318/7318
f 6722/6722 6720/6720 6728/6728
f 6207/6207 6039/6039 6024/6024
f 6024/6024 6039/6039 6025/6025
f 6144/6144 6158/6158 6147/6147
f 6147/6147 6158/6158 6160/6160
f 6160/6160 6158/6158 6457/6457
f 7035/7035 7029/7029 7026/7026
f 7026/7026 7029/7029 7027/7027
f 7026/7026 7027/7027 7028/7028
f 7028/7028 7027/7027 7036/7036
f 6033/6033 6032/6032 6031/6031
f 6032/6032 6034/6034 6030/6030
f 6031/6031 6032/6032 6030/6030
f 499/499 498/498 485/485
f 1784/1784 1830/1830 1826/1826
f 1338/1338 1364/1364 1363/1363
f 1895/1895 1880/1880 1906/1906
f 1895/1895 1897/1897 1878/1878
f 7589/7589 7585/7585 7575/7575
f 7585/7585 7586/7586 7584/7584
f 7575/7575 7585/7585 7584/7584
f 7627/7627 7628/7628 7579/7579
f 7579/7579 7628/7628 7629/7629
f 7632/7632 7634/7634 7633/7633
f 7629/7629 7632/7632 7633/7633
f 7629/7629 7631/7631 7632/7632
f 3682/3682 3687/3687 3683/3683
f 3682/3682 3683/3683 3684/3684
f 3684/3684 3683/3683 3685/3685
f 3688/3688 3689/3689 3683/3683
f 3688/3688 3683/3683 3687/3687
f 7634/7634 7632/7632 7636/7636
f 7634/7634 7636/7636 7648/7648
f 3683/3683 3686/3686 3685/3685
f 3016/3016 3029/3029 3012/3012
f 3683/3683 3689/3689 3690/3690
f 3016/3016 3012/3012 3007/3007
f 3683/3683 3690/3690 3686/3686
f 3007/3007 3012/3012 3011/3011
f 3007/3007 3011/3011 3009/3009
f 3009/3009 3010/3010 3008/3008
f 6769/6769 6718/6718 6730/6730
f 6025/6025 6039/6039 6041/6041
f 6207/6207 6206/6206 6039/6039
f 6144/6144 6162/6162 6158/6158
f 6158/6158 6162/6162 6163/6163
f 6158/6158 6163/6163 6457/6457
f 7029/7029 7030/7030 7027/7027
f 7027/7027 7030/7030 7031/7031
f 6040/6040 6034/6034 6032/6032
f 7027/7027 7031/7031 7036/7036
f 2224/2224 2251/2251 2250/2250
f 377/377 421/421 382/382
f 7517/7517 7518/7518 7519/7519
f 1355/1355 1368/1368 1348/1348
f 1355/1355 1348/1348 1343/1343
f 1343/1343 1348/1348 1341/1341
f 1337/1337 1354/1354 1338/1338
f 1338/1338 1354/1354 1364/1364
f 1910/1910 1895/1895 1906/1906
f 1897/1897 1896/1896 1878/1878
f 1878/1878 1896/1896 1883/1883
f 1883/1883 1896/1896 1898/1898
f 7584/7584 7586/7586 7627/7627
f 7628/7628 7630/7630 7629/7629
f 7629/7629 7630/7630 7631/7631
f 7632/7632 7631/7631 7636/7636
f 244/244 245/245 411/411
f 6718/6718 6717/6717 6730/6730
f 1481/1481 1496/1496 1477/1477
f 3465/3465 3462/3462 3463/3463
f 3462/3462 3457/3457 3463/3463
f 3463/3463 3457/3457 3464/3464
f 3457/3457 3453/3453 3464/3464
f 3464/3464 3453/3453 3467/3467
f 7469/7469 7468/7468 7465/7465
f 7465/7465 7468/7468 7466/7466
f 7465/7465 7466/7466 7467/7467
f 6206/6206 6204/6204 6039/6039
f 2233/2233 2226/2226 2223/2223
f 2223/2223 2226/2226 2224/2224
f 1246/1246 1242/1242 1240/1240
f 1240/1240 1242/1242 1234/1234
f 1235/1235 1234/1234 1230/1230
f 1207/1207 1208/1208 1209/1209
f 1529/1529 1542/1542 1556/1556
f 7556/7556 7533/7533 7524/7524
f 7554/7554 7556/7556 7524/7524
f 7524/7524 7533/7533 7521/7521
f 1332/1332 1339/1339 1333/1333
f 1895/1895 1899/1899 1897/1897
f 1899/1899 1896/1896 1897/1897
f 1896/1896 1900/1900 1898/1898
f 7585/7585 7587/7587 7586/7586
f 7586/7586 7587/7587 7627/7627
f 7631/7631 7630/7630 7636/7636
f 7630/7630 7639/7639 7636/7636
f 3029/3029 3015/3015 3012/3012
f 3015/3015 3013/3013 3012/3012
f 3012/3012 3013/3013 3011/3011
f 3013/3013 3014/3014 3011/3011
f 3011/3011 3014/3014 3010/3010
f 517/517 536/536 538/538
f 2774/2774 2771/2771 2762/2762
f 3462/3462 3466/3466 3457/3457
f 3457/3457 3456/3456 3453/3453
f 3456/3456 3454/3454 3453/3453
f 3453/3453 3454/3454 3455/3455
f 3454/3454 3458/3458 3455/3455
f 3458/3458 3461/3461 3460/3460
f 3455/3455 3458/3458 3460/3460
f 6204/6204 6810/6810 6042/6042
f 6204/6204 6042/6042 6039/6039
f 6138/6138 6146/6146 6144/6144
f 6144/6144 6376/6376 6162/6162
f 7019/7019 7023/7023 7024/7024
f 3465/3465 3466/3466 3462/3462
f 1246/1246 1247/1247 1242/1242
f 7521/7521 7533/7533 7517/7517
f 7652/7652 7653/7653 7654/7654
f 1789/1789 1787/1787 1782/1782
f 1783/1783 1831/1831 1830/1830
f 1354/1354 1370/1370 1364/1364
f 1910/1910 1911/1911 1895/1895
f 1895/1895 1911/1911 1904/1904
f 1895/1895 1904/1904 1901/1901
f 1895/1895 1901/1901 1899/1899
f 1900/1900 1903/1903 1898/1898
f 7591/7591 7590/7590 7589/7589
f 7589/7589 7590/7590 7585/7585
f 7585/7585 7590/7590 7588/7588
f 7585/7585 7588/7588 7587/7587
f 7587/7587 7637/7637 7627/7627
f 7627/7627 7637/7637 7628/7628
f 7628/7628 7637/7637 7630/7630
f 355/355 352/352 243/243
f 243/243 245/245 244/244
f 2674/2674 2675/2675 2642/2642
f 6042/6042 6041/6041 6039/6039
f 7023/7023 7019/7019 7022/7022
f 3457/3457 3466/3466 3456/3456
f 7023/7023 7022/7022 7025/7025
f 6610/6610 6606/6606 6609/6609
f 6609/6609 6606/6606 6608/6608
f 3458/3458 3454/3454 3459/3459
f 6608/6608 6606/6606 6607/6607
f 6606/6606 6605/6605 6607/6607
f 3458/3458 3459/3459 3461/3461
f 486/486 474/474 466/466
f 1831/1831 1840/1840 1830/1830
f 1341/1341 1339/1339 1332/1332
f 1354/1354 1337/1337 1370/1370
f 1899/1899 1901/1901 1896/1896
f 1901/1901 1902/1902 1896/1896
f 1896/1896 1902/1902 1900/1900
f 1900/1900 1902/1902 1903/1903
f 7591/7591 7592/7592 7590/7590
f 2105/2105 2095/2095 2100/2100
f 2098/2098 2095/2095 2097/2097
f 356/356 254/254 255/255
f 2691/2691 2692/2692 2677/2677
f 2643/2643 2640/2640 2639/2639
f 1394/1394 1396/1396 1395/1395
f 1481/1481 1498/1498 1496/1496
f 6108/6108 6044/6044 6042/6042
f 6810/6810 6108/6108 6042/6042
f 6042/6042 6044/6044 6043/6043
f 6042/6042 6043/6043 6041/6041
f 6723/6723 6721/6721 6722/6722
f 6146/6146 6809/6809 6376/6376
f 6144/6144 6146/6146 6376/6376
f 7019/7019 7021/7021 7022/7022
f 6610/6610 6622/6622 6611/6611
f 6605/6605 6108/6108 6607/6607
f 397/397 363/363 377/377
f 363/363 369/369 377/377
f 377/377 369/369 421/421
f 1348/1348 1362/1362 1341/1341
f 1902/1902 1905/1905 1903/1903
f 7590/7590 7626/7626 7588/7588
f 2100/2100 2095/2095 2098/2098
f 2095/2095 2094/2094 2097/2097
f 347/347 246/246 352/352
f 352/352 246/246 243/243
f 5348/5348 5355/5355 5335/5335
f 2642/2642 2640/2640 2643/2643
f 1395/1395 1396/1396 1402/1402
f 1395/1395 1402/1402 1401/1401
f 6721/6721 6720/6720 6722/6722
f 6610/6610 6611/6611 6606/6606
f 6606/6606 6604/6604 6605/6605
f 6605/6605 6604/6604 6108/6108
f 1206/1206 1205/1205 1207/1207
f 429/429 399/399 407/407
f 407/407 399/399 397/397
f 397/397 399/399 363/363
f 7533/7533 7650/7650 7651/7651
f 1794/1794 1843/1843 1831/1831
f 1341/1341 1362/1362 1342/1342
f 1333/1333 1339/1339 1340/1340
f 1333/1333 1360/1360 1337/1337
f 1337/1337 1371/1371 1370/1370
f 1675/1675 1674/1674 1679/1679
f 1674/1674 1676/1676 1678/1678
f 1679/1679 1674/1674 1678/1678
f 1678/1678 1676/1676 1677/1677
f 2105/2105 2112/2112 2095/2095
f 255/255 246/246 256/256
f 256/256 246/246 347/347
f 452/452 458/458 517/517
f 2762/2762 2760/2760 2759/2759
f 1405/1405 1402/1402 1438/1438
f 6044/6044 6045/6045 6043/6043
f 7019/7019 7020/7020 7021/7021
f 6612/6612 6624/6624 6606/6606
f 6611/6611 6612/6612 6606/6606
f 6606/6606 6624/6624 6604/6604
f 1542/1542 1555/1555 1556/1556
f 485/485 487/487 474/474
f 485/485 474/474 486/486
f 474/474 429/429 466/466
f 429/429 430/430 399/399
f 363/363 368/368 369/369
f 7556/7556 7647/7647 7533/7533
f 7533/7533 7647/7647 7650/7650
f 7650/7650 7644/7644 7651/7651
f 1362/1362 1361/1361 1342/1342
f 1346/1346 1360/1360 1333/1333
f 1360/1360 1371/1371 1337/1337
f 1370/1370 1371/1371 1378/1378
f 1674/1674 1673/1673 1672/1672
f 1674/1674 1672/1672 1676/1676
f 1676/1676 1672/1672 1671/1671
f 1676/1676 1671/1671 1670/1670
f 7592/7592 7593/7593 7590/7590
f 2093/2093 2094/2094 2095/2095
f 2112/2112 2101/2101 2095/2095
f 2095/2095 2101/2101 2093/2093
f 254/254 246/246 255/255
f 2774/2774 2772/2772 2771/2771
f 2771/2771 2760/2760 2762/2762
f 1394/1394 1399/1399 1396/1396
f 1438/1438 1501/1501 1498/1498
f 1501/1501 1496/1496 1498/1498
f 6604/6604 6603/6603 6108/6108
f 499/499 497/497 498/498
f 1342/1342 1339/1339 1341/1341
f 1340/1340 1346/1346 1333/1333
f 1371/1371 1379/1379 1378/1378
f 1675/1675 1668/1668 1669/1669
f 1675/1675 1669/1669 1674/1674
f 1674/1674 1669/1669 1673/1673
f 2113/2113 2101/2101 2112/2112
f 7590/7590 7597/7597 7626/7626
f 2094/2094 2093/2093 2096/2096
f 2094/2094 2096/2096 2099/2099
f 259/259 253/253 254/254
f 254/254 253/253 246/246
f 2690/2690 2692/2692 2691/2691
f 2693/2693 2694/2694 2677/2677
f 2694/2694 2695/2695 2674/2674
f 6622/6622 6613/6613 6611/6611
f 6604/6604 6624/6624 6603/6603
f 1205/1205 1208/1208 1207/1207
f 1533/1533 1540/1540 1542/1542
f 7647/7647 7616/7616 7650/7650
f 7616/7616 7617/7617 7650/7650
f 7650/7650 7617/7617 7644/7644
f 7617/7617 7625/7625 7644/7644
f 1794/1794 1835/1835 1843/1843
f 1362/1362 1388/1388 1361/1361
f 1360/1360 1372/1372 1371/1371
f 1669/1669 1667/1667 1673/1673
f 1673/1673 1667/1667 1672/1672
f 1672/1672 1664/1664 1671/1671
f 1671/1671 1664/1664 1665/1665
f 7593/7593 7594/7594 7590/7590
f 7590/7590 7594/7594 7597/7597
f 2096/2096 2103/2103 2099/2099
f 2101/2101 2096/2096 2093/2093
f 243/243 246/246 245/245
f 7321/7321 7322/7322 7318/7318
f 6136/6136 6133/6133 6138/6138
f 6138/6138 6133/6133 6146/6146
f 368/368 363/363 296/296
f 1388/1388 1386/1386 1361/1361
f 1342/1342 1361/1361 1347/1347
f 1342/1342 1347/1347 1339/1339
f 1340/1340 1365/1365 1346/1346
f 1665/1665 1666/1666 1670/1670
f 1667/1667 1664/1664 1672/1672
f 2101/2101 2104/2104 2096/2096
f 2096/2096 2104/2104 2103/2103
f 258/258 253/253 259/259
f 517/517 523/523 536/536
f 2759/2759 2760/2760 2700/2700
f 2692/2692 2693/2693 2677/2677
f 2637/2637 2638/2638 2639/2639
f 2638/2638 2375/2375 2672/2672
f 2672/2672 2375/2375 2755/2755
f 6045/6045 6046/6046 6043/6043
f 6043/6043 6046/6046 6196/6196
f 6043/6043 6196/6196 6041/6041
f 2233/2233 2239/2239 2226/2226
f 6809/6809 6618/6618 6622/6622
f 6603/6603 6049/6049 6108/6108
f 6611/6611 6613/6613 6612/6612
f 1234/1234 1228/1228 1230/1230
f 1230/1230 1228/1228 1205/1205
f 7647/7647 7615/7615 7616/7616
f 7617/7617 7608/7608 7625/7625
f 1347/1347 1357/1357 1339/1339
f 1339/1339 1358/1358 1340/1340
f 1340/1340 1369/1369 1365/1365
f 1681/1681 1680/1680 1668/1668
f 2104/2104 2107/2107 2103/2103
f 2101/2101 2106/2106 2104/2104
f 257/257 253/253 258/258
f 253/253 252/252 246/246
f 411/411 458/458 452/452
f 458/458 523/523 517/517
f 2760/2760 2699/2699 2700/2700
f 2525/2525 2695/2695 2694/2694
f 6612/6612 6615/6615 6624/6624
f 1205/1205 1211/1211 1208/1208
f 1579/1579 1550/1550 1540/1540
f 498/498 487/487 485/485
f 363/363 295/295 296/296
f 7625/7625 7608/7608 7612/7612
f 1361/1361 1386/1386 1347/1347
f 1663/1663 1662/1662 1667/1667
f 1667/1667 1662/1662 1664/1664
f 1664/1664 1662/1662 1660/1660
f 1665/1665 1661/1661 1666/1666
f 2115/2115 2108/2108 2113/2113
f 7594/7594 7621/7621 7597/7597
f 2113/2113 2108/2108 2101/2101
f 2101/2101 2108/2108 2106/2106
f 2106/2106 2107/2107 2104/2104
f 245/245 248/248 411/411
f 2694/2694 2693/2693 2525/2525
f 1477/1477 1475/1475 1476/1476
f 6136/6136 6135/6135 6133/6133
f 6622/6622 6618/6618 6613/6613
f 474/474 431/431 429/429
f 429/429 431/431 430/430
f 7616/7616 7615/7615 7610/7610
f 7616/7616 7610/7610 7617/7617
f 7608/7608 7609/7609 7612/7612
f 1682/1682 1652/1652 1656/1656
f 1668/1668 1656/1656 1663/1663
f 1680/1680 1656/1656 1668/1668
f 1665/1665 1660/1660 1661/1661
f 5709/5709 5710/5710 5711/5711
f 7595/7595 7596/7596 7594/7594
f 2106/2106 2109/2109 2107/2107
f 246/246 247/247 245/245
f 1396/1396 1399/1399 1400/1400
f 1396/1396 1400/1400 1402/1402
f 1496/1496 1475/1475 1477/1477
f 7015/7015 7016/7016 7017/7017
f 2226/2226 2237/2237 2224/2224
f 2224/2224 2237/2237 2251/2251
f 384/384 295/295 363/363
f 295/295 294/294 296/296
f 7615/7615 7614/7614 7610/7610
f 7617/7617 7610/7610 7608/7608
f 1693/1693 1694/1694 1650/1650
f 1691/1691 1651/1651 1682/1682
f 1682/1682 1651/1651 1652/1652
f 7598/7598 7621/7621 7594/7594
f 257/257 252/252 253/253
f 246/246 252/252 251/251
f 251/251 247/247 246/246
f 2525/2525 2520/2520 2695/2695
f 2375/2375 2377/2377 2755/2755
f 2239/2239 2238/2238 2226/2226
f 7015/7015 7018/7018 7016/7016
f 6603/6603 6854/6854 6049/6049
f 2226/2226 2238/2238 2237/2237
f 1211/1211 1216/1216 1208/1208
f 1540/1540 1541/1541 1542/1542
f 7614/7614 7613/7613 7610/7610
f 1691/1691 1650/1650 1651/1651
f 1653/1653 1648/1648 1657/1657
f 1657/1657 1648/1648 1659/1659
f 7596/7596 7598/7598 7594/7594
f 7598/7598 7620/7620 7621/7621
f 5564/5564 5565/5565 5566/5566
f 248/248 435/435 411/411
f 2700/2700 2699/2699 2690/2690
f 2690/2690 2699/2699 2692/2692
f 1402/1402 1441/1441 1438/1438
f 1438/1438 1441/1441 1501/1501
f 1501/1501 1500/1500 1496/1496
f 1500/1500 1475/1475 1496/1496
f 1475/1475 1474/1474 1476/1476
f 6146/6146 6208/6208 6809/6809
f 6613/6613 6614/6614 6612/6612
f 6614/6614 6615/6615 6612/6612
f 2237/2237 2252/2252 2251/2251
f 1247/1247 1248/1248 1242/1242
f 430/430 431/431 399/399
f 384/384 293/293 295/295
f 295/295 293/293 294/294
f 7610/7610 7613/7613 7607/7607
f 7609/7609 7606/7606 7611/7611
f 7599/7599 7598/7598 7596/7596
f 7619/7619 7620/7620 7598/7598
f 523/523 545/545 536/536
f 2695/2695 2520/2520 2522/2522
f 2522/2522 2562/2562 2674/2674
f 2695/2695 2522/2522 2674/2674
f 2639/2639 2640/2640 2637/2637
f 2637/2637 2636/2636 2638/2638
f 1402/1402 1408/1408 1441/1441
f 1501/1501 1441/1441 1500/1500
f 6721/6721 6719/6719 6720/6720
f 6720/6720 6719/6719 6718/6718
f 6045/6045 6048/6048 6047/6047
f 6045/6045 6047/6047 6046/6046
f 6046/6046 6047/6047 6196/6196
f 7007/7007 7008/7008 7009/7009
f 7009/7009 7008/7008 7010/7010
f 6618/6618 6614/6614 6613/6613
f 6614/6614 6616/6616 6615/6615
f 6616/6616 6854/6854 6615/6615
f 431/431 384/384 399/399
f 384/384 378/378 293/293
f 7610/7610 7607/7607 7608/7608
f 7607/7607 7606/7606 7608/7608
f 7608/7608 7606/7606 7609/7609
f 7599/7599 7600/7600 7598/7598
f 1925/1925 1923/1923 1922/1922
f 260/260 264/264 252/252
f 260/260 252/252 257/257
f 252/252 250/250 251/251
f 411/411 435/435 458/458
f 5336/5336 5357/5357 5296/5296
f 5355/5355 5354/5354 5357/5357
f 5355/5355 5357/5357 5336/5336
f 2772/2772 2773/2773 2771/2771
f 2693/2693 2528/2528 2525/2525
f 2562/2562 2563/2563 2674/2674
f 2563/2563 2564/2564 2674/2674
f 2674/2674 2564/2564 2675/2675
f 1399/1399 1423/1423 1400/1400
f 6047/6047 6052/6052 6196/6196
f 6723/6723 6724/6724 6721/6721
f 6133/6133 6131/6131 6146/6146
f 6146/6146 6131/6131 6208/6208
f 7010/7010 7008/7008 7012/7012
f 1242/1242 1239/1239 1234/1234
f 1579/1579 1580/1580 1550/1550
f 7607/7607 7622/7622 7605/7605
f 7607/7607 7605/7605 7606/7606
f 7606/7606 7605/7605 7604/7604
f 7604/7604 7605/7605 7602/7602
f 7604/7604 7602/7602 7603/7603
f 7603/7603 7602/7602 7601/7601
f 7601/7601 7602/7602 7600/7600
f 7600/7600 7618/7618 7598/7598
f 7618/7618 7619/7619 7598/7598
f 536/536 545/545 576/576
f 2693/2693 2530/2530 2528/2528
f 2675/2675 2676/2676 2642/2642
f 2642/2642 2641/2641 2640/2640
f 2520/2520 2521/2521 2522/2522
f 2522/2522 2521/2521 2562/2562
f 6718/6718 6716/6716 6717/6717
f 6616/6616 6619/6619 6854/6854
f 6854/6854 6203/6203 6049/6049
f 1239/1239 1228/1228 1234/1234
f 340/340 294/294 291/291
f 340/340 291/291 339/339
f 7605/7605 7622/7622 7602/7602
f 7602/7602 7623/7623 7600/7600
f 1916/1916 1914/1914 1918/1918
f 7623/7623 7618/7618 7600/7600
f 264/264 263/263 252/252
f 2771/2771 2773/2773 2760/2760
f 2693/2693 2712/2712 2530/2530
f 2564/2564 2496/2496 2675/2675
f 2642/2642 2676/2676 2641/2641
f 5353/5353 5354/5354 5355/5355
f 1423/1423 1409/1409 1400/1400
f 2525/2525 2523/2523 2520/2520
f 2523/2523 2524/2524 2521/2521
f 2520/2520 2523/2523 2521/2521
f 2521/2521 2564/2564 2563/2563
f 2521/2521 2491/2491 2564/2564
f 2523/2523 2493/2493 2524/2524
f 2521/2521 2524/2524 2491/2491
f 1400/1400 1409/1409 1408/1408
f 2493/2493 2527/2527 2536/2536
f 2524/2524 2493/2493 2491/2491
f 2536/2536 2490/2490 2493/2493
f 7008/7008 7013/7013 7012/7012
f 6614/6614 6617/6617 6616/6616
f 6616/6616 6617/6617 6619/6619
f 6619/6619 6621/6621 6854/6854
f 7105/7105 7106/7106 7107/7107
f 1228/1228 1210/1210 1205/1205
f 1540/1540 1550/1550 1541/1541
f 1541/1541 1554/1554 1542/1542
f 1542/1542 1554/1554 1555/1555
f 474/474 473/473 431/431
f 294/294 293/293 291/291
f 291/291 338/338 339/339
f 7622/7622 7624/7624 7602/7602
f 7602/7602 7624/7624 7623/7623
f 341/341 262/262 342/342
f 342/342 262/262 263/263
f 2638/2638 2370/2370 2375/2375
f 2527/2527 2493/2493 2523/2523
f 2493/2493 2490/2490 2491/2491
f 2247/2247 2240/2240 2239/2239
f 3100/3100 3093/3093 3101/3101
f 6203/6203 6050/6050 6048/6048
f 6050/6050 6051/6051 6047/6047
f 6048/6048 6050/6050 6047/6047
f 2239/2239 2240/2240 2238/2238
f 6131/6131 6164/6164 6208/6208
f 7007/7007 7011/7011 7008/7008
f 7008/7008 7011/7011 7014/7014
f 7008/7008 7014/7014 7013/7013
f 6623/6623 6620/6620 6617/6617
f 6617/6617 6620/6620 6619/6619
f 6619/6619 6620/6620 6621/6621
f 338/338 289/289 341/341
f 341/341 289/289 262/262
f 262/262 252/252 263/263
f 247/247 248/248 245/245
f 2640/2640 2641/2641 2637/2637
f 2638/2638 2636/2636 2370/2370
f 2528/2528 2526/2526 2525/2525
f 2526/2526 2523/2523 2525/2525
f 2491/2491 2492/2492 2564/2564
f 2526/2526 2527/2527 2523/2523
f 2526/2526 2533/2533 2527/2527
f 1408/1408 1434/1434 1441/1441
f 2535/2535 2536/2536 2527/2527
f 2491/2491 2490/2490 2487/2487
f 2488/2488 2487/2487 2490/2490
f 2536/2536 2535/2535 2488/2488
f 3088/3088 3106/3106 3089/3089
f 3089/3089 3106/3106 3090/3090
f 3511/3511 3509/3509 3504/3504
f 3099/3099 3105/3105 3097/3097
f 3097/3097 3105/3105 3104/3104
f 3097/3097 3104/3104 3096/3096
f 3513/3513 3503/3503 3500/3500
f 3513/3513 3500/3500 3514/3514
f 5675/5675 5677/5677 5676/5676
f 3090/3090 3102/3102 3091/3091
f 3102/3102 3103/3103 3093/3093
f 3091/3091 3102/3102 3093/3093
f 6110/6110 6051/6051 6050/6050
f 3093/3093 3103/3103 3101/3101
f 6131/6131 6132/6132 6164/6164
f 1205/1205 1210/1210 1211/1211
f 1211/1211 1212/1212 1216/1216
f 458/458 524/524 523/523
f 523/523 524/524 545/545
f 2712/2712 2532/2532 2530/2530
f 5353/5353 5356/5356 5350/5350
f 2527/2527 2533/2533 2535/2535
f 2492/2492 2491/2491 2489/2489
f 2487/2487 2489/2489 2491/2491
f 6051/6051 6052/6052 6047/6047
f 3504/3504 3502/3502 3503/3503
f 3502/3502 3501/3501 3503/3503
f 3503/3503 3501/3501 3500/3500
f 3493/3493 3490/3490 3489/3489
f 3489/3489 3490/3490 3491/3491
f 3491/3491 3490/3490 3492/3492
f 3491/3491 3492/3492 3499/3499
f 3499/3499 3492/3492 3496/3496
f 3494/3494 3497/3497 3496/3496
f 3492/3492 3494/3494 3496/3496
f 3496/3496 3497/3497 3506/3506
f 3496/3496 3506/3506 3508/3508
f 3508/3508 3506/3506 3510/3510
f 6110/6110 6054/6054 6051/6051
f 3511/3511 3512/3512 3509/3509
f 6131/6131 6128/6128 6132/6132
f 3500/3500 3501/3501 3498/3498
f 3500/3500 3498/3498 3493/3493
f 3498/3498 3495/3495 3493/3493
f 6103/6103 6101/6101 6102/6102
f 3493/3493 3495/3495 3490/3490
f 3490/3490 3495/3495 3494/3494
f 3490/3490 3494/3494 3492/3492
f 6102/6102 6101/6101 6100/6100
f 473/473 428/428 431/431
f 431/431 428/428 384/384
f 291/291 289/289 338/338
f 262/262 261/261 252/252
f 545/545 575/575 576/576
f 2773/2773 2776/2776 2760/2760
f 2496/2496 2495/2495 2675/2675
f 2675/2675 2495/2495 2676/2676
f 2370/2370 2372/2372 2375/2375
f 2375/2375 2372/2372 2377/2377
f 2530/2530 2529/2529 2528/2528
f 2528/2528 2529/2529 2526/2526
f 2529/2529 2533/2533 2526/2526
f 2492/2492 2489/2489 2476/2476
f 2533/2533 2538/2538 2535/2535
f 2480/2480 2477/2477 2489/2489
f 2538/2538 2541/2541 2535/2535
f 2487/2487 2480/2480 2489/2489
f 2535/2535 2541/2541 2488/2488
f 2488/2488 2484/2484 2487/2487
f 2484/2484 2480/2480 2487/2487
f 2488/2488 2541/2541 2484/2484
f 1475/1475 1473/1473 1474/1474
f 6133/6133 6130/6130 6131/6131
f 6131/6131 6130/6130 6128/6128
f 3505/3505 3502/3502 3504/3504
f 3509/3509 3505/3505 3504/3504
f 6128/6128 6127/6127 6129/6129
f 6997/6997 6999/6999 7006/7006
f 3501/3501 3502/3502 3498/3498
f 7006/7006 6999/6999 7005/7005
f 7005/7005 6999/6999 7004/7004
f 7004/7004 6999/6999 7001/7001
f 6101/6101 6095/6095 6100/6100
f 6100/6100 6095/6095 6099/6099
f 3497/3497 3507/3507 3506/3506
f 6099/6099 6095/6095 6094/6094
f 1248/1248 1241/1241 1242/1242
f 1242/1242 1241/1241 1239/1239
f 1211/1211 1210/1210 1212/1212
f 1554/1554 1610/1610 1555/1555
f 428/428 396/396 384/384
f 384/384 396/396 378/378
f 378/378 292/292 293/293
f 250/250 247/247 251/251
f 248/248 436/436 435/435
f 5296/5296 5358/5358 5295/5295
f 2692/2692 2696/2696 2693/2693
f 2712/2712 2733/2733 2532/2532
f 2532/2532 2531/2531 2530/2530
f 2530/2530 2531/2531 2529/2529
f 2496/2496 2492/2492 2474/2474
f 2496/2496 2474/2474 2495/2495
f 1423/1423 1433/1433 1409/1409
f 2534/2534 2537/2537 2533/2533
f 2529/2529 2534/2534 2533/2533
f 2489/2489 2477/2477 2476/2476
f 2537/2537 2538/2538 2533/2533
f 1434/1434 1500/1500 1441/1441
f 2538/2538 2547/2547 2541/2541
f 2479/2479 2477/2477 2480/2480
f 2541/2541 2547/2547 2548/2548
f 2548/2548 2551/2551 2541/2541
f 2551/2551 2483/2483 2484/2484
f 2541/2541 2551/2551 2484/2484
f 2484/2484 2483/2483 2480/2480
f 1500/1500 1473/1473 1475/1475
f 6716/6716 6715/6715 6717/6717
f 6051/6051 6053/6053 6052/6052
f 6093/6093 6092/6092 6054/6054
f 6054/6054 6092/6092 6053/6053
f 6054/6054 6053/6053 6051/6051
f 6724/6724 6729/6729 6721/6721
f 6135/6135 6134/6134 6133/6133
f 6133/6133 6134/6134 6130/6130
f 6130/6130 6124/6124 6128/6128
f 6124/6124 6123/6123 6127/6127
f 6128/6128 6124/6124 6127/6127
f 6997/6997 6998/6998 6999/6999
f 6999/6999 7000/7000 7001/7001
f 6095/6095 6098/6098 6096/6096
f 6095/6095 6096/6096 6093/6093
f 6095/6095 6093/6093 6094/6094
f 2238/2238 2242/2242 2237/2237
f 2242/2242 2253/2253 2252/2252
f 2237/2237 2242/2242 2252/2252
f 5354/5354 5350/5350 5349/5349
f 2696/2696 2697/2697 2693/2693
f 2693/2693 2713/2713 2712/2712
f 2713/2713 2733/2733 2712/2712
f 5865/5865 5824/5824 5866/5866
f 2531/2531 2534/2534 2529/2529
f 2492/2492 2476/2476 2474/2474
f 2537/2537 2540/2540 2538/2538
f 2480/2480 2481/2481 2479/2479
f 2552/2552 2553/2553 2483/2483
f 2551/2551 2552/2552 2483/2483
f 4825/4825 4772/4772 4824/4824
f 2483/2483 2482/2482 2480/2480
f 2482/2482 2481/2481 2480/2480
f 6053/6053 6055/6055 6052/6052
f 6719/6719 6768/6768 6716/6716
f 6999/6999 6998/6998 7000/7000
f 844/844 940/940 845/845
f 1541/1541 1551/1551 1554/1554
f 293/293 292/292 291/291
f 436/436 438/438 435/435
f 435/435 438/438 443/443
f 2699/2699 2698/2698 2692/2692
f 2697/2697 2713/2713 2693/2693
f 2495/2495 2475/2475 2676/2676
f 5824/5824 5821/5821 5838/5838
f 2476/2476 2470/2470 2468/2468
f 2476/2476 2468/2468 2474/2474
f 2537/2537 2534/2534 2540/2540
f 2540/2540 2544/2544 2538/2538
f 2538/2538 2544/2544 2545/2545
f 2538/2538 2545/2545 2547/2547
f 2479/2479 2478/2478 2477/2477
f 2545/2545 2548/2548 2547/2547
f 2551/2551 2548/2548 2550/2550
f 2551/2551 2550/2550 2552/2552
f 2482/2482 2494/2494 2481/2481
f 2552/2552 2550/2550 2553/2553
f 4772/4772 4764/4764 4765/4765
f 4772/4772 4765/4765 4824/4824
f 6093/6093 6104/6104 6168/6168
f 6093/6093 6168/6168 6092/6092
f 6092/6092 6168/6168 6053/6053
f 6124/6124 6122/6122 6123/6123
f 6122/6122 6121/6121 6123/6123
f 6998/6998 7002/7002 7000/7000
f 7002/7002 7003/7003 7000/7000
f 6646/6646 6097/6097 6098/6098
f 6098/6098 6097/6097 6096/6096
f 6096/6096 6097/6097 6093/6093
f 1228/1228 1213/1213 1210/1210
f 252/252 261/261 250/250
f 435/435 443/443 457/457
f 435/435 457/457 458/458
f 5831/5831 5846/5846 5865/5865
f 2474/2474 2475/2475 2495/2495
f 5846/5846 5824/5824 5865/5865
f 5846/5846 5818/5818 5824/5824
f 2534/2534 2539/2539 2540/2540
f 2540/2540 2539/2539 2543/2543
f 2540/2540 2543/2543 2544/2544
f 2545/2545 2544/2544 2546/2546
f 2481/2481 2485/2485 2479/2479
f 2479/2479 2485/2485 2478/2478
f 2549/2549 2550/2550 2548/2548
f 2545/2545 2549/2549 2548/2548
f 2545/2545 2546/2546 2549/2549
f 2481/2481 2494/2494 2485/2485
f 4764/4764 4761/4761 4760/4760
f 4764/4764 4760/4760 4765/4765
f 4765/4765 4760/4760 4766/4766
f 4824/4824 4765/4765 4768/4768
f 4765/4765 4766/4766 4768/4768
f 6729/6729 6768/6768 6719/6719
f 6125/6125 6120/6120 6122/6122
f 6122/6122 6120/6120 6121/6121
f 6121/6121 6120/6120 6118/6118
f 6121/6121 6118/6118 6205/6205
f 6205/6205 6118/6118 6116/6116
f 6205/6205 6116/6116 6113/6113
f 6205/6205 6113/6113 6105/6105
f 6105/6105 6113/6113 6107/6107
f 6105/6105 6107/6107 6104/6104
f 6107/6107 6111/6111 6104/6104
f 6104/6104 6111/6111 6168/6168
f 6130/6130 6159/6159 6124/6124
f 6124/6124 6159/6159 6122/6122
f 396/396 379/379 378/378
f 378/378 379/379 292/292
f 250/250 249/249 247/247
f 2760/2760 2698/2698 2699/2699
f 2475/2475 2453/2453 2705/2705
f 2475/2475 2705/2705 2676/2676
f 2676/2676 2705/2705 2641/2641
f 2474/2474 2458/2458 2475/2475
f 2474/2474 2468/2468 2458/2458
f 5818/5818 5821/5821 5824/5824
f 2543/2543 2554/2554 2544/2544
f 2544/2544 2554/2554 2546/2546
f 2485/2485 2471/2471 2478/2478
f 2554/2554 2557/2557 2561/2561
f 2554/2554 2561/2561 2555/2555
f 2554/2554 2555/2555 2546/2546
f 4758/4758 4759/4759 4763/4763
f 4763/4763 4759/4759 4761/4761
f 4761/4761 4759/4759 4760/4760
f 4760/4760 4767/4767 4766/4766
f 4766/4766 4767/4767 4768/4768
f 2494/2494 2486/2486 2485/2485
f 4768/4768 4767/4767 4769/4769
f 4768/4768 4769/4769 4802/4802
f 6053/6053 6056/6056 6055/6055
f 2247/2247 2246/2246 2240/2240
f 6901/6901 6137/6137 6934/6934
f 6901/6901 6934/6934 6126/6126
f 6901/6901 6126/6126 6125/6125
f 6125/6125 6126/6126 6120/6120
f 6126/6126 6119/6119 6120/6120
f 6120/6120 6119/6119 6118/6118
f 6119/6119 6117/6117 6118/6118
f 6118/6118 6117/6117 6116/6116
f 6117/6117 6115/6115 6116/6116
f 6116/6116 6115/6115 6113/6113
f 6113/6113 6115/6115 6114/6114
f 6113/6113 6114/6114 6107/6107
f 6107/6107 6114/6114 6167/6167
f 7354/7354 7355/7355 7356/7356
f 6107/6107 6112/6112 6111/6111
f 6111/6111 6112/6112 6168/6168
f 6168/6168 6056/6056 6053/6053
f 2240/2240 2241/2241 2238/2238
f 6130/6130 6137/6137 6159/6159
f 2238/2238 2241/2241 2242/2242
f 1239/1239 1236/1236 1228/1228
f 1228/1228 1236/1236 1213/1213
f 457/457 524/524 458/458
f 5831/5831 5823/5823 5846/5846
f 1409/1409 1419/1419 1408/1408
f 2468/2468 2459/2459 2458/2458
f 1408/1408 1419/1419 1434/1434
f 5821/5821 5826/5826 5838/5838
f 2470/2470 2462/2462 2468/2468
f 2534/2534 2542/2542 2539/2539
f 2471/2471 2462/2462 2470/2470
f 2478/2478 2471/2471 2470/2470
f 2539/2539 2558/2558 2543/2543
f 2539/2539 2556/2556 2558/2558
f 2556/2556 2559/2559 2558/2558
f 2543/2543 2558/2558 2557/2557
f 2543/2543 2557/2557 2554/2554
f 2558/2558 2559/2559 2557/2557
f 4762/4762 4754/4754 4756/4756
f 4762/4762 4756/4756 4758/4758
f 4758/4758 4756/4756 4757/4757
f 4758/4758 4757/4757 4759/4759
f 4759/4759 4757/4757 4760/4760
f 4760/4760 4773/4773 4767/4767
f 4767/4767 4773/4773 4770/4770
f 4767/4767 4770/4770 4769/4769
f 2485/2485 2486/2486 2473/2473
f 2485/2485 2473/2473 2471/2471
f 6056/6056 6057/6057 6055/6055
f 4802/4802 4769/4769 4771/4771
f 5687/5687 5689/5689 5702/5702
f 5689/5689 5700/5700 5701/5701
f 5702/5702 5689/5689 5701/5701
f 5701/5701 5700/5700 5699/5699
f 5700/5700 5698/5698 5699/5699
f 5699/5699 5698/5698 5697/5697
f 5697/5697 5698/5698 5695/5695
f 5697/5697 5695/5695 5696/5696
f 5695/5695 5693/5693 5690/5690
f 5696/5696 5695/5695 5690/5690
f 5690/5690 5693/5693 5691/5691
f 5690/5690 5691/5691 5692/5692
f 5692/5692 5691/5691 5694/5694
f 5694/5694 5691/5691 5703/5703
f 7329/7329 7330/7330 7331/7331
f 1210/1210 1213/1213 1212/1212
f 1212/1212 1215/1215 1216/1216
f 524/524 544/544 545/545
f 2776/2776 2757/2757 2760/2760
f 2692/2692 2698/2698 2696/2696
f 5846/5846 5823/5823 5818/5818
f 5818/5818 5820/5820 5821/5821
f 5821/5821 5820/5820 5825/5825
f 5821/5821 5825/5825 5826/5826
f 2462/2462 2459/2459 2468/2468
f 5827/5827 5850/5850 5826/5826
f 5827/5827 5829/5829 5850/5850
f 2542/2542 2560/2560 2556/2556
f 2542/2542 2556/2556 2539/2539
f 4748/4748 4747/4747 4752/4752
f 4752/4752 4747/4747 4753/4753
f 4752/4752 4753/4753 4754/4754
f 4754/4754 4753/4753 4755/4755
f 4754/4754 4755/4755 4756/4756
f 6768/6768 6713/6713 6716/6716
f 4756/4756 4755/4755 4757/4757
f 4760/4760 4757/4757 4914/4914
f 4760/4760 4914/4914 4773/4773
f 4770/4770 4774/4774 4771/4771
f 4769/4769 4770/4770 4771/4771
f 4771/4771 4774/4774 4775/4775
f 6106/6106 6058/6058 6056/6056
f 5691/5691 5704/5704 5703/5703
f 6724/6724 6772/6772 6729/6729
f 6130/6130 6134/6134 6137/6137
f 6137/6137 6134/6134 6149/6149
f 5687/5687 5688/5688 5689/5689
f 5689/5689 5708/5708 5700/5700
f 6165/6165 6149/6149 6157/6157
f 6149/6149 6151/6151 6157/6157
f 5700/5700 5708/5708 5698/5698
f 5698/5698 5708/5708 5707/5707
f 6157/6157 6151/6151 6161/6161
f 5698/5698 5707/5707 5695/5695
f 5695/5695 5707/5707 5706/5706
f 6151/6151 6155/6155 6156/6156
f 6161/6161 6151/6151 6156/6156
f 5695/5695 5706/5706 5693/5693
f 5693/5693 5706/5706 5691/5691
f 5706/5706 5705/5705 5691/5691
f 6995/6995 6994/6994 6980/6980
f 6995/6995 6980/6980 6996/6996
f 1241/1241 1249/1249 1236/1236
f 1241/1241 1236/1236 1239/1239
f 1213/1213 1214/1214 1212/1212
f 1212/1212 1214/1214 1215/1215
f 844/844 841/841 940/940
f 249/249 248/248 247/247
f 2760/2760 2757/2757 2698/2698
f 5864/5864 5833/5833 5832/5832
f 2453/2453 2451/2451 2705/2705
f 5356/5356 5351/5351 5350/5350
f 5830/5830 5823/5823 5831/5831
f 5832/5832 5830/5830 5831/5831
f 5823/5823 5822/5822 5818/5818
f 1500/1500 1434/1434 1499/1499
f 5818/5818 5819/5819 5820/5820
f 6716/6716 6713/6713 6715/6715
f 5825/5825 5828/5828 5827/5827
f 5825/5825 5827/5827 5826/5826
f 5825/5825 5852/5852 5828/5828
f 4749/4749 4745/4745 4746/4746
f 4749/4749 4746/4746 4748/4748
f 4748/4748 4746/4746 4747/4747
f 4753/4753 4747/4747 4755/4755
f 2471/2471 2469/2469 2462/2462
f 2246/2246 2243/2243 2240/2240
f 4750/4750 4745/4745 4749/4749
f 5827/5827 5828/5828 5829/5829
f 4773/4773 4893/4893 4770/4770
f 4893/4893 4774/4774 4770/4770
f 5715/5715 5716/5716 5717/5717
f 2471/2471 2472/2472 2469/2469
f 6058/6058 6059/6059 6057/6057
f 6058/6058 6057/6057 6056/6056
f 2240/2240 2243/2243 2241/2241
f 4755/4755 4915/4915 4757/4757
f 4757/4757 4915/4915 4900/4900
f 4757/4757 4900/4900 4914/4914
f 4900/4900 4896/4896 4914/4914
f 4914/4914 4896/4896 4893/4893
f 4914/4914 4893/4893 4773/4773
f 6149/6149 6150/6150 6151/6151
f 6150/6150 6152/6152 6151/6151
f 6151/6151 6152/6152 6155/6155
f 6994/6994 6976/6976 6980/6980
f 6980/6980 6977/6977 6979/6979
f 6980/6980 6976/6976 6977/6977
f 2451/2451 2449/2449 2705/2705
f 5832/5832 5833/5833 5830/5830
f 2458/2458 2456/2456 2453/2453
f 5830/5830 5822/5822 5823/5823
f 5818/5818 5822/5822 5819/5819
f 2457/2457 2456/2456 2459/2459
f 2459/2459 2462/2462 2457/2457
f 5820/5820 5847/5847 5852/5852
f 5820/5820 5852/5852 5825/5825
f 5820/5820 5819/5819 5845/5845
f 5820/5820 5845/5845 5847/5847
f 4743/4743 4744/4744 4745/4745
f 5872/5872 5873/5873 5874/5874
f 4745/4745 4744/4744 4746/4746
f 4744/4744 4846/4846 4747/4747
f 4746/4746 4744/4744 4747/4747
f 2469/2469 2461/2461 2462/2462
f 6768/6768 6898/6898 6751/6751
f 4846/4846 4755/4755 4747/4747
f 4774/4774 4841/4841 4842/4842
f 6772/6772 6898/6898 6729/6729
f 4846/4846 4806/4806 4755/4755
f 4755/4755 4806/4806 4915/4915
f 4893/4893 4894/4894 4774/4774
f 4842/4842 4841/4841 4775/4775
f 2472/2472 2467/2467 2469/2469
f 4775/4775 4841/4841 4840/4840
f 2472/2472 2466/2466 2467/2467
f 1473/1473 1472/1472 1474/1474
f 6993/6993 6992/6992 6991/6991
f 6134/6134 6150/6150 6149/6149
f 6981/6981 6970/6970 6994/6994
f 6994/6994 6970/6970 6976/6976
f 1255/1255 1249/1249 1241/1241
f 487/487 491/491 473/473
f 292/292 290/290 291/291
f 291/291 290/290 289/289
f 2698/2698 2719/2719 2696/2696
f 2449/2449 2635/2635 2705/2705
f 2705/2705 2635/2635 2641/2641
f 5833/5833 5864/5864 5830/5830
f 5822/5822 5834/5834 5819/5819
f 1500/1500 1499/1499 1473/1473
f 6713/6713 6714/6714 6715/6715
f 5851/5851 5868/5868 5870/5870
f 5819/5819 5851/5851 5845/5845
f 4743/4743 4741/4741 4742/4742
f 4743/4743 4742/4742 4744/4744
f 2462/2462 2461/2461 2457/2457
f 6057/6057 6090/6090 6055/6055
f 5851/5851 5870/5870 5845/5845
f 4774/4774 4843/4843 4841/4841
f 2461/2461 2467/2467 2465/2465
f 4841/4841 4839/4839 4840/4840
f 2467/2467 2466/2466 2465/2465
f 6976/6976 6975/6975 6977/6977
f 4806/4806 4898/4898 4915/4915
f 4915/4915 4898/4898 4900/4900
f 4900/4900 4898/4898 4887/4887
f 1215/1215 1214/1214 1227/1227
f 289/289 280/280 262/262
f 545/545 563/563 575/575
f 2776/2776 2777/2777 2757/2757
f 2641/2641 2635/2635 2637/2637
f 5864/5864 5837/5837 5830/5830
f 1422/1422 1419/1419 1409/1409
f 5830/5830 5837/5837 5822/5822
f 5822/5822 5835/5835 5834/5834
f 5834/5834 5851/5851 5819/5819
f 5834/5834 5836/5836 5851/5851
f 5851/5851 5844/5844 5868/5868
f 5851/5851 5836/5836 5844/5844
f 5844/5844 5869/5869 5868/5868
f 4740/4740 4751/4751 4738/4738
f 4740/4740 4738/4738 4739/4739
f 4740/4740 4739/4739 4741/4741
f 4741/4741 4739/4739 4742/4742
f 6751/6751 6710/6710 6768/6768
f 6768/6768 6710/6710 6713/6713
f 4742/4742 4804/4804 4744/4744
f 4742/4742 4739/4739 4804/4804
f 4744/4744 4804/4804 4846/4846
f 4774/4774 4897/4897 4843/4843
f 6060/6060 6061/6061 6057/6057
f 6059/6059 6060/6060 6057/6057
f 2243/2243 2245/2245 2241/2241
f 6772/6772 6751/6751 6898/6898
f 4804/4804 4806/4806 4846/4846
f 4774/4774 4894/4894 4897/4897
f 4894/4894 4895/4895 4897/4897
f 4843/4843 4817/4817 4839/4839
f 4840/4840 4839/4839 4816/4816
f 2466/2466 2464/2464 2465/2465
f 6981/6981 6968/6968 6970/6970
f 2244/2244 2242/2242 2241/2241
f 2242/2242 2244/2244 2255/2255
f 4887/4887 4896/4896 4900/4900
f 4896/4896 4888/4888 4893/4893
f 1249/1249 1256/1256 1236/1236
f 1236/1236 1233/1233 1213/1213
f 1233/1233 1231/1231 1213/1213
f 1213/1213 1231/1231 1214/1214
f 1214/1214 1231/1231 1227/1227
f 379/379 365/365 292/292
f 290/290 288/288 289/289
f 261/261 249/249 250/250
f 248/248 270/270 436/436
f 2698/2698 2720/2720 2719/2719
f 2370/2370 2371/2371 2372/2372
f 2372/2372 2371/2371 2373/2373
f 5871/5871 5837/5837 5864/5864
f 2453/2453 2452/2452 2450/2450
f 5837/5837 5835/5835 5822/5822
f 2457/2457 2452/2452 2456/2456
f 4737/4737 4738/4738 4751/4751
f 2461/2461 2454/2454 2457/2457
f 6057/6057 6091/6091 6090/6090
f 5844/5844 5860/5860 5869/5869
f 4851/4851 4804/4804 4739/4739
f 4843/4843 4844/4844 4817/4817
f 3124/3124 3119/3119 3125/3125
f 2243/2243 2248/2248 2245/2245
f 6752/6752 6750/6750 6772/6772
f 6772/6772 6750/6750 6751/6751
f 4839/4839 4817/4817 4816/4816
f 2465/2465 2460/2460 2461/2461
f 2465/2465 2464/2464 2460/2460
f 6992/6992 6990/6990 6991/6991
f 6991/6991 6990/6990 6989/6989
f 6150/6150 6153/6153 6152/6152
f 4804/4804 4805/4805 4806/4806
f 4894/4894 4884/4884 4895/4895
f 6153/6153 6154/6154 6152/6152
f 4805/4805 4882/4882 4806/4806
f 4806/4806 4882/4882 4898/4898
f 4893/4893 4884/4884 4894/4894
f 4896/4896 4887/4887 4888/4888
f 473/473 427/427 428/428
f 288/288 281/281 289/289
f 281/281 280/280 289/289
f 2637/2637 2635/2635 2636/2636
f 5871/5871 5861/5861 5837/5837
f 2457/2457 2454/2454 2452/2452
f 5834/5834 5835/5835 5836/5836
f 1499/1499 1471/1471 1473/1473
f 5836/5836 5839/5839 5844/5844
f 5839/5839 5860/5860 5844/5844
f 4733/4733 4735/4735 4737/4737
f 4737/4737 4735/4735 4736/4736
f 4737/4737 4736/4736 4738/4738
f 4738/4738 4736/4736 4739/4739
f 7332/7332 7333/7333 7334/7334
f 7340/7340 7333/7333 7336/7336
f 6777/6777 6754/6754 6776/6776
f 6776/6776 6754/6754 6753/6753
f 6754/6754 6749/6749 6753/6753
f 6753/6753 6749/6749 6752/6752
f 6752/6752 6749/6749 6750/6750
f 4739/4739 4850/4850 4851/4851
f 6061/6061 6091/6091 6057/6057
f 4843/4843 4897/4897 4844/4844
f 4817/4817 4815/4815 4816/4816
f 2463/2463 2455/2455 2460/2460
f 1473/1473 1471/1471 1472/1472
f 4804/4804 4797/4797 4805/4805
f 2464/2464 2463/2463 2460/2460
f 4816/4816 4815/4815 4814/4814
f 4898/4898 4882/4882 4887/4887
f 4888/4888 4884/4884 4893/4893
f 365/365 290/290 292/292
f 524/524 457/457 544/544
f 2449/2449 2442/2442 2635/2635
f 2448/2448 2442/2442 2449/2449
f 5855/5855 5861/5861 5871/5871
f 2452/2452 2437/2437 2450/2450
f 5861/5861 5835/5835 5837/5837
f 2454/2454 2446/2446 2452/2452
f 6713/6713 6712/6712 6714/6714
f 5839/5839 5857/5857 5860/5860
f 4733/4733 4729/4729 4732/4732
f 4733/4733 4732/4732 4734/4734
f 4733/4733 4734/4734 4735/4735
f 4735/4735 4734/4734 4736/4736
f 7332/7332 7335/7335 7333/7333
f 4736/4736 4850/4850 4739/4739
f 4844/4844 4845/4845 4817/4817
f 6750/6750 6710/6710 6751/6751
f 4803/4803 4804/4804 4851/4851
f 4850/4850 4803/4803 4851/4851
f 4897/4897 4899/4899 4844/4844
f 2460/2460 2455/2455 2454/2454
f 4803/4803 4797/4797 4804/4804
f 4895/4895 4886/4886 4897/4897
f 4814/4814 4811/4811 4813/4813
f 4814/4814 4815/4815 4811/4811
f 4884/4884 4886/4886 4895/4895
f 4805/4805 4883/4883 4882/4882
f 4882/4882 4884/4884 4887/4887
f 4887/4887 4884/4884 4888/4888
f 943/943 937/937 955/955
f 575/575 563/563 574/574
f 2698/2698 2721/2721 2720/2720
f 2448/2448 2434/2434 2442/2442
f 1419/1419 1421/1421 1434/1434
f 5848/5848 5841/5841 5861/5861
f 1434/1434 1421/1421 1499/1499
f 5861/5861 5841/5841 5835/5835
f 2452/2452 2438/2438 2437/2437
f 5835/5835 5840/5840 5839/5839
f 4727/4727 4728/4728 4729/4729
f 5839/5839 5840/5840 5857/5857
f 4729/4729 4728/4728 4731/4731
f 4729/4729 4731/4731 4732/4732
f 2454/2454 2447/2447 2446/2446
f 7333/7333 7335/7335 7336/7336
f 6754/6754 6708/6708 6749/6749
f 4734/4734 4850/4850 4736/4736
f 4734/4734 4732/4732 4850/4850
f 6062/6062 6063/6063 6061/6061
f 6060/6060 6062/6062 6061/6061
f 6061/6061 6063/6063 6091/6091
f 4899/4899 4845/4845 4844/4844
f 4845/4845 4865/4865 4811/4811
f 4845/4845 4811/4811 4815/4815
f 6989/6989 6963/6963 6967/6967
f 6970/6970 6973/6973 6976/6976
f 6976/6976 6973/6973 6975/6975
f 4897/4897 4886/4886 4899/4899
f 4813/4813 4811/4811 4812/4812
f 6968/6968 6969/6969 6970/6970
f 48/48 170/170 53/53
f 545/545 544/544 563/563
f 1422/1422 1420/1420 1419/1419
f 5855/5855 5848/5848 5861/5861
f 5841/5841 5840/5840 5835/5835
f 5841/5841 5842/5842 5840/5840
f 4726/4726 4725/4725 4727/4727
f 4727/4727 4725/4725 4728/4728
f 4731/4731 4853/4853 4732/4732
f 4732/4732 4853/4853 4850/4850
f 4845/4845 4907/4907 4865/4865
f 4800/4800 4803/4803 4850/4850
f 4850/4850 4853/4853 4800/4800
f 6990/6990 6963/6963 6989/6989
f 6970/6970 6971/6971 6973/6973
f 4800/4800 4797/4797 4803/4803
f 6969/6969 6971/6971 6970/6970
f 4797/4797 4883/4883 4805/4805
f 8384/8384 8342/8342 8394/8394
f 8348/8348 8342/8342 8339/8339
f 8342/8342 8384/8384 8337/8337
f 8342/8342 8337/8337 8339/8339
f 8384/8384 8386/8386 8337/8337
f 8386/8386 8335/8335 8337/8337
f 8335/8335 8385/8385 8338/8338
f 280/280 265/265 262/262
f 262/262 265/265 261/261
f 2721/2721 2739/2739 2720/2720
f 2636/2636 2371/2371 2370/2370
f 2371/2371 2374/2374 2373/2373
f 1420/1420 1421/1421 1419/1419
f 5841/5841 5843/5843 5842/5842
f 4726/4726 4724/4724 4725/4725
f 4730/4730 4853/4853 4731/4731
f 6710/6710 6712/6712 6713/6713
f 2447/2447 2440/2440 2446/2446
f 6749/6749 6710/6710 6750/6750
f 2444/2444 2440/2440 2447/2447
f 4811/4811 4809/4809 4810/4810
f 4811/4811 4810/4810 4812/4812
f 8348/8348 8339/8339 8388/8388
f 8407/8407 8380/8380 8384/8384
f 8380/8380 8382/8382 8384/8384
f 8382/8382 8386/8386 8384/8384
f 8337/8337 8336/8336 8339/8339
f 8335/8335 8336/8336 8337/8337
f 8385/8385 8335/8335 8386/8386
f 8382/8382 8385/8385 8386/8386
f 8335/8335 8338/8338 8336/8336
f 8338/8338 8341/8341 8336/8336
f 8338/8338 8359/8359 8341/8341
f 2442/2442 2439/2439 2635/2635
f 2635/2635 2439/2439 2634/2634
f 5855/5855 5854/5854 5848/5848
f 5854/5854 5849/5849 5848/5848
f 5848/5848 5849/5849 5843/5843
f 5848/5848 5843/5843 5841/5841
f 2438/2438 2433/2433 2437/2437
f 5843/5843 5853/5853 5842/5842
f 5842/5842 5853/5853 5863/5863
f 4723/4723 4720/4720 4724/4724
f 4724/4724 4720/4720 4725/4725
f 6708/6708 6707/6707 6749/6749
f 6707/6707 6710/6710 6749/6749
f 4853/4853 4730/4730 4830/4830
f 4907/4907 4906/4906 4859/4859
f 4907/4907 4859/4859 4865/4865
f 6062/6062 6064/6064 6063/6063
f 7332/7332 7338/7338 7337/7337
f 7332/7332 7337/7337 7335/7335
f 4830/4830 4800/4800 4853/4853
f 4845/4845 4909/4909 4907/4907
f 4859/4859 4807/4807 4809/4809
f 6963/6963 6966/6966 6967/6967
f 6973/6973 6974/6974 6975/6975
f 4830/4830 4796/4796 4800/4800
f 4800/4800 4796/4796 4673/4673
f 4800/4800 4673/4673 4797/4797
f 4899/4899 4909/4909 4845/4845
f 4809/4809 4808/4808 4810/4810
f 6967/6967 6966/6966 6968/6968
f 6968/6968 6966/6966 6969/6969
f 4886/4886 4874/4874 4899/4899
f 4797/4797 4794/4794 4883/4883
f 4883/4883 4878/4878 4882/4882
f 4884/4884 4874/4874 4886/4886
f 494/494 492/492 491/491
f 8393/8393 8348/8348 8390/8390
f 8348/8348 8388/8388 8390/8390
f 8339/8339 8343/8343 8388/8388
f 8664/8664 8643/8643 8663/8663
f 8381/8381 8379/8379 8380/8380
f 8379/8379 8378/8378 8380/8380
f 8378/8378 8382/8382 8380/8380
f 8336/8336 8340/8340 8339/8339
f 8339/8339 8340/8340 8343/8343
f 8378/8378 8373/8373 8382/8382
f 8382/8382 8373/8373 8385/8385
f 8336/8336 8341/8341 8340/8340
f 8385/8385 8373/8373 8338/8338
f 8373/8373 8375/8375 8338/8338
f 8375/8375 8359/8359 8338/8338
f 544/544 546/546 563/563
f 2777/2777 2749/2749 2757/2757
f 2749/2749 2590/2590 2698/2698
f 2757/2757 2749/2749 2698/2698
f 2698/2698 2590/2590 2721/2721
f 2721/2721 2740/2740 2739/2739
f 2635/2635 2633/2633 2636/2636
f 5858/5858 5854/5854 5855/5855
f 5843/5843 5849/5849 5853/5853
f 4720/4720 4721/4721 4725/4725
f 4730/4730 4721/4721 4830/4830
f 2440/2440 2435/2435 2446/2446
f 4909/4909 4906/4906 4907/4907
f 2444/2444 2441/2441 2440/2440
f 4797/4797 4673/4673 4794/4794
f 4875/4875 4874/4874 4884/4884
f 428/428 405/405 396/396
f 396/396 405/405 379/379
f 8402/8402 8405/8405 8384/8384
f 8394/8394 8348/8348 8393/8393
f 8408/8408 8407/8407 8406/8406
f 8406/8406 8407/8407 8405/8405
f 8388/8388 8343/8343 8389/8389
f 8389/8389 8343/8343 8347/8347
f 8343/8343 8345/8345 8347/8347
f 8643/8643 8647/8647 8663/8663
f 8643/8643 8646/8646 8647/8647
f 8343/8343 8340/8340 8344/8344
f 8383/8383 8374/8374 8379/8379
f 8379/8379 8374/8374 8378/8378
f 8383/8383 8376/8376 8374/8374
f 8374/8374 8373/8373 8378/8378
f 8340/8340 8341/8341 8344/8344
f 8374/8374 8371/8371 8373/8373
f 8359/8359 8350/8350 8341/8341
f 8375/8375 8358/8358 8359/8359
f 249/249 267/267 248/248
f 248/248 267/267 270/270
f 5358/5358 5359/5359 5317/5317
f 2439/2439 2426/2426 2634/2634
f 2635/2635 2634/2634 2633/2633
f 5859/5859 5854/5854 5858/5858
f 5849/5849 5862/5862 5853/5853
f 4723/4723 4717/4717 4720/4720
f 6708/6708 6702/6702 6707/6707
f 4721/4721 4632/4632 4830/4830
f 4906/4906 4905/4905 4859/4859
f 4830/4830 4632/4632 4796/4796
f 4794/4794 4878/4878 4883/4883
f 4878/4878 4875/4875 4882/4882
f 4882/4882 4875/4875 4884/4884
f 8399/8399 8402/8402 8393/8393
f 8402/8402 8394/8394 8393/8393
f 8416/8416 8408/8408 8406/8406
f 8668/8668 8643/8643 8664/8664
f 8416/8416 8381/8381 8408/8408
f 8647/8647 8646/8646 8648/8648
f 8344/8344 8346/8346 8345/8345
f 8646/8646 8649/8649 8648/8648
f 8344/8344 8341/8341 8349/8349
f 8344/8344 8349/8349 8346/8346
f 8376/8376 8371/8371 8374/8374
f 8350/8350 8349/8349 8341/8341
f 8359/8359 8357/8357 8350/8350
f 8359/8359 8358/8358 8357/8357
f 457/457 546/546 544/544
f 2633/2633 2706/2706 2636/2636
f 2636/2636 2706/2706 2371/2371
f 4719/4719 4722/4722 4721/4721
f 4717/4717 4719/4719 4720/4720
f 6709/6709 6711/6711 6710/6710
f 6710/6710 6711/6711 6712/6712
f 4721/4721 4722/4722 4632/4632
f 4905/4905 4860/4860 4859/4859
f 2432/2432 2430/2430 2435/2435
f 1471/1471 1470/1470 1472/1472
f 6064/6064 6065/6065 6063/6063
f 6065/6065 6697/6697 6091/6091
f 6063/6063 6065/6065 6091/6091
f 6707/6707 6709/6709 6710/6710
f 4859/4859 4860/4860 4807/4807
f 2441/2441 2443/2443 2432/2432
f 2441/2441 2432/2432 2440/2440
f 6410/6410 6407/6407 6434/6434
f 6434/6434 6407/6407 6435/6435
f 6963/6963 6965/6965 6966/6966
f 6441/6441 6439/6439 6440/6440
f 6971/6971 6969/6969 6972/6972
f 6971/6971 6972/6972 6973/6973
f 4796/4796 4661/4661 4673/4673
f 4807/4807 4801/4801 4791/4791
f 4807/4807 4791/4791 4808/4808
f 4673/4673 4661/4661 4663/4663
f 4673/4673 4663/4663 4794/4794
f 8395/8395 8393/8393 8390/8390
f 8404/8404 8405/8405 8403/8403
f 8404/8404 8406/8406 8405/8405
f 8390/8390 8389/8389 8391/8391
f 8389/8389 8347/8347 8419/8419
f 8668/8668 8669/8669 8643/8643
f 8349/8349 8362/8362 8346/8346
f 8852/8852 8846/8846 8842/8842
f 8371/8371 8370/8370 8373/8373
f 8373/8373 8370/8370 8375/8375
f 8370/8370 8364/8364 8375/8375
f 8364/8364 8358/8358 8375/8375
f 261/261 265/265 249/249
f 2721/2721 2737/2737 2740/2740
f 5799/5799 5798/5798 5801/5801
f 1420/1420 1424/1424 1421/1421
f 5798/5798 5800/5800 5801/5801
f 1421/1421 1462/1462 1499/1499
f 5854/5854 5856/5856 5849/5849
f 5856/5856 5867/5867 5862/5862
f 5849/5849 5856/5856 5862/5862
f 4719/4719 4633/4633 4722/4722
f 4633/4633 4630/4630 4722/4722
f 6702/6702 6703/6703 6707/6707
f 4722/4722 4630/4630 4632/4632
f 4905/4905 4904/4904 4860/4860
f 6064/6064 6066/6066 6065/6065
f 4630/4630 4631/4631 4632/4632
f 4906/4906 4901/4901 4905/4905
f 4901/4901 4904/4904 4905/4905
f 6963/6963 6964/6964 6965/6965
f 6966/6966 6982/6982 6969/6969
f 6969/6969 6982/6982 6972/6972
f 6973/6973 6972/6972 6974/6974
f 4632/4632 4631/4631 4796/4796
f 4796/4796 4631/4631 4661/4661
f 6959/6959 6961/6961 6963/6963
f 4874/4874 4871/4871 4909/4909
f 8399/8399 8403/8403 8402/8402
f 8668/8668 8671/8671 8669/8669
f 8404/8404 8416/8416 8406/8406
f 8391/8391 8389/8389 8419/8419
f 8669/8669 8642/8642 8643/8643
f 8643/8643 8642/8642 8641/8641
f 8641/8641 8646/8646 8643/8643
f 8641/8641 8638/8638 8646/8646
f 8649/8649 8650/8650 8648/8648
f 8648/8648 8650/8650 8662/8662
f 8376/8376 8377/8377 8371/8371
f 5352/5352 5359/5359 5358/5358
f 5797/5797 5796/5796 5799/5799
f 5799/5799 5796/5796 5798/5798
f 1424/1424 1428/1428 1421/1421
f 1499/1499 1462/1462 1471/1471
f 6712/6712 6762/6762 6714/6714
f 4717/4717 4629/4629 4719/4719
f 4633/4633 4628/4628 4630/4630
f 1471/1471 1462/1462 1470/1470
f 4904/4904 4866/4866 4860/4860
f 6066/6066 6085/6085 6065/6065
f 6065/6065 6085/6085 6697/6697
f 4860/4860 4866/4866 4801/4801
f 4801/4801 4790/4790 4791/4791
f 4791/4791 4790/4790 4789/4789
f 2443/2443 2436/2436 2432/2432
f 6961/6961 6964/6964 6963/6963
f 4661/4661 4662/4662 4663/4663
f 4874/4874 4872/4872 4871/4871
f 841/841 836/836 940/940
f 8398/8398 8399/8399 8393/8393
f 365/365 297/297 290/290
f 8410/8410 8404/8404 8403/8403
f 8395/8395 8390/8390 8392/8392
f 8390/8390 8391/8391 8392/8392
f 8671/8671 8670/8670 8669/8669
f 8642/8642 8632/8632 8641/8641
f 8638/8638 8645/8645 8646/8646
f 8645/8645 8649/8649 8646/8646
f 8349/8349 8363/8363 8362/8362
f 8350/8350 8351/8351 8349/8349
f 8349/8349 8351/8351 8363/8363
f 8350/8350 8352/8352 8351/8351
f 8357/8357 8352/8352 8350/8350
f 8358/8358 8356/8356 8357/8357
f 8358/8358 8364/8364 8360/8360
f 8358/8358 8360/8360 8356/8356
f 266/266 267/267 249/249
f 2426/2426 2420/2420 2634/2634
f 1421/1421 1428/1428 1462/1462
f 5798/5798 5789/5789 5800/5800
f 2429/2429 2419/2419 2427/2427
f 5800/5800 5764/5764 5802/5802
f 4716/4716 4715/4715 4717/4717
f 4717/4717 4715/4715 4629/4629
f 4629/4629 4628/4628 4633/4633
f 4628/4628 4622/4622 4630/4630
f 4904/4904 4903/4903 4866/4866
f 4903/4903 4867/4867 4866/4866
f 6066/6066 6069/6069 6085/6085
f 4622/4622 4631/4631 4630/4630
f 4904/4904 4901/4901 4903/4903
f 4866/4866 4867/4867 4790/4790
f 2436/2436 2431/2431 2432/2432
f 6395/6395 6089/6089 6086/6086
f 6395/6395 6086/6086 6439/6439
f 6439/6439 6086/6086 6440/6440
f 6984/6984 6983/6983 6982/6982
f 6982/6982 6983/6983 6972/6972
f 6972/6972 6983/6983 6985/6985
f 6072/6072 6070/6070 6074/6074
f 6074/6074 6070/6070 6067/6067
f 4874/4874 4875/4875 4872/4872
f 495/495 492/492 494/494
f 428/428 427/427 405/405
f 8673/8673 8670/8670 8671/8671
f 8392/8392 8391/8391 8419/8419
f 8642/8642 8633/8633 8632/8632
f 8789/8789 8840/8840 8797/8797
f 280/280 281/281 279/279
f 8377/8377 8369/8369 8371/8371
f 8371/8371 8369/8369 8370/8370
f 8369/8369 8367/8367 8370/8370
f 8370/8370 8367/8367 8364/8364
f 8357/8357 8356/8356 8352/8352
f 249/249 265/265 266/266
f 436/436 270/270 438/438
f 2590/2590 2737/2737 2721/2721
f 2429/2429 2430/2430 2419/2419
f 5764/5764 5766/5766 5802/5802
f 4716/4716 4712/4712 4715/4715
f 4715/4715 4611/4611 4629/4629
f 4629/4629 4611/4611 4628/4628
f 6702/6702 6700/6700 6703/6703
f 4628/4628 4611/4611 4609/4609
f 4628/4628 4609/4609 4622/4622
f 2432/2432 2431/2431 2430/2430
f 6454/6454 6088/6088 6089/6089
f 6089/6089 6088/6088 6087/6087
f 6087/6087 6088/6088 6082/6082
f 6072/6072 6073/6073 6071/6071
f 6072/6072 6071/6071 6070/6070
f 6070/6070 6071/6071 6069/6069
f 7348/7348 7341/7341 7350/7350
f 7350/7350 7341/7341 7343/7343
f 7338/7338 7339/7339 7337/7337
f 6707/6707 6703/6703 6709/6709
f 4609/4609 4610/4610 4622/4622
f 4867/4867 4788/4788 4790/4790
f 4790/4790 4788/4788 4789/4789
f 6410/6410 6408/6408 6407/6407
f 6959/6959 6960/6960 6961/6961
f 6960/6960 6962/6962 6961/6961
f 6396/6396 6089/6089 6395/6395
f 6082/6082 6083/6083 6086/6086
f 6087/6087 6082/6082 6086/6086
f 6986/6986 6987/6987 6983/6983
f 6984/6984 6986/6986 6983/6983
f 6987/6987 6988/6988 6983/6983
f 6983/6983 6988/6988 6985/6985
f 4622/4622 4610/4610 4631/4631
f 4631/4631 4610/4610 4661/4661
f 4663/4663 4878/4878 4794/4794
f 1553/1553 1560/1560 1554/1554
f 1551/1551 1553/1553 1554/1554
f 405/405 366/366 379/379
f 8409/8409 8403/8403 8398/8398
f 8398/8398 8393/8393 8396/8396
f 8396/8396 8393/8393 8395/8395
f 379/379 366/366 365/365
f 8412/8412 8403/8403 8409/8409
f 8411/8411 8410/8410 8403/8403
f 8395/8395 8392/8392 8401/8401
f 8401/8401 8392/8392 8417/8417
f 8392/8392 8419/8419 8417/8417
f 8786/8786 8787/8787 8785/8785
f 8669/8669 8634/8634 8633/8633
f 8641/8641 8632/8632 8638/8638
f 8645/8645 8619/8619 8649/8649
f 280/280 279/279 265/265
f 8619/8619 8621/8621 8649/8649
f 8649/8649 8621/8621 8650/8650
f 8651/8651 8665/8665 8650/8650
f 8650/8650 8665/8665 8662/8662
f 8369/8369 8368/8368 8367/8367
f 8356/8356 8355/8355 8352/8352
f 8367/8367 8366/8366 8364/8364
f 8366/8366 8365/8365 8364/8364
f 8364/8364 8365/8365 8360/8360
f 8360/8360 8361/8361 8356/8356
f 8356/8356 8361/8361 8355/8355
f 546/546 562/562 563/563
f 563/563 562/562 574/574
f 2634/2634 2420/2420 2633/2633
f 5789/5789 5764/5764 5800/5800
f 6711/6711 6762/6762 6712/6712
f 4715/4715 4712/4712 4611/4611
f 6702/6702 6661/6661 6700/6700
f 4903/4903 4908/4908 4867/4867
f 6397/6397 6400/6400 6454/6454
f 7513/7513 7514/7514 7515/7515
f 7515/7515 7514/7514 7516/7516
f 6088/6088 6870/6870 6082/6082
f 6870/6870 6084/6084 6082/6082
f 6082/6082 6084/6084 6080/6080
f 6084/6084 6076/6076 6080/6080
f 6080/6080 6076/6076 6073/6073
f 6073/6073 6076/6076 6075/6075
f 6073/6073 6075/6075 6071/6071
f 7346/7346 7341/7341 7347/7347
f 7347/7347 7341/7341 7348/7348
f 6697/6697 6656/6656 6661/6661
f 4902/4902 4908/4908 4903/4903
f 4789/4789 4788/4788 4787/4787
f 6408/6408 6406/6406 6407/6407
f 4610/4610 4659/4659 4661/4661
f 8409/8409 8398/8398 8396/8396
f 8396/8396 8395/8395 8397/8397
f 8397/8397 8395/8395 8400/8400
f 8400/8400 8395/8395 8401/8401
f 8672/8672 8670/8670 8673/8673
f 8670/8670 8639/8639 8669/8669
f 8639/8639 8634/8634 8669/8669
f 8845/8845 8838/8838 8797/8797
f 8621/8621 8651/8651 8650/8650
f 8857/8857 8851/8851 8853/8853
f 8651/8651 8626/8626 8665/8665
f 8665/8665 8628/8628 8666/8666
f 8352/8352 8354/8354 8353/8353
f 8352/8352 8353/8353 8351/8351
f 8368/8368 8366/8366 8367/8367
f 8355/8355 8354/8354 8352/8352
f 8994/8994 8985/8985 8996/8996
f 8985/8985 8995/8995 8996/8996
f 443/443 456/456 457/457
f 562/562 573/573 574/574
f 2749/2749 2589/2589 2590/2590
f 2590/2590 2586/2586 2737/2737
f 5804/5804 5787/5787 5797/5797
f 2426/2426 2421/2421 2420/2420
f 5797/5797 5787/5787 5796/5796
f 2426/2426 2417/2417 2421/2421
f 5796/5796 5787/5787 5786/5786
f 5796/5796 5786/5786 5798/5798
f 5798/5798 5786/5786 5789/5789
f 5763/5763 5766/5766 5764/5764
f 4712/4712 4608/4608 4611/4611
f 4611/4611 4608/4608 4609/4609
f 4908/4908 4854/4854 4867/4867
f 6397/6397 6398/6398 6399/6399
f 6397/6397 6399/6399 6400/6400
f 6399/6399 6870/6870 6400/6400
f 6870/6870 6931/6931 6447/6447
f 6870/6870 6447/6447 6084/6084
f 6084/6084 6447/6447 6076/6076
f 6076/6076 6077/6077 6075/6075
f 7346/7346 7345/7345 7341/7341
f 7341/7341 7344/7344 7342/7342
f 7341/7341 7342/7342 7343/7343
f 4854/4854 4786/4786 4788/4788
f 4788/4788 4786/4786 4787/4787
f 6438/6438 6401/6401 6396/6396
f 4873/4873 4902/4902 4901/4901
f 4871/4871 4873/4873 4901/4901
f 4661/4661 4659/4659 4660/4660
f 4661/4661 4660/4660 4662/4662
f 4660/4660 4658/4658 4662/4662
f 1563/1563 1553/1553 1552/1552
f 8397/8397 8400/8400 8420/8420
f 8415/8415 8411/8411 8413/8413
f 8413/8413 8411/8411 8412/8412
f 8685/8685 8652/8652 8672/8672
f 8400/8400 8401/8401 8414/8414
f 365/365 366/366 297/297
f 8401/8401 8417/8417 8414/8414
f 8786/8786 8785/8785 8771/8771
f 8652/8652 8639/8639 8670/8670
f 8652/8652 8670/8670 8672/8672
f 8652/8652 8640/8640 8639/8639
f 8634/8634 8631/8631 8633/8633
f 8632/8632 8613/8613 8638/8638
f 281/281 282/282 279/279
f 8638/8638 8613/8613 8616/8616
f 8616/8616 8645/8645 8638/8638
f 8645/8645 8616/8616 8619/8619
f 8621/8621 8623/8623 8651/8651
f 8651/8651 8623/8623 8624/8624
f 8624/8624 8626/8626 8651/8651
f 8626/8626 8628/8628 8665/8665
f 8628/8628 8654/8654 8666/8666
f 8654/8654 8667/8667 8666/8666
f 8368/8368 8372/8372 8366/8366
f 8354/8354 8387/8387 8353/8353
f 8355/8355 8387/8387 8354/8354
f 8994/8994 8967/8967 8985/8985
f 8985/8985 8952/8952 8995/8995
f 2589/2589 2586/2586 2590/2590
f 2633/2633 2707/2707 2706/2706
f 2706/2706 2622/2622 2371/2371
f 5789/5789 5765/5765 5764/5764
f 5764/5764 5765/5765 5762/5762
f 4712/4712 4711/4711 4608/4608
f 6700/6700 6661/6661 6699/6699
f 6700/6700 6704/6704 6703/6703
f 4608/4608 4602/4602 4609/4609
f 6399/6399 6931/6931 6870/6870
f 6931/6931 6079/6079 6447/6447
f 6447/6447 6079/6079 6076/6076
f 6076/6076 6079/6079 6077/6077
f 6075/6075 6077/6077 6078/6078
f 7345/7345 7344/7344 7341/7341
f 6703/6703 6763/6763 6709/6709
f 6755/6755 6731/6731 6709/6709
f 4609/4609 4602/4602 4610/4610
f 6406/6406 6403/6403 6407/6407
f 6407/6407 6403/6403 6438/6438
f 6438/6438 6403/6403 6401/6401
f 4662/4662 4658/4658 4663/4663
f 8418/8418 8400/8400 8414/8414
f 8771/8771 8770/8770 8772/8772
f 8771/8771 8785/8785 8769/8769
f 8639/8639 8637/8637 8634/8634
f 8634/8634 8635/8635 8631/8631
f 8632/8632 8618/8618 8613/8613
f 8988/8988 8967/8967 8994/8994
f 8995/8995 8952/8952 8983/8983
f 8967/8967 8935/8935 8985/8985
f 5360/5360 5361/5361 5359/5359
f 562/562 572/572 573/573
f 5365/5365 5364/5364 5362/5362
f 6700/6700 6705/6705 6704/6704
f 6705/6705 6706/6706 6704/6704
f 6704/6704 6706/6706 6763/6763
f 6704/6704 6763/6763 6703/6703
f 5544/5544 5545/5545 5546/5546
f 5545/5545 5547/5547 5546/5546
f 5546/5546 5547/5547 5550/5550
f 5550/5550 5547/5547 5549/5549
f 5547/5547 5548/5548 5549/5549
f 5549/5549 5548/5548 5551/5551
f 5549/5549 5551/5551 5552/5552
f 7345/7345 7349/7349 7344/7344
f 6709/6709 6763/6763 6755/6755
f 4786/4786 4785/4785 4787/4787
f 2431/2431 2425/2425 2422/2422
f 6403/6403 6402/6402 6401/6401
f 4902/4902 4910/4910 4908/4908
f 4659/4659 4658/4658 4660/4660
f 4875/4875 4881/4881 4872/4872
f 4871/4871 4872/4872 4873/4873
f 4872/4872 4890/4890 4873/4873
f 8479/8479 8478/8478 8488/8488
f 8640/8640 8637/8637 8639/8639
f 8769/8769 8785/8785 8764/8764
f 8637/8637 8635/8635 8634/8634
f 8632/8632 8607/8607 8618/8618
f 8793/8793 8835/8835 8747/8747
f 8621/8621 8620/8620 8623/8623
f 8623/8623 8620/8620 8624/8624
f 9012/9012 9013/9013 9014/9014
f 8992/8992 8990/8990 8989/8989
f 2632/2632 2630/2630 2633/2633
f 2420/2420 2632/2632 2633/2633
f 2633/2633 2630/2630 2707/2707
f 5762/5762 5759/5759 5763/5763
f 4718/4718 4826/4826 4714/4714
f 4718/4718 4714/4714 4712/4712
f 4712/4712 4714/4714 4711/4711
f 6699/6699 6767/6767 6700/6700
f 6767/6767 6705/6705 6700/6700
f 6763/6763 6706/6706 6929/6929
f 6709/6709 6731/6731 6711/6711
f 6432/6432 6427/6427 6429/6429
f 4854/4854 4855/4855 4786/4786
f 2425/2425 2408/2408 2422/2422
f 6406/6406 6404/6404 6403/6403
f 6403/6403 6404/6404 6402/6402
f 6404/6404 6405/6405 6402/6402
f 5545/5545 5556/5556 5547/5547
f 6405/6405 6437/6437 6402/6402
f 5556/5556 5553/5553 5547/5547
f 7131/7131 7132/7132 7133/7133
f 6437/6437 6423/6423 6430/6430
f 5547/5547 5553/5553 5548/5548
f 5548/5548 5553/5553 5554/5554
f 6430/6430 6423/6423 6424/6424
f 5548/5548 5554/5554 5551/5551
f 6424/6424 6423/6423 6422/6422
f 5554/5554 5555/5555 5551/5551
f 6424/6424 6422/6422 6425/6425
f 6872/6872 6797/6797 6799/6799
f 4610/4610 4604/4604 4659/4659
f 4604/4604 4658/4658 4659/4659
f 4873/4873 4910/4910 4902/4902
f 4878/4878 4877/4877 4875/4875
f 8652/8652 8674/8674 8640/8640
f 290/290 297/297 288/288
f 8632/8632 8631/8631 8607/8607
f 8618/8618 8609/8609 8613/8613
f 8609/8609 8611/8611 8613/8613
f 8613/8613 8611/8611 8616/8616
f 8616/8616 8611/8611 8617/8617
f 8616/8616 8617/8617 8619/8619
f 8619/8619 8620/8620 8621/8621
f 8626/8626 8625/8625 8628/8628
f 8973/8973 8972/8972 8974/8974
f 8990/8990 8987/8987 8989/8989
f 8989/8989 8987/8987 8988/8988
f 8988/8988 8987/8987 8967/8967
f 8983/8983 8938/8938 8973/8973
f 270/270 432/432 438/438
f 438/438 432/432 443/443
f 5804/5804 5785/5785 5787/5787
f 2415/2415 2416/2416 2420/2420
f 2421/2421 2415/2415 2420/2420
f 1424/1424 1427/1427 1428/1428
f 5786/5786 5788/5788 5789/5789
f 5765/5765 5757/5757 5762/5762
f 2409/2409 2412/2412 2418/2418
f 5762/5762 5757/5757 5759/5759
f 4711/4711 4612/4612 4608/4608
f 4612/4612 4605/4605 4608/4608
f 1462/1462 1461/1461 1470/1470
f 6701/6701 6767/6767 6699/6699
f 6929/6929 6758/6758 6763/6763
f 6758/6758 6756/6756 6755/6755
f 6763/6763 6758/6758 6755/6755
f 4608/4608 4605/4605 4602/4602
f 4910/4910 4855/4855 4854/4854
f 6426/6426 6428/6428 6427/6427
f 6427/6427 6428/6428 6429/6429
f 4949/4949 4950/4950 4951/4951
f 4951/4951 4950/4950 4956/4956
f 4956/4956 4950/4950 4957/4957
f 4956/4956 4958/4958 4959/4959
f 7275/7275 7272/7272 7274/7274
f 7274/7274 7272/7272 7273/7273
f 6755/6755 6756/6756 6731/6731
f 4602/4602 4604/4604 4610/4610
f 4855/4855 4784/4784 4786/4786
f 4786/4786 4784/4784 4785/4785
f 6437/6437 6416/6416 6423/6423
f 6421/6421 6422/6422 6423/6423
f 6422/6422 6426/6426 6425/6425
f 6797/6797 6786/6786 6787/6787
f 6797/6797 6787/6787 6799/6799
f 6787/6787 6790/6790 6799/6799
f 6872/6872 6799/6799 6793/6793
f 6799/6799 6790/6790 6793/6793
f 4873/4873 4890/4890 4910/4910
f 4663/4663 4658/4658 4876/4876
f 4663/4663 4876/4876 4878/4878
f 836/836 935/935 940/940
f 477/477 433/433 427/427
f 8674/8674 8675/8675 8640/8640
f 8764/8764 8753/8753 8757/8757
f 8618/8618 8607/8607 8609/8609
f 8611/8611 8614/8614 8617/8617
f 8617/8617 8620/8620 8619/8619
f 8859/8859 8870/8870 8858/8858
f 8973/8973 8938/8938 8972/8972
f 5787/5787 5785/5785 5784/5784
f 5787/5787 5784/5784 5786/5786
f 5786/5786 5784/5784 5783/5783
f 5786/5786 5783/5783 5788/5788
f 5789/5789 5788/5788 5765/5765
f 1428/1428 1461/1461 1462/1462
f 5757/5757 5758/5758 5759/5759
f 6661/6661 6696/6696 6698/6698
f 6661/6661 6698/6698 6699/6699
f 6698/6698 6701/6701 6699/6699
f 6731/6731 6732/6732 6711/6711
f 4911/4911 4868/4868 4910/4910
f 4910/4910 4868/4868 4855/4855
f 4952/4952 4953/4953 4949/4949
f 4952/4952 4949/4949 4951/4951
f 6758/6758 6929/6929 6759/6759
f 4855/4855 4868/4868 4784/4784
f 4784/4784 4783/4783 4785/4785
f 6423/6423 6416/6416 6421/6421
f 6783/6783 6782/6782 6784/6784
f 6783/6783 6784/6784 6786/6786
f 6784/6784 6787/6787 6786/6786
f 6790/6790 6792/6792 6793/6793
f 7272/7272 7270/7270 7273/7273
f 7272/7272 7271/7271 7270/7270
f 4881/4881 4885/4885 4872/4872
f 4872/4872 4885/4885 4890/4890
f 1582/1582 1563/1563 1552/1552
f 8640/8640 8677/8677 8637/8637
f 8637/8637 8636/8636 8635/8635
f 8620/8620 8615/8615 8624/8624
f 8624/8624 8625/8625 8626/8626
f 8628/8628 8653/8653 8654/8654
f 8964/8964 8949/8949 8992/8992
f 8992/8992 8950/8950 8990/8990
f 8938/8938 8971/8971 8972/8972
f 268/268 267/267 266/266
f 2706/2706 2707/2707 2622/2622
f 5788/5788 5757/5757 5765/5765
f 6732/6732 6733/6733 6711/6711
f 6711/6711 6733/6733 6762/6762
f 4714/4714 4713/4713 4711/4711
f 6656/6656 6659/6659 6661/6661
f 6661/6661 6659/6659 6696/6696
f 6696/6696 6806/6806 6698/6698
f 4605/4605 4603/4603 4602/4602
f 6426/6426 6431/6431 6428/6428
f 6431/6431 6655/6655 6429/6429
f 6428/6428 6431/6431 6429/6429
f 6429/6429 6655/6655 6656/6656
f 4955/4955 4954/4954 4952/4952
f 4952/4952 4954/4954 4953/4953
f 6758/6758 6759/6759 6756/6756
f 6759/6759 6757/6757 6756/6756
f 6757/6757 6731/6731 6756/6756
f 4602/4602 4603/4603 4604/4604
f 4868/4868 4782/4782 4784/4784
f 4784/4784 4782/4782 4783/4783
f 2424/2424 2408/2408 2425/2425
f 6406/6406 6433/6433 6404/6404
f 6433/6433 6411/6411 6404/6404
f 6404/6404 6411/6411 6405/6405
f 6405/6405 6412/6412 6437/6437
f 6421/6421 6420/6420 6422/6422
f 6422/6422 6420/6420 6941/6941
f 6422/6422 6941/6941 6426/6426
f 6676/6676 6691/6691 6813/6813
f 6813/6813 6691/6691 6783/6783
f 6783/6783 6691/6691 6782/6782
f 6784/6784 6788/6788 6787/6787
f 6790/6790 6787/6787 6789/6789
f 6787/6787 6788/6788 6789/6789
f 4876/4876 4877/4877 4878/4878
f 4877/4877 4881/4881 4875/4875
f 8637/8637 8677/8677 8636/8636
f 8636/8636 8631/8631 8635/8635
f 8607/8607 8608/8608 8609/8609
f 8609/8609 8608/8608 8611/8611
f 8614/8614 8620/8620 8617/8617
f 8625/8625 8653/8653 8628/8628
f 8653/8653 8655/8655 8654/8654
f 8964/8964 8963/8963 8949/8949
f 8992/8992 8949/8949 8950/8950
f 8950/8950 8987/8987 8990/8990
f 8987/8987 8940/8940 8967/8967
f 8935/8935 8933/8933 8985/8985
f 8985/8985 8933/8933 8952/8952
f 5385/5385 5400/5400 5359/5359
f 5361/5361 5385/5385 5359/5359
f 572/572 562/562 571/571
f 2589/2589 2565/2565 2586/2586
f 2416/2416 2632/2632 2420/2420
f 2371/2371 2376/2376 2374/2374
f 1420/1420 1425/1425 1424/1424
f 1428/1428 1427/1427 1461/1461
f 5757/5757 5760/5760 5758/5758
f 4911/4911 4849/4849 4868/4868
f 6426/6426 6941/6941 6431/6431
f 5561/5561 5563/5563 5562/5562
f 5560/5560 5561/5561 5562/5562
f 4868/4868 4849/4849 4782/4782
f 6437/6437 6412/6412 6416/6416
f 6676/6676 6678/6678 6691/6691
f 7271/7271 7268/7268 7270/7270
f 7268/7268 7261/7261 7269/7269
f 7270/7270 7268/7268 7269/7269
f 6784/6784 6821/6821 6788/6788
f 6788/6788 6821/6821 6796/6796
f 6788/6788 6796/6796 6789/6789
f 6789/6789 6796/6796 6791/6791
f 6789/6789 6791/6791 6790/6790
f 6792/6792 6790/6790 6791/6791
f 4604/4604 4656/4656 4658/4658
f 4657/4657 4876/4876 4658/4658
f 405/405 401/401 366/366
f 8640/8640 8676/8676 8677/8677
f 8751/8751 8741/8741 8752/8752
f 8606/8606 8607/8607 8631/8631
f 8608/8608 8610/8610 8611/8611
f 8610/8610 8614/8614 8611/8611
f 8614/8614 8615/8615 8620/8620
f 8615/8615 8625/8625 8624/8624
f 8870/8870 8868/8868 8862/8862
f 8987/8987 8945/8945 8940/8940
f 8967/8967 8940/8940 8935/8935
f 457/457 456/456 546/546
f 2415/2415 2385/2385 2416/2416
f 5785/5785 5782/5782 5784/5784
f 5784/5784 5781/5781 5783/5783
f 5788/5788 5783/5783 5760/5760
f 5788/5788 5760/5760 5757/5757
f 5760/5760 5761/5761 5758/5758
f 4713/4713 4710/4710 4711/4711
f 4711/4711 4710/4710 4612/4612
f 4612/4612 4607/4607 4605/4605
f 4607/4607 4606/4606 4605/4605
f 6659/6659 6671/6671 6696/6696
f 6696/6696 6671/6671 6806/6806
f 6731/6731 6764/6764 6732/6732
f 4605/4605 4606/4606 4603/4603
f 4911/4911 4912/4912 4848/4848
f 4911/4911 4848/4848 4849/4849
f 2408/2408 2400/2400 2409/2409
f 5560/5560 5559/5559 5561/5561
f 6757/6757 6760/6760 6731/6731
f 4890/4890 4912/4912 4911/4911
f 4782/4782 4781/4781 4783/4783
f 2424/2424 2401/2401 2408/2408
f 6405/6405 6411/6411 6412/6412
f 6416/6416 6417/6417 6421/6421
f 6417/6417 6420/6420 6421/6421
f 6675/6675 6674/6674 6676/6676
f 6678/6678 6680/6680 6691/6691
f 6691/6691 6680/6680 6782/6782
f 4603/4603 4656/4656 4604/4604
f 6782/6782 6823/6823 6785/6785
f 6782/6782 6785/6785 6784/6784
f 6784/6784 6785/6785 6821/6821
f 4658/4658 4656/4656 4657/4657
f 4885/4885 4912/4912 4890/4890
f 6796/6796 6795/6795 6791/6791
f 6791/6791 6794/6794 6792/6792
f 6791/6791 6795/6795 6794/6794
f 7271/7271 7276/7276 7268/7268
f 427/427 401/401 405/405
f 8764/8764 8755/8755 8767/8767
f 8631/8631 8636/8636 8603/8603
f 8631/8631 8603/8603 8606/8606
f 279/279 278/278 265/265
f 8963/8963 8948/8948 8949/8949
f 8987/8987 8950/8950 8945/8945
f 8952/8952 8931/8931 8938/8938
f 8933/8933 8931/8931 8952/8952
f 1424/1424 1425/1425 1427/1427
f 4710/4710 4709/4709 4612/4612
f 6656/6656 6655/6655 6657/6657
f 6656/6656 6657/6657 6659/6659
f 4848/4848 4780/4780 4849/4849
f 5558/5558 5559/5559 5560/5560
f 6676/6676 6674/6674 6677/6677
f 6676/6676 6677/6677 6678/6678
f 4606/4606 4613/4613 4603/4603
f 4603/4603 4613/4613 4656/4656
f 4849/4849 4780/4780 4782/4782
f 4782/4782 4780/4780 4781/4781
f 2445/2445 2401/2401 2424/2424
f 6417/6417 6419/6419 6420/6420
f 6673/6673 6674/6674 6675/6675
f 6757/6757 6761/6761 6760/6760
f 6680/6680 6823/6823 6782/6782
f 7268/7268 7267/7267 7261/7261
f 6823/6823 6906/6906 6785/6785
f 7300/7300 7302/7302 7303/7303
f 7300/7300 7304/7304 7301/7301
f 7300/7300 7301/7301 7302/7302
f 6796/6796 6863/6863 6862/6862
f 6796/6796 6862/6862 6795/6795
f 6795/6795 6798/6798 6794/6794
f 7268/7268 7276/7276 7267/7267
f 6794/6794 6798/6798 6800/6800
f 4657/4657 4654/4654 4876/4876
f 4881/4881 4889/4889 4885/4885
f 1553/1553 1559/1559 1560/1560
f 8636/8636 8630/8630 8603/8603
f 8607/8607 8606/8606 8602/8602
f 8607/8607 8602/8602 8604/8604
f 8607/8607 8604/8604 8608/8608
f 8614/8614 8610/8610 8615/8615
f 8868/8868 8863/8863 8862/8862
f 8948/8948 8947/8947 8949/8949
f 8949/8949 8947/8947 8950/8950
f 562/562 550/550 564/564
f 2565/2565 2567/2567 2586/2586
f 2567/2567 2584/2584 2585/2585
f 2586/2586 2567/2567 2585/2585
f 2585/2585 2584/2584 2588/2588
f 2416/2416 2385/2385 2632/2632
f 5366/5366 5381/5381 5364/5364
f 6732/6732 6734/6734 6733/6733
f 4607/4607 4614/4614 4606/4606
f 6657/6657 6660/6660 6659/6659
f 6659/6659 6660/6660 6671/6671
f 4614/4614 4615/4615 4613/4613
f 4606/4606 4614/4614 4613/4613
f 4912/4912 4919/4919 4848/4848
f 6671/6671 6672/6672 6673/6673
f 6672/6672 6695/6695 6674/6674
f 6673/6673 6672/6672 6674/6674
f 6674/6674 6695/6695 6677/6677
f 2445/2445 2410/2410 2401/2401
f 6408/6408 6409/6409 6406/6406
f 6420/6420 6419/6419 6941/6941
f 6677/6677 6679/6679 6678/6678
f 6679/6679 6680/6680 6678/6678
f 7261/7261 7260/7260 7262/7262
f 7261/7261 7262/7262 7263/7263
f 4885/4885 4913/4913 4912/4912
f 6823/6823 6680/6680 6689/6689
f 6823/6823 6689/6689 6906/6906
f 6863/6863 6864/6864 6862/6862
f 7267/7267 7256/7256 7258/7258
f 6906/6906 6865/6865 6863/6863
f 7305/7305 7306/7306 7307/7307
f 1563/1563 1561/1561 1553/1553
f 366/366 364/364 297/297
f 300/300 298/298 297/297
f 8677/8677 8682/8682 8636/8636
f 8603/8603 8602/8602 8606/8606
f 8608/8608 8604/8604 8610/8610
f 8615/8615 8627/8627 8625/8625
f 8625/8625 8627/8627 8653/8653
f 8627/8627 8656/8656 8653/8653
f 8653/8653 8656/8656 8655/8655
f 8656/8656 8657/8657 8655/8655
f 8950/8950 8947/8947 8945/8945
f 8931/8931 8937/8937 8938/8938
f 8938/8938 8937/8937 8971/8971
f 8933/8933 8930/8930 8931/8931
f 562/562 564/564 571/571
f 2584/2584 2583/2583 2588/2588
f 2385/2385 2384/2384 2632/2632
f 5782/5782 5767/5767 5781/5781
f 6734/6734 6735/6735 6733/6733
f 5760/5760 5773/5773 5761/5761
f 5761/5761 5773/5773 5790/5790
f 4710/4710 4708/4708 4709/4709
f 4708/4708 4616/4616 4607/4607
f 4709/4709 4708/4708 4607/4607
f 4919/4919 4847/4847 4848/4848
f 2401/2401 2399/2399 2400/2400
f 1461/1461 1469/1469 1470/1470
f 7367/7367 7366/7366 7365/7365
f 6660/6660 6672/6672 6671/6671
f 4912/4912 4913/4913 4919/4919
f 4848/4848 4778/4778 4780/4780
f 4848/4848 4847/4847 4778/4778
f 4778/4778 4779/4779 4780/4780
f 6412/6412 6414/6414 6416/6416
f 6416/6416 6414/6414 6417/6417
f 7260/7260 7266/7266 7264/7264
f 7260/7260 7264/7264 7262/7262
f 4780/4780 4779/4779 4781/4781
f 6679/6679 6681/6681 6680/6680
f 4885/4885 4889/4889 4913/4913
f 6680/6680 6681/6681 6682/6682
f 6680/6680 6682/6682 6689/6689
f 7233/7233 7238/7238 7253/7253
f 6862/6862 6869/6869 6795/6795
f 7253/7253 7238/7238 7255/7255
f 7253/7253 7255/7255 7256/7256
f 7256/7256 7257/7257 7258/7258
f 7258/7258 7259/7259 7260/7260
f 7258/7258 7257/7257 7259/7259
f 4656/4656 4654/4654 4657/4657
f 4654/4654 4648/4648 4876/4876
f 6689/6689 6682/6682 6687/6687
f 6689/6689 6687/6687 6877/6877
f 7306/7306 7308/7308 7307/7307
f 7242/7242 7239/7239 7240/7240
f 6877/6877 6867/6867 6865/6865
f 6865/6865 6867/6867 6866/6866
f 6865/6865 6866/6866 6864/6864
f 6864/6864 6869/6869 6862/6862
f 6864/6864 6866/6866 6869/6869
f 1583/1583 1561/1561 1563/1563
f 427/427 433/433 401/401
f 8604/8604 8605/8605 8610/8610
f 282/282 283/283 279/279
f 8610/8610 8612/8612 8615/8615
f 8657/8657 8661/8661 8655/8655
f 278/278 268/268 265/265
f 265/265 268/268 266/266
f 8935/8935 8940/8940 8934/8934
f 268/268 269/269 267/267
f 267/267 269/269 270/270
f 443/443 432/432 456/456
f 5781/5781 5770/5770 5783/5783
f 5783/5783 5770/5770 5773/5773
f 5783/5783 5773/5773 5760/5760
f 2400/2400 2397/2397 2398/2398
f 2400/2400 2399/2399 2397/2397
f 6734/6734 6736/6736 6735/6735
f 5790/5790 5773/5773 5795/5795
f 4616/4616 4618/4618 4615/4615
f 4614/4614 4616/4616 4615/4615
f 6655/6655 6658/6658 6657/6657
f 4618/4618 4617/4617 4615/4615
f 4920/4920 4861/4861 4847/4847
f 4919/4919 4920/4920 4847/4847
f 4847/4847 4861/4861 4703/4703
f 4615/4615 4617/4617 4613/4613
f 4847/4847 4703/4703 4778/4778
f 4778/4778 4777/4777 4779/4779
f 2411/2411 2399/2399 2410/2410
f 2410/2410 2399/2399 2401/2401
f 6411/6411 6413/6413 6412/6412
f 6412/6412 6413/6413 6414/6414
f 6414/6414 6418/6418 6417/6417
f 6417/6417 6418/6418 6419/6419
f 6419/6419 6771/6771 6941/6941
f 6677/6677 6692/6692 6679/6679
f 4656/4656 4655/4655 4653/4653
f 5526/5526 5532/5532 5533/5533
f 6679/6679 6690/6690 6681/6681
f 4656/4656 4653/4653 4654/4654
f 6684/6684 6683/6683 6681/6681
f 6681/6681 6683/6683 6682/6682
f 7255/7255 7257/7257 7256/7256
f 6746/6746 6742/6742 6748/6748
f 4876/4876 4648/4648 4642/4642
f 4876/4876 4642/4642 4877/4877
f 4877/4877 4880/4880 4881/4881
f 4880/4880 4889/4889 4881/4881
f 6682/6682 6686/6686 6687/6687
f 7231/7231 7232/7232 7233/7233
f 7233/7233 7234/7234 7238/7238
f 7233/7233 7232/7232 7234/7234
f 8481/8481 8490/8490 8475/8475
f 8675/8675 8679/8679 8678/8678
f 8675/8675 8678/8678 8676/8676
f 364/364 300/300 297/297
f 8676/8676 8681/8681 8677/8677
f 8677/8677 8681/8681 8682/8682
f 8603/8603 8601/8601 8602/8602
f 8610/8610 8605/8605 8612/8612
f 8882/8882 8869/8869 8871/8871
f 8948/8948 8946/8946 8947/8947
f 8931/8931 8932/8932 8937/8937
f 8945/8945 8942/8942 8940/8940
f 546/546 550/550 562/562
f 2584/2584 2567/2567 2583/2583
f 2632/2632 2631/2631 2630/2630
f 5383/5383 5396/5396 5366/5366
f 5773/5773 5803/5803 5795/5795
f 4708/4708 4707/4707 4616/4616
f 4707/4707 4618/4618 4616/4616
f 6657/6657 6928/6928 6660/6660
f 4618/4618 4619/4619 4617/4617
f 7366/7366 7362/7362 7365/7365
f 7365/7365 7362/7362 7364/7364
f 7179/7179 7182/7182 7180/7180
f 7179/7179 7180/7180 7181/7181
f 7180/7180 7184/7184 7183/7183
f 7181/7181 7180/7180 7183/7183
f 6695/6695 6693/6693 6677/6677
f 6739/6739 6738/6738 6737/6737
f 4617/4617 4620/4620 4655/4655
f 4703/4703 4776/4776 4778/4778
f 4778/4778 4776/4776 4777/4777
f 6406/6406 6409/6409 6433/6433
f 5526/5526 5528/5528 5532/5532
f 6690/6690 6684/6684 6681/6681
f 6690/6690 6683/6683 6684/6684
f 7238/7238 7235/7235 7255/7255
f 6766/6766 6765/6765 6746/6746
f 7255/7255 7235/7235 7257/7257
f 4642/4642 4879/4879 4877/4877
f 6685/6685 6686/6686 6682/6682
f 6683/6683 6685/6685 6682/6682
f 6867/6867 6868/6868 6866/6866
f 4654/4654 4650/4650 4648/4648
f 8676/8676 8678/8678 8681/8681
f 8682/8682 8601/8601 8630/8630
f 8630/8630 8601/8601 8603/8603
f 279/279 283/283 278/278
f 8627/8627 8659/8659 8656/8656
f 8656/8656 8658/8658 8657/8657
f 8657/8657 8660/8660 8661/8661
f 8948/8948 8951/8951 8946/8946
f 8947/8947 8946/8946 8945/8945
f 278/278 276/276 268/268
f 8945/8945 8946/8946 8942/8942
f 8930/8930 8929/8929 8931/8931
f 8931/8931 8929/8929 8932/8932
f 8933/8933 8934/8934 8930/8930
f 8935/8935 8934/8934 8933/8933
f 2384/2384 2631/2631 2632/2632
f 1425/1425 1426/1426 1427/1427
f 2397/2397 2393/2393 2390/2390
f 4708/4708 4799/4799 4707/4707
f 4707/4707 4705/4705 4618/4618
f 4619/4619 4620/4620 4617/4617
f 6487/6487 6451/6451 6461/6461
f 4913/4913 4916/4916 4920/4920
f 2423/2423 2403/2403 2411/2411
f 4776/4776 4698/4698 4777/4777
f 2411/2411 2403/2403 2399/2399
f 6411/6411 6433/6433 6413/6413
f 6413/6413 6433/6433 6415/6415
f 6413/6413 6415/6415 6414/6414
f 6414/6414 6415/6415 6436/6436
f 6414/6414 6436/6436 6418/6418
f 6418/6418 6436/6436 6419/6419
f 6436/6436 6771/6771 6419/6419
f 6677/6677 6693/6693 6692/6692
f 6740/6740 6738/6738 6739/6739
f 6741/6741 6740/6740 6739/6739
f 4703/4703 4698/4698 4776/4776
f 4889/4889 4916/4916 4913/4913
f 5528/5528 5527/5527 5532/5532
f 5532/5532 5527/5527 5534/5534
f 6766/6766 6745/6745 6765/6765
f 6765/6765 6745/6745 6746/6746
f 6745/6745 6743/6743 6742/6742
f 6746/6746 6745/6745 6742/6742
f 4653/4653 4650/4650 4654/4654
f 4877/4877 4879/4879 4880/4880
f 4880/4880 4891/4891 4889/4889
f 5534/5534 5527/5527 5529/5529
f 7229/7229 7230/7230 7231/7231
f 7231/7231 7230/7230 7232/7232
f 7232/7232 7245/7245 7235/7235
f 7234/7234 7232/7232 7235/7235
f 6685/6685 6688/6688 6686/6686
f 7239/7239 7229/7229 7240/7240
f 1553/1553 1557/1557 1559/1559
f 8448/8448 8459/8459 8481/8481
f 8774/8774 8762/8762 8763/8763
f 8601/8601 8597/8597 8602/8602
f 281/281 284/284 282/282
f 8602/8602 8586/8586 8604/8604
f 8604/8604 8586/8586 8605/8605
f 8605/8605 8587/8587 8612/8612
f 8612/8612 8589/8589 8615/8615
f 8622/8622 8627/8627 8615/8615
f 8615/8615 8589/8589 8622/8622
f 8656/8656 8659/8659 8658/8658
f 8940/8940 8941/8941 8934/8934
f 2567/2567 2569/2569 2583/2583
f 5767/5767 5768/5768 5769/5769
f 5767/5767 5769/5769 5770/5770
f 1426/1426 1457/1457 1427/1427
f 1427/1427 1457/1457 1461/1461
f 5770/5770 5772/5772 5773/5773
f 5773/5773 5772/5772 5803/5803
f 4799/4799 4706/4706 4707/4707
f 4705/4705 4621/4621 4619/4619
f 4619/4619 4621/4621 4620/4620
f 6658/6658 6662/6662 6657/6657
f 6657/6657 6662/6662 6928/6928
f 7282/7282 7287/7287 7286/7286
f 4920/4920 4916/4916 4921/4921
f 4921/4921 4869/4869 4861/4861
f 4920/4920 4921/4921 4861/4861
f 6448/6448 6453/6453 6450/6450
f 6453/6453 6460/6460 6451/6451
f 6450/6450 6453/6453 6451/6451
f 6451/6451 6460/6460 6461/6461
f 7362/7362 7363/7363 7364/7364
f 4620/4620 4625/4625 4655/4655
f 4861/4861 4697/4697 4703/4703
f 4697/4697 4698/4698 4703/4703
f 6888/6888 6814/6814 6433/6433
f 6433/6433 6814/6814 6415/6415
f 6415/6415 6814/6814 6449/6449
f 7284/7284 7282/7282 7285/7285
f 4655/4655 4651/4651 4653/4653
f 5526/5526 5524/5524 5528/5528
f 4653/4653 4651/4651 4650/4650
f 4891/4891 4916/4916 4889/4889
f 5528/5528 5524/5524 5527/5527
f 6745/6745 6747/6747 6743/6743
f 5527/5527 5525/5525 5529/5529
f 7232/7232 7230/7230 7245/7245
f 5529/5529 5525/5525 5530/5530
f 6686/6686 6688/6688 6687/6687
f 8679/8679 8680/8680 8678/8678
f 8678/8678 8683/8683 8681/8681
f 8681/8681 8644/8644 8682/8682
f 8682/8682 8644/8644 8601/8601
f 298/298 287/287 297/297
f 297/297 287/287 288/288
f 288/288 287/287 281/281
f 8602/8602 8597/8597 8583/8583
f 8602/8602 8583/8583 8586/8586
f 8586/8586 8587/8587 8605/8605
f 8587/8587 8589/8589 8612/8612
f 8627/8627 8622/8622 8659/8659
f 8658/8658 8660/8660 8657/8657
f 276/276 271/271 268/268
f 8942/8942 8941/8941 8940/8940
f 8941/8941 8975/8975 8934/8934
f 9003/9003 8998/8998 9000/9000
f 432/432 455/455 456/456
f 456/456 542/542 546/546
f 2622/2622 2376/2376 2371/2371
f 5769/5769 5771/5771 5770/5770
f 5770/5770 5771/5771 5772/5772
f 4707/4707 4706/4706 4705/4705
f 4621/4621 4623/4623 4620/4620
f 6655/6655 6858/6858 6658/6658
f 6887/6887 6886/6886 6885/6885
f 4623/4623 4624/4624 4620/4620
f 4916/4916 4923/4923 4921/4921
f 2403/2403 2402/2402 2399/2399
f 6460/6460 6462/6462 6461/6461
f 4620/4620 4624/4624 4625/4625
f 4625/4625 4651/4651 4655/4655
f 4869/4869 4697/4697 4861/4861
f 2423/2423 2404/2404 2403/2403
f 6409/6409 6888/6888 6433/6433
f 4/4 5/5 6/6
f 6814/6814 6815/6815 6449/6449
f 6954/6954 6956/6956 6957/6957
f 3614/3614 3611/3611 3613/3613
f 3611/3611 3612/3612 3613/3613
f 6957/6957 6956/6956 6958/6958
f 6463/6463 6467/6467 6466/6466
f 3613/3613 3612/3612 3615/3615
f 7284/7284 7283/7283 7282/7282
f 4697/4697 4696/4696 4698/4698
f 4891/4891 4917/4917 4916/4916
f 6745/6745 6816/6816 6747/6747
f 4880/4880 4879/4879 4891/4891
f 5527/5527 5524/5524 5525/5525
f 7230/7230 7225/7225 7245/7245
f 1561/1561 1557/1557 1553/1553
f 8480/8480 8487/8487 8431/8431
f 401/401 364/364 366/366
f 8774/8774 8763/8763 8775/8775
f 8681/8681 8683/8683 8644/8644
f 8644/8644 8600/8600 8601/8601
f 8601/8601 8600/8600 8597/8597
f 282/282 284/284 283/283
f 8951/8951 8965/8965 8946/8946
f 8946/8946 8965/8965 8942/8942
f 8929/8929 8936/8936 8932/8932
f 8934/8934 8944/8944 8930/8930
f 8998/8998 8999/8999 9000/9000
f 270/270 274/274 432/432
f 456/456 455/455 542/542
f 564/564 561/561 571/571
f 2565/2565 2566/2566 2567/2567
f 4706/4706 4704/4704 4705/4705
f 4705/4705 4704/4704 4621/4621
f 4621/4621 4704/4704 4623/4623
f 7282/7282 7279/7279 7280/7280
f 4923/4923 4837/4837 4921/4921
f 6928/6928 6662/6662 6670/6670
f 7180/7180 7185/7185 7184/7184
f 4625/4625 4624/4624 4651/4651
f 4869/4869 4828/4828 4697/4697
f 4869/4869 4870/4870 4828/4828
f 1461/1461 1465/1465 1469/1469
f 6954/6954 6955/6955 6956/6956
f 6467/6467 6471/6471 6466/6466
f 6471/6471 6465/6465 6466/6466
f 6466/6466 6465/6465 6463/6463
f 6693/6693 6694/6694 6692/6692
f 7283/7283 7279/7279 7282/7282
f 5523/5523 5522/5522 5524/5524
f 5526/5526 5523/5523 5524/5524
f 5524/5524 5522/5522 5521/5521
f 4879/4879 4892/4892 4891/4891
f 5524/5524 5521/5521 5525/5525
f 7225/7225 7224/7224 7245/7245
f 7246/7246 7244/7244 7241/7241
f 7244/7244 7237/7237 7241/7241
f 7241/7241 7237/7237 7239/7239
f 8600/8600 8599/8599 8597/8597
f 8965/8965 8954/8954 8942/8942
f 8941/8941 8955/8955 8975/8975
f 9003/9003 9002/9002 8998/8998
f 5287/5287 5275/5275 5208/5208
f 546/546 542/542 550/550
f 550/550 561/561 564/564
f 561/561 570/570 571/571
f 2630/2630 2622/2622 2707/2707
f 5771/5771 5774/5774 5772/5772
f 5772/5772 5774/5774 5776/5776
f 4704/4704 4676/4676 4623/4623
f 4676/4676 4626/4626 4623/4623
f 4623/4623 4626/4626 4624/4624
f 6858/6858 6663/6663 6658/6658
f 6658/6658 6663/6663 6662/6662
f 4626/4626 4627/4627 4624/4624
f 4837/4837 4829/4829 4870/4870
f 6462/6462 6481/6481 6461/6461
f 6461/6461 6481/6481 6858/6858
f 4627/4627 4649/4649 4651/4651
f 4624/4624 4627/4627 4651/4651
f 4829/4829 4695/4695 4828/4828
f 4870/4870 4829/4829 4828/4828
f 6822/6822 6471/6471 6467/6467
f 6465/6465 6464/6464 6463/6463
f 6693/6693 6856/6856 6694/6694
f 4651/4651 4649/4649 4650/4650
f 4649/4649 4648/4648 4650/4650
f 4695/4695 4697/4697 4828/4828
f 4695/4695 4696/4696 4697/4697
f 6947/6947 6948/6948 6949/6949
f 6949/6949 6948/6948 6950/6950
f 4892/4892 4918/4918 4891/4891
f 4891/4891 4918/4918 4917/4917
f 4641/4641 4645/4645 4642/4642
f 4642/4642 4645/4645 4879/4879
f 4645/4645 4892/4892 4879/4879
f 7225/7225 7223/7223 7224/7224
f 7229/7229 7225/7225 7230/7230
f 495/495 493/493 492/492
f 8683/8683 8696/8696 8644/8644
f 287/287 284/284 281/281
f 8583/8583 8585/8585 8586/8586
f 283/283 277/277 278/278
f 8589/8589 8700/8700 8622/8622
f 8700/8700 8719/8719 8622/8622
f 8622/8622 8719/8719 8659/8659
f 278/278 277/277 276/276
f 8865/8865 8886/8886 8864/8864
f 8659/8659 8727/8727 8658/8658
f 8658/8658 8728/8728 8660/8660
f 8936/8936 8986/8986 8991/8991
f 8942/8942 8954/8954 8941/8941
f 8929/8929 8925/8925 8936/8936
f 8941/8941 8954/8954 8955/8955
f 2567/2567 2568/2568 2569/2569
f 2394/2394 2631/2631 2388/2388
f 2388/2388 2631/2631 2384/2384
f 2622/2622 2624/2624 2376/2376
f 5768/5768 5777/5777 5769/5769
f 2391/2391 2394/2394 2388/2388
f 1425/1425 1429/1429 1426/1426
f 5769/5769 5774/5774 5771/5771
f 2402/2402 2395/2395 2393/2393
f 5774/5774 5778/5778 5776/5776
f 6886/6886 6542/6542 6885/6885
f 2404/2404 2405/2405 2402/2402
f 6663/6663 6664/6664 6662/6662
f 4923/4923 4922/4922 4837/4837
f 2404/2404 2406/2406 2405/2405
f 6462/6462 6464/6464 6481/6481
f 4917/4917 4922/4922 4923/4923
f 4649/4649 4647/4647 4648/4648
f 4695/4695 4694/4694 4696/4696
f 7281/7281 7254/7254 7279/7279
f 7281/7281 7279/7279 7283/7283
f 4648/4648 4647/4647 4640/4640
f 5522/5522 5510/5510 5521/5521
f 7309/7309 7312/7312 7310/7310
f 7309/7309 7310/7310 7311/7311
f 4642/4642 4640/4640 4641/4641
f 5521/5521 5520/5520 5525/5525
f 5525/5525 5520/5520 5531/5531
f 7223/7223 7222/7222 7224/7224
f 7239/7239 7237/7237 7229/7229
f 8680/8680 8688/8688 8678/8678
f 300/300 299/299 298/298
f 8644/8644 8696/8696 8600/8600
f 8597/8597 8599/8599 8594/8594
f 8594/8594 8584/8584 8597/8597
f 8597/8597 8584/8584 8583/8583
f 284/284 285/285 283/283
f 8586/8586 8585/8585 8587/8587
f 8861/8861 8839/8839 8854/8854
f 8587/8587 8588/8588 8589/8589
f 8659/8659 8719/8719 8727/8727
f 8658/8658 8727/8727 8728/8728
f 8997/8997 8957/8957 8965/8965
f 8951/8951 8997/8997 8965/8965
f 8936/8936 8925/8925 8986/8986
f 8923/8923 8925/8925 8929/8929
f 8944/8944 8923/8923 8930/8930
f 8930/8930 8923/8923 8929/8929
f 9002/9002 9001/9001 8998/8998
f 8998/8998 9001/9001 8999/8999
f 2613/2613 2566/2566 2565/2565
f 2567/2567 2566/2566 2568/2568
f 1425/1425 1431/1431 1429/1429
f 5777/5777 5775/5775 5769/5769
f 2402/2402 2405/2405 2395/2395
f 5778/5778 5779/5779 5776/5776
f 4676/4676 4670/4670 4626/4626
f 4626/4626 4670/4670 4672/4672
f 4834/4834 4836/4836 4837/4837
f 4836/4836 4829/4829 4837/4837
f 4836/4836 4838/4838 4693/4693
f 4836/4836 4693/4693 4829/4829
f 7202/7202 7200/7200 7203/7203
f 6664/6664 6668/6668 6670/6670
f 6670/6670 6668/6668 6856/6856
f 4918/4918 4922/4922 4917/4917
f 4693/4693 4695/4695 4829/4829
f 4693/4693 4694/4694 4695/4695
f 4694/4694 4795/4795 4696/4696
f 6814/6814 6822/6822 6815/6815
f 6822/6822 6469/6469 6471/6471
f 6471/6471 6469/6469 6465/6465
f 7186/7186 7187/7187 7188/7188
f 5523/5523 5510/5510 5522/5522
f 7254/7254 7220/7220 7219/7219
f 7254/7254 7219/7219 7279/7279
f 4647/4647 4639/4639 4640/4640
f 4645/4645 4677/4677 4892/4892
f 4892/4892 4677/4677 4918/4918
f 5510/5510 5512/5512 5521/5521
f 5521/5521 5512/5512 5520/5520
f 7225/7225 7226/7226 7223/7223
f 475/475 454/454 433/433
f 8688/8688 8689/8689 8678/8678
f 8678/8678 8689/8689 8683/8683
f 364/364 299/299 300/300
f 8583/8583 8584/8584 8585/8585
f 8588/8588 8700/8700 8589/8589
f 8957/8957 8954/8954 8965/8965
f 8993/8993 8923/8923 8944/8944
f 269/269 274/274 270/270
f 2405/2405 2407/2407 2395/2395
f 4672/4672 4671/4671 4647/4647
f 4834/4834 4835/4835 4836/4836
f 6858/6858 6667/6667 6663/6663
f 6464/6464 6911/6911 6481/6481
f 7202/7202 7201/7201 7200/7200
f 4647/4647 4646/4646 4639/4639
f 4918/4918 4677/4677 4922/4922
f 4838/4838 4692/4692 4693/4693
f 4693/4693 4692/4692 4690/4690
f 3057/3057 3059/3059 3070/3070
f 4693/4693 4690/4690 4694/4694
f 6409/6409 6889/6889 6888/6888
f 6473/6473 6469/6469 6822/6822
f 4645/4645 4644/4644 4677/4677
f 5523/5523 5511/5511 5510/5510
f 4639/4639 4636/4636 4640/4640
f 4640/4640 4636/4636 4641/4641
f 4641/4641 4644/4644 4645/4645
f 7297/7297 7299/7299 7298/7298
f 7244/7244 7243/7243 7237/7237
f 7237/7237 7236/7236 7229/7229
f 7229/7229 7227/7227 7225/7225
f 7225/7225 7227/7227 7226/7226
f 8445/8445 8458/8458 8460/8460
f 475/475 476/476 454/454
f 8696/8696 8695/8695 8600/8600
f 8600/8600 8598/8598 8599/8599
f 8585/8585 8588/8588 8587/8587
f 285/285 277/277 283/283
f 8719/8719 8723/8723 8727/8727
f 8727/8727 8723/8723 8726/8726
f 8997/8997 8981/8981 8957/8957
f 8957/8957 8956/8956 8954/8954
f 8956/8956 8955/8955 8954/8954
f 268/268 271/271 269/269
f 549/549 561/561 550/550
f 5775/5775 5780/5780 5774/5774
f 5778/5778 5791/5791 5779/5779
f 4670/4670 4668/4668 4672/4672
f 4672/4672 4668/4668 4671/4671
f 4793/4793 4835/4835 4834/4834
f 4833/4833 4793/4793 4834/4834
f 6663/6663 6667/6667 6665/6665
f 6663/6663 6665/6665 6664/6664
f 6665/6665 6666/6666 6664/6664
f 4669/4669 4668/4668 4670/4670
f 4835/4835 4838/4838 4836/4836
f 4835/4835 4692/4692 4838/4838
f 3059/3059 3056/3056 3058/3058
f 6664/6664 6666/6666 6668/6668
f 4646/4646 4634/4634 4639/4639
f 6483/6483 6473/6473 6822/6822
f 5523/5523 5515/5515 5511/5511
f 7220/7220 7211/7211 7219/7219
f 5511/5511 5513/5513 5512/5512
f 5512/5512 5513/5513 5514/5514
f 5512/5512 5514/5514 5520/5520
f 5514/5514 5518/5518 5531/5531
f 5520/5520 5514/5514 5531/5531
f 7226/7226 7251/7251 7223/7223
f 7223/7223 7251/7251 7216/7216
f 7223/7223 7216/7216 7222/7222
f 7244/7244 7247/7247 7243/7243
f 7243/7243 7236/7236 7237/7237
f 1557/1557 1558/1558 1559/1559
f 8683/8683 8689/8689 8696/8696
f 8696/8696 8689/8689 8695/8695
f 8600/8600 8695/8695 8598/8598
f 8598/8598 8594/8594 8599/8599
f 8594/8594 8593/8593 8584/8584
f 8584/8584 8590/8590 8585/8585
f 8986/8986 8979/8979 8991/8991
f 8956/8956 8993/8993 8955/8955
f 8923/8923 8924/8924 8925/8925
f 274/274 410/410 432/432
f 2631/2631 2628/2628 2630/2630
f 5780/5780 5792/5792 5774/5774
f 5774/5774 5792/5792 5778/5778
f 1457/1457 1463/1463 1461/1461
f 5399/5399 5407/5407 5408/5408
f 6542/6542 6543/6543 6860/6860
f 6542/6542 6860/6860 6885/6885
f 4668/4668 4665/4665 4671/4671
f 4671/4671 4665/4665 4675/4675
f 4671/4671 4675/4675 4674/4674
f 4831/4831 4832/4832 4833/4833
f 4833/4833 4832/4832 4793/4793
f 6542/6542 6541/6541 6543/6543
f 4644/4644 4827/4827 4677/4677
f 4793/4793 4692/4692 4835/4835
f 4793/4793 4691/4691 4692/4692
f 4639/4639 4634/4634 4636/4636
f 4691/4691 4689/4689 4690/4690
f 4691/4691 4690/4690 4692/4692
f 3057/3057 3056/3056 3059/3059
f 6469/6469 6468/6468 6465/6465
f 6465/6465 6468/6468 6464/6464
f 7187/7187 7194/7194 7189/7189
f 7187/7187 7189/7189 7188/7188
f 7188/7188 7189/7189 7190/7190
f 7213/7213 7211/7211 7220/7220
f 5511/5511 5515/5515 5513/5513
f 7236/7236 7227/7227 7229/7229
f 1583/1583 1576/1576 1561/1561
f 8688/8688 8690/8690 8689/8689
f 401/401 395/395 364/364
f 284/284 286/286 285/285
f 8585/8585 8590/8590 8588/8588
f 276/276 275/275 271/271
f 8886/8886 8894/8894 8887/8887
f 8986/8986 8925/8925 8976/8976
f 8986/8986 8976/8976 8979/8979
f 8959/8959 8993/8993 8956/8956
f 542/542 549/549 550/550
f 2566/2566 2572/2572 2568/2568
f 2394/2394 2708/2708 2631/2631
f 5780/5780 5793/5793 5792/5792
f 1429/1429 1430/1430 1426/1426
f 1426/1426 1444/1444 1457/1457
f 1444/1444 1463/1463 1457/1457
f 5791/5791 5792/5792 5794/5794
f 4675/4675 4665/4665 4674/4674
f 4669/4669 4667/4667 4668/4668
f 4702/4702 4691/4691 4793/4793
f 4832/4832 4702/4702 4793/4793
f 4702/4702 4689/4689 4691/4691
f 6464/6464 6895/6895 6911/6911
f 6950/6950 6951/6951 6952/6952
f 6822/6822 6484/6484 6483/6483
f 6468/6468 6895/6895 6464/6464
f 7189/7189 7191/7191 7190/7190
f 7190/7190 7191/7191 7193/7193
f 7211/7211 7218/7218 7219/7219
f 6888/6888 6890/6890 6894/6894
f 6473/6473 6472/6472 6469/6469
f 5515/5515 5519/5519 5516/5516
f 5515/5515 5516/5516 5513/5513
f 5513/5513 5517/5517 5518/5518
f 7251/7251 7215/7215 7216/7216
f 7247/7247 7248/7248 7243/7243
f 1561/1561 1562/1562 1557/1557
f 8458/8458 8457/8457 8463/8463
f 433/433 434/434 401/401
f 8690/8690 8691/8691 8689/8689
f 8695/8695 8687/8687 8598/8598
f 287/287 286/286 284/284
f 8588/8588 8629/8629 8700/8700
f 8700/8700 8718/8718 8719/8719
f 8981/8981 8958/8958 8957/8957
f 8979/8979 8976/8976 8978/8978
f 8993/8993 8926/8926 8923/8923
f 432/432 410/410 455/455
f 1426/1426 1430/1430 1444/1444
f 1463/1463 1464/1464 1461/1461
f 4856/4856 4857/4857 4858/4858
f 6540/6540 6860/6860 6543/6543
f 4665/4665 4652/4652 4674/4674
f 4652/4652 4643/4643 4635/4635
f 4635/4635 4643/4643 4638/4638
f 4858/4858 4700/4700 4831/4831
f 4831/4831 4700/4700 4699/4699
f 4831/4831 4699/4699 4832/4832
f 7196/7196 7192/7192 7195/7195
f 4668/4668 4667/4667 4665/4665
f 4699/4699 4702/4702 4832/4832
f 4702/4702 4699/4699 4689/4689
f 1461/1461 1464/1464 1465/1465
f 7201/7201 7199/7199 7200/7200
f 7195/7195 7192/7192 7194/7194
f 7194/7194 7192/7192 7189/7189
f 7211/7211 7217/7217 7218/7218
f 6888/6888 6889/6889 6890/6890
f 6470/6470 6468/6468 6469/6469
f 7212/7212 7211/7211 7213/7213
f 5516/5516 5517/5517 5513/5513
f 5517/5517 5535/5535 5518/5518
f 7251/7251 7228/7228 7289/7289
f 7251/7251 7289/7289 7215/7215
f 7247/7247 7249/7249 7248/7248
f 7227/7227 7228/7228 7226/7226
f 495/495 496/496 493/493
f 434/434 395/395 401/401
f 364/364 349/349 299/299
f 8695/8695 8694/8694 8687/8687
f 8598/8598 8687/8687 8596/8596
f 8596/8596 8593/8593 8594/8594
f 8598/8598 8596/8596 8594/8594
f 8593/8593 8592/8592 8584/8584
f 8584/8584 8592/8592 8591/8591
f 8590/8590 8629/8629 8588/8588
f 8700/8700 8629/8629 8718/8718
f 8719/8719 8718/8718 8723/8723
f 8723/8723 8720/8720 8726/8726
f 271/271 272/272 269/269
f 2568/2568 2572/2572 2574/2574
f 2708/2708 2618/2618 2631/2631
f 2628/2628 2629/2629 2630/2630
f 5794/5794 5792/5792 5806/5806
f 4798/4798 4857/4857 4856/4856
f 4665/4665 4666/4666 4664/4664
f 4665/4665 4664/4664 4652/4652
f 4664/4664 4678/4678 4643/4643
f 4652/4652 4664/4664 4643/4643
f 4643/4643 4678/4678 4679/4679
f 4643/4643 4679/4679 4638/4638
f 4857/4857 4700/4700 4858/4858
f 4857/4857 4823/4823 4700/4700
f 7200/7200 7197/7197 7196/7196
f 7196/7196 7197/7197 7192/7192
f 4700/4700 4686/4686 4699/4699
f 4686/4686 4689/4689 4699/4699
f 3052/3052 3054/3054 3057/3057
f 4689/4689 4687/4687 4690/4690
f 7199/7199 7197/7197 7200/7200
f 6468/6468 6470/6470 6895/6895
f 7189/7189 7192/7192 7191/7191
f 6472/6472 6470/6470 6469/6469
f 6591/6591 6502/6502 6505/6505
f 6591/6591 6505/6505 6882/6882
f 6635/6635 6532/6532 6637/6637
f 7212/7212 7209/7209 7211/7211
f 6505/6505 6939/6939 6883/6883
f 6882/6882 6505/6505 6883/6883
f 6883/6883 6939/6939 6942/6942
f 7249/7249 7250/7250 7248/7248
f 6518/6518 6519/6519 6903/6903
f 6875/6875 6907/6907 6517/6517
f 6875/6875 6517/6517 6874/6874
f 6874/6874 6517/6517 6857/6857
f 433/433 454/454 434/434
f 8691/8691 8695/8695 8689/8689
f 8584/8584 8591/8591 8590/8590
f 277/277 275/275 276/276
f 8720/8720 8724/8724 8726/8726
f 8957/8957 8958/8958 8956/8956
f 8925/8925 8939/8939 8976/8976
f 8924/8924 8939/8939 8925/8925
f 8923/8923 8926/8926 8924/8924
f 269/269 273/273 274/274
f 542/542 543/543 549/549
f 549/549 547/547 561/561
f 2613/2613 2579/2579 2566/2566
f 2709/2709 2618/2618 2708/2708
f 2618/2618 2628/2628 2631/2631
f 1431/1431 1432/1432 1429/1429
f 1429/1429 1432/1432 1430/1430
f 5792/5792 5805/5805 5806/5806
f 5407/5407 5490/5490 5467/5467
f 5407/5407 5467/5467 5408/5408
f 5806/5806 5811/5811 5812/5812
f 5812/5812 5811/5811 5813/5813
f 6536/6536 6538/6538 6582/6582
f 6536/6536 6582/6582 6540/6540
f 6540/6540 6582/6582 6860/6860
f 5812/5812 5813/5813 5814/5814
f 4679/4679 4792/4792 4798/4798
f 4798/4798 4792/4792 4857/4857
f 4857/4857 4792/4792 4823/4823
f 3052/3052 3033/3033 3054/3054
f 7197/7197 7198/7198 7192/7192
f 4679/4679 4678/4678 4682/4682
f 4682/4682 4678/4678 4681/4681
f 4679/4679 4682/4682 4792/4792
f 4682/4682 4684/4684 4792/4792
f 4682/4682 4683/4683 4684/4684
f 4684/4684 4701/4701 4823/4823
f 4792/4792 4684/4684 4823/4823
f 4701/4701 4684/4684 4686/4686
f 4823/4823 4701/4701 4700/4700
f 4701/4701 4686/4686 4700/4700
f 4686/4686 4687/4687 4689/4689
f 6911/6911 6492/6492 6493/6493
f 6631/6631 6503/6503 6922/6922
f 6484/6484 6482/6482 6483/6483
f 7504/7504 7505/7505 7506/7506
f 6503/6503 6502/6502 6591/6591
f 6922/6922 6503/6503 6591/6591
f 7209/7209 7210/7210 7211/7211
f 7211/7211 7210/7210 7217/7217
f 6483/6483 6482/6482 6473/6473
f 6633/6633 6522/6522 6532/6532
f 6505/6505 6592/6592 6939/6939
f 6939/6939 6592/6592 6520/6520
f 6520/6520 6510/6510 6907/6907
f 6907/6907 6510/6510 6517/6517
f 6517/6517 6515/6515 6857/6857
f 6515/6515 6518/6518 6857/6857
f 1562/1562 1564/1564 1557/1557
f 8691/8691 8693/8693 8695/8695
f 298/298 299/299 287/287
f 8694/8694 8596/8596 8687/8687
f 8596/8596 8595/8595 8593/8593
f 8593/8593 8595/8595 8592/8592
f 8590/8590 8712/8712 8629/8629
f 8629/8629 8717/8717 8718/8718
f 8723/8723 8718/8718 8720/8720
f 8981/8981 8960/8960 8958/8958
f 8956/8956 8958/8958 8959/8959
f 8953/8953 8926/8926 8993/8993
f 271/271 275/275 272/272
f 455/455 518/518 542/542
f 561/561 559/559 570/570
f 2613/2613 2614/2614 2579/2579
f 2579/2579 2570/2570 2566/2566
f 5684/5684 5685/5685 5686/5686
f 2622/2622 2623/2623 2624/2624
f 1463/1463 1466/1466 1464/1464
f 6536/6536 6537/6537 6538/6538
f 7197/7197 7199/7199 7198/7198
f 4678/4678 4680/4680 4681/4681
f 4681/4681 4683/4683 4682/4682
f 4684/4684 4683/4683 4685/4685
f 4684/4684 4685/4685 4686/4686
f 4685/4685 4687/4687 4686/4686
f 6595/6595 6589/6589 6503/6503
f 6503/6503 6501/6501 6502/6502
f 6522/6522 6523/6523 6532/6532
f 6532/6532 6523/6523 6531/6531
f 6531/6531 6533/6533 6534/6534
f 6473/6473 6479/6479 6472/6472
f 6504/6504 6509/6509 6592/6592
f 6517/6517 6510/6510 6511/6511
f 6517/6517 6511/6511 6515/6515
f 6511/6511 6513/6513 6515/6515
f 6515/6515 6513/6513 6518/6518
f 1557/1557 1564/1564 1558/1558
f 8695/8695 8693/8693 8694/8694
f 299/299 286/286 287/287
f 8697/8697 8595/8595 8596/8596
f 8591/8591 8686/8686 8590/8590
f 8981/8981 8969/8969 8960/8960
f 272/272 273/273 269/269
f 274/274 273/273 410/410
f 410/410 459/459 455/455
f 455/455 459/459 518/518
f 518/518 543/543 542/542
f 2574/2574 2572/2572 2573/2573
f 2630/2630 2623/2623 2622/2622
f 5805/5805 5808/5808 5807/5807
f 1444/1444 1467/1467 1463/1463
f 1463/1463 1467/1467 1466/1466
f 6537/6537 6544/6544 6538/6538
f 4683/4683 4818/4818 4688/4688
f 3069/3069 3055/3055 3053/3053
f 6493/6493 6495/6495 6595/6595
f 7491/7491 7492/7492 7493/7493
f 1464/1464 1466/1466 1465/1465
f 6873/6873 6488/6488 6492/6492
f 6492/6492 6488/6488 6490/6490
f 6492/6492 6490/6490 6493/6493
f 1465/1465 1466/1466 1468/1468
f 6893/6893 6892/6892 6889/6889
f 6484/6484 6485/6485 6482/6482
f 6501/6501 6499/6499 6502/6502
f 6502/6502 6499/6499 6504/6504
f 6504/6504 6506/6506 6507/6507
f 6521/6521 6523/6523 6522/6522
f 6531/6531 6526/6526 6533/6533
f 6889/6889 6891/6891 6890/6890
f 6890/6890 6913/6913 6894/6894
f 6948/6948 6953/6953 6951/6951
f 6482/6482 6479/6479 6473/6473
f 6472/6472 6474/6474 6470/6470
f 1564/1564 1567/1567 1558/1558
f 147/147 134/134 122/122
f 509/509 508/508 476/476
f 493/493 509/509 476/476
f 508/508 454/454 476/476
f 8446/8446 8450/8450 8457/8457
f 395/395 349/349 364/364
f 8690/8690 8692/8692 8691/8691
f 286/286 348/348 285/285
f 285/285 348/348 301/301
f 285/285 301/301 277/277
f 8712/8712 8717/8717 8629/8629
f 277/277 301/301 275/275
f 8717/8717 8716/8716 8718/8718
f 8718/8718 8716/8716 8720/8720
f 8958/8958 8960/8960 8959/8959
f 8924/8924 8927/8927 8939/8939
f 2566/2566 2570/2570 2572/2572
f 2621/2621 2618/2618 2709/2709
f 2630/2630 2629/2629 2623/2623
f 1432/1432 1435/1435 1430/1430
f 5426/5426 5468/5468 5461/5461
f 1430/1430 1435/1435 1444/1444
f 3075/3075 3074/3074 3076/3076
f 4864/4864 4862/4862 4863/4863
f 6538/6538 6550/6550 6781/6781
f 6538/6538 6781/6781 6582/6582
f 3055/3055 3048/3048 3047/3047
f 4818/4818 4819/4819 4688/4688
f 6490/6490 6494/6494 6493/6493
f 6493/6493 6494/6494 6495/6495
f 7493/7493 7492/7492 7494/7494
f 6488/6488 6489/6489 6490/6490
f 6589/6589 6593/6593 6501/6501
f 6501/6501 6593/6593 6500/6500
f 6873/6873 6476/6476 6488/6488
f 6476/6476 6477/6477 6488/6488
f 6501/6501 6500/6500 6499/6499
f 6499/6499 6590/6590 6506/6506
f 6504/6504 6499/6499 6506/6506
f 6590/6590 6524/6524 6521/6521
f 7204/7204 7205/7205 7206/7206
f 6521/6521 6524/6524 6523/6523
f 6523/6523 6526/6526 6531/6531
f 6889/6889 6892/6892 6891/6891
f 6482/6482 6485/6485 6479/6479
f 8692/8692 8693/8693 8691/8691
f 8693/8693 8701/8701 8697/8697
f 299/299 348/348 286/286
f 8595/8595 8699/8699 8592/8592
f 8712/8712 8714/8714 8717/8717
f 8716/8716 8721/8721 8720/8720
f 8720/8720 8721/8721 8724/8724
f 8960/8960 8961/8961 8959/8959
f 9008/9008 9009/9009 9010/9010
f 273/273 416/416 410/410
f 459/459 533/533 518/518
f 518/518 533/533 534/534
f 518/518 534/534 543/543
f 543/543 547/547 549/549
f 561/561 547/547 559/559
f 2571/2571 2573/2573 2572/2572
f 2620/2620 2618/2618 2621/2621
f 1431/1431 1442/1442 1432/1432
f 5754/5754 5756/5756 5810/5810
f 1435/1435 1467/1467 1444/1444
f 6544/6544 6545/6545 6538/6538
f 6545/6545 6550/6550 6538/6538
f 4820/4820 4862/4862 4819/4819
f 4820/4820 4819/4819 4818/4818
f 3055/3055 3067/3067 3048/3048
f 6546/6546 6545/6545 6544/6544
f 4819/4819 4821/4821 4688/4688
f 3069/3069 3067/3067 3055/3055
f 6494/6494 6496/6496 6495/6495
f 1466/1466 1521/1521 1468/1468
f 6525/6525 6526/6526 6523/6523
f 6524/6524 6525/6525 6523/6523
f 6891/6891 6913/6913 6890/6890
f 6472/6472 6475/6475 6474/6474
f 6476/6476 6474/6474 6475/6475
f 6476/6476 6475/6475 6477/6477
f 508/508 507/507 454/454
f 454/454 507/507 434/434
f 349/349 348/348 299/299
f 348/348 360/360 301/301
f 8591/8591 8703/8703 8686/8686
f 8686/8686 8703/8703 8712/8712
f 301/301 360/360 275/275
f 275/275 360/360 361/361
f 8926/8926 8927/8927 8924/8924
f 361/361 272/272 275/275
f 353/353 416/416 273/273
f 416/416 464/464 459/459
f 459/459 464/464 533/533
f 543/543 534/534 547/547
f 1442/1442 1443/1443 1432/1432
f 1443/1443 1452/1452 1435/1435
f 6545/6545 6549/6549 6550/6550
f 6495/6495 6496/6496 6497/6497
f 6497/6497 6496/6496 6498/6498
f 6547/6547 6545/6545 6546/6546
f 4819/4819 4822/4822 4821/4821
f 1511/1511 1523/1523 1521/1521
f 7448/7448 7450/7450 7454/7454
f 7454/7454 7450/7450 7455/7455
f 7455/7455 7450/7450 7438/7438
f 7455/7455 7438/7438 7456/7456
f 6491/6491 6924/6924 6490/6490
f 6490/6490 6924/6924 6494/6494
f 7294/7294 7290/7290 7293/7293
f 6525/6525 6586/6586 6527/6527
f 7290/7290 7291/7291 7292/7292
f 7293/7293 7290/7290 7292/7292
f 6590/6590 6528/6528 6524/6524
f 6528/6528 6525/6525 6524/6524
f 509/509 535/535 508/508
f 8690/8690 8698/8698 8692/8692
f 349/349 362/362 348/348
f 8705/8705 8595/8595 8697/8697
f 348/348 362/362 360/360
f 8712/8712 8703/8703 8714/8714
f 8717/8717 8714/8714 8716/8716
f 8724/8724 8721/8721 8725/8725
f 8970/8970 8968/8968 8969/8969
f 8969/8969 8968/8968 8960/8960
f 8960/8960 8968/8968 8961/8961
f 8939/8939 8977/8977 8976/8976
f 8961/8961 8966/8966 8959/8959
f 8953/8953 8943/8943 8926/8926
f 8928/8928 8927/8927 8926/8926
f 353/353 394/394 416/416
f 464/464 558/558 533/533
f 534/534 533/533 556/556
f 534/534 556/556 547/547
f 2573/2573 2575/2575 2582/2582
f 2582/2582 2575/2575 2581/2581
f 2575/2575 2580/2580 2581/2581
f 5754/5754 5755/5755 5756/5756
f 2624/2624 2623/2623 2625/2625
f 1442/1442 1453/1453 1443/1443
f 1443/1443 1453/1453 1452/1452
f 5488/5488 5489/5489 5468/5468
f 1452/1452 1510/1510 1467/1467
f 1467/1467 1510/1510 1511/1511
f 3060/3060 3045/3045 3048/3048
f 6547/6547 6548/6548 6545/6545
f 6545/6545 6548/6548 6549/6549
f 6494/6494 6643/6643 6496/6496
f 6496/6496 6643/6643 6498/6498
f 6498/6498 6643/6643 6935/6935
f 6871/6871 6554/6554 6587/6587
f 6587/6587 6554/6554 6555/6555
f 6555/6555 6554/6554 6547/6547
f 1511/1511 1522/1522 1523/1523
f 7453/7453 7449/7449 7452/7452
f 7452/7452 7449/7449 7451/7451
f 7451/7451 7449/7449 7448/7448
f 7451/7451 7448/7448 7454/7454
f 1562/1562 1586/1586 1564/1564
f 507/507 510/510 434/434
f 510/510 460/460 434/434
f 434/434 460/460 395/395
f 395/395 393/393 349/349
f 349/349 393/393 372/372
f 8693/8693 8702/8702 8701/8701
f 349/349 372/372 362/362
f 8701/8701 8705/8705 8697/8697
f 8595/8595 8704/8704 8699/8699
f 362/362 380/380 360/360
f 360/360 380/380 361/361
f 380/380 389/389 361/361
f 8966/8966 8943/8943 8953/8953
f 361/361 389/389 272/272
f 272/272 389/389 390/390
f 272/272 390/390 353/353
f 353/353 390/390 394/394
f 464/464 553/553 558/558
f 533/533 558/558 556/556
f 547/547 556/556 557/557
f 547/547 557/557 559/559
f 2711/2711 2714/2714 2619/2619
f 2711/2711 2619/2619 2620/2620
f 2620/2620 2619/2619 2618/2618
f 1442/1442 1508/1508 1453/1453
f 1508/1508 1509/1509 1453/1453
f 1453/1453 1509/1509 1452/1452
f 1452/1452 1509/1509 1510/1510
f 1511/1511 1510/1510 1514/1514
f 6643/6643 6584/6584 6871/6871
f 6871/6871 6584/6584 6554/6554
f 6554/6554 6552/6552 6547/6547
f 6547/6547 6552/6552 6548/6548
f 1511/1511 1514/1514 1522/1522
f 7449/7449 7447/7447 7448/7448
f 7448/7448 7445/7445 7450/7450
f 7445/7445 7443/7443 7450/7450
f 7450/7450 7443/7443 7438/7438
f 7438/7438 7443/7443 7439/7439
f 7438/7438 7439/7439 7440/7440
f 1584/1584 1601/1601 1586/1586
f 1586/1586 1602/1602 1564/1564
f 1564/1564 1599/1599 1567/1567
f 460/460 393/393 395/395
f 8692/8692 8702/8702 8693/8693
f 8702/8702 8706/8706 8701/8701
f 8699/8699 8704/8704 8703/8703
f 362/362 372/372 380/380
f 8703/8703 8710/8710 8714/8714
f 8716/8716 8722/8722 8721/8721
f 8721/8721 8722/8722 8725/8725
f 8977/8977 8939/8939 8980/8980
f 464/464 515/515 553/553
f 556/556 558/558 557/557
f 558/558 565/565 557/557
f 3468/3468 3471/3471 3469/3469
f 3468/3468 3469/3469 3470/3470
f 2570/2570 2571/2571 2572/2572
f 2573/2573 2571/2571 2575/2575
f 2580/2580 2578/2578 2591/2591
f 2738/2738 2619/2619 2714/2714
f 1509/1509 1512/1512 1510/1510
f 3071/3071 3042/3042 3045/3045
f 3045/3045 3042/3042 3041/3041
f 6548/6548 6551/6551 6549/6549
f 7440/7440 7439/7439 7441/7441
f 6643/6643 6571/6571 6584/6584
f 6584/6584 6552/6552 6554/6554
f 6576/6576 6575/6575 6573/6573
f 7448/7448 7447/7447 7445/7445
f 1601/1601 1602/1602 1586/1586
f 1564/1564 1602/1602 1599/1599
f 510/510 520/520 460/460
f 8698/8698 8702/8702 8692/8692
f 393/393 444/444 372/372
f 8706/8706 8707/8707 8705/8705
f 8701/8701 8706/8706 8705/8705
f 372/372 444/444 380/380
f 444/444 447/447 380/380
f 8710/8710 8713/8713 8714/8714
f 380/380 447/447 446/446
f 380/380 446/446 389/389
f 8927/8927 8984/8984 8939/8939
f 9004/9004 9005/9005 9006/9006
f 8943/8943 8962/8962 8928/8928
f 8928/8928 8962/8962 8927/8927
f 389/389 446/446 390/390
f 394/394 515/515 464/464
f 2587/2587 2571/2571 2570/2570
f 2571/2571 2576/2576 2575/2575
f 2575/2575 2578/2578 2580/2580
f 2591/2591 2578/2578 2732/2732
f 2722/2722 2619/2619 2738/2738
f 2628/2628 2618/2618 2623/2623
f 2628/2628 2623/2623 2629/2629
f 2623/2623 2626/2626 2625/2625
f 2625/2625 2626/2626 2736/2736
f 1517/1517 1512/1512 1509/1509
f 6549/6549 6551/6551 6556/6556
f 6549/6549 6556/6556 6638/6638
f 6552/6552 6583/6583 6548/6548
f 6548/6548 6583/6583 6551/6551
f 1514/1514 1520/1520 1522/1522
f 6576/6576 6577/6577 6575/6575
f 7445/7445 7444/7444 7443/7443
f 7443/7443 7444/7444 7439/7439
f 8714/8714 8713/8713 8715/8715
f 8716/8716 8715/8715 8722/8722
f 8521/8521 8514/8514 8524/8524
f 9007/9007 9005/9005 9004/9004
f 8927/8927 8962/8962 8984/8984
f 553/553 578/578 558/558
f 558/558 577/577 565/565
f 3471/3471 3472/3472 3469/3469
f 2623/2623 2627/2627 2626/2626
f 1508/1508 1518/1518 1517/1517
f 3086/3086 3064/3064 3050/3050
f 3050/3050 3064/3064 3049/3049
f 1517/1517 1518/1518 1512/1512
f 7471/7471 7473/7473 7472/7472
f 1602/1602 1604/1604 1605/1605
f 1599/1599 1605/1605 1606/1606
f 593/593 592/592 581/581
f 520/520 471/471 393/393
f 8706/8706 8735/8735 8707/8707
f 444/444 478/478 447/447
f 447/447 511/511 446/446
f 8715/8715 8733/8733 8722/8722
f 446/446 511/511 390/390
f 390/390 512/512 394/394
f 512/512 515/515 394/394
f 553/553 515/515 578/578
f 3471/3471 3475/3475 3472/3472
f 3469/3469 3472/3472 3473/3473
f 2587/2587 2592/2592 2571/2571
f 2578/2578 2575/2575 2577/2577
f 2578/2578 2577/2577 2732/2732
f 2723/2723 2595/2595 2722/2722
f 2722/2722 2595/2595 2619/2619
f 2619/2619 2615/2615 2618/2618
f 2615/2615 2617/2617 2618/2618
f 2618/2618 2617/2617 2623/2623
f 2623/2623 2617/2617 2627/2627
f 3691/3691 3692/3692 3693/3693
f 1519/1519 1515/1515 1512/1512
f 1518/1518 1519/1519 1512/1512
f 6556/6556 6551/6551 6557/6557
f 1512/1512 1513/1513 1510/1510
f 6583/6583 6559/6559 6551/6551
f 1510/1510 1513/1513 1514/1514
f 1514/1514 1513/1513 1520/1520
f 6575/6575 6577/6577 6574/6574
f 6575/6575 6574/6574 6573/6573
f 7447/7447 7446/7446 7445/7445
f 7470/7470 7471/7471 7472/7472
f 520/520 586/586 471/471
f 444/444 471/471 479/479
f 8710/8710 8704/8704 8711/8711
f 8901/8901 8910/8910 8907/8907
f 3471/3471 3485/3485 3475/3475
f 5478/5478 5480/5480 5471/5471
f 3472/3472 3474/3474 3473/3473
f 2575/2575 2576/2576 2577/2577
f 2732/2732 2577/2577 2723/2723
f 2619/2619 2595/2595 2615/2615
f 3693/3693 3692/3692 3694/3694
f 3693/3693 3694/3694 3703/3703
f 6551/6551 6558/6558 6557/6557
f 1512/1512 1515/1515 1513/1513
f 6577/6577 6598/6598 6574/6574
f 6574/6574 6572/6572 6573/6573
f 6566/6566 6564/6564 6570/6570
f 6571/6571 6564/6564 6584/6584
f 6564/6564 6562/6562 6584/6584
f 581/581 592/592 587/587
f 8707/8707 8709/8709 8705/8705
f 8550/8550 8551/8551 8534/8534
f 8512/8512 8511/8511 8513/8513
f 8515/8515 8516/8516 8512/8512
f 3488/3488 3487/3487 3486/3486
f 3472/3472 3475/3475 3474/3474
f 2592/2592 2605/2605 2597/2597
f 2597/2597 2571/2571 2592/2592
f 2723/2723 2577/2577 2595/2595
f 2615/2615 2616/2616 2617/2617
f 3703/3703 3920/3920 3925/3925
f 6551/6551 6559/6559 6558/6558
f 6562/6562 6559/6559 6583/6583
f 6573/6573 6572/6572 6567/6567
f 6564/6564 6563/6563 6562/6562
f 1604/1604 1617/1617 1605/1605
f 586/586 587/587 471/471
f 3993/3993 3985/3985 3986/3986
f 8711/8711 8713/8713 8710/8710
f 3986/3986 3984/3984 3987/3987
f 3987/3987 3984/3984 3988/3988
f 3988/3988 3984/3984 3979/3979
f 3988/3988 3979/3979 3989/3989
f 3992/3992 3991/3991 4009/4009
f 3487/3487 3484/3484 3486/3486
f 3486/3486 3480/3480 3485/3485
f 3485/3485 3479/3479 3475/3475
f 2605/2605 2598/2598 2597/2597
f 2597/2597 2598/2598 2571/2571
f 2576/2576 2594/2594 2577/2577
f 2577/2577 2594/2594 2595/2595
f 2595/2595 2748/2748 2615/2615
f 2615/2615 2747/2747 2616/2616
f 2747/2747 2746/2746 2616/2616
f 2616/2616 2745/2745 2617/2617
f 1515/1515 1516/1516 1513/1513
f 6598/6598 6579/6579 6574/6574
f 6574/6574 6579/6579 6572/6572
f 6572/6572 6568/6568 6567/6567
f 6566/6566 6565/6565 6564/6564
f 6562/6562 6561/6561 6559/6559
f 4121/4121 4123/4123 4145/4145
f 1605/1605 1617/1617 1619/1619
f 1617/1617 1624/1624 1619/1619
f 587/587 588/588 471/471
f 4011/4011 3994/3994 3993/3993
f 8704/8704 8709/8709 8711/8711
f 3986/3986 3985/3985 3984/3984
f 3486/3486 3484/3484 3480/3480
f 5477/5477 5413/5413 5412/5412
f 3697/3697 3699/3699 3701/3701
f 3475/3475 3476/3476 3474/3474
f 3694/3694 3697/3697 3703/3703
f 2598/2598 2593/2593 2571/2571
f 2571/2571 2593/2593 2576/2576
f 2593/2593 2596/2596 2576/2576
f 2576/2576 2596/2596 2594/2594
f 2594/2594 2599/2599 2595/2595
f 2599/2599 2748/2748 2595/2595
f 2748/2748 2747/2747 2615/2615
f 2616/2616 2746/2746 2745/2745
f 2617/2617 2745/2745 2627/2627
f 2745/2745 2743/2743 2627/2627
f 2627/2627 2743/2743 2626/2626
f 2743/2743 2744/2744 2626/2626
f 3692/3692 3695/3695 3694/3694
f 3920/3920 3914/3914 3924/3924
f 6559/6559 6560/6560 6558/6558
f 6579/6579 6580/6580 6572/6572
f 6572/6572 6580/6580 6578/6578
f 6567/6567 6568/6568 6565/6565
f 6564/6564 6565/6565 6563/6563
f 6565/6565 6581/6581 6563/6563
f 6562/6562 6563/6563 6561/6561
f 598/598 597/597 592/592
f 599/599 598/598 592/592
f 8707/8707 8708/8708 8709/8709
f 3980/3980 3984/3984 3985/3985
f 8915/8915 8916/8916 8908/8908
f 4009/4009 3991/3991 4008/4008
f 3476/3476 3475/3475 3477/3477
f 3697/3697 3696/3696 3699/3699
f 3694/3694 3696/3696 3697/3697
f 2598/2598 2604/2604 2593/2593
f 2594/2594 2596/2596 2599/2599
f 2747/2747 2745/2745 2746/2746
f 6559/6559 6561/6561 6560/6560
f 3924/3924 3914/3914 3917/3917
f 6572/6572 6578/6578 6568/6568
f 6563/6563 6581/6581 6561/6561
f 592/592 590/590 587/587
f 8708/8708 8732/8732 8711/8711
f 8507/8507 8498/8498 8506/8506
f 8711/8711 8729/8729 8713/8713
f 3990/3990 3995/3995 3991/3991
f 3479/3479 3478/3478 3475/3475
f 3702/3702 3705/3705 3706/3706
f 3475/3475 3478/3478 3477/3477
f 3699/3699 3705/3705 3702/3702
f 2596/2596 2601/2601 2599/2599
f 2599/2599 2601/2601 2602/2602
f 2599/2599 2602/2602 2603/2603
f 2604/2604 2600/2600 2593/2593
f 2593/2593 2600/2600 2596/2596
f 2596/2596 2600/2600 2601/2601
f 2599/2599 2603/2603 2748/2748
f 2748/2748 2603/2603 2747/2747
f 2603/2603 2612/2612 2747/2747
f 2747/2747 2612/2612 2745/2745
f 2745/2745 2612/2612 2753/2753
f 2745/2745 2750/2750 2743/2743
f 2743/2743 2750/2750 2744/2744
f 3917/3917 3918/3918 3923/3923
f 6568/6568 6569/6569 6565/6565
f 6565/6565 6569/6569 6581/6581
f 8546/8546 8543/8543 8545/8545
f 8531/8531 8528/8528 8525/8525
f 3966/3966 3971/3971 4012/4012
f 5487/5487 5482/5482 5481/5481
f 3964/3964 3970/3970 3966/3966
f 3699/3699 3704/3704 3705/3705
f 3696/3696 3700/3700 3704/3704
f 3696/3696 3704/3704 3699/3699
f 3961/3961 3964/3964 3965/3965
f 2604/2604 2610/2610 2609/2609
f 2604/2604 2609/2609 2600/2600
f 3696/3696 3698/3698 3700/3700
f 2744/2744 2750/2750 2754/2754
f 3960/3960 3961/3961 3962/3962
f 3918/3918 3933/3933 3923/3923
f 3933/3933 3940/3940 3923/3923
f 587/587 590/590 589/589
f 8542/8542 8528/8528 8532/8532
f 3705/3705 3708/3708 3707/3707
f 3704/3704 3708/3708 3705/3705
f 3725/3725 3919/3919 3916/3916
f 2609/2609 2608/2608 2600/2600
f 2600/2600 2608/2608 2601/2601
f 2608/2608 2607/2607 2601/2601
f 2607/2607 2606/2606 2601/2601
f 2601/2601 2606/2606 2602/2602
f 2602/2602 2606/2606 2603/2603
f 2606/2606 2611/2611 2603/2603
f 2603/2603 2611/2611 2612/2612
f 3730/3730 3736/3736 3728/3728
f 3730/3730 3728/3728 3729/3729
f 3729/3729 3728/3728 3726/3726
f 3726/3726 3728/3728 3727/3727
f 3726/3726 3727/3727 3721/3721
f 3726/3726 3721/3721 3698/3698
f 3698/3698 3721/3721 3700/3700
f 3919/3919 3976/3976 3922/3922
f 3933/3933 3941/3941 3940/3940
f 3942/3942 3944/3944 3945/3945
f 3942/3942 3945/3945 3946/3946
f 3946/3946 3945/3945 3947/3947
f 3709/3709 3723/3723 3724/3724
f 3479/3479 3480/3480 3478/3478
f 3707/3707 3708/3708 3709/3709
f 3724/3724 4006/4006 3976/3976
f 3724/3724 3976/3976 3919/3919
f 3719/3719 3708/3708 3704/3704
f 3766/3766 3745/3745 3744/3744
f 3736/3736 3737/3737 3734/3734
f 3960/3960 3959/3959 3961/3961
f 590/590 591/591 589/589
f 8500/8500 8502/8502 8496/8496
f 3978/3978 3977/3977 3981/3981
f 3981/3981 3996/3996 3995/3995
f 5477/5477 5482/5482 5483/5483
f 3709/3709 3711/3711 3723/3723
f 3723/3723 4015/4015 4006/4006
f 3480/3480 3481/3481 3478/3478
f 4006/4006 3998/3998 3976/3976
f 3746/3746 3745/3745 3743/3743
f 3746/3746 3743/3743 3742/3742
f 3737/3737 3739/3739 3734/3734
f 3734/3734 3735/3735 3727/3727
f 3721/3721 3732/3732 3720/3720
f 3700/3700 3720/3720 3719/3719
f 3976/3976 3998/3998 3922/3922
f 3982/3982 3978/3978 3980/3980
f 3483/3483 3482/3482 3480/3480
f 4015/4015 3998/3998 4006/4006
f 3711/3711 3712/3712 3722/3722
f 4010/4010 3773/3773 3772/3772
f 3722/3722 4022/4022 3723/3723
f 3974/3974 3975/3975 3971/3971
f 3963/3963 3973/3973 3974/3974
f 3770/3770 3747/3747 3745/3745
f 3739/3739 3749/3749 3740/3740
f 3944/3944 3948/3948 3945/3945
f 3945/3945 3948/3948 3949/3949
f 4106/4106 4098/4098 4122/4122
f 4117/4117 4106/4106 4122/4122
f 3710/3710 3713/3713 3712/3712
f 3710/3710 3712/3712 3711/3711
f 3710/3710 3716/3716 3713/3713
f 4015/4015 4022/4022 3953/3953
f 4015/4015 3953/3953 3998/3998
f 3977/3977 3938/3938 3981/3981
f 3996/3996 3786/3786 3997/3997
f 3997/3997 3776/3776 3773/3773
f 3712/3712 3771/3771 3722/3722
f 3722/3722 3771/3771 4022/4022
f 3716/3716 3717/3717 3713/3713
f 3760/3760 3755/3755 3748/3748
f 3943/3943 3950/3950 3944/3944
f 3948/3948 3958/3958 3949/3949
f 3999/3999 3899/3899 3898/3898
f 3911/3911 3937/3937 3907/3907
f 3999/3999 3898/3898 3972/3972
f 3977/3977 3908/3908 3938/3938
f 3713/3713 3715/3715 3714/3714
f 3761/3761 3762/3762 3760/3760
f 3717/3717 3718/3718 3715/3715
f 3717/3717 3715/3715 3713/3713
f 3771/3771 4021/4021 4022/4022
f 3973/3973 4005/4005 3974/3974
f 4022/4022 4021/4021 3953/3953
f 3953/3953 4021/4021 3956/3956
f 3953/3953 3956/3956 3951/3951
f 3953/3953 3951/3951 3952/3952
f 3757/3757 3756/3756 3750/3750
f 3758/3758 3757/3757 3750/3750
f 4128/4128 4014/4014 3878/3878
f 3878/3878 4014/4014 3866/3866
f 3866/3866 4014/4014 4016/4016
f 3866/3866 4016/4016 3865/3865
f 3865/3865 4016/4016 4017/4017
f 4017/4017 4018/4018 3863/3863
f 3399/3399 3374/3374 3394/3394
f 3903/3903 3906/3906 3862/3862
f 3863/3863 4018/4018 3856/3856
f 2920/2920 2926/2926 2941/2941
f 2875/2875 2872/2872 2868/2868
f 2868/2868 2837/2837 2841/2841
f 3856/3856 4018/4018 4019/4019
f 3856/3856 4019/4019 3854/3854
f 4019/4019 4020/4020 3783/3783
f 3783/3783 4020/4020 3771/3771
f 3771/3771 4020/4020 4021/4021
f 3951/3951 3956/3956 3954/3954
f 3951/3951 3954/3954 3950/3950
f 3950/3950 3954/3954 3955/3955
f 2933/2933 2932/2932 2928/2928
f 2928/2928 2932/2932 2922/2922
f 2928/2928 2922/2922 2921/2921
f 2921/2921 2922/2922 2898/2898
f 2921/2921 2898/2898 2899/2899
f 2899/2899 2898/2898 2893/2893
f 2893/2893 2889/2889 2894/2894
f 2894/2894 2889/2889 2900/2900
f 2904/2904 2903/2903 2908/2908
f 3399/3399 3376/3376 3374/3374
f 2915/2915 2908/2908 2914/2914
f 2915/2915 2914/2914 2917/2917
f 2914/2914 2919/2919 2917/2917
f 2919/2919 2920/2920 2917/2917
f 2926/2926 2942/2942 2941/2941
f 2884/2884 2881/2881 2882/2882
f 2882/2882 2881/2881 2877/2877
f 2882/2882 2877/2877 2878/2878
f 2878/2878 2877/2877 2875/2875
f 2868/2868 2866/2866 2837/2837
f 4020/4020 4023/4023 4021/4021
f 3955/3955 4028/4028 4029/4029
f 2143/2143 2149/2149 2148/2148
f 2922/2922 2912/2912 2898/2898
f 2898/2898 2912/2912 2897/2897
f 2898/2898 2897/2897 2893/2893
f 2893/2893 2892/2892 2889/2889
f 2889/2889 2888/2888 2900/2900
f 2903/2903 2904/2904 2900/2900
f 2888/2888 2903/2903 2900/2900
f 2903/2903 2907/2907 2908/2908
f 2908/2908 2907/2907 2914/2914
f 2920/2920 2919/2919 2926/2926
f 2926/2926 2935/2935 2942/2942
f 2842/2842 2844/2844 2847/2847
f 2841/2841 2839/2839 2842/2842
f 2875/2875 2871/2871 2872/2872
f 2872/2872 2871/2871 2868/2868
f 2922/2922 2931/2931 2924/2924
f 2922/2922 2924/2924 2912/2912
f 2892/2892 2886/2886 2889/2889
f 2889/2889 2886/2886 2888/2888
f 2888/2888 2902/2902 2903/2903
f 2902/2902 2907/2907 2903/2903
f 3376/3376 3402/3402 3375/3375
f 2847/2847 2846/2846 2848/2848
f 2842/2842 2839/2839 2844/2844
f 2875/2875 2873/2873 2871/2871
f 2841/2841 2837/2837 2839/2839
f 2140/2140 2139/2139 2138/2138
f 2897/2897 2896/2896 2892/2892
f 2888/2888 2887/2887 2902/2902
f 2902/2902 2909/2909 2907/2907
f 3402/3402 3403/3403 3375/3375
f 2907/2907 2909/2909 2914/2914
f 2919/2919 2927/2927 2926/2926
f 2926/2926 2927/2927 2935/2935
f 2848/2848 2849/2849 2851/2851
f 2935/2935 2940/2940 2942/2942
f 2846/2846 2849/2849 2848/2848
f 2844/2844 2846/2846 2847/2847
f 2866/2866 2840/2840 2837/2837
f 2931/2931 2929/2929 2924/2924
f 2886/2886 2887/2887 2888/2888
f 2909/2909 2916/2916 2914/2914
f 2914/2914 2916/2916 2919/2919
f 2849/2849 2852/2852 2851/2851
f 2877/2877 2876/2876 2875/2875
f 2875/2875 2876/2876 2873/2873
f 2871/2871 2869/2869 2868/2868
f 2868/2868 2869/2869 2866/2866
f 2837/2837 2838/2838 2839/2839
f 2931/2931 2936/2936 2929/2929
f 2924/2924 2929/2929 2923/2923
f 2923/2923 2912/2912 2924/2924
f 2923/2923 2911/2911 2912/2912
f 2911/2911 2896/2896 2897/2897
f 2896/2896 2886/2886 2892/2892
f 2896/2896 2895/2895 2886/2886
f 2886/2886 2890/2890 2887/2887
f 2887/2887 2891/2891 2902/2902
f 2852/2852 2859/2859 2858/2858
f 2927/2927 2940/2940 2935/2935
f 2845/2845 2850/2850 2849/2849
f 2846/2846 2845/2845 2849/2849
f 2880/2880 2877/2877 2881/2881
f 2883/2883 2880/2880 2881/2881
f 2877/2877 2880/2880 2876/2876
f 2839/2839 2843/2843 2844/2844
f 2837/2837 2840/2840 2838/2838
f 2839/2839 2838/2838 2843/2843
f 2895/2895 2890/2890 2886/2886
f 2890/2890 2891/2891 2887/2887
f 2891/2891 2905/2905 2902/2902
f 2905/2905 2906/2906 2902/2902
f 2902/2902 2906/2906 2909/2909
f 2909/2909 2906/2906 2916/2916
f 2919/2919 2916/2916 2927/2927
f 2849/2849 2850/2850 2852/2852
f 2852/2852 2850/2850 2853/2853
f 2843/2843 2845/2845 2844/2844
f 2871/2871 2873/2873 2869/2869
f 2866/2866 2869/2869 2840/2840
f 2911/2911 2901/2901 2896/2896
f 2896/2896 2901/2901 2895/2895
f 2916/2916 2925/2925 2927/2927
f 2876/2876 2874/2874 2873/2873
f 2873/2873 2874/2874 2869/2869
f 2937/2937 2934/2934 2923/2923
f 2929/2929 2937/2937 2923/2923
f 2923/2923 2934/2934 2911/2911
f 2911/2911 2938/2938 2901/2901
f 2901/2901 2910/2910 2895/2895
f 2895/2895 2910/2910 2890/2890
f 2890/2890 2910/2910 2891/2891
f 2910/2910 2905/2905 2891/2891
f 2905/2905 2913/2913 2906/2906
f 3377/3377 3409/3409 3372/3372
f 2906/2906 2913/2913 2918/2918
f 2906/2906 2918/2918 2916/2916
f 2916/2916 2918/2918 2925/2925
f 2925/2925 2939/2939 2927/2927
f 2853/2853 2854/2854 2859/2859
f 2927/2927 2939/2939 2940/2940
f 2850/2850 2854/2854 2853/2853
f 2845/2845 2856/2856 2854/2854
f 2845/2845 2854/2854 2850/2850
f 2883/2883 2885/2885 2880/2880
f 2857/2857 2856/2856 2845/2845
f 2880/2880 2879/2879 2876/2876
f 2843/2843 2857/2857 2845/2845
f 2879/2879 2874/2874 2876/2876
f 2867/2867 2843/2843 2838/2838
f 2874/2874 2870/2870 2869/2869
f 2869/2869 2870/2870 2840/2840
f 2840/2840 2870/2870 2867/2867
f 2840/2840 2867/2867 2838/2838
f 1316/1316 1274/1274 1303/1303
f 2911/2911 2934/2934 2938/2938
f 1304/1304 1280/1280 1318/1318
f 1318/1318 1280/1280 1291/1291
f 1291/1291 1285/1285 1319/1319
f 1319/1319 1285/1285 1308/1308
f 1290/1290 1300/1300 1320/1320
f 1276/1276 1286/1286 1328/1328
f 1328/1328 1286/1286 1307/1307
f 1307/1307 1292/1292 1331/1331
f 1331/1331 1292/1292 1311/1311
f 1329/1329 1297/1297 1301/1301
f 1311/1311 1292/1292 1288/1288
f 1311/1311 1288/1288 1317/1317
f 1317/1317 1288/1288 1296/1296
f 5621/5621 5602/5602 5608/5608
f 5621/5621 5608/5608 5629/5629
f 5614/5614 5594/5594 5602/5602
f 5632/5632 5610/5610 5598/5598
f 5598/5598 5587/5587 5628/5628
f 3543/3543 3551/3551 3529/3529
f 3529/3529 3551/3551 3538/3538
f 3531/3531 3553/3553 3520/3520
f 3520/3520 3553/3553 3543/3543
f 5629/5629 5608/5608 5642/5642
f 5642/5642 5608/5608 5637/5637
f 5637/5637 5610/5610 5632/5632
f 2960/2960 2972/2972 2949/2949
f 3548/3548 3552/3552 3542/3542
f 2949/2949 2972/2972 2980/2980
f 2949/2949 2980/2980 2951/2951
f 2951/2951 2980/2980 2976/2976
f 2951/2951 2976/2976 2975/2975
f 2976/2976 2990/2990 2975/2975
f 2975/2975 2990/2990 2984/2984
f 2990/2990 2997/2997 2984/2984
f 2984/2984 2997/2997 2992/2992
f 5625/5625 5611/5611 5640/5640
f 5640/5640 5611/5611 5641/5641
f 5641/5641 5611/5611 5612/5612
f 5641/5641 5612/5612 5619/5619
f 3001/3001 3005/3005 3004/3004
f 5643/5643 5619/5619 5622/5622
f 2200/2200 2204/2204 2203/2203
f 2200/2200 2203/2203 2196/2196
f 3520/3520 3529/3529 3515/3515
f 3515/3515 3529/3529 3522/3522
f 3522/3522 3529/3529 3525/3525
f 3525/3525 3529/3529 3538/3538
f 3525/3525 3538/3538 3535/3535
f 2968/2968 2971/2971 2969/2969
f 3526/3526 3531/3531 3520/3520
f 2968/2968 2969/2969 2965/2965
f 2968/2968 2965/2965 2959/2959
f 3541/3541 3542/3542 3531/3531
f 3541/3541 3531/3531 3526/3526
f 2965/2965 2960/2960 2957/2957
f 2959/2959 2965/2965 2957/2957
f 2957/2957 2960/2960 2947/2947
f 2960/2960 2949/2949 2947/2947
f 3547/3547 3548/3548 3542/3542
f 3547/3547 3542/3542 3541/3541
f 2947/2947 2949/2949 2944/2944
f 2817/2817 2823/2823 2824/2824
f 2949/2949 2951/2951 2944/2944
f 2944/2944 2951/2951 2950/2950
f 2951/2951 2975/2975 2950/2950
f 2975/2975 2984/2984 2979/2979
f 2979/2979 2984/2984 2985/2985
f 2984/2984 2992/2992 2985/2985
f 2985/2985 2992/2992 2991/2991
f 2991/2991 2992/2992 3001/3001
f 2991/2991 3001/3001 2996/2996
f 2996/2996 3001/3001 2999/2999
f 2999/2999 3001/3001 3004/3004
f 2212/2212 2209/2209 2206/2206
f 2206/2206 2209/2209 2200/2200
f 2198/2198 2200/2200 2196/2196
f 2194/2194 2191/2191 2190/2190
f 3517/3517 3520/3520 3515/3515
f 3526/3526 3520/3520 3517/3517
f 2968/2968 2959/2959 2964/2964
f 3530/3530 3541/3541 3526/3526
f 2948/2948 2944/2944 2950/2950
f 2816/2816 2817/2817 2806/2806
f 2950/2950 2975/2975 2973/2973
f 2973/2973 2975/2975 2979/2979
f 2985/2985 2991/2991 2988/2988
f 2991/2991 2996/2996 2988/2988
f 2999/2999 3004/3004 3002/3002
f 2211/2211 2212/2212 2206/2206
f 2201/2201 2206/2206 2200/2200
f 2201/2201 2200/2200 2198/2198
f 2174/2174 2170/2170 2172/2172
f 3525/3525 3535/3535 3533/3533
f 2967/2967 2968/2968 2964/2964
f 3521/3521 3526/3526 3517/3517
f 2964/2964 2959/2959 2956/2956
f 2956/2956 2959/2959 2957/2957
f 2956/2956 2957/2957 2947/2947
f 2947/2947 2944/2944 2943/2943
f 2814/2814 2817/2817 2815/2815
f 2948/2948 2950/2950 2973/2973
f 2781/2781 2782/2782 2783/2783
f 2988/2988 2996/2996 2993/2993
f 2993/2993 2996/2996 2999/2999
f 3516/3516 3515/3515 3522/3522
f 3521/3521 3517/3517 3518/3518
f 3518/3518 3517/3517 3516/3516
f 2943/2943 2944/2944 2945/2945
f 2945/2945 2944/2944 2948/2948
f 2979/2979 2985/2985 2983/2983
f 2987/2987 2985/2985 2988/2988
f 2998/2998 2999/2999 3002/3002
f 3516/3516 3522/3522 3523/3523
f 3523/3523 3522/3522 3525/3525
f 3523/3523 3525/3525 3533/3533
f 2967/2967 2964/2964 2961/2961
f 2961/2961 2964/2964 2956/2956
f 3528/3528 3530/3530 3526/3526
f 3528/3528 3526/3526 3521/3521
f 2956/2956 2947/2947 2943/2943
f 3545/3545 3547/3547 3541/3541
f 3545/3545 3541/3541 3530/3530
f 2974/2974 2973/2973 2979/2979
f 2974/2974 2979/2979 2981/2981
f 2981/2981 2979/2979 2983/2983
f 2983/2983 2985/2985 2987/2987
f 2987/2987 2988/2988 2993/2993
f 2993/2993 2999/2999 2998/2998
f 2998/2998 3002/3002 3003/3003
f 2211/2211 2206/2206 2207/2207
f 3540/3540 3530/3530 3528/3528
f 2946/2946 2943/2943 2945/2945
f 2952/2952 2948/2948 2973/2973
f 2213/2213 2211/2211 2207/2207
f 2207/2207 2206/2206 2201/2201
f 2197/2197 2198/2198 2195/2195
f 2967/2967 2961/2961 2966/2966
f 3528/3528 3521/3521 3518/3518
f 2961/2961 2956/2956 2955/2955
f 2956/2956 2943/2943 2955/2955
f 2955/2955 2943/2943 2946/2946
f 2945/2945 2948/2948 2952/2952
f 2952/2952 2973/2973 2974/2974
f 2987/2987 2993/2993 2995/2995
f 2995/2995 2993/2993 2998/2998
f 2207/2207 2201/2201 2199/2199
f 3518/3518 3516/3516 3519/3519
f 3519/3519 3516/3516 3524/3524
f 3524/3524 3516/3516 3523/3523
f 3524/3524 3523/3523 3532/3532
f 3523/3523 3533/3533 3532/3532
f 3532/3532 3533/3533 3534/3534
f 3528/3528 3518/3518 3527/3527
f 2966/2966 2961/2961 2962/2962
f 2962/2962 2961/2961 2955/2955
f 3544/3544 3545/3545 3540/3540
f 2970/2970 2952/2952 2974/2974
f 2977/2977 2974/2974 2981/2981
f 2983/2983 2987/2987 2982/2982
f 2982/2982 2987/2987 2989/2989
f 2987/2987 2995/2995 2994/2994
f 2995/2995 2998/2998 2994/2994
f 2998/2998 3003/3003 3000/3000
f 2213/2213 2207/2207 2208/2208
f 2202/2202 2199/2199 2197/2197
f 2193/2193 2185/2185 2192/2192
f 3527/3527 3518/3518 3519/3519
f 3540/3540 3528/3528 3539/3539
f 3539/3539 3528/3528 3527/3527
f 2962/2962 2955/2955 2958/2958
f 3544/3544 3540/3540 3539/3539
f 2958/2958 2955/2955 2953/2953
f 2955/2955 2946/2946 2953/2953
f 3546/3546 3545/3545 3544/3544
f 2953/2953 2946/2946 2945/2945
f 2953/2953 2945/2945 2954/2954
f 2954/2954 2945/2945 2952/2952
f 2954/2954 2952/2952 2970/2970
f 2970/2970 2974/2974 2977/2977
f 2977/2977 2981/2981 2982/2982
f 2982/2982 2981/2981 2983/2983
f 2989/2989 2987/2987 2994/2994
f 2994/2994 2998/2998 3000/3000
f 2214/2214 2213/2213 2208/2208
f 2808/2808 2804/2804 2807/2807
f 2207/2207 2199/2199 2202/2202
f 2208/2208 2207/2207 2202/2202
f 1121/1121 1092/1092 1095/1095
f 1116/1116 1101/1101 1117/1117
f 1116/1116 1100/1100 1101/1101
f 667/667 666/666 636/636
f 3519/3519 3524/3524 3536/3536
f 3536/3536 3524/3524 3532/3532
f 3536/3536 3532/3532 3537/3537
f 3537/3537 3532/3532 3534/3534
f 2986/2986 2966/2966 2963/2963
f 2963/2963 2966/2966 2962/2962
f 2963/2963 2962/2962 2958/2958
f 2970/2970 2977/2977 2978/2978
f 2977/2977 2982/2982 2978/2978
f 1129/1129 1125/1125 1126/1126
f 2188/2188 2166/2166 2184/2184
f 1127/1127 1120/1120 1121/1121
f 5018/5018 5022/5022 4994/4994
f 1153/1153 1115/1115 1144/1144
f 747/747 758/758 781/781
f 764/764 758/758 737/737
f 700/700 688/688 701/701
f 3161/3161 3160/3160 3155/3155
f 1159/1159 1106/1106 1153/1153
f 1117/1117 1118/1118 1157/1157
f 759/759 755/755 766/766
f 219/219 217/217 204/204
f 204/204 217/217 216/216
f 730/730 728/728 732/732
f 765/765 759/759 766/766
f 769/769 747/747 774/774
f 205/205 219/219 204/204
f 1157/1157 1143/1143 1158/1158
f 204/204 216/216 201/201
f 1138/1138 1124/1124 1136/1136
f 1160/1160 1153/1153 1163/1163
f 1163/1163 1155/1155 1156/1156
f 1162/1162 1156/1156 1154/1154
f 767/767 754/754 768/768
f 774/774 747/747 782/782
f 1192/1192 1157/1157 1158/1158
f 763/763 761/761 776/776
f 205/205 204/204 199/199
f 199/199 204/204 201/201
f 199/199 201/201 200/200
f 1132/1132 1129/1129 1135/1135
f 1162/1162 1163/1163 1156/1156
f 202/202 205/205 199/199
f 1158/1158 1152/1152 1203/1203
f 1134/1134 1133/1133 1137/1137
f 5019/5019 5016/5016 4998/4998
f 4999/4999 4998/4998 4993/4993
f 215/215 202/202 203/203
f 203/203 202/202 197/197
f 197/197 202/202 199/199
f 199/199 200/200 198/198
f 1203/1203 1152/1152 1151/1151
f 5082/5082 5075/5075 5074/5074
f 5074/5074 5075/5075 5073/5073
f 784/784 775/775 785/785
f 785/785 775/775 770/770
f 772/772 773/773 788/788
f 773/773 774/774 789/789
f 197/197 199/199 198/198
f 5083/5083 5082/5082 5074/5074
f 5074/5074 5073/5073 5072/5072
f 5069/5069 5073/5073 5077/5077
f 5065/5065 5076/5076 5062/5062
f 5062/5062 5019/5019 5015/5015
f 5061/5061 5062/5062 5015/5015
f 5015/5015 5019/5019 4999/4999
f 4999/4999 4993/4993 4996/4996
f 3154/3154 3159/3159 3158/3158
f 1166/1166 1163/1163 1172/1172
f 791/791 770/770 786/786
f 786/786 771/771 787/787
f 787/787 771/771 772/772
f 787/787 772/772 788/788
f 788/788 773/773 789/789
f 789/789 774/774 783/783
f 187/187 197/197 198/198
f 1202/1202 1203/1203 1201/1201
f 5072/5072 5073/5073 5069/5069
f 7986/7986 7987/7987 7988/7988
f 5068/5068 5076/5076 5065/5065
f 3144/3144 3150/3150 3149/3149
f 3154/3154 3158/3158 3138/3138
f 1174/1174 1172/1172 1173/1173
f 1177/1177 1171/1171 1165/1165
f 206/206 203/203 182/182
f 1195/1195 1192/1192 1197/1197
f 182/182 203/203 197/197
f 182/182 197/197 187/187
f 1192/1192 1202/1202 1200/1200
f 5092/5092 5083/5083 5084/5084
f 5087/5087 5092/5092 5084/5084
f 5083/5083 5074/5074 5072/5072
f 5049/5049 5061/5061 5015/5015
f 5015/5015 4999/4999 5009/5009
f 822/822 791/791 817/817
f 211/211 210/210 160/160
f 160/160 210/210 209/209
f 135/135 206/206 172/172
f 172/172 206/206 182/182
f 1185/1185 1169/1169 1179/1179
f 181/181 182/182 187/187
f 5095/5095 5092/5092 5087/5087
f 5071/5071 5072/5072 5069/5069
f 5065/5065 5061/5061 5064/5064
f 5049/5049 5015/5015 5014/5014
f 5014/5014 5015/5015 5009/5009
f 106/106 174/174 165/165
f 106/106 165/165 120/120
f 165/165 166/166 120/120
f 166/166 159/159 120/120
f 120/120 159/159 119/119
f 119/119 159/159 158/158
f 119/119 158/158 116/116
f 116/116 158/158 160/160
f 116/116 160/160 130/130
f 130/130 160/160 135/135
f 172/172 182/182 180/180
f 584/584 606/606 605/605
f 180/180 182/182 181/181
f 5087/5087 5084/5084 5085/5085
f 5083/5083 5072/5072 5078/5078
f 5078/5078 5072/5072 5071/5071
f 8056/8056 7986/7986 7989/7989
f 7852/7852 7851/7851 7846/7846
f 5070/5070 5071/5071 5069/5069
f 5070/5070 5069/5069 5067/5067
f 5067/5067 5069/5069 5068/5068
f 5064/5064 5061/5061 5049/5049
f 5005/5005 4996/4996 5000/5000
f 3139/3139 3140/3140 3138/3138
f 2355/2355 2344/2344 2345/2345
f 2345/2345 2344/2344 2336/2336
f 4981/4981 4986/4986 4980/4980
f 1178/1178 1170/1170 1176/1176
f 1175/1175 1173/1173 1177/1177
f 1191/1191 1164/1164 1195/1195
f 148/148 174/174 106/106
f 95/95 119/119 116/116
f 116/116 130/130 73/73
f 73/73 130/130 63/63
f 130/130 135/135 115/115
f 63/63 130/130 115/115
f 115/115 135/135 172/172
f 173/173 180/180 181/181
f 173/173 181/181 221/221
f 5084/5084 5083/5083 5078/5078
f 8060/8060 7975/7975 8035/8035
f 7862/7862 7857/7857 7855/7855
f 8013/8013 7992/7992 8009/8009
f 5010/5010 5009/5009 5005/5005
f 1191/1191 1195/1195 1196/1196
f 105/105 120/120 119/119
f 105/105 119/119 95/95
f 95/95 116/116 74/74
f 74/74 116/116 73/73
f 115/115 172/172 161/161
f 172/172 180/180 173/173
f 161/161 172/172 173/173
f 5093/5093 5095/5095 5087/5087
f 5012/5012 5014/5014 5009/5009
f 5012/5012 5009/5009 5010/5010
f 5006/5006 5005/5005 5000/5000
f 1015/1015 1019/1019 993/993
f 1006/1006 1021/1021 1022/1022
f 113/113 148/148 106/106
f 106/106 120/120 105/105
f 62/62 63/63 115/115
f 584/584 605/605 583/583
f 5302/5302 5071/5071 5329/5329
f 5329/5329 5070/5070 5328/5328
f 7781/7781 7800/7800 7799/7799
f 5328/5328 5070/5070 5067/5067
f 5410/5410 5067/5067 5066/5066
f 5066/5066 5064/5064 5320/5320
f 5320/5320 5049/5049 5045/5045
f 5045/5045 5049/5049 5014/5014
f 5010/5010 5005/5005 5006/5006
f 4981/4981 4980/4980 4977/4977
f 1034/1034 1023/1023 997/997
f 997/997 1023/1023 1014/1014
f 997/997 1014/1014 989/989
f 989/989 1014/1014 993/993
f 1019/1019 1020/1020 993/993
f 993/993 1020/1020 995/995
f 1006/1006 1022/1022 1013/1013
f 1013/1013 1022/1022 1032/1032
f 106/106 105/105 104/104
f 105/105 95/95 93/93
f 93/93 95/95 94/94
f 94/94 95/95 74/74
f 143/143 115/115 161/161
f 1198/1198 1197/1197 1199/1199
f 5094/5094 5093/5093 5089/5089
f 5093/5093 5087/5087 5089/5089
f 5085/5085 5078/5078 5289/5289
f 5289/5289 5078/5078 5302/5302
f 8055/8055 8056/8056 8057/8057
f 7856/7856 7862/7862 7855/7855
f 7856/7856 7855/7855 7850/7850
f 7855/7855 7846/7846 7850/7850
f 5045/5045 5012/5012 5038/5038
f 4975/4975 4977/4977 4976/4976
f 992/992 989/989 993/993
f 999/999 1006/1006 1013/1013
f 1032/1032 1031/1031 1030/1030
f 183/183 148/148 113/113
f 139/139 115/115 143/143
f 143/143 161/161 164/164
f 579/579 584/584 583/583
f 5307/5307 5085/5085 5289/5289
f 7861/7861 7862/7862 7856/7856
f 5302/5302 5329/5329 5303/5303
f 7850/7850 7846/7846 7791/7791
f 7780/7780 7779/7779 7772/7772
f 7772/7772 7779/7779 7778/7778
f 7772/7772 7778/7778 7769/7769
f 1609/1609 1615/1615 1616/1616
f 992/992 993/993 994/994
f 994/994 993/993 995/995
f 999/999 1013/1013 946/946
f 1007/1007 946/946 1013/1013
f 1013/1013 1032/1032 1030/1030
f 104/104 105/105 93/93
f 62/62 115/115 139/139
f 163/163 143/143 164/164
f 568/568 579/579 582/582
f 5089/5089 5087/5087 5088/5088
f 5087/5087 5085/5085 5088/5088
f 7850/7850 7791/7791 7844/7844
f 7844/7844 7791/7791 7780/7780
f 5303/5303 5328/5328 5279/5279
f 7778/7778 7781/7781 7783/7783
f 7778/7778 7783/7783 7773/7773
f 7783/7783 7799/7799 7801/7801
f 5279/5279 5328/5328 5319/5319
f 5013/5013 5010/5010 5011/5011
f 5002/5002 4982/4982 5003/5003
f 956/956 997/997 904/904
f 904/904 997/997 989/989
f 904/904 989/989 910/910
f 989/989 992/992 910/910
f 910/910 992/992 907/907
f 907/907 992/992 994/994
f 907/907 994/994 912/912
f 912/912 994/994 995/995
f 995/995 999/999 912/912
f 912/912 999/999 946/946
f 1007/1007 1013/1013 1030/1030
f 1024/1024 1031/1031 1038/1038
f 1039/1039 1038/1038 1041/1041
f 5096/5096 5094/5094 5091/5091
f 5091/5091 5094/5094 5089/5089
f 5089/5089 5088/5088 5090/5090
f 5088/5088 5085/5085 5307/5307
f 7770/7770 7780/7780 7772/7772
f 7769/7769 7778/7778 7773/7773
f 5320/5320 5045/5045 5046/5046
f 5046/5046 5045/5045 5038/5038
f 5038/5038 5012/5012 5013/5013
f 5004/5004 5006/5006 5002/5002
f 5004/5004 5002/5002 5003/5003
f 909/909 956/956 904/904
f 910/910 907/907 905/905
f 1007/1007 1030/1030 990/990
f 990/990 1030/1030 1024/1024
f 1024/1024 1030/1030 1031/1031
f 73/73 63/63 64/64
f 94/94 74/74 92/92
f 1024/1024 1038/1038 1039/1039
f 139/139 143/143 140/140
f 143/143 163/163 140/140
f 5091/5091 5089/5089 5090/5090
f 7943/7943 7944/7944 7946/7946
f 5088/5088 5307/5307 5282/5282
f 5289/5289 5302/5302 5266/5266
f 5266/5266 5302/5302 5278/5278
f 5302/5302 5303/5303 5278/5278
f 7849/7849 7850/7850 7844/7844
f 7840/7840 7844/7844 7780/7780
f 5278/5278 5303/5303 5279/5279
f 7770/7770 7772/7772 7764/7764
f 7764/7764 7772/7772 7769/7769
f 7782/7782 7801/7801 7802/7802
f 5279/5279 5319/5319 5269/5269
f 5269/5269 5319/5319 5046/5046
f 5046/5046 5319/5319 5320/5320
f 5046/5046 5038/5038 5042/5042
f 5038/5038 5013/5013 5039/5039
f 5039/5039 5013/5013 5011/5011
f 2264/2264 2302/2302 2266/2266
f 2266/2266 2277/2277 2276/2276
f 2266/2266 2276/2276 2267/2267
f 904/904 910/910 873/873
f 873/873 910/910 905/905
f 907/907 912/912 877/877
f 877/877 912/912 896/896
f 896/896 912/912 921/921
f 921/921 912/912 946/946
f 921/921 946/946 949/949
f 949/949 946/946 988/988
f 988/988 1007/1007 990/990
f 991/991 1024/1024 1039/1039
f 92/92 74/74 66/66
f 5098/5098 5096/5096 5097/5097
f 5097/5097 5096/5096 5091/5091
f 5090/5090 5088/5088 5292/5292
f 7947/7947 7946/7946 7954/7954
f 5292/5292 5088/5088 5282/5282
f 7934/7934 7935/7935 7936/7936
f 7957/7957 7961/7961 7935/7935
f 7859/7859 7860/7860 7858/7858
f 5282/5282 5307/5307 5256/5256
f 7858/7858 7860/7860 7853/7853
f 5256/5256 5307/5307 5289/5289
f 5256/5256 5289/5289 5266/5266
f 7849/7849 7844/7844 7842/7842
f 5232/5232 5278/5278 5279/5279
f 7840/7840 7780/7780 7766/7766
f 7766/7766 7780/7780 7770/7770
f 7766/7766 7770/7770 7764/7764
f 5232/5232 5279/5279 5247/5247
f 7764/7764 7769/7769 7762/7762
f 7803/7803 7802/7802 7804/7804
f 5247/5247 5279/5279 5269/5269
f 5042/5042 5038/5038 5039/5039
f 5007/5007 4978/4978 4983/4983
f 909/909 904/904 871/871
f 871/871 904/904 873/873
f 876/876 873/873 905/905
f 876/876 905/905 907/907
f 876/876 907/907 877/877
f 950/950 956/956 909/909
f 991/991 990/990 1024/1024
f 5097/5097 5091/5091 5293/5293
f 5091/5091 5090/5090 5293/5293
f 480/480 579/579 445/445
f 7940/7940 7944/7944 7943/7943
f 7943/7943 7946/7946 7947/7947
f 7933/7933 7938/7938 7939/7939
f 7947/7947 7954/7954 7949/7949
f 7933/7933 7936/7936 7938/7938
f 7949/7949 7954/7954 7956/7956
f 7957/7957 7935/7935 7934/7934
f 7858/7858 7853/7853 7854/7854
f 7854/7854 7853/7853 7847/7847
f 7847/7847 7853/7853 7849/7849
f 5266/5266 5278/5278 5232/5232
f 7842/7842 7844/7844 7840/7840
f 5247/5247 5269/5269 5224/5224
f 7818/7818 7863/7863 7871/7871
f 5224/5224 5269/5269 5228/5228
f 5228/5228 5269/5269 5046/5046
f 5228/5228 5046/5046 5223/5223
f 5223/5223 5046/5046 5042/5042
f 5004/5004 5003/5003 5008/5008
f 5008/5008 5003/5003 5007/5007
f 2264/2264 2266/2266 2265/2265
f 2274/2274 2267/2267 2278/2278
f 63/63 62/62 61/61
f 91/91 94/94 92/92
f 66/66 74/74 73/73
f 125/125 62/62 139/139
f 5097/5097 5293/5293 5425/5425
f 5293/5293 5090/5090 5292/5292
f 7933/7933 7940/7940 7931/7931
f 7931/7931 7940/7940 7943/7943
f 7934/7934 7936/7936 7933/7933
f 8181/8181 8183/8183 8184/8184
f 5256/5256 5266/5266 5225/5225
f 7847/7847 7849/7849 7842/7842
f 5266/5266 5232/5232 5225/5225
f 5232/5232 5247/5247 5207/5207
f 7762/7762 7769/7769 7767/7767
f 5207/5207 5247/5247 5224/5224
f 7771/7771 7773/7773 7782/7782
f 5043/5043 5042/5042 5039/5039
f 5044/5044 5039/5039 5011/5011
f 5044/5044 5011/5011 5021/5021
f 2265/2265 2267/2267 2274/2274
f 871/871 873/873 872/872
f 1596/1596 1547/1547 1597/1597
f 987/987 988/988 990/990
f 987/987 990/990 991/991
f 64/64 63/63 61/61
f 107/107 113/113 106/106
f 107/107 106/106 104/104
f 5098/5098 5097/5097 5449/5449
f 5449/5449 5097/5097 5425/5425
f 7931/7931 7943/7943 7945/7945
f 5282/5282 5256/5256 5255/5255
f 5255/5255 5256/5256 5209/5209
f 5256/5256 5225/5225 5209/5209
f 5180/5180 5225/5225 5206/5206
f 5206/5206 5225/5225 5232/5232
f 7839/7839 7840/7840 7766/7766
f 7763/7763 7766/7766 7764/7764
f 7763/7763 7764/7764 7762/7762
f 5206/5206 5232/5232 5207/5207
f 7767/7767 7773/7773 7771/7771
f 5202/5202 5207/5207 5224/5224
f 5202/5202 5224/5224 5198/5198
f 5198/5198 5224/5224 5228/5228
f 5198/5198 5228/5228 5223/5223
f 5223/5223 5042/5042 5203/5203
f 5043/5043 5039/5039 5044/5044
f 5037/5037 5004/5004 5008/5008
f 2274/2274 2279/2279 2269/2269
f 870/870 871/871 872/872
f 873/873 876/876 872/872
f 876/876 877/877 875/875
f 921/921 949/949 924/924
f 924/924 949/949 988/988
f 1539/1539 1545/1545 1547/1547
f 987/987 991/991 986/986
f 991/991 1039/1039 986/986
f 66/66 73/73 64/64
f 112/112 113/113 107/107
f 1040/1040 1039/1039 1059/1059
f 5425/5425 5293/5293 5290/5290
f 5290/5290 5293/5293 5292/5292
f 7934/7934 7933/7933 7932/7932
f 7949/7949 7956/7956 7950/7950
f 8329/8329 8328/8328 8327/8327
f 8327/8327 8328/8328 8287/8287
f 5292/5292 5282/5282 5257/5257
f 5257/5257 5282/5282 5220/5220
f 8287/8287 8328/8328 8290/8290
f 5220/5220 5282/5282 5255/5255
f 8328/8328 8330/8330 8290/8290
f 7848/7848 7847/7847 7845/7845
f 5209/5209 5225/5225 5180/5180
f 7847/7847 7842/7842 7845/7845
f 7845/7845 7842/7842 7843/7843
f 7842/7842 7840/7840 7841/7841
f 7839/7839 7766/7766 7763/7763
f 7763/7763 7762/7762 7759/7759
f 5206/5206 5207/5207 5151/5151
f 7771/7771 7782/7782 7805/7805
f 5198/5198 5223/5223 5179/5179
f 5179/5179 5223/5223 5203/5203
f 5203/5203 5042/5042 5043/5043
f 5043/5043 5044/5044 5047/5047
f 5044/5044 5021/5021 5047/5047
f 5037/5037 5008/5008 5034/5034
f 5034/5034 5008/5008 5007/5007
f 6314/6314 6285/6285 6920/6920
f 872/872 876/876 875/875
f 877/877 896/896 893/893
f 875/875 877/877 893/893
f 896/896 921/921 893/893
f 893/893 921/921 924/924
f 924/924 988/988 979/979
f 979/979 988/988 987/987
f 986/986 1039/1039 1040/1040
f 149/149 177/177 112/112
f 7945/7945 7943/7943 7947/7947
f 5290/5290 5292/5292 5257/5257
f 7958/7958 7957/7957 7937/7937
f 7961/7961 7957/7957 7958/7958
f 5220/5220 5255/5255 5209/5209
f 5209/5209 5180/5180 5194/5194
f 7843/7843 7842/7842 7841/7841
f 5180/5180 5206/5206 5157/5157
f 7841/7841 7840/7840 7839/7839
f 5157/5157 5206/5206 5151/5151
f 7761/7761 7762/7762 7767/7767
f 5151/5151 5207/5207 5156/5156
f 5156/5156 5207/5207 5202/5202
f 7768/7768 7771/7771 7790/7790
f 7790/7790 7771/7771 7805/7805
f 5156/5156 5202/5202 5155/5155
f 5155/5155 5202/5202 5198/5198
f 5155/5155 5198/5198 5179/5179
f 5041/5041 5047/5047 5021/5021
f 5041/5041 5021/5021 5037/5037
f 5034/5034 5007/5007 5033/5033
f 5033/5033 5007/5007 4962/4962
f 4970/4970 5024/5024 5023/5023
f 4960/4960 4970/4970 5023/5023
f 6314/6314 6920/6920 6880/6880
f 6313/6313 6314/6314 6880/6880
f 6880/6880 6920/6920 6932/6932
f 868/868 871/871 870/870
f 93/93 94/94 91/91
f 62/62 60/60 61/61
f 60/60 62/62 125/125
f 1040/1040 1059/1059 1042/1042
f 5448/5448 5449/5449 5425/5425
f 7932/7932 7933/7933 7931/7931
f 7948/7948 7947/7947 7949/7949
f 7948/7948 7949/7949 7950/7950
f 7937/7937 7934/7934 7932/7932
f 8287/8287 8290/8290 8281/8281
f 8280/8280 8288/8288 8279/8279
f 7759/7759 7762/7762 7761/7761
f 7761/7761 7767/7767 7768/7768
f 5204/5204 5203/5203 5043/5043
f 5204/5204 5043/5043 5047/5047
f 4961/4961 4960/4960 5032/5032
f 4960/4960 5023/5023 5027/5027
f 5032/5032 4960/4960 5027/5027
f 5890/5890 5892/5892 5889/5889
f 909/909 871/871 868/868
f 1595/1595 1596/1596 1597/1597
f 979/979 987/987 986/986
f 111/111 112/112 107/107
f 125/125 139/139 140/140
f 5454/5454 5449/5449 5448/5448
f 5448/5448 5425/5425 5340/5340
f 5425/5425 5290/5290 5340/5340
f 7945/7945 7947/7947 7948/7948
f 7937/7937 7932/7932 7930/7930
f 5290/5290 5257/5257 5258/5258
f 7958/7958 7937/7937 7959/7959
f 370/370 423/423 385/385
f 5257/5257 5220/5220 5229/5229
f 8279/8279 8288/8288 8283/8283
f 8288/8288 8292/8292 8283/8283
f 8292/8292 8298/8298 8291/8291
f 8298/8298 8304/8304 8296/8296
f 7761/7761 7768/7768 7784/7784
f 5155/5155 5179/5179 5154/5154
f 5154/5154 5179/5179 5203/5203
f 5047/5047 5041/5041 5298/5298
f 5298/5298 5041/5041 5048/5048
f 5041/5041 5037/5037 5040/5040
f 5040/5040 5037/5037 5034/5034
f 2262/2262 2270/2270 2271/2271
f 4968/4968 5033/5033 4962/4962
f 4964/4964 4961/4961 5032/5032
f 4964/4964 5032/5032 5027/5027
f 7418/7418 7417/7417 7416/7416
f 5027/5027 5025/5025 5029/5029
f 4932/4932 4935/4935 4934/4934
f 893/893 924/924 925/925
f 7931/7931 7945/7945 7929/7929
f 5306/5306 5340/5340 5290/5290
f 5258/5258 5257/5257 5229/5229
f 8287/8287 8281/8281 8272/8272
f 5220/5220 5209/5209 5178/5178
f 5178/5178 5209/5209 5194/5194
f 5194/5194 5180/5180 5158/5158
f 5178/5178 5194/5194 5158/5158
f 5158/5158 5180/5180 5157/5157
f 8283/8283 8292/8292 8291/8291
f 5158/5158 5157/5157 5149/5149
f 5157/5157 5151/5151 5149/5149
f 8291/8291 8298/8298 8296/8296
f 7765/7765 7763/7763 7759/7759
f 5152/5152 5151/5151 5156/5156
f 7789/7789 7768/7768 7790/7790
f 7805/7805 7818/7818 7817/7817
f 5154/5154 5203/5203 5204/5204
f 5230/5230 5047/5047 5298/5298
f 5048/5048 5041/5041 5040/5040
f 5040/5040 5034/5034 5036/5036
f 5036/5036 5034/5034 5033/5033
f 5036/5036 5033/5033 4968/4968
f 4964/4964 5027/5027 5031/5031
f 6327/6327 6313/6313 6773/6773
f 5031/5031 5027/5027 5029/5029
f 895/895 875/875 893/893
f 1570/1570 1547/1547 1596/1596
f 979/979 986/986 978/978
f 986/986 1040/1040 978/978
f 66/66 64/64 65/65
f 978/978 1040/1040 1042/1042
f 7929/7929 7945/7945 7951/7951
f 5306/5306 5290/5290 5258/5258
f 8327/8327 8287/8287 8293/8293
f 5229/5229 5220/5220 5178/5178
f 8283/8283 8291/8291 8282/8282
f 7796/7796 7790/7790 7810/7810
f 7805/7805 7817/7817 7816/7816
f 5152/5152 5156/5156 5155/5155
f 5152/5152 5155/5155 5154/5154
f 5154/5154 5204/5204 5188/5188
f 5188/5188 5204/5204 5230/5230
f 5053/5053 5048/5048 5040/5040
f 4965/4965 4964/4964 5031/5031
f 5904/5904 5888/5888 5887/5887
f 4930/4930 4932/4932 4931/4931
f 102/102 107/107 104/104
f 72/72 92/92 66/66
f 8325/8325 8327/8327 8326/8326
f 8326/8326 8327/8327 8293/8293
f 8271/8271 8280/8280 8279/8279
f 8286/8286 8291/8291 8296/8296
f 7765/7765 7759/7759 7758/7758
f 5149/5149 5151/5151 5150/5150
f 7758/7758 7759/7759 7760/7760
f 5151/5151 5152/5152 5150/5150
f 7774/7774 7760/7760 7761/7761
f 7774/7774 7761/7761 7784/7784
f 7810/7810 7816/7816 7811/7811
f 5309/5309 5298/5298 5048/5048
f 2273/2273 2272/2272 2275/2275
f 4967/4967 4965/4965 5031/5031
f 7368/7368 7373/7373 7372/7372
f 5031/5031 5029/5029 5035/5035
f 6836/6836 6835/6835 6833/6833
f 4930/4930 4931/4931 4925/4925
f 4927/4927 4930/4930 4925/4925
f 874/874 872/872 875/875
f 67/67 66/66 65/65
f 103/103 104/104 93/93
f 90/90 93/93 91/91
f 7951/7951 7945/7945 7948/7948
f 8195/8195 8201/8201 8202/8202
f 8279/8279 8283/8283 8269/8269
f 8269/8269 8283/8283 8282/8282
f 8282/8282 8291/8291 8286/8286
f 7807/7807 7765/7765 7777/7777
f 7774/7774 7758/7758 7760/7760
f 5150/5150 5152/5152 5141/5141
f 7789/7789 7774/7774 7784/7784
f 7789/7789 7790/7790 7796/7796
f 5153/5153 5152/5152 5154/5154
f 5230/5230 5298/5298 5299/5299
f 5048/5048 5053/5053 5059/5059
f 5053/5053 5040/5040 5050/5050
f 2285/2285 2260/2260 2283/2283
f 5050/5050 5040/5040 5036/5036
f 2260/2260 2273/2273 2281/2281
f 4969/4969 4967/4967 5035/5035
f 7371/7371 7368/7368 7372/7372
f 4924/4924 4927/4927 4925/4925
f 906/906 950/950 909/909
f 149/149 112/112 111/111
f 58/58 61/61 60/60
f 7953/7953 7951/7951 7948/7948
f 7948/7948 7950/7950 7952/7952
f 7952/7952 7950/7950 7962/7962
f 5306/5306 5258/5258 5268/5268
f 7959/7959 7941/7941 7960/7960
f 5229/5229 5178/5178 5210/5210
f 8181/8181 8195/8195 8196/8196
f 8271/8271 8279/8279 8269/8269
f 5148/5148 5178/5178 5158/5158
f 7777/7777 7758/7758 7776/7776
f 7788/7788 7774/7774 7789/7789
f 7815/7815 7817/7817 7866/7866
f 7869/7869 7868/7868 7873/7873
f 5159/5159 5154/5154 5188/5188
f 5189/5189 5230/5230 5299/5299
f 5053/5053 5050/5050 5059/5059
f 5050/5050 5036/5036 4968/4968
f 5050/5050 4968/4968 5051/5051
f 4447/4447 4448/4448 4449/4449
f 4969/4969 5035/5035 5055/5055
f 4924/4924 4925/4925 4926/4926
f 4926/4926 4925/4925 4928/4928
f 874/874 870/870 872/872
f 861/861 875/875 895/895
f 924/924 979/979 976/976
f 1056/1056 978/978 1042/1042
f 109/109 107/107 108/108
f 108/108 107/107 102/102
f 103/103 93/93 90/90
f 5448/5448 5340/5340 5447/5447
f 7953/7953 7948/7948 7952/7952
f 7942/7942 7941/7941 7930/7930
f 5268/5268 5258/5258 5246/5246
f 5258/5258 5229/5229 5246/5246
f 5246/5246 5229/5229 5210/5210
f 8293/8293 8287/8287 8272/8272
f 8271/8271 8272/8272 8280/8280
f 5148/5148 5158/5158 5149/5149
f 8269/8269 8282/8282 8268/8268
f 7806/7806 7807/7807 7777/7777
f 7806/7806 7777/7777 7785/7785
f 7785/7785 7777/7777 7776/7776
f 7776/7776 7758/7758 7775/7775
f 7775/7775 7758/7758 7774/7774
f 7775/7775 7774/7774 7787/7787
f 7787/7787 7774/7774 7788/7788
f 5141/5141 5152/5152 5153/5153
f 5159/5159 5188/5188 5189/5189
f 5189/5189 5188/5188 5230/5230
f 5386/5386 5048/5048 5059/5059
f 4447/4447 4449/4449 4450/4450
f 4451/4451 4447/4447 4450/4450
f 5052/5052 4969/4969 5055/5055
f 5055/5055 5035/5035 5056/5056
f 4929/4929 4924/4924 4926/4926
f 926/926 893/893 925/925
f 1570/1570 1596/1596 1593/1593
f 91/91 92/92 72/72
f 5463/5463 5454/5454 5448/5448
f 8325/8325 8326/8326 8236/8236
f 8326/8326 8293/8293 8236/8236
f 8227/8227 8293/8293 8272/8272
f 8282/8282 8286/8286 8270/8270
f 8268/8268 8282/8282 8270/8270
f 7785/7785 7776/7776 7786/7786
f 7789/7789 7796/7796 7795/7795
f 5300/5300 5189/5189 5299/5299
f 5299/5299 5298/5298 5308/5308
f 5308/5308 5298/5298 5309/5309
f 4926/4926 4928/4928 4936/4936
f 4929/4929 4926/4926 4936/4936
f 7900/7900 7929/7929 7951/7951
f 7955/7955 7951/7951 7953/7953
f 7955/7955 7953/7953 7917/7917
f 7903/7903 7930/7930 7901/7901
f 7930/7930 7898/7898 7901/7901
f 7903/7903 7942/7942 7930/7930
f 8236/8236 8293/8293 8227/8227
f 8272/8272 8271/8271 8253/8253
f 7806/7806 7785/7785 7793/7793
f 7785/7785 7786/7786 7793/7793
f 7786/7786 7776/7776 7775/7775
f 7788/7788 7789/7789 7794/7794
f 7794/7794 7789/7789 7795/7795
f 7811/7811 7815/7815 7814/7814
f 5386/5386 5309/5309 5048/5048
f 2294/2294 2288/2288 2287/2287
f 2294/2294 2287/2287 2296/2296
f 1415/1415 1417/1417 1416/1416
f 5058/5058 5050/5050 5051/5051
f 6275/6275 6808/6808 6647/6647
f 4946/4946 4929/4929 4936/4936
f 906/906 909/909 868/868
f 870/870 874/874 869/869
f 862/862 875/875 863/863
f 863/863 875/875 861/861
f 861/861 895/895 892/892
f 895/895 893/893 892/892
f 981/981 924/924 976/976
f 64/64 61/61 65/65
f 111/111 107/107 109/109
f 102/102 104/104 103/103
f 65/65 61/61 58/58
f 60/60 125/125 123/123
f 7899/7899 7929/7929 7900/7900
f 5447/5447 5340/5340 5339/5339
f 7900/7900 7951/7951 7955/7955
f 5340/5340 5306/5306 5339/5339
f 5339/5339 5306/5306 5276/5276
f 7917/7917 7953/7953 7952/7952
f 7921/7921 7952/7952 7963/7963
f 7963/7963 7952/7952 7962/7962
f 8234/8234 8325/8325 8236/8236
f 8227/8227 8272/8272 8242/8242
f 8242/8242 8272/8272 8253/8253
f 8253/8253 8271/8271 8269/8269
f 8252/8252 8269/8269 8268/8268
f 8254/8254 8268/8268 8257/8257
f 8257/8257 8268/8268 8270/8270
f 7787/7787 7788/7788 7794/7794
f 7795/7795 7796/7796 7797/7797
f 7813/7813 7811/7811 7814/7814
f 5389/5389 5059/5059 5050/5050
f 2292/2292 2286/2286 2291/2291
f 2289/2289 2286/2286 2284/2284
f 4592/4592 4428/4428 4593/4593
f 5057/5057 5055/5055 5056/5056
f 4947/4947 4946/4946 4936/4936
f 874/874 875/875 862/862
f 894/894 893/893 926/926
f 976/976 979/979 978/978
f 5276/5276 5306/5306 5268/5268
f 5276/5276 5268/5268 5246/5246
f 5210/5210 5178/5178 5148/5148
f 8253/8253 8269/8269 8252/8252
f 8252/8252 8268/8268 8254/8254
f 8136/8136 8101/8101 8140/8140
f 8257/8257 8270/8270 8267/8267
f 8267/8267 8270/8270 8284/8284
f 7786/7786 7775/7775 7792/7792
f 7775/7775 7787/7787 7798/7798
f 7792/7792 7775/7775 7798/7798
f 7798/7798 7787/7787 7794/7794
f 7797/7797 7811/7811 7812/7812
f 7812/7812 7811/7811 7813/7813
f 5114/5114 5154/5154 5159/5159
f 5308/5308 5309/5309 5322/5322
f 2295/2295 2294/2294 2303/2303
f 2294/2294 2296/2296 2297/2297
f 4946/4946 4947/4947 4948/4948
f 868/868 870/870 869/869
f 869/869 874/874 862/862
f 58/58 60/60 59/59
f 8234/8234 8236/8236 8229/8229
f 8229/8229 8236/8236 8227/8227
f 8242/8242 8253/8253 8248/8248
f 5148/5148 5149/5149 5142/5142
f 5142/5142 5149/5149 5150/5150
f 7793/7793 7786/7786 7809/7809
f 7809/7809 7786/7786 7792/7792
f 7792/7792 7798/7798 7808/7808
f 5193/5193 5189/5189 5300/5300
f 5300/5300 5299/5299 5308/5308
f 2300/2300 2303/2303 2294/2294
f 2300/2300 2294/2294 2297/2297
f 5060/5060 5054/5054 5057/5057
f 5057/5057 5056/5056 5063/5063
f 6851/6851 6908/6908 6852/6852
f 976/976 978/978 977/977
f 59/59 60/60 123/123
f 7899/7899 7900/7900 7897/7897
f 7901/7901 7898/7898 7888/7888
f 7888/7888 7898/7898 7899/7899
f 7917/7917 7921/7921 7918/7918
f 7903/7903 7901/7901 7902/7902
f 8240/8240 8234/8234 8232/8232
f 7896/7896 7908/7908 7903/7903
f 7896/7896 7903/7903 7902/7902
f 8228/8228 8227/8227 8242/8242
f 8248/8248 8253/8253 8252/8252
f 8139/8139 8140/8140 8147/8147
f 8256/8256 8254/8254 8257/8257
f 8257/8257 8267/8267 8261/8261
f 8261/8261 8267/8267 8284/8284
f 7809/7809 7792/7792 7819/7819
f 7795/7795 7797/7797 7823/7823
f 5139/5139 5141/5141 5153/5153
f 7832/7832 7812/7812 7813/7813
f 7877/7877 7864/7864 7876/7876
f 5153/5153 5154/5154 5115/5115
f 5115/5115 5154/5154 5114/5114
f 5386/5386 5059/5059 5389/5389
f 5389/5389 5050/5050 5380/5380
f 7419/7419 7420/7420 7421/7421
f 7420/7420 7419/7419 7422/7422
f 6597/6597 6388/6388 6630/6630
f 6388/6388 6381/6381 6630/6630
f 6630/6630 6381/6381 6648/6648
f 6648/6648 6381/6381 6628/6628
f 7397/7397 7395/7395 7396/7396
f 892/892 893/893 894/894
f 927/927 925/925 924/924
f 1573/1573 1570/1570 1593/1593
f 7888/7888 7899/7899 7897/7897
f 7900/7900 7955/7955 7917/7917
f 7902/7902 7901/7901 7888/7888
f 7918/7918 7921/7921 7923/7923
f 8244/8244 8240/8240 8232/8232
f 8232/8232 8234/8234 8229/8229
f 8226/8226 8227/8227 8228/8228
f 8228/8228 8242/8242 8248/8248
f 8248/8248 8252/8252 8251/8251
f 8256/8256 8257/8257 8261/8261
f 8261/8261 8284/8284 8285/8285
f 5142/5142 5150/5150 5141/5141
f 7808/7808 7819/7819 7792/7792
f 7819/7819 7808/7808 7821/7821
f 7821/7821 7808/7808 7798/7798
f 7820/7820 7798/7798 7794/7794
f 7813/7813 7814/7814 7833/7833
f 2318/2318 2303/2303 2300/2300
f 2298/2298 2291/2291 2293/2293
f 906/906 868/868 855/855
f 72/72 66/66 67/67
f 5452/5452 5448/5448 5447/5447
f 7916/7916 7900/7900 7917/7917
f 7916/7916 7917/7917 7918/7918
f 8229/8229 8227/8227 8226/8226
f 5246/5246 5210/5210 5196/5196
f 8228/8228 8248/8248 8226/8226
f 8226/8226 8248/8248 8247/8247
f 5143/5143 5148/5148 5142/5142
f 8251/8251 8252/8252 8254/8254
f 8251/8251 8254/8254 8256/8256
f 8262/8262 8261/8261 8285/8285
f 8262/8262 8285/8285 8289/8289
f 7809/7809 7819/7819 7830/7830
f 7819/7819 7821/7821 7831/7831
f 7821/7821 7798/7798 7820/7820
f 7794/7794 7795/7795 7823/7823
f 8212/8212 8096/8096 8209/8209
f 8212/8212 8209/8209 8215/8215
f 7877/7877 7833/7833 7814/7814
f 5322/5322 5386/5386 5389/5389
f 5380/5380 5050/5050 5058/5058
f 5380/5380 5058/5058 5403/5403
f 2304/2304 2298/2298 2293/2293
f 6850/6850 6851/6851 6852/6852
f 7155/7155 7156/7156 7157/7157
f 855/855 868/868 867/867
f 867/867 868/868 869/869
f 862/862 863/863 861/861
f 1537/1537 1539/1539 1570/1570
f 977/977 978/978 996/996
f 978/978 1056/1056 1055/1055
f 90/90 91/91 89/89
f 59/59 123/123 124/124
f 7897/7897 7900/7900 7912/7912
f 5196/5196 5210/5210 5148/5148
f 5196/5196 5148/5148 5147/5147
f 8256/8256 8261/8261 8262/8262
f 7830/7830 7819/7819 7831/7831
f 7823/7823 7797/7797 7824/7824
f 7813/7813 7833/7833 7832/7832
f 5300/5300 5308/5308 5323/5323
f 2318/2318 2300/2300 2310/2310
f 2310/2310 2300/2300 2301/2301
f 2301/2301 2300/2300 2297/2297
f 2301/2301 2297/2297 2299/2299
f 926/926 925/925 927/927
f 5463/5463 5448/5448 5452/5452
f 7912/7912 7900/7900 7916/7916
f 7888/7888 7897/7897 7891/7891
f 7896/7896 7902/7902 7888/7888
f 7909/7909 7910/7910 7896/7896
f 8232/8232 8229/8229 8230/8230
f 8247/8247 8248/8248 8251/8251
f 8256/8256 8262/8262 8260/8260
f 8260/8260 8262/8262 8289/8289
f 7831/7831 7821/7821 7828/7828
f 7821/7821 7820/7820 7828/7828
f 7820/7820 7794/7794 7822/7822
f 7794/7794 7823/7823 7822/7822
f 5099/5099 5081/5081 5086/5086
f 5099/5099 5086/5086 5100/5100
f 6896/6896 6904/6904 6845/6845
f 1593/1593 1595/1595 1594/1594
f 67/67 65/65 68/68
f 124/124 123/123 126/126
f 7887/7887 7896/7896 7888/7888
f 7919/7919 7918/7918 7923/7923
f 7906/7906 7896/7896 7887/7887
f 8244/8244 8232/8232 8233/8233
f 7909/7909 7896/7896 7906/7906
f 8230/8230 8229/8229 8226/8226
f 8230/8230 8226/8226 8231/8231
f 8160/8160 8164/8164 8193/8193
f 8251/8251 8256/8256 8255/8255
f 8255/8255 8256/8256 8260/8260
f 8295/8295 8289/8289 8303/8303
f 7824/7824 7797/7797 7832/7832
f 7879/7879 7880/7880 7877/7877
f 5114/5114 5159/5159 5113/5113
f 5159/5159 5189/5189 5113/5113
f 5113/5113 5189/5189 5193/5193
f 5193/5193 5300/5300 5334/5334
f 5334/5334 5300/5300 5323/5323
f 5101/5101 5099/5099 5100/5100
f 2305/2305 2304/2304 2293/2293
f 6342/6342 6341/6341 6343/6343
f 6362/6362 6363/6363 6347/6347
f 976/976 977/977 974/974
f 117/117 59/59 124/124
f 117/117 124/124 126/126
f 1055/1055 1056/1056 1057/1057
f 7891/7891 7897/7897 7912/7912
f 7916/7916 7918/7918 7919/7919
f 7919/7919 7923/7923 7924/7924
f 8245/8245 8244/8244 8233/8233
f 8233/8233 8232/8232 8230/8230
f 8226/8226 8247/8247 8241/8241
f 5147/5147 5148/5148 5143/5143
f 8247/8247 8251/8251 8250/8250
f 8250/8250 8251/8251 8255/8255
f 8260/8260 8289/8289 8294/8294
f 8294/8294 8289/8289 8295/8295
f 7831/7831 7828/7828 7838/7838
f 7828/7828 7820/7820 7827/7827
f 7820/7820 7822/7822 7827/7827
f 7822/7822 7823/7823 7824/7824
f 2301/2301 2299/2299 2308/2308
f 2308/2308 2299/2299 2298/2298
f 5103/5103 5101/5101 5100/5100
f 5101/5101 5103/5103 5104/5104
f 6347/6347 6348/6348 6349/6349
f 927/927 924/924 981/981
f 996/996 978/978 1055/1055
f 89/89 91/91 72/72
f 5338/5338 5339/5339 5276/5276
f 8241/8241 8247/8247 8249/8249
f 8249/8249 8247/8247 8250/8250
f 8255/8255 8260/8260 8259/8259
f 8259/8259 8260/8260 8263/8263
f 8263/8263 8260/8260 8294/8294
f 5115/5115 5114/5114 5110/5110
f 2321/2321 2319/2319 2310/2310
f 2321/2321 2310/2310 2301/2301
f 5380/5380 5403/5403 5379/5379
f 2308/2308 2298/2298 2304/2304
f 6345/6345 6343/6343 6344/6344
f 6345/6345 6344/6344 6346/6346
f 6348/6348 6346/6346 6350/6350
f 6350/6350 6354/6354 6355/6355
f 6355/6355 6357/6357 6358/6358
f 1573/1573 1593/1593 1592/1592
f 153/153 149/149 111/111
f 58/58 59/59 56/56
f 5338/5338 5276/5276 5330/5330
f 7889/7889 7888/7888 7891/7891
f 8243/8243 8245/8245 8233/8233
f 7894/7894 7909/7909 7906/7906
f 7894/7894 7906/7906 7887/7887
f 8241/8241 8231/8231 8226/8226
f 8259/8259 8250/8250 8255/8255
f 8300/8300 8295/8295 8307/8307
f 5141/5141 5139/5139 5140/5140
f 7827/7827 7822/7822 7826/7826
f 7822/7822 7824/7824 7825/7825
f 7832/7832 7835/7835 7829/7829
f 232/232 234/234 231/231
f 5113/5113 5193/5193 5192/5192
f 6339/6339 6373/6373 6371/6371
f 2309/2309 2304/2304 2305/2305
f 7150/7150 7152/7152 7151/7151
f 7165/7165 7166/7166 7161/7161
f 7165/7165 7161/7161 7164/7164
f 7161/7161 7162/7162 7163/7163
f 7164/7164 7161/7161 7163/7163
f 6354/6354 6359/6359 6356/6356
f 6359/6359 6360/6360 6356/6356
f 894/894 926/926 927/927
f 981/981 976/976 975/975
f 5446/5446 5447/5447 5339/5339
f 7889/7889 7891/7891 7892/7892
f 7887/7887 7888/7888 7889/7889
f 7911/7911 7909/7909 7894/7894
f 8249/8249 8250/8250 8259/8259
f 8294/8294 8295/8295 8300/8300
f 5142/5142 5141/5141 5140/5140
f 8300/8300 8307/8307 8305/8305
f 7829/7829 7824/7824 7832/7832
f 5139/5139 5153/5153 5115/5115
f 5114/5114 5113/5113 5112/5112
f 5323/5323 5308/5308 5322/5322
f 4416/4416 4419/4419 4524/4524
f 6335/6335 6257/6257 6902/6902
f 7150/7150 7160/7160 7152/7152
f 56/56 59/59 117/117
f 7891/7891 7912/7912 7907/7907
f 7892/7892 7891/7891 7907/7907
f 7912/7912 7916/7916 7907/7907
f 5276/5276 5246/5246 5263/5263
f 8230/8230 8231/8231 8235/8235
f 8235/8235 8231/8231 8241/8241
f 8249/8249 8259/8259 8241/8241
f 8305/8305 8307/8307 8308/8308
f 7826/7826 7822/7822 7825/7825
f 7825/7825 7824/7824 7829/7829
f 5324/5324 5323/5323 5322/5322
f 2320/2320 2301/2301 2314/2314
f 6371/6371 6373/6373 6938/6938
f 4418/4418 4417/4417 4514/4514
f 4524/4524 4526/4526 4523/4523
f 974/974 977/977 996/996
f 5452/5452 5447/5447 5446/5446
f 5446/5446 5339/5339 5338/5338
f 7907/7907 7916/7916 7919/7919
f 7893/7893 7889/7889 7892/7892
f 425/425 426/426 418/418
f 7922/7922 7919/7919 7924/7924
f 7894/7894 7887/7887 7890/7890
f 7890/7890 7887/7887 7889/7889
f 8243/8243 8233/8233 8239/8239
f 8237/8237 8230/8230 8235/8235
f 8294/8294 8300/8300 8299/8299
f 8305/8305 8308/8308 8309/8309
f 8309/8309 8308/8308 8310/8310
f 5324/5324 5322/5322 5390/5390
f 5390/5390 5389/5389 5395/5395
f 2311/2311 2308/2308 2312/2312
f 6938/6938 6240/6240 6237/6237
f 6335/6335 6228/6228 6256/6256
f 2312/2312 2308/2308 2309/2309
f 6212/6212 6211/6211 6209/6209
f 869/869 862/862 865/865
f 1592/1592 1593/1593 1594/1594
f 1532/1532 1546/1546 1536/1536
f 117/117 126/126 127/127
f 465/465 502/502 500/500
f 5330/5330 5276/5276 5263/5263
f 7890/7890 7889/7889 7893/7893
f 7911/7911 7894/7894 7895/7895
f 8239/8239 8233/8233 8230/8230
f 8239/8239 8230/8230 8238/8238
f 5236/5236 5246/5246 5196/5196
f 8238/8238 8230/8230 8237/8237
f 8235/8235 8241/8241 8258/8258
f 5144/5144 5147/5147 5143/5143
f 8258/8258 8241/8241 8259/8259
f 8265/8265 8259/8259 8263/8263
f 8263/8263 8294/8294 8265/8265
f 8265/8265 8294/8294 8297/8297
f 8297/8297 8294/8294 8299/8299
f 8299/8299 8300/8300 8305/8305
f 8309/8309 8310/8310 8319/8319
f 7829/7829 7835/7835 7836/7836
f 7836/7836 7835/7835 7837/7837
f 5192/5192 5193/5193 5334/5334
f 2322/2322 2321/2321 2320/2320
f 4274/4274 4269/4269 4282/4282
f 6237/6237 6240/6240 6231/6231
f 6270/6270 6227/6227 6228/6228
f 6234/6234 6237/6237 6231/6231
f 6234/6234 6231/6231 6233/6233
f 7140/7140 7143/7143 7142/7142
f 7142/7142 7143/7143 7146/7146
f 7141/7141 7140/7140 7142/7142
f 867/867 869/869 865/865
f 865/865 862/862 858/858
f 862/862 861/861 858/858
f 975/975 976/976 974/974
f 68/68 65/65 55/55
f 103/103 90/90 88/88
f 56/56 117/117 118/118
f 118/118 117/117 127/127
f 7907/7907 7919/7919 7905/7905
f 7922/7922 7924/7924 7925/7925
f 7895/7895 7894/7894 7890/7890
f 7925/7925 7924/7924 7926/7926
f 7924/7924 7927/7927 7926/7926
f 7911/7911 7895/7895 7913/7913
f 8190/8190 8204/8204 8206/8206
f 8237/8237 8235/8235 8258/8258
f 8156/8156 8157/8157 8159/8159
f 5143/5143 5142/5142 5140/5140
f 8309/8309 8319/8319 8320/8320
f 5395/5395 5380/5380 5377/5377
f 6231/6231 6232/6232 6233/6233
f 6233/6233 6232/6232 6937/6937
f 6937/6937 6232/6232 6268/6268
f 6268/6268 6811/6811 6812/6812
f 6812/6812 6811/6811 6227/6227
f 4514/4514 4405/4405 4498/4498
f 6927/6927 6212/6212 6209/6209
f 6937/6937 6268/6268 6812/6812
f 858/858 861/861 860/860
f 894/894 927/927 923/923
f 945/945 950/950 906/906
f 923/923 927/927 981/981
f 102/102 103/103 88/88
f 55/55 65/65 58/58
f 7905/7905 7919/7919 7920/7920
f 7920/7920 7919/7919 7922/7922
f 7925/7925 7926/7926 7928/7928
f 8246/8246 8239/8239 8238/8238
f 8237/8237 8258/8258 8275/8275
f 8258/8258 8259/8259 8264/8264
f 8264/8264 8259/8259 8265/8265
f 8305/8305 8309/8309 8306/8306
f 4274/4274 4282/4282 4275/4275
f 6004/6004 6910/6910 5877/5877
f 2089/2089 2086/2086 2083/2083
f 2086/2086 2084/2084 2083/2083
f 2083/2083 2084/2084 2085/2085
f 2085/2085 2084/2084 2087/2087
f 2087/2087 2084/2084 2088/2088
f 855/855 867/867 866/866
f 866/866 867/867 865/865
f 860/860 861/861 891/891
f 891/891 861/861 892/892
f 892/892 894/894 891/891
f 69/69 67/67 68/68
f 7892/7892 7907/7907 7905/7905
f 7893/7893 7892/7892 7904/7904
f 5263/5263 5246/5246 5236/5236
f 8238/8238 8237/8237 8274/8274
f 7740/7740 7735/7735 7738/7738
f 8274/8274 8237/8237 8275/8275
f 8275/8275 8258/8258 8273/8273
f 8159/8159 8161/8161 8156/8156
f 8302/8302 8299/8299 8305/8305
f 7743/7743 7683/7683 7745/7745
f 5110/5110 5114/5114 5112/5112
f 4268/4268 4267/4267 4260/4260
f 4267/4267 4266/4266 4261/4261
f 6004/6004 5877/5877 5876/5876
f 853/853 906/906 855/855
f 55/55 58/58 56/56
f 7904/7904 7892/7892 7905/7905
f 7914/7914 7893/7893 7904/7904
f 7920/7920 7922/7922 7925/7925
f 7890/7890 7893/7893 7914/7914
f 8246/8246 8238/8238 8274/8274
f 7735/7735 7724/7724 7722/7722
f 7730/7730 7733/7733 7734/7734
f 7735/7735 7722/7722 7736/7736
f 7738/7738 7735/7735 7736/7736
f 7739/7739 7738/7738 7736/7736
f 8273/8273 8258/8258 8264/8264
f 7741/7741 7739/7739 7736/7736
f 8264/8264 8265/8265 8266/8266
f 8301/8301 8297/8297 8299/8299
f 8153/8153 8154/8154 8150/8150
f 8302/8302 8305/8305 8306/8306
f 8121/8121 8150/8150 8133/8133
f 8320/8320 8306/8306 8309/8309
f 8322/8322 8306/8306 8320/8320
f 7702/7702 7701/7701 7700/7700
f 5192/5192 5334/5334 5333/5333
f 4260/4260 4267/4267 4261/4261
f 4261/4261 4266/4266 4263/4263
f 4263/4263 4266/4266 4269/4269
f 4274/4274 4275/4275 4273/4273
f 5916/5916 6004/6004 5876/5876
f 945/945 906/906 853/853
f 980/980 981/981 975/975
f 88/88 90/90 89/89
f 55/55 56/56 54/54
f 7725/7725 7729/7729 7730/7730
f 7729/7729 7731/7731 7730/7730
f 7730/7730 7731/7731 7733/7733
f 5236/5236 5196/5196 5197/5197
f 7722/7722 7724/7724 7717/7717
f 7714/7714 7717/7717 7716/7716
f 7722/7722 7717/7717 7714/7714
f 8274/8274 8275/8275 8276/8276
f 8266/8266 8265/8265 8301/8301
f 8265/8265 8297/8297 8301/8301
f 8301/8301 8299/8299 8302/8302
f 7710/7710 7709/7709 7704/7704
f 8318/8318 8306/8306 8322/8322
f 7700/7700 7701/7701 7677/7677
f 8322/8322 8320/8320 8323/8323
f 8323/8323 8320/8320 8324/8324
f 7690/7690 7691/7691 7692/7692
f 7700/7700 7678/7678 7679/7679
f 7679/7679 7678/7678 7676/7676
f 7682/7682 7679/7679 7676/7676
f 4472/4472 4479/4479 4597/4597
f 4479/4479 4472/4472 4473/4473
f 4273/4273 4275/4275 4276/4276
f 4381/4381 4522/4522 4382/4382
f 923/923 981/981 980/980
f 1592/1592 1594/1594 1587/1587
f 1573/1573 1592/1592 1587/1587
f 72/72 67/67 69/69
f 7720/7720 7721/7721 7718/7718
f 7721/7721 7729/7729 7725/7725
f 7716/7716 7720/7720 7718/7718
f 5197/5197 5196/5196 5147/5147
f 7732/7732 7730/7730 7734/7734
f 8277/8277 8274/8274 8276/8276
f 8276/8276 8275/8275 8277/8277
f 7736/7736 7723/7723 7737/7737
f 8273/8273 8264/8264 8266/8266
f 8150/8150 8154/8154 8166/8166
f 8302/8302 8318/8318 8314/8314
f 7701/7701 7703/7703 7677/7677
f 7681/7681 7674/7674 7690/7690
f 7676/7676 7675/7675 7680/7680
f 7693/7693 7681/7681 7690/7690
f 7683/7683 7680/7680 7681/7681
f 7681/7681 7693/7693 7683/7683
f 5113/5113 5192/5192 5190/5190
f 4478/4478 4479/4479 4473/4473
f 4277/4277 4273/4273 4276/4276
f 54/54 56/56 57/57
f 57/57 56/56 118/118
f 7718/7718 7721/7721 7719/7719
f 7715/7715 7716/7716 7718/7718
f 7716/7716 7715/7715 7714/7714
f 7725/7725 7730/7730 7728/7728
f 7722/7722 7714/7714 7723/7723
f 7728/7728 7730/7730 7732/7732
f 8277/8277 8275/8275 8273/8273
f 7711/7711 7737/7737 7742/7742
f 8311/8311 8273/8273 8266/8266
f 8311/8311 8266/8266 8313/8313
f 8266/8266 8301/8301 8313/8313
f 8313/8313 8301/8301 8314/8314
f 8301/8301 8302/8302 8314/8314
f 7704/7704 7706/7706 7703/7703
f 5140/5140 5139/5139 5138/5138
f 7678/7678 7677/7677 7676/7676
f 7674/7674 7684/7684 7690/7690
f 7690/7690 7684/7684 7691/7691
f 7676/7676 7673/7673 7675/7675
f 7680/7680 7675/7675 7681/7681
f 5324/5324 5390/5390 5394/5394
f 4272/4272 4273/4273 4278/4278
f 4277/4277 4276/4276 4279/4279
f 5263/5263 5236/5236 5244/5244
f 7719/7719 7721/7721 7725/7725
f 7723/7723 7714/7714 7713/7713
f 8278/8278 8277/8277 8273/8273
f 8278/8278 8273/8273 8311/8311
f 8316/8316 8314/8314 8318/8318
f 8318/8318 8322/8322 8321/8321
f 8321/8321 8322/8322 8323/8323
f 7684/7684 7689/7689 7691/7691
f 7677/7677 7670/7670 7676/7676
f 7676/7676 7670/7670 7673/7673
f 7675/7675 7673/7673 7674/7674
f 5333/5333 5323/5323 5326/5326
f 5377/5377 5379/5379 5378/5378
f 5960/5960 6918/6918 6899/6899
f 1055/1055 1057/1057 1054/1054
f 5451/5451 5452/5452 5446/5446
f 7715/7715 7718/7718 7719/7719
f 7726/7726 7725/7725 7728/7728
f 7712/7712 7714/7714 7715/7715
f 8313/8313 8314/8314 8315/8315
f 8315/8315 8314/8314 8316/8316
f 8316/8316 8318/8318 8315/8315
f 8315/8315 8318/8318 8321/8321
f 7703/7703 7705/7705 7670/7670
f 5111/5111 5112/5112 5113/5113
f 5111/5111 5113/5113 5190/5190
f 5190/5190 5192/5192 5288/5288
f 5323/5323 5324/5324 5325/5325
f 5325/5325 5324/5324 5394/5394
f 3573/3573 3602/3602 3603/3603
f 4277/4277 4279/4279 4280/4280
f 4376/4376 4381/4381 4382/4382
f 4376/4376 4382/4382 4375/4375
f 853/853 855/855 854/854
f 108/108 102/102 101/101
f 7719/7719 7725/7725 7726/7726
f 7712/7712 7715/7715 7719/7719
f 7713/7713 7714/7714 7712/7712
f 7711/7711 7742/7742 7666/7666
f 8278/8278 8311/8311 8312/8312
f 7684/7684 7687/7687 7689/7689
f 7673/7673 7672/7672 7674/7674
f 7672/7672 7684/7684 7674/7674
f 4260/4260 4261/4261 4262/4262
f 4261/4261 4263/4263 4262/4262
f 4264/4264 4263/4263 4272/4272
f 4484/4484 4485/4485 4480/4480
f 4283/4283 4277/4277 4280/4280
f 5960/5960 6899/6899 5949/5949
f 4280/4280 4281/4281 4285/4285
f 854/854 855/855 866/866
f 1043/1043 996/996 1055/1055
f 101/101 102/102 88/88
f 69/69 68/68 55/55
f 55/55 54/54 44/44
f 490/490 501/501 505/505
f 5146/5146 5147/5147 5144/5144
f 7712/7712 7719/7719 7726/7726
f 7727/7727 7726/7726 7728/7728
f 7713/7713 7712/7712 7665/7665
f 7695/7695 7728/7728 7732/7732
f 7723/7723 7713/7713 7665/7665
f 7695/7695 7732/7732 7699/7699
f 7742/7742 7723/7723 7666/7666
f 7666/7666 7723/7723 7665/7665
f 8312/8312 8311/8311 8313/8313
f 8317/8317 8312/8312 8313/8313
f 8315/8315 8317/8317 8313/8313
f 7705/7705 7708/7708 7660/7660
f 7686/7686 7694/7694 7687/7687
f 7684/7684 7686/7686 7687/7687
f 7673/7673 7667/7667 7672/7672
f 7672/7672 7671/7671 7684/7684
f 5139/5139 5115/5115 5118/5118
f 4271/4271 4260/4260 4262/4262
f 4262/4262 4263/4263 4264/4264
f 3603/3603 3602/3602 3567/3567
f 3569/3569 3567/3567 3568/3568
f 4484/4484 4507/4507 4595/4595
f 4283/4283 4280/4280 4285/4285
f 897/897 894/894 923/923
f 71/71 72/72 69/69
f 1043/1043 1055/1055 1054/1054
f 7712/7712 7726/7726 7727/7727
f 7666/7666 7665/7665 7661/7661
f 7695/7695 7699/7699 7696/7696
f 7660/7660 7666/7666 7661/7661
f 7695/7695 7696/7696 7694/7694
f 7662/7662 7660/7660 7659/7659
f 7688/7688 7694/7694 7686/7686
f 7685/7685 7688/7688 7686/7686
f 7667/7667 7662/7662 7659/7659
f 7684/7684 7685/7685 7686/7686
f 3602/3602 3605/3605 3599/3599
f 4283/4283 4284/4284 4278/4278
f 5950/5950 5960/5960 5949/5949
f 944/944 945/945 853/853
f 7697/7697 7727/7727 7728/7728
f 7665/7665 7712/7712 7658/7658
f 7697/7697 7728/7728 7695/7695
f 7661/7661 7665/7665 7656/7656
f 7660/7660 7661/7661 7656/7656
f 7659/7659 7660/7660 7656/7656
f 7688/7688 7695/7695 7694/7694
f 7659/7659 7656/7656 7655/7655
f 7667/7667 7659/7659 7655/7655
f 7668/7668 7685/7685 7684/7684
f 7668/7668 7684/7684 7671/7671
f 4271/4271 4262/4262 4265/4265
f 4287/4287 4271/4271 4265/4265
f 4262/4262 4264/4264 4265/4265
f 3602/3602 3599/3599 3600/3600
f 4283/4283 4285/4285 4295/4295
f 4294/4294 4283/4283 4295/4295
f 891/891 894/894 897/897
f 109/109 108/108 110/110
f 89/89 72/72 71/71
f 5450/5450 5451/5451 5446/5446
f 5236/5236 5197/5197 5235/5235
f 5197/5197 5147/5147 5146/5146
f 7664/7664 7712/7712 7727/7727
f 7658/7658 7712/7712 7664/7664
f 7664/7664 7727/7727 7697/7697
f 7656/7656 7665/7665 7658/7658
f 7669/7669 7697/7697 7695/7695
f 7688/7688 7669/7669 7695/7695
f 7656/7656 7658/7658 7657/7657
f 7668/7668 7669/7669 7688/7688
f 7655/7655 7656/7656 7657/7657
f 7655/7655 7657/7657 7663/7663
f 7667/7667 7655/7655 7663/7663
f 7668/7668 7688/7688 7685/7685
f 7667/7667 7663/7663 7671/7671
f 7671/7671 7663/7663 7668/7668
f 4492/4492 4496/4496 4486/4486
f 4295/4295 4285/4285 4296/4296
f 1574/1574 1587/1587 1585/1585
f 5244/5244 5236/5236 5235/5235
f 7664/7664 7697/7697 7669/7669
f 7657/7657 7664/7664 7669/7669
f 7658/7658 7664/7664 7657/7657
f 7657/7657 7669/7669 7668/7668
f 7663/7663 7657/7657 7668/7668
f 4265/4265 4264/4264 4289/4289
f 4264/4264 4286/4286 4288/4288
f 4305/4305 4294/4294 4295/4295
f 4377/4377 4373/4373 4372/4372
f 4305/4305 4295/4295 4297/4297
f 5949/5949 5939/5939 5940/5940
f 4297/4297 4296/4296 4298/4298
f 860/860 891/891 828/828
f 975/975 974/974 972/972
f 111/111 109/109 110/110
f 4290/4290 4287/4287 4289/4289
f 4289/4289 4287/4287 4265/4265
f 3563/3563 3597/3597 3560/3560
f 4294/4294 4305/4305 4306/4306
f 4312/4312 4297/4297 4298/4298
f 858/858 860/860 859/859
f 859/859 860/860 828/828
f 922/922 923/923 980/980
f 1575/1575 1574/1574 1585/1585
f 973/973 974/974 996/996
f 5116/5116 5115/5115 5110/5110
f 4297/4297 4306/4306 4305/4305
f 864/864 866/866 865/865
f 897/897 923/923 922/922
f 898/898 897/897 922/922
f 1535/1535 1574/1574 1575/1575
f 69/69 55/55 70/70
f 70/70 55/55 43/43
f 5445/5445 5446/5446 5338/5338
f 5110/5110 5112/5112 5111/5111
f 4384/4384 4387/4387 4386/4386
f 4309/4309 4306/4306 4297/4297
f 4309/4309 4297/4297 4310/4310
f 4297/4297 4311/4311 4310/4310
f 468/468 500/500 490/490
f 4292/4292 4291/4291 4290/4290
f 4292/4292 4290/4290 4289/4289
f 4292/4292 4289/4289 4299/4299
f 4289/4289 4288/4288 4299/4299
f 3597/3597 3591/3591 3593/3593
f 4299/4299 4288/4288 4300/4300
f 4319/4319 4309/4309 4310/4310
f 5962/5962 5954/5954 6452/6452
f 4384/4384 4386/4386 4383/4383
f 4368/4368 4371/4371 4372/4372
f 4372/4372 4371/4371 4379/4379
f 4384/4384 4383/4383 4355/4355
f 4310/4310 4311/4311 4313/4313
f 1585/1585 1587/1587 1591/1591
f 972/972 974/974 973/973
f 88/88 89/89 87/87
f 488/488 490/490 505/505
f 5464/5464 5451/5451 5450/5450
f 5144/5144 5143/5143 5136/5136
f 5136/5136 5143/5143 5140/5140
f 4300/4300 4301/4301 4302/4302
f 4301/4301 4306/4306 4307/4307
f 3554/3554 3555/3555 3556/3556
f 3562/3562 3554/3554 3556/3556
f 4383/4383 4385/4385 4354/4354
f 4392/4392 4394/4394 4379/4379
f 4319/4319 4310/4310 4314/4314
f 4383/4383 4354/4354 4355/4355
f 4371/4371 4368/4368 4366/4366
f 5952/5952 5940/5940 6016/6016
f 5450/5450 5446/5446 5445/5445
f 5264/5264 5338/5338 5330/5330
f 5264/5264 5330/5330 5263/5263
f 3589/3589 3590/3590 3588/3588
f 3593/3593 3591/3591 3592/3592
f 5377/5377 5378/5378 5374/5374
f 3556/3556 3557/3557 3564/3564
f 3556/3556 3564/3564 3571/3571
f 4318/4318 4309/4309 4319/4319
f 4354/4354 4385/4385 4351/4351
f 4318/4318 4319/4319 4314/4314
f 2231/2231 2235/2235 2234/2234
f 4354/4354 4351/4351 4353/4353
f 4355/4355 4354/4354 4353/4353
f 4355/4355 4353/4353 4358/4358
f 853/853 854/854 851/851
f 87/87 89/89 71/71
f 5264/5264 5263/5263 5244/5244
f 5245/5245 5244/5244 5235/5235
f 5327/5327 5326/5326 5325/5325
f 4303/4303 4292/4292 4299/4299
f 4302/4302 4299/4299 4300/4300
f 4237/4237 4236/4236 4235/4235
f 3557/3557 3576/3576 3564/3564
f 4351/4351 4352/4352 4353/4353
f 4366/4366 4369/4369 4370/4370
f 4321/4321 4318/4318 4314/4314
f 4321/4321 4314/4314 4344/4344
f 5964/5964 5952/5952 6016/6016
f 7108/7108 7109/7109 7110/7110
f 1629/1629 1630/1630 1631/1631
f 980/980 975/975 972/972
f 5388/5388 5377/5377 5376/5376
f 3564/3564 3576/3576 3577/3577
f 3564/3564 3577/3577 3575/3575
f 3574/3574 3564/3564 3575/3575
f 4321/4321 4317/4317 4318/4318
f 4353/4353 4356/4356 4357/4357
f 4369/4369 4364/4364 4363/4363
f 4358/4358 4353/4353 4357/4357
f 4358/4358 4357/4357 4359/4359
f 4359/4359 4363/4363 4362/4362
f 4362/4362 4363/4363 4364/4364
f 4391/4391 4350/4350 4345/4345
f 828/828 891/891 897/897
f 938/938 922/922 980/980
f 87/87 101/101 88/88
f 71/71 69/69 70/70
f 5445/5445 5338/5338 5444/5444
f 5138/5138 5139/5139 5118/5118
f 3589/3589 3588/3588 3587/3587
f 4307/4307 4304/4304 4302/4302
f 4242/4242 4233/4233 4241/4241
f 4321/4321 4329/4329 4317/4317
f 4329/4329 4321/4321 4330/4330
f 4248/4248 4242/4242 4241/4241
f 4248/4248 4241/4241 4249/4249
f 4357/4357 4361/4361 4359/4359
f 4361/4361 4410/4410 4363/4363
f 4363/4363 4410/4410 4369/4369
f 5944/5944 5943/5943 5942/5942
f 5944/5944 5942/5942 6021/6021
f 5942/5942 5943/5943 5938/5938
f 5943/5943 6015/6015 5938/5938
f 6015/6015 6945/6945 5938/5938
f 7509/7509 7510/7510 7511/7511
f 7509/7509 7511/7511 7512/7512
f 6016/6016 5965/5965 5964/5964
f 938/938 980/980 972/972
f 8/8 108/108 101/101
f 43/43 55/55 44/44
f 5108/5108 5111/5111 5190/5190
f 5288/5288 5333/5333 5332/5332
f 5283/5283 5288/5288 5332/5332
f 3587/3587 3588/3588 3586/3586
f 5376/5376 5377/5377 5374/5374
f 4241/4241 4233/4233 4234/4234
f 4241/4241 4234/4234 4240/4240
f 4241/4241 4240/4240 4252/4252
f 4252/4252 4240/4240 4253/4253
f 4343/4343 4202/4202 4330/4330
f 7071/7071 7070/7070 7069/7069
f 7070/7070 7071/7071 7072/7072
f 7071/7071 7077/7077 7072/7072
f 7072/7072 7077/7077 7084/7084
f 6940/6940 5944/5944 6021/6021
f 1632/1632 1629/1629 1631/1631
f 865/865 858/858 857/857
f 1043/1043 1054/1054 1052/1052
f 5108/5108 5190/5190 5191/5191
f 5191/5191 5190/5190 5288/5288
f 2687/2687 2685/2685 2752/2752
f 4316/4316 4303/4303 4304/4304
f 4304/4304 4307/4307 4322/4322
f 4323/4323 4322/4322 4307/4307
f 4326/4326 4323/4323 4307/4307
f 4326/4326 4202/4202 4332/4332
f 4240/4240 4234/4234 4239/4239
f 4200/4200 4201/4201 4202/4202
f 4253/4253 4240/4240 4239/4239
f 4253/4253 4239/4239 4254/4254
f 4205/4205 4200/4200 4204/4204
f 4204/4204 4200/4200 4202/4202
f 7085/7085 7069/7069 7063/7063
f 864/864 865/865 857/857
f 996/996 1043/1043 1000/1000
f 467/467 490/490 489/489
f 5245/5245 5235/5235 5234/5234
f 5331/5331 5325/5325 5387/5387
f 5391/5391 5387/5387 5376/5376
f 4322/4322 4316/4316 4304/4304
f 4328/4328 4323/4323 4326/4326
f 4234/4234 4232/4232 4239/4239
f 4239/4239 4244/4244 4245/4245
f 4245/4245 4244/4244 4246/4246
f 4246/4246 4244/4244 4255/4255
f 4246/4246 4255/4255 4188/4188
f 4199/4199 4201/4201 4200/4200
f 4198/4198 4199/4199 4200/4200
f 4245/4245 4246/4246 4195/4195
f 4195/4195 4246/4246 4188/4188
f 4197/4197 4198/4198 4205/4205
f 4205/4205 4198/4198 4200/4200
f 4194/4194 4195/4195 4188/4188
f 4197/4197 4203/4203 4193/4193
f 4203/4203 4197/4197 4205/4205
f 852/852 853/853 851/851
f 944/944 853/853 852/852
f 153/153 111/111 110/110
f 5264/5264 5244/5244 5245/5245
f 5117/5117 5115/5115 5116/5116
f 4315/4315 4316/4316 4320/4320
f 4320/4320 4316/4316 4322/4322
f 4328/4328 4322/4322 4323/4323
f 4328/4328 4326/4326 4331/4331
f 4188/4188 4189/4189 4190/4190
f 4188/4188 4190/4190 4191/4191
f 4191/4191 4190/4190 4192/4192
f 4196/4196 4199/4199 4198/4198
f 4191/4191 4192/4192 4193/4193
f 4193/4193 4192/4192 4196/4196
f 4193/4193 4196/4196 4197/4197
f 4197/4197 4196/4196 4198/4198
f 1632/1632 1631/1631 1633/1633
f 828/828 858/858 859/859
f 973/973 996/996 1000/1000
f 5136/5136 5140/5140 5138/5138
f 5118/5118 5115/5115 5117/5117
f 5191/5191 5288/5288 5283/5283
f 5327/5327 5325/5325 5331/5331
f 5391/5391 5376/5376 5375/5375
f 4221/4221 4219/4219 4217/4217
f 4221/4221 4217/4217 4223/4223
f 4229/4229 4223/4223 4227/4227
f 4229/4229 4227/4227 4232/4232
f 4192/4192 4190/4190 4206/4206
f 6391/6391 6881/6881 6393/6393
f 972/972 973/973 971/971
f 54/54 57/57 45/45
f 5444/5444 5338/5338 5265/5265
f 5205/5205 5235/5235 5197/5197
f 4220/4220 4218/4218 4219/4219
f 1404/1404 1406/1406 1398/1398
f 4340/4340 4320/4320 4322/4322
f 5376/5376 5374/5374 5375/5375
f 6391/6391 6393/6393 6392/6392
f 1218/1218 1226/1226 1219/1219
f 851/851 854/854 866/866
f 851/851 866/866 864/864
f 1000/1000 1043/1043 1052/1052
f 5234/5234 5235/5235 5205/5205
f 4218/4218 4215/4215 4217/4217
f 4340/4340 4324/4324 4320/4320
f 4339/4339 4340/4340 4322/4322
f 4339/4339 4322/4322 4328/4328
f 4227/4227 4224/4224 4226/4226
f 4336/4336 4335/4335 4334/4334
f 4335/4335 4336/4336 4337/4337
f 4337/4337 4336/4336 4243/4243
f 5536/5536 5537/5537 5538/5538
f 5540/5540 5541/5541 5542/5542
f 5536/5536 5538/5538 5539/5539
f 6187/6187 6926/6926 6925/6925
f 6390/6390 6391/6391 6392/6392
f 857/857 858/858 828/828
f 918/918 898/898 922/922
f 971/971 973/973 1000/1000
f 110/110 108/108 8/8
f 101/101 87/87 86/86
f 4217/4217 4215/4215 4214/4214
f 4342/4342 4340/4340 4339/4339
f 4217/4217 4214/4214 4224/4224
f 4335/4335 4339/4339 4333/4333
f 4231/4231 4337/4337 4243/4243
f 5543/5543 5540/5540 5542/5542
f 7118/7118 7120/7120 7119/7119
f 7127/7127 7128/7128 7129/7129
f 6596/6596 6390/6390 6392/6392
f 928/928 938/938 972/972
f 151/151 153/153 110/110
f 8/8 101/101 86/86
f 44/44 54/54 45/45
f 5265/5265 5338/5338 5264/5264
f 5205/5205 5197/5197 5146/5146
f 5137/5137 5136/5136 5138/5138
f 5137/5137 5138/5138 5118/5118
f 4342/4342 4346/4346 4340/4340
f 4214/4214 4213/4213 4211/4211
f 4214/4214 4211/4211 4216/4216
f 4214/4214 4216/4216 4224/4224
f 4342/4342 4339/4339 4338/4338
f 4224/4224 4216/4216 4209/4209
f 4209/4209 4225/4225 4228/4228
f 4338/4338 4337/4337 4238/4238
f 4238/4238 4337/4337 4231/4231
f 851/851 864/864 856/856
f 856/856 864/864 857/857
f 85/85 87/87 71/71
f 42/42 71/71 70/70
f 499/499 488/488 505/505
f 5146/5146 5144/5144 5145/5145
f 2045/2045 2041/2041 2039/2039
f 5110/5110 5111/5111 5108/5108
f 4213/4213 4210/4210 4211/4211
f 4347/4347 4346/4346 4342/4342
f 4341/4341 4347/4347 4342/4342
f 4341/4341 4342/4342 4338/4338
f 4225/4225 4238/4238 4231/4231
f 857/857 828/828 827/827
f 826/826 828/828 897/897
f 826/826 897/897 898/898
f 918/918 922/922 938/938
f 85/85 71/71 75/75
f 43/43 44/44 41/41
f 5145/5145 5144/5144 5136/5136
f 4347/4347 4348/4348 4346/4346
f 4210/4210 4207/4207 4209/4209
f 4211/4211 4210/4210 4209/4209
f 4216/4216 4211/4211 4209/4209
f 4348/4348 4347/4347 4341/4341
f 4341/4341 4338/4338 4222/4222
f 4222/4222 4338/4338 4238/4238
f 86/86 87/87 85/85
f 75/75 71/71 42/42
f 4207/4207 4208/4208 4209/4209
f 4209/4209 4208/4208 4212/4212
f 4212/4212 4256/4256 4341/4341
f 4341/4341 4256/4256 4348/4348
f 5391/5391 5375/5375 5393/5393
f 4209/4209 4212/4212 4222/4222
f 4212/4212 4341/4341 4222/4222
f 5963/5963 5968/5968 5970/5970
f 856/856 857/857 827/827
f 827/827 828/828 826/826
f 1578/1578 1585/1585 1591/1591
f 1578/1578 1591/1591 1590/1590
f 42/42 70/70 43/43
f 1708/1708 1710/1710 1709/1709
f 7544/7544 7540/7540 7546/7546
f 4208/4208 4256/4256 4212/4212
f 5373/5373 5375/5375 5374/5374
f 852/852 851/851 850/850
f 849/849 851/851 856/856
f 941/941 944/944 852/852
f 928/928 972/972 970/970
f 1575/1575 1585/1585 1578/1578
f 970/970 972/972 971/971
f 9/9 8/8 86/86
f 42/42 43/43 41/41
f 41/41 44/44 45/45
f 5205/5205 5146/5146 5145/5145
f 2001/2001 2000/2000 1994/1994
f 1994/1994 2000/2000 1996/1996
f 7544/7544 7547/7547 7548/7548
f 5332/5332 5327/5327 5331/5331
f 5392/5392 5391/5391 5393/5393
f 6820/6820 5963/5963 5970/5970
f 826/826 898/898 899/899
f 899/899 898/898 918/918
f 941/941 852/852 850/850
f 151/151 110/110 7/7
f 7/7 110/110 8/8
f 1051/1051 1000/1000 1052/1052
f 1962/1962 2001/2001 1994/1994
f 1994/1994 1995/1995 1960/1960
f 1758/1758 1759/1759 1765/1765
f 2008/2008 2005/2005 2004/2004
f 5116/5116 5110/5110 5107/5107
f 5348/5348 5331/5331 5387/5387
f 5348/5348 5387/5387 5392/5392
f 5387/5387 5391/5391 5392/5392
f 5393/5393 5375/5375 5373/5373
f 5373/5373 5374/5374 5372/5372
f 5450/5450 5445/5445 5443/5443
f 1962/1962 1994/1994 1960/1960
f 1995/1995 1997/1997 1961/1961
f 1961/1961 1997/1997 1998/1998
f 7561/7561 7569/7569 7564/7564
f 850/850 851/851 849/849
f 86/86 85/85 84/84
f 5264/5264 5245/5245 5243/5243
f 5243/5243 5245/5245 5234/5234
f 1960/1960 1995/1995 1961/1961
f 1382/1382 1383/1383 1390/1390
f 5119/5119 5118/5118 5117/5117
f 5107/5107 5110/5110 5108/5108
f 5332/5332 5331/5331 5348/5348
f 6820/6820 5970/5970 6019/6019
f 849/849 856/856 827/827
f 7/7 8/8 9/9
f 9/9 86/86 84/84
f 5445/5445 5444/5444 5443/5443
f 5265/5265 5264/5264 5243/5243
f 1951/1951 1962/1962 1960/1960
f 1951/1951 1960/1960 1952/1952
f 1952/1952 1960/1960 1953/1953
f 1953/1953 1960/1960 1961/1961
f 1953/1953 1961/1961 1956/1956
f 1816/1816 1820/1820 1821/1821
f 1816/1816 1821/1821 1819/1819
f 1812/1812 1818/1818 1813/1813
f 1819/1819 1822/1822 1815/1815
f 5137/5137 5118/5118 5119/5119
f 5108/5108 5191/5191 5185/5185
f 5185/5185 5191/5191 5283/5283
f 6905/6905 6820/6820 6019/6019
f 918/918 938/938 928/928
f 41/41 45/45 46/46
f 489/489 488/488 485/485
f 5443/5443 5444/5444 5265/5265
f 1953/1953 1956/1956 1954/1954
f 7528/7528 7526/7526 7529/7529
f 1813/1813 1817/1817 1814/1814
f 1817/1817 1820/1820 1814/1814
f 1814/1814 1820/1820 1816/1816
f 1816/1816 1819/1819 1815/1815
f 7566/7566 7562/7562 7564/7564
f 5283/5283 5332/5332 5335/5335
f 83/83 85/85 75/75
f 1951/1951 1952/1952 1949/1949
f 1952/1952 1953/1953 1949/1949
f 1949/1949 1953/1953 1954/1954
f 1813/1813 1814/1814 1811/1811
f 1811/1811 1814/1814 1810/1810
f 1810/1810 1814/1814 1816/1816
f 1810/1810 1816/1816 1815/1815
f 5135/5135 5136/5136 5137/5137
f 7567/7567 7566/7566 7564/7564
f 846/846 849/849 827/827
f 823/823 827/827 826/826
f 824/824 826/826 890/890
f 890/890 826/826 899/899
f 84/84 85/85 83/83
f 1958/1958 1951/1951 1948/1948
f 1948/1948 1951/1951 1949/1949
f 1949/1949 1954/1954 1955/1955
f 1806/1806 1810/1810 1807/1807
f 1807/1807 1810/1810 1808/1808
f 1812/1812 1813/1813 1809/1809
f 1809/1809 1813/1813 1811/1811
f 1810/1810 1815/1815 1808/1808
f 5979/5979 5984/5984 6026/6026
f 829/829 827/827 823/823
f 41/41 46/46 38/38
f 1948/1948 1949/1949 1950/1950
f 1950/1950 1949/1949 1955/1955
f 1809/1809 1811/1811 1806/1806
f 1806/1806 1811/1811 1810/1810
f 1805/1805 1807/1807 1808/1808
f 5145/5145 5136/5136 5134/5134
f 5134/5134 5136/5136 5135/5135
f 5117/5117 5116/5116 5107/5107
f 5335/5335 5332/5332 5348/5348
f 7320/7320 7317/7317 7323/7323
f 7095/7095 7094/7094 7093/7093
f 941/941 850/850 845/845
f 1966/1966 1958/1958 1948/1948
f 1966/1966 1948/1948 1963/1963
f 1948/1948 1950/1950 1957/1957
f 1950/1950 1955/1955 1959/1959
f 1800/1800 1806/1806 1807/1807
f 1804/1804 1809/1809 1803/1803
f 1803/1803 1809/1809 1806/1806
f 5107/5107 5108/5108 5109/5109
f 1405/1405 1403/1403 1401/1401
f 850/850 849/849 845/845
f 848/848 827/827 829/829
f 1577/1577 1578/1578 1590/1590
f 151/151 7/7 11/11
f 5464/5464 5450/5450 5453/5453
f 5453/5453 5450/5450 5443/5443
f 5215/5215 5243/5243 5234/5234
f 1957/1957 1950/1950 1964/1964
f 1964/1964 1950/1950 1965/1965
f 1965/1965 1950/1950 1959/1959
f 1802/1802 1803/1803 1806/1806
f 1806/1806 1800/1800 1802/1802
f 1800/1800 1807/1807 1805/1805
f 1800/1800 1805/1805 1801/1801
f 6038/6038 6905/6905 5995/5995
f 6038/6038 5995/5995 5994/5994
f 1632/1632 1633/1633 1626/1626
f 1625/1625 1632/1632 1626/1626
f 1963/1963 1957/1957 1964/1964
f 1829/1829 1823/1823 1827/1827
f 75/75 42/42 39/39
f 5453/5453 5443/5443 5442/5442
f 5265/5265 5243/5243 5259/5259
f 1964/1964 1965/1965 1968/1968
f 5215/5215 5234/5234 5205/5205
f 1804/1804 1803/1803 1799/1799
f 1803/1803 1802/1802 1798/1798
f 1802/1802 1800/1800 1797/1797
f 1800/1800 1801/1801 1795/1795
f 2080/2080 2064/2064 2081/2081
f 2081/2081 2064/2064 2063/2063
f 5109/5109 5108/5108 5185/5185
f 5988/5988 6038/6038 5994/5994
f 1529/1529 1525/1525 1533/1533
f 5465/5465 5464/5464 5453/5453
f 1966/1966 1963/1963 1969/1969
f 1971/1971 1966/1966 1969/1969
f 1969/1969 1963/1963 1964/1964
f 1965/1965 1959/1959 1967/1967
f 1968/1968 1965/1965 1967/1967
f 5215/5215 5205/5205 5145/5145
f 1799/1799 1803/1803 1798/1798
f 1798/1798 1802/1802 1797/1797
f 1797/1797 1800/1800 1795/1795
f 1795/1795 1801/1801 1796/1796
f 7574/7574 7573/7573 7575/7575
f 3021/3021 3020/3020 3023/3023
f 3020/3020 3021/3021 3017/3017
f 3022/3022 3019/3019 3018/3018
f 5185/5185 5283/5283 5297/5297
f 6202/6202 6198/6198 6197/6197
f 7046/7046 7045/7045 7044/7044
f 7047/7047 7046/7046 7044/7044
f 7044/7044 7045/7045 7041/7041
f 7044/7044 7041/7041 7043/7043
f 7041/7041 7042/7042 7043/7043
f 5986/5986 5992/5992 5987/5987
f 5992/5992 5989/5989 5987/5987
f 5987/5987 5989/5989 5988/5988
f 823/823 826/826 824/824
f 899/899 918/918 908/908
f 908/908 918/918 928/928
f 5441/5441 5443/5443 5265/5265
f 1964/1964 1968/1968 1970/1970
f 1777/1777 1798/1798 1797/1797
f 1779/1779 1797/1797 1778/1778
f 1778/1778 1797/1797 1795/1795
f 1778/1778 1795/1795 1780/1780
f 1795/1795 1796/1796 1781/1781
f 1777/1777 1799/1799 1798/1798
f 1823/1823 1799/1799 1784/1784
f 1826/1826 1827/1827 1823/1823
f 6148/6148 6199/6199 6197/6197
f 890/890 899/899 900/900
f 15/15 9/9 84/84
f 82/82 84/84 83/83
f 1051/1051 1052/1052 1053/1053
f 1969/1969 1964/1964 1970/1970
f 1972/1972 1968/1968 1967/1967
f 1777/1777 1797/1797 1779/1779
f 1780/1780 1795/1795 1781/1781
f 1784/1784 1799/1799 1777/1777
f 1826/1826 1823/1823 1784/1784
f 5509/5509 5508/5508 5507/5507
f 3017/3017 3008/3008 3018/3018
f 6207/6207 6028/6028 6030/6030
f 928/928 970/970 933/933
f 1972/1972 1970/1970 1968/1968
f 5499/5499 5500/5500 5498/5498
f 5497/5497 5499/5499 5498/5498
f 5498/5498 5500/5500 5501/5501
f 5503/5503 5497/5497 5496/5496
f 5506/5506 5503/5503 5496/5496
f 5496/5496 5497/5497 5498/5498
f 5498/5498 5501/5501 5502/5502
f 5506/5506 5496/5496 5504/5504
f 5504/5504 5496/5496 5498/5498
f 5504/5504 5498/5498 5505/5505
f 5505/5505 5498/5498 5502/5502
f 5393/5393 5373/5373 5353/5353
f 6207/6207 6030/6030 6034/6034
f 933/933 970/970 969/969
f 5243/5243 5215/5215 5239/5239
f 1973/1973 1972/1972 1967/1967
f 5355/5355 5392/5392 5393/5393
f 7488/7488 7489/7489 7490/7490
f 845/845 849/849 846/846
f 846/846 827/827 848/848
f 1577/1577 1590/1590 1588/1588
f 971/971 1000/1000 1001/1001
f 1542/1542 1529/1529 1533/1533
f 1001/1001 1000/1000 1051/1051
f 83/83 75/75 40/40
f 40/40 75/75 39/39
f 1971/1971 1969/1969 1974/1974
f 1970/1970 1972/1972 1973/1973
f 1973/1973 1967/1967 1976/1976
f 1777/1777 1779/1779 1774/1774
f 1774/1774 1779/1779 1778/1778
f 1778/1778 1780/1780 1775/1775
f 1783/1783 1784/1784 1777/1777
f 1780/1780 1781/1781 1782/1782
f 1775/1775 1780/1780 1782/1782
f 1830/1830 1784/1784 1783/1783
f 3010/3010 3009/3009 3011/3011
f 5117/5117 5107/5107 5160/5160
f 5348/5348 5392/5392 5355/5355
f 5353/5353 5373/5373 5370/5370
f 3681/3681 3680/3680 3676/3676
f 3676/3676 3680/3680 3674/3674
f 3674/3674 3675/3675 3676/3676
f 3676/3676 3675/3675 3677/3677
f 3677/3677 3675/3675 3678/3678
f 3678/3678 3675/3675 3679/3679
f 900/900 899/899 908/908
f 1975/1975 1971/1971 1974/1974
f 1974/1974 1969/1969 1970/1970
f 1783/1783 1777/1777 1776/1776
f 1777/1777 1774/1774 1776/1776
f 1773/1773 1774/1774 1775/1775
f 1774/1774 1778/1778 1775/1775
f 5373/5373 5372/5372 5370/5370
f 5370/5370 5372/5372 5371/5371
f 824/824 890/890 888/888
f 1579/1579 1577/1577 1588/1588
f 5442/5442 5443/5443 5441/5441
f 1974/1974 1970/1970 1973/1973
f 5134/5134 5215/5215 5145/5145
f 1788/1788 1783/1783 1776/1776
f 1776/1776 1774/1774 1773/1773
f 1847/1847 1860/1860 1862/1862
f 1860/1860 1864/1864 1862/1862
f 1864/1864 1863/1863 1862/1862
f 1847/1847 1862/1862 1857/1857
f 1857/1857 1862/1862 1856/1856
f 1856/1856 1862/1862 1863/1863
f 1847/1847 1857/1857 1852/1852
f 1852/1852 1857/1857 1856/1856
f 1853/1853 1852/1852 1856/1856
f 5119/5119 5117/5117 5120/5120
f 5441/5441 5265/5265 5259/5259
f 1978/1978 1973/1973 1976/1976
f 1788/1788 1776/1776 1785/1785
f 1785/1785 1776/1776 1773/1773
f 1773/1773 1775/1775 1786/1786
f 1775/1775 1782/1782 1786/1786
f 1786/1786 1782/1782 1787/1787
f 1831/1831 1783/1783 1788/1788
f 2114/2114 2105/2105 2100/2100
f 1866/1866 1861/1861 1859/1859
f 1859/1859 1861/1861 1850/1850
f 1861/1861 1860/1860 1850/1850
f 1850/1850 1860/1860 1847/1847
f 1865/1865 1866/1866 1859/1859
f 1859/1859 1850/1850 1846/1846
f 1850/1850 1847/1847 1846/1846
f 1865/1865 1859/1859 1858/1858
f 1858/1858 1859/1859 1846/1846
f 1851/1851 1852/1852 1853/1853
f 1851/1851 1847/1847 1852/1852
f 1846/1846 1847/1847 1848/1848
f 1848/1848 1847/1847 1851/1851
f 1858/1858 1846/1846 1849/1849
f 1868/1868 1865/1865 1858/1858
f 1868/1868 1858/1858 1849/1849
f 1867/1867 1868/1868 1849/1849
f 1849/1849 1846/1846 1848/1848
f 1848/1848 1851/1851 1855/1855
f 1855/1855 1851/1851 1854/1854
f 1851/1851 1853/1853 1854/1854
f 1867/1867 1849/1849 1848/1848
f 5120/5120 5117/5117 5160/5160
f 5297/5297 5335/5335 5336/5336
f 6108/6108 6810/6810 6607/6607
f 970/970 971/971 968/968
f 969/969 970/970 968/968
f 1975/1975 1974/1974 1979/1979
f 1977/1977 1973/1973 1978/1978
f 2097/2097 2094/2094 2102/2102
f 5355/5355 5393/5393 5353/5353
f 1625/1625 1626/1626 1627/1627
f 942/942 941/941 845/845
f 968/968 971/971 1001/1001
f 39/39 42/42 41/41
f 5259/5259 5243/5243 5239/5239
f 5239/5239 5215/5215 5216/5216
f 1979/1979 1974/1974 1977/1977
f 1977/1977 1974/1974 1973/1973
f 5216/5216 5215/5215 5134/5134
f 1773/1773 1786/1786 1790/1790
f 1793/1793 1788/1788 1785/1785
f 1785/1785 1773/1773 1792/1792
f 1791/1791 1786/1786 1787/1787
f 1794/1794 1831/1831 1788/1788
f 1843/1843 1840/1840 1831/1831
f 5123/5123 5134/5134 5135/5135
f 5135/5135 5137/5137 5122/5122
f 5185/5185 5297/5297 5296/5296
f 5336/5336 5335/5335 5355/5355
f 1402/1402 1405/1405 1401/1401
f 6045/6045 6044/6044 6108/6108
f 1540/1540 1577/1577 1579/1579
f 39/39 41/41 38/38
f 38/38 46/46 47/47
f 1987/1987 1975/1975 1979/1979
f 1987/1987 1979/1979 1980/1980
f 1980/1980 1979/1979 1977/1977
f 1980/1980 1977/1977 1981/1981
f 1981/1981 1977/1977 1978/1978
f 1794/1794 1788/1788 1793/1793
f 1793/1793 1785/1785 1792/1792
f 1792/1792 1773/1773 1790/1790
f 1790/1790 1786/1786 1791/1791
f 1677/1677 1676/1676 1670/1670
f 829/829 846/846 848/848
f 888/888 890/890 900/900
f 908/908 928/928 929/929
f 929/929 928/928 933/933
f 152/152 151/151 11/11
f 10/10 7/7 9/9
f 10/10 9/9 15/15
f 15/15 84/84 82/82
f 1981/1981 1978/1978 1982/1982
f 5296/5296 5297/5297 5336/5336
f 80/80 82/82 83/83
f 1980/1980 1981/1981 1983/1983
f 1983/1983 1981/1981 1982/1982
f 1794/1794 1793/1793 1832/1832
f 1832/1832 1793/1793 1792/1792
f 1832/1832 1792/1792 1833/1833
f 1833/1833 1792/1792 1790/1790
f 1833/1833 1790/1790 1834/1834
f 1834/1834 1790/1790 1836/1836
f 1790/1790 1791/1791 1836/1836
f 1845/1845 1843/1843 1835/1835
f 1665/1665 1670/1670 1671/1671
f 845/845 846/846 844/844
f 844/844 846/846 842/842
f 846/846 829/829 842/842
f 11/11 7/7 10/10
f 5442/5442 5441/5441 5439/5439
f 1987/1987 1980/1980 1985/1985
f 1983/1983 1982/1982 1984/1984
f 1835/1835 1794/1794 1832/1832
f 1834/1834 1836/1836 1839/1839
f 1360/1360 1346/1346 1365/1365
f 1360/1360 1365/1365 1372/1372
f 6045/6045 6108/6108 6049/6049
f 901/901 900/900 908/908
f 1985/1985 1980/1980 1983/1983
f 1985/1985 1983/1983 1986/1986
f 1986/1986 1983/1983 1984/1984
f 1835/1835 1832/1832 1837/1837
f 1837/1837 1832/1832 1833/1833
f 1833/1833 1834/1834 1838/1838
f 1839/1839 1836/1836 1841/1841
f 1668/1668 1663/1663 1669/1669
f 1669/1669 1663/1663 1667/1667
f 7594/7594 7593/7593 7595/7595
f 5122/5122 5137/5137 5119/5119
f 5107/5107 5109/5109 5174/5174
f 5174/5174 5109/5109 5185/5185
f 825/825 824/824 888/888
f 5453/5453 5442/5442 5439/5439
f 384/384 363/363 399/399
f 1987/1987 1985/1985 1989/1989
f 1990/1990 1989/1989 1985/1985
f 1988/1988 1986/1986 1984/1984
f 1838/1838 1834/1834 1839/1839
f 1837/1837 1833/1833 1838/1838
f 1389/1389 1388/1388 1392/1392
f 1386/1386 1388/1388 1389/1389
f 1386/1386 1389/1389 1387/1387
f 5123/5123 5135/5135 5122/5122
f 1340/1340 1358/1358 1369/1369
f 1680/1680 1692/1692 1656/1656
f 1664/1664 1660/1660 1665/1665
f 888/888 900/900 901/901
f 1050/1050 1051/1051 1053/1053
f 1990/1990 1985/1985 1986/1986
f 1991/1991 1986/1986 1988/1988
f 1988/1988 1984/1984 1992/1992
f 1842/1842 1838/1838 1839/1839
f 1842/1842 1839/1839 1841/1841
f 1347/1347 1386/1386 1357/1357
f 1692/1692 1682/1682 1656/1656
f 5160/5160 5107/5107 5174/5174
f 12/12 11/11 10/10
f 80/80 83/83 40/40
f 5441/5441 5259/5259 5301/5301
f 1990/1990 1986/1986 1991/1991
f 1991/1991 1988/1988 1992/1992
f 1706/1706 1704/1704 1700/1700
f 1704/1704 1701/1701 1700/1700
f 1700/1700 1701/1701 1699/1699
f 1699/1699 1701/1701 1698/1698
f 1701/1701 1702/1702 1698/1698
f 1698/1698 1702/1702 1696/1696
f 1696/1696 1702/1702 1703/1703
f 1705/1705 1706/1706 1700/1700
f 1696/1696 1703/1703 1697/1697
f 1386/1386 1387/1387 1357/1357
f 1693/1693 1695/1695 1694/1694
f 1691/1691 1693/1693 1650/1650
f 1663/1663 1656/1656 1655/1655
f 1663/1663 1655/1655 1662/1662
f 1658/1658 1662/1662 1655/1655
f 1662/1662 1658/1658 1657/1657
f 1662/1662 1657/1657 1660/1660
f 1657/1657 1659/1659 1660/1660
f 1659/1659 1661/1661 1660/1660
f 1628/1628 1625/1625 1627/1627
f 823/823 824/824 825/825
f 1580/1580 1579/1579 1588/1588
f 152/152 11/11 12/12
f 39/39 38/38 37/37
f 5440/5440 5439/5439 5441/5441
f 1993/1993 1990/1990 1991/1991
f 1946/1946 1947/1947 1944/1944
f 1946/1946 1944/1944 1943/1943
f 1695/1695 1690/1690 1694/1694
f 1652/1652 1640/1640 1655/1655
f 1656/1656 1652/1652 1655/1655
f 1655/1655 1640/1640 1653/1653
f 1655/1655 1653/1653 1658/1658
f 1658/1658 1653/1653 1657/1657
f 5122/5122 5119/5119 5121/5121
f 2109/2109 2110/2110 2107/2107
f 2108/2108 2109/2109 2106/2106
f 1001/1001 1051/1051 1050/1050
f 5458/5458 5465/5465 5453/5453
f 1942/1942 1946/1946 1943/1943
f 1705/1705 1700/1700 1690/1690
f 1690/1690 1700/1700 1689/1689
f 1689/1689 1700/1700 1686/1686
f 1686/1686 1700/1700 1699/1699
f 1699/1699 1698/1698 1686/1686
f 1686/1686 1698/1698 1684/1684
f 1698/1698 1696/1696 1684/1684
f 1684/1684 1696/1696 1685/1685
f 1696/1696 1697/1697 1685/1685
f 1650/1650 1690/1690 1688/1688
f 1688/1688 1690/1690 1689/1689
f 1694/1694 1690/1690 1650/1650
f 1639/1639 1643/1643 1648/1648
f 1643/1643 1649/1649 1648/1648
f 1652/1652 1651/1651 1642/1642
f 1652/1652 1642/1642 1640/1640
f 1642/1642 1641/1641 1640/1640
f 1639/1639 1640/1640 1641/1641
f 1653/1653 1640/1640 1639/1639
f 1653/1653 1639/1639 1648/1648
f 1925/1925 1926/1926 1927/1927
f 2115/2115 2111/2111 2108/2108
f 2108/2108 2111/2111 2109/2109
f 5121/5121 5119/5119 5120/5120
f 5185/5185 5296/5296 5295/5295
f 1408/1408 1402/1402 1400/1400
f 6716/6716 6718/6718 6719/6719
f 6048/6048 6045/6045 6049/6049
f 80/80 40/40 81/81
f 40/40 39/39 37/37
f 5440/5440 5441/5441 5301/5301
f 5259/5259 5239/5239 5251/5251
f 1945/1945 1942/1942 1941/1941
f 1941/1941 1942/1942 1939/1939
f 1942/1942 1943/1943 1939/1939
f 1939/1939 1943/1943 1940/1940
f 1940/1940 1943/1943 1944/1944
f 1689/1689 1686/1686 1687/1687
f 1654/1654 1686/1686 1684/1684
f 1688/1688 1689/1689 1687/1687
f 1687/1687 1686/1686 1654/1654
f 1684/1684 1685/1685 1683/1683
f 7611/7611 7606/7606 7604/7604
f 1688/1688 1687/1687 1647/1647
f 1645/1645 1654/1654 1684/1684
f 1645/1645 1684/1684 1683/1683
f 1650/1650 1688/1688 1647/1647
f 1647/1647 1687/1687 1654/1654
f 1646/1646 1645/1645 1683/1683
f 1650/1650 1647/1647 1642/1642
f 1647/1647 1644/1644 1642/1642
f 1645/1645 1646/1646 1643/1643
f 1642/1642 1644/1644 1641/1641
f 1641/1641 1644/1644 1645/1645
f 1641/1641 1645/1645 1643/1643
f 1643/1643 1646/1646 1649/1649
f 1650/1650 1642/1642 1651/1651
f 1641/1641 1643/1643 1639/1639
f 7600/7600 7599/7599 7601/7601
f 1921/1921 1924/1924 1922/1922
f 1926/1926 1922/1922 1924/1924
f 1925/1925 1937/1937 1923/1923
f 1925/1925 1922/1922 1926/1926
f 829/829 823/823 825/825
f 15/15 82/82 79/79
f 79/79 82/82 80/80
f 487/487 498/498 497/497
f 5458/5458 5453/5453 5439/5439
f 5301/5301 5259/5259 5260/5260
f 5251/5251 5239/5239 5241/5241
f 5241/5241 5239/5239 5216/5216
f 1647/1647 1654/1654 1644/1644
f 1644/1644 1654/1654 1645/1645
f 1922/1922 1916/1916 1921/1921
f 1916/1916 1919/1919 1921/1921
f 2563/2563 2562/2562 2521/2521
f 6048/6048 6049/6049 6203/6203
f 1232/1232 1208/1208 1216/1216
f 847/847 829/829 825/825
f 1580/1580 1588/1588 1589/1589
f 960/960 969/969 968/968
f 10/10 15/15 13/13
f 79/79 80/80 78/78
f 38/38 47/47 48/48
f 5260/5260 5259/5259 5251/5251
f 1936/1936 1945/1945 1941/1941
f 1932/1932 1941/1941 1939/1939
f 1932/1932 1939/1939 1930/1930
f 1930/1930 1939/1939 1933/1933
f 1933/1933 1939/1939 1940/1940
f 1933/1933 1940/1940 1929/1929
f 1916/1916 1918/1918 1919/1919
f 1912/1912 1916/1916 1922/1922
f 1937/1937 1938/1938 1920/1920
f 1920/1920 1912/1912 1923/1923
f 1923/1923 1912/1912 1922/1922
f 1937/1937 1920/1920 1923/1923
f 1634/1634 1625/1625 1628/1628
f 842/842 829/829 847/847
f 887/887 825/825 888/888
f 929/929 933/933 960/960
f 960/960 933/933 969/969
f 13/13 15/15 79/79
f 78/78 80/80 81/81
f 1936/1936 1941/1941 1932/1932
f 1930/1930 1933/1933 1928/1928
f 1936/1936 1932/1932 1931/1931
f 1931/1931 1932/1932 1930/1930
f 1928/1928 1933/1933 1929/1929
f 1928/1928 1929/1929 1917/1917
f 1914/1914 1917/1917 1918/1918
f 1912/1912 1914/1914 1916/1916
f 1938/1938 1934/1934 1920/1920
f 2496/2496 2564/2564 2492/2492
f 3093/3093 3100/3100 3092/3092
f 5134/5134 5123/5123 5125/5125
f 1931/1931 1930/1930 1915/1915
f 1915/1915 1930/1930 1928/1928
f 1913/1913 1915/1915 1928/1928
f 1936/1936 1931/1931 1915/1915
f 1935/1935 1936/1936 1915/1915
f 1913/1913 1928/1928 1917/1917
f 1912/1912 1915/1915 1913/1913
f 1913/1913 1917/1917 1914/1914
f 1934/1934 1935/1935 1915/1915
f 1934/1934 1915/1915 1920/1920
f 1920/1920 1915/1915 1912/1912
f 1912/1912 1913/1913 1914/1914
f 5350/5350 5354/5354 5353/5353
f 5370/5370 5371/5371 5369/5369
f 2488/2488 2490/2490 2536/2536
f 5674/5674 5675/5675 5676/5676
f 3094/3094 3088/3088 3087/3087
f 3087/3087 3088/3088 3089/3089
f 3087/3087 3089/3089 3090/3090
f 3087/3087 3090/3090 3091/3091
f 6166/6166 6164/6164 6132/6132
f 3098/3098 3099/3099 3097/3097
f 3098/3098 3097/3097 3095/3095
f 3095/3095 3097/3097 3096/3096
f 3096/3096 3094/3094 3095/3095
f 3095/3095 3094/3094 3087/3087
f 3092/3092 3087/3087 3091/3091
f 3091/3091 3093/3093 3092/3092
f 847/847 825/825 843/843
f 889/889 887/887 888/888
f 943/943 942/942 845/845
f 12/12 10/10 13/13
f 5353/5353 5370/5370 5363/5363
f 3509/3509 3512/3512 3505/3505
f 902/902 901/901 908/908
f 150/150 152/152 12/12
f 5216/5216 5134/5134 5133/5133
f 5161/5161 5121/5121 5120/5120
f 5174/5174 5185/5185 5186/5186
f 5186/5186 5185/5185 5295/5295
f 5356/5356 5353/5353 5363/5363
f 5363/5363 5370/5370 5369/5369
f 3510/3510 3506/3506 3507/3507
f 840/840 844/844 842/842
f 889/889 888/888 901/901
f 473/473 474/474 487/487
f 5296/5296 5357/5357 5358/5358
f 6719/6719 6721/6721 6729/6729
f 6054/6054 6094/6094 6093/6093
f 1634/1634 1628/1628 1636/1636
f 1215/1215 1232/1232 1216/1216
f 35/35 40/40 37/37
f 491/491 487/487 497/497
f 5160/5160 5174/5174 5173/5173
f 2470/2470 2476/2476 2477/2477
f 2470/2470 2477/2477 2478/2478
f 842/842 847/847 843/843
f 832/832 825/825 887/887
f 940/940 943/943 845/845
f 1002/1002 1001/1001 1050/1050
f 5432/5432 5439/5439 5440/5440
f 5358/5358 5357/5357 5349/5349
f 5349/5349 5357/5357 5354/5354
f 6104/6104 6093/6093 6097/6097
f 968/968 1001/1001 1002/1002
f 5440/5440 5301/5301 5429/5429
f 5173/5173 5174/5174 5186/5186
f 2555/2555 2549/2549 2546/2546
f 6121/6121 6205/6205 6646/6646
f 6205/6205 6105/6105 6646/6646
f 6646/6646 6105/6105 6097/6097
f 6097/6097 6105/6105 6104/6104
f 962/962 960/960 968/968
f 1551/1551 1541/1541 1550/1550
f 37/37 38/38 36/36
f 5457/5457 5458/5458 5439/5439
f 5123/5123 5122/5122 5121/5121
f 5170/5170 5120/5120 5160/5160
f 6901/6901 6159/6159 6137/6137
f 6159/6159 6901/6901 6125/6125
f 6159/6159 6125/6125 6122/6122
f 5432/5432 5440/5440 5429/5429
f 5241/5241 5216/5216 5133/5133
f 2453/2453 2475/2475 2458/2458
f 930/930 929/929 960/960
f 930/930 960/960 962/962
f 150/150 12/12 14/14
f 1002/1002 1050/1050 1049/1049
f 2471/2471 2473/2473 2472/2472
f 5691/5691 5705/5705 5704/5704
f 831/831 843/843 825/825
f 1550/1550 1580/1580 1581/1581
f 962/962 968/968 967/967
f 5433/5433 5439/5439 5432/5432
f 5161/5161 5120/5120 5170/5170
f 1409/1409 1433/1433 1422/1422
f 2456/2456 2458/2458 2459/2459
f 6978/6978 6979/6979 6977/6977
f 1635/1635 1634/1634 1636/1636
f 1580/1580 1589/1589 1581/1581
f 36/36 38/38 48/48
f 494/494 491/491 497/497
f 5429/5429 5301/5301 5286/5286
f 5133/5133 5134/5134 5125/5125
f 4750/4750 4852/4852 4745/4745
f 2461/2461 2469/2469 2467/2467
f 6898/6898 6768/6768 6729/6729
f 1635/1635 1636/1636 1637/1637
f 841/841 844/844 840/840
f 889/889 901/901 902/902
f 908/908 929/929 930/930
f 1552/1552 1550/1550 1581/1581
f 5349/5349 5350/5350 5351/5351
f 2449/2449 2451/2451 2450/2450
f 2450/2450 2451/2451 2453/2453
f 2453/2453 2456/2456 2452/2452
f 5368/5368 5363/5363 5369/5369
f 6978/6978 6977/6977 6975/6975
f 967/967 968/968 1002/1002
f 1551/1551 1550/1550 1552/1552
f 5286/5286 5301/5301 5260/5260
f 5250/5250 5251/5251 5241/5241
f 2244/2244 2241/2241 2245/2245
f 4839/4839 4841/4841 4843/4843
f 6060/6060 6059/6059 6068/6068
f 902/902 908/908 911/911
f 911/911 908/908 930/930
f 35/35 37/37 36/36
f 5170/5170 5160/5160 5171/5171
f 2449/2449 2450/2450 2448/2448
f 2454/2454 2461/2461 2460/2460
f 3112/3112 3115/3115 3113/3113
f 3125/3125 3119/3119 3118/3118
f 3126/3126 3125/3125 3118/3118
f 3118/3118 3119/3119 3117/3117
f 3118/3118 3117/3117 3116/3116
f 3116/3116 3117/3117 3111/3111
f 3116/3116 3111/3111 3108/3108
f 3109/3109 3111/3111 3112/3112
f 3112/3112 3113/3113 3109/3109
f 3126/3126 3118/3118 3127/3127
f 3129/3129 3126/3126 3127/3127
f 3127/3127 3118/3118 3116/3116
f 3108/3108 3111/3111 3109/3109
f 3113/3113 3115/3115 3114/3114
f 3109/3109 3113/3113 3114/3114
f 3114/3114 3115/3115 3123/3123
f 3114/3114 3123/3123 3121/3121
f 3127/3127 3116/3116 3122/3122
f 3122/3122 3116/3116 3107/3107
f 3107/3107 3116/3116 3108/3108
f 3107/3107 3108/3108 3109/3109
f 3107/3107 3109/3109 3110/3110
f 3110/3110 3109/3109 3114/3114
f 3127/3127 3122/3122 3128/3128
f 3122/3122 3107/3107 3120/3120
f 3107/3107 3110/3110 3120/3120
f 3120/3120 3110/3110 3121/3121
f 3121/3121 3110/3110 3114/3114
f 831/831 825/825 832/832
f 77/77 79/79 78/78
f 49/49 48/48 53/53
f 5457/5457 5439/5439 5433/5433
f 5260/5260 5251/5251 5250/5250
f 5171/5171 5160/5160 5173/5173
f 5317/5317 5295/5295 5358/5358
f 5352/5352 5349/5349 5351/5351
f 3119/3119 3124/3124 3117/3117
f 14/14 12/12 13/13
f 5125/5125 5123/5123 5124/5124
f 5352/5352 5358/5358 5349/5349
f 2448/2448 2450/2450 2437/2437
f 2438/2438 2452/2452 2446/2446
f 5839/5839 5836/5836 5835/5835
f 4815/4815 4817/4817 4845/4845
f 937/937 943/943 940/940
f 76/76 78/78 81/81
f 5124/5124 5123/5123 5121/5121
f 5186/5186 5295/5295 5317/5317
f 2434/2434 2448/2448 2437/2437
f 5362/5362 5351/5351 5356/5356
f 5362/5362 5356/5356 5363/5363
f 2447/2447 2454/2454 2455/2455
f 6062/6062 6060/6060 6068/6068
f 840/840 842/842 838/838
f 838/838 842/842 843/843
f 13/13 79/79 77/77
f 5365/5365 5363/5363 5368/5368
f 81/81 40/40 35/35
f 5432/5432 5429/5429 5430/5430
f 5430/5430 5429/5429 5286/5286
f 5286/5286 5260/5260 5261/5261
f 5261/5261 5260/5260 5250/5250
f 5250/5250 5241/5241 5240/5240
f 5240/5240 5241/5241 5133/5133
f 5240/5240 5133/5133 5226/5226
f 8394/8394 8342/8342 8348/8348
f 5124/5124 5121/5121 5162/5162
f 4730/4730 4731/4731 4728/4728
f 841/841 840/840 836/836
f 838/838 843/843 831/831
f 473/473 491/491 492/492
f 8407/8407 8384/8384 8405/8405
f 5352/5352 5351/5351 5360/5360
f 5360/5360 5351/5351 5362/5362
f 2433/2433 2434/2434 2437/2437
f 5362/5362 5363/5363 5365/5365
f 4725/4725 4730/4730 4728/4728
f 4721/4721 4730/4730 4725/4725
f 2438/2438 2446/2446 2435/2435
f 4811/4811 4865/4865 4859/4859
f 4811/4811 4859/4859 4809/4809
f 6064/6064 6062/6062 6068/6068
f 6064/6064 6068/6068 6067/6067
f 830/830 831/831 832/832
f 1002/1002 1049/1049 1048/1048
f 36/36 48/48 49/49
f 477/477 473/473 492/492
f 8384/8384 8394/8394 8402/8402
f 8381/8381 8380/8380 8408/8408
f 8408/8408 8380/8380 8407/8407
f 5121/5121 5161/5161 5162/5162
f 5173/5173 5186/5186 5183/5183
f 5183/5183 5186/5186 5317/5317
f 2439/2439 2442/2442 2434/2434
f 2428/2428 2434/2434 2433/2433
f 2433/2433 2438/2438 2435/2435
f 4809/4809 4807/4807 4808/4808
f 4909/4909 4899/4899 4874/4874
f 885/885 902/902 911/911
f 963/963 962/962 967/967
f 5133/5133 5125/5125 5126/5126
f 8390/8390 8388/8388 8389/8389
f 8789/8789 8788/8788 8837/8837
f 8345/8345 8343/8343 8344/8344
f 2439/2439 2434/2434 2428/2428
f 2428/2428 2433/2433 2427/2427
f 4721/4721 4720/4720 4719/4719
f 427/427 473/473 477/477
f 8403/8403 8405/8405 8402/8402
f 8788/8788 8789/8789 8790/8790
f 5126/5126 5125/5125 5124/5124
f 8840/8840 8837/8837 8841/8841
f 8841/8841 8837/8837 8842/8842
f 2427/2427 2433/2433 2429/2429
f 2429/2429 2433/2433 2435/2435
f 2429/2429 2435/2435 2430/2430
f 2432/2432 2435/2435 2440/2440
f 963/963 930/930 962/962
f 32/32 36/36 49/49
f 8789/8789 8837/8837 8840/8840
f 8841/8841 8842/8842 8846/8846
f 2426/2426 2439/2439 2428/2428
f 4807/4807 4860/4860 4801/4801
f 6066/6066 6064/6064 6067/6067
f 4906/4906 4909/4909 4901/4901
f 832/832 887/887 830/830
f 966/966 967/967 1002/1002
f 1047/1047 1002/1002 1048/1048
f 53/53 170/170 141/141
f 8787/8787 8788/8788 8790/8790
f 8840/8840 8841/8841 8845/8845
f 8845/8845 8841/8841 8846/8846
f 5166/5166 5170/5170 5171/5171
f 4633/4633 4719/4719 4629/4629
f 889/889 902/902 885/885
f 963/963 967/967 966/966
f 81/81 35/35 76/76
f 50/50 53/53 141/141
f 5432/5432 5430/5430 5431/5431
f 5430/5430 5286/5286 5262/5262
f 8403/8403 8399/8399 8398/8398
f 8633/8633 8642/8642 8669/8669
f 8790/8790 8789/8789 8791/8791
f 5124/5124 5162/5162 5164/5164
f 8853/8853 8846/8846 8852/8852
f 5162/5162 5161/5161 5170/5170
f 2417/2417 2428/2428 2427/2427
f 4801/4801 4866/4866 4790/4790
f 6069/6069 6066/6066 6067/6067
f 4871/4871 4901/4901 4909/4909
f 887/887 889/889 885/885
f 1552/1552 1581/1581 1582/1582
f 1553/1553 1551/1551 1552/1552
f 49/49 53/53 50/50
f 5262/5262 5261/5261 5250/5250
f 8785/8785 8787/8787 8790/8790
f 8797/8797 8840/8840 8845/8845
f 2426/2426 2428/2428 2417/2417
f 6089/6089 6087/6087 6086/6086
f 6073/6073 6072/6072 6109/6109
f 6070/6070 6069/6069 6067/6067
f 6961/6961 6962/6962 6964/6964
f 830/830 887/887 885/885
f 35/35 36/36 32/32
f 32/32 49/49 50/50
f 5431/5431 5430/5430 5262/5262
f 5262/5262 5250/5250 5254/5254
f 8411/8411 8403/8403 8412/8412
f 8791/8791 8789/8789 8797/8797
f 8838/8838 8845/8845 8846/8846
f 8838/8838 8846/8846 8843/8843
f 8846/8846 8853/8853 8851/8851
f 5171/5171 5173/5173 5183/5183
f 5365/5365 5368/5368 5367/5367
f 2418/2418 2419/2419 2430/2430
f 2418/2418 2430/2430 2431/2431
f 2418/2418 2431/2431 2422/2422
f 6396/6396 6397/6397 6089/6089
f 6089/6089 6397/6397 6454/6454
f 6082/6082 6080/6080 6081/6081
f 6083/6083 6082/6082 6081/6081
f 6080/6080 6073/6073 6081/6081
f 6081/6081 6073/6073 6109/6109
f 4902/4902 4903/4903 4901/4901
f 931/931 930/930 963/963
f 5433/5433 5432/5432 5431/5431
f 5434/5434 5433/5433 5431/5431
f 5286/5286 5261/5261 5262/5262
f 5254/5254 5250/5250 5240/5240
f 8790/8790 8791/8791 8753/8753
f 8748/8748 8791/8791 8797/8797
f 8748/8748 8797/8797 8793/8793
f 8793/8793 8797/8797 8838/8838
f 8843/8843 8846/8846 8851/8851
f 8851/8851 8857/8857 8858/8858
f 8858/8858 8857/8857 8859/8859
f 5359/5359 5352/5352 5360/5360
f 2417/2417 2427/2427 2419/2419
f 5762/5762 5763/5763 5764/5764
f 4788/4788 4867/4867 4854/4854
f 6398/6398 6397/6397 6396/6396
f 6398/6398 6396/6396 6401/6401
f 966/966 1002/1002 1004/1004
f 8753/8753 8785/8785 8790/8790
f 8791/8791 8748/8748 8753/8753
f 8793/8793 8838/8838 8835/8835
f 836/836 840/840 834/834
f 834/834 840/840 838/838
f 830/830 885/885 884/884
f 8468/8468 8470/8470 8466/8466
f 8466/8466 8470/8470 8476/8476
f 8472/8472 8471/8471 8468/8468
f 8471/8471 8470/8470 8468/8468
f 8482/8482 8491/8491 8486/8486
f 8770/8770 8771/8771 8769/8769
f 8835/8835 8838/8838 8843/8843
f 8843/8843 8851/8851 8850/8850
f 8851/8851 8858/8858 8860/8860
f 6398/6398 6401/6401 6402/6402
f 1004/1004 1002/1002 1047/1047
f 25/25 76/76 35/35
f 35/35 32/32 34/34
f 8477/8477 8476/8476 8482/8482
f 8473/8473 8472/8472 8465/8465
f 8485/8485 8482/8482 8486/8486
f 8652/8652 8685/8685 8674/8674
f 8773/8773 8772/8772 8770/8770
f 5226/5226 5133/5133 5132/5132
f 8764/8764 8785/8785 8753/8753
f 8632/8632 8633/8633 8631/8631
f 8748/8748 8793/8793 8747/8747
f 8843/8843 8850/8850 8844/8844
f 5361/5361 5360/5360 5362/5362
f 5361/5361 5362/5362 5364/5364
f 2417/2417 2419/2419 2413/2413
f 2412/2412 2419/2419 2418/2418
f 4957/4957 4958/4958 4956/4956
f 4854/4854 4908/4908 4910/4910
f 2418/2418 2422/2422 2408/2408
f 5557/5557 5551/5551 5555/5555
f 911/911 930/930 931/931
f 154/154 150/150 14/14
f 8466/8466 8476/8476 8477/8477
f 8465/8465 8472/8472 8468/8468
f 8477/8477 8482/8482 8484/8484
f 8484/8484 8482/8482 8485/8485
f 8478/8478 8479/8479 8473/8473
f 8792/8792 8772/8772 8773/8773
f 5132/5132 5133/5133 5126/5126
f 8753/8753 8748/8748 8745/8745
f 5127/5127 5126/5126 5124/5124
f 8745/8745 8748/8748 8742/8742
f 8742/8742 8748/8748 8747/8747
f 8835/8835 8843/8843 8836/8836
f 8836/8836 8843/8843 8844/8844
f 8850/8850 8851/8851 8860/8860
f 2421/2421 2417/2417 2415/2415
f 2415/2415 2417/2417 2414/2414
f 2414/2414 2417/2417 2413/2413
f 2413/2413 2419/2419 2412/2412
f 2409/2409 2418/2418 2408/2408
f 6427/6427 6425/6425 6426/6426
f 77/77 78/78 76/76
f 25/25 35/35 34/34
f 50/50 141/141 142/142
f 5423/5423 5431/5431 5262/5262
f 8478/8478 8473/8473 8474/8474
f 8474/8474 8473/8473 8465/8465
f 5252/5252 5262/5262 5254/5254
f 8773/8773 8770/8770 8776/8776
f 8770/8770 8769/8769 8768/8768
f 8776/8776 8770/8770 8768/8768
f 8757/8757 8753/8753 8751/8751
f 8753/8753 8745/8745 8751/8751
f 8844/8844 8850/8850 8862/8862
f 8850/8850 8860/8860 8862/8862
f 8870/8870 8860/8860 8858/8858
f 5164/5164 5162/5162 5170/5170
f 5172/5172 5183/5183 5317/5317
f 5364/5364 5365/5365 5366/5366
f 5366/5366 5365/5365 5367/5367
f 4911/4911 4910/4910 4890/4890
f 931/931 963/963 964/964
f 1004/1004 1047/1047 1046/1046
f 475/475 477/477 492/492
f 8465/8465 8468/8468 8466/8466
f 8488/8488 8478/8478 8489/8489
f 8792/8792 8773/8773 8776/8776
f 8769/8769 8764/8764 8768/8768
f 8751/8751 8745/8745 8741/8741
f 8745/8745 8742/8742 8741/8741
f 8742/8742 8747/8747 8746/8746
f 8747/8747 8835/8835 8831/8831
f 8831/8831 8835/8835 8836/8836
f 8848/8848 8836/8836 8844/8844
f 8862/8862 8860/8860 8870/8870
f 5171/5171 5183/5183 5172/5172
f 6735/6735 6762/6762 6733/6733
f 839/839 838/838 831/831
f 831/831 830/830 839/839
f 31/31 32/32 50/50
f 433/433 477/477 475/475
f 5254/5254 5240/5240 5238/5238
f 8777/8777 8776/8776 8768/8768
f 5240/5240 5226/5226 5132/5132
f 8755/8755 8764/8764 8757/8757
f 8755/8755 8757/8757 8751/8751
f 8746/8746 8747/8747 8831/8831
f 8856/8856 8848/8848 8844/8844
f 8856/8856 8844/8844 8862/8862
f 8938/8938 8983/8983 8952/8952
f 5287/5287 5317/5317 5359/5359
f 5382/5382 5361/5361 5364/5364
f 5382/5382 5364/5364 5381/5381
f 834/834 838/838 837/837
f 837/837 838/838 839/839
f 937/937 940/940 935/935
f 14/14 13/13 16/16
f 5435/5435 5434/5434 5431/5431
f 8483/8483 8484/8484 8485/8485
f 8640/8640 8675/8675 8676/8676
f 5238/5238 5240/5240 5132/5132
f 8777/8777 8768/8768 8767/8767
f 8767/8767 8768/8768 8764/8764
f 8755/8755 8751/8751 8752/8752
f 8752/8752 8741/8741 8740/8740
f 8742/8742 8746/8746 8743/8743
f 8746/8746 8831/8831 8825/8825
f 8831/8831 8836/8836 8848/8848
f 5166/5166 5171/5171 5172/5172
f 5172/5172 5317/5317 5287/5287
f 5385/5385 5361/5361 5382/5382
f 2385/2385 2415/2415 2414/2414
f 2412/2412 2409/2409 2398/2398
f 5366/5366 5367/5367 5383/5383
f 2398/2398 2409/2409 2400/2400
f 6764/6764 6731/6731 6760/6760
f 2400/2400 2408/2408 2401/2401
f 885/885 911/911 886/886
f 886/886 911/911 931/931
f 964/964 963/963 966/966
f 77/77 76/76 19/19
f 8465/8465 8466/8466 8467/8467
f 8467/8467 8466/8466 8477/8477
f 8474/8474 8465/8465 8464/8464
f 8483/8483 8477/8477 8484/8484
f 8489/8489 8478/8478 8475/8475
f 8475/8475 8478/8478 8474/8474
f 8780/8780 8792/8792 8776/8776
f 8740/8740 8741/8741 8737/8737
f 8737/8737 8741/8741 8742/8742
f 8737/8737 8742/8742 8743/8743
f 8743/8743 8746/8746 8825/8825
f 8856/8856 8862/8862 8863/8863
f 8868/8868 8870/8870 8871/8871
f 5170/5170 5166/5166 5165/5165
f 5287/5287 5359/5359 5400/5400
f 5784/5784 5782/5782 5781/5781
f 2385/2385 2414/2414 2387/2387
f 2414/2414 2413/2413 2387/2387
f 2387/2387 2413/2413 2389/2389
f 2413/2413 2412/2412 2389/2389
f 2389/2389 2412/2412 2398/2398
f 4607/4607 4612/4612 4709/4709
f 7265/7265 7263/7263 7262/7262
f 7261/7261 7267/7267 7258/7258
f 1583/1583 1563/1563 1582/1582
f 16/16 13/13 77/77
f 8467/8467 8477/8477 8469/8469
f 8469/8469 8477/8477 8480/8480
f 8480/8480 8477/8477 8483/8483
f 5423/5423 5262/5262 5272/5272
f 8475/8475 8474/8474 8464/8464
f 8490/8490 8489/8489 8475/8475
f 8821/8821 8792/8792 8780/8780
f 8780/8780 8776/8776 8778/8778
f 8778/8778 8776/8776 8777/8777
f 8767/8767 8755/8755 8762/8762
f 8756/8756 8755/8755 8752/8752
f 5165/5165 5166/5166 5167/5167
f 6734/6734 6732/6732 6764/6764
f 6734/6734 6764/6764 6737/6737
f 7260/7260 7261/7261 7258/7258
f 6864/6864 6863/6863 6865/6865
f 961/961 931/931 964/964
f 121/121 50/50 142/142
f 8465/8465 8467/8467 8464/8464
f 8778/8778 8777/8777 8767/8767
f 5252/5252 5254/5254 5238/5238
f 8630/8630 8636/8636 8682/8682
f 8737/8737 8743/8743 8744/8744
f 8832/8832 8825/8825 8831/8831
f 8831/8831 8848/8848 8847/8847
f 5384/5384 5400/5400 5385/5385
f 4614/4614 4607/4607 4616/4616
f 7266/7266 7260/7260 7259/7259
f 839/839 830/830 882/882
f 27/27 32/32 31/31
f 5435/5435 5431/5431 5436/5436
f 8821/8821 8780/8780 8781/8781
f 8781/8781 8780/8780 8778/8778
f 8762/8762 8755/8755 8760/8760
f 5132/5132 5126/5126 5128/5128
f 8756/8756 8752/8752 8754/8754
f 8754/8754 8752/8752 8740/8740
f 8739/8739 8740/8740 8737/8737
f 8744/8744 8743/8743 8808/8808
f 8808/8808 8743/8743 8825/8825
f 8847/8847 8848/8848 8856/8856
f 5164/5164 5170/5170 5165/5165
f 5166/5166 5172/5172 5167/5167
f 5167/5167 5172/5172 5182/5182
f 5382/5382 5381/5381 5401/5401
f 2384/2384 2385/2385 2386/2386
f 2385/2385 2387/2387 2386/2386
f 2386/2386 2387/2387 2389/2389
f 6736/6736 6734/6734 6737/6737
f 6487/6487 6941/6941 6771/6771
f 4656/4656 4613/4613 4617/4617
f 6741/6741 6748/6748 6742/6742
f 833/833 836/836 834/834
f 965/965 966/966 1004/1004
f 27/27 34/34 32/32
f 51/51 50/50 121/121
f 5436/5436 5431/5431 5423/5423
f 8481/8481 8475/8475 8448/8448
f 8822/8822 8821/8821 8781/8781
f 5272/5272 5262/5262 5252/5252
f 8778/8778 8767/8767 8774/8774
f 5238/5238 5132/5132 5187/5187
f 8774/8774 8767/8767 8762/8762
f 5128/5128 5126/5126 5127/5127
f 8737/8737 8744/8744 8738/8738
f 8808/8808 8825/8825 8832/8832
f 8832/8832 8831/8831 8847/8847
f 8868/8868 8871/8871 8869/8869
f 5781/5781 5767/5767 5770/5770
f 2386/2386 2389/2389 2390/2390
f 2389/2389 2398/2398 2397/2397
f 2390/2390 2389/2389 2397/2397
f 5396/5396 5381/5381 5366/5366
f 6736/6736 6737/6737 6738/6738
f 4913/4913 4920/4920 4919/4919
f 4656/4656 4617/4617 4655/4655
f 7235/7235 7238/7238 7234/7234
f 16/16 77/77 19/19
f 8464/8464 8467/8467 8442/8442
f 8442/8442 8467/8467 8469/8469
f 8475/8475 8464/8464 8448/8448
f 8487/8487 8480/8480 8483/8483
f 5187/5187 5132/5132 5128/5128
f 8760/8760 8755/8755 8758/8758
f 8758/8758 8755/8755 8756/8756
f 8758/8758 8756/8756 8754/8754
f 8754/8754 8740/8740 8739/8739
f 8738/8738 8744/8744 8749/8749
f 8749/8749 8744/8744 8808/8808
f 8808/8808 8832/8832 8833/8833
f 8833/8833 8832/8832 8847/8847
f 8863/8863 8868/8868 8865/8865
f 8865/8865 8868/8868 8869/8869
f 8881/8881 8869/8869 8882/8882
f 5396/5396 5383/5383 5397/5397
f 4619/4619 4618/4618 4705/4705
f 7282/7282 7286/7286 7285/7285
f 6451/6451 6487/6487 6771/6771
f 6740/6740 6741/6741 6742/6742
f 7278/7278 7235/7235 7245/7245
f 936/936 937/937 935/935
f 23/23 76/76 25/25
f 475/475 492/492 493/493
f 8455/8455 8464/8464 8442/8442
f 8433/8433 8442/8442 8469/8469
f 8448/8448 8464/8464 8454/8454
f 8763/8763 8762/8762 8761/8761
f 8761/8761 8762/8762 8760/8760
f 8754/8754 8739/8739 8736/8736
f 8739/8739 8737/8737 8736/8736
f 5131/5131 5127/5127 5124/5124
f 8736/8736 8737/8737 8738/8738
f 8749/8749 8808/8808 8807/8807
f 8855/8855 8847/8847 8856/8856
f 8855/8855 8856/8856 8863/8863
f 8855/8855 8863/8863 8864/8864
f 5172/5172 5287/5287 5208/5208
f 5287/5287 5400/5400 5344/5344
f 5344/5344 5400/5400 5384/5384
f 5384/5384 5385/5385 5346/5346
f 5346/5346 5385/5385 5382/5382
f 2388/2388 2384/2384 2386/2386
f 2391/2391 2386/2386 2390/2390
f 2399/2399 2393/2393 2397/2397
f 5396/5396 5397/5397 5398/5398
f 6448/6448 6415/6415 6449/6449
f 6415/6415 6448/6448 6436/6436
f 6448/6448 6450/6450 6436/6436
f 6436/6436 6450/6450 6451/6451
f 6436/6436 6451/6451 6771/6771
f 6740/6740 6742/6742 6743/6743
f 964/964 966/966 965/965
f 23/23 19/19 76/76
f 31/31 50/50 29/29
f 5437/5437 5435/5435 5436/5436
f 8454/8454 8464/8464 8455/8455
f 8433/8433 8469/8469 8422/8422
f 8422/8422 8469/8469 8480/8480
f 8460/8460 8481/8481 8459/8459
f 8822/8822 8781/8781 8782/8782
f 8781/8781 8778/8778 8779/8779
f 8782/8782 8781/8781 8779/8779
f 8680/8680 8679/8679 8684/8684
f 8778/8778 8774/8774 8779/8779
f 8761/8761 8760/8760 8758/8758
f 8758/8758 8754/8754 8759/8759
f 8759/8759 8754/8754 8736/8736
f 8736/8736 8738/8738 8750/8750
f 8750/8750 8738/8738 8749/8749
f 8807/8807 8808/8808 8833/8833
f 8849/8849 8833/8833 8847/8847
f 8849/8849 8847/8847 8855/8855
f 8864/8864 8863/8863 8865/8865
f 5163/5163 5164/5164 5165/5165
f 8865/8865 8869/8869 8872/8872
f 8873/8873 8869/8869 8881/8881
f 5182/5182 5172/5172 5208/5208
f 2388/2388 2386/2386 2391/2391
f 2393/2393 2399/2399 2402/2402
f 6462/6462 6460/6460 6463/6463
f 6744/6744 6740/6740 6743/6743
f 7277/7277 7278/7278 7245/7245
f 935/935 836/836 833/833
f 878/878 830/830 884/884
f 878/878 884/884 886/886
f 884/884 885/885 886/886
f 154/154 14/14 21/21
f 21/21 14/14 17/17
f 5437/5437 5436/5436 5438/5438
f 8422/8422 8480/8480 8431/8431
f 8431/8431 8487/8487 8434/8434
f 8779/8779 8774/8774 8775/8775
f 5252/5252 5238/5238 5237/5237
f 5237/5237 5238/5238 5187/5187
f 8750/8750 8749/8749 8801/8801
f 8801/8801 8749/8749 8806/8806
f 8749/8749 8807/8807 8806/8806
f 8807/8807 8833/8833 8827/8827
f 8827/8827 8833/8833 8849/8849
f 8872/8872 8869/8869 8873/8873
f 8873/8873 8881/8881 8883/8883
f 2392/2392 2391/2391 2390/2390
f 4921/4921 4870/4870 4869/4869
f 4837/4837 4870/4870 4921/4921
f 4923/4923 4916/4916 4917/4917
f 6744/6744 6743/6743 6747/6747
f 7277/7277 7245/7245 7224/7224
f 934/934 936/936 935/935
f 8447/8447 8455/8455 8442/8442
f 8447/8447 8454/8454 8455/8455
f 8447/8447 8448/8448 8454/8454
f 8423/8423 8422/8422 8431/8431
f 8765/8765 8759/8759 8736/8736
f 8765/8765 8736/8736 8766/8766
f 8736/8736 8750/8750 8766/8766
f 8766/8766 8750/8750 8801/8801
f 8805/8805 8801/8801 8806/8806
f 8806/8806 8807/8807 8827/8827
f 5131/5131 5124/5124 5164/5164
f 8854/8854 8827/8827 8849/8849
f 8854/8854 8849/8849 8855/8855
f 5163/5163 5165/5165 5168/5168
f 5165/5165 5167/5167 5168/5168
f 5175/5175 5167/5167 5182/5182
f 5275/5275 5287/5287 5344/5344
f 5346/5346 5382/5382 5401/5401
f 2392/2392 2390/2390 2393/2393
f 5402/5402 5381/5381 5396/5396
f 5402/5402 5396/5396 5399/5399
f 2402/2402 2403/2403 2404/2404
f 6462/6462 6463/6463 6464/6464
f 4648/4648 4640/4640 4642/4642
f 835/835 834/834 837/837
f 835/835 837/837 839/839
f 878/878 839/839 882/882
f 882/882 830/830 878/878
f 961/961 964/964 965/965
f 1045/1045 1004/1004 1046/1046
f 27/27 31/31 28/28
f 5436/5436 5423/5423 5424/5424
f 8445/8445 8459/8459 8448/8448
f 5423/5423 5272/5272 5285/5285
f 5424/5424 5423/5423 5285/5285
f 5253/5253 5252/5252 5237/5237
f 8775/8775 8763/8763 8796/8796
f 8761/8761 8758/8758 8784/8784
f 8784/8784 8758/8758 8783/8783
f 8783/8783 8758/8758 8759/8759
f 8783/8783 8759/8759 8765/8765
f 8806/8806 8827/8827 8826/8826
f 8861/8861 8854/8854 8855/8855
f 8855/8855 8864/8864 8875/8875
f 8865/8865 8872/8872 8886/8886
f 8886/8886 8872/8872 8873/8873
f 8873/8873 8883/8883 8886/8886
f 5168/5168 5167/5167 5175/5175
f 2391/2391 2392/2392 2394/2394
f 2392/2392 2393/2393 2395/2395
f 2396/2396 2392/2392 2395/2395
f 4626/4626 4672/4672 4627/4627
f 6662/6662 6664/6664 6670/6670
f 7277/7277 7224/7224 7222/7222
f 833/833 834/834 835/835
f 835/835 839/839 878/878
f 886/886 931/931 932/932
f 932/932 931/931 961/961
f 965/965 1004/1004 1003/1003
f 33/33 25/25 27/27
f 25/25 34/34 27/27
f 51/51 121/121 122/122
f 122/122 121/121 142/142
f 8442/8442 8433/8433 8441/8441
f 8445/8445 8448/8448 8447/8447
f 8445/8445 8447/8447 8442/8442
f 8423/8423 8431/8431 8424/8424
f 8424/8424 8431/8431 8434/8434
f 8460/8460 8459/8459 8445/8445
f 8819/8819 8782/8782 8779/8779
f 5272/5272 5252/5252 5253/5253
f 8819/8819 8779/8779 8812/8812
f 8812/8812 8779/8779 8775/8775
f 8812/8812 8775/8775 8796/8796
f 5187/5187 5128/5128 5130/5130
f 8796/8796 8763/8763 8761/8761
f 8796/8796 8761/8761 8784/8784
f 5128/5128 5127/5127 5129/5129
f 8783/8783 8765/8765 8795/8795
f 5129/5129 5127/5127 5131/5131
f 8795/8795 8765/8765 8794/8794
f 8765/8765 8766/8766 8794/8794
f 8794/8794 8766/8766 8801/8801
f 8794/8794 8801/8801 8805/8805
f 8805/8805 8806/8806 8826/8826
f 8826/8826 8827/8827 8839/8839
f 8827/8827 8854/8854 8839/8839
f 5131/5131 5164/5164 5163/5163
f 5344/5344 5384/5384 5346/5346
f 5402/5402 5401/5401 5381/5381
f 5774/5774 5769/5769 5775/5775
f 5399/5399 5396/5396 5398/5398
f 4627/4627 4672/4672 4649/4649
f 4834/4834 4837/4837 4922/4922
f 7296/7296 7297/7297 7298/7298
f 883/883 878/878 886/886
f 1003/1003 1004/1004 1045/1045
f 157/157 154/154 21/21
f 28/28 31/31 29/29
f 475/475 493/493 476/476
f 5438/5438 5436/5436 5424/5424
f 8433/8433 8422/8422 8421/8421
f 8424/8424 8434/8434 8435/8435
f 5285/5285 5272/5272 5253/5253
f 8812/8812 8796/8796 8800/8800
f 8864/8864 8886/8886 8887/8887
f 2394/2394 2392/2392 2396/2396
f 3065/3065 3068/3068 3063/3063
f 4649/4649 4672/4672 4647/4647
f 4834/4834 4922/4922 4833/4833
f 7288/7288 7280/7280 7219/7219
f 7280/7280 7279/7279 7219/7219
f 5510/5510 5511/5511 5512/5512
f 7221/7221 7254/7254 7222/7222
f 29/29 50/50 51/51
f 8443/8443 8442/8442 8441/8441
f 8441/8441 8433/8433 8421/8421
f 8445/8445 8442/8442 8443/8443
f 8421/8421 8422/8422 8423/8423
f 8463/8463 8460/8460 8458/8458
f 8819/8819 8812/8812 8809/8809
f 8800/8800 8796/8796 8784/8784
f 5130/5130 5128/5128 5129/5129
f 8784/8784 8783/8783 8798/8798
f 8794/8794 8805/8805 8814/8814
f 8811/8811 8794/8794 8814/8814
f 8861/8861 8855/8855 8866/8866
f 8866/8866 8855/8855 8875/8875
f 8727/8727 8726/8726 8728/8728
f 4647/4647 4671/4671 4646/4646
f 4677/4677 4833/4833 4922/4922
f 7221/7221 7222/7222 7216/7216
f 883/883 886/886 903/903
f 913/913 886/886 932/932
f 939/939 936/936 934/934
f 982/982 961/961 965/965
f 8423/8423 8424/8424 8421/8421
f 8446/8446 8445/8445 8443/8443
f 8818/8818 8819/8819 8809/8809
f 5253/5253 5237/5237 5214/5214
f 8809/8809 8812/8812 8800/8800
f 5237/5237 5187/5187 5214/5214
f 5214/5214 5187/5187 5130/5130
f 8803/8803 8783/8783 8795/8795
f 8795/8795 8794/8794 8811/8811
f 8826/8826 8814/8814 8805/8805
f 8814/8814 8826/8826 8834/8834
f 8834/8834 8826/8826 8839/8839
f 8839/8839 8861/8861 8866/8866
f 5182/5182 5208/5208 5200/5200
f 5208/5208 5275/5275 5242/5242
f 5200/5200 5208/5208 5242/5242
f 5275/5275 5344/5344 5294/5294
f 5345/5345 5344/5344 5346/5346
f 5346/5346 5401/5401 5345/5345
f 5345/5345 5401/5401 5402/5402
f 3068/3068 3065/3065 3066/3066
f 5775/5775 5777/5777 5780/5780
f 5402/5402 5399/5399 5408/5408
f 5409/5409 5402/5402 5408/5408
f 2407/2407 2396/2396 2395/2395
f 3061/3061 3058/3058 3051/3051
f 5778/5778 5792/5792 5791/5791
f 5399/5399 5398/5398 5407/5407
f 4646/4646 4671/4671 4674/4674
f 4646/4646 4674/4674 4634/4634
f 4827/4827 4831/4831 4677/4677
f 4677/4677 4831/4831 4833/4833
f 6542/6542 6553/6553 6539/6539
f 6541/6541 6542/6542 6539/6539
f 4636/4636 4637/4637 4641/4641
f 4641/4641 4637/4637 4644/4644
f 6951/6951 6950/6950 6948/6948
f 7213/7213 7220/7220 7252/7252
f 7221/7221 7213/7213 7252/7252
f 7213/7213 7221/7221 7216/7216
f 932/932 961/961 982/982
f 17/17 14/14 16/16
f 18/18 16/16 19/19
f 8443/8443 8441/8441 8440/8440
f 8421/8421 8424/8424 8425/8425
f 8458/8458 8445/8445 8446/8446
f 8425/8425 8424/8424 8435/8435
f 8811/8811 8814/8814 8823/8823
f 8823/8823 8814/8814 8830/8830
f 8814/8814 8834/8834 8830/8830
f 8834/8834 8839/8839 8867/8867
f 8867/8867 8839/8839 8866/8866
f 5169/5169 5131/5131 5163/5163
f 8866/8866 8875/8875 8876/8876
f 8888/8888 8875/8875 8864/8864
f 5175/5175 5182/5182 5200/5200
f 5242/5242 5275/5275 5294/5294
f 5294/5294 5344/5344 5345/5345
f 5345/5345 5402/5402 5409/5409
f 3066/3066 3065/3065 3062/3062
f 3062/3062 3065/3065 3037/3037
f 3037/3037 3065/3065 3063/3063
f 3037/3037 3063/3063 3061/3061
f 3056/3056 3051/3051 3058/3058
f 6540/6540 6543/6543 6541/6541
f 4634/4634 4674/4674 4652/4652
f 4634/4634 4652/4652 4635/4635
f 4858/4858 4831/4831 4827/4827
f 6668/6668 6666/6666 6669/6669
f 4634/4634 4635/4635 4636/4636
f 4636/4636 4635/4635 4637/4637
f 4637/4637 4827/4827 4644/4644
f 3054/3054 3056/3056 3057/3057
f 6539/6539 6553/6553 6535/6535
f 7213/7213 7216/7216 7214/7214
f 5514/5514 5513/5513 5518/5518
f 18/18 19/19 23/23
f 24/24 23/23 25/25
f 24/24 25/25 33/33
f 122/122 142/142 147/147
f 8440/8440 8441/8441 8421/8421
f 8426/8426 8421/8421 8425/8425
f 8457/8457 8458/8458 8446/8446
f 5177/5177 5130/5130 5129/5129
f 8798/8798 8783/8783 8802/8802
f 8802/8802 8783/8783 8803/8803
f 8803/8803 8795/8795 8811/8811
f 8813/8813 8811/8811 8823/8823
f 8867/8867 8866/8866 8876/8876
f 8887/8887 8894/8894 8893/8893
f 3037/3037 3061/3061 3051/3051
f 3035/3035 3056/3056 3054/3054
f 3035/3035 3051/3051 3056/3056
f 4827/4827 4856/4856 4858/4858
f 4635/4635 4638/4638 4637/4637
f 4637/4637 4856/4856 4827/4827
f 6540/6540 6541/6541 6539/6539
f 7212/7212 7213/7213 7214/7214
f 7212/7212 7214/7214 7215/7215
f 7215/7215 7214/7214 7216/7216
f 7251/7251 7226/7226 7228/7228
f 879/879 835/835 878/878
f 1003/1003 1045/1045 1044/1044
f 8809/8809 8800/8800 8799/8799
f 5214/5214 5130/5130 5212/5212
f 5212/5212 5130/5130 5177/5177
f 8799/8799 8800/8800 8784/8784
f 8799/8799 8784/8784 8798/8798
f 8802/8802 8803/8803 8804/8804
f 8803/8803 8811/8811 8813/8813
f 8834/8834 8867/8867 8874/8874
f 8888/8888 8864/8864 8887/8887
f 5169/5169 5163/5163 5168/5168
f 5200/5200 5242/5242 5211/5211
f 5211/5211 5242/5242 5280/5280
f 5280/5280 5242/5242 5294/5294
f 5342/5342 5294/5294 5345/5345
f 5342/5342 5345/5345 5409/5409
f 5792/5792 5793/5793 5805/5805
f 3035/3035 3037/3037 3051/3051
f 5426/5426 5409/5409 5408/5408
f 5794/5794 5806/5806 5809/5809
f 4638/4638 4798/4798 4637/4637
f 4798/4798 4638/4638 4679/4679
f 4798/4798 4856/4856 4637/4637
f 4667/4667 4666/4666 4665/4665
f 6536/6536 6540/6540 6539/6539
f 6536/6536 6539/6539 6535/6535
f 6635/6635 6637/6637 6636/6636
f 6634/6634 6635/6635 6636/6636
f 6532/6532 6635/6635 6634/6634
f 6903/6903 6634/6634 6636/6636
f 935/935 833/833 881/881
f 881/881 833/833 835/835
f 903/903 886/886 913/913
f 947/947 932/932 982/982
f 983/983 982/982 965/965
f 1033/1033 1003/1003 1044/1044
f 5437/5437 5438/5438 5427/5427
f 5427/5427 5438/5438 5424/5424
f 8440/8440 8421/8421 8426/8426
f 8449/8449 8446/8446 8443/8443
f 8427/8427 8425/8425 8432/8432
f 8463/8463 8457/8457 8462/8462
f 8815/8815 8818/8818 8809/8809
f 5249/5249 5253/5253 5214/5214
f 8810/8810 8809/8809 8799/8799
f 8830/8830 8834/8834 8823/8823
f 8823/8823 8834/8834 8874/8874
f 8877/8877 8874/8874 8867/8867
f 8867/8867 8876/8876 8877/8877
f 8876/8876 8875/8875 8885/8885
f 5169/5169 5168/5168 5176/5176
f 5168/5168 5175/5175 5201/5201
f 5175/5175 5200/5200 5211/5211
f 5342/5342 5409/5409 5460/5460
f 3037/3037 3046/3046 3062/3062
f 5460/5460 5409/5409 5461/5461
f 5426/5426 5408/5408 5467/5467
f 3054/3054 3034/3034 3035/3035
f 5809/5809 5806/5806 5812/5812
f 6536/6536 6535/6535 6533/6533
f 7507/7507 7506/7506 7505/7505
f 6535/6535 6534/6534 6533/6533
f 6486/6486 6895/6895 6470/6470
f 6633/6633 6532/6532 6634/6634
f 6917/6917 6633/6633 6634/6634
f 6522/6522 6633/6633 6917/6917
f 6942/6942 6939/6939 6520/6520
f 7495/7495 7496/7496 7497/7497
f 7495/7495 7497/7497 7498/7498
f 983/983 965/965 1003/1003
f 5455/5455 5437/5437 5427/5427
f 8439/8439 8443/8443 8440/8440
f 5284/5284 5424/5424 5285/5285
f 8427/8427 8426/8426 8425/8425
f 5284/5284 5285/5285 5253/5253
f 8450/8450 8446/8446 8449/8449
f 5284/5284 5253/5253 5249/5249
f 5249/5249 5214/5214 5233/5233
f 5233/5233 5214/5214 5212/5212
f 5181/5181 5177/5177 5129/5129
f 8804/8804 8803/8803 8813/8813
f 8884/8884 8877/8877 8876/8876
f 8885/8885 8875/8875 8888/8888
f 9011/9011 9010/9010 9009/9009
f 5176/5176 5168/5168 5201/5201
f 5201/5201 5175/5175 5211/5211
f 5280/5280 5294/5294 5321/5321
f 3046/3046 3037/3037 3036/3036
f 3032/3032 3036/3036 3037/3037
f 5806/5806 5805/5805 5807/5807
f 3034/3034 3032/3032 3035/3035
f 3032/3032 3037/3037 3035/3035
f 5461/5461 5409/5409 5426/5426
f 3033/3033 3034/3034 3054/3054
f 3081/3081 3078/3078 3080/3080
f 4664/4664 4680/4680 4678/4678
f 6631/6631 6595/6595 6503/6503
f 6537/6537 6536/6536 6533/6533
f 6505/6505 6502/6502 6504/6504
f 6505/6505 6504/6504 6592/6592
f 6513/6513 6516/6516 6519/6519
f 6516/6516 6522/6522 6917/6917
f 6519/6519 6516/6516 6917/6917
f 6520/6520 6592/6592 6509/6509
f 6520/6520 6509/6509 6510/6510
f 6518/6518 6513/6513 6519/6519
f 934/934 935/935 881/881
f 1562/1562 1561/1561 1576/1576
f 983/983 1003/1003 1033/1033
f 5427/5427 5424/5424 5284/5284
f 8439/8439 8440/8440 8436/8436
f 8436/8436 8440/8440 8426/8426
f 8815/8815 8809/8809 8810/8810
f 5212/5212 5177/5177 5219/5219
f 5219/5219 5177/5177 5181/5181
f 8697/8697 8596/8596 8694/8694
f 8820/8820 8804/8804 8813/8813
f 8874/8874 8877/8877 8878/8878
f 8878/8878 8877/8877 8884/8884
f 8884/8884 8876/8876 8885/8885
f 8887/8887 8893/8893 8892/8892
f 5201/5201 5211/5211 5248/5248
f 5248/5248 5211/5211 5280/5280
f 5294/5294 5342/5342 5321/5321
f 3033/3033 3032/3032 3034/3034
f 5468/5468 5426/5426 5467/5467
f 5467/5467 5490/5490 5488/5488
f 3078/3078 3077/3077 3076/3076
f 3078/3078 3076/3076 3079/3079
f 3047/3047 3033/3033 3052/3052
f 3078/3078 3079/3079 3080/3080
f 4680/4680 4863/4863 4820/4820
f 4680/4680 4820/4820 4681/4681
f 3053/3053 3047/3047 3052/3052
f 6544/6544 6537/6537 6585/6585
f 4681/4681 4820/4820 4683/4683
f 4683/4683 4820/4820 4818/4818
f 4683/4683 4688/4688 4685/4685
f 6585/6585 6537/6537 6533/6533
f 7504/7504 7508/7508 7505/7505
f 6873/6873 6486/6486 6476/6476
f 6503/6503 6589/6589 6501/6501
f 6486/6486 6470/6470 6474/6474
f 6476/6476 6486/6486 6474/6474
f 6508/6508 6504/6504 6507/6507
f 6514/6514 6521/6521 6516/6516
f 6516/6516 6521/6521 6522/6522
f 6509/6509 6504/6504 6508/6508
f 6507/6507 6588/6588 6508/6508
f 6508/6508 6588/6588 6512/6512
f 6588/6588 6514/6514 6512/6512
f 6512/6512 6514/6514 6513/6513
f 6514/6514 6516/6516 6513/6513
f 6510/6510 6509/6509 6508/6508
f 6510/6510 6508/6508 6511/6511
f 6508/6508 6512/6512 6511/6511
f 6511/6511 6512/6512 6513/6513
f 879/879 878/878 880/880
f 982/982 983/983 984/984
f 983/983 1033/1033 1026/1026
f 1033/1033 1044/1044 1026/1026
f 17/17 16/16 18/18
f 52/52 51/51 122/122
f 509/509 493/493 496/496
f 5428/5428 5455/5455 5427/5427
f 5318/5318 5284/5284 5281/5281
f 5281/5281 5284/5284 5249/5249
f 5281/5281 5249/5249 5233/5233
f 5233/5233 5212/5212 5219/5219
f 5181/5181 5129/5129 5195/5195
f 8820/8820 8802/8802 8804/8804
f 8813/8813 8823/8823 8824/8824
f 5129/5129 5131/5131 5195/5195
f 8590/8590 8686/8686 8712/8712
f 5195/5195 5131/5131 5184/5184
f 5131/5131 5169/5169 5184/5184
f 8977/8977 8978/8978 8976/8976
f 5184/5184 5169/5169 5199/5199
f 5199/5199 5169/5169 5176/5176
f 272/272 353/353 273/273
f 5248/5248 5280/5280 5310/5310
f 5310/5310 5280/5280 5321/5321
f 5321/5321 5342/5342 5343/5343
f 5343/5343 5342/5342 5460/5460
f 5807/5807 5808/5808 5754/5754
f 3031/3031 3036/3036 3032/3032
f 5807/5807 5754/5754 5810/5810
f 5806/5806 5807/5807 5810/5810
f 5806/5806 5810/5810 5811/5811
f 3077/3077 3075/3075 3076/3076
f 4863/4863 4862/4862 4820/4820
f 3055/3055 3047/3047 3053/3053
f 6489/6489 6488/6488 6477/6477
f 6526/6526 6585/6585 6533/6533
f 6507/6507 6506/6506 6588/6588
f 7208/7208 7204/7204 7207/7207
f 7204/7204 7206/7206 7207/7207
f 835/835 879/879 881/881
f 880/880 878/878 883/883
f 913/913 932/932 947/947
f 947/947 982/982 984/984
f 984/984 983/983 985/985
f 176/176 157/157 21/21
f 17/17 18/18 20/20
f 33/33 27/27 26/26
f 26/26 27/27 28/28
f 1026/1026 1044/1044 1058/1058
f 5427/5427 5284/5284 5318/5318
f 8449/8449 8443/8443 8439/8439
f 8815/8815 8810/8810 8816/8816
f 8898/8898 8799/8799 8798/8798
f 5219/5219 5181/5181 5221/5221
f 8694/8694 8693/8693 8697/8697
f 8798/8798 8802/8802 8820/8820
f 8820/8820 8813/8813 8824/8824
f 8824/8824 8823/8823 8874/8874
f 8874/8874 8878/8878 8879/8879
f 5195/5195 5184/5184 5217/5217
f 5217/5217 5184/5184 5218/5218
f 5184/5184 5199/5199 5218/5218
f 5176/5176 5201/5201 5227/5227
f 5227/5227 5201/5201 5248/5248
f 3030/3030 3031/3031 3032/3032
f 1435/1435 1432/1432 1443/1443
f 3033/3033 3030/3030 3032/3032
f 3077/3077 3082/3082 3075/3075
f 3040/3040 3030/3030 3033/3033
f 5468/5468 5467/5467 5488/5488
f 3047/3047 3040/3040 3033/3033
f 6495/6495 6497/6497 6593/6593
f 7313/7313 7316/7316 7314/7314
f 6593/6593 6497/6497 6500/6500
f 7313/7313 7314/7314 7315/7315
f 6527/6527 6585/6585 6526/6526
f 951/951 939/939 934/934
f 985/985 983/983 1026/1026
f 5428/5428 5427/5427 5318/5318
f 8438/8438 8439/8439 8436/8436
f 8461/8461 8462/8462 8457/8457
f 5304/5304 5281/5281 5233/5233
f 5267/5267 5233/5233 5219/5219
f 8810/8810 8799/8799 8898/8898
f 5221/5221 5181/5181 5213/5213
f 5213/5213 5181/5181 5195/5195
f 8592/8592 8699/8699 8703/8703
f 5213/5213 5195/5195 5222/5222
f 8591/8591 8592/8592 8703/8703
f 8824/8824 8874/8874 8879/8879
f 5222/5222 5195/5195 5217/5217
f 8884/8884 8885/8885 8896/8896
f 8885/8885 8888/8888 8891/8891
f 8888/8888 8887/8887 8891/8891
f 8891/8891 8887/8887 8892/8892
f 5199/5199 5176/5176 5227/5227
f 5218/5218 5199/5199 5227/5227
f 410/410 416/416 459/459
f 5404/5404 5248/5248 5310/5310
f 5310/5310 5321/5321 5343/5343
f 5343/5343 5460/5460 5466/5466
f 5466/5466 5460/5460 5461/5461
f 3075/3075 3082/3082 3073/3073
f 3039/3039 3030/3030 3040/3040
f 3075/3075 3073/3073 3074/3074
f 1466/1466 1467/1467 1511/1511
f 3048/3048 3067/3067 3060/3060
f 1466/1466 1511/1511 1521/1521
f 5748/5748 5750/5750 5749/5749
f 5747/5747 5748/5748 5749/5749
f 1468/1468 1521/1521 1523/1523
f 1468/1468 1523/1523 1524/1524
f 5732/5732 5733/5733 5726/5726
f 6489/6489 6491/6491 6490/6490
f 6497/6497 6498/6498 6499/6499
f 6500/6500 6497/6497 6499/6499
f 5732/5732 5726/5726 5728/5728
f 5728/5728 5726/5726 5727/5727
f 5727/5727 5726/5726 5722/5722
f 5722/5722 5726/5726 5725/5725
f 5725/5725 5718/5718 5722/5722
f 5722/5722 5718/5718 5720/5720
f 5718/5718 5719/5719 5720/5720
f 5720/5720 5719/5719 5721/5721
f 5719/5719 5724/5724 5723/5723
f 5721/5721 5719/5719 5723/5723
f 6477/6477 6491/6491 6489/6489
f 6525/6525 6527/6527 6526/6526
f 6913/6913 6778/6778 6484/6484
f 6484/6484 6778/6778 6485/6485
f 5722/5722 5720/5720 5730/5730
f 6485/6485 6778/6778 6479/6479
f 6479/6479 6480/6480 6472/6472
f 5729/5729 5720/5720 5721/5721
f 6472/6472 6478/6478 6475/6475
f 5731/5731 5721/5721 5723/5723
f 920/920 903/903 913/913
f 1562/1562 1576/1576 1584/1584
f 959/959 947/947 984/984
f 176/176 21/21 155/155
f 52/52 122/122 134/134
f 1060/1060 1026/1026 1058/1058
f 5428/5428 5318/5318 5456/5456
f 535/535 507/507 508/508
f 5341/5341 5318/5318 5281/5281
f 8427/8427 8432/8432 8430/8430
f 8461/8461 8457/8457 8456/8456
f 8456/8456 8457/8457 8450/8450
f 8817/8817 8815/8815 8816/8816
f 5305/5305 5304/5304 5233/5233
f 5305/5305 5233/5233 5267/5267
f 8906/8906 8810/8810 8898/8898
f 5267/5267 5219/5219 5221/5221
f 8898/8898 8798/8798 8829/8829
f 8798/8798 8820/8820 8829/8829
f 8829/8829 8820/8820 8828/8828
f 8828/8828 8820/8820 8824/8824
f 5222/5222 5217/5217 5231/5231
f 8900/8900 8885/8885 8891/8891
f 5231/5231 5217/5217 5218/5218
f 5277/5277 5227/5227 5248/5248
f 5347/5347 5248/5248 5404/5404
f 5404/5404 5310/5310 5405/5405
f 5405/5405 5310/5310 5343/5343
f 5466/5466 5461/5461 5469/5469
f 3038/3038 3031/3031 3030/3030
f 5468/5468 5469/5469 5461/5461
f 5810/5810 5756/5756 5755/5755
f 5810/5810 5755/5755 5815/5815
f 3038/3038 3030/3030 3039/3039
f 5810/5810 5815/5815 5816/5816
f 1467/1467 1435/1435 1452/1452
f 3041/3041 3040/3040 3047/3047
f 3048/3048 3041/3041 3047/3047
f 6550/6550 6638/6638 6781/6781
f 3074/3074 3073/3073 3072/3072
f 3072/3072 3073/3073 3045/3045
f 3060/3060 3072/3072 3045/3045
f 6498/6498 6935/6935 6936/6936
f 5740/5740 5742/5742 5741/5741
f 5741/5741 5742/5742 5743/5743
f 5746/5746 5748/5748 5747/5747
f 5739/5739 5740/5740 5741/5741
f 5744/5744 5741/5741 5743/5743
f 5743/5743 5746/5746 5745/5745
f 5744/5744 5743/5743 5745/5745
f 5745/5745 5746/5746 5747/5747
f 7290/7290 7295/7295 7291/7291
f 6528/6528 6530/6530 6529/6529
f 6528/6528 6529/6529 6525/6525
f 934/934 881/881 917/917
f 917/917 881/881 914/914
f 914/914 881/881 879/879
f 883/883 903/903 919/919
f 948/948 947/947 959/959
f 1586/1586 1562/1562 1584/1584
f 1009/1009 985/985 1026/1026
f 1009/1009 1026/1026 1060/1060
f 21/21 17/17 20/20
f 535/535 509/509 580/580
f 5456/5456 5318/5318 5341/5341
f 507/507 535/535 581/581
f 8436/8436 8426/8426 8429/8429
f 8449/8449 8439/8439 8438/8438
f 8426/8426 8427/8427 8428/8428
f 5341/5341 5281/5281 5304/5304
f 8428/8428 8427/8427 8430/8430
f 8816/8816 8810/8810 8906/8906
f 5267/5267 5221/5221 5291/5291
f 8906/8906 8898/8898 8903/8903
f 5291/5291 5221/5221 5270/5270
f 5270/5270 5221/5221 5213/5213
f 8903/8903 8898/8898 8829/8829
f 5213/5213 5222/5222 5270/5270
f 5270/5270 5222/5222 5271/5271
f 8879/8879 8878/8878 8897/8897
f 5271/5271 5222/5222 5231/5231
f 8878/8878 8884/8884 8897/8897
f 8884/8884 8896/8896 8897/8897
f 5271/5271 5231/5231 5273/5273
f 8896/8896 8885/8885 8900/8900
f 8891/8891 8892/8892 8899/8899
f 5273/5273 5231/5231 5218/5218
f 5273/5273 5218/5218 5274/5274
f 5218/5218 5227/5227 5274/5274
f 5274/5274 5227/5227 5277/5277
f 5277/5277 5248/5248 5347/5347
f 416/416 394/394 464/464
f 5343/5343 5466/5466 5470/5470
f 5471/5471 5343/5343 5470/5470
f 5470/5470 5466/5466 5469/5469
f 3083/3083 3085/3085 3084/3084
f 3039/3039 3043/3043 3038/3038
f 5816/5816 5815/5815 5817/5817
f 3041/3041 3039/3039 3040/3040
f 3073/3073 3071/3071 3045/3045
f 3041/3041 3048/3048 3045/3045
f 6638/6638 6550/6550 6549/6549
f 6935/6935 6643/6643 6871/6871
f 952/952 951/951 934/934
f 952/952 934/934 917/917
f 914/914 879/879 915/915
f 915/915 879/879 880/880
f 916/916 880/880 883/883
f 916/916 883/883 919/919
f 919/919 903/903 920/920
f 913/913 947/947 948/948
f 920/920 913/913 948/948
f 948/948 959/959 998/998
f 959/959 984/984 998/998
f 998/998 984/984 1008/1008
f 984/984 985/985 1008/1008
f 1008/1008 985/985 1009/1009
f 155/155 21/21 20/20
f 29/29 51/51 52/52
f 52/52 134/134 136/136
f 136/136 134/134 146/146
f 581/581 535/535 580/580
f 5459/5459 5456/5456 5341/5341
f 507/507 581/581 510/510
f 8426/8426 8428/8428 8429/8429
f 5341/5341 5304/5304 5420/5420
f 8451/8451 8449/8449 8452/8452
f 8451/8451 8456/8456 8450/8450
f 8451/8451 8450/8450 8449/8449
f 8817/8817 8816/8816 8913/8913
f 8913/8913 8816/8816 8906/8906
f 5305/5305 5267/5267 5291/5291
f 8880/8880 8828/8828 8824/8824
f 8880/8880 8824/8824 8889/8889
f 8889/8889 8824/8824 8879/8879
f 8895/8895 8879/8879 8897/8897
f 8897/8897 8896/8896 8901/8901
f 8901/8901 8896/8896 8900/8900
f 8943/8943 8928/8928 8926/8926
f 5471/5471 5405/5405 5343/5343
f 1508/1508 1517/1517 1509/1509
f 3044/3044 3043/3043 3039/3039
f 3042/3042 3044/3044 3039/3039
f 6640/6640 6639/6639 6556/6556
f 3041/3041 3042/3042 3039/3039
f 6556/6556 6639/6639 6638/6638
f 7440/7440 7441/7441 7442/7442
f 915/915 880/880 916/916
f 98/98 20/20 18/18
f 98/98 18/18 22/22
f 18/18 23/23 22/22
f 22/22 23/23 24/24
f 581/581 580/580 593/593
f 5474/5474 5456/5456 5462/5462
f 5462/5462 5456/5456 5459/5459
f 5459/5459 5341/5341 5420/5420
f 8453/8453 8449/8449 8438/8438
f 8452/8452 8449/8449 8453/8453
f 8580/8580 8582/8582 8579/8579
f 393/393 460/460 520/520
f 8922/8922 8913/8913 8906/8906
f 5291/5291 5270/5270 5316/5316
f 5316/5316 5270/5270 5311/5311
f 8829/8829 8828/8828 8890/8890
f 8890/8890 8828/8828 8880/8880
f 5271/5271 5311/5311 5270/5270
f 5311/5311 5271/5271 5315/5315
f 8889/8889 8879/8879 8895/8895
f 5315/5315 5271/5271 5314/5314
f 5314/5314 5271/5271 5273/5273
f 8909/8909 8900/8900 8891/8891
f 8939/8939 8982/8982 8980/8980
f 5314/5314 5273/5273 5274/5274
f 5314/5314 5274/5274 5313/5313
f 5313/5313 5274/5274 5312/5312
f 5274/5274 5277/5277 5312/5312
f 5312/5312 5277/5277 5337/5337
f 5337/5337 5277/5277 5347/5347
f 3044/3044 3049/3049 3043/3043
f 3084/3084 3086/3086 3050/3050
f 3083/3083 3084/3084 3050/3050
f 3083/3083 3050/3050 3042/3042
f 3044/3044 3042/3042 3049/3049
f 3071/3071 3083/3083 3042/3042
f 952/952 917/917 958/958
f 958/958 917/917 914/914
f 958/958 914/914 957/957
f 957/957 914/914 915/915
f 957/957 915/915 954/954
f 915/915 916/916 954/954
f 954/954 916/916 953/953
f 953/953 916/916 919/919
f 919/919 920/920 953/953
f 998/998 1008/1008 1011/1011
f 1599/1599 1602/1602 1605/1605
f 100/100 20/20 98/98
f 96/96 24/24 33/33
f 136/136 146/146 156/156
f 1009/1009 1060/1060 1061/1061
f 5462/5462 5459/5459 5472/5472
f 5459/5459 5420/5420 5472/5472
f 8437/8437 8438/8438 8436/8436
f 510/510 581/581 520/520
f 8453/8453 8438/8438 8437/8437
f 8581/8581 8580/8580 8573/8573
f 5420/5420 5304/5304 5419/5419
f 8573/8573 8580/8580 8579/8579
f 5419/5419 5304/5304 5305/5305
f 8573/8573 8579/8579 8578/8578
f 8702/8702 8698/8698 8730/8730
f 8706/8706 8702/8702 8730/8730
f 8920/8920 8922/8922 8906/8906
f 8920/8920 8906/8906 8912/8912
f 8903/8903 8912/8912 8906/8906
f 8595/8595 8705/8705 8704/8704
f 8903/8903 8829/8829 8890/8890
f 8710/8710 8703/8703 8704/8704
f 8716/8716 8714/8714 8715/8715
f 8514/8514 8522/8522 8523/8523
f 8909/8909 8891/8891 8899/8899
f 8552/8552 8553/8553 8535/8535
f 8552/8552 8535/8535 8538/8538
f 8538/8538 8535/8535 8537/8537
f 5412/5412 5404/5404 5405/5405
f 5470/5470 5469/5469 5495/5495
f 3042/3042 3050/3050 3049/3049
f 7445/7445 7446/7446 7444/7444
f 1037/1037 952/952 958/958
f 1017/1017 957/957 954/954
f 954/954 953/953 1018/1018
f 920/920 948/948 1005/1005
f 1604/1604 1601/1601 1612/1612
f 948/948 998/998 1005/1005
f 1005/1005 998/998 1011/1011
f 1602/1602 1601/1601 1604/1604
f 1011/1011 1008/1008 1010/1010
f 1010/1010 1008/1008 1009/1009
f 30/30 52/52 136/136
f 30/30 136/136 137/137
f 137/137 136/136 156/156
f 156/156 146/146 162/162
f 1016/1016 1009/1009 1061/1061
f 5474/5474 5462/5462 5472/5472
f 520/520 581/581 586/586
f 8437/8437 8436/8436 8429/8429
f 8437/8437 8429/8429 8444/8444
f 8451/8451 8452/8452 8453/8453
f 8567/8567 8559/8559 8557/8557
f 444/444 393/393 471/471
f 8569/8569 8567/8567 8557/8557
f 8920/8920 8912/8912 8921/8921
f 8890/8890 8880/8880 8904/8904
f 8880/8880 8889/8889 8904/8904
f 8904/8904 8889/8889 8895/8895
f 8895/8895 8897/8897 8902/8902
f 8901/8901 8900/8900 8909/8909
f 8553/8553 8550/8550 8535/8535
f 8514/8514 8513/8513 8522/8522
f 8535/8535 8536/8536 8537/8537
f 8515/8515 8514/8514 8521/8521
f 5337/5337 5347/5347 5406/5406
f 5347/5347 5404/5404 5412/5412
f 558/558 578/578 577/577
f 5412/5412 5405/5405 5481/5481
f 5481/5481 5405/5405 5479/5479
f 5405/5405 5471/5471 5479/5479
f 5471/5471 5470/5470 5478/5478
f 5470/5470 5495/5495 5478/5478
f 958/958 957/957 1017/1017
f 1017/1017 954/954 1018/1018
f 1018/1018 953/953 1012/1012
f 1012/1012 953/953 920/920
f 1012/1012 920/920 1005/1005
f 22/22 24/24 96/96
f 96/96 33/33 26/26
f 28/28 29/29 26/26
f 29/29 52/52 30/30
f 1010/1010 1009/1009 1016/1016
f 8564/8564 8581/8581 8565/8565
f 8565/8565 8581/8581 8573/8573
f 8558/8558 8559/8559 8560/8560
f 8557/8557 8559/8559 8558/8558
f 8574/8574 8573/8573 8578/8578
f 8921/8921 8922/8922 8920/8920
f 478/478 444/444 479/479
f 8911/8911 8912/8912 8903/8903
f 8905/8905 8903/8903 8890/8890
f 8904/8904 8895/8895 8902/8902
f 447/447 478/478 513/513
f 8907/8907 8897/8897 8901/8901
f 447/447 513/513 511/511
f 8910/8910 8901/8901 8909/8909
f 8513/8513 8511/8511 8522/8522
f 8550/8550 8534/8534 8535/8535
f 8536/8536 8535/8535 8529/8529
f 8515/8515 8512/8512 8514/8514
f 8512/8512 8513/8513 8514/8514
f 8536/8536 8529/8529 8527/8527
f 8527/8527 8529/8529 8526/8526
f 8519/8519 8515/8515 8521/8521
f 390/390 511/511 512/512
f 5406/5406 5347/5347 5412/5412
f 6570/6570 6564/6564 6571/6571
f 1037/1037 958/958 1036/1036
f 958/958 1017/1017 1027/1027
f 1027/1027 1017/1017 1028/1028
f 1029/1029 1017/1017 1018/1018
f 1035/1035 1018/1018 1012/1012
f 1012/1012 1005/1005 1025/1025
f 1025/1025 1005/1005 1011/1011
f 99/99 100/100 98/98
f 98/98 22/22 97/97
f 22/22 96/96 97/97
f 30/30 26/26 29/29
f 1606/1606 1605/1605 1611/1611
f 593/593 595/595 592/592
f 5485/5485 5474/5474 5472/5472
f 586/586 581/581 587/587
f 5473/5473 5472/5472 5420/5420
f 5473/5473 5420/5420 5419/5419
f 8560/8560 8563/8563 8561/8561
f 8561/8561 8563/8563 8564/8564
f 8561/8561 8564/8564 8565/8565
f 5418/5418 5419/5419 5305/5305
f 8572/8572 8565/8565 8573/8573
f 8572/8572 8573/8573 8574/8574
f 5418/5418 5305/5305 5291/5291
f 8571/8571 8569/8569 8557/8557
f 8912/8912 8919/8919 8921/8921
f 8705/8705 8709/8709 8704/8704
f 8905/8905 8890/8890 8904/8904
f 5411/5411 5311/5311 5315/5315
f 8914/8914 8907/8907 8910/8910
f 5315/5315 5314/5314 5416/5416
f 8535/8535 8534/8534 8529/8529
f 8527/8527 8516/8516 8519/8519
f 8519/8519 8516/8516 8515/8515
f 5314/5314 5313/5313 5415/5415
f 512/512 511/511 552/552
f 5415/5415 5313/5313 5414/5414
f 5313/5313 5312/5312 5414/5414
f 5471/5471 5480/5480 5479/5479
f 4121/4121 4146/4146 4110/4110
f 958/958 1027/1027 1036/1036
f 1028/1028 1017/1017 1029/1029
f 1029/1029 1018/1018 1035/1035
f 1604/1604 1612/1612 1620/1620
f 1604/1604 1620/1620 1617/1617
f 99/99 98/98 97/97
f 97/97 96/96 114/114
f 114/114 96/96 26/26
f 137/137 156/156 162/162
f 1611/1611 1605/1605 1619/1619
f 4136/4136 4140/4140 4139/4139
f 595/595 599/599 592/592
f 5491/5491 5485/5485 5472/5472
f 5491/5491 5472/5472 5492/5492
f 8558/8558 8560/8560 8561/8561
f 8566/8566 8565/8565 8572/8572
f 5418/5418 5291/5291 5417/5417
f 8571/8571 8557/8557 8556/8556
f 8556/8556 8557/8557 8555/8555
f 5417/5417 5291/5291 5411/5411
f 5411/5411 5291/5291 5316/5316
f 8919/8919 8912/8912 8911/8911
f 5411/5411 5316/5316 5311/5311
f 8911/8911 8903/8903 8905/8905
f 5416/5416 5411/5411 5315/5315
f 8902/8902 8897/8897 8908/8908
f 8908/8908 8897/8897 8907/8907
f 8915/8915 8907/8907 8914/8914
f 8529/8529 8534/8534 8530/8530
f 8527/8527 8526/8526 8516/8516
f 5415/5415 5416/5416 5314/5314
f 3992/3992 3989/3989 3991/3991
f 5312/5312 5337/5337 5406/5406
f 5414/5414 5312/5312 5406/5406
f 5413/5413 5406/5406 5412/5412
f 5486/5486 5479/5479 5480/5480
f 3965/3965 3968/3968 3969/3969
f 3967/3967 3968/3968 3965/3965
f 3703/3703 3697/3697 3920/3920
f 128/128 100/100 99/99
f 114/114 26/26 131/131
f 26/26 30/30 131/131
f 30/30 137/137 138/138
f 131/131 30/30 138/138
f 4136/4136 4141/4141 4142/4142
f 4132/4132 4141/4141 4136/4136
f 138/138 137/137 162/162
f 4136/4136 4142/4142 4140/4140
f 138/138 162/162 175/175
f 4136/4136 4139/4139 4135/4135
f 8562/8562 8561/8561 8565/8565
f 8562/8562 8558/8558 8561/8561
f 8562/8562 8565/8565 8566/8566
f 5475/5475 5419/5419 5418/5418
f 8557/8557 8558/8558 8554/8554
f 8575/8575 8572/8572 8574/8574
f 8555/8555 8557/8557 8554/8554
f 8575/8575 8574/8574 8576/8576
f 8707/8707 8735/8735 8734/8734
f 8919/8919 8911/8911 8918/8918
f 8905/8905 8904/8904 8911/8911
f 8904/8904 8902/8902 8908/8908
f 8908/8908 8907/8907 8915/8915
f 8551/8551 8548/8548 8540/8540
f 8551/8551 8540/8540 8534/8534
f 8509/8509 8512/8512 8517/8517
f 8526/8526 8518/8518 8516/8516
f 5412/5412 5481/5481 5477/5477
f 3485/3485 3480/3480 3479/3479
f 5486/5486 5487/5487 5479/5479
f 3697/3697 3701/3701 3920/3920
f 3925/3925 3920/3920 3924/3924
f 6567/6567 6565/6565 6566/6566
f 4121/4121 4110/4110 4108/4108
f 4110/4110 4111/4111 4109/4109
f 4103/4103 4114/4114 4112/4112
f 4112/4112 4113/4113 4102/4102
f 4103/4103 4112/4112 4102/4102
f 4102/4102 4113/4113 4104/4104
f 4113/4113 4115/4115 4104/4104
f 4104/4104 4115/4115 4132/4132
f 4123/4123 4121/4121 4120/4120
f 169/169 128/128 129/129
f 129/129 128/128 99/99
f 129/129 99/99 132/132
f 99/99 97/97 132/132
f 132/132 97/97 133/133
f 97/97 114/114 133/133
f 133/133 114/114 144/144
f 144/144 114/114 145/145
f 114/114 131/131 145/145
f 145/145 131/131 138/138
f 4145/4145 4123/4123 4129/4129
f 138/138 175/175 178/178
f 178/178 175/175 179/179
f 4137/4137 4135/4135 4139/4139
f 5473/5473 5419/5419 5475/5475
f 3993/3993 3994/3994 3985/3985
f 5421/5421 5417/5417 5411/5411
f 8575/8575 8576/8576 8577/8577
f 8577/8577 8576/8576 8494/8494
f 8908/8908 8911/8911 8904/8904
f 5421/5421 5411/5411 5416/5416
f 5422/5422 5421/5421 5416/5416
f 5415/5415 5422/5422 5416/5416
f 4148/4148 4152/4152 4154/4154
f 8540/8540 8533/8533 8534/8534
f 8509/8509 8510/8510 8511/8511
f 8533/8533 8530/8530 8534/8534
f 8509/8509 8511/8511 8512/8512
f 8530/8530 8525/8525 8529/8529
f 8529/8529 8525/8525 8526/8526
f 8516/8516 8518/8518 8517/8517
f 8516/8516 8517/8517 8512/8512
f 3989/3989 3979/3979 3990/3990
f 3989/3989 3990/3990 3991/3991
f 5487/5487 5481/5481 5479/5479
f 3702/3702 3701/3701 3699/3699
f 3696/3696 3694/3694 3695/3695
f 3701/3701 3702/3702 3914/3914
f 3920/3920 3701/3701 3914/3914
f 4120/4120 4121/4121 4108/4108
f 4108/4108 4110/4110 4109/4109
f 4104/4104 4132/4132 4131/4131
f 169/169 129/129 167/167
f 167/167 129/129 132/132
f 167/167 132/132 171/171
f 171/171 132/132 168/168
f 168/168 132/132 133/133
f 168/168 133/133 144/144
f 145/145 138/138 186/186
f 186/186 138/138 185/185
f 4131/4131 4132/4132 4136/4136
f 185/185 138/138 178/178
f 178/178 179/179 184/184
f 184/184 179/179 220/220
f 4134/4134 4135/4135 4137/4137
f 5493/5493 5492/5492 5472/5472
f 5476/5476 5472/5472 5473/5473
f 5493/5493 5472/5472 5476/5476
f 3985/3985 3994/3994 3983/3983
f 4159/4159 4160/4160 4156/4156
f 4156/4156 4160/4160 4157/4157
f 8568/8568 8562/8562 8566/8566
f 8568/8568 8558/8558 8562/8562
f 8570/8570 8566/8566 8572/8572
f 8554/8554 8558/8558 8568/8568
f 8707/8707 8734/8734 8708/8708
f 8546/8546 8556/8556 8555/8555
f 8546/8546 8555/8555 8543/8543
f 4153/4153 4152/4152 4147/4147
f 8918/8918 8911/8911 8917/8917
f 8709/8709 8708/8708 8711/8711
f 8917/8917 8911/8911 8908/8908
f 8917/8917 8908/8908 8916/8916
f 8509/8509 8507/8507 8510/8510
f 8548/8548 8533/8533 8540/8540
f 8533/8533 8531/8531 8530/8530
f 8530/8530 8531/8531 8525/8525
f 8526/8526 8525/8525 8518/8518
f 4149/4149 4148/4148 4154/4154
f 4149/4149 4154/4154 4155/4155
f 4149/4149 4155/4155 4151/4151
f 4008/4008 3991/3991 4007/4007
f 5483/5483 5406/5406 5413/5413
f 3965/3965 3966/3966 3967/3967
f 3964/3964 3966/3966 3965/3965
f 2598/2598 2610/2610 2604/2604
f 3696/3696 3695/3695 3698/3698
f 3702/3702 3706/3706 3912/3912
f 3914/3914 3702/3702 3912/3912
f 3965/3965 3962/3962 3961/3961
f 3914/3914 3912/3912 3915/3915
f 3914/3914 3915/3915 3917/3917
f 4108/4108 4109/4109 4107/4107
f 4107/4107 4109/4109 4103/4103
f 4109/4109 4111/4111 4103/4103
f 4111/4111 4114/4114 4103/4103
f 4181/4181 4187/4187 4180/4180
f 4180/4180 4187/4187 4179/4179
f 196/196 144/144 145/145
f 196/196 145/145 186/186
f 185/185 178/178 193/193
f 194/194 185/185 193/193
f 4129/4129 4123/4123 4124/4124
f 178/178 184/184 188/188
f 4131/4131 4136/4136 4135/4135
f 4127/4127 4129/4129 4124/4124
f 4134/4134 4137/4137 4138/4138
f 5476/5476 5473/5473 5475/5475
f 4156/4156 4157/4157 4153/4153
f 4156/4156 4153/4153 4147/4147
f 8568/8568 8566/8566 8570/8570
f 3985/3985 3983/3983 3980/3980
f 8555/8555 8554/8554 8543/8543
f 8493/8493 8575/8575 8577/8577
f 8493/8493 8577/8577 8494/8494
f 8549/8549 8546/8546 8545/8545
f 8547/8547 8549/8549 8545/8545
f 8711/8711 8732/8732 8731/8731
f 8498/8498 8497/8497 8506/8506
f 8711/8711 8731/8731 8729/8729
f 8499/8499 8498/8498 8507/8507
f 8548/8548 8532/8532 8533/8533
f 8533/8533 8532/8532 8531/8531
f 8508/8508 8499/8499 8509/8509
f 8509/8509 8499/8499 8507/8507
f 3979/3979 3984/3984 3980/3980
f 8517/8517 8508/8508 8509/8509
f 8520/8520 8508/8508 8517/8517
f 8525/8525 8520/8520 8518/8518
f 8518/8518 8520/8520 8517/8517
f 4155/4155 4162/4162 4161/4161
f 5482/5482 5477/5477 5481/5481
f 3971/3971 3966/3966 3970/3970
f 3707/3707 3706/3706 3705/3705
f 3706/3706 3707/3707 3725/3725
f 3706/3706 3725/3725 3916/3916
f 2745/2745 2753/2753 2750/2750
f 3912/3912 3706/3706 3916/3916
f 3912/3912 3916/3916 3915/3915
f 3917/3917 3915/3915 3918/3918
f 3940/3940 3941/3941 3942/3942
f 4120/4120 4108/4108 4116/4116
f 4101/4101 4102/4102 4104/4104
f 4183/4183 4178/4178 4173/4173
f 4173/4173 4178/4178 4177/4177
f 4174/4174 4177/4177 4181/4181
f 4181/4181 4180/4180 4170/4170
f 4180/4180 4179/4179 4169/4169
f 4169/4169 4179/4179 4175/4175
f 186/186 185/185 194/194
f 4123/4123 4120/4120 4116/4116
f 4182/4182 4183/4183 4173/4173
f 194/194 193/193 192/192
f 4185/4185 4183/4183 4182/4182
f 193/193 178/178 188/188
f 4123/4123 4116/4116 4124/4124
f 4127/4127 4124/4124 4126/4126
f 188/188 184/184 189/189
f 588/588 587/587 589/589
f 3994/3994 3982/3982 3983/3983
f 8570/8570 8572/8572 8493/8493
f 8493/8493 8572/8572 8575/8575
f 8543/8543 8554/8554 8541/8541
f 8545/8545 8543/8543 8542/8542
f 4152/4152 4148/4148 4147/4147
f 8547/8547 8545/8545 8542/8542
f 8547/8547 8542/8542 8532/8532
f 3979/3979 3980/3980 3981/3981
f 8520/8520 8503/8503 8508/8508
f 4086/4086 4148/4148 4149/4149
f 4087/4087 4149/4149 4150/4150
f 3990/3990 3979/3979 3995/3995
f 4150/4150 4149/4149 4151/4151
f 4151/4151 4155/4155 4161/4161
f 5483/5483 5413/5413 5477/5477
f 3480/3480 3484/3484 3483/3483
f 3707/3707 3709/3709 3725/3725
f 3777/3777 3775/3775 3766/3766
f 3916/3916 3919/3919 3915/3915
f 3915/3915 3919/3919 3922/3922
f 3915/3915 3922/3922 3918/3918
f 3918/3918 3922/3922 3933/3933
f 3945/3945 3960/3960 3947/3947
f 3947/3947 3960/3960 3962/3962
f 4116/4116 4108/4108 4107/4107
f 4107/4107 4103/4103 4099/4099
f 4099/4099 4103/4103 4100/4100
f 4100/4100 4103/4103 4102/4102
f 4102/4102 4101/4101 4100/4100
f 4101/4101 4104/4104 4131/4131
f 4173/4173 4177/4177 4172/4172
f 4172/4172 4177/4177 4174/4174
f 4174/4174 4181/4181 4170/4170
f 4168/4168 4175/4175 4176/4176
f 193/193 188/188 192/192
f 4125/4125 4124/4124 4116/4116
f 192/192 188/188 190/190
f 190/190 188/188 189/189
f 4126/4126 4124/4124 4125/4125
f 4131/4131 4135/4135 4134/4134
f 4134/4134 4138/4138 4143/4143
f 591/591 590/590 592/592
f 5494/5494 5493/5493 5476/5476
f 4144/4144 4158/4158 4097/4097
f 8541/8541 8554/8554 8568/8568
f 8501/8501 8570/8570 8493/8493
f 8492/8492 8493/8493 8494/8494
f 8543/8543 8541/8541 8528/8528
f 8542/8542 8543/8543 8528/8528
f 8492/8492 8494/8494 8495/8495
f 8495/8495 8494/8494 8497/8497
f 8498/8498 8495/8495 8497/8497
f 8499/8499 8495/8495 8498/8498
f 8531/8531 8532/8532 8528/8528
f 3980/3980 3978/3978 3981/3981
f 8525/8525 8528/8528 8503/8503
f 8525/8525 8503/8503 8520/8520
f 3979/3979 3981/3981 3995/3995
f 3991/3991 3995/3995 3997/3997
f 4007/4007 3991/3991 3997/3997
f 3709/3709 3724/3724 3725/3725
f 3725/3725 3724/3724 3919/3919
f 3700/3700 3719/3719 3704/3704
f 3963/3963 3964/3964 3961/3961
f 3746/3746 3742/3742 3738/3738
f 3738/3738 3737/3737 3736/3736
f 3728/3728 3736/3736 3734/3734
f 3728/3728 3734/3734 3727/3727
f 3727/3727 3733/3733 3721/3721
f 4180/4180 4169/4169 4170/4170
f 4105/4105 4107/4107 4099/4099
f 4130/4130 4101/4101 4131/4131
f 4182/4182 4173/4173 4001/4001
f 4184/4184 4182/4182 4001/4001
f 208/208 192/192 190/190
f 4125/4125 4116/4116 4118/4118
f 4130/4130 4131/4131 4133/4133
f 4133/4133 4131/4131 4134/4134
f 4119/4119 4126/4126 4125/4125
f 596/596 592/592 597/597
f 4143/4143 4138/4138 4144/4144
f 4097/4097 4158/4158 4090/4090
f 4090/4090 4158/4158 4159/4159
f 4090/4090 4159/4159 4156/4156
f 4147/4147 4090/4090 4156/4156
f 8504/8504 8568/8568 8570/8570
f 8541/8541 8568/8568 8544/8544
f 8544/8544 8568/8568 8504/8504
f 8504/8504 8570/8570 8501/8501
f 8492/8492 8501/8501 8493/8493
f 8541/8541 8544/8544 8505/8505
f 4089/4089 4147/4147 4148/4148
f 8496/8496 8492/8492 8495/8495
f 8528/8528 8541/8541 8505/8505
f 8528/8528 8505/8505 8539/8539
f 8500/8500 8496/8496 8495/8495
f 8500/8500 8495/8495 8499/8499
f 8500/8500 8499/8499 8508/8508
f 8528/8528 8539/8539 8503/8503
f 8503/8503 8500/8500 8508/8508
f 4086/4086 4089/4089 4148/4148
f 4087/4087 4086/4086 4149/4149
f 4081/4081 4150/4150 4151/4151
f 3724/3724 3723/3723 4006/4006
f 3775/3775 3769/3769 3766/3766
f 3766/3766 3769/3769 3745/3745
f 3735/3735 3732/3732 3727/3727
f 3727/3727 3732/3732 3733/3733
f 3733/3733 3732/3732 3721/3721
f 3721/3721 3720/3720 3700/3700
f 3744/3744 3745/3745 3746/3746
f 3738/3738 3742/3742 3737/3737
f 3959/3959 3963/3963 3961/3961
f 3933/3933 3943/3943 3941/3941
f 3941/3941 3943/3943 3942/3942
f 3945/3945 3959/3959 3960/3960
f 4170/4170 4169/4169 4166/4166
f 4166/4166 4169/4169 4165/4165
f 4165/4165 4169/4169 4175/4175
f 4165/4165 4175/4175 4168/4168
f 4118/4118 4116/4116 4117/4117
f 4117/4117 4116/4116 4107/4107
f 4117/4117 4107/4107 4106/4106
f 4106/4106 4107/4107 4105/4105
f 4172/4172 4174/4174 4171/4171
f 4174/4174 4170/4170 4171/4171
f 4171/4171 4170/4170 4003/4003
f 194/194 192/192 208/208
f 190/190 189/189 191/191
f 4125/4125 4118/4118 4119/4119
f 4143/4143 4133/4133 4134/4134
f 591/591 592/592 596/596
f 4089/4089 4090/4090 4147/4147
f 3980/3980 3983/3983 3982/3982
f 8501/8501 8492/8492 8496/8496
f 8505/8505 8544/8544 8504/8504
f 8504/8504 8501/8501 8496/8496
f 8505/8505 8504/8504 8502/8502
f 8502/8502 8504/8504 8496/8496
f 8539/8539 8505/8505 8503/8503
f 8505/8505 8502/8502 8503/8503
f 8503/8503 8502/8502 8500/8500
f 4087/4087 4150/4150 4081/4081
f 4081/4081 4151/4151 4083/4083
f 3995/3995 3996/3996 3997/3997
f 4083/4083 4151/4151 4161/4161
f 4010/4010 4007/4007 3997/3997
f 5484/5484 5483/5483 5482/5482
f 3975/3975 4012/4012 3971/3971
f 3708/3708 3710/3710 3709/3709
f 3971/3971 3970/3970 3963/3963
f 3964/3964 3963/3963 3970/3970
f 3769/3769 3770/3770 3745/3745
f 3743/3743 3741/3741 3742/3742
f 3741/3741 3739/3739 3742/3742
f 3742/3742 3739/3739 3737/3737
f 3734/3734 3739/3739 3740/3740
f 3734/3734 3740/3740 3735/3735
f 3922/3922 3998/3998 3952/3952
f 3922/3922 3952/3952 3933/3933
f 3943/3943 3944/3944 3942/3942
f 4001/4001 4173/4173 4172/4172
f 4003/4003 4170/4170 4004/4004
f 4004/4004 4170/4170 4166/4166
f 4168/4168 4176/4176 4164/4164
f 4164/4164 4176/4176 4186/4186
f 213/213 208/208 190/190
f 3999/3999 4182/4182 4184/4184
f 4119/4119 4118/4118 4117/4117
f 4185/4185 4182/4182 3999/3999
f 190/190 191/191 195/195
f 4094/4094 4143/4143 4144/4144
f 4094/4094 4144/4144 4097/4097
f 4094/4094 4097/4097 4093/4093
f 4093/4093 4097/4097 4090/4090
f 4083/4083 4161/4161 4013/4013
f 3975/3975 4013/4013 4012/4012
f 3711/3711 3722/3722 3723/3723
f 3709/3709 3710/3710 3711/3711
f 4015/4015 3723/3723 4022/4022
f 3963/3963 3974/3974 3971/3971
f 3481/3481 3480/3480 3482/3482
f 3769/3769 3772/3772 3770/3770
f 3710/3710 3708/3708 3719/3719
f 3716/3716 3710/3710 3719/3719
f 3933/3933 3951/3951 3943/3943
f 4100/4100 4101/4101 4096/4096
f 4001/4001 4172/4172 4000/4000
f 4000/4000 4172/4172 4002/4002
f 4002/4002 4172/4172 4171/4171
f 4171/4171 4003/4003 4002/4002
f 213/213 190/190 212/212
f 3999/3999 4184/4184 3939/3939
f 4119/4119 4117/4117 4122/4122
f 591/591 594/594 589/589
f 4088/4088 4090/4090 4089/4089
f 4088/4088 4089/4089 4086/4086
f 4080/4080 4086/4086 4087/4087
f 4087/4087 4081/4081 4080/4080
f 3770/3770 3772/3772 3747/3747
f 3720/3720 3716/3716 3719/3719
f 3747/3747 3748/3748 3745/3745
f 3743/3743 3748/3748 3755/3755
f 3743/3743 3755/3755 3741/3741
f 3741/3741 3755/3755 3753/3753
f 3739/3739 3753/3753 3749/3749
f 3735/3735 3752/3752 3732/3732
f 3732/3732 3752/3752 3720/3720
f 3745/3745 3748/3748 3743/3743
f 3739/3739 3741/3741 3753/3753
f 3740/3740 3750/3750 3735/3735
f 3959/3959 3949/3949 3963/3963
f 3952/3952 3951/3951 3933/3933
f 4095/4095 4099/4099 4100/4100
f 4096/4096 4101/4101 4130/4130
f 4096/4096 4130/4130 4133/4133
f 4184/4184 4001/4001 3939/3939
f 4165/4165 4168/4168 4167/4167
f 4167/4167 4168/4168 4164/4164
f 4066/4066 4105/4105 4099/4099
f 4066/4066 4099/4099 4095/4095
f 212/212 190/190 195/195
f 4122/4122 4098/4098 3911/3911
f 3934/3934 4122/4122 3911/3911
f 4092/4092 4133/4133 4143/4143
f 4092/4092 4143/4143 4094/4094
f 591/591 596/596 594/594
f 3978/3978 3982/3982 3972/3972
f 3978/3978 3930/3930 3977/3977
f 4088/4088 4086/4086 4078/4078
f 4078/4078 4086/4086 4080/4080
f 3996/3996 3981/3981 3895/3895
f 4080/4080 4081/4081 4082/4082
f 4082/4082 4081/4081 4083/4083
f 4084/4084 4082/4082 4083/4083
f 4084/4084 4083/4083 4013/4013
f 4010/4010 3997/3997 3773/3773
f 3975/3975 4084/4084 4013/4013
f 4084/4084 3975/3975 3974/3974
f 3714/3714 3712/3712 3713/3713
f 3761/3761 3748/3748 3747/3747
f 3755/3755 3754/3754 3753/3753
f 3753/3753 3750/3750 3749/3749
f 3751/3751 3752/3752 3735/3735
f 3720/3720 3717/3717 3716/3716
f 3740/3740 3749/3749 3750/3750
f 3750/3750 3751/3751 3735/3735
f 3949/3949 3973/3973 3963/3963
f 3998/3998 3953/3953 3952/3952
f 3945/3945 3949/3949 3959/3959
f 3939/3939 4001/4001 4000/4000
f 4002/4002 4003/4003 3936/3936
f 4164/4164 4163/4163 3926/3926
f 4106/4106 4105/4105 4067/4067
f 4095/4095 4100/4100 4096/4096
f 4096/4096 4133/4133 4092/4092
f 3926/3926 4163/4163 4122/4122
f 4122/4122 3934/3934 3913/3913
f 3926/3926 4122/4122 3913/3913
f 3913/3913 3934/3934 3910/3910
f 3910/3910 3934/3934 3911/3911
f 3910/3910 3911/3911 3907/3907
f 4091/4091 4092/4092 4094/4094
f 4091/4091 4094/4094 4093/4093
f 4091/4091 4093/4093 4077/4077
f 4077/4077 4093/4093 4090/4090
f 4077/4077 4090/4090 4088/4088
f 3978/3978 3972/3972 3930/3930
f 4076/4076 4077/4077 4088/4088
f 3977/3977 3930/3930 3908/3908
f 4078/4078 4076/4076 4088/4088
f 3895/3895 3981/3981 3938/3938
f 3996/3996 3895/3895 3786/3786
f 3997/3997 3786/3786 3776/3776
f 3712/3712 3714/3714 3771/3771
f 3772/3772 3773/3773 3761/3761
f 3747/3747 3772/3772 3761/3761
f 3761/3761 3760/3760 3748/3748
f 3755/3755 3760/3760 3754/3754
f 3753/3753 3754/3754 3750/3750
f 3751/3751 3731/3731 3752/3752
f 3752/3752 3731/3731 3720/3720
f 3720/3720 3731/3731 3717/3717
f 3958/3958 3973/3973 3949/3949
f 3939/3939 4000/4000 3921/3921
f 3921/3921 4000/4000 3935/3935
f 3935/3935 4000/4000 4002/4002
f 3935/3935 4002/4002 3936/3936
f 3936/3936 4003/4003 3929/3929
f 4003/4003 4004/4004 3929/3929
f 3929/3929 4004/4004 4166/4166
f 4166/4166 4165/4165 3929/3929
f 3929/3929 4165/4165 3928/3928
f 3928/3928 4165/4165 4167/4167
f 3928/3928 4167/4167 3927/3927
f 3927/3927 4167/4167 4164/4164
f 3911/3911 4098/4098 3937/3937
f 4098/4098 4106/4106 4067/4067
f 4066/4066 4067/4067 4105/4105
f 4069/4069 4096/4096 4092/4092
f 3999/3999 3939/3939 3899/3899
f 3907/3907 3937/3937 4128/4128
f 3905/3905 3913/3913 3910/3910
f 3905/3905 3910/3910 3907/3907
f 3905/3905 3907/3907 3878/3878
f 3907/3907 4128/4128 3878/3878
f 4091/4091 4071/4071 4092/4092
f 3867/3867 3905/3905 3878/3878
f 3867/3867 3878/3878 3866/3866
f 3864/3864 3867/3867 3866/3866
f 3930/3930 3972/3972 3898/3898
f 3900/3900 3898/3898 3887/3887
f 3867/3867 3864/3864 3880/3880
f 3864/3864 3866/3866 3865/3865
f 3930/3930 3898/3898 3900/3900
f 3888/3888 3900/3900 3887/3887
f 3880/3880 3864/3864 3861/3861
f 3864/3864 3865/3865 3863/3863
f 3861/3861 3864/3864 3863/3863
f 3888/3888 3887/3887 3883/3883
f 3888/3888 3883/3883 3896/3896
f 3888/3888 3896/3896 3897/3897
f 3908/3908 3930/3930 3900/3900
f 3900/3900 3888/3888 3890/3890
f 3861/3861 3863/3863 3856/3856
f 3890/3890 3888/3888 3901/3901
f 3901/3901 3888/3888 3897/3897
f 3855/3855 3861/3861 3856/3856
f 3908/3908 3900/3900 3890/3890
f 3890/3890 3901/3901 3902/3902
f 3890/3890 3902/3902 3903/3903
f 3890/3890 3903/3903 3862/3862
f 3889/3889 3890/3890 3862/3862
f 3908/3908 3890/3890 3894/3894
f 3894/3894 3890/3890 3889/3889
f 3938/3938 3908/3908 3895/3895
f 3895/3895 3908/3908 3894/3894
f 3855/3855 3856/3856 3854/3854
f 4078/4078 4080/4080 4074/4074
f 3879/3879 3855/3855 3787/3787
f 3787/3787 3855/3855 3854/3854
f 3787/3787 3854/3854 3783/3783
f 4074/4074 4080/4080 4082/4082
f 3714/3714 3787/3787 3783/3783
f 3714/3714 3783/3783 3771/3771
f 3715/3715 3787/3787 3714/3714
f 4082/4082 4084/4084 4079/4079
f 3773/3773 3776/3776 3774/3774
f 3773/3773 3774/3774 3762/3762
f 4079/4079 4084/4084 3974/3974
f 3773/3773 3762/3762 3761/3761
f 3760/3760 3762/3762 3759/3759
f 3760/3760 3759/3759 3754/3754
f 3754/3754 3759/3759 3758/3758
f 3756/3756 3718/3718 3731/3731
f 3731/3731 3718/3718 3717/3717
f 3754/3754 3758/3758 3750/3750
f 3750/3750 3756/3756 3751/3751
f 3751/3751 3756/3756 3731/3731
f 3958/3958 4005/4005 3973/3973
f 4005/4005 3958/3958 3957/3957
f 3951/3951 3950/3950 3943/3943
f 3950/3950 3948/3948 3944/3944
f 4164/4164 3926/3926 3927/3927
f 3937/3937 4098/4098 4067/4067
f 4066/4066 4095/4095 4065/4065
f 4065/4065 4095/4095 4069/4069
f 4095/4095 4096/4096 4069/4069
f 3899/3899 3939/3939 3893/3893
f 3893/3893 3939/3939 3921/3921
f 3893/3893 3921/3921 3892/3892
f 3892/3892 3921/3921 3935/3935
f 3892/3892 3935/3935 3891/3891
f 3935/3935 3936/3936 3891/3891
f 3891/3891 3936/3936 3929/3929
f 3891/3891 3929/3929 3886/3886
f 3929/3929 3928/3928 3886/3886
f 3928/3928 3927/3927 3886/3886
f 3886/3886 3927/3927 3868/3868
f 3927/3927 3926/3926 3868/3868
f 3868/3868 3926/3926 3869/3869
f 3869/3869 3926/3926 3913/3913
f 4068/4068 4069/4069 4092/4092
f 3899/3899 3893/3893 3850/3850
f 3850/3850 3893/3893 3834/3834
f 3893/3893 3892/3892 3834/3834
f 3834/3834 3892/3892 3845/3845
f 3845/3845 3892/3892 3891/3891
f 3845/3845 3891/3891 3811/3811
f 3811/3811 3891/3891 3886/3886
f 3811/3811 3886/3886 3810/3810
f 3810/3810 3886/3886 3868/3868
f 3860/3860 3868/3868 3869/3869
f 3869/3869 3913/3913 3905/3905
f 4068/4068 4092/4092 4071/4071
f 3834/3834 3845/3845 3831/3831
f 3831/3831 3845/3845 3813/3813
f 3845/3845 3811/3811 3812/3812
f 3810/3810 3868/3868 3807/3807
f 3807/3807 3868/3868 3860/3860
f 3869/3869 3905/3905 3870/3870
f 3807/3807 3860/3860 3808/3808
f 3860/3860 3869/3869 3808/3808
f 3808/3808 3869/3869 3870/3870
f 3870/3870 3905/3905 3867/3867
f 4071/4071 4091/4091 4070/4070
f 4070/4070 4091/4091 4077/4077
f 3899/3899 3850/3850 3849/3849
f 3898/3898 3899/3899 3849/3849
f 3833/3833 3834/3834 3831/3831
f 3849/3849 3850/3850 3834/3834
f 3849/3849 3834/3834 3835/3835
f 3835/3835 3834/3834 3833/3833
f 3833/3833 3831/3831 3832/3832
f 3887/3887 3898/3898 3849/3849
f 3832/3832 3831/3831 3830/3830
f 3831/3831 3813/3813 3830/3830
f 3880/3880 3870/3870 3867/3867
f 3808/3808 3870/3870 3793/3793
f 3793/3793 3870/3870 3880/3880
f 3843/3843 3832/3832 3836/3836
f 3832/3832 3830/3830 3836/3836
f 3909/3909 3833/3833 3832/3832
f 3836/3836 3830/3830 3837/3837
f 3794/3794 3808/3808 3809/3809
f 3849/3849 3835/3835 3851/3851
f 3835/3835 3833/3833 3909/3909
f 2154/2154 2157/2157 2136/2136
f 3843/3843 3836/3836 3844/3844
f 3843/3843 3844/3844 3838/3838
f 3844/3844 3836/3836 3838/3838
f 3838/3838 3836/3836 3837/3837
f 3837/3837 3830/3830 3839/3839
f 3887/3887 3849/3849 3852/3852
f 3852/3852 3849/3849 3851/3851
f 2159/2159 2157/2157 2154/2154
f 3809/3809 3808/3808 3793/3793
f 3852/3852 3851/3851 3875/3875
f 3839/3839 3830/3830 3840/3840
f 3840/3840 3830/3830 3828/3828
f 3876/3876 3852/3852 3875/3875
f 3887/3887 3852/3852 3883/3883
f 3883/3883 3852/3852 3876/3876
f 3846/3846 3840/3840 3828/3828
f 3829/3829 3846/3846 3828/3828
f 3829/3829 3828/3828 3827/3827
f 3793/3793 3794/3794 3809/3809
f 3863/3863 3865/3865 4017/4017
f 3881/3881 3880/3880 3861/3861
f 3904/3904 3827/3827 3847/3847
f 3382/3382 3393/3393 3373/3373
f 3826/3826 3827/3827 3828/3828
f 3901/3901 3897/3897 3932/3932
f 3901/3901 3932/3932 3931/3931
f 3373/3373 3393/3393 3374/3374
f 3847/3847 3827/3827 3826/3826
f 3374/3374 3393/3393 3394/3394
f 3848/3848 3847/3847 3826/3826
f 3792/3792 3793/3793 3880/3880
f 3881/3881 3861/3861 3855/3855
f 3794/3794 3793/3793 3791/3791
f 3792/3792 3880/3880 3879/3879
f 3879/3879 3880/3880 3881/3881
f 3902/3902 3901/3901 3931/3931
f 3848/3848 3826/3826 3841/3841
f 3874/3874 3848/3848 3841/3841
f 3841/3841 3826/3826 3803/3803
f 4078/4078 4072/4072 4076/4076
f 3873/3873 3874/3874 3841/3841
f 3871/3871 3873/3873 3841/3841
f 3862/3862 3906/3906 3824/3824
f 3841/3841 3803/3803 3842/3842
f 3872/3872 3871/3871 3842/3842
f 3842/3842 3871/3871 3841/3841
f 3879/3879 3881/3881 3855/3855
f 3894/3894 3889/3889 3817/3817
f 3889/3889 3862/3862 3817/3817
f 3817/3817 3862/3862 3824/3824
f 3877/3877 3872/3872 3842/3842
f 3817/3817 3824/3824 3823/3823
f 3817/3817 3823/3823 3820/3820
f 3858/3858 3885/3885 3884/3884
f 3858/3858 3884/3884 3877/3877
f 3858/3858 3877/3877 3842/3842
f 3820/3820 3821/3821 3818/3818
f 3817/3817 3820/3820 3818/3818
f 3818/3818 3821/3821 3822/3822
f 3857/3857 3885/3885 3858/3858
f 3894/3894 3817/3817 3859/3859
f 3822/3822 3853/3853 3819/3819
f 3857/3857 3858/3858 3825/3825
f 3825/3825 3858/3858 3842/3842
f 3842/3842 3803/3803 3825/3825
f 3791/3791 3793/3793 3792/3792
f 3818/3818 3822/3822 3819/3819
f 3853/3853 3857/3857 3819/3819
f 3857/3857 3825/3825 3819/3819
f 4074/4074 4073/4073 4078/4078
f 3895/3895 3894/3894 3859/3859
f 3816/3816 3825/3825 3815/3815
f 3785/3785 3859/3859 3817/3817
f 3817/3817 3818/3818 3816/3816
f 3785/3785 3817/3817 3816/3816
f 3882/3882 3879/3879 3787/3787
f 3816/3816 3818/3818 3819/3819
f 3819/3819 3825/3825 3816/3816
f 3790/3790 3792/3792 3879/3879
f 3790/3790 3879/3879 3882/3882
f 3790/3790 3791/3791 3792/3792
f 3779/3779 3816/3816 3815/3815
f 3796/3796 3791/3791 3789/3789
f 3789/3789 3791/3791 3790/3790
f 3895/3895 3859/3859 3785/3785
f 3786/3786 3895/3895 3785/3785
f 3789/3789 3790/3790 3784/3784
f 3854/3854 4019/4019 3783/3783
f 3784/3784 3790/3790 3882/3882
f 3779/3779 3815/3815 3782/3782
f 3782/3782 3815/3815 3802/3802
f 3788/3788 3796/3796 3789/3789
f 3786/3786 3785/3785 3776/3776
f 3816/3816 3779/3779 3785/3785
f 3780/3780 3785/3785 3779/3779
f 3776/3776 3785/3785 3780/3780
f 3765/3765 3788/3788 3764/3764
f 3788/3788 3789/3789 3764/3764
f 3764/3764 3789/3789 3784/3784
f 3715/3715 3882/3882 3787/3787
f 3779/3779 3782/3782 3778/3778
f 3778/3778 3782/3782 3781/3781
f 3784/3784 3882/3882 3763/3763
f 3763/3763 3882/3882 3715/3715
f 3774/3774 3776/3776 3780/3780
f 3774/3774 3780/3780 3779/3779
f 3774/3774 3779/3779 3778/3778
f 3767/3767 3778/3778 3781/3781
f 3764/3764 3784/3784 3763/3763
f 3762/3762 3774/3774 3768/3768
f 3768/3768 3774/3774 3778/3778
f 3768/3768 3778/3778 3767/3767
f 3767/3767 3781/3781 3765/3765
f 3762/3762 3768/3768 3759/3759
f 3759/3759 3768/3768 3767/3767
f 3759/3759 3767/3767 3758/3758
f 3758/3758 3767/3767 3757/3757
f 3757/3757 3767/3767 3756/3756
f 3756/3756 3767/3767 3765/3765
f 3765/3765 3764/3764 3756/3756
f 3756/3756 3764/3764 3718/3718
f 3718/3718 3764/3764 3763/3763
f 3718/3718 3763/3763 3715/3715
f 4085/4085 4079/4079 3974/3974
f 4005/4005 4085/4085 3974/3974
f 3950/3950 3955/3955 3948/3948
f 3955/3955 3957/3957 3948/3948
f 3948/3948 3957/3957 3958/3958
f 4128/4128 3937/3937 4064/4064
f 4064/4064 3937/3937 4067/4067
f 4064/4064 4067/4067 4059/4059
f 4059/4059 4067/4067 4066/4066
f 4065/4065 4069/4069 4068/4068
f 4064/4064 4059/4059 4051/4051
f 4066/4066 4065/4065 4054/4054
f 4065/4065 4068/4068 4055/4055
f 4054/4054 4065/4065 4055/4055
f 4040/4040 4068/4068 4071/4071
f 3813/3813 3845/3845 3812/3812
f 3812/3812 3811/3811 3806/3806
f 3811/3811 3810/3810 3806/3806
f 4128/4128 4064/4064 4014/4014
f 4070/4070 4040/4040 4071/4071
f 3806/3806 3810/3810 3807/3807
f 4061/4061 4040/4040 4070/4070
f 3807/3807 3808/3808 3794/3794
f 3794/3794 3806/3806 3807/3807
f 4070/4070 4077/4077 4076/4076
f 2139/2139 2136/2136 2134/2134
f 2136/2136 2130/2130 2127/2127
f 2134/2134 2136/2136 2127/2127
f 2127/2127 2130/2130 2123/2123
f 2130/2130 2125/2125 2123/2123
f 2123/2123 2125/2125 2117/2117
f 3813/3813 3812/3812 3804/3804
f 2154/2154 2136/2136 2139/2139
f 2117/2117 2125/2125 2131/2131
f 2117/2117 2131/2131 2119/2119
f 2158/2158 2159/2159 2154/2154
f 2119/2119 2131/2131 2142/2142
f 3804/3804 3812/3812 3806/3806
f 4061/4061 4070/4070 4076/4076
f 2142/2142 2149/2149 2143/2143
f 3805/3805 3806/3806 3794/3794
f 2149/2149 2150/2150 2148/2148
f 3389/3389 3396/3396 3391/3391
f 3830/3830 3813/3813 3814/3814
f 3814/3814 3813/3813 3804/3804
f 3806/3806 3805/3805 3804/3804
f 3389/3389 3391/3391 3387/3387
f 3387/3387 3383/3383 3386/3386
f 3828/3828 3830/3830 3814/3814
f 3798/3798 3804/3804 3805/3805
f 3814/3814 3804/3804 3800/3800
f 4072/4072 4061/4061 4076/4076
f 3383/3383 3382/3382 3380/3380
f 3800/3800 3804/3804 3798/3798
f 3380/3380 3382/3382 3373/3373
f 3798/3798 3805/3805 3794/3794
f 3798/3798 3794/3794 3795/3795
f 3826/3826 3828/3828 3814/3814
f 3814/3814 3800/3800 3803/3803
f 3800/3800 3798/3798 3799/3799
f 3826/3826 3814/3814 3803/3803
f 3795/3795 3794/3794 3791/3791
f 3376/3376 3399/3399 3402/3402
f 3799/3799 3798/3798 3797/3797
f 3797/3797 3798/3798 3795/3795
f 4073/4073 4072/4072 4078/4078
f 3402/3402 3399/3399 3405/3405
f 2864/2864 2860/2860 2861/2861
f 2860/2860 2855/2855 2858/2858
f 3801/3801 3803/3803 3800/3800
f 3801/3801 3800/3800 3799/3799
f 3815/3815 3803/3803 3801/3801
f 3796/3796 3797/3797 3795/3795
f 3799/3799 3797/3797 3796/3796
f 3796/3796 3795/3795 3791/3791
f 3825/3825 3803/3803 3815/3815
f 3815/3815 3801/3801 3802/3802
f 3802/3802 3801/3801 3799/3799
f 3799/3799 3796/3796 3788/3788
f 4075/4075 4074/4074 4082/4082
f 3802/3802 3799/3799 3788/3788
f 4020/4020 4019/4019 4062/4062
f 3781/3781 3802/3802 3788/3788
f 3782/3782 3802/3802 3781/3781
f 3781/3781 3788/3788 3765/3765
f 4079/4079 4075/4075 4082/4082
f 4057/4057 4079/4079 4085/4085
f 4023/4023 4025/4025 4027/4027
f 4027/4027 4025/4025 3954/3954
f 4025/4025 4028/4028 3954/3954
f 3954/3954 4028/4028 3955/3955
f 4029/4029 4030/4030 3955/3955
f 4030/4030 4085/4085 4005/4005
f 3956/3956 4021/4021 4023/4023
f 3956/3956 4023/4023 4027/4027
f 3955/3955 4030/4030 3957/3957
f 3957/3957 4030/4030 4005/4005
f 3956/3956 4027/4027 3954/3954
f 4014/4014 4064/4064 4051/4051
f 4059/4059 4066/4066 4054/4054
f 4055/4055 4068/4068 4040/4040
f 4053/4053 4051/4051 4059/4059
f 4053/4053 4059/4059 4054/4054
f 4016/4016 4014/4014 4051/4051
f 4039/4039 4055/4055 4040/4040
f 4039/4039 4040/4040 4038/4038
f 4038/4038 4040/4040 4061/4061
f 4039/4039 4054/4054 4055/4055
f 2155/2155 2154/2154 2139/2139
f 4049/4049 4051/4051 4053/4053
f 4053/4053 4054/4054 4052/4052
f 4054/4054 4039/4039 4052/4052
f 4052/4052 4039/4039 4041/4041
f 2158/2158 2154/2154 2155/2155
f 2119/2119 2142/2142 2143/2143
f 4048/4048 4051/4051 4049/4049
f 2148/2148 2150/2150 2152/2152
f 4016/4016 4051/4051 4048/4048
f 4049/4049 4053/4053 4052/4052
f 4038/4038 4061/4061 4058/4058
f 3398/3398 3400/3400 3396/3396
f 4041/4041 4039/4039 4037/4037
f 4058/4058 4061/4061 4072/4072
f 3396/3396 3389/3389 3398/3398
f 4049/4049 4052/4052 4045/4045
f 4037/4037 4039/4039 4038/4038
f 2892/2892 2893/2893 2897/2897
f 3389/3389 3387/3387 3386/3386
f 4017/4017 4016/4016 4048/4048
f 4045/4045 4052/4052 4041/4041
f 3386/3386 3383/3383 3380/3380
f 3379/3379 3380/3380 3368/3368
f 3380/3380 3373/3373 3368/3368
f 4037/4037 4038/4038 4036/4036
f 3373/3373 3374/3374 3369/3369
f 3368/3368 3373/3373 3369/3369
f 4048/4048 4049/4049 4050/4050
f 4050/4050 4049/4049 4045/4045
f 4058/4058 4072/4072 4073/4073
f 3369/3369 3374/3374 3376/3376
f 4036/4036 4038/4038 4058/4058
f 4017/4017 4048/4048 4050/4050
f 4041/4041 4037/4037 4042/4042
f 4019/4019 4018/4018 4017/4017
f 4045/4045 4041/4041 4043/4043
f 4043/4043 4041/4041 4042/4042
f 4036/4036 4058/4058 4060/4060
f 4060/4060 4058/4058 4073/4073
f 2861/2861 2860/2860 2858/2858
f 4042/4042 4037/4037 4035/4035
f 4019/4019 4017/4017 4062/4062
f 4062/4062 4017/4017 4050/4050
f 4035/4035 4037/4037 4036/4036
f 4044/4044 4043/4043 4042/4042
f 4045/4045 4043/4043 4047/4047
f 4044/4044 4042/4042 4035/4035
f 4050/4050 4045/4045 4047/4047
f 4060/4060 4073/4073 4074/4074
f 4062/4062 4050/4050 4063/4063
f 4043/4043 4044/4044 4046/4046
f 4024/4024 4050/4050 4047/4047
f 4063/4063 4050/4050 4024/4024
f 4036/4036 4060/4060 4057/4057
f 4057/4057 4060/4060 4074/4074
f 4032/4032 4047/4047 4043/4043
f 4032/4032 4043/4043 4046/4046
f 4057/4057 4074/4074 4075/4075
f 4046/4046 4044/4044 4035/4035
f 4046/4046 4035/4035 4031/4031
f 4047/4047 4032/4032 4056/4056
f 4024/4024 4047/4047 4056/4056
f 4035/4035 4036/4036 4033/4033
f 4033/4033 4036/4036 4057/4057
f 4031/4031 4035/4035 4033/4033
f 4062/4062 4063/4063 4024/4024
f 4024/4024 4056/4056 4026/4026
f 4026/4026 4056/4056 4034/4034
f 4034/4034 4056/4056 4032/4032
f 4032/4032 4046/4046 4031/4031
f 4057/4057 4075/4075 4079/4079
f 4020/4020 4062/4062 4024/4024
f 4026/4026 4034/4034 4028/4028
f 4028/4028 4034/4034 4032/4032
f 4033/4033 4057/4057 4085/4085
f 4023/4023 4020/4020 4024/4024
f 4023/4023 4024/4024 4025/4025
f 4024/4024 4026/4026 4025/4025
f 4025/4025 4026/4026 4028/4028
f 4029/4029 4028/4028 4032/4032
f 4029/4029 4032/4032 4031/4031
f 4029/4029 4031/4031 4030/4030
f 4030/4030 4031/4031 4033/4033
f 4030/4030 4033/4033 4085/4085
f 2139/2139 2134/2134 2138/2138
f 2138/2138 2134/2134 2133/2133
f 2134/2134 2127/2127 2126/2126
f 2133/2133 2134/2134 2126/2126
f 2126/2126 2127/2127 2123/2123
f 2155/2155 2139/2139 2140/2140
f 2161/2161 2158/2158 2155/2155
f 2120/2120 2119/2119 2143/2143
f 2143/2143 2148/2148 2144/2144
f 2922/2922 2932/2932 2931/2931
f 3389/3389 3386/3386 3384/3384
f 3369/3369 3376/3376 3375/3375
f 2144/2144 2148/2148 2152/2152
f 3398/3398 3389/3389 3392/3392
f 3392/3392 3389/3389 3384/3384
f 3384/3384 3386/3386 3380/3380
f 2863/2863 2864/2864 2861/2861
f 2852/2852 2858/2858 2855/2855
f 2852/2852 2855/2855 2851/2851
f 2122/2122 2126/2126 2123/2123
f 2122/2122 2123/2123 2117/2117
f 2122/2122 2117/2117 2116/2116
f 2117/2117 2119/2119 2118/2118
f 2118/2118 2119/2119 2120/2120
f 3395/3395 3398/3398 3392/3392
f 3384/3384 3380/3380 3379/3379
f 3379/3379 3368/3368 3367/3367
f 3367/3367 3368/3368 3369/3369
f 3367/3367 3369/3369 3370/3370
f 3370/3370 3369/3369 3375/3375
f 2863/2863 2861/2861 2858/2858
f 2120/2120 2143/2143 2132/2132
f 2132/2132 2143/2143 2144/2144
f 2897/2897 2912/2912 2911/2911
f 2133/2133 2126/2126 2128/2128
f 2128/2128 2126/2126 2122/2122
f 2141/2141 2140/2140 2137/2137
f 2140/2140 2138/2138 2137/2137
f 2137/2137 2138/2138 2133/2133
f 2116/2116 2117/2117 2118/2118
f 2155/2155 2140/2140 2141/2141
f 2156/2156 2155/2155 2141/2141
f 2161/2161 2155/2155 2156/2156
f 2162/2162 2161/2161 2156/2156
f 2144/2144 2152/2152 2151/2151
f 3401/3401 3398/3398 3395/3395
f 3395/3395 3392/3392 3390/3390
f 3390/3390 3392/3392 3384/3384
f 3390/3390 3384/3384 3385/3385
f 3379/3379 3367/3367 3378/3378
f 3378/3378 3367/3367 3371/3371
f 3371/3371 3367/3367 3370/3370
f 3377/3377 3370/3370 3375/3375
f 3375/3375 3403/3403 3377/3377
f 3377/3377 3403/3403 3404/3404
f 2865/2865 2863/2863 2862/2862
f 2862/2862 2863/2863 2858/2858
f 2862/2862 2858/2858 2859/2859
f 2859/2859 2852/2852 2853/2853
f 2118/2118 2120/2120 2132/2132
f 2132/2132 2144/2144 2146/2146
f 2146/2146 2144/2144 2151/2151
f 3384/3384 3379/3379 3381/3381
f 3385/3385 3384/3384 3381/3381
f 3381/3381 3379/3379 3378/3378
f 3371/3371 3370/3370 3372/3372
f 3372/3372 3370/3370 3377/3377
f 2845/2845 2846/2846 2844/2844
f 2133/2133 2128/2128 2135/2135
f 2135/2135 2128/2128 2129/2129
f 2129/2129 2128/2128 2122/2122
f 2135/2135 2137/2137 2133/2133
f 2129/2129 2122/2122 2124/2124
f 2122/2122 2116/2116 2121/2121
f 2124/2124 2122/2122 2121/2121
f 2121/2121 2116/2116 2118/2118
f 2153/2153 2141/2141 2137/2137
f 2153/2153 2137/2137 2135/2135
f 2160/2160 2156/2156 2141/2141
f 2160/2160 2141/2141 2153/2153
f 2121/2121 2118/2118 2145/2145
f 2118/2118 2132/2132 2145/2145
f 2160/2160 2162/2162 2156/2156
f 2145/2145 2132/2132 2147/2147
f 2937/2937 2929/2929 2936/2936
f 2163/2163 2162/2162 2160/2160
f 2132/2132 2146/2146 2147/2147
f 2147/2147 2146/2146 2151/2151
f 3401/3401 3395/3395 3406/3406
f 3406/3406 3395/3395 3390/3390
f 3390/3390 3385/3385 3388/3388
f 3388/3388 3385/3385 3381/3381
f 3388/3388 3381/3381 3378/3378
f 3378/3378 3371/3371 3397/3397
f 3397/3397 3371/3371 3372/3372
f 3409/3409 3377/3377 3407/3407
f 3377/3377 3404/3404 3407/3407
f 3407/3407 3404/3404 3408/3408
f 1282/1282 1314/1314 1310/1310
f 1282/1282 1310/1310 1309/1309
f 1282/1282 1309/1309 1283/1283
f 1309/1309 1322/1322 1284/1284
f 1283/1283 1309/1309 1284/1284
f 1274/1274 1316/1316 1314/1314
f 1274/1274 1314/1314 1282/1282
f 1284/1284 1322/1322 1323/1323
f 1284/1284 1323/1323 1313/1313
f 1312/1312 1326/1326 1295/1295
f 1295/1295 1326/1326 1302/1302
f 3410/3410 3406/3406 3390/3390
f 3410/3410 3390/3390 3388/3388
f 1289/1289 1293/1293 1324/1324
f 1289/1289 1324/1324 1330/1330
f 1289/1289 1330/1330 1315/1315
f 1289/1289 1315/1315 1279/1279
f 2905/2905 2910/2910 2930/2930
f 1279/1279 1315/1315 1325/1325
f 1319/1319 1327/1327 1291/1291
f 1294/1294 1279/1279 1325/1325
f 1290/1290 1320/1320 1321/1321
f 1328/1328 1308/1308 1276/1276
f 1299/1299 1290/1290 1321/1321
f 1282/1282 1283/1283 1264/1264
f 1274/1274 1282/1282 1264/1264
f 1283/1283 1284/1284 1264/1264
f 1264/1264 1284/1284 1265/1265
f 1265/1265 1284/1284 1287/1287
f 1287/1287 1284/1284 1313/1313
f 1287/1287 1313/1313 1312/1312
f 1287/1287 1312/1312 1295/1295
f 1263/1263 1303/1303 1274/1274
f 1265/1265 1287/1287 1266/1266
f 1287/1287 1295/1295 1266/1266
f 1305/1305 1303/1303 1263/1263
f 1264/1264 1265/1265 1266/1266
f 1263/1263 1274/1274 1264/1264
f 1266/1266 1295/1295 1281/1281
f 1281/1281 1295/1295 1302/1302
f 1306/1306 1305/1305 1275/1275
f 1275/1275 1305/1305 1263/1263
f 1266/1266 1281/1281 1267/1267
f 1258/1258 1264/1264 1267/1267
f 1267/1267 1264/1264 1266/1266
f 1304/1304 1306/1306 1275/1275
f 1257/1257 1263/1263 1264/1264
f 1281/1281 1302/1302 1267/1267
f 1267/1267 1302/1302 1293/1293
f 1275/1275 1263/1263 1261/1261
f 1261/1261 1263/1263 1257/1257
f 1257/1257 1264/1264 1258/1258
f 1280/1280 1304/1304 1275/1275
f 1267/1267 1293/1293 1268/1268
f 1268/1268 1293/1293 1289/1289
f 1280/1280 1275/1275 1261/1261
f 1261/1261 1257/1257 1260/1260
f 1258/1258 1267/1267 1268/1268
f 1268/1268 1289/1289 1279/1279
f 1291/1291 1280/1280 1285/1285
f 1285/1285 1280/1280 1261/1261
f 1285/1285 1261/1261 1262/1262
f 1261/1261 1260/1260 1262/1262
f 1257/1257 1258/1258 1259/1259
f 1272/1272 1268/1268 1279/1279
f 1269/1269 1258/1258 1268/1268
f 1270/1270 1268/1268 1272/1272
f 1272/1272 1279/1279 1294/1294
f 1260/1260 1257/1257 1259/1259
f 1269/1269 1268/1268 1270/1270
f 1308/1308 1285/1285 1276/1276
f 1276/1276 1285/1285 1262/1262
f 1259/1259 1258/1258 1269/1269
f 1272/1272 1294/1294 1300/1300
f 1270/1270 1272/1272 1290/1290
f 1290/1290 1272/1272 1300/1300
f 1276/1276 1262/1262 1260/1260
f 1276/1276 1260/1260 1273/1273
f 1286/1286 1276/1276 1273/1273
f 1259/1259 1269/1269 1271/1271
f 1269/1269 1270/1270 1290/1290
f 1269/1269 1290/1290 1299/1299
f 1307/1307 1286/1286 1292/1292
f 1292/1292 1286/1286 1273/1273
f 1273/1273 1260/1260 1259/1259
f 1278/1278 1271/1271 1269/1269
f 1278/1278 1269/1269 1298/1298
f 1298/1298 1269/1269 1299/1299
f 1301/1301 1278/1278 1298/1298
f 1292/1292 1273/1273 1288/1288
f 1273/1273 1259/1259 1277/1277
f 1288/1288 1273/1273 1277/1277
f 1277/1277 1259/1259 1271/1271
f 1271/1271 1278/1278 1297/1297
f 1297/1297 1278/1278 1301/1301
f 1288/1288 1277/1277 1296/1296
f 1277/1277 1271/1271 1296/1296
f 1296/1296 1271/1271 1297/1297

