# https://github.com/mikedh/trimesh
mtllib material.mtl

o geometry_0
usemtl material_0
v -0.05178628 -0.09982574 -0.19275194
v -0.05157688 -0.10117046 -0.17145905
v -0.05156580 -0.12680922 -0.16183725
v -0.05177597 -0.16105433 -0.19013058
v -0.05175450 -0.17700391 -0.16291033
v -0.05169841 -0.18488164 -0.18906842
v -0.05147585 -0.19654752 -0.15984754
v -0.05088460 -0.21132827 -0.17376365
v -0.05242540 -0.10326540 -0.15640002
v -0.05031906 -0.20946255 -0.14836590
v -0.05035167 -0.23606628 -0.12566695
v -0.05102410 -0.23465936 -0.16051529
v -0.05022578 -0.21731819 -0.12552814
v -0.04587667 -0.07733385 -0.19180252
v -0.05315980 -0.16167079 -0.16059446
v -0.05440773 -0.12051578 -0.15791474
v -0.04777268 -0.08602071 -0.15024325
v -0.04250235 -0.06984084 -0.16854072
v -0.03992206 -0.05890713 -0.19058946
v -0.05090813 -0.09227914 -0.13738748
v -0.04369512 -0.07492425 -0.14049555
v -0.03484960 -0.04839866 -0.17178433
v -0.03196268 -0.03645019 -0.18982059
v -0.04888663 -0.08572582 -0.12866504
v -0.05293530 -0.15279740 -0.19366245
v -0.03833728 -0.06393954 -0.13557409
v -0.04503479 -0.07938097 -0.12105616
v -0.04175773 -0.07353871 -0.11117889
v -0.05206466 -0.22198120 -0.17052266
v -0.03136328 -0.04064507 -0.17450090
v -0.03108795 -0.04670059 -0.15223637
v -0.04051378 -0.03925058 -0.20533487
v -0.03375985 -0.05996908 -0.12520434
v -0.04869093 -0.05595276 -0.20743844
v -0.05812516 -0.08221445 -0.20996414
v -0.05514361 -0.09912318 -0.19800803
v -0.05761485 -0.12775415 -0.19962549
v -0.03664325 -0.06793533 -0.10085917
v -0.05522351 -0.18193412 -0.19341817
v -0.06223739 -0.10088511 -0.20549543
v -0.03023030 -0.03499752 -0.18866698
v -0.03377169 -0.03075156 -0.20247863
v -0.02712576 -0.04441522 -0.14776245
v -0.05420023 -0.10596500 -0.15464398
v -0.05516005 -0.10306966 -0.15044765
v -0.05671493 -0.23567455 -0.16581643
v -0.05224107 -0.20785488 -0.14530571
v -0.05315146 -0.19856767 -0.15708041
v 0.04778044 -0.08341069 -0.19229464
v 0.05193182 -0.09998068 -0.19285987
v 0.05179835 -0.10147171 -0.17714372
v 0.04124172 -0.06571262 -0.16442092
v 0.04168862 -0.06391681 -0.19140683
v 0.04919243 -0.09114389 -0.14904869
v 0.05296185 -0.10588614 -0.15398429
v 0.04423741 -0.07713286 -0.13089414
v 0.03362472 -0.04215560 -0.19041185
v 0.03856037 -0.06115474 -0.14410113
v 0.05171198 -0.09581336 -0.14042588
v 0.03842001 -0.06656581 -0.12318540
v 0.04834040 -0.08529800 -0.12753807
v 0.04487975 -0.07838295 -0.11761404
v 0.03179926 -0.04613132 -0.15253823
v 0.03108067 -0.04010747 -0.17301752
v 0.03146228 -0.03560757 -0.19011573
v 0.04190205 -0.07276338 -0.10650756
v 0.03275229 -0.05943124 -0.11891683
v 0.03710501 -0.03525486 -0.20428552
v 0.05200516 -0.18167606 -0.18899435
v 0.05195476 -0.13685377 -0.16208562
v 0.05207166 -0.19030538 -0.16268073
v 0.05184128 -0.19894467 -0.18077548
v 0.05054785 -0.20813775 -0.15020590
v 0.05116351 -0.22226566 -0.16901834
v 0.05104909 -0.23598431 -0.14218679
v 0.05155916 -0.23511474 -0.16087718
v 0.05111416 -0.23591684 -0.12498537
v 0.05079639 -0.21704555 -0.12524931
v 0.05362960 -0.15667513 -0.19288130
v 0.05282323 -0.11541513 -0.19368640
v 0.05376798 -0.06855466 -0.20893182
v 0.05993272 -0.10266600 -0.20346336
v 0.04106517 -0.04136432 -0.20569877
v 0.03619337 -0.06729333 -0.09773507
v 0.06113686 -0.12389051 -0.20165682
v 0.02535279 -0.04577430 -0.13446288
v 0.06101760 -0.08546615 -0.21076807
v 0.02781119 -0.04253913 -0.15101735
v 0.03205096 -0.03104696 -0.20226634
v 0.05895806 -0.17933005 -0.19576457
v 0.05967521 -0.23560394 -0.11631307
v 0.05891097 -0.22067595 -0.11708370
v 0.02767649 0.16706762 0.00243866
v 0.00024588 0.17057613 -0.00783503
v 0.00054977 0.17293128 0.02062945
v 0.02762256 0.16828391 0.02488139
v 0.02781535 0.16369243 -0.02397711
v 0.00055212 0.16420572 -0.04617764
v 0.02758333 0.15879846 -0.05108979
v 0.02775023 0.16876596 0.05462729
v 0.00034117 0.17352429 0.05441847
v 0.02856582 0.16771494 0.07430387
v 0.00001352 0.17243652 0.07291186
v -0.00040269 0.16941611 0.10381691
v -0.00043758 0.16567491 0.13246466
v 0.02705918 0.16294870 0.11305343
v 0.02633741 0.15876926 0.14118898
v 0.00028586 0.15790093 0.18393664
v 0.02657598 0.14911290 0.20121624
v -0.00056648 0.15006547 0.23603576
v 0.02705066 0.14322370 0.24165861
v 0.02858567 0.14048542 0.26879162
v -0.00131127 0.14735048 0.25962478
v 0.01710938 0.14273500 0.27741027
v 0.02950035 0.13962498 0.28439546
v -0.00079274 0.14594546 0.28120908
v 0.00059231 0.14658655 0.29430628
v -0.02823092 0.16796237 0.07398773
v -0.02690903 0.16901024 0.05519842
v -0.02697591 0.16846898 0.02340918
v -0.01622654 0.14374363 0.29030594
v -0.02688310 0.16353500 0.11024374
v -0.02576365 0.15895276 0.14208740
v -0.01339127 0.14365551 0.27824733
v -0.02780825 0.16683637 0.00179317
v -0.02674675 0.14456946 0.23285672
v -0.02904079 0.14061147 0.26313859
v -0.03120683 0.13916920 0.28507012
v -0.02604551 0.15181889 0.18472241
v -0.02791227 0.16307323 -0.02525187
v -0.02832175 0.15838990 -0.05083475
v 0.00029386 0.15552987 -0.07495431
v 0.02863830 0.15212458 -0.07266842
v -0.02870029 0.15023340 -0.07830070
v -0.01891579 0.14904606 0.30643421
v -0.00091057 0.15238073 0.31381169
v 0.02957921 0.14516528 0.29844278
v -0.03069771 0.14457831 0.29806912
v 0.02893154 0.14348705 -0.09666448
v 0.00035641 0.14637390 -0.09985453
v -0.02851152 0.14243840 -0.10014700
v -0.02177900 0.15434568 0.31946865
v -0.01019693 0.15757066 0.33072406
v 0.00986935 0.15703611 0.32973397
v -0.00472043 0.15933508 0.34926954
v 0.00501341 0.15902977 0.34563532
v -0.00040358 0.16461182 0.37985161
v -0.00893229 0.16348141 0.36813480
v -0.01198567 0.16599917 0.39392591
v -0.01368238 0.16567564 0.40139705
v 0.01257570 0.16628090 0.38671371
v 0.01433524 0.16628163 0.40089166
v 0.00821795 0.16329078 0.36528224
v 0.01617440 0.15552555 0.32281119
v 0.03253979 0.15177821 0.31380787
v -0.02934496 0.15301730 0.31567234
v 0.02127750 0.16478764 0.40390950
v -0.00090638 0.16360281 0.41527569
v -0.01875831 0.16517645 0.40259519
v -0.00006478 0.16031367 0.42926320
v -0.02909490 0.15676405 0.42943063
v 0.02645683 0.15796126 0.42737231
v -0.02807659 0.16289040 0.40560684
v -0.02373313 0.16452424 0.40122959
v -0.02883812 0.16334803 0.39530057
v 0.04783118 0.15179676 0.42714110
v -0.05059600 0.15506801 0.40271679
v 0.04336360 0.15751109 0.40371495
v -0.04769694 0.15192798 0.42658770
v -0.05293182 0.15439099 0.37934223
v -0.00002637 0.15625171 0.43975937
v 0.02587837 0.15337844 0.43886295
v 0.02636255 0.16389674 0.40085420
v 0.03035124 0.16262144 0.39427152
v 0.04734533 0.15623190 0.38018811
v -0.02732616 0.15273421 0.43975610
v -0.06707031 0.14441344 0.42128336
v -0.06179119 0.15018593 0.37981513
v -0.03653086 0.16209471 0.37905478
v 0.06920360 0.14345592 0.42011181
v 0.06813788 0.14604835 0.40014255
v 0.06556811 0.14383362 0.42625245
v 0.03626088 0.16131942 0.38288662
v -0.06655198 0.14683327 0.40505821
v -0.06272666 0.14430946 0.42923072
v 0.02813283 0.13588762 -0.11230104
v 0.00020863 0.13701738 -0.11833187
v 0.06790148 0.14488719 0.37308174
v 0.04451435 0.14403202 0.44654426
v -0.02650018 0.12871315 -0.12687889
v 0.05016173 0.14641783 -0.05306745
v 0.05164165 0.15084194 -0.02080793
v -0.04356120 0.14364237 0.44747508
v 0.02827012 0.12700723 -0.12825793
v 0.06430472 0.14748591 0.36857772
v 0.05101487 0.15449977 0.03848810
v 0.05009582 0.15496039 0.07337325
v -0.07338101 0.14205912 0.41145310
v -0.04961502 0.14172626 -0.07006899
v -0.04992796 0.14719747 -0.05081105
v -0.07402167 0.14261472 0.38185731
v 0.00024833 0.14623991 0.45647693
v -0.02105699 0.14485754 0.45414662
v 0.02166645 0.14521717 0.45394030
v 0.00033642 0.12521024 -0.13825785
v -0.02426952 0.11862542 -0.14380872
v -0.05104666 0.13147397 -0.09701252
v 0.02539841 0.11774372 -0.14410909
v 0.05143210 0.15257533 -0.00114047
v -0.00054075 0.11443664 -0.15422450
v 0.01297999 0.11236572 -0.15457354
v -0.00032418 0.11044326 -0.16721664
v -0.02046020 0.11172163 -0.15400299
v 0.01517029 0.10336504 -0.18485214
v -0.00205803 0.09778594 -0.21667950
v 0.01112528 0.09512295 -0.21883456
v -0.01974928 0.10793596 -0.16468224
v 0.00960245 0.08892459 -0.24620974
v -0.00433392 0.09026014 -0.24708886
v -0.00245998 0.08403277 -0.27826384
v -0.00922655 0.08325257 -0.27515158
v -0.01050438 0.07896441 -0.29681805
v -0.00164305 0.08032063 -0.30158877
v -0.01171817 0.07458845 -0.32813928
v -0.00119141 0.07420791 -0.34604341
v -0.01186968 0.07011288 -0.36346513
v -0.00091205 0.07188698 -0.36765146
v -0.01282910 0.06970099 -0.37051028
v -0.00042612 0.07183611 -0.37496728
v -0.01241753 0.06683740 -0.41487196
v -0.00066812 0.06702317 -0.43533880
v -0.01446482 0.06457966 -0.43549412
v -0.01090918 0.09858184 -0.20579471
v 0.01370229 0.06995522 -0.36707410
v 0.01369703 0.07313616 -0.33574447
v 0.01320339 0.06498990 -0.43472078
v -0.02511385 0.08205641 -0.25174850
v -0.02327390 0.08877025 -0.22797044
v -0.02501974 0.07397369 -0.29195446
v -0.02203338 0.09423681 -0.20717315
v -0.01962575 0.09728634 -0.19990851
v 0.01045048 0.08049908 -0.28649059
v -0.02810380 0.06734268 -0.32878941
v -0.02893789 0.06216689 -0.36279577
v -0.02525679 0.06161187 -0.39747024
v -0.01336376 0.06578034 -0.43941203
v -0.00011529 0.06777959 -0.43969002
v -0.01350288 0.06336231 -0.46989501
v -0.00014060 0.06594177 -0.46903300
v -0.00066156 0.06414568 -0.48552921
v -0.01239366 0.06091982 -0.48498723
v 0.01311048 0.06391885 -0.47071910
v 0.00982008 0.06257376 -0.48420998
v 0.01481127 0.06536807 -0.44035926
v -0.02709239 0.07410136 -0.28171572
v -0.02757852 0.05640484 -0.43474564
v -0.02087106 0.05873338 -0.46983916
v -0.02171948 0.06086548 -0.43953553
v -0.02154587 0.05441766 -0.48475406
v 0.02089769 0.10996680 -0.15589727
v -0.05022512 0.12621833 -0.10938828
v -0.04971975 0.11453333 -0.13300988
v -0.04807020 0.11028118 -0.14194594
v -0.01376766 0.05488616 -0.49352929
v -0.00079782 0.06001167 -0.49308217
v 0.02514271 0.07547393 -0.28337932
v 0.02399485 0.08256952 -0.25021765
v 0.02214405 0.09089992 -0.21909451
v 0.01895554 0.09765583 -0.19931497
v -0.02937080 0.06098257 -0.36976165
v -0.02016879 0.10563234 -0.17118976
v -0.02682968 0.05339288 -0.47213569
v 0.02853816 0.06620136 -0.33561805
v 0.01053581 0.05482553 -0.49632666
v -0.08855253 0.13027903 0.38893172
v -0.09078548 0.12810388 0.37867454
v -0.00187623 0.05482541 -0.49878269
v -0.05436227 0.14343788 0.43822822
v 0.02871316 0.06196535 -0.36403731
v 0.02292868 0.06121974 -0.41169870
v 0.05038267 0.13874885 -0.07701668
v 0.05194518 0.13068339 -0.09699573
v 0.04000660 0.11176351 -0.14404343
v 0.05013068 0.11127333 -0.13735770
v 0.05133289 0.12152707 -0.11608835
v -0.03514099 0.09940572 -0.15877435
v 0.02807565 0.05598075 -0.43501979
v 0.03114035 0.15461364 0.31691974
v 0.02262618 0.05413702 -0.48374999
v 0.01696953 0.05370161 -0.49137521
v 0.07968489 0.13726227 0.37126675
v 0.02950851 0.05736687 -0.40217867
v 0.05422245 0.15379354 0.36889386
v 0.03988452 0.16186242 0.37552238
v 0.05573055 0.14358148 0.43717507
v 0.02926607 0.05528148 -0.43704274
v 0.02670006 0.05371984 -0.47252879
v 0.08955395 0.12960929 0.37635225
v 0.08523306 0.13351344 0.39675960
v 0.04791338 0.14566483 0.12676480
v 0.05252638 0.10462122 -0.14413251
v 0.05152802 0.12270696 0.27895844
v 0.05078262 0.12370624 0.25734761
v 0.04956574 0.12668246 0.22889896
v 0.04953545 0.13133989 0.19641513
v 0.04888779 0.13611162 0.17194036
v 0.04638568 0.09615263 -0.15651351
v 0.09558979 0.12383948 0.37917265
v -0.09688500 0.11913507 0.37926856
v -0.00365827 -0.08395421 0.15669107
v 0.00294406 -0.08561477 0.13982001
v 0.01605893 -0.08313289 0.16274641
v -0.01987214 -0.08641248 0.14726692
v -0.02003940 -0.08410268 0.16286856
v -0.02959413 -0.08720049 0.14049278
v -0.00196745 -0.07949379 0.17491281
v -0.02579140 -0.08139965 0.17571621
v 0.01631515 -0.07955139 0.17643379
v 0.03056946 -0.08649189 0.15041825
v -0.04133312 -0.08611258 0.17432229
v 0.03486255 -0.08687545 0.13940823
v 0.03422630 -0.08571114 0.16159871
v 0.03218752 -0.08124336 0.17776871
v -0.04104377 -0.09117825 0.15109082
v 0.04421243 -0.08933751 0.15320674
v 0.04515779 -0.08773937 0.16533081
v 0.04781627 -0.08543672 0.17725924
v 0.03414423 -0.08491866 0.12436330
v -0.00157572 -0.08487166 0.12242194
v -0.03308504 -0.08558016 0.12665698
v 0.04654523 -0.08590926 0.12592305
v 0.03200583 -0.08181804 0.10563923
v -0.00137327 -0.07922623 0.07781686
v -0.02849718 -0.07932094 0.08871555
v -0.00108873 -0.07514939 0.04487060
v -0.01724734 -0.07442532 0.04568843
v -0.00084277 -0.06894526 -0.01914999
v -0.01500018 -0.07008329 -0.00070609
v 0.01643907 -0.07426755 0.04388352
v 0.01501313 -0.06903803 -0.01056693
v 0.02879419 -0.07802898 0.07921230
v -0.02282164 -0.08330805 0.11375155
v 0.02680792 -0.06364387 -0.05105714
v 0.03206387 -0.06508002 -0.03487086
v 0.02989321 -0.06993426 0.01391641
v -0.00379768 -0.06396729 -0.05067034
v -0.03435284 -0.06356589 -0.05047561
v -0.02261424 -0.06318329 -0.05627004
v 0.03184277 -0.07454100 0.05776513
v 0.05452834 -0.08182742 0.11450478
v -0.03203566 -0.06943368 0.01006737
v -0.03419573 -0.07368661 0.05298167
v 0.04738216 -0.06210410 -0.04495526
v -0.05276862 -0.06151315 -0.04725216
v 0.01442674 -0.06075305 -0.06363852
v 0.05027780 -0.07661154 0.09010464
v -0.04405241 -0.07873453 0.09653608
v -0.05215952 -0.07372617 0.07421821
v -0.05244263 -0.08222222 0.11498540
v 0.03165906 -0.06432822 -0.06869233
v -0.04198369 -0.08867890 0.13661434
v -0.04609294 -0.08674829 0.12708910
v -0.03058536 -0.06467476 -0.07125835
v -0.03912353 -0.06432047 -0.06268010
v -0.03221110 -0.06565706 -0.08366033
v 0.05033475 -0.06185508 -0.03528523
v 0.05071330 -0.06371620 -0.00274823
v -0.00243321 -0.05884303 -0.06820899
v -0.02118599 -0.06158311 -0.06996561
v 0.00878068 -0.05721127 -0.07590932
v -0.05924879 -0.07586987 0.09524620
v -0.05290722 -0.06847525 0.04192650
v -0.05450128 -0.06460322 0.00757114
v 0.05472571 -0.06908434 0.05473008
v -0.07028753 -0.07468581 0.09744027
v 0.01571349 -0.05683029 -0.08567928
v 0.06128170 -0.07227467 0.08142852
v 0.07054347 -0.07810884 0.10800143
v 0.07384443 -0.07486825 0.09589206
v 0.07341744 -0.07005051 0.07386514
v 0.07476099 -0.06608237 0.05725886
v 0.06288347 -0.06598245 0.05435477
v 0.07815735 -0.05982733 0.03212079
v 0.06199309 -0.06235002 0.03554051
v 0.07700249 -0.05712277 0.00471874
v 0.06195638 -0.05888703 0.00037662
v 0.06181020 -0.05809284 -0.02086334
v 0.08055931 -0.05501112 -0.02537088
v 0.05932248 -0.05894399 -0.04516923
v 0.08419109 -0.05518161 -0.05292065
v 0.05512752 -0.06506146 0.02882002
v 0.00364978 -0.04901672 -0.09854858
v 0.06650778 -0.08130651 0.11326260
v -0.04951644 -0.06888238 -0.09013363
v -0.06646805 -0.08060671 0.11300258
v -0.05088713 -0.06506700 -0.06460188
v -0.01306593 -0.05679677 -0.08389769
v 0.00377711 -0.04583839 -0.11142410
v -0.00856114 -0.04618188 -0.12168734
v 0.00091561 -0.04158347 -0.13386391
v -0.02712576 -0.04441522 -0.14776245
v -0.02763037 -0.03929095 -0.17144518
v -0.01674654 -0.03707413 -0.17491923
v -0.00215716 -0.03529957 -0.17800118
v -0.01076098 -0.03082040 -0.20140100
v -0.03023030 -0.03499752 -0.18866698
v 0.01416429 -0.03346390 -0.19145328
v 0.01414440 -0.04352794 -0.12751523
v 0.03205096 -0.03104696 -0.20226634
v 0.01776188 -0.03686583 -0.17594814
v -0.00005512 -0.03826256 -0.15631008
v 0.03146228 -0.03560757 -0.19011573
v -0.03377169 -0.03075156 -0.20247863
v 0.02781119 -0.04253913 -0.15101735
v 0.03108067 -0.04010747 -0.17301752
v 0.07820015 -0.07662119 0.11394049
v 0.04690550 -0.08976093 0.14074263
v -0.07235461 -0.06849714 0.07967173
v 0.02705945 -0.06314414 -0.07347903
v 0.07908640 -0.05669493 0.01307179
v -0.04811441 -0.07012244 -0.09946680
v -0.03664325 -0.06793533 -0.10085917
v -0.05638641 -0.07055748 -0.09999928
v 0.07931983 -0.05895009 -0.07459182
v 0.04933793 -0.06591074 -0.07143984
v 0.08853184 -0.05673290 -0.07422996
v 0.04539061 -0.06951912 -0.09592199
v 0.06510153 -0.06839002 -0.09421850
v 0.05995886 -0.06439233 -0.07221903
v -0.06297627 -0.07166047 0.08223504
v -0.07238089 -0.06595455 0.06592362
v -0.06229940 -0.06298456 0.04171273
v -0.07529673 -0.06235089 0.05211197
v -0.08090036 -0.05791374 0.02936779
v -0.06516136 -0.05840718 0.01177230
v -0.08081763 -0.05474439 0.00088374
v -0.08156734 -0.05354830 -0.01893084
v -0.06442246 -0.05675514 -0.01747701
v -0.08518770 -0.05313971 -0.04542052
v -0.06153225 -0.05830522 -0.04692020
v -0.08872448 -0.05410127 -0.06612563
v -0.06241565 -0.06498639 -0.07717703
v 0.03619337 -0.06729333 -0.09773507
v -0.06266340 -0.05897380 0.00787665
v 0.02535279 -0.04577430 -0.13446288
v -0.05189504 -0.08687508 0.12361401
v -0.08484035 -0.06131404 0.07736984
v -0.05659913 -0.06677399 0.03888142
v 0.05241619 -0.08859916 0.12787229
v -0.06713394 -0.06740344 -0.09427385
v -0.04895291 -0.09266780 0.13802879
v -0.02284480 -0.05047471 -0.12526719
v -0.02408799 -0.05492890 -0.11412445
v 0.02540400 -0.06009924 -0.09395321
v -0.07755761 -0.05884719 -0.07462834
v -0.02685499 -0.06099164 -0.09696380
v -0.04175773 -0.07353871 -0.11117889
v 0.02145755 -0.05165461 -0.11325801
v -0.07871186 -0.07497040 0.11303766
v -0.09081206 -0.05981093 -0.08254529
v -0.03136328 -0.04064507 -0.17450090
v -0.08601868 -0.06436925 0.10099324
v -0.09020749 -0.06407207 -0.09014598
v 0.09016760 -0.06153934 -0.08667970
v 0.06718657 -0.07334714 -0.10448735
v 0.04190205 -0.07276338 -0.10650756
v -0.05465851 -0.07848696 -0.11603165
v -0.04503479 -0.07938097 -0.12105616
v -0.00282376 -0.07087857 0.19185890
v 0.01595541 -0.07206215 0.19106978
v -0.02313794 -0.07432832 0.18838386
v -0.07774963 -0.07902171 -0.11604416
v -0.09072214 -0.07805964 -0.11559108
v -0.03722440 -0.07165634 0.19679242
v 0.08999632 -0.07332177 -0.10849656
v 0.03506915 -0.07384007 0.19218674
v -0.05194186 -0.07975262 0.19191280
v 0.06447911 -0.07953813 -0.11574227
v 0.04487975 -0.07838295 -0.11761404
v 0.07935835 -0.08193423 -0.12043088
v 0.03275229 -0.05943124 -0.11891683
v 0.05309933 -0.07632180 0.19635846
v 0.02643835 -0.05757113 0.21598418
v 0.03929780 -0.06628321 0.20471655
v 0.02436616 -0.04628984 0.23407377
v -0.00284120 -0.04714867 0.23192383
v 0.02181753 -0.03575017 0.25629023
v 0.00250263 -0.03568695 0.25747648
v 0.01898834 -0.02821073 0.27736574
v 0.00327351 -0.02972182 0.27383241
v 0.00565368 -0.02475544 0.29532069
v 0.01793861 -0.02298752 0.30143568
v 0.00178170 -0.02375922 0.31387290
v 0.01804320 -0.02283819 0.31630567
v 0.00118340 -0.02505346 0.32363188
v -0.01657771 -0.02395573 0.32331493
v -0.01608905 -0.02303547 0.31635031
v -0.01522606 -0.02379028 0.29935089
v 0.01986814 -0.02583105 0.33151257
v -0.00158403 -0.03301858 0.35559827
v -0.02932016 -0.03201627 0.35792479
v -0.00193683 -0.03579447 0.37510541
v -0.02952421 -0.03440532 0.37887451
v -0.00083185 -0.03659391 0.40591428
v 0.02904626 -0.03410430 0.37521395
v 0.02777009 -0.03441720 0.39348647
v -0.02478953 -0.03461083 0.40933082
v 0.02890325 -0.03210142 0.35715067
v 0.02491558 -0.03399112 0.41025770
v 0.01865741 -0.03160649 0.42713344
v -0.00016469 -0.03257669 0.42848065
v -0.02088156 -0.03099827 0.42927405
v -0.01721542 -0.02860898 0.27686346
v 0.05133833 -0.02883173 0.37716275
v -0.04711470 -0.02940845 0.40788853
v 0.05071181 -0.02756696 0.41017887
v 0.04009108 -0.01711864 0.31333485
v -0.04865275 -0.02927548 0.37542507
v 0.04126576 -0.01619150 0.29938990
v -0.03932085 -0.01708680 0.31507894
v -0.03972645 -0.01618959 0.29939914
v -0.04644519 -0.02732507 0.35720596
v -0.04832767 -0.02416787 0.42909321
v 0.05002939 -0.02589629 0.35440385
v -0.01980040 -0.03697861 0.25378281
v -0.02917677 -0.04522890 0.23566660
v 0.04869426 -0.02320155 0.42954412
v -0.00141323 -0.02747733 0.44192240
v 0.04313264 -0.01908293 0.28649879
v 0.04192153 -0.02033948 0.32728118
v -0.01872875 -0.02671513 0.44072375
v 0.01938751 -0.02572121 0.44149703
v 0.06440838 -0.02391564 0.37754625
v -0.04107813 -0.01943609 0.28544390
v 0.04411603 -0.02188968 0.27763429
v -0.06880583 -0.02146748 0.39322403
v -0.04181582 -0.02219768 0.33399042
v -0.06875208 -0.02114635 0.37316385
v -0.04422806 -0.02435412 0.27159882
v -0.06895973 -0.02033173 0.40975332
v 0.06323086 -0.02219083 0.40965313
v 0.04875443 -0.02869155 0.26028308
v 0.05126027 -0.01735393 0.44197598
v -0.05249280 -0.01673941 0.44400227
v -0.05067457 -0.03119978 0.25547367
v 0.03545821 -0.03682471 0.24950297
v 0.04290998 -0.04631941 0.23258080
v 0.05359815 -0.03434540 0.24894081
v -0.02806625 -0.05692443 0.21673238
v -0.04952464 -0.05091402 0.22649789
v -0.06266715 -0.02002543 0.35642704
v -0.06388683 -0.01708785 0.42808190
v -0.00126102 -0.01877572 0.45622259
v 0.01947287 -0.01970811 0.45113969
v 0.05176850 -0.01450634 0.44702113
v -0.01916223 -0.01794543 0.45470014
v 0.06208311 -0.08861767 -0.12985100
v 0.04834040 -0.08529800 -0.12753807
v -0.05835140 -0.04012297 0.24062289
v 0.06111759 -0.02059419 0.35480121
v 0.09021322 -0.08263325 -0.12295432
v 0.05933573 -0.01737888 0.43040413
v -0.06746549 -0.08787405 -0.12947568
v -0.08955634 -0.09305234 -0.13617505
v -0.04888663 -0.08572582 -0.12866504
v -0.04742916 -0.06174451 0.21235371
v 0.04764226 -0.05750865 0.21794601
v 0.08911819 -0.10267490 -0.14967243
v 0.06239002 -0.04585699 0.23289461
v -0.05516005 -0.10306966 -0.15044765
v 0.05775857 -0.05934386 0.21769011
v -0.05090813 -0.09227914 -0.13738748
v -0.06520611 -0.04710756 0.23097305
v 0.06609715 -0.10650240 -0.15355945
v 0.05171198 -0.09581336 -0.14042588
v 0.05296185 -0.10588614 -0.15398429
v -0.08867414 -0.10657562 -0.15347916
v -0.05420023 -0.10596500 -0.15464398
v 0.02018690 -0.01222342 0.46074304
v 0.08744100 -0.00625036 0.39955783
v 0.08680166 -0.00530312 0.41122520
v -0.05918828 -0.06122142 0.21535425
v 0.09124711 -0.00449526 0.37702513
v 0.06970283 -0.01422841 0.35150987
v -0.04373084 -0.09014308 0.16448502
v -0.04775281 -0.08951575 0.17623173
v 0.01670239 -0.00412565 0.47078660
v -0.00120989 -0.00463962 0.47342211
v -0.01640370 -0.00426293 0.47118050
v -0.05158379 -0.01208565 0.32215953
v -0.06975534 -0.01373904 0.35028133
v -0.07410847 -0.05675049 0.21971965
v 0.07749946 -0.06338061 0.21338789
v -0.04138412 -0.00904152 0.45737678
v -0.04980626 -0.01181423 0.45249978
v -0.00099184 0.00874430 0.48829937
v 0.08421823 0.00068574 0.42924869
v -0.01653754 0.01029915 0.48676491
v -0.09515306 -0.00099930 0.39155459
v -0.09269690 -0.00257113 0.37107670
v -0.08414419 -0.00105944 0.43007255
v -0.09156561 -0.00171279 0.41159508
v 0.01711726 0.01263489 0.48855904
v 0.05049418 -0.00972048 0.31526321
v 0.04811316 -0.00820326 0.29766312
v 0.08971106 -0.00027739 0.35631251
v -0.03375985 -0.05996908 -0.12520434
v -0.02742857 -0.00252834 0.46839586
v 0.04776829 -0.00921638 0.45410362
v -0.04972617 -0.09893155 0.15459253
v 0.03409758 -0.00138743 0.46585986
v -0.08015236 0.00147014 0.43859532
v -0.05574350 -0.00524658 0.31360862
v -0.04966079 -0.00598255 0.29679546
v -0.08500607 -0.00019450 0.34543788
v 0.08253925 0.00120625 0.33811584
v 0.04983046 -0.09496639 0.15254849
v 0.05324801 -0.09458169 0.13844122
v -0.02600878 0.01130784 0.48274779
v 0.06571420 0.00537027 0.30753136
v 0.06006064 0.00554070 0.29484916
v -0.06014289 -0.07673255 0.20029655
v 0.05963635 -0.07670434 0.20081277
v -0.04035177 0.00644300 0.46922636
v -0.06571839 0.00640977 0.30639455
v -0.08078045 0.00604397 0.32902080
v 0.03235445 0.01389860 0.48055911
v -0.00078813 0.01685747 0.49401182
v 0.07798451 0.00489154 0.44040284
v 0.01952066 0.01699433 0.49078545
v 0.04225678 0.00292562 0.46397892
v -0.09882584 0.00729843 0.41067296
v -0.09625793 0.01450736 0.42991635
v 0.05989651 -0.08605693 0.19365934
v -0.11064471 0.02596840 0.41174281
v 0.07983622 0.01779272 0.44767508
v -0.05545327 -0.17576945 -0.15924621
v -0.08378058 -0.18605173 -0.15894994
v -0.05567009 -0.19106975 -0.15839657
v -0.05585526 -0.14628251 -0.15860863
v -0.08545456 -0.13963480 -0.15795961
v -0.06383374 -0.11897366 -0.15679477
v -0.08862885 -0.12471162 -0.15748291
v -0.08813041 -0.19064936 -0.16042529
v -0.05440773 -0.12051578 -0.15791474
v -0.08867414 -0.10657562 -0.15347916
v -0.05420023 -0.10596500 -0.15464398
v -0.07175408 -0.19532827 -0.15729302
v -0.08670264 -0.19683796 -0.15751320
v -0.05315146 -0.19856767 -0.15708041
v -0.05315980 -0.16167079 -0.16059446
v -0.05147585 -0.19654752 -0.15984754
v -0.08981547 -0.20422679 -0.15379974
v -0.05031906 -0.20946255 -0.14836590
v 0.07959728 -0.20274515 -0.18481891
v 0.08298453 -0.22662364 -0.17116256
v 0.05765044 -0.22780617 -0.17104164
v 0.05872458 -0.20125251 -0.18589944
v 0.08280772 -0.23556204 -0.16523758
v 0.05758042 -0.23569931 -0.16575651
v 0.05895806 -0.17933005 -0.19576457
v 0.08105103 -0.17873089 -0.19489336
v 0.08298013 -0.20372918 -0.18325377
v 0.08503778 -0.17743376 -0.19348396
v 0.06346762 -0.11957972 -0.20290247
v 0.07926200 -0.13979837 -0.19904102
v 0.06471228 -0.10421512 -0.20564559
v 0.07942358 -0.10426874 -0.20248282
v 0.07694472 -0.08772389 -0.20733674
v 0.06101760 -0.08546615 -0.21076807
v 0.06113686 -0.12389051 -0.20165682
v 0.05993272 -0.10266600 -0.20346336
v 0.08541992 -0.12525775 -0.19770876
v 0.08678005 -0.09986256 -0.19903612
v 0.08573359 -0.08762941 -0.20350468
v 0.05116351 -0.22226566 -0.16901834
v 0.05200516 -0.18167606 -0.18899435
v 0.05184128 -0.19894467 -0.18077548
v 0.05155916 -0.23511474 -0.16087718
v 0.08842535 -0.23592144 -0.15871479
v 0.05104909 -0.23598431 -0.14218679
v 0.05430314 -0.17442335 0.16640469
v 0.05327518 -0.17577201 0.16059658
v 0.05193088 -0.21001387 0.16595837
v 0.05529787 -0.13716765 0.16741674
v 0.05308322 -0.19367383 0.15242153
v 0.05082517 -0.21770324 0.18590437
v 0.05125880 -0.24145924 0.16484717
v 0.05050280 -0.24330597 0.18322417
v 0.05185943 -0.22377826 0.16035388
v 0.05088451 -0.24296387 0.19774194
v 0.05379409 -0.10458198 0.15627182
v 0.05157820 -0.22182263 0.19931471
v 0.05578611 -0.10322798 0.17072679
v 0.05551980 -0.10469501 0.14715223
v 0.05438260 -0.20206074 0.14549871
v 0.05331706 -0.22038995 0.15437263
v 0.05798357 -0.10794620 0.13852243
v 0.05940129 -0.10595673 0.13569504
v 0.05543270 -0.23343471 0.21082217
v 0.05557524 -0.21501635 0.14766616
v 0.05965444 -0.13290946 0.13673586
v 0.05937149 -0.18475690 0.13647735
v 0.04983046 -0.09496639 0.15254849
v 0.05083732 -0.09679247 0.16118824
v 0.05324801 -0.09458169 0.13844122
v 0.05301966 -0.09476358 0.17495081
v 0.05915600 -0.24213538 0.15543020
v 0.05680997 -0.09597626 0.13225743
v 0.04515779 -0.08773937 0.16533081
v 0.06065280 -0.19886006 0.13678730
v 0.05971583 -0.15127519 0.17490317
v 0.05686766 -0.19675601 0.17210986
v 0.05485282 -0.20866430 0.17377718
v 0.06349616 -0.11575059 0.18334617
v 0.06265067 -0.10046350 0.18550254
v 0.05602134 -0.22126590 0.20707363
v 0.05699828 -0.24272665 0.20910361
v 0.04781627 -0.08543672 0.17725924
v 0.06410497 -0.15166216 0.18092279
v 0.06334653 -0.18843466 0.17923315
v 0.06177887 -0.20608957 0.18077074
v 0.05989651 -0.08605693 0.19365934
v 0.05241619 -0.08859916 0.12787229
v 0.05309933 -0.07632180 0.19635846
v -0.02972335 -0.01189465 -0.20063423
v -0.01076098 -0.03082040 -0.20140100
v -0.03377169 -0.03075156 -0.20247863
v -0.00473137 -0.01427822 -0.20039000
v 0.03205096 -0.03104696 -0.20226634
v 0.02690489 -0.01030926 -0.20040995
v 0.00987634 0.00581098 -0.19767007
v -0.02614455 0.00354257 -0.19803205
v -0.04457463 -0.00704388 -0.19987383
v -0.04051378 -0.03925058 -0.20533487
v 0.04295534 0.01470530 -0.19536647
v 0.04426179 -0.01086250 -0.20033126
v 0.03710501 -0.03525486 -0.20428552
v -0.00399362 0.01819426 -0.19480218
v -0.02781398 0.02578458 -0.19289716
v -0.04295407 0.02517008 -0.19237857
v 0.02563170 0.03280115 -0.19096728
v 0.04106517 -0.04136432 -0.20569877
v -0.04869093 -0.05595276 -0.20743844
v 0.04352893 0.03698958 -0.18901424
v -0.00259462 0.04057116 -0.18820402
v 0.05799726 -0.05106600 -0.20529123
v 0.05376798 -0.06855466 -0.20893182
v -0.02056126 0.04628561 -0.18627416
v -0.04123997 0.04971375 -0.18451570
v 0.06101760 -0.08546615 -0.21076807
v 0.02533813 0.05636853 -0.18237279
v 0.04200104 0.05573830 -0.18236892
v -0.01830598 0.07683425 -0.17446348
v -0.03975865 0.07926537 -0.17266782
v -0.02325814 0.08523810 -0.17111386
v 0.00144872 0.06576655 -0.17807509
v -0.01012688 0.07212046 -0.17512722
v 0.01338447 0.07253239 -0.17604363
v 0.03877407 0.07923403 -0.17280152
v 0.02288668 0.08215718 -0.17273735
v 0.05688796 0.00583108 -0.19433625
v -0.06683098 -0.05054347 -0.20327842
v -0.06913313 -0.08602202 -0.20950548
v -0.05812516 -0.08221445 -0.20996414
v -0.06052847 0.00137677 -0.19411840
v -0.05627816 0.02998194 -0.18770726
v 0.07304564 -0.05669753 -0.20261616
v 0.07694472 -0.08772389 -0.20733674
v 0.06004336 0.03450236 -0.18517256
v -0.05550237 0.05108587 -0.17985938
v 0.07071832 0.00341208 -0.19022998
v 0.05915658 0.05416754 -0.17741056
v 0.04973660 0.07882624 -0.16938651
v 0.08518101 -0.03916433 -0.19425170
v 0.07416872 0.03413247 -0.17976481
v 0.07731594 0.01259827 -0.18495315
v 0.08573359 -0.08762941 -0.20350468
v 0.08220909 -0.01548119 -0.18991207
v -0.07843966 0.00524299 -0.18661283
v -0.08534419 -0.03096006 -0.19211178
v -0.08756977 -0.05878343 -0.19666052
v -0.07624476 -0.08680916 -0.20729849
v -0.07463129 0.03050792 -0.18066660
v -0.07183005 0.04681318 -0.17560531
v -0.05329527 0.07834352 -0.16804299
v 0.03321194 0.09523391 -0.16248347
v 0.02389063 0.09990685 -0.16206315
v -0.03514099 0.09940572 -0.15877435
v -0.02301823 0.10061414 -0.16204672
v -0.08819344 -0.08692723 -0.20156294
v 0.06969487 0.06044017 -0.16942531
v -0.06223739 -0.10088511 -0.20549543
v -0.07611465 -0.10939027 -0.20295773
v -0.06227482 -0.11545428 -0.20324741
v -0.06313410 -0.16212742 -0.19971882
v -0.07851245 -0.14470182 -0.19981374
v -0.07865493 -0.16917333 -0.19801594
v -0.06061840 -0.15394591 -0.20002280
v -0.07834561 -0.18277510 -0.19563153
v -0.06119752 -0.18155351 -0.19627669
v -0.08613274 -0.10363951 -0.19885555
v -0.05761485 -0.12775415 -0.19962549
v -0.08491645 -0.17162511 -0.19460283
v 0.00071365 0.06722423 -0.17866370
v -0.06599366 0.07506327 -0.16338708
v -0.05522351 -0.18193412 -0.19341817
v -0.02046020 0.11172163 -0.15400299
v -0.07989208 -0.20485583 -0.18504384
v -0.06138887 -0.20390949 -0.18567644
v 0.06697883 0.07605728 -0.16166693
v -0.08668957 -0.18307653 -0.19018100
v -0.05845328 -0.22529697 -0.17345197
v -0.08130334 -0.23520723 -0.16705559
v -0.08209016 -0.22292629 -0.17413241
v 0.04638568 0.09615263 -0.15651351
v 0.02089769 0.10996680 -0.15589727
v -0.04807020 0.11028118 -0.14194594
v -0.05671493 -0.23567455 -0.16581643
v -0.05293530 -0.15279740 -0.19366245
v -0.05206466 -0.22198120 -0.17052266
v -0.08798299 -0.18956770 -0.18535611
v 0.05252638 0.10462122 -0.14413251
v 0.02213468 0.09532505 -0.16740055
v 0.02088668 0.08137679 -0.17454456
v -0.00026265 0.07639711 0.48044968
v -0.01931178 0.06381615 0.47645190
v -0.00104174 0.06404328 0.48052350
v -0.01965038 0.07813144 0.47717273
v -0.04168253 0.07840049 0.47114465
v -0.04821628 0.09480815 0.47002384
v -0.02231771 0.09622291 0.47559544
v -0.00072350 0.09530915 0.47856936
v -0.03896688 0.05708989 0.46689591
v -0.05376970 0.07970215 0.46497396
v -0.04975261 0.07300482 0.46589571
v -0.05081215 0.05866763 0.46366197
v -0.06883415 0.07091524 0.45754454
v -0.05659350 0.04071476 0.46435770
v -0.08165992 0.05087783 0.45521858
v -0.06476647 0.03124371 0.46191686
v -0.04863082 0.02724083 0.46836370
v -0.04447998 0.04087810 0.46903908
v -0.08222906 0.03251894 0.45381936
v -0.07900053 0.06676019 0.45391840
v -0.06225131 0.08077075 0.45916024
v -0.09823845 0.05281288 0.44604629
v -0.04807646 0.01462100 0.46556157
v -0.06794698 0.01839589 0.45693851
v -0.07488447 0.08532149 0.44943586
v -0.09507885 0.07021712 0.44278550
v -0.07224758 0.09545475 0.44809416
v -0.07933630 0.01798775 0.45021826
v -0.09566814 0.02948261 0.44230077
v -0.04713739 -0.00211507 0.45927057
v -0.06760451 0.00266533 0.44998488
v -0.02136015 0.12533902 0.46336192
v -0.04783422 0.11283463 0.46159881
v -0.04356120 0.14364237 0.44747508
v -0.02105699 0.14485754 0.45414662
v 0.00009672 0.12688242 0.46563202
v 0.00024833 0.14623991 0.45647693
v -0.01870168 0.06145217 0.47780117
v -0.03189566 0.05184824 0.47595146
v -0.08332569 0.09900041 0.43649855
v -0.07055825 0.12091637 0.43699935
v -0.05436227 0.14343788 0.43822822
v -0.03900629 0.04525756 0.47328949
v -0.09606722 0.08121460 0.43508720
v -0.06272666 0.14430946 0.42923072
v -0.02758710 0.03608443 0.49254560
v -0.03461901 0.03114212 0.48651364
v -0.03491292 0.02285248 0.48369962
v -0.02895010 0.02118126 0.48774111
v -0.01768753 0.02037456 0.49252188
v -0.01588239 0.04089930 0.49885824
v -0.02527512 0.04265458 0.49089253
v -0.01535787 0.03294262 0.49703804
v -0.01582669 0.04937493 0.49152368
v -0.10702439 0.06657668 0.42788237
v -0.10613743 0.07335107 0.42555895
v -0.00014676 0.05105080 0.49434230
v -0.00044954 0.04274346 0.50072688
v -0.00053570 0.02893757 0.49876407
v -0.11123306 0.05102386 0.42562148
v -0.10384644 0.02700976 0.42908674
v -0.09002701 0.10466011 0.42172000
v -0.06707031 0.14441344 0.42128336
v -0.04035177 0.00644300 0.46922636
v -0.08869161 0.01773531 0.44220507
v -0.04980626 -0.01181423 0.45249978
v 0.02251571 0.11393540 0.46820527
v 0.02723012 0.09558597 0.47489747
v -0.00078813 0.01685747 0.49401182
v 0.02166645 0.14521717 0.45394030
v -0.09286069 0.11515655 0.40349668
v -0.07338101 0.14205912 0.41145310
v -0.11500930 0.06271790 0.41017595
v -0.11247192 0.07491240 0.40798783
v 0.01406367 0.06389944 0.47774512
v -0.08015236 0.00147014 0.43859532
v -0.04138412 -0.00904152 0.45737678
v -0.01653754 0.01029915 0.48676491
v -0.02600878 0.01130784 0.48274779
v -0.11750430 0.05135193 0.40770113
v 0.01494154 0.03024552 0.49640104
v 0.01864663 0.03977361 0.49794155
v 0.01600961 0.04501420 0.49599504
v -0.09625793 0.01450736 0.42991635
v -0.08855253 0.13027903 0.38893172
v -0.10235432 0.10005099 0.39855826
v 0.01534657 0.05916741 0.48108941
v 0.04657084 0.08896501 0.47018164
v 0.04895818 0.09405795 0.46945477
v 0.04800958 0.11423103 0.46011013
v 0.04451435 0.14403202 0.44654426
v 0.02553960 0.06098500 0.47364584
v 0.01952066 0.01699433 0.49078545
v -0.11064471 0.02596840 0.41174281
v -0.00099184 0.00874430 0.48829937
v 0.05303291 0.06088648 0.46258557
v 0.03825561 0.05678586 0.46755907
v 0.05445842 0.04247985 0.46576953
v 0.07678362 0.06692986 0.45490539
v 0.07170609 0.04816493 0.45984140
v 0.06181003 0.07060342 0.45970327
v 0.06941681 0.07862666 0.45456856
v 0.04437227 0.03917342 0.47088367
v 0.08349659 0.04873059 0.45518243
v 0.06432725 0.03548148 0.46203977
v 0.09473027 0.06324702 0.44750500
v 0.04918676 0.02798834 0.46922308
v 0.07793724 0.08456789 0.44731647
v 0.08115052 0.03094736 0.45371088
v 0.03000415 0.03420841 0.49106622
v 0.03186792 0.02855915 0.48864618
v 0.02838161 0.05273002 0.47821903
v 0.09344978 0.04748089 0.44904280
v 0.02500408 0.04299711 0.49103302
v 0.06077088 0.09475032 0.45897597
v 0.06177791 0.01260154 0.45701602
v 0.04713273 0.01411412 0.46621105
v 0.04132429 0.04482280 0.47125784
v 0.04225678 0.00292562 0.46397892
v 0.04776829 -0.00921638 0.45410362
v 0.07983622 0.01779272 0.44767508
v 0.03235445 0.01389860 0.48055911
v -0.05671493 -0.23567455 -0.16581643
v -0.05035167 -0.23606628 -0.12566695
v -0.08940391 -0.23617262 -0.14548653
v -0.08877779 -0.23603548 -0.15878691
v -0.08942790 -0.23608172 -0.12659872
v -0.06035195 -0.23591249 -0.11544435
v -0.07974948 -0.23573923 -0.11625958
v -0.08130334 -0.23520723 -0.16705559
v -0.05102410 -0.23465936 -0.16051529
v 0.07855750 0.22479345 0.37392175
v 0.04962984 0.20160080 0.37299088
v 0.07459251 0.22279444 0.38487056
v 0.09221481 0.23692423 0.38496357
v 0.05612149 0.20217820 0.35532081
v 0.03577230 0.18115999 0.33856887
v 0.02776829 0.17753594 0.34875357
v 0.03068880 0.18413612 0.36731994
v 0.00990379 0.16175945 0.34631765
v 0.02281738 0.16761409 0.33065361
v 0.00821795 0.16329078 0.36528224
v 0.00501341 0.15902977 0.34563532
v 0.00986935 0.15703611 0.32973397
v 0.09538677 0.23913339 0.39267007
v 0.04149856 0.19362214 0.38160864
v 0.01257570 0.16628090 0.38671371
v 0.04203586 0.19065486 0.39801824
v 0.07821779 0.22357126 0.39600846
v 0.06291799 0.20933549 0.39660132
v 0.02941000 0.17875083 0.39936143
v 0.01433524 0.16628163 0.40089166
v 0.09687830 0.23537968 0.37925717
v 0.01617440 0.15552555 0.32281119
v 0.09149869 0.22777568 0.37203568
v 0.08259303 0.21583241 0.36132947
v 0.06389887 0.19131193 0.33905980
v 0.07218723 0.20325662 0.35008824
v 0.03591284 0.17127734 0.32858330
v 0.10082143 0.23737644 0.38574138
v 0.05347238 0.17658962 0.32834801
v 0.03114035 0.15461364 0.31691974
v 0.03253979 0.15177821 0.31380787
v 0.10219907 0.23676108 0.39054683
v -0.03211656 0.06089939 -0.27924120
v -0.03393652 0.05472870 -0.31462491
v -0.02710371 0.04846758 -0.27567989
v -0.02709948 0.03361699 -0.33624962
v -0.03473042 0.04732281 -0.35562608
v -0.03230275 0.06430593 -0.27286622
v -0.02610588 0.05880903 -0.24655218
v -0.03183731 0.03385008 -0.36469021
v -0.03441137 0.04323211 -0.36238772
v -0.02994801 0.07184254 -0.24541882
v -0.03542928 0.04018973 -0.38514143
v -0.02956454 0.02455888 -0.39730245
v -0.02622301 0.02277437 -0.36310026
v -0.03457720 0.03799720 -0.41163331
v -0.02708036 0.02048765 -0.43448007
v -0.03316274 0.03613274 -0.43605682
v -0.02374727 0.05200505 -0.25151491
v -0.02219901 0.05957279 -0.23163038
v -0.02019567 0.07314045 -0.20788506
v -0.02659755 0.07960799 -0.22463554
v -0.02233596 0.08527507 -0.20370051
v -0.01950655 0.08001729 -0.18921697
v -0.02148831 0.09465251 -0.19118659
v -0.03217813 0.06114950 -0.28406692
v -0.02078998 0.08051798 -0.17447643
v -0.02200624 0.09252618 -0.17059776
v -0.02203338 0.09423681 -0.20717315
v -0.02016879 0.10563234 -0.17118976
v -0.02648066 0.02993875 -0.47041020
v -0.03238282 0.05014794 -0.39194605
v -0.02937080 0.06098257 -0.36976165
v -0.02893789 0.06216689 -0.36279577
v -0.02301823 0.10061414 -0.16204672
v -0.02757852 0.05640484 -0.43474564
v -0.02327390 0.08877025 -0.22797044
v -0.01962575 0.09728634 -0.19990851
v -0.02998862 0.05253211 -0.43934891
v -0.02998326 0.03782942 -0.46998411
v -0.02682968 0.05339288 -0.47213569
v -0.02810380 0.06734268 -0.32878941
v -0.02709239 0.07410136 -0.28171572
v -0.02511385 0.08205641 -0.25174850
v -0.01974928 0.10793596 -0.16468224
v -0.02325814 0.08523810 -0.17111386
v -0.02046020 0.11172163 -0.15400299
v -0.02433928 0.03950529 -0.48512155
v -0.02154587 0.05441766 -0.48475406
v -0.01856994 0.04081748 -0.49269375
v -0.02576236 0.02547912 -0.36018082
v -0.02700224 0.02059419 -0.40069997
v -0.01830598 0.07683425 -0.17446348
v -0.01507724 0.07529340 -0.18586579
v -0.08436642 -0.24374114 0.16868263
v -0.05369127 -0.24366587 0.17106596
v -0.08823756 -0.24381539 0.18475889
v -0.05712672 -0.24392051 0.20882858
v -0.08073489 -0.24369305 0.20970589
v -0.08217008 -0.24271564 0.15756835
v -0.05743886 -0.24238294 0.15893421
v -0.06169152 -0.24352889 0.21216014
v -0.05066843 -0.24298625 0.18270797
v -0.08743128 -0.24261376 0.20282893
v -0.05179298 -0.24273090 0.20083074
v -0.08895326 -0.24243775 0.17106692
v -0.06286739 -0.23798349 0.15299615
v -0.08717194 -0.23956394 0.16021681
v -0.05022512 0.12621833 -0.10938828
v -0.07150195 0.10302635 -0.10487777
v -0.05104666 0.13147397 -0.09701252
v -0.04971975 0.11453333 -0.13300988
v -0.06668691 0.09742009 -0.12834969
v -0.05898545 0.09563158 -0.14728154
v -0.06717730 0.07900834 -0.15810151
v -0.07103903 0.12252136 -0.05388995
v -0.04961502 0.14172626 -0.07006899
v -0.04992796 0.14719747 -0.05081105
v -0.08073211 0.10748060 -0.05710055
v -0.07096681 0.07906697 -0.14656763
v -0.07656114 0.08961880 -0.10783850
v -0.08238152 0.09338021 -0.07513835
v -0.07300350 0.12471674 -0.01970936
v -0.05101448 0.15026020 -0.02493721
v -0.08141536 0.07743847 -0.11068503
v -0.08840658 0.07732816 -0.07833018
v -0.09262440 0.07580677 -0.05703323
v -0.07183005 0.04681318 -0.17560531
v -0.08076986 0.05123430 -0.14321357
v -0.08526124 0.05299835 -0.12397900
v -0.08426690 0.03109973 -0.14968634
v -0.07463129 0.03050792 -0.18066660
v -0.09097218 0.05166331 -0.09698226
v -0.09016232 0.03619552 -0.12035514
v -0.07843966 0.00524299 -0.18661283
v -0.08534419 -0.03096006 -0.19211178
v -0.09289625 -0.03021774 -0.16534802
v -0.09103885 -0.01140093 -0.15715238
v -0.09164359 0.01466324 -0.12913519
v -0.09270376 -0.04586598 -0.17264675
v -0.08756977 -0.05878343 -0.19666052
v -0.06599366 0.07506327 -0.16338708
v -0.04807020 0.11028118 -0.14194594
v -0.05329527 0.07834352 -0.16804299
v -0.07956614 -0.01580827 0.23456207
v -0.09031726 -0.02020034 0.22293201
v -0.07953305 -0.03239661 0.22751996
v -0.06481884 -0.02264296 0.24574333
v -0.07495249 -0.00309034 0.24642220
v -0.06520611 -0.04710756 0.23097305
v -0.05835140 -0.04012297 0.24062289
v -0.05067457 -0.03119978 0.25547367
v -0.09182996 -0.04237223 0.21473788
v -0.09197614 -0.05847039 0.20687033
v -0.07410847 -0.05675049 0.21971965
v -0.08347740 -0.00181024 0.23499686
v -0.08134852 -0.07199389 0.20407179
v -0.09109605 -0.07959647 0.19332686
v -0.06226865 -0.01173314 0.25928640
v -0.08487162 0.01530997 0.23859271
v -0.07266951 0.00808421 0.25942585
v -0.04422806 -0.02435412 0.27159882
v -0.08817508 0.01757568 0.23218666
v -0.07548545 0.01881790 0.26060444
v -0.06101410 0.00343029 0.28102487
v -0.05698540 -0.00537362 0.27606347
v -0.08061313 0.02838986 0.25160474
v -0.09857260 -0.07645104 0.17533249
v -0.09185798 -0.10552207 0.17481641
v -0.08611133 0.03123723 0.23707691
v -0.07654638 0.03382094 0.26716429
v -0.09914652 -0.04321820 0.19266157
v -0.08184964 0.04902785 0.25341618
v -0.06851689 0.01714245 0.28349161
v -0.09352221 -0.00999493 0.21543613
v -0.09923927 -0.02214151 0.19590399
v -0.10137711 -0.05444245 0.17848000
v -0.09502609 -0.10993990 0.15867762
v -0.04107813 -0.01943609 0.28544390
v -0.07417759 0.03650804 0.28275958
v -0.09874773 -0.09085588 0.15973040
v -0.07727333 0.04887016 0.28127542
v -0.10300343 -0.03402407 0.17732665
v -0.09123141 -0.12929870 0.17142673
v -0.08964301 -0.12699886 0.17522781
v -0.08896661 -0.19232200 0.17265755
v -0.09168237 -0.20904003 0.16395889
v -0.09389050 -0.16928928 0.15881380
v -0.08212736 -0.19025177 0.17953748
v -0.08850368 -0.20717673 0.17487374
v -0.10261218 -0.00522948 0.17972983
v -0.09246922 0.01967366 0.21241896
v -0.09983711 0.01914552 0.18023114
v -0.10371631 0.01351729 0.16574873
v -0.10334482 -0.05286492 0.15959015
v -0.10369837 0.03880795 0.15150310
v -0.10575536 -0.02088536 0.15584944
v -0.10613073 0.00483450 0.15402882
v -0.10836955 0.02955008 0.12887388
v -0.10541537 0.05752061 0.13358732
v -0.10234190 0.06559873 0.13977113
v -0.09459902 0.05226589 0.17633623
v -0.08874632 0.06019474 0.19305715
v -0.08505669 0.04613795 0.23278056
v -0.07525296 0.06844752 0.27836588
v -0.10746458 -0.00908113 0.13304128
v -0.08871188 0.05122231 0.20414576
v -0.09066280 -0.21652766 0.17447944
v -0.07846370 0.08312386 0.23301481
v -0.07369363 0.08400961 0.27751917
v -0.08808129 -0.21543176 0.18570086
v -0.08717194 -0.23956394 0.16021681
v -0.10644747 0.04702943 0.12546603
v -0.08778269 -0.22112612 0.19597369
v -0.09009875 -0.24053654 0.18185665
v -0.08732725 -0.23474413 0.20658584
v -0.08743128 -0.24261376 0.20282893
v -0.08468512 -0.22157611 0.20585063
v -0.10240440 -0.05076182 0.13798939
v -0.09868216 -0.08025185 0.14496472
v -0.08895326 -0.24243775 0.17106692
v -0.06964166 0.02039395 0.28999633
v -0.08823756 -0.24381539 0.18475889
v -0.04966079 -0.00598255 0.29679546
v -0.08306157 -0.12126669 0.18127844
v -0.08185959 -0.10570898 0.18441300
v -0.08230095 -0.09900929 0.18603812
v -0.07920220 -0.23711635 0.21364599
v -0.08073489 -0.24369305 0.20970589
v -0.07776672 -0.21919639 0.21118264
v -0.03972645 -0.01618959 0.29939914
v -0.09937125 0.05455643 0.11812336
v -0.09840363 0.04093473 0.02492451
v -0.10029501 0.04039316 0.10912775
v -0.09679758 0.06266440 0.01808725
v -0.09803694 0.04103484 -0.01589321
v -0.09707529 0.07201491 0.10113672
v -0.09532981 0.07733541 0.03987385
v -0.09515791 0.07672653 -0.00358196
v -0.09523904 0.05775204 -0.05968346
v -0.09739590 0.03802025 -0.05907993
v -0.09426454 0.07599194 -0.02873346
v -0.09763375 0.06861316 0.12913229
v -0.09564213 0.03596179 -0.08119545
v -0.09713709 0.00298436 -0.07154928
v -0.09601125 0.01602544 -0.09056605
v -0.09631512 -0.03132668 -0.11619975
v -0.09492617 -0.01225173 -0.13217178
v -0.09506529 -0.04687688 -0.15842178
v -0.09490205 -0.06764527 -0.16298293
v -0.09711764 0.02488341 -0.03495961
v -0.09532583 -0.05574229 -0.12149232
v -0.09650268 -0.01320507 -0.07787214
v -0.09735560 0.00141792 0.06920239
v -0.09580587 0.00188477 0.00928519
v -0.09566388 -0.00001042 -0.02758760
v -0.09587176 -0.01193482 -0.05780863
v -0.09743125 -0.00470340 0.10697740
v -0.09392484 0.01591520 -0.11113379
v -0.09407067 -0.04100173 -0.07523598
v -0.09287725 -0.08233395 -0.15166782
v -0.09304859 -0.09159879 -0.18118361
v -0.09553440 -0.01685605 0.09303847
v -0.09486441 -0.02559192 0.10873686
v -0.09261528 -0.03863365 -0.05631089
v -0.09357801 -0.01503026 0.03209357
v -0.09209055 -0.02021764 0.00145551
v -0.09133960 -0.02663388 -0.01976434
v -0.09089138 -0.10494190 -0.17873086
v -0.08949573 -0.10547630 -0.15678845
v -0.08970680 -0.15469280 -0.17936087
v -0.08872415 -0.18660472 -0.17178062
v -0.08798299 -0.18956770 -0.18535611
v -0.08783043 -0.20750254 -0.17609844
v -0.08981547 -0.20422679 -0.15379974
v -0.08877779 -0.23603548 -0.15878691
v -0.08940391 -0.23617262 -0.14548653
v -0.08973274 -0.21834067 -0.12618871
v -0.08942790 -0.23608172 -0.12659872
v -0.09133555 -0.03958202 0.09383377
v -0.08745977 -0.15335386 -0.19231167
v -0.08848650 -0.10179923 -0.19417527
v -0.09072214 -0.07805964 -0.11559108
v -0.08955634 -0.09305234 -0.13617505
v -0.08867414 -0.10657562 -0.15347916
v -0.08862885 -0.12471162 -0.15748291
v -0.08813041 -0.19064936 -0.16042529
v -0.08657397 -0.06709655 0.11192480
v -0.08801214 -0.03866163 0.00821079
v -0.08872604 -0.03821068 -0.01809781
v -0.08814610 -0.04268008 0.04032014
v -0.08713191 -0.05085696 0.06465564
v -0.08601868 -0.06436925 0.10099324
v -0.09081206 -0.05981093 -0.08254529
v -0.08819344 -0.08692723 -0.20156294
v -0.08484035 -0.06131404 0.07736984
v -0.08872448 -0.05410127 -0.06612563
v -0.08090036 -0.05791374 0.02936779
v -0.08668957 -0.18307653 -0.19018100
v -0.08518770 -0.05313971 -0.04542052
v -0.08081763 -0.05474439 0.00088374
v -0.08156734 -0.05354830 -0.01893084
v -0.10536259 0.00762770 0.12227257
v -0.10528133 0.03551606 0.11713120
v -0.08613274 -0.10363951 -0.19885555
v -0.09566424 -0.06539762 0.12955418
v -0.08748441 -0.07916194 0.11929418
v -0.08491645 -0.17162511 -0.19460283
v -0.09613360 -0.09023464 0.14068046
v -0.09243515 -0.10991424 0.14725144
v -0.09008913 -0.13968003 0.14271137
v -0.08818193 -0.19864012 0.14150836
v -0.08724999 -0.22018258 0.15109533
v -0.08904924 -0.11076026 0.13842081
v -0.08665480 -0.17649192 0.13725492
v -0.08862736 -0.09320804 0.12816341
v -0.08500750 -0.22052614 0.14812814
v -0.08209016 -0.22292629 -0.17413241
v -0.08046068 -0.22033483 -0.11652157
v -0.07974948 -0.23573923 -0.11625958
v -0.07871186 -0.07497040 0.11303766
v -0.08130334 -0.23520723 -0.16705559
v -0.04794482 0.13671465 0.17179815
v -0.04753647 0.13994059 0.15784469
v -0.05570624 0.13243853 0.13941965
v -0.07055376 0.11127120 0.15787748
v -0.07285326 0.10145311 0.19035874
v -0.04880926 0.13164042 0.19784021
v -0.05774655 0.11601942 0.21716590
v -0.07124970 0.09508918 0.22771288
v -0.08249374 0.09285881 0.16406024
v -0.08227929 0.09707530 0.14943759
v -0.06789659 0.12004768 0.12925504
v -0.08424122 0.10432377 0.09287648
v -0.08345870 0.10198469 0.11127838
v -0.07136515 0.12531091 0.08459980
v -0.05799972 0.14355810 0.07757446
v -0.05036745 0.15444721 0.07575519
v -0.04888287 0.14779550 0.11439379
v -0.07846370 0.08312386 0.23301481
v -0.07317546 0.12530209 0.05642526
v -0.06792691 0.09750088 0.24867456
v -0.04964741 0.12702882 0.22699903
v -0.08494347 0.08419005 0.18178524
v -0.09632157 0.07425271 0.15278044
v -0.09423255 0.07801841 0.14321953
v -0.07369363 0.08400961 0.27751917
v -0.10234190 0.06559873 0.13977113
v -0.05134105 0.15434378 0.03546315
v -0.07385276 0.12528563 0.02945976
v -0.08485717 0.10711820 0.04207546
v -0.05097745 0.12378599 0.26053375
v -0.06190678 0.10702375 0.27642044
v -0.08371063 0.10835552 -0.00894972
v -0.07300350 0.12471674 -0.01970936
v -0.05127612 0.15278177 0.00062495
v -0.09141644 0.08751278 0.10613196
v -0.05239610 0.12277643 0.27905270
v -0.08073211 0.10748060 -0.05710055
v -0.07103903 0.12252136 -0.05388995
v -0.05101448 0.15026020 -0.02493721
v -0.09382524 0.08187436 0.09656791
v -0.09763375 0.06861316 0.12913229
v -0.09515791 0.07672653 -0.00358196
v -0.09532981 0.07733541 0.03987385
v -0.09707529 0.07201491 0.10113672
v -0.09426454 0.07599194 -0.02873346
v -0.09262440 0.07580677 -0.05703323
v -0.10541537 0.05752061 0.13358732
v -0.02674675 0.14456946 0.23285672
v -0.02633342 0.14856397 0.20427111
v -0.02904079 0.14061147 0.26313859
v -0.02604551 0.15181889 0.18472241
v -0.03120683 0.13916920 0.28507012
v -0.02576365 0.15895276 0.14208740
v -0.02688310 0.16353500 0.11024374
v -0.08874632 0.06019474 0.19305715
v -0.09459902 0.05226589 0.17633623
v -0.02823092 0.16796237 0.07398773
v -0.02690903 0.16901024 0.05519842
v -0.02780825 0.16683637 0.00179317
v -0.02697591 0.16846898 0.02340918
v -0.02791227 0.16307323 -0.02525187
v -0.02832175 0.15838990 -0.05083475
v -0.09937125 0.05455643 0.11812336
v -0.04992796 0.14719747 -0.05081105
v -0.10644747 0.04702943 0.12546603
v 0.06349616 -0.11575059 0.18334617
v 0.06410497 -0.15166216 0.18092279
v 0.08239444 -0.16761272 0.17976442
v 0.08212080 -0.11609555 0.18306008
v 0.06334653 -0.18843466 0.17923315
v 0.08144855 -0.19383264 0.17935742
v 0.08270057 -0.10470785 0.18459128
v 0.06265067 -0.10046350 0.18550254
v 0.08031087 -0.20609324 0.18080972
v 0.06177887 -0.20608957 0.18077074
v 0.08316053 -0.09736285 0.18701297
v 0.05989651 -0.08605693 0.19365934
v 0.05963635 -0.07670434 0.20081277
v 0.08412112 -0.08712887 0.19227806
v 0.08847515 -0.20892242 0.17495966
v 0.08194882 -0.07544649 0.20183651
v 0.07749946 -0.06338061 0.21338789
v 0.05775857 -0.05934386 0.21769011
v 0.09299830 -0.06985641 0.19629335
v 0.09271763 -0.05189498 0.20726617
v 0.07068466 -0.03191731 0.23435572
v 0.06239002 -0.04585699 0.23289461
v 0.09145834 -0.03544745 0.21610394
v 0.08105852 -0.01640488 0.23259839
v 0.09252776 -0.08556300 0.18565965
v 0.09114596 -0.10643202 0.17403387
v 0.08969490 -0.01160794 0.22546381
v 0.05359815 -0.03434540 0.24894081
v 0.06455902 -0.01693447 0.25004163
v 0.08955118 -0.13340320 0.17338119
v 0.08822062 -0.19365305 0.17178605
v 0.08354016 0.00236949 0.23727028
v 0.07511830 -0.00365844 0.24572089
v 0.07494830 0.00855793 0.25535107
v 0.06197699 -0.00628923 0.26501989
v 0.04875443 -0.02869155 0.26028308
v 0.04411603 -0.02188968 0.27763429
v 0.04313264 -0.01908293 0.28649879
v 0.06295185 0.00596038 0.28233421
v 0.06006064 0.00554070 0.29484916
v 0.04811316 -0.00820326 0.29766312
v 0.04126576 -0.01619150 0.29938990
v 0.04009108 -0.01711864 0.31333485
v 0.09711850 0.06004237 0.03873217
v 0.09811830 0.06234972 0.10758727
v 0.09983402 0.03794237 0.10952097
v 0.09829731 0.03764303 0.03940979
v 0.09631711 0.07073096 0.06290833
v 0.09952267 0.05247188 0.11725000
v 0.09696837 0.05705318 -0.00758409
v 0.09550489 0.07378336 -0.01671481
v 0.09728479 0.03245592 -0.05320410
v 0.09457839 0.06395631 -0.06017950
v 0.09785263 0.03719564 0.00115557
v 0.09615193 0.02553845 -0.08386300
v 0.09635774 -0.01427126 -0.10009373
v 0.09563991 0.00041187 -0.11018932
v 0.09615675 -0.03502667 -0.12609626
v 0.09427155 -0.00844447 -0.13539161
v 0.09443457 -0.03890102 -0.16225699
v 0.09473655 -0.07090261 -0.16529186
v 0.09588742 -0.02586574 -0.08183956
v 0.09616272 -0.00713814 -0.06321554
v 0.09519774 -0.05123112 -0.11100018
v 0.09908180 0.02487622 0.10746092
v 0.09609382 -0.00007255 0.04268262
v 0.09506311 -0.00101038 -0.01986944
v 0.09747485 0.00247432 0.10700972
v 0.09567916 0.00500442 -0.02848594
v 0.09372329 -0.02457539 -0.04565836
v 0.09367363 -0.04248065 -0.07214534
v 0.09522893 -0.02033794 0.10743137
v 0.09243803 0.02279326 -0.11821067
v 0.09744453 0.06734355 0.12824641
v 0.09331234 -0.01873760 0.04320362
v 0.09197372 -0.02025363 0.00742552
v 0.09218620 -0.02088845 -0.01777967
v 0.09074675 -0.03925424 -0.04008607
v 0.09288846 -0.07087548 -0.12425578
v 0.09257380 -0.08231018 -0.14794841
v 0.09285424 -0.09301858 -0.18142670
v 0.09019170 -0.10184410 -0.15793097
v 0.09116654 -0.10334261 -0.18010099
v 0.09040885 -0.13252838 -0.17753124
v 0.08863188 -0.18794790 -0.16071868
v 0.08894299 -0.18226668 -0.18695825
v 0.08933657 -0.19939837 -0.15839195
v 0.08834489 -0.20125963 -0.17860745
v 0.08839954 -0.21670517 -0.17016800
v 0.08926238 -0.20984477 -0.14376733
v 0.08842535 -0.23592144 -0.15871479
v 0.08840267 -0.23557340 -0.12762105
v 0.08873321 -0.21663241 -0.12713099
v 0.08838633 -0.14502829 -0.19179444
v 0.08885662 -0.10087409 -0.19456862
v 0.09123762 -0.04282533 0.10926533
v 0.09196665 -0.05745529 -0.17922010
v 0.08761197 -0.04037049 0.00779676
v 0.08867256 -0.03922501 -0.01801164
v 0.09177691 -0.06309514 -0.09878261
v 0.08911819 -0.10267490 -0.14967243
v 0.08925261 -0.10755932 -0.15378411
v 0.08898164 -0.12194195 -0.15650162
v 0.09021322 -0.08263325 -0.12295432
v 0.08715402 -0.04509297 0.04144748
v 0.08861464 -0.04920767 0.08808076
v 0.08718695 -0.06157632 0.11143054
v 0.09344169 0.07125122 -0.05880943
v 0.08989466 0.04803412 -0.11076427
v 0.09481717 0.07861192 0.09780698
v 0.09257832 -0.00966019 -0.14724959
v 0.08856125 -0.09196675 -0.19862242
v 0.08622471 0.03425556 -0.13819164
v 0.09013283 -0.03698348 -0.17818536
v 0.08560786 0.01048954 -0.16031797
v 0.08882806 0.07324924 -0.07936303
v 0.09274650 0.08582903 0.10418288
v 0.09159148 0.08607474 0.13353901
v 0.08814220 -0.17344446 -0.15985218
v 0.08570264 0.10501443 -0.02048840
v 0.08672109 0.10320079 0.03279496
v 0.08518101 -0.03916433 -0.19425170
v 0.09527386 0.07556730 0.14208704
v 0.09016760 -0.06153934 -0.08667970
v 0.08545656 -0.05697678 0.08467117
v 0.08999632 -0.07332177 -0.10849656
v 0.08220909 -0.01548119 -0.18991207
v 0.08169320 0.10495940 -0.06099955
v 0.07846879 0.03745321 -0.16254874
v 0.07731594 0.01259827 -0.18495315
v 0.07416872 0.03413247 -0.17976481
v 0.07794819 0.05925997 -0.14448489
v 0.08292370 0.06727935 -0.11486922
v 0.06969487 0.06044017 -0.16942531
v 0.07321617 0.09762658 -0.10941920
v 0.08853184 -0.05673290 -0.07422996
v 0.06697883 0.07605728 -0.16166693
v 0.06896926 0.08859312 -0.13791269
v 0.08829053 0.09553230 0.10487138
v 0.08573359 -0.08762941 -0.20350468
v 0.10239700 0.01315904 0.11366659
v 0.08779450 0.08584860 0.16135822
v 0.10820983 -0.00184301 0.12932789
v 0.10615304 0.03353127 0.11912604
v 0.10868383 0.01613117 0.12772174
v 0.10695974 -0.00744607 0.15506616
v 0.10502276 -0.04745186 0.15806961
v 0.10865518 0.03406148 0.12599900
v 0.10589638 -0.02749052 0.13307056
v 0.10465990 -0.03299263 0.17009665
v 0.10179104 -0.05878304 0.13702360
v 0.10013794 -0.08760472 0.16056789
v 0.10372847 -0.01033544 0.17715369
v 0.10451704 0.01265404 0.16347954
v 0.10184418 -0.05575906 0.17940028
v 0.10548063 0.03524638 0.14580932
v 0.10751052 0.04647677 0.12731560
v 0.10575531 0.05678419 0.13337480
v 0.10056642 0.06859915 0.14439853
v 0.09783978 -0.08175255 0.13956220
v 0.09586833 -0.10887564 0.15906011
v 0.09895759 -0.02049975 0.19797355
v 0.09887077 -0.03649876 0.19616449
v 0.09782584 0.01847876 0.18853626
v 0.09491826 0.01395664 0.20554173
v 0.09955344 0.04233974 0.16422239
v 0.09199853 0.05088807 0.18673743
v 0.08734959 0.02819254 0.23420618
v 0.08598474 0.05812002 0.21330759
v 0.08424931 0.04357170 0.24390583
v 0.07959350 0.08142126 0.22811663
v 0.08613050 0.08388425 0.17987622
v 0.09311821 0.07710266 0.16226852
v 0.07541794 0.08191580 0.26335022
v 0.07798863 0.05446662 0.28171501
v 0.08050459 0.05306310 0.26281950
v 0.07410157 0.08275652 0.27918944
v 0.08838058 0.01718391 0.23197149
v 0.07553726 0.03336316 0.27254671
v 0.07356649 0.03125662 0.28486165
v 0.08983159 -0.00145495 0.22676487
v 0.07986711 0.03992824 0.25757191
v 0.07606819 0.02213304 0.25996751
v 0.08175749 0.02736555 0.24791487
v 0.07074402 0.02328433 0.28946322
v 0.06939006 0.01411504 0.27599058
v 0.09677894 -0.08384296 0.17570254
v 0.09023190 -0.10949192 0.14061037
v 0.09028687 -0.13164668 0.14475434
v 0.09466834 -0.13466653 0.15948889
v 0.09423785 -0.16395050 0.15872705
v 0.08817578 -0.19472575 0.14297837
v 0.09286310 -0.19744402 0.16099042
v 0.08867446 -0.22065166 0.15966241
v 0.09025620 -0.21627218 0.16871782
v 0.08830407 -0.24263802 0.17367984
v 0.08890531 -0.24320126 0.18842699
v 0.08851750 -0.21632124 0.18457209
v 0.08785667 -0.24049690 0.19874531
v 0.08568851 -0.22142614 0.20174396
v 0.08590335 -0.23817551 0.15915385
v 0.08474204 -0.23311590 0.20817211
v 0.08508368 -0.22038828 0.14874926
v 0.08579771 -0.17438635 0.13731050
v 0.09839096 0.06614237 0.32446140
v 0.09124919 0.05229134 0.30950320
v 0.09340867 0.08800429 0.32065228
v 0.10555814 0.06812769 0.34119788
v 0.10201582 0.04515287 0.33026865
v 0.11189020 0.04609849 0.35449210
v 0.11469967 0.06772665 0.36948040
v 0.11622392 0.04557271 0.36973786
v 0.11885387 0.06115129 0.39039943
v 0.11743152 0.04025545 0.39060444
v 0.11463293 0.04075519 0.41147926
v 0.11608724 0.06384733 0.40835974
v 0.11182590 0.08342608 0.37505412
v 0.10891610 0.08129737 0.35746863
v 0.09956414 0.11776384 0.35775158
v 0.10396435 0.10912372 0.37135690
v 0.11047144 0.02557477 0.37212050
v 0.10703440 0.09659110 0.38158336
v 0.10505009 0.11428304 0.37317953
v 0.09574091 0.12587427 0.35020366
v 0.09250735 0.10299630 0.32730091
v 0.11312924 0.02845262 0.39133409
v 0.10984809 0.08385782 0.40086508
v 0.10212526 0.11137935 0.37613788
v 0.10853706 0.02491289 0.41333577
v 0.10162130 0.08952729 0.34110239
v 0.10603645 0.02434841 0.35630479
v 0.10812575 0.04268625 0.42924258
v 0.10762282 0.06523187 0.43055525
v 0.10111790 0.02497210 0.34199205
v 0.10657182 0.12859851 0.37325826
v 0.10603622 0.12097941 0.37578201
v 0.10623935 0.16133225 0.37787354
v 0.10555056 0.16642262 0.37561008
v 0.10555188 0.18956073 0.38059220
v 0.09727636 0.13177589 0.35245749
v 0.09493275 0.16507226 0.35181323
v 0.10421805 0.18892679 0.38362414
v 0.10363916 0.21989395 0.38870946
v 0.10106564 0.22295050 0.38063478
v 0.09716581 0.19483031 0.36463749
v 0.09762151 0.21771120 0.37214407
v 0.10082143 0.23737644 0.38574138
v 0.10219907 0.23676108 0.39054683
v 0.08345358 0.13185954 0.32537261
v 0.08638044 0.15536988 0.33404848
v 0.08679591 -0.10914952 0.13731232
v 0.07908640 -0.05669493 0.01307179
v 0.08055931 -0.05501112 -0.02537088
v 0.08397871 0.04355183 0.29865241
v 0.08678005 -0.09986256 -0.19903612
v 0.08541992 -0.12525775 -0.19770876
v 0.08133534 -0.05919748 0.06518307
v 0.08419109 -0.05518161 -0.05292065
v 0.08021087 0.03037190 0.29873440
v 0.09752753 0.11982327 0.37858650
v 0.10832621 0.07545135 0.41743714
v 0.10188743 0.02726209 0.43118542
v 0.08193172 -0.24275382 0.20960952
v 0.09246466 0.02614460 0.32382330
v 0.06202344 0.10481221 0.27760828
v 0.10626329 0.01671366 0.39139828
v 0.09876934 0.00479890 0.37625998
v 0.07406923 0.12356213 0.06279647
v 0.08497305 0.09661415 0.13926437
v 0.08620089 -0.08127602 0.12105964
v 0.08523041 -0.19938670 0.13988230
v 0.07443383 0.12421492 -0.01622366
v 0.07408622 0.12524249 0.01133567
v 0.05152802 0.12270696 0.27895844
v 0.05078262 0.12370624 0.25734761
v 0.08844250 -0.19602294 -0.15784417
v 0.08523306 0.13351344 0.39675960
v 0.09558979 0.12383948 0.37917265
v 0.06605585 0.10073733 0.23480837
v 0.09687830 0.23537968 0.37925717
v 0.08495501 -0.06540357 0.11187573
v 0.07302973 0.12363645 0.07715102
v 0.08068220 0.09712948 0.16420366
v 0.07693645 0.09861458 0.18215735
v 0.08503778 -0.17743376 -0.19348396
v 0.09295173 0.10957029 0.41111681
v 0.04956574 0.12668246 0.22889896
v 0.09565195 0.00379648 0.40965712
v 0.04953545 0.13133989 0.19641513
v 0.06974873 0.12450343 -0.05258395
v 0.06632893 0.10466412 0.21331254
v 0.05623087 0.12392884 0.18761638
v 0.06939136 0.11946953 0.12381959
v 0.07724447 0.13804153 0.41038096
v 0.08971106 -0.00027739 0.35631251
v 0.06129114 0.11851386 -0.09873086
v 0.09330088 0.01142912 0.34389773
v 0.09320398 0.09291559 0.42874691
v 0.04888779 0.13611162 0.17194036
v 0.05735863 0.13158815 0.13144374
v 0.04791338 0.14566483 0.12676480
v 0.05834354 0.14236230 0.07551323
v 0.05009582 0.15496039 0.07337325
v 0.05101487 0.15449977 0.03848810
v 0.06235977 0.13851815 0.05212280
v 0.05918387 0.14315753 0.02431607
v 0.06712621 0.11509546 0.16324009
v 0.05143210 0.15257533 -0.00114047
v 0.06228124 0.13822776 -0.01678461
v 0.07897110 -0.21959406 0.21080014
v 0.05164165 0.15084194 -0.02080793
v 0.05016173 0.14641783 -0.05306745
v 0.07395324 0.12529248 0.42900857
v 0.06920360 0.14345592 0.42011181
v 0.06556811 0.14383362 0.42625245
v 0.09344978 0.04748089 0.44904280
v 0.07968844 -0.23575932 -0.11597911
v 0.09473027 0.06324702 0.44750500
v 0.05038267 0.13874885 -0.07701668
v 0.05194518 0.13068339 -0.09699573
v 0.05133289 0.12152707 -0.11608835
v 0.09518270 0.03113913 0.44268924
v 0.09389237 0.01373494 0.43020684
v 0.07815735 -0.05982733 0.03212079
v 0.05252638 0.10462122 -0.14413251
v 0.05013068 0.11127333 -0.13735770
v 0.08499306 0.01510502 0.32433733
v 0.07384443 -0.07486825 0.09589206
v 0.07820015 -0.07662119 0.11394049
v 0.07341744 -0.07005051 0.07386514
v 0.07476099 -0.06608237 0.05725886
v 0.09124711 -0.00449526 0.37702513
v 0.08017649 -0.22133592 -0.11680028
v 0.09334485 0.07958325 0.43931749
v 0.06571420 0.00537027 0.30753136
v 0.08253925 0.00120625 0.33811584
v 0.08298453 -0.22662364 -0.17116256
v 0.07926119 -0.23271511 0.21410732
v 0.08421823 0.00068574 0.42924869
v 0.08744100 -0.00625036 0.39955783
v 0.08298013 -0.20372918 -0.18325377
v 0.08486442 0.09298220 0.43872759
v 0.08680166 -0.00530312 0.41122520
v 0.08258565 -0.24495728 0.20167288
v 0.08280772 -0.23556204 -0.16523758
v 0.06854576 0.11450846 0.44240788
v 0.05573055 0.14358148 0.43717507
v 0.07798451 0.00489154 0.44040284
v 0.06077088 0.09475032 0.45897597
v 0.04895818 0.09405795 0.46945477
v 0.04800958 0.11423103 0.46011013
v 0.04451435 0.14403202 0.44654426
v 0.04657084 0.08896501 0.47018164
v 0.07793724 0.08456789 0.44731647
v 0.08115052 0.03094736 0.45371088
v 0.07983622 0.01779272 0.44767508
v -0.05869978 0.20883617 0.37572160
v -0.04632562 0.19767392 0.38189444
v -0.03857625 0.19184445 0.36922419
v -0.07769644 0.22515006 0.38485694
v -0.02052156 0.17316954 0.38335732
v -0.03567305 0.18436922 0.39883310
v -0.05197897 0.19945842 0.39771438
v -0.09159384 0.23602720 0.39325842
v -0.07513029 0.22043665 0.39610887
v -0.02329737 0.17277710 0.40080082
v -0.00893229 0.16348141 0.36813480
v -0.01198567 0.16599917 0.39392591
v -0.01368238 0.16567564 0.40139705
v -0.09489393 0.23860915 0.38832402
v -0.00945439 0.16201673 0.35304257
v -0.07849018 0.22356717 0.37412477
v -0.02201557 0.16920581 0.33582512
v -0.01019693 0.15757066 0.33072406
v -0.04195650 0.18915850 0.34696358
v -0.06281131 0.20819359 0.36113212
v -0.00472043 0.15933508 0.34926954
v -0.09421911 0.23428689 0.37921223
v -0.03881018 0.17200691 0.32737315
v -0.09014563 0.22586292 0.37047184
v -0.02177900 0.15434568 0.31946865
v -0.04961640 0.18637386 0.33891240
v -0.06994405 0.20133634 0.34886643
v -0.10062410 0.23720615 0.38400093
v -0.06021697 0.18816328 0.33695802
v -0.09689172 0.23668936 0.39295974
v -0.10203297 0.23675357 0.38999128
v -0.06819351 -0.16546382 0.13193294
v -0.06840143 -0.18423262 0.13270752
v -0.08323862 -0.18053161 0.13590698
v -0.08028087 -0.12794331 0.13442579
v -0.06847280 -0.10769463 0.13121960
v -0.08624589 -0.10879237 0.13605992
v -0.08665480 -0.17649192 0.13725492
v -0.08185251 -0.19964972 0.13804293
v -0.06948568 -0.20057382 0.13561937
v -0.08818193 -0.19864012 0.14150836
v -0.06733937 -0.21912450 0.14318264
v -0.08058751 -0.22061217 0.14605522
v -0.08111717 -0.23767218 0.15394713
v -0.08500750 -0.22052614 0.14812814
v -0.06794651 -0.09591175 0.12472216
v -0.08862736 -0.09320804 0.12816341
v -0.08904924 -0.11076026 0.13842081
v -0.08748441 -0.07916194 0.11929418
v -0.06286739 -0.23798349 0.15299615
v -0.06325974 -0.20011932 0.13671726
v -0.06646805 -0.08060671 0.11300258
v -0.07871186 -0.07497040 0.11303766
v -0.08657397 -0.06709655 0.11192480
v -0.08217008 -0.24271564 0.15756835
v -0.08717194 -0.23956394 0.16021681
v -0.05913451 -0.21892311 0.14611462
v -0.05780111 -0.19674224 0.13844806
v -0.05655790 -0.17198852 0.13804734
v -0.05761916 -0.09665727 0.13037422
v -0.05742401 -0.10641506 0.13722496
v -0.05189504 -0.08687508 0.12361401
v -0.05524880 -0.22012383 0.14941968
v -0.05743886 -0.24238294 0.15893421
v -0.05448771 -0.19981489 0.14254725
v 0.03476058 0.05103734 -0.33381820
v 0.02755549 0.04748952 -0.28066239
v 0.02763891 0.03485007 -0.32809579
v 0.03353820 0.05757063 -0.30429995
v 0.03211879 0.06362435 -0.27534398
v 0.03192029 0.03395293 -0.36034638
v 0.03494849 0.04343322 -0.36075437
v 0.03030292 0.06887212 -0.25228223
v 0.03123095 0.03082226 -0.36168385
v 0.02519925 0.04696131 -0.27103722
v 0.02240291 0.05711289 -0.23707330
v 0.02132554 0.06632574 -0.22128753
v 0.02744734 0.07742593 -0.23285721
v 0.01941095 0.07386704 -0.20536119
v 0.03545773 0.04022873 -0.36451423
v 0.02932700 0.02234609 -0.39979982
v 0.03514215 0.03807119 -0.40140557
v 0.02773068 0.02341918 -0.36348328
v 0.03308192 0.03648407 -0.43548238
v 0.02738251 0.02076456 -0.43576670
v 0.02192201 0.08467665 -0.20588450
v 0.01965049 0.08125295 -0.19122633
v 0.02059657 0.09240466 -0.18473543
v 0.02088668 0.08137679 -0.17454456
v 0.02213468 0.09532505 -0.16740055
v 0.02020850 0.09567436 -0.19264545
v 0.02401702 0.08498050 -0.21751826
v 0.02878303 0.03021718 -0.45986193
v 0.02089769 0.10996680 -0.15589727
v 0.03152812 0.03770153 -0.45493793
v 0.02926607 0.05528148 -0.43704274
v 0.02838419 0.05348537 -0.45972097
v 0.03172250 0.05626937 -0.36535162
v 0.02670006 0.05371984 -0.47252879
v 0.02907412 0.03665003 -0.47230458
v 0.02807565 0.05598075 -0.43501979
v 0.02950851 0.05736687 -0.40217867
v 0.01895554 0.09765583 -0.19931497
v 0.03087075 0.05760407 -0.36238372
v 0.02214405 0.09089992 -0.21909451
v 0.02853816 0.06620136 -0.33561805
v 0.02678749 0.07421468 -0.28082234
v 0.02399485 0.08256952 -0.25021765
v 0.02871316 0.06196535 -0.36403731
v 0.02262618 0.05413702 -0.48374999
v 0.02328270 0.03823120 -0.48682484
v 0.02514271 0.07547393 -0.28337932
v 0.01696953 0.05370161 -0.49137521
v 0.02321133 0.02594100 -0.47180220
v 0.01599005 0.07532935 -0.19095778
v 0.01679629 0.07625908 -0.17562847
v 0.02381762 0.02048639 -0.45325828
v 0.02458401 0.03933728 -0.29830861
v 0.01014114 0.04057088 -0.49847087
v 0.01446020 0.02614029 -0.48597857
v 0.02288668 0.08215718 -0.17273735
v 0.01338447 0.07253239 -0.17604363
v 0.01053581 0.05482553 -0.49632666
v 0.01124389 0.03712774 -0.49669719
v -0.05211074 -0.20032369 0.16616312
v -0.05366128 -0.18417104 0.16749345
v -0.05197978 -0.20742299 0.16953877
v -0.05312305 -0.16159964 0.16052972
v -0.05450123 -0.12968175 0.16814476
v -0.05291031 -0.10405460 0.15485367
v -0.05489777 -0.10212844 0.17304914
v -0.05324047 -0.16876847 0.15230328
v -0.05267168 -0.22211745 0.15643936
v -0.05311688 -0.20503160 0.14928316
v -0.05135290 -0.21465185 0.17829216
v -0.05131742 -0.23888458 0.16624101
v -0.05066843 -0.24298625 0.18270797
v -0.05164490 -0.23386146 0.20514846
v -0.05193112 -0.22062372 0.19785871
v -0.05179298 -0.24273090 0.20083074
v -0.05448771 -0.19981489 0.14254725
v -0.05552085 -0.10466261 0.14200479
v -0.05655790 -0.17198852 0.13804734
v -0.05524880 -0.22012383 0.14941968
v -0.05742401 -0.10641506 0.13722496
v -0.05481607 -0.22153488 0.20727657
v -0.05365688 -0.09702708 0.13538700
v -0.05447800 -0.23317242 0.21039321
v -0.06219262 -0.10106983 0.18563351
v -0.04972617 -0.09893155 0.15459253
v -0.04775281 -0.08951575 0.17623173
v -0.06170848 -0.12260772 0.18074369
v -0.06107897 -0.15845856 0.17790280
v -0.06230993 -0.19207670 0.17989030
v -0.05712672 -0.24392051 0.20882858
v -0.06362435 -0.17246874 0.18047318
v -0.06182432 -0.20687112 0.18166466
v -0.05984010 -0.08876111 0.19171329
v -0.05369127 -0.24366587 0.17106596
v -0.05743886 -0.24238294 0.15893421
v -0.05780111 -0.19674224 0.13844806
v -0.04895291 -0.09266780 0.13802879
v -0.05189504 -0.08687508 0.12361401
v -0.05761916 -0.09665727 0.13037422
v -0.05194186 -0.07975262 0.19191280
v 0.06701410 -0.13042346 0.13283388
v 0.06796112 -0.16791053 0.13303289
v 0.06392281 -0.18407336 0.13396339
v 0.07542174 -0.10876117 0.13313027
v 0.08160266 -0.19169147 0.13635771
v 0.08007450 -0.16003650 0.13505739
v 0.06900816 -0.10794146 0.13169540
v 0.06433319 -0.19954383 0.13616893
v 0.08068122 -0.20088254 0.13774975
v 0.08579771 -0.17438635 0.13731050
v 0.08679591 -0.10914952 0.13731232
v 0.08523041 -0.19938670 0.13988230
v 0.08639941 -0.09430183 0.12885103
v 0.06247075 -0.22234721 0.14525196
v 0.07902618 -0.23180850 0.15023661
v 0.06065280 -0.19886006 0.13678730
v 0.08040304 -0.24200407 0.15559918
v 0.05915600 -0.24213538 0.15543020
v 0.06892725 -0.09323646 0.12308284
v 0.08620089 -0.08127602 0.12105964
v 0.08508368 -0.22038828 0.14874926
v 0.08904213 -0.10877044 0.13900544
v 0.09028687 -0.13164668 0.14475434
v 0.07820015 -0.07662119 0.11394049
v 0.08495501 -0.06540357 0.11187573
v 0.08718695 -0.06157632 0.11143054
v 0.06650778 -0.08130651 0.11326260
v 0.08590335 -0.23817551 0.15915385
v 0.09023190 -0.10949192 0.14061037
v 0.05940129 -0.10595673 0.13569504
v 0.05965444 -0.13290946 0.13673586
v 0.05680997 -0.09597626 0.13225743
v 0.05937149 -0.18475690 0.13647735
v 0.05557524 -0.21501635 0.14766616
v 0.05241619 -0.08859916 0.12787229
v -0.08113685 -0.17446463 0.17990731
v -0.08306157 -0.12126669 0.18127844
v -0.08212736 -0.19025177 0.17953748
v -0.06230993 -0.19207670 0.17989030
v -0.06362435 -0.17246874 0.18047318
v -0.08033858 -0.12205272 0.18290833
v -0.06389529 -0.11527771 0.18343958
v -0.08185959 -0.10570898 0.18441300
v -0.06219262 -0.10106983 0.18563351
v -0.08056675 -0.20633823 0.18138978
v -0.06182432 -0.20687112 0.18166466
v -0.08230095 -0.09900929 0.18603812
v -0.05984010 -0.08876111 0.19171329
v -0.07528333 -0.08104309 0.19691318
v -0.08207284 -0.08779217 0.19144842
v -0.08889250 -0.09137142 0.18600659
v -0.06014289 -0.07673255 0.20029655
v -0.09109605 -0.07959647 0.19332686
v -0.09185798 -0.10552207 0.17481641
v -0.08850368 -0.20717673 0.17487374
v -0.08134852 -0.07199389 0.20407179
v -0.06170848 -0.12260772 0.18074369
v -0.07410847 -0.05675049 0.21971965
v -0.05918828 -0.06122142 0.21535425
v -0.05194186 -0.07975262 0.19191280
v 0.07163965 0.17902187 0.37284514
v 0.06932899 0.18363601 0.37436888
v 0.06135110 0.16668226 0.36855292
v 0.07542965 0.19162363 0.37814829
v 0.07319813 0.17197432 0.37170428
v 0.06733695 0.14850481 0.36752957
v 0.07968489 0.13726227 0.37126675
v 0.09319954 0.19451718 0.38775712
v 0.09548825 0.14400242 0.38099307
v 0.09373402 0.17423119 0.38416669
v 0.08955395 0.12960929 0.37635225
v 0.09901731 0.12782817 0.37958485
v 0.08578875 0.20573270 0.38762954
v 0.09094232 0.21352576 0.39219728
v 0.09558979 0.12383948 0.37917265
v 0.09936219 0.15207943 0.38187334
v 0.09798017 0.18461546 0.38600928
v 0.09787457 0.20517589 0.38941383
v 0.09752753 0.11982327 0.37858650
v 0.07730930 0.19942579 0.38312200
v 0.05422245 0.15379354 0.36889386
v 0.09002563 0.22203562 0.39435837
v 0.08450773 0.21024022 0.39080197
v 0.04543346 0.16374774 0.37194884
v 0.08272992 0.21632488 0.39573649
v 0.07821779 0.22357126 0.39600846
v 0.06578679 0.20679943 0.39748862
v 0.06291799 0.20933549 0.39660132
v 0.04203586 0.19065486 0.39801824
v 0.04325056 0.18380143 0.39958009
v 0.07295304 0.20530109 0.39656913
v 0.06084368 0.19386101 0.39687961
v 0.09594121 0.23752178 0.39372364
v 0.10603622 0.12097941 0.37578201
v 0.02941000 0.17875083 0.39936143
v 0.10363916 0.21989395 0.38870946
v 0.10349912 0.15402788 0.38040215
v 0.04721308 0.18240166 0.39722660
v 0.03494306 0.17403375 0.40014720
v 0.02446372 0.17006360 0.40178841
v 0.02636255 0.16389674 0.40085420
v 0.10421805 0.18892679 0.38362414
v 0.10219907 0.23676108 0.39054683
v 0.07018997 0.18924728 0.37839839
v 0.02127750 0.16478764 0.40390950
v 0.06430472 0.14748591 0.36857772
v 0.03988452 0.16186242 0.37552238
v 0.05389752 0.17640243 0.37885115
v 0.04275049 0.16852875 0.37814233
v 0.01433524 0.16628163 0.40089166
v 0.10623935 0.16133225 0.37787354
v 0.09538677 0.23913339 0.39267007
v 0.03492614 0.16488780 0.38503253
v 0.03626088 0.16131942 0.38288662
v 0.03035124 0.16262144 0.39427152
v 0.08454377 -0.24436770 0.16953224
v 0.08378635 -0.24510910 0.18316898
v 0.05909939 -0.24527892 0.19534144
v 0.05770251 -0.24446532 0.16819884
v 0.08258565 -0.24495728 0.20167288
v 0.06330654 -0.24374355 0.21205802
v 0.07677523 -0.24361922 0.21146640
v 0.05915600 -0.24213538 0.15543020
v 0.08040304 -0.24200407 0.15559918
v 0.05050280 -0.24330597 0.18322417
v 0.05088451 -0.24296387 0.19774194
v 0.05699828 -0.24272665 0.20910361
v 0.08890531 -0.24320126 0.18842699
v 0.05125880 -0.24145924 0.16484717
v 0.08193172 -0.24275382 0.20960952
v 0.08830407 -0.24263802 0.17367984
v 0.08590335 -0.23817551 0.15915385
v 0.00017054 0.01436312 -0.46719229
v 0.01391650 0.01255085 -0.43599024
v -0.00026185 0.00891918 -0.43637836
v 0.01579039 0.01584753 -0.45396963
v 0.01591736 0.01939309 -0.47161147
v -0.00044105 0.00792177 -0.41067776
v 0.01443832 0.01227604 -0.40174356
v 0.00022063 0.00845026 -0.39129716
v -0.00009972 0.01106063 -0.36624184
v 0.01666837 0.01658406 -0.36472780
v 0.02738251 0.02076456 -0.43576670
v 0.02381762 0.02048639 -0.45325828
v 0.02932700 0.02234609 -0.39979982
v 0.02773068 0.02341918 -0.36348328
v -0.00066597 0.02163158 -0.48600557
v 0.01446020 0.02614029 -0.48597857
v 0.02321133 0.02594100 -0.47180220
v 0.00000375 0.01504605 -0.35957098
v -0.01573154 0.01329947 -0.43689024
v -0.01587004 0.01730939 -0.46042296
v -0.01709636 0.02044996 -0.47210810
v -0.01671275 0.01334899 -0.39989671
v -0.01436985 0.01581357 -0.36465669
v -0.01539632 0.02693920 -0.48584622
v -0.02026668 0.01980292 -0.46103233
v -0.02708036 0.02048765 -0.43448007
v -0.02622301 0.02277437 -0.36310026
v -0.02700224 0.02059419 -0.40069997
v 0.01064873 0.01827826 -0.35959870
v 0.00013881 0.01983956 -0.33047765
v -0.00000504 0.02311529 -0.31198481
v -0.00978258 0.01810390 -0.35953954
v 0.01923819 0.02273166 -0.35892648
v 0.01016231 0.03105786 -0.29775873
v -0.00001475 0.02764103 -0.29184076
v -0.00014501 0.03257880 -0.27022099
v 0.01488429 0.03907459 -0.27629074
v 0.02458401 0.03933728 -0.29830861
v 0.02763891 0.03485007 -0.32809579
v 0.02488147 0.02556992 -0.36008921
v 0.01684114 0.05046810 -0.24282724
v -0.00029230 0.03932624 -0.24890663
v 0.00047692 0.04384198 -0.23567955
v 0.02519925 0.04696131 -0.27103722
v 0.00000339 0.04786593 -0.22514731
v -0.02153476 0.02784916 -0.34365422
v -0.02576236 0.02547912 -0.36018082
v -0.01729022 0.03377727 -0.30345395
v 0.01246558 0.06265591 -0.21414585
v 0.02240291 0.05711289 -0.23707330
v -0.00032483 0.05545212 -0.20981057
v 0.01599005 0.07532935 -0.19095778
v 0.00068208 0.06400376 -0.18770726
v 0.01098884 0.07229280 -0.18422112
v 0.01679629 0.07625908 -0.17562847
v 0.00071365 0.06722423 -0.17866370
v 0.01338447 0.07253239 -0.17604363
v -0.00149899 0.06299982 -0.19296642
v 0.03123095 0.03082226 -0.36168385
v -0.01262463 0.03867606 -0.27378732
v -0.02374727 0.05200505 -0.25151491
v -0.02429985 0.04543504 -0.27556175
v -0.02709948 0.03361699 -0.33624962
v -0.02324810 0.03454899 -0.31763747
v -0.02219901 0.05957279 -0.23163038
v -0.01507724 0.07529340 -0.18586579
v -0.01012688 0.07212046 -0.17512722
v -0.01830598 0.07683425 -0.17446348
v -0.01436903 0.06343412 -0.21594770
v -0.02019567 0.07314045 -0.20788506
v 0.02132554 0.06632574 -0.22128753
v 0.01941095 0.07386704 -0.20536119
v -0.02710371 0.04846758 -0.27567989
v 0.07876094 -0.21256533 0.19317664
v 0.06216018 -0.21281730 0.19349927
v 0.07897110 -0.21959406 0.21080014
v 0.06171855 -0.21959437 0.21079399
v 0.06177887 -0.20608957 0.18077074
v 0.08031087 -0.20609324 0.18080972
v 0.05602134 -0.22126590 0.20707363
v 0.05082517 -0.21770324 0.18590437
v 0.05485282 -0.20866430 0.17377718
v 0.05157820 -0.22182263 0.19931471
v 0.08847515 -0.20892242 0.17495966
v 0.08568851 -0.22142614 0.20174396
v 0.06738592 -0.21151251 -0.13511406
v 0.05496180 -0.21567287 -0.12298838
v 0.07802086 -0.21658157 -0.12026294
v 0.08926238 -0.20984477 -0.14376733
v 0.05258795 -0.20660380 -0.14771467
v 0.08669351 -0.20830347 -0.14458002
v 0.08873321 -0.21663241 -0.12713099
v 0.05510375 -0.20361771 -0.15173346
v 0.08719915 -0.20435801 -0.15090072
v 0.08933657 -0.19939837 -0.15839195
v 0.05891097 -0.22067595 -0.11708370
v 0.05331574 -0.19684160 -0.15835658
v 0.08844250 -0.19602294 -0.15784417
v 0.08017649 -0.22133592 -0.11680028
v 0.05079639 -0.21704555 -0.12524931
v 0.05054785 -0.20813775 -0.15020590
v 0.05207166 -0.19030538 -0.16268073
v 0.05967521 -0.23560394 -0.11631307
v 0.07968844 -0.23575932 -0.11597911
v -0.08130053 0.18812707 0.34347764
v -0.07152197 0.16384064 0.32691836
v -0.08122644 0.15806866 0.32911932
v -0.06695271 0.17547488 0.33107188
v -0.05018839 0.15602748 0.31650791
v -0.05245135 0.14676335 0.31222478
v -0.07986329 0.20070654 0.35035235
v -0.06021697 0.18816328 0.33695802
v -0.05318761 0.17777464 0.32909873
v -0.08821774 0.20698157 0.35871994
v -0.07988045 0.21055079 0.35720235
v -0.09014563 0.22586292 0.37047184
v -0.06994405 0.20133634 0.34886643
v -0.09753731 0.22752172 0.37575710
v -0.10062410 0.23720615 0.38400093
v -0.09421911 0.23428689 0.37921223
v -0.07463209 0.14476679 0.32223615
v -0.06419406 0.13824145 0.31372607
v -0.07480281 0.13033672 0.31760404
v -0.08203648 0.12737989 0.32384279
v -0.08838300 0.18118037 0.34747398
v -0.09640215 0.20162903 0.36471859
v -0.08036608 0.10387502 0.30523404
v -0.06818986 0.12296502 0.30334616
v -0.05936146 0.12881207 0.29918954
v -0.05016924 0.13698794 0.29948550
v -0.06916428 0.09446000 0.27782699
v -0.03958306 0.15171675 0.31405574
v -0.06190678 0.10702375 0.27642044
v -0.07369363 0.08400961 0.27751917
v -0.02934496 0.15301730 0.31567234
v -0.04324713 0.14587544 0.30736849
v -0.03881018 0.17200691 0.32737315
v -0.04062515 0.13851741 0.29337910
v -0.05239610 0.12277643 0.27905270
v -0.03069771 0.14457831 0.29806912
v -0.03120683 0.13916920 0.28507012
v -0.08926125 0.15779969 0.33947796
v -0.09555751 0.17470881 0.35513183
v -0.10025241 0.21970576 0.37742615
v -0.02177900 0.15434568 0.31946865
v -0.08969522 0.10761352 0.32552007
v -0.08786843 0.08724795 0.30923775
v -0.09207963 0.12563813 0.34249014
v -0.09524275 0.08526010 0.32339379
v -0.10039360 0.09269027 0.34071967
v -0.09408674 0.14591821 0.34676430
v -0.08681367 0.06523687 0.30247864
v -0.09970682 0.06463410 0.32709932
v -0.08900426 0.04889900 0.30533543
v -0.10017828 0.04773666 0.32605740
v -0.07525296 0.06844752 0.27836588
v -0.07727333 0.04887016 0.28127542
v -0.10460008 0.17229463 0.37534887
v -0.10853019 0.07778981 0.35401714
v -0.11222983 0.06026426 0.35628465
v -0.09981904 0.13038863 0.35815018
v -0.11231973 0.04825921 0.35347122
v -0.10589205 0.12486407 0.37349221
v -0.10203954 0.10509589 0.35817808
v -0.09874501 0.11808100 0.35825011
v -0.10417885 0.20087703 0.38412133
v -0.11434520 0.07102344 0.37047324
v -0.11740763 0.04911017 0.37218985
v -0.10203297 0.23675357 0.38999128
v -0.11235934 0.08129331 0.37533358
v -0.10259772 0.10890114 0.36884874
v -0.10249855 0.11271616 0.37354204
v -0.11954353 0.05066458 0.38743338
v -0.10007443 0.02448203 0.34037530
v -0.08957782 0.02489194 0.32039979
v -0.08000669 0.02650226 0.30212793
v -0.11719223 0.06667571 0.38999882
v -0.07417759 0.03650804 0.28275958
v -0.10683207 0.02540052 0.35683042
v -0.11130652 0.02550644 0.37227365
v -0.10487404 0.16370645 0.37782401
v -0.10213218 0.10854200 0.37676969
v -0.11073148 0.08368556 0.39452380
v -0.06964166 0.02039395 0.28999633
v -0.11344881 0.02617616 0.39182717
v -0.11750430 0.05135193 0.40770113
v -0.11247192 0.07491240 0.40798783
v -0.11500930 0.06271790 0.41017595
v -0.10341383 0.20752773 0.38781077
v -0.09722970 0.01037122 0.35622665
v -0.10235432 0.10005099 0.39855826
v -0.09688500 0.11913507 0.37926856
v -0.08500607 -0.00019450 0.34543788
v -0.08078045 0.00604397 0.32902080
v -0.10003790 0.00773176 0.37139681
v -0.06571839 0.00640977 0.30639455
v -0.11064471 0.02596840 0.41174281
v -0.09269690 -0.00257113 0.37107670
v -0.09286069 0.11515655 0.40349668
v -0.08855253 0.13027903 0.38893172
v -0.04966079 -0.00598255 0.29679546
v -0.09515306 -0.00099930 0.39155459
v -0.10204186 0.18076083 0.38558394
v -0.11123306 0.05102386 0.42562148
v -0.09882584 0.00729843 0.41067296
v -0.10224083 0.15295766 0.38230550
v -0.08046068 -0.22033483 -0.11652157
v -0.07974948 -0.23573923 -0.11625958
v -0.06035195 -0.23591249 -0.11544435
v -0.05977568 -0.22035028 -0.11622599
v -0.05022578 -0.21731819 -0.12552814
v -0.05035167 -0.23606628 -0.12566695
v -0.07381017 -0.20903681 -0.13998702
v -0.07949272 -0.21633673 -0.12252887
v -0.05440862 -0.21541321 -0.12422144
v -0.05224107 -0.20785488 -0.14530571
v -0.08814566 -0.20905259 -0.14292791
v -0.08596792 -0.20433041 -0.14945813
v -0.05438553 -0.20415877 -0.15040320
v -0.05315146 -0.19856767 -0.15708041
v -0.07371875 -0.20040175 -0.15333003
v -0.08670264 -0.19683796 -0.15751320
v -0.08973274 -0.21834067 -0.12618871
v -0.08981547 -0.20422679 -0.15379974
v -0.07175408 -0.19532827 -0.15729302
v -0.06122167 -0.21934222 0.21093695
v -0.07793110 -0.21312997 0.19486885
v -0.07776672 -0.21919639 0.21118264
v -0.06215547 -0.21123283 0.18982469
v -0.06182432 -0.20687112 0.18166466
v -0.08056675 -0.20633823 0.18138978
v -0.08468512 -0.22157611 0.20585063
v -0.08808129 -0.21543176 0.18570086
v -0.08850368 -0.20717673 0.17487374
v -0.05193112 -0.22062372 0.19785871
v -0.05481607 -0.22153488 0.20727657
v -0.05135290 -0.21465185 0.17829216
v -0.07402167 0.14261472 0.38185731
v -0.08213601 0.13759664 0.37541243
v -0.09078548 0.12810388 0.37867454
v -0.07808071 0.14322497 0.37404755
v -0.06179119 0.15018593 0.37981513
v -0.06283164 0.15822673 0.37254965
v -0.05293182 0.15439099 0.37934223
v -0.04660756 0.16083008 0.37359619
v -0.03653086 0.16209471 0.37905478
v -0.04404858 0.16483979 0.37268212
v -0.05504362 0.16593088 0.36953291
v -0.06831595 0.16559565 0.36971137
v -0.09568352 0.12449825 0.38009718
v -0.06976959 0.18204057 0.37410796
v -0.07423631 0.18007700 0.37343180
v -0.07231414 0.19126493 0.37792045
v -0.08136205 0.20363119 0.38449070
v -0.07815876 0.20330173 0.38605255
v -0.08893692 0.21566701 0.39290643
v -0.05161843 0.17564450 0.37821078
v -0.03940769 0.16611204 0.37740800
v -0.06703825 0.19306076 0.38476041
v -0.04909486 0.17929220 0.38692135
v -0.07656300 0.20829719 0.39592123
v -0.08129781 0.21477155 0.39624143
v -0.05500200 0.19448225 0.39861426
v -0.06378334 0.19630459 0.39669710
v -0.05103483 0.18613401 0.39699376
v -0.04015666 0.17653862 0.39703703
v -0.03482252 0.17550425 0.40016857
v -0.03171760 0.16518649 0.39040819
v -0.02883812 0.16334803 0.39530057
v -0.02373313 0.16452424 0.40122959
v -0.08970618 0.22888826 0.39515603
v -0.10341383 0.20752773 0.38781077
v -0.09689172 0.23668936 0.39295974
v -0.10203297 0.23675357 0.38999128
v -0.09500245 0.20658840 0.39019910
v -0.10204186 0.18076083 0.38558394
v -0.09719429 0.17853954 0.38671747
v -0.10224083 0.15295766 0.38230550
v -0.09662866 0.14940621 0.38333869
v -0.10100044 0.12561555 0.37957364
v -0.09688500 0.11913507 0.37926856
v -0.09222454 0.20087084 0.38839746
v -0.02329737 0.17277710 0.40080082
v -0.07513029 0.22043665 0.39610887
v -0.01875831 0.16517645 0.40259519
v -0.10358271 0.12327833 0.37755823
v -0.03567305 0.18436922 0.39883310
v -0.05197897 0.19945842 0.39771438
v -0.10249855 0.11271616 0.37354204
v -0.07534457 0.16907854 0.37224507
v -0.09380899 0.17632608 0.38532469
v -0.09159384 0.23602720 0.39325842
v -0.08388387 0.14727090 0.37570983
v -0.09351137 0.14281268 0.38068482
v -0.01368238 0.16567564 0.40139705
v -0.10589205 0.12486407 0.37349221
v -0.07920220 -0.23711635 0.21364599
v -0.08073489 -0.24369305 0.20970589
v -0.06169152 -0.24352889 0.21216014
v -0.06123498 -0.23273151 0.21509422
v -0.07776672 -0.21919639 0.21118264
v -0.06122167 -0.21934222 0.21093695
v -0.05481607 -0.22153488 0.20727657
v -0.05447800 -0.23317242 0.21039321
v -0.05712672 -0.24392051 0.20882858
v -0.00187623 0.05482541 -0.49878269
v 0.01053581 0.05482553 -0.49632666
v -0.00160510 0.03937897 -0.50045729
v 0.01014114 0.04057088 -0.49847087
v -0.01272815 0.04090093 -0.49728477
v -0.01376766 0.05488616 -0.49352929
v -0.01856994 0.04081748 -0.49269375
v -0.02154587 0.05441766 -0.48475406
v 0.01124389 0.03712774 -0.49669719
v -0.01539632 0.02693920 -0.48584622
v -0.00129305 0.02875452 -0.49364167
v -0.02433928 0.03950529 -0.48512155
v -0.00066597 0.02163158 -0.48600557
v 0.01446020 0.02614029 -0.48597857
v -0.02648066 0.02993875 -0.47041020
v -0.01709636 0.02044996 -0.47210810
v -0.02026668 0.01980292 -0.46103233
v -0.02708036 0.02048765 -0.43448007
v 0.06330922 -0.23265310 0.21506983
v 0.06330654 -0.24374355 0.21205802
v 0.07677523 -0.24361922 0.21146640
v 0.07926119 -0.23271511 0.21410732
v 0.08193172 -0.24275382 0.20960952
v 0.07897110 -0.21959406 0.21080014
v 0.06171855 -0.21959437 0.21079399
v 0.05699828 -0.24272665 0.20910361
v 0.05543270 -0.23343471 0.21082217
v 0.05602134 -0.22126590 0.20707363
v 0.09149869 0.22777568 0.37203568
v 0.08692512 0.20562913 0.35667950
v 0.08259303 0.21583241 0.36132947
v 0.07218723 0.20325662 0.35008824
v 0.06389887 0.19131193 0.33905980
v 0.08477651 0.19437151 0.34866259
v 0.07455358 0.18164177 0.33643594
v 0.09348773 0.21266872 0.36521673
v 0.09762151 0.21771120 0.37214407
v 0.09687830 0.23537968 0.37925717
v 0.07781583 0.16677587 0.33059540
v 0.05739379 0.15116625 0.31627151
v 0.05347238 0.17658962 0.32834801
v 0.05159615 0.14474458 0.31041458
v 0.06893869 0.13862062 0.31647715
v 0.06901166 0.13178171 0.31267330
v 0.07564291 0.14037293 0.32134569
v 0.08638044 0.15536988 0.33404848
v 0.08345358 0.13185954 0.32537261
v 0.08487464 0.12643643 0.32560390
v 0.09250735 0.10299630 0.32730091
v 0.08049705 0.10952543 0.30884698
v 0.09340867 0.08800429 0.32065228
v 0.09250697 0.18134677 0.35218912
v 0.06421580 0.12723941 0.30376443
v 0.07350288 0.10484599 0.29613686
v 0.07410157 0.08275652 0.27918944
v 0.04771089 0.14080937 0.30331919
v 0.06320030 0.11077262 0.28628722
v 0.05631049 0.12589499 0.29308283
v 0.04078805 0.13631287 0.29124165
v 0.09716581 0.19483031 0.36463749
v 0.06202344 0.10481221 0.27760828
v 0.05152802 0.12270696 0.27895844
v 0.09493275 0.16507226 0.35181323
v 0.02950035 0.13962498 0.28439546
v 0.02957921 0.14516528 0.29844278
v 0.03253979 0.15177821 0.31380787
v 0.05429252 -0.18336192 -0.16031629
v 0.05207166 -0.19030538 -0.16268073
v 0.05331574 -0.19684160 -0.15835658
v 0.05452498 -0.13169600 -0.15829879
v 0.05195476 -0.13685377 -0.16208562
v 0.08814220 -0.17344446 -0.15985218
v 0.06069001 -0.15663047 -0.15885584
v 0.08470745 -0.19044112 -0.15950149
v 0.05545805 -0.18973501 -0.15951100
v 0.08551225 -0.15116510 -0.15853345
v 0.08898164 -0.12194195 -0.15650162
v 0.06195280 -0.12011963 -0.15648748
v 0.05353734 -0.11912689 -0.15749627
v 0.06609715 -0.10650240 -0.15355945
v 0.08925261 -0.10755932 -0.15378411
v 0.05296185 -0.10588614 -0.15398429
v 0.08844250 -0.19602294 -0.15784417
v 0.08863188 -0.18794790 -0.16071868
v 0.08911819 -0.10267490 -0.14967243
v 0.05104909 -0.23598431 -0.14218679
v 0.08842535 -0.23592144 -0.15871479
v 0.05111416 -0.23591684 -0.12498537
v 0.07968844 -0.23575932 -0.11597911
v 0.05758042 -0.23569931 -0.16575651
v 0.08840267 -0.23557340 -0.12762105
v 0.05967521 -0.23560394 -0.11631307
vt 0.60540724 0.21565759
vt 0.60718459 0.23378730
vt 0.58254093 0.24496233
vt 0.54330873 0.22571927
vt 0.53124499 0.25045359
vt 0.51931733 0.22960073
vt 0.51171166 0.25536633
vt 0.49462411 0.24546444
vt 0.60714012 0.24664688
vt 0.50008082 0.26652563
vt 0.47599414 0.28857142
vt 0.47260255 0.25918686
vt 0.49519089 0.28657079
vt 0.62960362 0.21398091
vt 0.54729664 0.25078738
vt 0.58955485 0.24830598
vt 0.62601906 0.24977916
vt 0.64090329 0.23267806
vt 0.64959550 0.21310902
vt 0.62074906 0.26118231
vt 0.63927650 0.25659597
vt 0.66360646 0.22768426
vt 0.67386997 0.21153033
vt 0.62872183 0.26765096
vt 0.55113846 0.22159433
vt 0.65226924 0.25944078
vt 0.63710368 0.27317822
vt 0.64504081 0.28067601
vt 0.48401505 0.24916399
vt 0.67190170 0.22465479
vt 0.66914952 0.24374354
vt 0.66646212 0.19789308
vt 0.65933174 0.26762301
vt 0.64753926 0.19714284
vt 0.61911470 0.19726241
vt 0.60475105 0.21024293
vt 0.57542658 0.21210265
vt 0.65376246 0.28857142
vt 0.52104950 0.22447497
vt 0.60058528 0.20218259
vt 0.67615938 0.21249914
vt 0.67746758 0.20019621
vt 0.67390823 0.24737668
vt 0.60443515 0.24872929
vt 0.60710585 0.25208664
vt 0.46909273 0.25319719
vt 0.50281191 0.26901376
vt 0.51033002 0.25789154
vt 0.08894123 0.58170646
vt 0.08958942 0.59633023
vt 0.10604173 0.59644884
vt 0.11651814 0.56435871
vt 0.08864765 0.56443024
vt 0.13418707 0.58574212
vt 0.13027285 0.59863609
vt 0.15172260 0.57231283
vt 0.08845478 0.54499590
vt 0.13702375 0.55892527
vt 0.14339398 0.58957630
vt 0.15889402 0.56187630
vt 0.15576474 0.57972401
vt 0.16536394 0.57281703
vt 0.12743235 0.54562104
vt 0.10610971 0.54176766
vt 0.08832754 0.53926247
vt 0.17631833 0.56704438
vt 0.16287100 0.55414301
vt 0.07301269 0.54114282
vt 0.10137673 0.66465080
vt 0.12474374 0.62502533
vt 0.12925901 0.66983348
vt 0.11146168 0.67848378
vt 0.14383236 0.68387645
vt 0.12575603 0.69716394
vt 0.15467945 0.70665687
vt 0.13533013 0.70734692
vt 0.17240296 0.70530218
vt 0.17038140 0.68947393
vt 0.09469196 0.64400971
vt 0.09025594 0.60946405
vt 0.06839298 0.57203263
vt 0.07648602 0.60027522
vt 0.07138746 0.54711443
vt 0.18494517 0.56020540
vt 0.07952489 0.61760700
vt 0.14643435 0.54167670
vt 0.06630110 0.58721930
vt 0.12900494 0.54115617
vt 0.07578957 0.53591835
vt 0.09111612 0.66351712
vt 0.18494514 0.70419884
vt 0.18256205 0.69173044
vt 0.47683722 0.11148471
vt 0.48394758 0.13507938
vt 0.45540237 0.13249791
vt 0.45433801 0.10949695
vt 0.50347340 0.11345756
vt 0.52274895 0.13761121
vt 0.53096086 0.11569494
vt 0.42447403 0.10662782
vt 0.42144549 0.12955135
vt 0.40485859 0.10393780
vt 0.40282974 0.12795645
vt 0.37142903 0.12489802
vt 0.34216395 0.12156349
vt 0.36531717 0.10050863
vt 0.33635560 0.09758556
vt 0.28915378 0.11477089
vt 0.27426618 0.08986866
vt 0.23489243 0.10923135
vt 0.23226905 0.08447510
vt 0.20426916 0.08021712
vt 0.21016029 0.10723734
vt 0.19392677 0.08930027
vt 0.18843490 0.07787442
vt 0.18756559 0.10442680
vt 0.17383021 0.10180670
vt 0.39776415 0.15163779
vt 0.41732192 0.15244782
vt 0.44984081 0.15545440
vt 0.17608403 0.11689329
vt 0.36054868 0.14660835
vt 0.32778439 0.14198530
vt 0.18897940 0.11574197
vt 0.47200614 0.15792906
vt 0.23370142 0.13210440
vt 0.20225281 0.13079309
vt 0.17977606 0.13045585
vt 0.28355527 0.13721645
vt 0.49986279 0.16006428
vt 0.52641386 0.16210943
vt 0.55257469 0.13962793
vt 0.55356801 0.11618441
vt 0.55542064 0.16386110
vt 0.15831226 0.11700743
vt 0.15248515 0.10098779
vt 0.17307360 0.07677132
vt 0.16593315 0.12795979
vt 0.57902884 0.11751270
vt 0.57886612 0.14108169
vt 0.57862228 0.16487330
vt 0.14366761 0.11779791
vt 0.13324907 0.10697275
vt 0.13678297 0.09030861
vt 0.11491558 0.10052299
vt 0.11984613 0.09271437
vt 0.08348411 0.09373879
vt 0.09453089 0.10215706
vt 0.06751709 0.10212249
vt 0.05961349 0.10273397
vt 0.07788843 0.08203620
vt 0.06351571 0.07915264
vt 0.09958886 0.08789968
vt 0.14466259 0.08573329
vt 0.15629497 0.07285720
vt 0.14664283 0.12444258
vt 0.06082422 0.07299292
vt 0.04683184 0.09064084
vt 0.05753439 0.10692990
vt 0.03247423 0.08858478
vt 0.02771670 0.11261821
vt 0.03647333 0.06662589
vt 0.05272640 0.11450106
vt 0.05812068 0.11138988
vt 0.06301718 0.11685449
vt 0.03709323 0.04803228
vt 0.05026354 0.13461047
vt 0.06135207 0.05337358
vt 0.02650622 0.12879443
vt 0.07310118 0.14107096
vt 0.02119107 0.08750916
vt 0.02390065 0.06590092
vt 0.06420071 0.06870806
vt 0.07105622 0.06516933
vt 0.08554813 0.04976344
vt 0.01670665 0.11014754
vt 0.02684329 0.14684302
vt 0.07027764 0.14908081
vt 0.07768095 0.12621033
vt 0.04418603 0.02867579
vt 0.06481417 0.03037494
vt 0.03766525 0.03163958
vt 0.08281412 0.06009865
vt 0.04359357 0.14884341
vt 0.01950293 0.14195907
vt 0.59635127 0.11897206
vt 0.59942371 0.14234567
vt 0.09265371 0.02984232
vt 0.01534190 0.04855782
vt 0.60889155 0.16518033
vt 0.53801680 0.09497428
vt 0.50490248 0.09074140
vt 0.00394546 0.12347680
vt 0.61477667 0.11966902
vt 0.09733967 0.03354394
vt 0.44406489 0.08552778
vt 0.40821040 0.08314711
vt 0.03510912 0.15436208
vt 0.54880202 0.18314242
vt 0.52827775 0.18252993
vt 0.06474151 0.16050768
vt 0.00141425 0.08544993
vt 0.00049850 0.10369110
vt 0.00587762 0.06745839
vt 0.62275791 0.14355314
vt 0.62901402 0.16481197
vt 0.57823449 0.18584698
vt 0.63326848 0.12283605
vt 0.48458669 0.08893728
vt 0.64256090 0.14548910
vt 0.64475965 0.13383126
vt 0.65688038 0.14614260
vt 0.64193654 0.16269326
vt 0.67772847 0.13399744
vt 0.70979428 0.15081263
vt 0.71363670 0.13965750
vt 0.65362579 0.16279423
vt 0.74256295 0.14273411
vt 0.74208963 0.15468609
vt 0.77518886 0.15505505
vt 0.77164394 0.16074169
vt 0.79437554 0.16324878
vt 0.79968977 0.15580654
vt 0.82681549 0.16605890
vt 0.84586400 0.15813297
vt 0.86325985 0.16835952
vt 0.86815614 0.15920144
vt 0.87043613 0.16948086
vt 0.87563872 0.15920687
vt 0.91529667 0.17151570
vt 0.93657392 0.16291308
vt 0.93596858 0.17440349
vt 0.69797671 0.15782028
vt 0.86885983 0.14681578
vt 0.83664578 0.14484394
vt 0.93715721 0.15139580
vt 0.74695134 0.17366242
vt 0.72167915 0.17035532
vt 0.78913414 0.17618281
vt 0.69958103 0.16796219
vt 0.69173062 0.16524887
vt 0.78518718 0.14449477
vt 0.82718652 0.18112916
vt 0.86210304 0.18410426
vt 0.89727682 0.18245798
vt 0.93994904 0.17337203
vt 0.94092876 0.16271418
vt 0.96937716 0.17490119
vt 0.96901399 0.16434890
vt 0.98421133 0.16543794
vt 0.98387665 0.17461061
vt 0.97170752 0.15420347
vt 0.98389328 0.15755337
vt 0.94285816 0.15077442
vt 0.77856958 0.17782128
vt 0.93490815 0.18712664
vt 0.96951866 0.18176079
vt 0.93980032 0.18115938
vt 0.98477995 0.18353099
vt 0.64756656 0.12703794
vt 0.59225708 0.18585593
vt 0.61920178 0.18686044
vt 0.62950808 0.18604362
vt 0.99369645 0.17707574
vt 0.99209082 0.16593838
vt 0.78407872 0.13112599
vt 0.74916321 0.13006628
vt 0.71585876 0.12980479
vt 0.69402868 0.13147026
vt 0.86915964 0.18509084
vt 0.66071814 0.16371882
vt 0.97209817 0.18816328
vt 0.83862609 0.13116795
vt 0.99758714 0.15672183
vt 0.05291692 0.17473429
vt 0.06242320 0.17938292
vt 0.99950147 0.16719913
vt 0.01148753 0.13383621
vt 0.86783671 0.13242275
vt 0.91525859 0.14079767
vt 0.56388599 0.09632117
vt 0.58616424 0.09637862
vt 0.63718200 0.10994583
vt 0.63213271 0.10051024
vt 0.60794908 0.09798783
vt 0.65165454 0.17734659
vt 0.93951577 0.13724822
vt 0.15181747 0.07351750
vt 0.98661882 0.14576614
vt 0.99362969 0.15091211
vt 0.09444635 0.01797110
vt 0.90664041 0.13358462
vt 0.09717755 0.04357672
vt 0.09066272 0.05754524
vt 0.02562215 0.03935355
vt 0.94180858 0.13641381
vt 0.97609872 0.14121699
vt 0.08906732 0.00746256
vt 0.06804752 0.01246601
vt 0.35283530 0.07705820
vt 0.64202642 0.09839129
vt 0.19626321 0.05502689
vt 0.21827789 0.05745924
vt 0.24735147 0.06144929
vt 0.28084087 0.06548589
vt 0.30606985 0.06947368
vt 0.65750253 0.10380667
vt 0.08611977 0.00040817
vt 0.05907518 0.18816328
vt 0.59047669 0.59995246
vt 0.60898954 0.60565227
vt 0.58422720 0.61749291
vt 0.60070121 0.58529317
vt 0.58358592 0.58545697
vt 0.60817939 0.57671487
vt 0.57020003 0.60179645
vt 0.56923509 0.58073080
vt 0.56909567 0.61792338
vt 0.59796268 0.63022548
vt 0.57158995 0.56676173
vt 0.60976678 0.63393581
vt 0.58614039 0.63342220
vt 0.56858623 0.63181138
vt 0.59681261 0.56597370
vt 0.59518695 0.64231992
vt 0.58278745 0.64282864
vt 0.57076168 0.64527720
vt 0.62601823 0.63313854
vt 0.62782151 0.60158056
vt 0.62319201 0.57378948
vt 0.62426591 0.64399767
vt 0.64635938 0.63117188
vt 0.67626488 0.60159016
vt 0.66446316 0.57762933
vt 0.71210283 0.60175508
vt 0.71124470 0.58739334
vt 0.78215957 0.60194463
vt 0.76190341 0.58930320
vt 0.71328175 0.61732501
vt 0.77271026 0.61619759
vt 0.67501611 0.62828285
vt 0.63725984 0.58278471
vt 0.81778312 0.62741739
vt 0.79947013 0.63188207
vt 0.74598885 0.62935698
vt 0.81756872 0.59923053
vt 0.81696665 0.57114583
vt 0.82382828 0.58187062
vt 0.69839287 0.63101000
vt 0.63707620 0.65096420
vt 0.75014722 0.57408577
vt 0.70342380 0.57232767
vt 0.81040150 0.64618754
vt 0.81293112 0.55431646
vt 0.83249211 0.61611664
vt 0.66370219 0.64736331
vt 0.65612257 0.56388587
vt 0.68056333 0.55637282
vt 0.63596821 0.55686879
vt 0.83734465 0.63255435
vt 0.61240059 0.56587684
vt 0.62252015 0.56251115
vt 0.84035569 0.57397240
vt 0.83052140 0.56646651
vt 0.85382378 0.57183069
vt 0.79965740 0.64861536
vt 0.76432782 0.64841050
vt 0.83808404 0.60050768
vt 0.83941513 0.58312023
vt 0.84680921 0.61084425
vt 0.65777105 0.55029202
vt 0.71581060 0.55533385
vt 0.75306976 0.55368292
vt 0.70233572 0.65165490
vt 0.65532500 0.54055905
vt 0.85744154 0.61739480
vt 0.67360324 0.65732318
vt 0.64456457 0.66510403
vt 0.65781075 0.66808873
vt 0.68171918 0.66805971
vt 0.69983703 0.66960335
vt 0.70318437 0.65928155
vt 0.72727633 0.67317677
vt 0.72357142 0.65893102
vt 0.75658041 0.67241251
vt 0.76121670 0.65920061
vt 0.78390718 0.65920293
vt 0.78842384 0.67577887
vt 0.81006134 0.65731776
vt 0.81733519 0.67951429
vt 0.73040718 0.65227091
vt 0.87299609 0.60607922
vt 0.63830507 0.66132563
vt 0.86023629 0.55608213
vt 0.63793993 0.54468501
vt 0.83237839 0.55577630
vt 0.85557669 0.59067577
vt 0.88706052 0.60619181
vt 0.89773834 0.59525341
vt 0.91123766 0.60375869
vt 0.92543066 0.57914466
vt 0.95114022 0.57904756
vt 0.95508325 0.58867651
vt 0.95844918 0.60148299
vt 0.98387325 0.59428018
vt 0.97007471 0.57707262
vt 0.97264361 0.61586595
vt 0.90423238 0.61514676
vt 0.98423827 0.63148600
vt 0.95576191 0.61884004
vt 0.93523115 0.60311133
vt 0.97054887 0.63095605
vt 0.98554337 0.57424247
vt 0.92866498 0.62739664
vt 0.95191610 0.63059074
vt 0.63878918 0.67217487
vt 0.60818422 0.64470571
vt 0.67530489 0.53773385
vt 0.84290189 0.62835860
vt 0.74776763 0.67442316
vt 0.87019229 0.55691838
vt 0.87157226 0.56669712
vt 0.87064946 0.54974163
vt 0.84052366 0.67581332
vt 0.83963954 0.64864630
vt 0.83940864 0.68388021
vt 0.86626542 0.64636725
vt 0.86340940 0.66343558
vt 0.83978754 0.65819192
vt 0.67225593 0.54644001
vt 0.69035190 0.53742689
vt 0.71677774 0.54575241
vt 0.70555788 0.53433949
vt 0.73020089 0.52897483
vt 0.74907434 0.54268014
vt 0.76079583 0.52863473
vt 0.78201151 0.52786285
vt 0.78049695 0.54312271
vt 0.81003779 0.52465546
vt 0.81217808 0.54585367
vt 0.83159304 0.52128577
vt 0.84544855 0.54513079
vt 0.86808074 0.63839346
vt 0.75317734 0.54494834
vt 0.91083062 0.62526906
vt 0.62578672 0.55755347
vt 0.67892140 0.52530676
vt 0.71935368 0.55188507
vt 0.62144792 0.64922953
vt 0.86366093 0.54041541
vt 0.61043978 0.55938566
vt 0.90061277 0.58210456
vt 0.88793409 0.58035457
vt 0.86550814 0.62701410
vt 0.84126961 0.53119069
vt 0.86872393 0.57720965
vt 0.88285124 0.56190848
vt 0.88752693 0.62247181
vt 0.63887817 0.53307545
vt 0.84955966 0.51988167
vt 0.95399731 0.57535976
vt 0.65376776 0.52391887
vt 0.85848618 0.52054441
vt 0.85324919 0.68520218
vt 0.87546468 0.66542357
vt 0.87785077 0.64386165
vt 0.88924849 0.55086249
vt 0.89432448 0.55899745
vt 0.54984772 0.60154384
vt 0.55165094 0.61779308
vt 0.55399632 0.58374310
vt 0.88937354 0.53124136
vt 0.88849640 0.52026057
vt 0.54425973 0.57193732
vt 0.87896746 0.68505132
vt 0.55173993 0.63430661
vt 0.55197871 0.55859780
vt 0.88898575 0.66331959
vt 0.89054018 0.64662033
vt 0.89423352 0.67604750
vt 0.89111632 0.63485461
vt 0.54946405 0.64982259
vt 0.52185297 0.62720197
vt 0.53669572 0.63795072
vt 0.49977493 0.62594312
vt 0.50131339 0.60281128
vt 0.47436267 0.62439466
vt 0.47258884 0.60811317
vt 0.45131713 0.62260365
vt 0.45470402 0.60925436
vt 0.43218282 0.61187273
vt 0.42620286 0.62237614
vt 0.41311541 0.60917950
vt 0.41117394 0.62267774
vt 0.40319309 0.60898995
vt 0.40267706 0.59439498
vt 0.40980279 0.59442180
vt 0.42717177 0.59444463
vt 0.39599586 0.62416250
vt 0.37182039 0.60797817
vt 0.36785018 0.58713162
vt 0.35384059 0.60847276
vt 0.34892544 0.58834249
vt 0.32651886 0.61043197
vt 0.35488620 0.63130862
vt 0.33856666 0.63081372
vt 0.32225415 0.59326088
vt 0.37128350 0.63102698
vt 0.32363617 0.62922591
vt 0.30829206 0.62535566
vt 0.30641615 0.61175931
vt 0.30451241 0.59676880
vt 0.45065919 0.59206706
vt 0.35374200 0.64814383
vt 0.32195058 0.57657170
vt 0.32420003 0.64860135
vt 0.41434845 0.64105910
vt 0.35079581 0.57366413
vt 0.42787507 0.64232868
vt 0.40942383 0.57470024
vt 0.42483088 0.57346880
vt 0.36752215 0.57381874
vt 0.30227774 0.57591343
vt 0.37447691 0.64741272
vt 0.47583306 0.58913153
vt 0.49602696 0.58061421
vt 0.30626491 0.64832383
vt 0.29362971 0.61139560
vt 0.44087142 0.64356518
vt 0.40061146 0.64200246
vt 0.29367325 0.59860730
vt 0.29451722 0.62679321
vt 0.35375762 0.65833098
vt 0.43882659 0.57192570
vt 0.44996721 0.64408290
vt 0.33334973 0.55877894
vt 0.39023766 0.57485843
vt 0.35142410 0.55759007
vt 0.45330438 0.56895518
vt 0.31842408 0.55942142
vt 0.32471478 0.65860718
vt 0.46876800 0.64733654
vt 0.29404727 0.65154254
vt 0.28688434 0.57230371
vt 0.47072041 0.56311536
vt 0.48164523 0.63577622
vt 0.50166136 0.64151651
vt 0.48153937 0.65096301
vt 0.51908410 0.58082438
vt 0.50636423 0.56312430
vt 0.36732092 0.56039655
vt 0.30143023 0.56305051
vt 0.27846277 0.61217964
vt 0.28422657 0.62768942
vt 0.28873384 0.65267062
vt 0.27853301 0.59842753
vt 0.90644681 0.66155428
vt 0.90284580 0.64980614
vt 0.48801377 0.55629814
vt 0.37465143 0.65663153
vt 0.89667839 0.68530613
vt 0.30502474 0.65736747
vt 0.90603304 0.53987795
vt 0.91460764 0.52119482
vt 0.90426874 0.55558705
vt 0.52467281 0.56417453
vt 0.52057427 0.64509213
vt 0.93106544 0.68478245
vt 0.50166476 0.65771347
vt 0.93274021 0.55008483
vt 0.52201855 0.65352482
vt 0.91541243 0.55380130
vt 0.49974710 0.55026954
vt 0.93700773 0.66537446
vt 0.91983467 0.65298486
vt 0.93719208 0.65426183
vt 0.93715811 0.52180350
vt 0.93797922 0.55086982
vt 0.27294648 0.62924790
vt 0.33404037 0.68060440
vt 0.32261905 0.68063283
vt 0.52125072 0.55443215
vt 0.35546839 0.68336028
vt 0.37839961 0.66453385
vt 0.58253765 0.56399161
vt 0.57073975 0.56055915
vt 0.26029402 0.62739116
vt 0.25742885 0.61316478
vt 0.25825247 0.60092771
vt 0.40198418 0.56411850
vt 0.37292808 0.55310345
vt 0.51426029 0.54232270
vt 0.52838212 0.66973054
vt 0.27152231 0.58042747
vt 0.27724499 0.57354224
vt 0.23773596 0.61425155
vt 0.30427077 0.68106771
vt 0.23720469 0.60134035
vt 0.33217037 0.53325003
vt 0.35189518 0.53433013
vt 0.29606169 0.54363453
vt 0.31345099 0.53752482
vt 0.23634396 0.62938100
vt 0.41390678 0.65124571
vt 0.43072286 0.64878041
vt 0.37563232 0.68350363
vt 0.89804667 0.56980646
vt 0.25899547 0.59168875
vt 0.27960029 0.65139967
vt 0.59348273 0.55605549
vt 0.26386750 0.64188856
vt 0.28699219 0.54588133
vt 0.41071379 0.55817407
vt 0.42733130 0.56230700
vt 0.37743920 0.53723317
vt 0.39341867 0.67850298
vt 0.59584248 0.64891315
vt 0.60973054 0.65150070
vt 0.23925322 0.59297186
vt 0.42396486 0.66710770
vt 0.43601429 0.66255796
vt 0.54293221 0.55179656
vt 0.54627955 0.65581524
vt 0.25220013 0.58022195
vt 0.41826412 0.54623854
vt 0.39476243 0.53697151
vt 0.24267733 0.64251226
vt 0.22781655 0.61529267
vt 0.29167747 0.67845964
vt 0.23189099 0.63194466
vt 0.26317206 0.64956212
vt 0.31250665 0.52845347
vt 0.29235744 0.52837449
vt 0.55803460 0.65700173
vt 0.30674085 0.51142859
vt 0.27977601 0.68530613
vt 0.34009996 0.86297470
vt 0.32951310 0.88687557
vt 0.32428947 0.86317015
vt 0.37049356 0.86336565
vt 0.37734398 0.88829362
vt 0.39866281 0.87010014
vt 0.39269245 0.89093721
vt 0.32493803 0.89084613
vt 0.39697912 0.86213458
vt 0.41176265 0.89102042
vt 0.41226321 0.86205196
vt 0.31995979 0.87671655
vt 0.31829578 0.88914722
vt 0.31635952 0.86134189
vt 0.35462445 0.86077029
vt 0.31892967 0.85918367
vt 0.30979779 0.89102042
vt 0.30259222 0.86240125
vt 0.95875371 0.33305645
vt 0.95225686 0.35567284
vt 0.97836137 0.35875583
vt 0.98051888 0.33339560
vt 0.95128536 0.36464298
vt 0.97750926 0.36668307
vt 0.98304033 0.31339484
vt 0.96017998 0.31127059
vt 0.95492268 0.33405185
vt 0.95579183 0.31016529
vt 0.98405784 0.26284921
vt 0.96566260 0.27876765
vt 0.98436254 0.24969983
vt 0.96866024 0.24891770
vt 0.97344643 0.23484939
vt 0.99046582 0.23387754
vt 0.98611599 0.26672709
vt 0.99004310 0.24936211
vt 0.95998013 0.26631117
vt 0.96030217 0.24507600
vt 0.96354336 0.23452973
vt 0.98696893 0.35626727
vt 0.99152541 0.31829864
vt 0.98968619 0.33435690
vt 0.98513806 0.36906564
vt 0.94466603 0.36954343
vt 0.99152541 0.38408160
vt 0.09979514 0.95510274
vt 0.10058307 0.95000410
vt 0.13656883 0.95134813
vt 0.06161473 0.95922631
vt 0.11807354 0.94154066
vt 0.14765778 0.96708727
vt 0.16855232 0.94655812
vt 0.17323795 0.96166164
vt 0.14989328 0.94496346
vt 0.17508632 0.97382343
vt 0.02702291 0.95237964
vt 0.15386142 0.97778678
vt 0.02709334 0.96495128
vt 0.02647248 0.94447774
vt 0.12576143 0.93484712
vt 0.14559430 0.94016552
vt 0.02911358 0.93680453
vt 0.02695124 0.93441874
vt 0.16742492 0.98653060
vt 0.13919561 0.93481857
vt 0.05422993 0.93249631
vt 0.10703382 0.92776448
vt 0.01630596 0.95016801
vt 0.01878293 0.95692962
vt 0.01503195 0.93861520
vt 0.01785724 0.96847588
vt 0.16822079 0.93620902
vt 0.01645917 0.93287057
vt 0.00826100 0.96007276
vt 0.12147116 0.92612243
vt 0.07695337 0.96530491
vt 0.12332609 0.95884484
vt 0.13570526 0.95846140
vt 0.04171273 0.97602320
vt 0.02661988 0.97881550
vt 0.15442671 0.98533076
vt 0.17696910 0.98460031
vt 0.00719002 0.96984237
vt 0.07806822 0.97152829
vt 0.11549500 0.96743047
vt 0.13348241 0.96666676
vt 0.01239807 0.98568362
vt 0.00722813 0.93118674
vt 0.00049850 0.98653060
vt 0.75420725 0.79849482
vt 0.77162671 0.78106260
vt 0.77396566 0.80034357
vt 0.75408351 0.77740592
vt 0.76750219 0.74523789
vt 0.74677765 0.75131226
vt 0.73193723 0.76692337
vt 0.73789662 0.79673308
vt 0.75051975 0.81124115
vt 0.78350288 0.80564213
vt 0.71913046 0.74028069
vt 0.74533916 0.73679566
vt 0.77132481 0.74036920
vt 0.72042823 0.77952725
vt 0.71489120 0.79995179
vt 0.71685946 0.81245500
vt 0.70211834 0.75620127
vt 0.77722180 0.73640656
vt 0.80133224 0.81142592
vt 0.69570786 0.74177998
vt 0.69658273 0.78030694
vt 0.78479427 0.72123611
vt 0.80349457 0.72299254
vt 0.69230890 0.79575306
vt 0.69066268 0.81324005
vt 0.81986547 0.71516049
vt 0.67673981 0.75844085
vt 0.67582273 0.74458718
vt 0.65874797 0.79680288
vt 0.65829897 0.81493163
vt 0.64998853 0.80183583
vt 0.66849834 0.77916545
vt 0.66258913 0.78947276
vt 0.66015208 0.76967472
vt 0.65048915 0.74904644
vt 0.64879757 0.76247001
vt 0.72604471 0.72773105
vt 0.79664135 0.82721192
vt 0.83335054 0.82673311
vt 0.82916111 0.81765634
vt 0.74239159 0.82559508
vt 0.71223259 0.82427263
vt 0.78805780 0.70783055
vt 0.81950074 0.70135486
vt 0.69521123 0.72754741
vt 0.68932450 0.82576233
vt 0.72583896 0.71549201
vt 0.67380965 0.72976065
vt 0.64852154 0.73968059
vt 0.76734424 0.69877809
vt 0.69235349 0.71508396
vt 0.71464205 0.71041489
vt 0.81751865 0.69346941
vt 0.74316096 0.70352900
vt 0.73854297 0.84188390
vt 0.77652788 0.84527344
vt 0.80548877 0.84530610
vt 0.83440274 0.83277529
vt 0.71162659 0.84073859
vt 0.69381583 0.83991194
vt 0.65878642 0.82693958
vt 0.63126075 0.75430447
vt 0.62735462 0.76255780
vt 0.63281834 0.81426489
vt 0.63170856 0.80364722
vt 0.83488691 0.84384215
vt 0.66368157 0.72070324
vt 0.84911311 0.82120049
vt 0.85803956 0.83314925
vt 0.86440897 0.82133609
vt 0.91284066 0.82243854
vt 0.89486104 0.83536261
vt 0.92012519 0.83550221
vt 0.90447360 0.82023835
vt 0.93406290 0.83512747
vt 0.93289495 0.82090789
vt 0.85250503 0.84257954
vt 0.87750047 0.81687796
vt 0.92317927 0.84142506
vt 0.66692573 0.77981871
vt 0.66161740 0.83843720
vt 0.93421179 0.81542224
vt 0.61729431 0.80343741
vt 0.95879465 0.83682549
vt 0.95795476 0.82139581
vt 0.64591336 0.72386748
vt 0.93608433 0.84332389
vt 0.98324955 0.81921071
vt 0.99495608 0.83860713
vt 0.98038965 0.83915001
vt 0.62651807 0.74268484
vt 0.61523736 0.76536024
vt 0.61597395 0.82893872
vt 0.99651045 0.81783265
vt 0.90405482 0.81173617
vt 0.98189902 0.81276160
vt 0.94431174 0.84527344
vt 0.61166501 0.73647797
vt 0.63439834 0.76465499
vt 0.65057456 0.76433420
vt 0.81370771 0.92459440
vt 0.79317170 0.91376793
vt 0.81344140 0.91371083
vt 0.79332948 0.92602271
vt 0.77034628 0.92688215
vt 0.76478750 0.93995458
vt 0.79051673 0.94097120
vt 0.81224656 0.94055414
vt 0.77038109 0.90893239
vt 0.75687969 0.92843568
vt 0.76053309 0.92269301
vt 0.75791085 0.91074628
vt 0.73916203 0.92198443
vt 0.75128484 0.89576513
vt 0.72496450 0.90598446
vt 0.74153990 0.88835132
vt 0.75963706 0.88339496
vt 0.76485562 0.89507043
vt 0.72200847 0.89112282
vt 0.72798538 0.91896516
vt 0.74643213 0.93001944
vt 0.70683300 0.90887529
vt 0.75721192 0.87203276
vt 0.73472184 0.87759060
vt 0.73063368 0.93503410
vt 0.70880282 0.92305773
vt 0.73301983 0.94363600
vt 0.72088200 0.87847567
vt 0.70400649 0.88987726
vt 0.75264102 0.85661173
vt 0.72934771 0.86329114
vt 0.78868461 0.96689600
vt 0.76256299 0.95567405
vt 0.76229805 0.98402166
vt 0.78665215 0.98494738
vt 0.81058836 0.96886450
vt 0.80890989 0.98688686
vt 0.79439771 0.91141808
vt 0.78084964 0.90321177
vt 0.71723127 0.94838411
vt 0.73050284 0.96681345
vt 0.74747258 0.98569894
vt 0.77274114 0.89806163
vt 0.70430440 0.93334794
vt 0.73499221 0.98841506
vt 0.79168540 0.88767737
vt 0.78319311 0.88478446
vt 0.78059131 0.87844127
vt 0.78752816 0.87677068
vt 0.79884350 0.87560928
vt 0.80275923 0.89035934
vt 0.79293841 0.89270747
vt 0.80240256 0.88488054
vt 0.80100298 0.89780086
vt 0.68915576 0.92245215
vt 0.68904310 0.92852557
vt 0.81499571 0.89870787
vt 0.81496859 0.89154655
vt 0.81511825 0.88203961
vt 0.68211383 0.90952229
vt 0.68789905 0.88830030
vt 0.70246178 0.95657277
vt 0.72579151 0.99072444
vt 0.76552916 0.86418247
vt 0.70803225 0.87897861
vt 0.74522817 0.84775507
vt 0.83463442 0.95939326
vt 0.84079319 0.94324547
vt 0.81507552 0.87217224
vt 0.83137137 0.98836595
vt 0.68823612 0.97052532
vt 0.71332681 0.99142855
vt 0.66799456 0.92310709
vt 0.67058688 0.93435377
vt 0.83014566 0.91486317
vt 0.71105748 0.86277682
vt 0.75599533 0.84896791
vt 0.79770529 0.86631727
vt 0.78676432 0.86740345
vt 0.66151547 0.91363937
vt 0.82872814 0.88343400
vt 0.83065730 0.89038485
vt 0.82881844 0.89407116
vt 0.69257128 0.87607092
vt 0.68252677 0.98830706
vt 0.67467284 0.95896423
vt 0.83088136 0.90976661
vt 0.86237162 0.93994170
vt 0.86410838 0.94478399
vt 0.86186463 0.96380192
vt 0.85610354 0.99142855
vt 0.84347570 0.91353923
vt 0.83540112 0.87323761
vt 0.66827583 0.88735670
vt 0.81337559 0.86406142
vt 0.87499928 0.91606408
vt 0.85878539 0.91127402
vt 0.87713224 0.89953882
vt 0.90142196 0.92315340
vt 0.89620191 0.90597796
vt 0.88402486 0.92540699
vt 0.89310336 0.93339741
vt 0.86532712 0.89553022
vt 0.90962499 0.90748435
vt 0.88924068 0.89423001
vt 0.92273182 0.92133969
vt 0.87192678 0.88602817
vt 0.90425122 0.93994856
vt 0.90971732 0.89191997
vt 0.84230363 0.88774014
vt 0.84550911 0.88405383
vt 0.84504497 0.90532374
vt 0.92218548 0.90726751
vt 0.83761507 0.89406019
vt 0.88092953 0.94665259
vt 0.89200127 0.87358648
vt 0.87356853 0.87345195
vt 0.86133528 0.90035737
vt 0.87213618 0.86289030
vt 0.88359213 0.85239106
vt 0.91291749 0.87964416
vt 0.85224313 0.87177563
vt 0.95409048 0.54344910
vt 0.94666004 0.50962430
vt 0.98753738 0.52570826
vt 0.98716605 0.53696001
vt 0.98716605 0.50974667
vt 0.95680594 0.50081635
vt 0.97691929 0.50117654
vt 0.97958857 0.54408163
vt 0.94807547 0.53907418
vt 0.97687113 0.91809928
vt 0.97395390 0.94913703
vt 0.98782700 0.92219245
vt 0.98896909 0.90336883
vt 0.95586365 0.94380969
vt 0.93705654 0.96741378
vt 0.94711226 0.97499752
vt 0.96665305 0.97045398
vt 0.94301277 0.99486607
vt 0.92750925 0.98247838
vt 0.96257222 0.99611127
vt 0.94205934 0.99959183
vt 0.92524111 0.99646574
vt 0.99684596 0.90018457
vt 0.98210108 0.95909697
vt 0.98485595 0.99284399
vt 0.99897707 0.96125197
vt 0.99950147 0.91987073
vt 0.99913365 0.93756086
vt 0.99929273 0.97594410
vt 0.99950147 0.99251068
vt 0.98230749 0.90023863
vt 0.91669756 0.99246943
vt 0.97346532 0.90714204
vt 0.96053177 0.91850030
vt 0.93440223 0.94241381
vt 0.94745457 0.93134236
vt 0.92365044 0.97137666
vt 0.98887897 0.89611965
vt 0.92073208 0.95611197
vt 0.90635997 0.98176461
vt 0.90179461 0.98189884
vt 0.99364126 0.89428574
vt 0.43436816 0.02831417
vt 0.39748198 0.02832139
vt 0.43608251 0.01656687
vt 0.37215909 0.01233369
vt 0.35472080 0.02792382
vt 0.44132403 0.03015548
vt 0.46713650 0.02112198
vt 0.34315476 0.01763010
vt 0.34708259 0.02559811
vt 0.47011328 0.03231686
vt 0.32357416 0.02631038
vt 0.30845267 0.01409990
vt 0.34278512 0.00693876
vt 0.29661989 0.02824193
vt 0.26999968 0.01595563
vt 0.27171648 0.03021264
vt 0.46125576 0.01555490
vt 0.48272419 0.01908863
vt 0.50897741 0.02699846
vt 0.49253359 0.03553385
vt 0.51510006 0.03681940
vt 0.52913249 0.03003752
vt 0.52957076 0.04286963
vt 0.42954856 0.02934939
vt 0.54432976 0.02875245
vt 0.55021775 0.03836459
vt 0.51332408 0.04485583
vt 0.55160373 0.04955465
vt 0.23535906 0.02923393
vt 0.31844732 0.03588504
vt 0.34276393 0.04223228
vt 0.35007098 0.04230881
vt 0.56025028 0.04395127
vt 0.27625018 0.04772115
vt 0.49135986 0.04419470
vt 0.52128869 0.04679912
vt 0.27086100 0.04451555
vt 0.23798461 0.03617501
vt 0.23786536 0.04965955
vt 0.38548219 0.04197985
vt 0.43441170 0.04067808
vt 0.46607691 0.04271221
vt 0.55843931 0.05090141
vt 0.54912448 0.03216630
vt 0.56979060 0.05265307
vt 0.22210726 0.03982317
vt 0.22422375 0.05265307
vt 0.21286142 0.04273868
vt 0.34651852 0.00840265
vt 0.30419376 0.01061928
vt 0.54345351 0.02516723
vt 0.53165919 0.02421254
vt 0.35922635 0.71709180
vt 0.36326566 0.69148928
vt 0.37560534 0.72102547
vt 0.40206292 0.69596130
vt 0.40174317 0.71578908
vt 0.34782121 0.71479756
vt 0.35047653 0.69411427
vt 0.40528414 0.69993144
vt 0.37544349 0.68938774
vt 0.39433715 0.72122449
vt 0.39409953 0.69103527
vt 0.36133081 0.72122449
vt 0.34247258 0.69823748
vt 0.34964469 0.72004443
vt 0.53146881 0.68343639
vt 0.52235532 0.70900267
vt 0.51862907 0.67907900
vt 0.55560881 0.69349718
vt 0.54699814 0.71285450
vt 0.56797975 0.71233141
vt 0.57708448 0.72872317
vt 0.47112626 0.69075871
vt 0.49181014 0.66882849
vt 0.47237799 0.66340035
vt 0.47248033 0.70600575
vt 0.56469721 0.72930044
vt 0.52456653 0.72105664
vt 0.49054050 0.71839404
vt 0.43630365 0.68665493
vt 0.44613713 0.65918368
vt 0.52667081 0.73210740
vt 0.49286526 0.73288679
vt 0.47061142 0.73445672
vt 0.59466219 0.75620884
vt 0.56004232 0.75385219
vt 0.53981245 0.75295371
vt 0.56635922 0.77103364
vt 0.59962672 0.77020228
vt 0.51165712 0.75464535
vt 0.53562784 0.76748890
vt 0.60552084 0.79173976
vt 0.61050856 0.82278228
vt 0.58197683 0.82299691
vt 0.57361960 0.80715203
vt 0.54468149 0.78552634
vt 0.58971184 0.83597046
vt 0.61527222 0.84632814
vt 0.58302975 0.73154342
vt 0.56532079 0.69648278
vt 0.59318870 0.72304326
vt 0.16468188 0.81171626
vt 0.18106471 0.81427574
vt 0.17134316 0.82572180
vt 0.14671345 0.81942385
vt 0.15124618 0.80108887
vt 0.16038096 0.84042209
vt 0.14796844 0.83546764
vt 0.13081767 0.82863975
vt 0.19000712 0.83204979
vt 0.19756478 0.84510511
vt 0.17571424 0.84713686
vt 0.16610160 0.79943740
vt 0.19396567 0.85901499
vt 0.21002173 0.86290568
vt 0.13318434 0.80957645
vt 0.16326083 0.78468013
vt 0.13801652 0.79096460
vt 0.11335047 0.82295573
vt 0.17079477 0.78277940
vt 0.13833967 0.78140122
vt 0.11259257 0.79485416
vt 0.11536338 0.80368650
vt 0.14923710 0.77332920
vt 0.22952023 0.85979772
vt 0.22874439 0.88436073
vt 0.16542134 0.77111697
vt 0.13286440 0.76829702
vt 0.21296459 0.83249342
vt 0.14833695 0.75577974
vt 0.11371375 0.78164148
vt 0.18905717 0.80566633
vt 0.20965160 0.81541914
vt 0.22710145 0.84163523
vt 0.24545066 0.88813406
vt 0.09955899 0.81794024
vt 0.11710302 0.76529843
vt 0.24489386 0.87190890
vt 0.11965497 0.75504017
vt 0.22855464 0.82502401
vt 0.23151718 0.90406746
vt 0.22734450 0.90213418
vt 0.22848232 0.95619756
vt 0.23741949 0.97012776
vt 0.24361178 0.93739319
vt 0.21873631 0.95437080
vt 0.22607298 0.96842974
vt 0.22613223 0.80155355
vt 0.19150715 0.78090733
vt 0.22504415 0.78140962
vt 0.24009906 0.78614986
vt 0.24601042 0.84053534
vt 0.25440562 0.76531613
vt 0.25014287 0.81435519
vt 0.25205529 0.79331982
vt 0.27750808 0.77315581
vt 0.27272710 0.75001627
vt 0.26605445 0.74310231
vt 0.22806950 0.75362140
vt 0.21032347 0.74673682
vt 0.16975035 0.75847769
vt 0.12278897 0.73887837
vt 0.27303904 0.80477595
vt 0.19918838 0.75428879
vt 0.22678024 0.97627711
vt 0.16899770 0.72718018
vt 0.12369896 0.72592139
vt 0.21531145 0.97514927
vt 0.24088153 0.99548173
vt 0.28103206 0.75873709
vt 0.20514299 0.97986549
vt 0.21906479 0.99577439
vt 0.19475682 0.99076730
vt 0.19780412 0.99728906
vt 0.19471535 0.97996271
vt 0.26769516 0.83924836
vt 0.26005200 0.86354631
vt 0.22981492 0.99757755
vt 0.10791690 0.77792591
vt 0.21602635 0.99877548
vt 0.09299536 0.80276221
vt 0.21825717 0.89750117
vt 0.21487901 0.88475865
vt 0.21392119 0.87915379
vt 0.18413889 0.99223632
vt 0.18796155 0.99798459
vt 0.18607436 0.97746164
vt 0.08624128 0.81330955
vt 0.29045853 0.75176483
vt 0.38611320 0.76385880
vt 0.29931700 0.76394987
vt 0.39329064 0.74555355
vt 0.42812324 0.76389903
vt 0.30807820 0.73711038
vt 0.37104225 0.73300648
vt 0.41562814 0.73375267
vt 0.47316858 0.74981600
vt 0.47245479 0.76646990
vt 0.44146815 0.73436075
vt 0.27929980 0.73977172
vt 0.49519190 0.76811343
vt 0.48539394 0.79586071
vt 0.50487083 0.78480172
vt 0.53151774 0.82440227
vt 0.54775524 0.80826300
vt 0.57497734 0.83705896
vt 0.57997370 0.85441178
vt 0.44770151 0.77754074
vt 0.53723276 0.84488052
vt 0.49198279 0.80944878
vt 0.34034371 0.79701549
vt 0.40208560 0.79690337
vt 0.44011307 0.79856962
vt 0.47132245 0.80850685
vt 0.30145004 0.80208153
vt 0.52606630 0.78470695
vt 0.48946273 0.83295113
vt 0.56860155 0.86703205
vt 0.59916556 0.87426001
vt 0.31578737 0.81242096
vt 0.29964361 0.81979543
vt 0.46986735 0.83118659
vt 0.37852520 0.81124789
vt 0.41010204 0.81584823
vt 0.43201354 0.82135081
vt 0.59714091 0.88574266
vt 0.57433635 0.88672203
vt 0.59906048 0.92802656
vt 0.59205258 0.95531499
vt 0.60625315 0.95751935
vt 0.59721982 0.97298002
vt 0.57389450 0.97074395
vt 0.58008128 0.99762982
vt 0.56627434 0.99807805
vt 0.54569834 0.98343390
vt 0.54668063 0.99848580
vt 0.31500679 0.83180553
vt 0.61265469 0.92666066
vt 0.61335284 0.88283104
vt 0.53126729 0.86409140
vt 0.55270165 0.87657464
vt 0.57083523 0.88777566
vt 0.57549798 0.90306628
vt 0.58034474 0.95897520
vt 0.29670438 0.85511911
vt 0.40305102 0.83177549
vt 0.43023837 0.83138901
vt 0.36999106 0.83494508
vt 0.34495741 0.84177107
vt 0.30779555 0.85299188
vt 0.49702850 0.84902084
vt 0.62063807 0.87006027
vt 0.33194795 0.85072786
vt 0.47980344 0.84471023
vt 0.38133934 0.84905928
vt 0.61132634 0.95193917
vt 0.45820150 0.84464532
vt 0.41051438 0.84661800
vt 0.43078074 0.84565651
vt 0.28444275 0.79128075
vt 0.28969675 0.76817900
vt 0.61878550 0.88439763
vt 0.27690387 0.85218519
vt 0.28843001 0.86474866
vt 0.61616695 0.94217920
vt 0.26423883 0.87204480
vt 0.25747988 0.88857681
vt 0.26135105 0.91342133
vt 0.26071438 0.96221119
vt 0.25057214 0.97981787
vt 0.26700690 0.88977820
vt 0.26620066 0.94404906
vt 0.27843612 0.87589157
vt 0.25423592 0.98048437
vt 0.59795207 0.98704493
vt 0.53191513 0.98567724
vt 0.53198445 0.99877548
vt 0.29665902 0.86436146
vt 0.59167129 0.99794835
vt 0.90199763 0.40806067
vt 0.90335143 0.39592755
vt 0.89000559 0.38126206
vt 0.86537713 0.39927840
vt 0.85947502 0.42778468
vt 0.90019935 0.43060434
vt 0.88390511 0.44869578
vt 0.85939252 0.45999360
vt 0.84342337 0.40660411
vt 0.84541011 0.39380121
vt 0.87106675 0.37413883
vt 0.84382451 0.34528369
vt 0.84444433 0.36106509
vt 0.86826110 0.33590293
vt 0.89084965 0.32786924
vt 0.90439045 0.32508224
vt 0.90414143 0.35840774
vt 0.84560442 0.46583277
vt 0.86393994 0.31213373
vt 0.86582094 0.47739846
vt 0.89915872 0.45572954
vt 0.83670831 0.42252898
vt 0.81816727 0.39922571
vt 0.82149673 0.39072621
vt 0.85432285 0.50326532
vt 0.80578631 0.38923538
vt 0.89911944 0.29108357
vt 0.86044067 0.28937471
vt 0.83999473 0.30209607
vt 0.89946043 0.48440683
vt 0.88060689 0.49973762
vt 0.83591276 0.25886917
vt 0.85488009 0.24791265
vt 0.89388424 0.26183653
vt 0.82691836 0.35836029
vt 0.89986271 0.50016594
vt 0.83151037 0.21827835
vt 0.85034853 0.21926987
vt 0.88902438 0.24052286
vt 0.81965023 0.35091722
vt 0.80996168 0.37988013
vt 0.80312550 0.26692641
vt 0.80848116 0.30355340
vt 0.80995363 0.35587043
vt 0.80019027 0.24576050
vt 0.79781038 0.22186959
vt 0.79646015 0.38491601
vt 0.92843640 0.45855290
vt 0.92876792 0.43398261
vt 0.92718244 0.48457056
vt 0.92943484 0.41712338
vt 0.92715663 0.50326532
vt 0.93070787 0.38035369
vt 0.93022496 0.35298467
vt 0.81562984 0.43467104
vt 0.80353385 0.42146707
vt 0.92897063 0.32190919
vt 0.92851061 0.30591857
vt 0.92006099 0.26107049
vt 0.92439532 0.27913707
vt 0.91377217 0.23864233
vt 0.90669501 0.21755099
vt 0.79590541 0.37211776
vt 0.88417965 0.21899605
vt 0.78614157 0.37920028
vt 0.33860087 0.25365788
vt 0.35141975 0.22632039
vt 0.37389913 0.21888924
vt 0.35595611 0.25938332
vt 0.36232743 0.19788581
vt 0.38106695 0.19810951
vt 0.35118920 0.26889235
vt 0.33124915 0.26402169
vt 0.38310367 0.18822134
vt 0.36581156 0.18399191
vt 0.34719914 0.27523237
vt 0.32004842 0.27354693
vt 0.31278619 0.28089333
vt 0.34085020 0.28401905
vt 0.39307421 0.18827808
vt 0.32937163 0.29295301
vt 0.31539491 0.30127180
vt 0.29666686 0.29517728
vt 0.33917415 0.30072320
vt 0.32668710 0.31443274
vt 0.28843918 0.32335949
vt 0.28758636 0.31020749
vt 0.31572261 0.32655990
vt 0.29263568 0.33836848
vt 0.35108635 0.28815860
vt 0.36612326 0.27090693
vt 0.30244100 0.34452534
vt 0.26791239 0.31640828
vt 0.26928186 0.33304131
vt 0.37318182 0.24822891
vt 0.39073765 0.20066738
vt 0.28635839 0.35396588
vt 0.27571881 0.34666240
vt 0.26450092 0.35637224
vt 0.25290838 0.34043872
vt 0.25541297 0.31923491
vt 0.23749410 0.32296252
vt 0.22904888 0.32478154
vt 0.23532507 0.34990609
vt 0.22321285 0.34836566
vt 0.21905492 0.33448517
vt 0.21657725 0.32646847
vt 0.20329261 0.32625413
vt 0.48338073 0.42813540
vt 0.41224763 0.42007250
vt 0.41444129 0.39927226
vt 0.48670760 0.40908110
vt 0.45660445 0.43365276
vt 0.40413871 0.41043419
vt 0.53167820 0.43256944
vt 0.53785533 0.44813555
vt 0.58377373 0.41911906
vt 0.58448219 0.44701600
vt 0.52642393 0.41438484
vt 0.61724043 0.41860414
vt 0.64289904 0.38732934
vt 0.65031874 0.40187001
vt 0.67515844 0.37411797
vt 0.67897642 0.39896429
vt 0.71448803 0.37764192
vt 0.72532934 0.35037708
vt 0.62615073 0.37398827
vt 0.60250276 0.38691604
vt 0.66278392 0.35716486
vt 0.41881636 0.38861012
vt 0.49002364 0.37653887
vt 0.55556947 0.38494462
vt 0.42311937 0.36983365
vt 0.56349623 0.39153457
vt 0.58752757 0.36876678
vt 0.61938369 0.35772634
vt 0.42627040 0.35054004
vt 0.65383875 0.42275840
vt 0.39042220 0.42131317
vt 0.49272516 0.36039758
vt 0.53053206 0.36405802
vt 0.55721903 0.36729586
vt 0.58448279 0.35485685
vt 0.68144870 0.34230757
vt 0.70954269 0.33681846
vt 0.74811697 0.33422017
vt 0.72504610 0.32143223
vt 0.74948490 0.32474852
vt 0.75412667 0.29825264
vt 0.74990118 0.24552518
vt 0.77683306 0.25605613
vt 0.75042051 0.23481578
vt 0.77287978 0.23748243
vt 0.76776987 0.22195858
vt 0.73729086 0.22235924
vt 0.76042914 0.20240301
vt 0.72657001 0.19597411
vt 0.72101974 0.21270889
vt 0.77292216 0.29007035
vt 0.76483053 0.32995224
vt 0.42803955 0.33107650
vt 0.73719400 0.36496621
vt 0.53375131 0.34622979
vt 0.56092590 0.35111749
vt 0.65229952 0.34423012
vt 0.71625811 0.31894767
vt 0.72191018 0.31547457
vt 0.72836006 0.30322456
vt 0.68271625 0.33143914
vt 0.49915662 0.33750236
vt 0.45107350 0.32810295
vt 0.42881957 0.31474805
vt 0.58159292 0.45296264
vt 0.64050776 0.44308293
vt 0.41933659 0.43531156
vt 0.69191420 0.40028369
vt 0.76689804 0.33871043
vt 0.67266160 0.43701178
vt 0.73142308 0.38275588
vt 0.70167059 0.42094696
vt 0.60258174 0.45891154
vt 0.41147777 0.44064486
vt 0.38158149 0.43680203
vt 0.74480283 0.25810891
vt 0.53579164 0.47622037
vt 0.48141333 0.46667981
vt 0.74987012 0.38453430
vt 0.37492445 0.42640048
vt 0.63888073 0.34315407
vt 0.45603466 0.32144690
vt 0.66494721 0.33673728
vt 0.73979157 0.40469730
vt 0.57728362 0.48330295
vt 0.69837874 0.44557726
vt 0.72832352 0.42874908
vt 0.71787637 0.44674087
vt 0.67419630 0.46077496
vt 0.64102620 0.46124840
vt 0.70106661 0.46806824
vt 0.62928641 0.48759806
vt 0.62430042 0.34474027
vt 0.68937474 0.48041654
vt 0.66135097 0.48612672
vt 0.40882841 0.44944787
vt 0.77190357 0.34369934
vt 0.41341883 0.37798268
vt 0.35300443 0.43364096
vt 0.39864787 0.36397982
vt 0.40388867 0.39378327
vt 0.39757681 0.37865019
vt 0.37388998 0.35648370
vt 0.37623981 0.32357889
vt 0.39668822 0.39315951
vt 0.39860645 0.34253466
vt 0.36238906 0.33404940
vt 0.39880168 0.31618297
vt 0.37849736 0.29002261
vt 0.35223135 0.35159647
vt 0.36254290 0.37177068
vt 0.35592183 0.31452000
vt 0.37695774 0.39192712
vt 0.39359888 0.40272123
vt 0.38648474 0.41012883
vt 0.37400696 0.41904795
vt 0.39919817 0.29685020
vt 0.38320014 0.27177715
vt 0.33254516 0.34091949
vt 0.33668929 0.32828379
vt 0.33591864 0.37383538
vt 0.31915462 0.36806870
vt 0.35710329 0.39603525
vt 0.33234170 0.40113759
vt 0.28683227 0.37661159
vt 0.30364642 0.40442371
vt 0.27397862 0.38860428
vt 0.28466040 0.42272639
vt 0.33429554 0.42975760
vt 0.35411498 0.42511249
vt 0.24826509 0.41937697
vt 0.23162408 0.39447516
vt 0.25232789 0.39476371
vt 0.23246516 0.41842085
vt 0.29102078 0.36753112
vt 0.24358726 0.37633526
vt 0.23051882 0.37330937
vt 0.29954058 0.35267836
vt 0.25929916 0.38378626
vt 0.25831428 0.36778396
vt 0.27145565 0.37406194
vt 0.22665018 0.36543995
vt 0.24160649 0.35868442
vt 0.36200798 0.29114342
vt 0.40288043 0.27334714
vt 0.40254459 0.25523937
vt 0.38818884 0.25025326
vt 0.39626011 0.22721338
vt 0.41982898 0.20651948
vt 0.40291548 0.20060825
vt 0.41106835 0.18295544
vt 0.40125245 0.18425328
vt 0.40423405 0.16302025
vt 0.39074653 0.15917999
vt 0.38653943 0.18036497
vt 0.38053378 0.15904826
vt 0.37197623 0.17248577
vt 0.41674000 0.16963089
vt 0.36961854 0.16219360
vt 0.42184862 0.18545711
vt 0.42090967 0.22356439
vt 0.18341917 0.40194964
vt 0.20001125 0.39163291
vt 0.18702088 0.41968668
vt 0.16656792 0.40260351
vt 0.17786030 0.38594151
vt 0.15468764 0.38610619
vt 0.14034721 0.40068316
vt 0.14138933 0.38531160
vt 0.12331368 0.39459437
vt 0.12461998 0.38077259
vt 0.10775337 0.37977898
vt 0.10844823 0.39519203
vt 0.13437593 0.41187012
vt 0.15065549 0.41149700
vt 0.14918821 0.44014525
vt 0.13583438 0.43260628
vt 0.14104129 0.37099439
vt 0.12724295 0.42169106
vt 0.13411389 0.43689728
vt 0.15649176 0.44696236
vt 0.17981468 0.43103385
vt 0.12474494 0.37241924
vt 0.11181307 0.41027200
vt 0.13010687 0.43428135
vt 0.10665862 0.36851072
vt 0.16619514 0.41909319
vt 0.15515947 0.37018812
vt 0.09234511 0.37938148
vt 0.08896846 0.39449823
vt 0.16847104 0.37052822
vt 0.13321772 0.44756889
vt 0.13203843 0.44183660
vt 0.12636770 0.47141153
vt 0.12811688 0.47536451
vt 0.12182928 0.49222708
vt 0.15355872 0.45136940
vt 0.15182279 0.47636867
vt 0.11886048 0.49159026
vt 0.11284781 0.51447105
vt 0.12029232 0.51728338
vt 0.13761048 0.49758041
vt 0.12907861 0.51410657
vt 0.11478126 0.52775508
vt 0.11029475 0.52698487
vt 0.18140019 0.45401788
vt 0.17074683 0.47079140
vt 0.40505865 0.27438408
vt 0.53136641 0.32961369
vt 0.57162297 0.33663219
vt 0.21288958 0.38450205
vt 0.77000916 0.33181477
vt 0.77545542 0.30901170
vt 0.47713122 0.32103860
vt 0.60098916 0.34145868
vt 0.21421568 0.37311262
vt 0.12493202 0.44045746
vt 0.09846412 0.40291888
vt 0.09070031 0.36809385
vt 0.37007815 0.15425849
vt 0.18686217 0.37083340
vt 0.22918367 0.43890560
vt 0.12530948 0.36309516
vt 0.13928412 0.35375035
vt 0.44604680 0.48229074
vt 0.37336498 0.44611377
vt 0.42131698 0.29753494
vt 0.42483190 0.20355177
vt 0.52759433 0.49441707
vt 0.49892312 0.49134040
vt 0.22365837 0.45572513
vt 0.24496254 0.46017420
vt 0.74871534 0.23773551
vt 0.10492799 0.45038807
vt 0.12360469 0.44360590
vt 0.27308404 0.44118792
vt 0.12186746 0.52702320
vt 0.42913285 0.31097722
vt 0.43113878 0.48055935
vt 0.34742630 0.44418168
vt 0.32846424 0.44378686
vt 0.78414756 0.26164955
vt 0.09650348 0.43011820
vt 0.27275133 0.46748048
vt 0.10960668 0.35111272
vt 0.30460352 0.47636378
vt 0.56507760 0.50164062
vt 0.29423195 0.44742167
vt 0.31569278 0.46978796
vt 0.38332194 0.47168607
vt 0.09042324 0.45373189
vt 0.15872842 0.34864938
vt 0.61470735 0.50715768
vt 0.16896388 0.35887563
vt 0.08284853 0.41612166
vt 0.32847586 0.48438179
vt 0.37172115 0.48449171
vt 0.37294057 0.49949002
vt 0.42794502 0.50087154
vt 0.42714232 0.51399225
vt 0.46368447 0.51896089
vt 0.45333469 0.50006837
vt 0.48117059 0.50923073
vt 0.34354126 0.46296263
vt 0.50561875 0.52353936
vt 0.52518177 0.51034057
vt 0.36094081 0.17147273
vt 0.52672112 0.52508408
vt 0.56154859 0.52698487
vt 0.07390586 0.44325161
vt 0.07912009 0.45831931
vt 0.07252315 0.45873815
vt 0.07059018 0.38006258
vt 0.71089280 0.19245458
vt 0.07050877 0.39212012
vt 0.58837450 0.52448648
vt 0.61101973 0.52033550
vt 0.63329113 0.51627535
vt 0.07881298 0.36903781
vt 0.09077618 0.35691881
vt 0.51205796 0.32408750
vt 0.66644174 0.50656080
vt 0.65810597 0.51181757
vt 0.18886320 0.36080313
vt 0.44866458 0.30168462
vt 0.42935950 0.29965240
vt 0.47081342 0.30829859
vt 0.48721883 0.31425595
vt 0.13944331 0.34488028
vt 0.70784014 0.20544362
vt 0.07513463 0.40527254
vt 0.21068066 0.34914440
vt 0.17724711 0.34883535
vt 0.77376699 0.21281469
vt 0.36211964 0.16066849
vt 0.09036185 0.34498316
vt 0.11873483 0.34149516
vt 0.78104722 0.23579526
vt 0.07101218 0.41661704
vt 0.10767843 0.34179425
vt 0.37803823 0.15387756
vt 0.76998365 0.20348567
vt 0.06034406 0.43530405
vt 0.05891644 0.45972335
vt 0.07775003 0.34584343
vt 0.04220889 0.42111266
vt 0.02738827 0.42237234
vt 0.03533399 0.43812442
vt 0.04552563 0.46177703
vt 0.02442672 0.41867208
vt 0.06006655 0.41100073
vt 0.06355007 0.36510557
vt 0.07014830 0.35535860
vt 0.61445451 0.30924112
vt 0.59697104 0.31359398
vt 0.58789802 0.30248874
vt 0.63956738 0.31813836
vt 0.56028980 0.31287205
vt 0.57851410 0.32704878
vt 0.60148275 0.32730699
vt 0.65723926 0.32598299
vt 0.63373452 0.32747543
vt 0.56092757 0.32775509
vt 0.54592097 0.29912865
vt 0.54798639 0.32103723
vt 0.54859167 0.32747543
vt 0.66122210 0.32189322
vt 0.54637903 0.28634351
vt 0.63987440 0.30905831
vt 0.56221241 0.27252054
vt 0.54558152 0.26714504
vt 0.59022456 0.28363013
vt 0.61826134 0.29688686
vt 0.54087734 0.28302765
vt 0.65915972 0.31383640
vt 0.57862562 0.26373476
vt 0.65164691 0.30504513
vt 0.55413467 0.25510204
vt 0.59574592 0.27517587
vt 0.62164193 0.28390610
vt 0.66656363 0.31793857
vt 0.60639715 0.27211040
vt 0.66311836 0.32590955
vt 0.66849452 0.32300317
vt 0.21046476 0.59992427
vt 0.21030524 0.58441603
vt 0.19455187 0.58714730
vt 0.19730173 0.63131136
vt 0.20979977 0.64882851
vt 0.19044025 0.64711881
vt 0.19059397 0.59045696
vt 0.19626120 0.57109469
vt 0.20932940 0.57086015
vt 0.18860492 0.57121480
vt 0.21138245 0.55408430
vt 0.19715822 0.55208069
vt 0.19646604 0.53592718
vt 0.19194591 0.55151320
vt 0.21003765 0.66048563
vt 0.18852648 0.66131914
vt 0.18693918 0.64518476
vt 0.18990682 0.67464983
vt 0.21597379 0.53587234
vt 0.21586232 0.57100320
vt 0.21185154 0.67615366
vt 0.19931732 0.68014008
vt 0.19083305 0.68612248
vt 0.19503392 0.53061318
vt 0.18816140 0.53207785
vt 0.22056600 0.55321312
vt 0.22220384 0.57344544
vt 0.22404441 0.59435445
vt 0.22131301 0.65783924
vt 0.22296868 0.64891672
vt 0.22681955 0.66721004
vt 0.22554660 0.55112684
vt 0.22288436 0.53020406
vt 0.22681955 0.56968075
vt 0.77598917 0.02180558
vt 0.72185153 0.01052034
vt 0.77270740 0.00617874
vt 0.74462134 0.02311790
vt 0.71389264 0.02408844
vt 0.80601746 0.01098078
vt 0.80480677 0.01940137
vt 0.68926877 0.02510417
vt 0.80801082 0.00852406
vt 0.71187085 0.00819016
vt 0.67485261 0.01173973
vt 0.65677094 0.01724869
vt 0.66751140 0.02917409
vt 0.63865060 0.02127606
vt 0.80920094 0.01740265
vt 0.84759438 0.00685549
vt 0.84622270 0.02073777
vt 0.81119043 0.00204080
vt 0.88016260 0.02407688
vt 0.88356584 0.01062405
vt 0.63742167 0.03095216
vt 0.62240040 0.02550513
vt 0.61349034 0.03435552
vt 0.60466629 0.02330267
vt 0.59457827 0.03429228
vt 0.62122935 0.03849375
vt 0.64975715 0.03313863
vt 0.90525389 0.02193648
vt 0.57976073 0.04530615
vt 0.89897996 0.02744186
vt 0.87924892 0.03981125
vt 0.90169930 0.04068530
vt 0.80728012 0.03109598
vt 0.91421378 0.04229617
vt 0.91556668 0.02880627
vt 0.87680829 0.04040176
vt 0.84392381 0.03727520
vt 0.62782007 0.04154378
vt 0.80400020 0.03200865
vt 0.65002322 0.03874552
vt 0.77508885 0.03581488
vt 0.71737486 0.03493446
vt 0.68405354 0.03747642
vt 0.80494350 0.03629059
vt 0.92583299 0.04363704
vt 0.92943376 0.03153050
vt 0.71971220 0.03701234
vt 0.93529701 0.04391283
vt 0.91854638 0.01949233
vt 0.62322462 0.01941544
vt 0.60715330 0.01792860
vt 0.90139896 0.01206189
vt 0.74120229 0.00498027
vt 0.94566303 0.03408647
vt 0.93473196 0.02085137
vt 0.60206938 0.02446181
vt 0.60881078 0.01375580
vt 0.94301212 0.04530615
vt 0.94397163 0.03080350
vt 0.22205208 0.17172861
vt 0.20543493 0.16875482
vt 0.23005424 0.16965073
vt 0.18130584 0.17238957
vt 0.14931487 0.16292328
vt 0.12138928 0.17181158
vt 0.12128125 0.15609127
vt 0.18767311 0.17996901
vt 0.24258031 0.18284696
vt 0.22428402 0.18642515
vt 0.23961060 0.16399097
vt 0.26096484 0.17760211
vt 0.26849064 0.16518611
vt 0.26408273 0.14561379
vt 0.24949805 0.14917576
vt 0.27202362 0.15047097
vt 0.21803977 0.19147152
vt 0.12066590 0.18284976
vt 0.18915400 0.19249713
vt 0.23946938 0.18870175
vt 0.12205484 0.18722618
vt 0.25222662 0.14127338
vt 0.11170068 0.18733692
vt 0.26456675 0.14070135
vt 0.12289347 0.14392912
vt 0.11540020 0.17149234
vt 0.10639045 0.15385866
vt 0.14398728 0.15011603
vt 0.18026561 0.15577453
vt 0.21488416 0.15660691
vt 0.27567297 0.14295191
vt 0.19496688 0.15397519
vt 0.22994779 0.15641063
vt 0.11101443 0.13836735
vt 0.26753497 0.17526382
vt 0.26368052 0.18554831
vt 0.21424106 0.19551021
vt 0.10621152 0.18379331
vt 0.09938243 0.19551021
vt 0.11217275 0.19260234
vt 0.09920239 0.13965714
vt 0.85286796 0.10160357
vt 0.89139104 0.10204917
vt 0.90782696 0.10590976
vt 0.83078635 0.09399754
vt 0.91632366 0.09120035
vt 0.88382220 0.09152824
vt 0.82940030 0.09974658
vt 0.92391223 0.10589325
vt 0.92575741 0.09205556
vt 0.89876211 0.08687639
vt 0.83232033 0.08391297
vt 0.92484653 0.08765680
vt 0.81534410 0.08465528
vt 0.94937760 0.10737538
vt 0.96033853 0.09324896
vt 0.92334253 0.10910988
vt 0.97233862 0.09194827
vt 0.97258228 0.11009037
vt 0.81151074 0.09981018
vt 0.80010128 0.08489949
vt 0.94877547 0.08748657
vt 0.83280110 0.08170813
vt 0.85557979 0.08404738
vt 0.79226995 0.09197241
vt 0.78167844 0.08538991
vt 0.77816552 0.08309454
vt 0.79579514 0.10175985
vt 0.97020805 0.08570391
vt 0.83416188 0.08040816
vt 0.82853407 0.10861415
vt 0.85531235 0.10854089
vt 0.81875300 0.11117125
vt 0.90851569 0.11029470
vt 0.94333965 0.11469388
vt 0.81021261 0.11469388
vt 0.86689651 0.06479108
vt 0.81273830 0.05890059
vt 0.88312781 0.06517333
vt 0.88317573 0.08210927
vt 0.86326605 0.07951343
vt 0.81310731 0.06166124
vt 0.80465198 0.07511944
vt 0.79652655 0.05911458
vt 0.78979254 0.07535386
vt 0.89951468 0.06774741
vt 0.89834136 0.08367348
vt 0.78955066 0.05820435
vt 0.77560592 0.07630730
vt 0.76745158 0.06253451
vt 0.77684188 0.05717850
vt 0.78353018 0.05130172
vt 0.76062024 0.07500875
vt 0.76961309 0.04857141
vt 0.80200654 0.04944986
vt 0.90079761 0.05904418
vt 0.75611383 0.05667251
vt 0.81208158 0.07824224
vt 0.73330009 0.06139970
vt 0.73851222 0.07442510
vt 0.76721215 0.08367348
vt 0.76620847 0.43854606
vt 0.76684225 0.44277108
vt 0.75109422 0.43393385
vt 0.77644449 0.44626272
vt 0.76397198 0.43302119
vt 0.74685872 0.41858208
vt 0.75342405 0.40521634
vt 0.79652607 0.44217384
vt 0.77350986 0.40352786
vt 0.78692818 0.42658675
vt 0.76015681 0.39534485
vt 0.76844490 0.39011729
vt 0.79450732 0.45370233
vt 0.80435437 0.45833313
vt 0.76339769 0.38842487
vt 0.78102845 0.40791363
vt 0.79590636 0.43267936
vt 0.80637002 0.44851816
vt 0.76319730 0.38461679
vt 0.78300661 0.45174181
vt 0.73800772 0.42832184
vt 0.80885541 0.46533757
vt 0.79610938 0.45862210
vt 0.73646343 0.43966687
vt 0.79874867 0.46543145
vt 0.80003059 0.47268820
vt 0.77895743 0.46941113
vt 0.77856994 0.47268879
vt 0.74996895 0.47259909
vt 0.74605232 0.46752858
vt 0.78343767 0.46442294
vt 0.76642895 0.46400726
vt 0.82353848 0.47316778
vt 0.77177030 0.38163269
vt 0.73218381 0.47260904
vt 0.82018507 0.45632148
vt 0.78591901 0.40740103
vt 0.74828821 0.46393067
vt 0.73286188 0.46616387
vt 0.72200203 0.47013140
vt 0.71918756 0.46518421
vt 0.80409539 0.43278193
vt 0.82901299 0.46910667
vt 0.77093709 0.44717693
vt 0.71549255 0.46895516
vt 0.74341393 0.41891462
vt 0.73030287 0.44239700
vt 0.75028878 0.44705009
vt 0.73669839 0.44629526
vt 0.71236289 0.47469389
vt 0.79322922 0.41082060
vt 0.82448965 0.47469389
vt 0.72773135 0.45178622
vt 0.72560740 0.44848335
vt 0.72117072 0.45884204
vt 0.79181439 0.74658889
vt 0.80588698 0.74707496
vt 0.81861055 0.76765412
vt 0.79061264 0.76894850
vt 0.82507998 0.74798262
vt 0.83599204 0.76412052
vt 0.83535612 0.75282723
vt 0.77716851 0.76785988
vt 0.77719522 0.75002992
vt 0.80611771 0.77510202
vt 0.82125044 0.77476126
vt 0.83307546 0.76957071
vt 0.81132072 0.74244899
vt 0.78682500 0.77476126
vt 0.83363897 0.74838656
vt 0.79580855 0.74290282
vt 0.77968258 0.74392265
vt 0.05770649 0.63925731
vt 0.04313612 0.66363966
vt 0.05731513 0.66393912
vt 0.04149923 0.64898354
vt 0.04204336 0.63453346
vt 0.05682639 0.68410724
vt 0.04159448 0.69083518
vt 0.05566850 0.69931442
vt 0.05513449 0.71926332
vt 0.03785531 0.72055542
vt 0.02754495 0.66305053
vt 0.03216267 0.64871049
vt 0.02386341 0.69222152
vt 0.02492966 0.72181618
vt 0.05882480 0.62300587
vt 0.04295771 0.62163264
vt 0.03257049 0.63261420
vt 0.05476632 0.72555029
vt 0.07291862 0.66350859
vt 0.07396863 0.64429039
vt 0.07543404 0.63431394
vt 0.07318412 0.69308603
vt 0.06967224 0.72144759
vt 0.07447625 0.62182069
vt 0.07901345 0.64352041
vt 0.08624128 0.66532314
vt 0.08330902 0.72378290
vt 0.08569796 0.69293869
vt 0.04306588 0.72572666
vt 0.05367612 0.75067914
vt 0.05312466 0.76659507
vt 0.06551703 0.72639251
vt 0.03293740 0.72665191
vt 0.04092396 0.77951342
vt 0.05247975 0.78402472
vt 0.05198543 0.80266339
vt 0.03450744 0.79876882
vt 0.02348087 0.78015679
vt 0.02100638 0.75421160
vt 0.02622584 0.72588700
vt 0.03113756 0.82890075
vt 0.05142815 0.82143515
vt 0.05031066 0.83318198
vt 0.02162655 0.80463076
vt 0.05050101 0.84268075
vt 0.07912970 0.74154532
vt 0.08380004 0.72730267
vt 0.07286241 0.77606487
vt 0.03381671 0.85599899
vt 0.02354484 0.83535248
vt 0.05035439 0.85745925
vt 0.02798578 0.87884825
vt 0.04875279 0.87840641
vt 0.03544621 0.88370037
vt 0.02949291 0.89206982
vt 0.04850191 0.88680667
vt 0.03466109 0.89109904
vt 0.05149326 0.87381637
vt 0.01744766 0.72529888
vt 0.06674864 0.80145186
vt 0.07932474 0.82331842
vt 0.08099262 0.80181158
vt 0.08624128 0.74890119
vt 0.08058985 0.76454306
vt 0.07761388 0.84166014
vt 0.06862009 0.88388783
vt 0.06010919 0.89200515
vt 0.06984568 0.89428574
vt 0.06884053 0.85552448
vt 0.07741471 0.86542767
vt 0.02247645 0.85118067
vt 0.02283491 0.86657089
vt 0.08529223 0.80247724
vt 0.43235439 0.98364758
vt 0.43136784 0.96957201
vt 0.41285196 0.98424447
vt 0.41226321 0.96984792
vt 0.44614264 0.96899891
vt 0.44674560 0.98440391
vt 0.41488960 0.96449429
vt 0.43588847 0.95795918
vt 0.45114657 0.96162736
vt 0.42173478 0.95957273
vt 0.45114657 0.99224490
vt 0.42093635 0.99100357
vt 0.03151901 0.53796887
vt 0.02009731 0.54961145
vt 0.04362092 0.55027241
vt 0.05314577 0.52926153
vt 0.01500888 0.52777952
vt 0.05039975 0.52812088
vt 0.05433699 0.54434347
vt 0.01721773 0.52336144
vt 0.05047990 0.52176648
vt 0.05314577 0.51427132
vt 0.02459297 0.55590695
vt 0.01452440 0.51551318
vt 0.05047932 0.51251996
vt 0.04672808 0.55483627
vt 0.01515751 0.54899228
vt 0.01146560 0.52698523
vt 0.01337876 0.50897962
vt 0.02678804 0.56857145
vt 0.04759903 0.56718206
vt 0.23994914 0.24168533
vt 0.22140068 0.26271129
vt 0.21175806 0.25727892
vt 0.23446706 0.26016688
vt 0.22468790 0.28385758
vt 0.21426763 0.28774619
vt 0.25275421 0.23571897
vt 0.25005651 0.25809830
vt 0.24358280 0.26917422
vt 0.25532320 0.22460902
vt 0.26261970 0.22961736
vt 0.27291223 0.21228105
vt 0.25860855 0.24266773
vt 0.27132136 0.20453763
vt 0.27941287 0.19554949
vt 0.27966103 0.20282739
vt 0.20162269 0.26871508
vt 0.19986510 0.28193271
vt 0.18705386 0.27516103
vt 0.18098219 0.26747477
vt 0.23062496 0.23703277
vt 0.24701652 0.21769005
vt 0.15810183 0.28613555
vt 0.18187542 0.28999078
vt 0.19132075 0.29628813
vt 0.20388243 0.29940540
vt 0.15234908 0.31241095
vt 0.22743580 0.29362559
vt 0.16711523 0.31458354
vt 0.14063184 0.31229997
vt 0.23568404 0.29889202
vt 0.21809608 0.29681134
vt 0.24777389 0.28157252
vt 0.20920683 0.30812979
vt 0.18602662 0.31457192
vt 0.22153701 0.30937755
vt 0.21286191 0.31795919
vt 0.20817122 0.24665260
vt 0.22154661 0.22982395
vt 0.26265648 0.20366323
vt 0.24312299 0.30245072
vt 0.15811099 0.26653957
vt 0.13897555 0.28262514
vt 0.17427792 0.24943227
vt 0.13423730 0.26958227
vt 0.13892730 0.25357610
vt 0.19411772 0.24172413
vt 0.11729064 0.29085493
vt 0.11252647 0.26800388
vt 0.10010098 0.28983366
vt 0.09587407 0.27060843
vt 0.12439055 0.31293112
vt 0.10378233 0.31225574
vt 0.21448123 0.21192676
vt 0.12110213 0.24333888
vt 0.10328576 0.24309266
vt 0.17559552 0.23379612
vt 0.09220739 0.24667799
vt 0.16679122 0.22096729
vt 0.14896874 0.23743153
vt 0.16297291 0.23605371
vt 0.24196404 0.20041078
vt 0.11137532 0.23038304
vt 0.08996180 0.23159939
vt 0.27778536 0.19046593
vt 0.12105118 0.22543073
vt 0.15124740 0.22799361
vt 0.15445071 0.22375941
vt 0.08881076 0.21953118
vt 0.07060908 0.26266515
vt 0.07325271 0.28105778
vt 0.07715466 0.29811066
vt 0.10381981 0.21531129
vt 0.09061924 0.31373119
vt 0.06926848 0.24839258
vt 0.06709364 0.23577362
vt 0.20530154 0.21119153
vt 0.15005426 0.22124708
vt 0.12113747 0.20942140
vt 0.07182429 0.31193680
vt 0.06405594 0.22035211
vt 0.08541381 0.20323038
vt 0.11003422 0.19934237
vt 0.09686302 0.19924825
vt 0.24813724 0.19634092
vt 0.05263821 0.25323921
vt 0.13905178 0.20383853
vt 0.16161348 0.21770942
vt 0.04132327 0.26659715
vt 0.05024074 0.27992916
vt 0.04733762 0.24109638
vt 0.05189023 0.30288792
vt 0.05839369 0.20462543
vt 0.03505609 0.24434775
vt 0.15621507 0.19742048
vt 0.17397457 0.20783740
vt 0.03733104 0.31795919
vt 0.03240279 0.22704411
vt 0.22105572 0.20167553
vt 0.07950920 0.18816328
vt 0.03661619 0.20977736
vt 0.19339725 0.20859414
vt 0.28952065 0.98571318
vt 0.28962710 0.99878508
vt 0.30966371 0.99959183
vt 0.30988085 0.98700464
vt 0.32192931 0.98214453
vt 0.32452643 0.99810505
vt 0.29987529 0.96436143
vt 0.29143828 0.97972059
vt 0.31700808 0.98106474
vt 0.32302907 0.96268612
vt 0.28516045 0.96038914
vt 0.28880709 0.95365596
vt 0.32182419 0.95709372
vt 0.32452643 0.94988501
vt 0.30251974 0.95054448
vt 0.28993416 0.94408160
vt 0.28065804 0.97654027
vt 0.28452611 0.95007604
vt 0.30559528 0.94531846
vt 0.21483648 0.49408633
vt 0.19607674 0.50884694
vt 0.19684315 0.49346936
vt 0.21304551 0.51404840
vt 0.21303394 0.52217019
vt 0.19262153 0.52204400
vt 0.18938418 0.49692893
vt 0.18504468 0.51540828
vt 0.18394816 0.52693880
vt 0.22482552 0.50473839
vt 0.22187673 0.49659508
vt 0.22482552 0.52279228
vt 0.98885107 0.76558393
vt 0.98161340 0.77362061
vt 0.98437601 0.78490525
vt 0.97972745 0.76772618
vt 0.98778903 0.75280553
vt 0.97713286 0.74950570
vt 0.98850667 0.74407840
vt 0.98217285 0.73706818
vt 0.98649174 0.72834611
vt 0.97979695 0.73423219
vt 0.97384512 0.74106240
vt 0.96759099 0.74962217
vt 0.98409009 0.79045576
vt 0.95328522 0.74320072
vt 0.95261699 0.74691695
vt 0.94395620 0.74040854
vt 0.92731822 0.74004716
vt 0.92889214 0.73738199
vt 0.90970427 0.73780304
vt 0.96674454 0.73260558
vt 0.98131096 0.72952151
vt 0.94337612 0.73347294
vt 0.96335822 0.72529739
vt 0.92234749 0.72958070
vt 0.91416705 0.73104793
vt 0.94462103 0.71764320
vt 0.93895829 0.72370523
vt 0.95420748 0.71848804
vt 0.96833080 0.71469444
vt 0.97173393 0.71016085
vt 0.98404586 0.71732658
vt 0.98641664 0.71260160
vt 0.98716223 0.70593262
vt 0.89670140 0.73189324
vt 0.90792716 0.75336170
vt 0.88528144 0.73394108
vt 0.88185441 0.73837745
vt 0.91404492 0.74754894
vt 0.93100625 0.76647508
vt 0.93591988 0.76414633
vt 0.95444560 0.78110689
vt 0.96098596 0.77869183
vt 0.97982836 0.79385710
vt 0.98836559 0.79422593
vt 0.92096806 0.74884933
vt 0.97972834 0.70247698
vt 0.91163170 0.72414917
vt 0.98902333 0.70180726
vt 0.98026615 0.79741234
vt 0.96309972 0.70724285
vt 0.94132453 0.71348095
vt 0.99052840 0.80367345
vt 0.96067262 0.75272977
vt 0.94009191 0.76296026
vt 0.88881445 0.73023605
vt 0.97239059 0.76985115
vt 0.96924567 0.77957344
vt 0.99052840 0.69755101
vt 0.97650605 0.80062681
vt 0.06160905 0.50569314
vt 0.06031904 0.50000000
vt 0.08053261 0.50012255
vt 0.08068306 0.50968379
vt 0.06307571 0.52204084
vt 0.08080062 0.52204084
vt 0.08792998 0.52034301
vt 0.08823530 0.50963724
vt 0.08564630 0.50001663
vt 0.21319261 0.71821600
vt 0.21841238 0.72775513
vt 0.22724053 0.71367508
vt 0.23164929 0.72241104
vt 0.22185560 0.70585018
vt 0.20781586 0.70838225
vt 0.21959975 0.70017833
vt 0.20289132 0.69931000
vt 0.23625977 0.72154444
vt 0.23580839 0.69611835
vt 0.23791981 0.70917606
vt 0.21988533 0.69180113
vt 0.24730296 0.70541567
vt 0.25174478 0.71813011
vt 0.23163064 0.67933333
vt 0.24506235 0.68468845
vt 0.24753314 0.67438644
vt 0.25174478 0.64938778
vt 0.96748543 0.67972112
vt 0.95563310 0.67984653
vt 0.95577496 0.66781038
vt 0.96743274 0.66547614
vt 0.95673019 0.66326529
vt 0.98155534 0.66585726
vt 0.98155534 0.68130440
vt 0.95676702 0.68560880
vt 0.96670908 0.68693876
vt 0.97981668 0.68655086
vt 0.34701881 0.95056540
vt 0.37437093 0.94258350
vt 0.36648506 0.95066953
vt 0.38745737 0.95142859
vt 0.40684041 0.95118153
vt 0.38832957 0.93844169
vt 0.40997121 0.93912339
vt 0.36078629 0.94139707
vt 0.35079059 0.94080156
vt 0.33449650 0.95063090
vt 0.42231256 0.92915857
vt 0.45221233 0.93491936
vt 0.42892149 0.95063525
vt 0.46323258 0.93562990
vt 0.45497912 0.92025280
vt 0.46208647 0.91672176
vt 0.44733098 0.91637713
vt 0.42359373 0.91662598
vt 0.44664153 0.90593255
vt 0.44946557 0.90184253
vt 0.46049005 0.88312632
vt 0.47411561 0.89696628
vt 0.47459182 0.87469387
vt 0.39105797 0.92548728
vt 0.47337815 0.91828746
vt 0.48908210 0.90034509
vt 0.51495516 0.88931668
vt 0.47247189 0.93673378
vt 0.49658349 0.91162699
vt 0.48518598 0.92392188
vt 0.48686075 0.94009119
vt 0.37144512 0.92875159
vt 0.50693417 0.91003728
vt 0.49901578 0.92694765
vt 0.40112987 0.91452157
vt 0.49461150 0.95008570
vt 0.48151374 0.95142859
vt 0.46542677 0.95139247
vt 0.29678380 0.22734928
vt 0.29322806 0.23305559
vt 0.29662657 0.23877549
vt 0.29695952 0.18385494
vt 0.29262212 0.18837452
vt 0.33158749 0.21872133
vt 0.30336192 0.20480233
vt 0.32832921 0.23296273
vt 0.29844412 0.23269826
vt 0.32873911 0.20006442
vt 0.33219093 0.17551452
vt 0.30456397 0.17398214
vt 0.29576159 0.17321897
vt 0.30896777 0.16235882
vt 0.33250248 0.16329527
vt 0.29574180 0.16173518
vt 0.33213872 0.23779321
vt 0.33241615 0.23077291
vt 0.33241615 0.15795916
vt 0.62905288 0.67306125
vt 0.61140305 0.70447797
vt 0.64675432 0.67335904
vt 0.65553337 0.69768262
vt 0.60468596 0.67826015
vt 0.64340371 0.70489794
vt 0.65553337 0.68073136
f 1545/1545 1547/1547 1546/1546
f 1547/1547 1548/1548 1546/1546
f 1547/1547 1549/1549 1548/1548
f 1547/1547 1550/1550 1549/1549
f 1544/1544 1545/1545 1546/1546
f 1551/1551 1547/1547 1545/1545
f 1546/1546 1548/1548 1555/1555
f 1548/1548 1560/1560 1555/1555
f 1551/1551 1556/1556 1547/1547
f 1556/1556 1561/1561 1547/1547
f 1547/1547 1561/1561 1550/1550
f 1548/1548 1549/1549 1560/1560
f 1552/1552 1545/1545 1542/1542
f 1542/1542 1545/1545 1544/1544
f 1546/1546 1565/1565 1544/1544
f 1552/1552 1551/1551 1545/1545
f 1546/1546 1555/1555 1565/1565
f 1560/1560 1549/1549 1563/1563
f 1595/1595 1550/1550 1561/1561
f 1549/1549 1566/1566 1563/1563
f 1595/1595 1567/1567 1550/1550
f 1567/1567 1566/1566 1550/1550
f 1550/1550 1566/1566 1549/1549
f 1491/1491 1482/1482 1478/1478
f 1482/1482 1479/1479 1478/1478
f 1479/1479 1477/1477 1478/1478
f 1492/1492 1490/1490 1491/1491
f 1491/1491 1490/1490 1482/1482
f 1479/1479 1480/1480 1477/1477
f 1482/1482 1490/1490 1488/1488
f 1477/1477 1480/1480 1481/1481
f 1477/1477 1481/1481 1483/1483
f 1482/1482 1480/1480 1479/1479
f 1542/1542 1544/1544 1543/1543
f 1544/1544 1568/1568 1543/1543
f 1553/1553 1554/1554 1551/1551
f 1553/1553 1551/1551 1552/1552
f 1570/1570 1562/1562 1557/1557
f 1554/1554 1556/1556 1551/1551
f 1560/1560 1600/1600 1555/1555
f 1560/1560 1563/1563 1600/1600
f 1563/1563 1566/1566 1596/1596
f 1475/1475 1478/1478 1477/1477
f 1383/1383 1491/1491 1380/1380
f 1477/1477 1483/1483 1406/1406
f 1493/1493 1492/1492 1408/1408
f 1483/1483 1481/1481 1485/1485
f 1485/1485 1481/1481 1486/1486
f 1493/1493 1500/1500 1492/1492
f 1492/1492 1500/1500 1490/1490
f 1482/1482 1488/1488 1480/1480
f 1490/1490 1500/1500 1488/1488
f 1480/1480 1484/1484 1481/1481
f 1500/1500 1498/1498 1488/1488
f 1481/1481 1489/1489 1486/1486
f 1488/1488 1487/1487 1480/1480
f 1480/1480 1487/1487 1484/1484
f 1484/1484 1489/1489 1481/1481
f 1484/1484 1487/1487 1489/1489
f 1487/1487 1496/1496 1489/1489
f 1539/1539 1542/1542 1543/1543
f 1564/1564 1552/1552 1542/1542
f 1544/1544 1565/1565 1568/1568
f 1553/1553 1552/1552 1564/1564
f 1572/1572 1569/1569 1574/1574
f 1558/1558 1569/1569 1557/1557
f 1553/1553 1557/1557 1554/1554
f 1573/1573 1572/1572 1575/1575
f 1569/1569 1570/1570 1557/1557
f 1555/1555 1601/1601 1565/1565
f 1572/1572 1571/1571 1569/1569
f 1569/1569 1571/1571 1570/1570
f 1570/1570 1594/1594 1562/1562
f 1557/1557 1562/1562 1554/1554
f 1573/1573 1571/1571 1572/1572
f 1966/1966 1952/1952 1949/1949
f 1931/1931 1927/1927 1949/1949
f 1952/1952 1931/1931 1949/1949
f 1554/1554 1562/1562 1556/1556
f 1581/1581 1577/1577 1578/1578
f 1578/1578 1577/1577 1573/1573
f 1577/1577 1576/1576 1573/1573
f 1932/1932 1952/1952 1957/1957
f 1573/1573 1576/1576 1571/1571
f 1966/1966 1957/1957 1952/1952
f 1581/1581 1582/1582 1577/1577
f 1951/1951 1933/1933 1957/1957
f 1933/1933 1932/1932 1957/1957
f 1958/1958 1948/1948 1951/1951
f 1562/1562 1561/1561 1556/1556
f 1620/1620 1595/1595 1561/1561
f 1563/1563 1596/1596 1657/1657
f 1566/1566 1656/1656 1596/1596
f 1567/1567 1650/1650 1566/1566
f 1390/1390 1397/1397 1396/1396
f 1389/1389 1386/1386 1390/1390
f 1386/1386 1397/1397 1390/1390
f 1387/1387 1386/1386 1389/1389
f 1387/1387 1385/1385 1386/1386
f 1386/1386 1403/1403 1397/1397
f 1385/1385 1384/1384 1386/1386
f 1386/1386 1388/1388 1403/1403
f 1384/1384 1388/1388 1386/1386
f 1403/1403 1388/1388 1401/1401
f 1385/1385 1378/1378 1384/1384
f 1388/1388 1381/1381 1401/1401
f 1378/1378 1385/1385 1382/1382
f 1384/1384 1378/1378 1381/1381
f 1384/1384 1381/1381 1388/1388
f 1381/1381 1399/1399 1400/1400
f 1382/1382 1379/1379 1378/1378
f 1381/1381 1380/1380 1399/1399
f 1399/1399 1402/1402 1400/1400
f 1378/1378 1380/1380 1381/1381
f 1378/1378 1379/1379 1380/1380
f 1400/1400 1402/1402 1406/1406
f 1444/1444 1379/1379 1382/1382
f 1379/1379 1383/1383 1380/1380
f 1399/1399 1380/1380 1475/1475
f 1399/1399 1475/1475 1402/1402
f 1475/1475 1477/1477 1402/1402
f 1402/1402 1477/1477 1406/1406
f 1379/1379 1408/1408 1383/1383
f 1406/1406 1483/1483 1430/1430
f 1483/1483 1485/1485 1430/1430
f 1408/1408 1457/1457 1493/1493
f 1485/1485 1486/1486 1494/1494
f 1494/1494 1486/1486 1495/1495
f 1486/1486 1521/1521 1495/1495
f 1486/1486 1489/1489 1521/1521
f 1488/1488 1498/1498 1487/1487
f 1489/1489 1353/1353 1521/1521
f 1498/1498 1499/1499 1487/1487
f 1496/1496 1497/1497 1489/1489
f 1489/1489 1354/1354 1353/1353
f 1499/1499 1496/1496 1487/1487
f 1497/1497 1354/1354 1489/1489
f 1496/1496 1515/1515 1497/1497
f 1539/1539 1543/1543 1540/1540
f 1541/1541 1542/1542 1539/1539
f 1559/1559 1564/1564 1541/1541
f 1541/1541 1564/1564 1542/1542
f 1559/1559 1553/1553 1564/1564
f 1568/1568 1565/1565 1631/1631
f 1574/1574 1569/1569 1558/1558
f 1575/1575 1572/1572 1574/1574
f 1579/1579 1573/1573 1575/1575
f 1580/1580 1573/1573 1579/1579
f 1614/1614 1578/1578 1580/1580
f 1580/1580 1578/1578 1573/1573
f 1927/1927 1930/1930 1934/1934
f 1581/1581 1578/1578 1614/1614
f 1931/1931 1924/1924 1927/1927
f 1932/1932 1931/1931 1952/1952
f 985/985 970/970 989/989
f 1967/1967 1948/1948 1958/1958
f 1948/1948 1937/1937 1951/1951
f 1951/1951 1937/1937 1933/1933
f 1600/1600 1622/1622 1601/1601
f 1594/1594 1561/1561 1562/1562
f 1600/1600 1563/1563 1622/1622
f 1657/1657 1622/1622 1563/1563
f 1632/1632 1567/1567 1595/1595
f 1632/1632 1668/1668 1567/1567
f 1567/1567 1668/1668 1652/1652
f 1567/1567 1652/1652 1650/1650
f 1650/1650 1656/1656 1566/1566
f 1431/1431 1394/1394 1395/1395
f 1431/1431 1395/1395 1415/1415
f 1395/1395 1414/1414 1415/1415
f 1394/1394 1392/1392 1395/1395
f 1445/1445 1393/1393 1394/1394
f 1394/1394 1393/1393 1392/1392
f 1395/1395 1413/1413 1414/1414
f 1395/1395 1398/1398 1413/1413
f 1392/1392 1398/1398 1395/1395
f 1391/1391 1390/1390 1392/1392
f 1393/1393 1391/1391 1392/1392
f 1407/1407 1391/1391 1393/1393
f 1398/1398 1434/1434 1413/1413
f 1407/1407 1389/1389 1391/1391
f 1392/1392 1396/1396 1398/1398
f 1390/1390 1396/1396 1392/1392
f 1387/1387 1389/1389 1407/1407
f 1391/1391 1389/1389 1390/1390
f 1396/1396 1405/1405 1398/1398
f 1405/1405 1458/1458 1434/1434
f 1398/1398 1405/1405 1434/1434
f 1396/1396 1404/1404 1405/1405
f 1397/1397 1404/1404 1396/1396
f 1397/1397 1403/1403 1404/1404
f 1442/1442 1385/1385 1387/1387
f 1404/1404 1403/1403 1401/1401
f 1401/1401 1410/1410 1411/1411
f 1401/1401 1400/1400 1410/1410
f 1385/1385 1444/1444 1382/1382
f 1385/1385 1451/1451 1444/1444
f 1400/1400 1406/1406 1409/1409
f 1406/1406 1430/1430 1409/1409
f 1444/1444 1408/1408 1379/1379
f 1444/1444 1451/1451 1408/1408
f 1451/1451 1452/1452 1408/1408
f 1452/1452 1457/1457 1408/1408
f 1494/1494 1495/1495 1522/1522
f 1457/1457 1476/1476 1493/1493
f 1522/1522 1495/1495 1523/1523
f 1495/1495 1524/1524 1523/1523
f 1523/1523 1524/1524 1525/1525
f 1507/1507 1500/1500 1493/1493
f 1495/1495 1360/1360 1524/1524
f 1364/1364 1525/1525 1524/1524
f 1521/1521 1360/1360 1495/1495
f 1521/1521 1359/1359 1360/1360
f 1500/1500 1501/1501 1498/1498
f 1521/1521 1353/1353 1359/1359
f 1497/1497 1357/1357 1354/1354
f 1499/1499 1515/1515 1496/1496
f 1515/1515 1357/1357 1497/1497
f 1543/1543 1568/1568 1598/1598
f 1598/1598 1568/1568 1661/1661
f 1568/1568 1631/1631 1661/1661
f 1575/1575 1574/1574 1583/1583
f 1583/1583 1574/1574 1558/1558
f 1558/1558 1553/1553 1559/1559
f 2344/2344 2352/2352 2355/2355
f 1565/1565 1629/1629 1631/1631
f 2344/2344 2328/2328 2352/2352
f 2344/2344 2326/2326 2328/2328
f 2328/2328 2329/2329 2352/2352
f 2321/2321 2330/2330 2329/2329
f 2321/2321 2329/2329 2328/2328
f 1927/1927 1926/1926 1930/1930
f 1931/1931 1925/1925 1924/1924
f 1923/1923 1925/1925 1932/1932
f 1932/1932 1925/1925 1931/1931
f 1929/1929 1923/1923 1933/1933
f 1933/1933 1923/1923 1932/1932
f 1937/1937 1929/1929 1933/1933
f 1601/1601 1622/1622 1666/1666
f 1612/1612 1611/1611 1594/1594
f 1611/1611 1561/1561 1594/1594
f 1611/1611 1620/1620 1561/1561
f 1620/1620 1632/1632 1595/1595
f 1596/1596 1656/1656 1657/1657
f 1446/1446 1415/1415 1429/1429
f 1446/1446 1431/1431 1415/1415
f 1429/1429 1417/1417 1418/1418
f 1429/1429 1418/1418 1428/1428
f 1415/1415 1417/1417 1429/1429
f 1418/1418 1419/1419 1420/1420
f 1448/1448 1394/1394 1431/1431
f 1417/1417 1416/1416 1418/1418
f 1418/1418 1416/1416 1419/1419
f 1420/1420 1419/1419 1421/1421
f 1420/1420 1421/1421 1422/1422
f 1449/1449 1394/1394 1448/1448
f 1415/1415 1416/1416 1417/1417
f 1422/1422 1421/1421 1423/1423
f 1414/1414 1416/1416 1415/1415
f 1416/1416 1453/1453 1419/1419
f 1449/1449 1445/1445 1394/1394
f 1437/1437 1453/1453 1416/1416
f 1419/1419 1610/1610 1421/1421
f 1416/1416 1436/1436 1437/1437
f 2085/2085 2081/2081 2082/2082
f 1421/1421 1424/1424 1423/1423
f 1424/1424 1425/1425 1423/1423
f 1414/1414 1435/1435 1416/1416
f 1416/1416 1435/1435 1436/1436
f 2081/2081 2078/2078 2076/2076
f 2082/2082 2081/2081 2076/2076
f 1414/1414 1438/1438 1435/1435
f 1424/1424 1426/1426 1425/1425
f 1447/1447 1393/1393 1445/1445
f 1413/1413 1438/1438 1414/1414
f 1427/1427 1426/1426 1424/1424
f 1447/1447 1407/1407 1393/1393
f 1413/1413 1434/1434 1438/1438
f 1434/1434 1460/1460 1438/1438
f 1434/1434 1458/1458 1460/1460
f 1443/1443 1387/1387 1407/1407
f 1450/1450 1387/1387 1443/1443
f 1405/1405 1470/1470 1458/1458
f 1450/1450 1442/1442 1387/1387
f 1405/1405 1412/1412 1470/1470
f 1404/1404 1412/1412 1405/1405
f 1454/1454 1385/1385 1442/1442
f 1401/1401 1412/1412 1404/1404
f 1401/1401 1411/1411 1412/1412
f 1455/1455 1451/1451 1385/1385
f 1400/1400 1409/1409 1410/1410
f 1409/1409 1430/1430 1440/1440
f 1473/1473 1452/1452 1451/1451
f 1441/1441 1485/1485 1604/1604
f 1473/1473 1603/1603 1452/1452
f 1485/1485 1494/1494 1604/1604
f 1494/1494 1522/1522 1604/1604
f 1875/1875 1884/1884 1877/1877
f 1452/1452 1476/1476 1457/1457
f 1884/1884 1878/1878 1877/1877
f 1523/1523 1525/1525 1526/1526
f 1526/1526 1525/1525 1527/1527
f 1476/1476 1507/1507 1493/1493
f 1526/1526 1527/1527 1528/1528
f 1527/1527 1529/1529 1528/1528
f 1506/1506 1500/1500 1507/1507
f 1524/1524 1360/1360 1364/1364
f 1364/1364 1365/1365 1525/1525
f 1525/1525 1365/1365 1527/1527
f 1527/1527 1365/1365 1529/1529
f 1365/1365 1349/1349 1529/1529
f 1529/1529 1530/1530 1528/1528
f 1506/1506 1501/1501 1500/1500
f 1529/1529 1349/1349 1532/1532
f 1529/1529 1531/1531 1530/1530
f 1359/1359 1345/1345 1360/1360
f 1529/1529 1532/1532 1531/1531
f 1353/1353 1348/1348 1359/1359
f 1354/1354 1351/1351 1353/1353
f 1498/1498 1501/1501 1499/1499
f 1499/1499 1502/1502 1512/1512
f 1512/1512 1515/1515 1499/1499
f 1515/1515 1361/1361 1357/1357
f 1540/1540 1543/1543 1588/1588
f 1543/1543 1598/1598 1593/1593
f 1588/1588 1543/1543 1593/1593
f 1583/1583 1558/1558 1559/1559
f 2355/2355 2338/2338 2344/2344
f 1584/1584 1575/1575 1583/1583
f 2322/2322 2328/2328 2326/2326
f 1924/1924 1922/1922 1926/1926
f 1929/1929 1928/1928 1923/1923
f 1666/1666 1622/1622 1674/1674
f 1622/1622 1677/1677 1674/1674
f 1622/1622 1657/1657 1673/1673
f 1676/1676 1668/1668 1632/1632
f 1668/1668 1688/1688 1652/1652
f 1650/1650 1689/1689 1656/1656
f 931/931 929/929 938/938
f 1456/1456 1446/1446 1474/1474
f 1474/1474 1446/1446 1589/1589
f 1446/1446 1429/1429 1589/1589
f 1589/1589 1429/1429 1590/1590
f 1590/1590 1429/1429 1428/1428
f 1590/1590 1428/1428 1619/1619
f 1619/1619 1428/1428 1420/1420
f 1420/1420 1675/1675 1619/1619
f 1461/1461 1448/1448 1456/1456
f 1448/1448 1431/1431 1456/1456
f 1456/1456 1431/1431 1446/1446
f 1418/1418 1420/1420 1428/1428
f 1420/1420 1422/1422 1675/1675
f 1461/1461 1449/1449 1448/1448
f 1423/1423 1425/1425 1671/1671
f 1671/1671 1425/1425 1679/1679
f 2369/2369 2368/2368 2364/2364
f 2364/2364 2366/2366 2376/2376
f 2376/2376 2366/2366 2375/2375
f 1449/1449 1447/1447 1445/1445
f 1447/1447 1443/1443 1407/1407
f 1427/1427 1651/1651 1426/1426
f 1467/1467 1450/1450 1443/1443
f 1412/1412 1592/1592 1470/1470
f 1412/1412 1587/1587 1592/1592
f 1412/1412 1433/1433 1587/1587
f 1411/1411 1433/1433 1412/1412
f 1411/1411 1432/1432 1433/1433
f 1411/1411 1410/1410 1432/1432
f 1454/1454 1455/1455 1385/1385
f 1410/1410 1409/1409 1432/1432
f 1432/1432 1409/1409 1439/1439
f 1409/1409 1440/1440 1439/1439
f 1455/1455 1602/1602 1473/1473
f 1439/1439 1440/1440 1459/1459
f 1455/1455 1473/1473 1451/1451
f 1440/1440 1441/1441 1459/1459
f 1440/1440 1430/1430 1441/1441
f 1881/1881 1875/1875 1880/1880
f 1877/1877 1878/1878 1866/1866
f 1585/1585 1523/1523 1538/1538
f 1523/1523 1526/1526 1538/1538
f 1538/1538 1526/1526 1605/1605
f 1603/1603 1476/1476 1452/1452
f 1605/1605 1526/1526 1537/1537
f 1528/1528 1535/1535 1537/1537
f 1528/1528 1530/1530 1535/1535
f 1987/1987 1986/1986 1971/1971
f 1476/1476 1506/1506 1507/1507
f 1364/1364 1337/1337 1365/1365
f 1340/1340 1349/1349 1365/1365
f 1360/1360 1341/1341 1338/1338
f 1360/1360 1338/1338 1364/1364
f 1364/1364 1338/1338 1337/1337
f 1360/1360 1345/1345 1341/1341
f 1349/1349 1534/1534 1532/1532
f 2071/2071 2061/2061 2072/2072
f 1972/1972 1983/1983 1975/1975
f 1532/1532 1533/1533 1531/1531
f 1506/1506 1503/1503 1501/1501
f 1532/1532 1534/1534 1533/1533
f 1353/1353 1351/1351 1350/1350
f 1534/1534 1536/1536 1533/1533
f 1536/1536 1597/1597 1533/1533
f 1533/1533 1597/1597 1531/1531
f 1501/1501 1503/1503 1502/1502
f 1501/1501 1502/1502 1499/1499
f 1357/1357 1355/1355 1354/1354
f 1358/1358 1355/1355 1357/1357
f 1361/1361 1358/1358 1357/1357
f 1503/1503 1504/1504 1502/1502
f 1515/1515 1366/1366 1361/1361
f 1502/1502 1518/1518 1512/1512
f 1515/1515 1512/1512 1366/1366
f 2342/2342 2341/2341 2343/2343
f 2342/2342 2340/2340 2341/2341
f 2340/2340 2339/2339 2341/2341
f 2338/2338 2331/2331 2326/2326
f 1661/1661 1631/1631 1670/1670
f 2326/2326 2344/2344 2338/2338
f 1925/1925 1920/1920 1924/1924
f 1924/1924 1920/1920 1922/1922
f 978/978 957/957 960/960
f 1923/1923 1920/1920 1925/1925
f 960/960 959/959 970/970
f 1929/1929 1938/1938 1928/1928
f 298/298 299/299 308/308
f 970/970 959/959 974/974
f 1937/1937 1940/1940 1929/1929
f 1948/1948 1967/1967 1941/1941
f 1941/1941 1940/1940 1937/1937
f 1948/1948 1941/1941 1937/1937
f 1647/1647 1632/1632 1620/1620
f 1622/1622 1673/1673 1677/1677
f 1656/1656 1682/1682 1657/1657
f 1676/1676 1688/1688 1668/1668
f 933/933 924/924 931/931
f 1464/1464 1449/1449 1461/1461
f 1463/1463 1449/1449 1464/1464
f 1463/1463 1447/1447 1449/1449
f 1466/1466 1447/1447 1463/1463
f 2078/2078 2073/2073 2076/2076
f 1466/1466 1443/1443 1447/1447
f 2076/2076 2075/2075 2079/2079
f 2079/2079 2075/2075 2086/2086
f 1427/1427 1667/1667 1651/1651
f 1462/1462 1450/1450 1467/1467
f 1462/1462 1442/1442 1450/1450
f 1462/1462 1454/1454 1442/1442
f 1433/1433 1586/1586 1587/1587
f 1606/1606 1455/1455 1454/1454
f 1606/1606 1607/1607 1455/1455
f 1432/1432 1439/1439 1586/1586
f 1439/1439 1591/1591 1586/1586
f 1439/1439 1459/1459 1591/1591
f 1441/1441 1615/1615 1459/1459
f 1617/1617 1476/1476 1603/1603
f 1617/1617 1618/1618 1476/1476
f 1476/1476 1618/1618 1506/1506
f 1337/1337 1340/1340 1365/1365
f 1340/1340 1343/1343 1349/1349
f 2071/2071 2066/2066 2061/2061
f 1359/1359 1348/1348 1345/1345
f 1618/1618 1505/1505 1506/1506
f 1506/1506 1505/1505 1503/1503
f 2061/2061 2063/2063 2072/2072
f 1531/1531 1597/1597 1678/1678
f 1644/1644 1536/1536 1534/1534
f 1644/1644 1672/1672 1536/1536
f 1536/1536 1672/1672 1597/1597
f 1354/1354 1355/1355 1351/1351
f 1361/1361 1366/1366 1358/1358
f 1505/1505 1504/1504 1503/1503
f 1504/1504 1518/1518 1502/1502
f 1504/1504 1516/1516 1518/1518
f 1504/1504 1510/1510 1516/1516
f 1511/1511 1539/1539 1509/1509
f 1539/1539 1540/1540 1509/1509
f 1509/1509 1540/1540 1588/1588
f 2342/2342 2343/2343 2347/2347
f 1511/1511 1541/1541 1539/1539
f 2339/2339 2337/2337 2338/2338
f 1923/1923 1928/1928 1919/1919
f 1923/1923 1919/1919 1920/1920
f 960/960 957/957 959/959
f 1928/1928 1938/1938 1935/1935
f 298/298 181/181 299/299
f 1628/1628 1620/1620 1611/1611
f 1628/1628 1647/1647 1620/1620
f 1647/1647 1676/1676 1632/1632
f 1656/1656 1690/1690 1682/1682
f 1689/1689 1690/1690 1656/1656
f 931/931 924/924 929/929
f 779/779 772/772 777/777
f 1464/1464 1465/1465 1463/1463
f 2368/2368 2365/2365 2364/2364
f 2364/2364 2365/2365 2366/2366
f 2373/2373 2372/2372 2369/2369
f 2377/2377 2372/2372 2373/2373
f 2076/2076 2073/2073 2075/2075
f 1466/1466 1469/1469 1467/1467
f 1469/1469 1462/1462 1467/1467
f 1462/1462 1606/1606 1454/1454
f 1607/1607 1602/1602 1455/1455
f 1586/1586 1591/1591 1658/1658
f 1591/1591 1665/1665 1658/1658
f 1591/1591 1664/1664 1665/1665
f 1591/1591 1459/1459 1664/1664
f 1616/1616 1473/1473 1602/1602
f 1459/1459 1615/1615 1662/1662
f 1615/1615 1663/1663 1662/1662
f 1627/1627 1603/1603 1473/1473
f 1348/1348 1347/1347 1345/1345
f 1350/1350 1347/1347 1348/1348
f 2315/2315 2314/2314 2313/2313
f 1355/1355 1356/1356 1351/1351
f 1366/1366 1367/1367 1358/1358
f 1508/1508 1504/1504 1505/1505
f 1512/1512 1368/1368 1366/1366
f 1366/1366 1368/1368 1367/1367
f 1504/1504 1508/1508 1510/1510
f 1518/1518 1517/1517 1512/1512
f 1512/1512 1517/1517 1368/1368
f 1518/1518 1516/1516 1517/1517
f 1508/1508 1509/1509 1510/1510
f 1510/1510 1513/1513 1516/1516
f 1510/1510 1509/1509 1513/1513
f 1514/1514 1588/1588 1593/1593
f 2336/2336 2337/2337 2339/2339
f 2331/2331 2338/2338 2337/2337
f 981/981 957/957 980/980
f 1919/1919 1916/1916 1920/1920
f 1928/1928 1935/1935 1919/1919
f 291/291 188/188 298/298
f 298/298 188/188 181/181
f 1941/1941 1942/1942 1940/1940
f 1940/1940 1946/1946 1938/1938
f 1940/1940 1942/1942 1946/1946
f 933/933 927/927 924/924
f 924/924 925/925 929/929
f 929/929 925/925 934/934
f 2369/2369 2365/2365 2368/2368
f 2372/2372 2370/2370 2369/2369
f 2080/2080 2078/2078 2081/2081
f 1624/1624 1606/1606 1462/1462
f 1473/1473 1616/1616 1627/1627
f 1627/1627 1641/1641 1603/1603
f 1641/1641 1617/1617 1603/1603
f 1641/1641 1618/1618 1617/1617
f 1338/1338 1335/1335 1337/1337
f 1337/1337 1339/1339 1340/1340
f 1345/1345 1342/1342 1341/1341
f 1341/1341 1335/1335 1338/1338
f 2066/2066 2065/2065 2061/2061
f 2316/2316 2311/2311 2314/2314
f 2314/2314 2311/2311 2313/2313
f 1625/1625 1505/1505 1618/1618
f 1358/1358 1367/1367 1355/1355
f 1516/1516 1513/1513 1517/1517
f 1508/1508 1511/1511 1509/1509
f 1509/1509 1514/1514 1513/1513
f 1593/1593 1519/1519 1514/1514
f 2346/2346 2342/2342 2347/2347
f 1661/1661 1670/1670 1669/1669
f 1920/1920 1921/1921 1922/1922
f 1921/1921 1961/1961 1922/1922
f 1919/1919 1917/1917 1916/1916
f 1935/1935 1959/1959 1919/1919
f 1648/1648 1628/1628 1611/1611
f 299/299 181/181 180/180
f 1648/1648 1647/1647 1628/1628
f 597/597 562/562 581/581
f 1647/1647 1680/1680 1676/1676
f 629/629 555/555 597/597
f 1676/1676 1683/1683 1688/1688
f 927/927 926/926 924/924
f 925/925 930/930 934/934
f 1468/1468 1463/1463 1465/1465
f 1468/1468 1466/1466 1463/1463
f 2369/2369 2370/2370 2365/2365
f 2366/2366 2367/2367 2375/2375
f 1468/1468 1471/1471 1466/1466
f 2080/2080 2077/2077 2078/2078
f 2078/2078 2077/2077 2073/2073
f 1472/1472 1466/1466 1471/1471
f 1472/1472 1469/1469 1466/1466
f 480/480 478/478 557/557
f 1630/1630 1462/1462 1469/1469
f 1624/1624 1462/1462 1630/1630
f 1624/1624 1643/1643 1606/1606
f 1607/1607 1639/1639 1602/1602
f 1616/1616 1634/1634 1627/1627
f 1335/1335 1336/1336 1337/1337
f 1337/1337 1336/1336 1339/1339
f 1340/1340 1339/1339 1343/1343
f 1339/1339 1344/1344 1343/1343
f 1341/1341 1342/1342 1335/1335
f 1346/1346 1342/1342 1345/1345
f 2065/2065 2062/2062 2061/2061
f 1347/1347 1346/1346 1345/1345
f 2061/2061 2062/2062 2063/2063
f 2316/2316 2317/2317 2311/2311
f 2311/2311 2312/2312 2313/2313
f 1613/1613 1505/1505 1625/1625
f 1367/1367 1363/1363 1355/1355
f 1613/1613 1508/1508 1505/1505
f 1367/1367 1368/1368 1363/1363
f 1368/1368 1369/1369 1363/1363
f 1368/1368 1517/1517 1520/1520
f 1513/1513 1520/1520 1517/1517
f 1513/1513 1514/1514 1519/1519
f 1513/1513 1519/1519 1520/1520
f 1519/1519 1593/1593 1669/1669
f 2345/2345 2342/2342 2346/2346
f 1919/1919 1959/1959 1917/1917
f 291/291 195/195 188/188
f 1941/1941 1943/1943 1942/1942
f 1648/1648 1649/1649 1647/1647
f 1680/1680 1683/1683 1676/1676
f 636/636 609/609 629/629
f 940/940 927/927 933/933
f 934/934 941/941 946/946
f 2365/2365 2367/2367 2366/2366
f 2085/2085 2084/2084 2080/2080
f 2085/2085 2080/2080 2081/2081
f 1630/1630 1469/1469 1472/1472
f 2073/2073 2074/2074 2075/2075
f 2075/2075 2083/2083 2086/2086
f 2086/2086 2083/2083 2090/2090
f 2086/2086 2090/2090 2091/2091
f 1643/1643 1607/1607 1606/1606
f 1640/1640 1607/1607 1643/1643
f 1640/1640 1639/1639 1607/1607
f 1636/1636 1616/1616 1602/1602
f 1602/1602 1639/1639 1636/1636
f 1636/1636 1634/1634 1616/1616
f 1618/1618 1626/1626 1625/1625
f 2062/2062 2064/2064 2063/2063
f 1368/1368 1520/1520 1369/1369
f 1520/1520 1373/1373 1369/1369
f 1374/1374 1373/1373 1520/1520
f 2349/2349 2345/2345 2346/2346
f 1519/1519 1669/1669 1374/1374
f 983/983 961/961 981/981
f 981/981 961/961 957/957
f 961/961 958/958 957/957
f 1916/1916 1918/1918 1920/1920
f 1920/1920 1918/1918 1921/1921
f 584/584 533/533 560/560
f 1916/1916 1917/1917 1918/1918
f 1946/1946 1942/1942 1947/1947
f 1649/1649 1681/1681 1647/1647
f 1681/1681 1680/1680 1647/1647
f 924/924 921/921 925/925
f 925/925 923/923 930/930
f 930/930 932/932 934/934
f 2365/2365 2359/2359 2367/2367
f 2367/2367 2361/2361 2375/2375
f 1471/1471 1659/1659 1472/1472
f 1472/1472 1659/1659 1655/1655
f 1472/1472 1655/1655 1630/1630
f 2075/2075 2074/2074 2083/2083
f 1634/1634 1641/1641 1627/1627
f 1626/1626 1618/1618 1641/1641
f 1609/1609 1508/1508 1613/1613
f 1599/1599 1511/1511 1508/1508
f 1918/1918 1936/1936 1921/1921
f 1936/1936 1961/1961 1921/1921
f 959/959 971/971 975/975
f 1942/1942 1945/1945 1947/1947
f 946/946 941/941 945/945
f 926/926 921/921 924/924
f 925/925 921/921 923/923
f 934/934 932/932 941/941
f 2370/2370 2362/2362 2365/2365
f 2362/2362 2359/2359 2365/2365
f 811/811 816/816 823/823
f 2374/2374 2371/2371 2370/2370
f 2372/2372 2374/2374 2370/2370
f 2370/2370 2371/2371 2362/2362
f 575/575 576/576 574/574
f 2077/2077 2074/2074 2073/2073
f 1624/1624 1646/1646 1643/1643
f 1642/1642 1640/1640 1643/1643
f 721/721 712/712 713/713
f 2065/2065 2069/2069 2062/2062
f 2062/2062 2067/2067 2064/2064
f 2317/2317 2319/2319 2311/2311
f 2311/2311 2319/2319 2318/2318
f 2311/2311 2318/2318 2312/2312
f 1355/1355 1362/1362 1356/1356
f 1370/1370 1362/1362 1363/1363
f 1608/1608 1599/1599 1508/1508
f 1609/1609 1608/1608 1508/1508
f 1369/1369 1373/1373 1372/1372
f 2334/2334 2336/2336 2345/2345
f 2336/2336 2334/2334 2335/2335
f 1917/1917 1939/1939 1918/1918
f 1959/1959 1963/1963 1917/1917
f 1959/1959 1935/1935 1963/1963
f 188/188 175/175 181/181
f 181/181 168/168 180/180
f 180/180 166/166 182/182
f 166/166 295/295 182/182
f 940/940 913/913 927/927
f 927/927 913/913 926/926
f 930/930 923/923 932/932
f 774/774 816/816 811/811
f 2367/2367 2359/2359 2361/2361
f 1659/1659 1660/1660 1655/1655
f 92/92 78/78 91/91
f 1654/1654 1630/1630 1655/1655
f 1654/1654 1653/1653 1630/1630
f 1653/1653 1624/1624 1630/1630
f 1653/1653 1646/1646 1624/1624
f 1645/1645 1642/1642 1643/1643
f 384/384 391/391 367/367
f 386/386 384/384 367/367
f 1638/1638 1639/1639 1640/1640
f 1638/1638 1636/1636 1639/1639
f 1634/1634 1626/1626 1641/1641
f 2062/2062 2068/2068 2067/2067
f 1623/1623 1625/1625 1626/1626
f 1623/1623 1613/1613 1625/1625
f 1363/1363 1369/1369 1370/1370
f 1369/1369 1371/1371 1370/1370
f 2354/2354 2350/2350 2349/2349
f 1373/1373 1374/1374 1372/1372
f 982/982 961/961 983/983
f 1918/1918 1939/1939 1936/1936
f 1917/1917 1963/1963 1939/1939
f 195/195 175/175 188/188
f 958/958 971/971 959/959
f 1947/1947 1945/1945 1953/1953
f 175/175 168/168 181/181
f 168/168 166/166 180/180
f 562/562 555/555 543/543
f 1680/1680 1684/1684 1683/1683
f 921/921 922/922 923/923
f 1683/1683 1684/1684 1687/1687
f 51/51 70/70 55/55
f 2359/2359 2360/2360 2361/2361
f 2080/2080 2084/2084 2077/2077
f 2077/2077 2088/2088 2074/2074
f 2074/2074 2088/2088 2087/2087
f 1646/1646 1645/1645 1643/1643
f 1638/1638 1640/1640 1642/1642
f 1637/1637 1636/1636 1638/1638
f 1637/1637 1635/1635 1636/1636
f 1635/1635 1634/1634 1636/1636
f 1634/1634 1635/1635 1633/1633
f 1633/1633 1626/1626 1634/1634
f 1626/1626 1633/1633 1623/1623
f 1621/1621 1613/1613 1623/1623
f 1621/1621 1609/1609 1613/1613
f 1372/1372 1374/1374 1375/1375
f 2350/2350 2351/2351 2348/2348
f 621/621 604/604 605/605
f 1963/1963 1964/1964 1939/1939
f 195/195 293/293 175/175
f 971/971 973/973 975/975
f 1943/1943 1944/1944 1942/1942
f 1942/1942 1944/1944 1945/1945
f 166/166 189/189 295/295
f 1681/1681 1686/1686 1680/1680
f 1686/1686 1685/1685 1680/1680
f 1685/1685 1684/1684 1680/1680
f 941/941 944/944 945/945
f 941/941 942/942 944/944
f 913/913 921/921 926/926
f 923/923 922/922 928/928
f 941/941 932/932 942/942
f 301/301 283/283 284/284
f 303/303 112/112 302/302
f 1369/1369 1372/1372 1371/1371
f 2350/2350 2354/2354 2351/2351
f 1375/1375 1376/1376 1372/1372
f 982/982 962/962 961/961
f 1939/1939 1962/1962 1936/1936
f 923/923 928/928 932/932
f 774/774 787/787 816/816
f 284/284 194/194 285/285
f 285/285 194/194 186/186
f 192/192 93/93 209/209
f 209/209 93/93 196/196
f 197/197 106/106 300/300
f 107/107 306/306 300/300
f 306/306 109/109 305/305
f 109/109 304/304 305/305
f 109/109 111/111 304/304
f 304/304 111/111 303/303
f 303/303 111/111 112/112
f 1375/1375 1377/1377 1376/1376
f 2334/2334 2348/2348 2358/2358
f 961/961 963/963 958/958
f 1939/1939 1964/1964 1962/1962
f 294/294 183/183 175/175
f 293/293 294/294 175/175
f 631/631 611/611 609/609
f 914/914 915/915 893/893
f 922/922 943/943 928/928
f 932/932 936/936 942/942
f 743/743 738/738 737/737
f 283/283 194/194 284/284
f 186/186 282/282 285/285
f 186/186 139/139 282/282
f 281/281 133/133 191/191
f 191/191 133/133 99/99
f 191/191 97/97 192/192
f 197/197 196/196 102/102
f 300/300 106/106 107/107
f 327/327 476/476 323/323
f 112/112 115/115 302/302
f 2351/2351 2357/2357 2348/2348
f 988/988 987/987 986/986
f 962/962 963/963 961/961
f 1964/1964 1968/1968 1962/1962
f 183/183 174/174 175/175
f 175/175 174/174 168/168
f 1945/1945 1954/1954 1953/1953
f 1944/1944 1950/1950 1945/1945
f 166/166 172/172 189/189
f 609/609 579/579 555/555
f 947/947 944/944 942/942
f 936/936 947/947 942/942
f 928/928 935/935 932/932
f 935/935 936/936 932/932
f 1788/1788 1770/1770 1772/1772
f 282/282 139/139 133/133
f 133/133 281/281 282/282
f 192/192 97/97 93/93
f 93/93 96/96 196/196
f 196/196 96/96 100/100
f 196/196 100/100 102/102
f 102/102 106/106 197/197
f 107/107 109/109 306/306
f 2354/2354 2356/2356 2351/2351
f 2351/2351 2356/2356 2357/2357
f 2348/2348 2357/2357 2358/2358
f 963/963 964/964 958/958
f 1962/1962 1968/1968 1969/1969
f 1950/1950 1955/1955 1945/1945
f 1945/1945 1955/1955 1954/1954
f 174/174 173/173 168/168
f 166/166 162/162 172/172
f 543/543 555/555 554/554
f 916/916 895/895 915/915
f 611/611 579/579 609/609
f 913/913 917/917 921/921
f 921/921 917/917 922/922
f 922/922 937/937 943/943
f 893/893 913/913 914/914
f 943/943 935/935 928/928
f 1785/1785 1786/1786 1774/1774
f 1791/1791 1772/1772 1774/1774
f 1772/1772 1771/1771 1774/1774
f 1791/1791 1792/1792 1772/1772
f 1792/1792 1788/1788 1772/1772
f 1770/1770 1764/1764 1771/1771
f 1794/1794 1762/1762 1788/1788
f 1762/1762 1770/1770 1788/1788
f 1770/1770 1762/1762 1761/1761
f 1770/1770 1761/1761 1764/1764
f 1794/1794 1756/1756 1762/1762
f 1762/1762 1756/1756 1761/1761
f 1756/1756 1758/1758 1761/1761
f 1794/1794 1796/1796 1759/1759
f 1794/1794 1759/1759 1756/1756
f 1759/1759 1797/1797 1760/1760
f 283/283 260/260 208/208
f 283/283 208/208 194/194
f 99/99 97/97 191/191
f 1968/1968 1970/1970 1969/1969
f 1968/1968 1956/1956 1970/1970
f 1955/1955 1956/1956 1954/1954
f 173/173 157/157 168/168
f 168/168 157/157 166/166
f 166/166 157/157 162/162
f 172/172 204/204 189/189
f 922/922 917/917 937/937
f 900/900 917/917 913/913
f 937/937 939/939 943/943
f 936/936 918/918 947/947
f 943/943 939/939 935/935
f 1789/1789 1787/1787 1785/1785
f 1789/1789 1785/1785 1790/1790
f 1790/1790 1785/1785 1783/1783
f 1787/1787 1786/1786 1785/1785
f 1783/1783 1774/1774 1775/1775
f 1791/1791 1774/1774 1786/1786
f 1774/1774 1771/1771 1775/1775
f 1792/1792 1799/1799 1788/1788
f 1764/1764 1773/1773 1771/1771
f 1788/1788 1799/1799 1794/1794
f 2046/2046 2027/2027 2001/2001
f 1796/1796 1794/1794 1799/1799
f 1761/1761 1758/1758 1764/1764
f 1756/1756 1757/1757 1758/1758
f 1796/1796 1802/1802 1797/1797
f 1796/1796 1797/1797 1759/1759
f 1760/1760 1763/1763 1757/1757
f 1797/1797 1798/1798 1763/1763
f 1797/1797 1763/1763 1760/1760
f 1763/1763 1798/1798 1768/1768
f 788/788 817/817 816/816
f 155/155 154/154 288/288
f 971/971 972/972 973/973
f 973/973 972/972 976/976
f 1950/1950 1965/1965 1955/1955
f 1955/1955 1960/1960 1956/1956
f 895/895 892/892 915/915
f 915/915 892/892 893/893
f 631/631 627/627 611/611
f 935/935 918/918 936/936
f 939/939 907/907 935/935
f 1800/1800 1790/1790 1801/1801
f 1800/1800 1789/1789 1790/1790
f 1801/1801 1790/1790 1804/1804
f 1790/1790 1783/1783 1804/1804
f 1804/1804 1783/1783 1807/1807
f 1789/1789 1786/1786 1787/1787
f 297/297 254/254 296/296
f 1783/1783 1775/1775 1807/1807
f 296/296 254/254 287/287
f 287/287 280/280 292/292
f 280/280 279/279 292/292
f 280/280 234/234 279/279
f 2027/2027 2020/2020 2001/2001
f 273/273 235/235 266/266
f 1757/1757 1765/1765 1808/1808
f 1802/1802 1798/1798 1797/1797
f 1763/1763 1765/1765 1757/1757
f 1763/1763 1766/1766 1765/1765
f 1767/1767 1766/1766 1763/1763
f 1798/1798 1795/1795 1768/1768
f 1763/1763 1768/1768 1767/1767
f 1795/1795 1782/1782 1768/1768
f 1782/1782 1776/1776 1768/1768
f 732/732 742/742 736/736
f 112/112 114/114 115/115
f 962/962 965/965 963/963
f 964/964 972/972 971/971
f 1955/1955 1965/1965 1960/1960
f 162/162 160/160 172/172
f 611/611 603/603 587/587
f 913/913 893/893 900/900
f 627/627 603/603 611/611
f 627/627 630/630 603/603
f 935/935 907/907 906/906
f 935/935 906/906 918/918
f 1803/1803 1800/1800 1801/1801
f 1999/1999 1992/1992 2004/2004
f 254/254 236/236 287/287
f 236/236 280/280 287/287
f 280/280 236/236 234/234
f 279/279 234/234 273/273
f 2026/2026 2020/2020 2027/2027
f 2031/2031 2024/2024 2025/2025
f 266/266 242/242 267/267
f 1776/1776 1769/1769 1768/1768
f 1768/1768 1769/1769 1767/1767
f 269/269 268/268 214/214
f 1793/1793 1781/1781 1795/1795
f 1781/1781 1776/1776 1782/1782
f 1795/1795 1781/1781 1782/1782
f 1776/1776 1777/1777 1769/1769
f 1781/1781 1778/1778 1776/1776
f 1777/1777 1805/1805 1769/1769
f 1778/1778 1777/1777 1776/1776
f 1793/1793 1784/1784 1781/1781
f 269/269 214/214 260/260
f 1778/1778 1779/1779 1777/1777
f 1781/1781 1780/1780 1778/1778
f 1784/1784 1780/1780 1781/1781
f 1778/1778 1780/1780 1779/1779
f 824/824 761/761 825/825
f 824/824 788/788 761/761
f 817/817 788/788 824/824
f 96/96 95/95 100/100
f 100/100 101/101 102/102
f 107/107 106/106 105/105
f 107/107 108/108 109/109
f 115/115 114/114 117/117
f 115/115 117/117 137/137
f 160/160 171/171 172/172
f 912/912 937/937 917/917
f 917/917 900/900 912/912
f 912/912 908/908 937/937
f 937/937 908/908 939/939
f 908/908 907/907 939/939
f 289/289 274/274 253/253
f 289/289 253/253 252/252
f 2020/2020 2016/2016 1997/1997
f 234/234 235/235 273/273
f 266/266 235/235 242/242
f 267/267 242/242 218/218
f 267/267 218/218 268/268
f 268/268 216/216 214/214
f 1777/1777 1779/1779 1806/1806
f 1777/1777 1806/1806 1805/1805
f 214/214 211/211 260/260
f 194/194 187/187 186/186
f 97/97 94/94 93/93
f 93/93 94/94 95/95
f 93/93 95/95 96/96
f 100/100 95/95 101/101
f 101/101 103/103 102/102
f 102/102 103/103 104/104
f 111/111 110/110 112/112
f 157/157 160/160 162/162
f 895/895 861/861 892/892
f 2025/2025 2024/2024 2021/2021
f 268/268 218/218 216/216
f 2037/2037 2036/2036 2028/2028
f 194/194 208/208 205/205
f 140/140 139/139 186/186
f 139/139 132/132 133/133
f 133/133 132/132 99/99
f 132/132 98/98 99/99
f 98/98 97/97 99/99
f 97/97 98/98 94/94
f 104/104 105/105 102/102
f 102/102 105/105 106/106
f 108/108 110/110 109/109
f 110/110 111/111 109/109
f 112/112 113/113 114/114
f 113/113 116/116 114/114
f 137/137 136/136 155/155
f 155/155 136/136 154/154
f 966/966 968/968 965/965
f 963/963 965/965 967/967
f 151/151 150/150 152/152
f 172/172 202/202 204/204
f 892/892 833/833 893/893
f 912/912 882/882 908/908
f 274/274 265/265 253/253
f 253/253 249/249 252/252
f 2003/2003 1992/1992 2002/2002
f 252/252 247/247 254/254
f 254/254 247/247 236/236
f 229/229 227/227 234/234
f 2016/2016 2005/2005 1997/1997
f 234/234 227/227 235/235
f 227/227 225/225 235/235
f 235/235 223/223 242/242
f 2024/2024 2028/2028 2023/2023
f 2041/2041 2042/2042 2044/2044
f 214/214 212/212 211/211
f 211/211 212/212 210/210
f 194/194 205/205 187/187
f 187/187 140/140 186/186
f 139/139 140/140 132/132
f 107/107 105/105 108/108
f 110/110 113/113 112/112
f 114/114 116/116 117/117
f 968/968 967/967 965/965
f 152/152 150/150 157/157
f 528/528 511/511 532/532
f 171/171 202/202 172/172
f 895/895 862/862 861/861
f 861/861 833/833 892/892
f 893/893 833/833 826/826
f 893/893 826/826 900/900
f 900/900 826/826 828/828
f 912/912 900/900 828/828
f 603/603 596/596 587/587
f 912/912 828/828 882/882
f 628/628 596/596 603/603
f 630/630 628/628 603/603
f 906/906 884/884 918/918
f 908/908 883/883 907/907
f 883/883 884/884 906/906
f 907/907 883/883 906/906
f 253/253 250/250 249/249
f 249/249 247/247 252/252
f 247/247 231/231 236/236
f 231/231 229/229 236/236
f 1994/1994 1995/1995 1993/1993
f 236/236 229/229 234/234
f 235/235 225/225 223/223
f 223/223 220/220 242/242
f 220/220 219/219 218/218
f 242/242 220/220 218/218
f 218/218 219/219 215/215
f 218/218 215/215 216/216
f 2036/2036 2038/2038 2032/2032
f 2039/2039 2038/2038 2036/2036
f 216/216 215/215 214/214
f 2039/2039 2041/2041 2040/2040
f 214/214 215/215 212/212
f 759/759 757/757 805/805
f 211/211 210/210 205/205
f 469/469 316/316 318/318
f 137/137 117/117 136/136
f 136/136 144/144 154/154
f 153/153 146/146 147/147
f 153/153 147/147 151/151
f 147/147 150/150 151/151
f 150/150 158/158 157/157
f 157/157 158/158 160/160
f 884/884 894/894 918/918
f 882/882 883/883 908/908
f 144/144 145/145 146/146
f 146/146 145/145 147/147
f 250/250 251/251 248/248
f 250/250 248/248 249/249
f 2005/2005 2019/2019 2010/2010
f 227/227 226/226 225/225
f 225/225 224/224 223/223
f 223/223 222/222 220/220
f 220/220 222/222 221/221
f 215/215 217/217 212/212
f 105/105 123/123 108/108
f 136/136 143/143 144/144
f 144/144 143/143 145/145
f 145/145 148/148 147/147
f 148/148 149/149 147/147
f 147/147 149/149 150/150
f 862/862 860/860 861/861
f 884/884 875/875 894/894
f 264/264 251/251 250/250
f 265/265 264/264 250/250
f 249/249 248/248 247/247
f 248/248 246/246 247/247
f 247/247 246/246 231/231
f 231/231 246/246 232/232
f 232/232 230/230 231/231
f 231/231 230/230 229/229
f 229/229 230/230 228/228
f 229/229 228/228 227/227
f 228/228 226/226 227/227
f 226/226 224/224 225/225
f 224/224 222/222 223/223
f 220/220 221/221 219/219
f 215/215 219/219 233/233
f 215/215 233/233 217/217
f 187/187 141/141 140/140
f 140/140 134/134 132/132
f 101/101 119/119 103/103
f 310/310 313/313 311/311
f 317/317 314/314 316/316
f 108/108 123/123 129/129
f 469/469 471/471 316/316
f 108/108 129/129 110/110
f 113/113 124/124 116/116
f 116/116 124/124 121/121
f 116/116 121/121 117/117
f 121/121 135/135 117/117
f 1708/1708 1705/1705 1711/1711
f 1711/1711 1705/1705 1701/1701
f 158/158 159/159 160/160
f 857/857 832/832 861/861
f 861/861 832/832 833/833
f 833/833 829/829 826/826
f 826/826 829/829 827/827
f 826/826 827/827 828/828
f 827/827 863/863 828/828
f 828/828 863/863 879/879
f 894/894 903/903 920/920
f 828/828 879/879 882/882
f 882/882 879/879 883/883
f 883/883 876/876 878/878
f 883/883 878/878 884/884
f 212/212 217/217 213/213
f 210/210 206/206 205/205
f 205/205 206/206 190/190
f 140/140 141/141 134/134
f 132/132 131/131 98/98
f 103/103 119/119 118/118
f 103/103 118/118 104/104
f 104/104 122/122 105/105
f 129/129 126/126 110/110
f 150/150 159/159 158/158
f 160/160 161/161 171/171
f 860/860 857/857 861/861
f 833/833 832/832 829/829
f 894/894 875/875 903/903
f 884/884 878/878 875/875
f 251/251 259/259 248/248
f 259/259 257/257 248/248
f 248/248 257/257 246/246
f 2034/2034 2010/2010 2019/2019
f 224/224 239/239 222/222
f 222/222 239/239 221/221
f 239/239 237/237 221/221
f 221/221 237/237 219/219
f 237/237 238/238 219/219
f 219/219 238/238 233/233
f 233/233 240/240 241/241
f 233/233 241/241 217/217
f 217/217 241/241 271/271
f 190/190 141/141 187/187
f 131/131 130/130 98/98
f 98/98 130/130 94/94
f 130/130 125/125 94/94
f 94/94 125/125 95/95
f 95/95 120/120 119/119
f 95/95 119/119 101/101
f 104/104 118/118 122/122
f 525/525 526/526 486/486
f 126/126 127/127 113/113
f 1707/1707 1705/1705 1708/1708
f 1695/1695 1702/1702 1701/1701
f 1695/1695 1700/1700 1702/1702
f 159/159 161/161 160/160
f 176/176 203/203 202/202
f 876/876 875/875 878/878
f 257/257 258/258 246/246
f 246/246 258/258 232/232
f 232/232 245/245 230/230
f 230/230 245/245 228/228
f 228/228 244/244 226/226
f 226/226 243/243 224/224
f 243/243 239/239 224/224
f 238/238 240/240 233/233
f 132/132 134/134 131/131
f 95/95 125/125 120/120
f 1320/1320 1318/1318 1317/1317
f 113/113 127/127 124/124
f 127/127 128/128 124/124
f 124/124 128/128 121/121
f 135/135 142/142 136/136
f 1693/1693 1701/1701 1705/1705
f 2270/2270 2272/2272 2282/2282
f 1702/1702 1700/1700 1703/1703
f 161/161 176/176 171/171
f 589/589 608/608 556/556
f 879/879 877/877 876/876
f 1035/1035 1028/1028 1036/1036
f 259/259 272/272 257/257
f 258/258 256/256 232/232
f 232/232 256/256 245/245
f 228/228 245/245 244/244
f 2051/2051 2050/2050 2033/2033
f 399/399 452/452 401/401
f 121/121 138/138 135/135
f 1707/1707 1693/1693 1705/1705
f 1693/1693 1695/1695 1701/1701
f 164/164 163/163 159/159
f 159/159 163/163 161/161
f 598/598 619/619 608/608
f 863/863 864/864 879/879
f 864/864 877/877 879/879
f 875/875 874/874 903/903
f 877/877 871/871 876/876
f 876/876 871/871 875/875
f 257/257 272/272 256/256
f 256/256 270/270 245/245
f 245/245 270/270 244/244
f 756/756 789/789 790/790
f 789/789 808/808 790/790
f 369/369 363/363 365/365
f 121/121 128/128 138/138
f 138/138 156/156 135/135
f 135/135 156/156 142/142
f 1707/1707 1709/1709 1693/1693
f 2270/2270 2257/2257 2272/2272
f 165/165 163/163 164/164
f 556/556 594/594 544/544
f 829/829 830/830 827/827
f 863/863 827/827 864/864
f 871/871 874/874 875/875
f 406/406 402/402 461/461
f 263/263 262/262 206/206
f 206/206 262/262 190/190
f 456/456 422/422 607/607
f 1326/1326 1285/1285 1323/1323
f 2132/2132 2122/2122 2124/2124
f 2257/2257 2254/2254 2256/2256
f 2270/2270 2254/2254 2257/2257
f 176/176 193/193 203/203
f 857/857 831/831 832/832
f 830/830 834/834 827/827
f 827/827 834/834 864/864
f 832/832 831/831 829/829
f 864/864 868/868 877/877
f 874/874 873/873 889/889
f 877/877 868/868 871/871
f 871/871 872/872 874/874
f 1019/1019 1003/1003 1000/1000
f 997/997 998/998 1000/1000
f 23/23 30/30 22/22
f 30/30 31/31 22/22
f 31/31 26/26 22/22
f 31/31 33/33 26/26
f 190/190 262/262 141/141
f 141/141 199/199 134/134
f 134/134 199/199 131/131
f 1308/1308 1303/1303 1330/1330
f 1327/1327 1296/1296 1326/1326
f 1322/1322 1271/1271 1320/1320
f 2128/2128 2125/2125 2127/2127
f 2125/2125 2123/2123 2127/2127
f 2127/2127 2123/2123 2122/2122
f 1707/1707 1713/1713 1709/1709
f 1693/1693 1692/1692 1695/1695
f 1696/1696 1700/1700 1695/1695
f 2274/2274 2254/2254 2270/2270
f 163/163 169/169 161/161
f 161/161 169/169 176/176
f 860/860 859/859 857/857
f 608/608 624/624 594/594
f 834/834 868/868 864/864
f 42/42 41/41 32/32
f 41/41 23/23 32/32
f 32/32 23/23 19/19
f 23/23 22/22 19/19
f 19/19 22/22 18/18
f 22/22 21/21 18/18
f 26/26 21/21 22/22
f 33/33 28/28 26/26
f 33/33 38/38 28/28
f 141/141 261/261 207/207
f 141/141 207/207 199/199
f 1328/1328 1296/1296 1329/1329
f 1329/1329 1296/1296 1327/1327
f 1296/1296 1285/1285 1326/1326
f 315/315 324/324 361/361
f 1319/1319 1290/1290 1299/1299
f 1299/1299 1321/1321 1319/1319
f 2123/2123 2119/2119 2122/2122
f 179/179 170/170 165/165
f 1692/1692 1696/1696 1695/1695
f 170/170 167/167 165/165
f 165/165 167/167 163/163
f 176/176 169/169 193/193
f 859/859 858/858 857/857
f 857/857 858/858 831/831
f 831/831 830/830 829/829
f 19/19 18/18 14/14
f 26/26 27/27 21/21
f 26/26 28/28 27/27
f 141/141 262/262 261/261
f 199/199 200/200 131/131
f 1323/1323 1285/1285 1286/1286
f 1322/1322 1286/1286 1271/1271
f 1271/1271 1270/1270 1320/1320
f 1275/1275 1290/1290 1317/1317
f 1299/1299 1305/1305 1321/1321
f 2126/2126 2125/2125 2128/2128
f 2234/2234 2232/2232 2233/2233
f 1692/1692 1697/1697 1696/1696
f 163/163 167/167 169/169
f 902/902 855/855 891/891
f 889/889 855/855 902/902
f 830/830 836/836 834/834
f 872/872 842/842 873/873
f 18/18 2/2 14/14
f 18/18 17/17 2/2
f 786/786 818/818 789/789
f 18/18 21/21 17/17
f 21/21 20/20 17/17
f 21/21 27/27 24/24
f 21/21 24/24 20/20
f 457/457 467/467 468/468
f 324/324 610/610 451/451
f 324/324 585/585 610/610
f 477/477 586/586 320/320
f 2125/2125 2117/2117 2123/2123
f 2117/2117 2097/2097 2119/2119
f 2123/2123 2117/2117 2119/2119
f 1691/1691 1692/1692 1693/1693
f 2250/2250 2252/2252 2254/2254
f 2254/2254 2252/2252 2253/2253
f 2275/2275 2250/2250 2274/2274
f 830/830 835/835 836/836
f 834/834 837/837 843/843
f 34/34 14/14 35/35
f 14/14 36/36 35/35
f 36/36 14/14 1/1
f 14/14 2/2 1/1
f 6/6 8/8 29/29
f 6/6 7/7 8/8
f 6/6 5/5 7/7
f 29/29 8/8 12/12
f 2/2 9/9 3/3
f 17/17 9/9 2/2
f 7/7 10/10 8/8
f 652/652 650/650 654/654
f 17/17 20/20 9/9
f 10/10 11/11 8/8
f 8/8 11/11 12/12
f 20/20 45/45 9/9
f 48/48 47/47 10/10
f 2207/2207 2206/2206 2203/2203
f 47/47 13/13 10/10
f 10/10 13/13 11/11
f 2203/2203 2202/2202 2198/2198
f 457/457 423/423 467/467
f 1837/1837 1840/1840 1820/1820
f 585/585 586/586 610/610
f 1826/1826 1825/1825 1827/1827
f 1826/1826 1827/1827 1849/1849
f 1829/1829 1828/1828 1825/1825
f 1825/1825 1828/1828 1827/1827
f 1828/1828 1830/1830 1827/1827
f 2126/2126 2117/2117 2125/2125
f 1709/1709 1710/1710 1691/1691
f 1709/1709 1691/1691 1693/1693
f 2234/2234 2235/2235 2232/2232
f 2232/2232 2230/2230 2231/2231
f 169/169 185/185 193/193
f 859/859 867/867 858/858
f 836/836 837/837 834/834
f 831/831 835/835 830/830
f 837/837 839/839 843/843
f 839/839 842/842 843/843
f 37/37 1/1 25/25
f 25/25 6/6 39/39
f 25/25 1/1 4/4
f 25/25 4/4 6/6
f 1/1 3/3 4/4
f 4/4 5/5 6/6
f 1/1 2/2 3/3
f 821/821 819/819 813/813
f 9/9 16/16 3/3
f 16/16 15/15 3/3
f 651/651 645/645 640/640
f 3/3 15/15 5/5
f 640/640 637/637 651/651
f 15/15 7/7 5/5
f 651/651 637/637 639/639
f 651/651 639/639 652/652
f 652/652 639/639 650/650
f 9/9 44/44 16/16
f 1062/1062 1061/1061 1090/1090
f 1091/1091 1062/1062 1090/1090
f 9/9 45/45 44/44
f 1061/1061 1060/1060 1059/1059
f 2202/2202 2197/2197 2198/2198
f 2198/2198 2197/2197 2196/2196
f 2198/2198 2196/2196 2199/2199
f 1296/1296 1284/1284 1285/1285
f 1285/1285 1284/1284 1272/1272
f 1853/1853 1852/1852 1837/1837
f 1831/1831 1824/1824 1834/1834
f 1837/1837 1820/1820 1832/1832
f 1832/1832 1820/1820 1822/1822
f 1831/1831 1822/1822 1824/1824
f 1824/1824 1823/1823 1834/1834
f 1822/1822 1820/1820 1818/1818
f 1822/1822 1818/1818 1815/1815
f 1822/1822 1815/1815 1824/1824
f 1824/1824 1815/1815 1823/1823
f 1820/1820 1819/1819 1818/1818
f 1823/1823 1826/1826 1834/1834
f 1834/1834 1826/1826 1850/1850
f 1840/1840 1821/1821 1820/1820
f 1820/1820 1821/1821 1819/1819
f 1819/1819 1816/1816 1818/1818
f 1816/1816 1815/1815 1818/1818
f 1815/1815 1817/1817 1823/1823
f 1815/1815 1816/1816 1817/1817
f 1817/1817 1825/1825 1823/1823
f 1823/1823 1825/1825 1826/1826
f 1841/1841 1848/1848 1821/1821
f 1841/1841 1855/1855 1848/1848
f 2224/2224 2216/2216 2222/2222
f 1829/1829 1836/1836 1828/1828
f 1828/1828 1836/1836 1838/1838
f 1838/1838 1845/1845 1830/1830
f 1828/1828 1838/1838 1830/1830
f 2117/2117 2116/2116 2097/2097
f 1709/1709 1716/1716 1710/1710
f 185/185 278/278 193/193
f 867/867 866/866 858/858
f 839/839 841/841 842/842
f 842/842 841/841 848/848
f 40/40 36/36 37/37
f 642/642 640/640 645/645
f 645/645 647/647 642/642
f 639/639 648/648 650/650
f 2206/2206 2200/2200 2203/2203
f 2203/2203 2200/2200 2202/2202
f 1059/1059 1060/1060 1057/1057
f 1056/1056 1057/1057 1058/1058
f 1837/1837 1832/1832 1835/1835
f 1832/1832 1833/1833 1835/1835
f 1833/1833 1831/1831 1851/1851
f 1755/1755 1753/1753 1748/1748
f 1833/1833 1832/1832 1822/1822
f 1833/1833 1822/1822 1831/1831
f 1748/1748 1753/1753 1747/1747
f 1753/1753 1754/1754 1740/1740
f 1747/1747 1753/1753 1740/1740
f 1819/1819 1843/1843 1816/1816
f 1839/1839 1842/1842 1819/1819
f 1821/1821 1839/1839 1819/1819
f 1819/1819 1842/1842 1843/1843
f 1843/1843 1844/1844 1816/1816
f 1816/1816 1844/1844 1817/1817
f 1844/1844 1847/1847 1817/1817
f 1847/1847 1825/1825 1817/1817
f 1848/1848 1839/1839 1821/1821
f 2217/2217 2216/2216 2224/2224
f 1915/1915 1907/1907 1903/1903
f 2222/2222 2216/2216 2213/2213
f 2213/2213 2223/2223 2222/2222
f 2290/2290 2289/2289 2287/2287
f 2290/2290 2287/2287 2291/2291
f 2291/2291 2287/2287 2286/2286
f 2291/2291 2286/2286 2292/2292
f 2097/2097 2116/2116 2109/2109
f 1716/1716 1717/1717 1710/1710
f 2234/2234 2238/2238 2235/2235
f 2235/2235 2230/2230 2232/2232
f 2231/2231 2230/2230 2229/2229
f 1692/1692 1699/1699 1697/1697
f 2250/2250 2251/2251 2252/2252
f 178/178 184/184 167/167
f 170/170 178/178 167/167
f 167/167 184/184 177/177
f 167/167 177/177 169/169
f 523/523 540/540 515/515
f 855/855 856/856 891/891
f 858/858 852/852 831/831
f 848/848 849/849 855/855
f 831/831 846/846 835/835
f 835/835 846/846 836/836
f 838/838 839/839 837/837
f 841/841 849/849 848/848
f 2212/2212 2208/2208 2207/2207
f 2207/2207 2208/2208 2206/2206
f 1303/1303 1297/1297 1296/1296
f 1296/1296 1297/1297 1284/1284
f 1750/1750 1751/1751 1726/1726
f 1272/1272 1273/1273 1270/1270
f 1843/1843 1846/1846 1844/1844
f 1899/1899 1897/1897 1912/1912
f 1897/1897 1895/1895 1912/1912
f 1843/1843 1842/1842 1846/1846
f 2120/2120 2115/2115 2116/2116
f 2100/2100 2095/2095 2099/2099
f 1691/1691 1710/1710 1706/1706
f 2235/2235 2236/2236 2230/2230
f 1692/1692 1694/1694 1699/1699
f 2275/2275 2271/2271 2250/2250
f 169/169 177/177 185/185
f 852/852 846/846 831/831
f 846/846 838/838 836/836
f 836/836 838/838 837/837
f 637/637 640/640 638/638
f 2202/2202 2201/2201 2194/2194
f 2202/2202 2194/2194 2197/2197
f 2197/2197 2194/2194 2196/2196
f 450/450 472/472 467/467
f 1303/1303 1302/1302 1297/1297
f 1726/1726 1751/1751 1722/1722
f 1272/1272 1280/1280 1273/1273
f 1903/1903 1902/1902 1899/1899
f 2217/2217 2214/2214 2216/2216
f 1907/1907 1904/1904 1903/1903
f 2216/2216 2214/2214 2213/2213
f 1907/1907 1913/1913 1904/1904
f 2287/2287 2284/2284 2286/2286
f 2115/2115 2110/2110 2109/2109
f 2235/2235 2238/2238 2236/2236
f 2238/2238 2239/2239 2236/2236
f 1691/1691 1706/1706 1694/1694
f 2229/2229 2228/2228 2225/2225
f 1691/1691 1694/1694 1692/1692
f 201/201 184/184 178/178
f 867/867 870/870 866/866
f 642/642 641/641 640/640
f 640/640 641/641 638/638
f 637/637 638/638 639/639
f 647/647 646/646 642/642
f 570/570 577/577 578/578
f 2208/2208 2205/2205 2206/2206
f 2200/2200 2201/2201 2202/2202
f 1897/1897 1898/1898 1896/1896
f 1897/1897 1896/1896 1895/1895
f 1895/1895 1891/1891 1894/1894
f 1891/1891 1893/1893 1894/1894
f 1894/1894 1900/1900 1901/1901
f 1899/1899 1902/1902 1898/1898
f 1899/1899 1898/1898 1897/1897
f 1903/1903 1904/1904 1902/1902
f 2213/2213 2214/2214 2215/2215
f 2289/2289 2288/2288 2287/2287
f 2230/2230 2236/2236 2228/2228
f 2250/2250 2248/2248 2251/2251
f 866/866 865/865 852/852
f 866/866 852/852 858/858
f 850/850 838/838 846/846
f 838/838 840/840 839/839
f 839/839 840/840 841/841
f 639/639 638/638 648/648
f 2206/2206 2205/2205 2200/2200
f 2194/2194 2195/2195 2196/2196
f 1896/1896 1891/1891 1895/1895
f 1894/1894 1893/1893 1900/1900
f 2217/2217 2218/2218 2214/2214
f 1904/1904 1905/1905 1902/1902
f 2288/2288 2284/2284 2287/2287
f 2284/2284 2285/2285 2286/2286
f 1096/1096 1092/1092 1095/1095
f 2118/2118 2114/2114 2110/2110
f 2104/2104 2102/2102 2103/2103
f 1717/1717 1714/1714 1710/1710
f 1710/1710 1714/1714 1706/1706
f 2239/2239 2277/2277 2236/2236
f 2236/2236 2277/2277 2228/2228
f 2240/2240 2239/2239 2238/2238
f 2228/2228 2226/2226 2225/2225
f 2249/2249 2248/2248 2250/2250
f 201/201 198/198 184/184
f 870/870 888/888 866/866
f 838/838 845/845 840/840
f 841/841 844/844 849/849
f 642/642 646/646 643/643
f 2212/2212 2209/2209 2208/2208
f 1273/1273 1278/1278 1274/1274
f 1904/1904 1911/1911 1905/1905
f 1094/1094 1100/1100 1097/1097
f 1118/1118 1114/1114 1111/1111
f 2277/2277 2280/2280 2228/2228
f 2228/2228 2280/2280 2226/2226
f 2241/2241 2239/2239 2240/2240
f 1694/1694 1698/1698 1699/1699
f 201/201 275/275 198/198
f 852/852 865/865 850/850
f 853/853 890/890 901/901
f 844/844 853/853 849/849
f 841/841 840/840 844/844
f 638/638 649/649 648/648
f 642/642 643/643 641/641
f 2208/2208 2209/2209 2205/2205
f 2205/2205 2204/2204 2200/2200
f 2200/2200 2204/2204 2201/2201
f 1068/1068 1072/1072 1069/1069
f 1301/1301 1298/1298 1297/1297
f 1288/1288 1298/1298 1281/1281
f 1273/1273 1279/1279 1278/1278
f 1896/1896 1892/1892 1891/1891
f 1891/1891 1892/1892 1893/1893
f 2218/2218 2221/2221 2220/2220
f 1905/1905 1906/1906 1902/1902
f 2218/2218 2220/2220 2214/2214
f 2214/2214 2219/2219 2215/2215
f 1102/1102 1101/1101 1104/1104
f 1177/1177 1163/1163 1175/1175
f 1097/1097 1100/1100 1101/1101
f 1097/1097 1101/1101 1102/1102
f 1118/1118 1120/1120 1114/1114
f 2242/2242 2243/2243 2241/2241
f 201/201 276/276 275/275
f 2271/2271 2258/2258 2249/2249
f 896/896 887/887 888/888
f 850/850 845/845 838/838
f 840/840 847/847 844/844
f 643/643 644/644 641/641
f 641/641 644/644 638/638
f 638/638 644/644 649/649
f 2204/2204 2210/2210 2201/2201
f 473/473 564/564 472/472
f 1172/1172 1132/1132 1136/1136
f 1172/1172 1116/1116 1132/1132
f 1905/1905 1908/1908 1906/1906
f 2214/2214 2220/2220 2219/2219
f 1104/1104 1101/1101 1105/1105
f 1165/1165 1163/1163 1177/1177
f 1175/1175 1163/1163 1164/1164
f 1175/1175 1164/1164 1176/1176
f 1092/1092 1093/1093 1094/1094
f 1714/1714 1712/1712 1706/1706
f 2226/2226 2280/2280 2237/2237
f 2226/2226 2237/2237 2227/2227
f 2239/2239 2269/2269 2277/2277
f 2269/2269 2278/2278 2277/2277
f 2278/2278 2280/2280 2277/2277
f 1706/1706 1704/1704 1694/1694
f 2241/2241 2269/2269 2239/2239
f 1694/1694 1704/1704 1698/1698
f 2243/2243 2269/2269 2241/2241
f 2279/2279 2258/2258 2271/2271
f 850/850 851/851 845/845
f 649/649 644/644 653/653
f 2209/2209 2211/2211 2205/2205
f 2205/2205 2211/2211 2204/2204
f 1266/1266 1225/1225 1226/1226
f 1906/1906 1909/1909 1902/1902
f 1174/1174 1116/1116 1173/1173
f 1161/1161 1162/1162 1163/1163
f 1093/1093 1100/1100 1094/1094
f 1103/1103 1110/1110 1093/1093
f 2280/2280 2281/2281 2237/2237
f 1706/1706 1712/1712 1704/1704
f 2278/2278 2266/2266 2280/2280
f 2280/2280 2266/2266 2281/2281
f 2243/2243 2262/2262 2269/2269
f 2249/2249 2258/2258 2243/2243
f 887/887 869/869 865/865
f 890/890 909/909 901/901
f 865/865 869/869 851/851
f 865/865 851/851 850/850
f 845/845 851/851 847/847
f 854/854 890/890 853/853
f 845/845 847/847 840/840
f 844/844 847/847 854/854
f 1116/1116 1125/1125 1131/1131
f 2237/2237 2268/2268 2227/2227
f 2266/2266 2237/2237 2281/2281
f 2264/2264 2266/2266 2278/2278
f 276/276 309/309 275/275
f 2262/2262 2264/2264 2269/2269
f 2269/2269 2264/2264 2278/2278
f 1704/1704 1720/1720 1698/1698
f 2279/2279 2260/2260 2258/2258
f 602/602 632/632 599/599
f 1196/1196 1194/1194 1195/1195
f 1309/1309 1312/1312 1313/1313
f 1293/1293 1295/1295 1292/1292
f 1115/1115 1125/1125 1116/1116
f 2265/2265 2267/2267 2266/2266
f 2266/2266 2267/2267 2237/2237
f 2237/2237 2267/2267 2268/2268
f 1718/1718 1704/1704 1712/1712
f 2264/2264 2263/2263 2265/2265
f 2264/2264 2265/2265 2266/2266
f 1718/1718 1721/1721 1704/1704
f 2259/2259 2263/2263 2262/2262
f 2262/2262 2263/2263 2264/2264
f 1704/1704 1721/1721 1720/1720
f 2260/2260 2259/2259 2258/2258
f 2258/2258 2259/2259 2243/2243
f 2243/2243 2259/2259 2262/2262
f 896/896 881/881 887/887
f 633/633 635/635 632/632
f 633/633 632/632 602/602
f 1124/1124 1142/1142 1115/1115
f 2273/2273 2276/2276 2268/2268
f 2267/2267 2273/2273 2268/2268
f 2267/2267 2265/2265 2273/2273
f 2260/2260 2261/2261 2259/2259
f 847/847 885/885 886/886
f 847/847 886/886 854/854
f 1143/1143 1145/1145 1141/1141
f 1380/1380 1491/1491 1478/1478
f 1383/1383 1492/1492 1491/1491
f 1601/1601 1555/1555 1600/1600
f 1380/1380 1478/1478 1475/1475
f 1408/1408 1492/1492 1383/1383
f 1558/1558 1557/1557 1553/1553
f 1401/1401 1381/1381 1400/1400
f 1629/1629 1565/1565 1601/1601
f 1927/1927 1934/1934 1949/1949
f 1430/1430 1485/1485 1441/1441
f 2321/2321 2328/2328 2322/2322
f 1629/1629 1601/1601 1666/1666
f 1924/1924 1926/1926 1927/1927
f 985/985 978/978 960/960
f 970/970 985/985 960/960
f 1868/1868 1875/1875 1877/1877
f 1537/1537 1526/1526 1528/1528
f 1972/1972 1986/1986 1983/1983
f 1670/1670 1631/1631 1629/1629
f 2321/2321 2322/2322 2323/2323
f 934/934 938/938 929/929
f 674/674 673/673 668/668
f 1675/1675 1422/1422 1671/1671
f 1422/1422 1423/1423 1671/1671
f 2379/2379 2383/2383 2381/2381
f 561/561 475/475 480/480
f 1433/1433 1432/1432 1586/1586
f 1868/1868 1877/1877 1866/1866
f 1865/1865 1867/1867 1860/1860
f 1867/1867 1876/1876 1864/1864
f 1876/1876 1883/1883 1872/1872
f 1979/1979 1987/1987 1971/1971
f 1971/1971 1986/1986 1972/1972
f 1348/1348 1353/1353 1350/1350
f 1593/1593 1598/1598 1661/1661
f 1938/1938 1929/1929 1940/1940
f 1673/1673 1657/1657 1682/1682
f 669/669 675/675 674/674
f 669/669 674/674 668/668
f 668/668 673/673 666/666
f 666/666 673/673 662/662
f 662/662 673/673 664/664
f 662/662 664/664 655/655
f 655/655 664/664 663/663
f 568/568 561/561 480/480
f 1466/1466 1467/1467 1443/1443
f 480/480 475/475 465/465
f 465/465 475/475 464/464
f 428/428 464/464 426/426
f 1880/1880 1875/1875 1879/1879
f 1875/1875 1868/1868 1874/1874
f 1868/1868 1866/1866 1859/1859
f 1859/1859 1866/1866 1861/1861
f 1861/1861 1866/1866 1865/1865
f 1861/1861 1865/1865 1860/1860
f 1860/1860 1867/1867 1864/1864
f 1864/1864 1876/1876 1870/1870
f 1870/1870 1876/1876 1872/1872
f 1509/1509 1588/1588 1514/1514
f 2336/2336 2339/2339 2340/2340
f 2327/2327 2326/2326 2331/2331
f 957/957 978/978 980/980
f 584/584 606/606 583/583
f 778/778 769/769 768/768
f 775/775 778/778 768/768
f 772/772 775/775 768/768
f 779/779 775/775 772/772
f 655/655 663/663 656/656
f 660/660 659/659 680/680
f 428/428 426/426 424/424
f 424/424 426/426 390/390
f 385/385 388/388 420/420
f 385/385 420/420 383/383
f 1664/1664 1459/1459 1662/1662
f 1879/1879 1875/1875 1874/1874
f 1874/1874 1868/1868 1862/1862
f 1862/1862 1868/1868 1859/1859
f 1975/1975 1985/1985 1977/1977
f 2336/2336 2340/2340 2342/2342
f 2325/2325 2326/2326 2327/2327
f 616/616 606/606 584/584
f 2324/2324 2322/2322 2325/2325
f 2322/2322 2326/2326 2325/2325
f 2323/2323 2322/2322 2324/2324
f 667/667 669/669 668/668
f 667/667 668/668 666/666
f 657/657 656/656 659/659
f 2379/2379 2381/2381 2380/2380
f 478/478 480/480 465/465
f 465/465 464/464 428/428
f 424/424 390/390 389/389
f 389/389 390/390 388/388
f 387/387 388/388 385/385
f 378/378 379/379 416/416
f 1859/1859 1861/1861 1857/1857
f 1857/1857 1861/1861 1860/1860
f 1863/1863 1860/1860 1864/1864
f 1863/1863 1864/1864 1869/1869
f 1869/1869 1864/1864 1870/1870
f 1350/1350 1351/1351 1347/1347
f 1593/1593 1661/1661 1669/1669
f 2335/2335 2337/2337 2336/2336
f 2331/2331 2337/2337 2335/2335
f 583/583 580/580 533/533
f 1935/1935 1938/1938 1946/1946
f 580/580 581/581 541/541
f 768/768 769/769 751/751
f 669/669 667/667 670/670
f 666/666 662/662 665/665
f 661/661 662/662 655/655
f 776/776 777/777 772/772
f 655/655 656/656 657/657
f 658/658 655/655 657/657
f 657/657 659/659 660/660
f 2382/2382 2379/2379 2378/2378
f 574/574 568/568 557/557
f 568/568 480/480 557/557
f 428/428 424/424 429/429
f 429/429 424/424 389/389
f 378/378 416/416 393/393
f 1882/1882 1879/1879 1874/1874
f 1862/1862 1859/1859 1856/1856
f 1856/1856 1859/1859 1857/1857
f 1857/1857 1860/1860 1858/1858
f 1858/1858 1860/1860 1863/1863
f 1973/1973 1972/1972 1975/1975
f 1975/1975 1977/1977 1976/1976
f 2349/2349 2346/2346 2347/2347
f 2336/2336 2342/2342 2345/2345
f 2332/2332 2331/2331 2335/2335
f 584/584 583/583 533/533
f 1935/1935 1946/1946 1947/1947
f 533/533 580/580 541/541
f 562/562 541/541 581/581
f 747/747 768/768 751/751
f 667/667 666/666 665/665
f 762/762 772/772 768/768
f 661/661 665/665 662/662
f 661/661 655/655 658/658
f 776/776 772/772 770/770
f 773/773 776/776 770/770
f 792/792 776/776 773/773
f 2378/2378 2379/2379 2380/2380
f 2380/2380 2381/2381 2384/2384
f 389/389 388/388 387/387
f 386/386 387/387 385/385
f 385/385 383/383 384/384
f 386/386 385/385 384/384
f 384/384 383/383 382/382
f 382/382 383/383 381/381
f 382/382 381/381 377/377
f 377/377 381/381 380/380
f 377/377 380/380 379/379
f 377/377 379/379 378/378
f 1856/1856 1857/1857 1858/1858
f 1869/1869 1870/1870 1872/1872
f 1869/1869 1872/1872 1873/1873
f 1978/1978 1979/1979 1971/1971
f 1978/1978 1971/1971 1974/1974
f 1971/1971 1972/1972 1973/1973
f 1974/1974 1971/1971 1973/1973
f 1975/1975 1976/1976 1973/1973
f 571/571 593/593 569/569
f 2349/2349 2347/2347 2353/2353
f 1374/1374 1520/1520 1519/1519
f 957/957 958/958 959/959
f 974/974 959/959 975/975
f 562/562 597/597 555/555
f 747/747 751/751 748/748
f 670/670 667/667 672/672
f 667/667 665/665 672/672
f 762/762 768/768 747/747
f 671/671 665/665 661/661
f 762/762 770/770 772/772
f 774/774 792/792 773/773
f 774/774 811/811 792/792
f 575/575 574/574 557/557
f 377/377 378/378 350/350
f 378/378 393/393 350/350
f 1882/1882 1874/1874 1887/1887
f 1885/1885 1862/1862 1856/1856
f 1885/1885 1856/1856 1886/1886
f 1856/1856 1858/1858 1886/1886
f 1886/1886 1858/1858 1888/1888
f 1888/1888 1858/1858 1871/1871
f 1858/1858 1863/1863 1871/1871
f 1863/1863 1869/1869 1871/1871
f 1347/1347 1351/1351 1352/1352
f 2345/2345 2349/2349 2350/2350
f 2327/2327 2331/2331 2332/2332
f 620/620 616/616 604/604
f 2325/2325 2327/2327 2333/2333
f 604/604 616/616 584/584
f 555/555 629/629 609/609
f 672/672 665/665 671/671
f 465/465 428/428 427/427
f 425/425 428/428 429/429
f 387/387 386/386 367/367
f 391/391 384/384 374/374
f 384/384 382/382 374/374
f 374/374 382/382 377/377
f 356/356 377/377 350/350
f 1890/1890 1882/1882 1887/1887
f 1887/1887 1874/1874 1862/1862
f 1887/1887 1862/1862 1885/1885
f 698/698 699/699 702/702
f 698/698 702/702 703/703
f 716/716 694/694 715/715
f 715/715 712/712 720/720
f 720/720 712/712 721/721
f 721/721 713/713 722/722
f 1973/1973 1976/1976 1982/1982
f 1362/1362 1355/1355 1363/1363
f 2354/2354 2349/2349 2353/2353
f 2334/2334 2345/2345 2348/2348
f 2332/2332 2335/2335 2334/2334
f 2333/2333 2327/2327 2332/2332
f 604/604 584/584 530/530
f 584/584 560/560 530/530
f 1935/1935 1947/1947 1953/1953
f 541/541 562/562 527/527
f 81/81 87/87 82/82
f 762/762 747/747 737/737
f 82/82 80/80 50/50
f 80/80 82/82 85/85
f 80/80 85/85 79/79
f 85/85 90/90 79/79
f 745/745 770/770 762/762
f 661/661 658/658 677/677
f 676/676 658/658 657/657
f 679/679 660/660 681/681
f 575/575 557/557 558/558
f 558/558 557/557 478/478
f 558/558 478/478 479/479
f 478/478 465/465 466/466
f 427/427 428/428 425/425
f 425/425 429/429 389/389
f 425/425 389/389 353/353
f 389/389 387/387 366/366
f 366/366 387/387 367/367
f 374/374 377/377 356/356
f 350/350 393/393 331/331
f 331/331 393/393 449/449
f 706/706 709/709 699/699
f 695/695 706/706 699/699
f 695/695 699/699 698/698
f 698/698 703/703 696/696
f 696/696 703/703 711/711
f 696/696 711/711 701/701
f 706/706 695/695 704/704
f 695/695 698/698 696/696
f 1889/1889 1871/1871 1869/1869
f 1889/1889 1869/1869 1873/1873
f 701/701 708/708 697/697
f 1978/1978 1974/1974 1984/1984
f 694/694 685/685 712/712
f 712/712 685/685 682/682
f 707/707 694/694 716/716
f 715/715 694/694 712/712
f 712/712 682/682 713/713
f 722/722 713/713 714/714
f 1974/1974 1973/1973 1980/1980
f 723/723 707/707 716/716
f 2062/2062 2069/2069 2068/2068
f 1980/1980 1973/1973 1981/1981
f 482/482 634/634 623/623
f 482/482 623/623 571/571
f 1981/1981 1973/1973 1982/1982
f 2317/2317 2320/2320 2319/2319
f 571/571 569/569 547/547
f 2348/2348 2345/2345 2350/2350
f 621/621 620/620 604/604
f 530/530 560/560 524/524
f 524/524 560/560 533/533
f 524/524 533/533 514/514
f 1963/1963 1935/1935 1953/1953
f 514/514 533/533 516/516
f 533/533 541/541 516/516
f 516/516 541/541 527/527
f 527/527 562/562 543/543
f 737/737 747/747 743/743
f 747/747 748/748 743/743
f 81/81 82/82 49/49
f 736/736 762/762 737/737
f 49/49 82/82 50/50
f 745/745 762/762 736/736
f 80/80 79/79 50/50
f 50/50 79/79 69/69
f 69/69 79/79 90/90
f 753/753 770/770 745/745
f 678/678 677/677 658/658
f 773/773 770/770 753/753
f 774/774 773/773 753/753
f 51/51 50/50 69/69
f 70/70 51/51 69/69
f 70/70 69/69 71/71
f 678/678 658/658 676/676
f 676/676 657/657 660/660
f 676/676 660/660 679/679
f 2374/2374 2363/2363 2371/2371
f 2371/2371 2363/2363 2362/2362
f 2362/2362 2363/2363 2360/2360
f 2362/2362 2360/2360 2359/2359
f 2074/2074 2087/2087 2083/2083
f 78/78 77/77 91/91
f 479/479 478/478 466/466
f 466/466 465/465 427/427
f 353/353 389/389 366/366
f 706/706 724/724 709/709
f 695/695 696/696 686/686
f 696/696 701/701 697/697
f 704/704 695/695 692/692
f 695/695 686/686 692/692
f 686/686 696/696 697/697
f 705/705 704/704 692/692
f 683/683 692/692 686/686
f 686/686 697/697 690/690
f 694/694 692/692 683/683
f 683/683 686/686 684/684
f 684/684 686/686 690/690
f 690/690 697/697 688/688
f 697/697 708/708 688/688
f 705/705 692/692 694/694
f 685/685 694/694 683/683
f 685/685 683/683 682/682
f 682/682 683/683 684/684
f 707/707 705/705 694/694
f 713/713 682/682 684/684
f 713/713 684/684 714/714
f 714/714 684/684 687/687
f 1984/1984 1974/1974 1980/1980
f 723/723 719/719 707/707
f 725/725 719/719 723/723
f 2067/2067 2068/2068 2070/2070
f 717/717 693/693 700/700
f 693/693 691/691 700/700
f 700/700 691/691 718/718
f 482/482 571/571 567/567
f 567/567 571/571 547/547
f 569/569 548/548 547/547
f 2333/2333 2332/2332 2334/2334
f 982/982 986/986 984/984
f 49/49 50/50 51/51
f 71/71 69/69 72/72
f 71/71 72/72 73/73
f 54/54 51/51 55/55
f 73/73 72/72 74/74
f 2084/2084 2089/2089 2088/2088
f 74/74 76/76 75/75
f 283/283 301/301 307/307
f 54/54 55/55 59/59
f 2077/2077 2084/2084 2088/2088
f 73/73 74/74 75/75
f 73/73 75/75 77/77
f 78/78 73/73 77/77
f 367/367 391/391 345/345
f 345/345 391/391 374/374
f 331/331 449/449 417/417
f 417/417 449/449 618/618
f 417/417 618/618 617/617
f 417/417 617/617 325/325
f 710/710 704/704 705/705
f 707/707 710/710 705/705
f 719/719 710/710 707/707
f 690/690 688/688 687/687
f 687/687 684/684 690/690
f 687/687 688/688 689/689
f 687/687 689/689 691/691
f 693/693 687/687 691/691
f 484/484 482/482 567/567
f 548/548 542/542 546/546
f 605/605 604/604 517/517
f 2333/2333 2334/2334 2358/2358
f 517/517 604/604 530/530
f 1964/1964 1963/1963 1953/1953
f 506/506 514/514 516/516
f 83/83 81/81 53/53
f 53/53 81/81 49/49
f 53/53 49/49 52/52
f 52/52 49/49 51/51
f 760/760 774/774 753/753
f 787/787 774/774 760/760
f 52/52 51/51 54/54
f 56/56 52/52 54/54
f 56/56 54/54 59/59
f 56/56 59/59 61/61
f 62/62 56/56 61/61
f 443/443 466/466 427/427
f 427/427 425/425 360/360
f 360/360 425/425 353/353
f 374/374 356/356 349/349
f 356/356 350/350 332/332
f 328/328 350/350 331/331
f 331/331 417/417 321/321
f 321/321 417/417 325/325
f 326/326 325/325 617/617
f 326/326 327/327 323/323
f 327/327 482/482 476/476
f 476/476 482/482 484/484
f 546/546 547/547 548/548
f 984/984 986/986 987/987
f 982/982 984/984 962/962
f 508/508 524/524 514/514
f 1964/1964 1953/1953 1954/1954
f 83/83 53/53 68/68
f 742/742 745/745 736/736
f 53/53 52/52 57/57
f 58/58 52/52 56/56
f 60/60 56/56 62/62
f 66/66 60/60 62/62
f 360/360 353/353 343/343
f 353/353 366/366 344/344
f 344/344 366/366 367/367
f 345/345 374/374 349/349
f 349/349 356/356 341/341
f 332/332 350/350 328/328
f 321/321 325/325 319/319
f 319/319 325/325 322/322
f 322/322 325/325 326/326
f 487/487 542/542 535/535
f 530/530 524/524 508/508
f 1968/1968 1964/1964 1954/1954
f 509/509 516/516 527/527
f 1772/1772 1770/1770 1771/1771
f 737/737 738/738 731/731
f 736/736 737/737 731/731
f 57/57 68/68 53/53
f 752/752 753/753 745/745
f 760/760 753/753 752/752
f 57/57 52/52 58/58
f 60/60 58/58 56/56
f 67/67 60/60 66/66
f 84/84 67/67 66/66
f 443/443 427/427 419/419
f 419/419 427/427 360/360
f 343/343 353/353 344/344
f 344/344 367/367 345/345
f 341/341 356/356 332/332
f 322/322 326/326 323/323
f 484/484 567/567 483/483
f 567/567 547/547 483/483
f 546/546 542/542 487/487
f 492/492 519/519 517/517
f 508/508 514/514 505/505
f 514/514 506/506 505/505
f 1968/1968 1954/1954 1956/1956
f 506/506 516/516 509/509
f 532/532 543/543 554/554
f 554/554 555/555 579/579
f 1783/1783 1785/1785 1774/1774
f 1756/1756 1759/1759 1757/1757
f 1757/1757 1759/1759 1760/1760
f 731/731 738/738 730/730
f 732/732 736/736 731/731
f 65/65 89/89 68/68
f 65/65 68/68 57/57
f 752/752 745/745 742/742
f 759/759 760/760 752/752
f 64/64 65/65 57/57
f 761/761 760/760 759/759
f 761/761 787/787 760/760
f 64/64 57/57 63/63
f 63/63 57/57 58/58
f 283/283 307/307 260/260
f 67/67 63/63 58/58
f 67/67 58/58 60/60
f 328/328 331/331 321/321
f 547/547 546/546 485/485
f 517/517 530/530 499/499
f 966/966 962/962 984/984
f 499/499 530/530 508/508
f 958/958 964/964 971/971
f 509/509 527/527 510/510
f 527/527 543/543 532/532
f 2000/2000 2001/2001 1997/1997
f 2027/2027 2046/2046 2026/2026
f 1758/1758 1757/1757 1808/1808
f 409/409 412/412 407/407
f 412/412 415/415 410/410
f 788/788 787/787 761/761
f 788/788 816/816 787/787
f 88/88 64/64 63/63
f 86/86 88/88 63/63
f 86/86 63/63 67/67
f 458/458 445/445 481/481
f 454/454 481/481 443/443
f 454/454 443/443 419/419
f 454/454 419/419 376/376
f 344/344 345/345 340/340
f 319/319 322/322 312/312
f 322/322 323/323 318/318
f 470/470 476/476 484/484
f 483/483 547/547 485/485
f 485/485 546/546 487/487
f 487/487 535/535 489/489
f 489/489 535/535 529/529
f 529/529 519/519 492/492
f 492/492 517/517 494/494
f 984/984 987/987 979/979
f 510/510 527/527 532/532
f 579/579 611/611 587/587
f 1801/1801 1804/1804 1810/1810
f 1999/1999 1998/1998 1991/1991
f 1998/1998 2000/2000 1994/1994
f 1994/1994 2000/2000 1997/1997
f 1997/1997 2001/2001 2020/2020
f 407/407 412/412 410/410
f 415/415 414/414 410/410
f 454/454 458/458 481/481
f 419/419 360/360 355/355
f 355/355 360/360 343/343
f 343/343 344/344 340/340
f 345/345 349/349 339/339
f 339/339 349/349 341/341
f 341/341 332/332 333/333
f 312/312 322/322 318/318
f 323/323 476/476 470/470
f 470/470 484/484 483/483
f 489/489 529/529 492/492
f 966/966 984/984 979/979
f 494/494 517/517 499/499
f 965/965 962/962 966/966
f 1814/1814 1801/1801 1810/1810
f 252/252 297/297 289/289
f 2003/2003 2004/2004 1992/1992
f 254/254 297/297 252/252
f 1992/1992 1999/1999 1991/1991
f 1991/1991 1998/1998 1989/1989
f 1989/1989 1998/1998 1994/1994
f 2020/2020 2026/2026 2021/2021
f 2021/2021 2026/2026 2025/2025
f 2024/2024 2031/2031 2028/2028
f 2028/2028 2031/2031 2037/2037
f 752/752 742/742 746/746
f 1779/1779 1811/1811 1806/1806
f 1806/1806 1811/1811 1812/1812
f 410/410 414/414 408/408
f 408/408 414/414 445/445
f 445/445 458/458 408/408
f 458/458 454/454 376/376
f 376/376 419/419 355/355
f 340/340 345/345 339/339
f 332/332 328/328 329/329
f 321/321 319/319 311/311
f 318/318 323/323 470/470
f 976/976 972/972 977/977
f 1803/1803 1801/1801 1809/1809
f 1813/1813 1803/1803 1809/1809
f 1809/1809 1801/1801 1814/1814
f 289/289 290/290 274/274
f 2037/2037 2058/2058 2036/2036
f 2036/2036 2058/2058 2059/2059
f 739/739 742/742 732/732
f 2041/2041 2039/2039 2042/2042
f 208/208 260/260 211/211
f 408/408 458/458 376/376
f 337/337 343/343 340/340
f 328/328 321/321 311/311
f 311/311 319/319 312/312
f 486/486 485/485 487/487
f 486/486 487/487 488/488
f 491/491 489/489 492/492
f 966/966 979/979 969/969
f 964/964 963/963 967/967
f 508/508 505/505 502/502
f 964/964 967/967 972/972
f 1992/1992 1991/1991 1988/1988
f 1994/1994 1997/1997 1996/1996
f 2016/2016 2020/2020 2018/2018
f 2032/2032 2028/2028 2036/2036
f 2036/2036 2059/2059 2039/2039
f 731/731 730/730 729/729
f 729/729 730/730 727/727
f 732/732 731/731 729/729
f 759/759 752/752 757/757
f 398/398 408/408 376/376
f 398/398 376/376 392/392
f 392/392 376/376 370/370
f 370/370 376/376 355/355
f 333/333 332/332 329/329
f 329/329 328/328 311/311
f 470/470 483/483 469/469
f 483/483 485/485 469/469
f 490/490 489/489 491/491
f 491/491 492/492 493/493
f 493/493 492/492 494/494
f 493/493 494/494 495/495
f 495/495 494/494 499/499
f 966/966 969/969 968/968
f 495/495 499/499 508/508
f 505/505 506/506 504/504
f 504/504 509/509 510/510
f 511/511 510/510 532/532
f 532/532 554/554 553/553
f 553/553 554/554 579/579
f 2303/2303 2301/2301 2306/2306
f 2002/2002 1992/1992 1988/1988
f 1988/1988 1991/1991 1989/1989
f 1990/1990 1989/1989 1993/1993
f 1989/1989 1994/1994 1993/1993
f 1995/1995 1994/1994 1996/1996
f 2017/2017 2016/2016 2018/2018
f 2018/2018 2020/2020 2021/2021
f 2023/2023 2021/2021 2024/2024
f 2023/2023 2028/2028 2029/2029
f 2030/2030 2028/2028 2032/2032
f 746/746 742/742 739/739
f 409/409 407/407 405/405
f 757/757 752/752 746/746
f 2043/2043 2041/2041 2044/2044
f 407/407 410/410 404/404
f 404/404 410/410 411/411
f 410/410 408/408 400/400
f 411/411 410/410 400/400
f 208/208 211/211 205/205
f 400/400 408/408 398/398
f 368/368 370/370 355/355
f 355/355 343/343 346/346
f 346/346 343/343 337/337
f 337/337 340/340 339/339
f 339/339 341/341 333/333
f 310/310 311/311 312/312
f 310/310 312/312 318/318
f 318/318 470/470 469/469
f 469/469 485/485 486/486
f 487/487 489/489 488/488
f 488/488 489/489 490/490
f 508/508 502/502 500/500
f 502/502 505/505 504/504
f 506/506 509/509 504/504
f 528/528 532/532 553/553
f 588/588 587/587 596/596
f 2294/2294 2296/2296 2295/2295
f 2293/2293 2294/2294 2295/2295
f 2296/2296 2301/2301 2295/2295
f 265/265 274/274 277/277
f 2295/2295 2301/2301 2303/2303
f 250/250 253/253 265/265
f 2303/2303 2306/2306 2305/2305
f 1988/1988 1989/1989 1990/1990
f 1996/1996 1997/1997 2005/2005
f 2005/2005 2016/2016 2017/2017
f 2018/2018 2021/2021 2022/2022
f 2022/2022 2021/2021 2023/2023
f 2029/2029 2028/2028 2030/2030
f 2038/2038 2039/2039 2040/2040
f 2040/2040 2041/2041 2043/2043
f 392/392 370/370 368/368
f 368/368 355/355 346/346
f 337/337 339/339 335/335
f 335/335 339/339 333/333
f 310/310 318/318 316/316
f 495/495 508/508 500/500
f 504/504 510/510 511/511
f 553/553 579/579 587/587
f 553/553 587/587 588/588
f 2045/2045 2038/2038 2040/2040
f 405/405 407/407 404/404
f 758/758 757/757 746/746
f 2293/2293 2295/2295 2297/2297
f 265/265 277/277 264/264
f 2302/2302 2303/2303 2305/2305
f 2008/2008 2002/2002 1988/1988
f 2008/2008 1988/1988 2007/2007
f 2006/2006 1988/1988 1990/1990
f 2006/2006 1990/1990 1993/1993
f 1996/1996 2005/2005 2010/2010
f 2019/2019 2005/2005 2017/2017
f 739/739 732/732 733/733
f 733/733 732/732 729/729
f 2045/2045 2040/2040 2043/2043
f 400/400 404/404 411/411
f 400/400 398/398 399/399
f 398/398 392/392 397/397
f 397/397 392/392 369/369
f 369/369 392/392 368/368
f 335/335 333/333 336/336
f 496/496 495/495 500/500
f 588/588 596/596 598/598
f 2295/2295 2303/2303 2302/2302
f 2297/2297 2295/2295 2302/2302
f 2011/2011 2002/2002 2008/2008
f 2007/2007 1988/1988 2006/2006
f 1995/1995 1996/1996 2009/2009
f 2009/2009 1996/1996 2010/2010
f 2019/2019 2017/2017 2033/2033
f 2033/2033 2017/2017 2018/2018
f 2018/2018 2022/2022 2035/2035
f 2035/2035 2022/2022 2023/2023
f 2047/2047 2023/2023 2029/2029
f 2032/2032 2029/2029 2030/2030
f 2052/2052 2032/2032 2038/2038
f 746/746 739/739 740/740
f 2045/2045 2043/2043 2053/2053
f 405/405 404/404 403/403
f 2053/2053 2043/2043 2054/2054
f 758/758 805/805 757/757
f 213/213 210/210 212/212
f 187/187 205/205 190/190
f 398/398 397/397 399/399
f 338/338 337/337 336/336
f 337/337 335/335 336/336
f 330/330 329/329 311/311
f 314/314 310/310 316/316
f 317/317 316/316 471/471
f 549/549 469/469 486/486
f 486/486 488/488 525/525
f 525/525 488/488 490/490
f 513/513 490/490 491/491
f 513/513 491/491 498/498
f 135/135 136/136 117/117
f 491/491 493/493 498/498
f 498/498 493/493 497/497
f 497/497 493/493 496/496
f 496/496 493/493 495/495
f 496/496 500/500 501/501
f 503/503 502/502 504/504
f 512/512 511/511 528/528
f 528/528 553/553 556/556
f 553/553 588/588 589/589
f 556/556 553/553 589/589
f 589/589 588/588 598/598
f 2298/2298 2293/2293 2297/2297
f 2009/2009 2006/2006 1993/1993
f 1993/1993 1995/1995 2009/2009
f 2033/2033 2018/2018 2035/2035
f 2035/2035 2023/2023 2047/2047
f 2048/2048 2047/2047 2029/2029
f 2029/2029 2032/2032 2048/2048
f 2048/2048 2032/2032 2052/2052
f 2052/2052 2038/2038 2056/2056
f 2045/2045 2056/2056 2038/2038
f 733/733 729/729 726/726
f 758/758 746/746 749/749
f 403/403 404/404 400/400
f 368/368 346/346 348/348
f 348/348 346/346 347/347
f 347/347 346/346 337/337
f 347/347 337/337 338/338
f 336/336 333/333 334/334
f 334/334 333/333 329/329
f 334/334 329/329 342/342
f 315/315 311/311 313/313
f 313/313 310/310 314/314
f 110/110 126/126 113/113
f 525/525 490/490 513/513
f 142/142 143/143 136/136
f 501/501 500/500 502/502
f 504/504 511/511 507/507
f 507/507 511/511 512/512
f 512/512 528/528 531/531
f 531/531 528/528 556/556
f 883/883 879/879 876/876
f 2299/2299 2298/2298 2297/2297
f 251/251 264/264 259/259
f 2299/2299 2297/2297 2302/2302
f 2012/2012 2008/2008 2007/2007
f 2019/2019 2033/2033 2034/2034
f 2052/2052 2056/2056 2057/2057
f 2056/2056 2045/2045 2057/2057
f 726/726 729/729 727/727
f 2057/2057 2045/2045 2053/2053
f 749/749 746/746 740/740
f 2053/2053 2054/2054 2055/2055
f 403/403 400/400 402/402
f 206/206 210/210 213/213
f 452/452 399/399 453/453
f 453/453 399/399 397/397
f 369/369 368/368 348/348
f 330/330 311/311 315/315
f 549/549 486/486 526/526
f 503/503 504/504 507/507
f 171/171 176/176 202/202
f 2300/2300 2298/2298 2299/2299
f 2304/2304 2299/2299 2302/2302
f 2012/2012 2007/2007 2013/2013
f 2013/2013 2007/2007 2006/2006
f 2014/2014 2009/2009 2010/2010
f 2033/2033 2035/2035 2051/2051
f 2035/2035 2047/2047 2049/2049
f 2049/2049 2047/2047 2048/2048
f 740/740 739/739 733/733
f 1011/1011 1008/1008 1041/1041
f 413/413 405/405 406/406
f 406/406 405/405 403/403
f 1011/1011 1041/1041 1040/1040
f 1014/1014 1011/1011 1040/1040
f 754/754 758/758 749/749
f 402/402 400/400 401/401
f 400/400 399/399 401/401
f 453/453 397/397 456/456
f 105/105 122/122 123/123
f 342/342 329/329 330/330
f 498/498 497/497 521/521
f 1707/1707 1708/1708 1715/1715
f 503/503 501/501 502/502
f 608/608 589/589 598/598
f 1036/1036 1037/1037 1035/1035
f 2307/2307 2304/2304 2302/2302
f 2307/2307 2302/2302 2308/2308
f 2309/2309 2307/2307 2308/2308
f 2013/2013 2006/2006 2009/2009
f 2013/2013 2009/2009 2015/2015
f 2015/2015 2009/2009 2014/2014
f 2034/2034 2014/2014 2010/2010
f 226/226 244/244 243/243
f 2051/2051 2035/2035 2049/2049
f 1009/1009 1008/1008 1010/1010
f 1011/1011 1010/1010 1008/1008
f 1012/1012 1016/1016 1010/1010
f 1025/1025 1016/1016 1012/1012
f 1012/1012 1010/1010 1011/1011
f 1015/1015 1012/1012 1014/1014
f 1012/1012 1011/1011 1014/1014
f 1017/1017 1025/1025 1012/1012
f 406/406 403/403 402/402
f 1017/1017 1012/1012 1015/1015
f 1015/1015 1014/1014 1033/1033
f 1033/1033 1014/1014 1040/1040
f 1017/1017 1015/1015 1022/1022
f 1022/1022 1015/1015 1033/1033
f 1032/1032 1017/1017 1022/1022
f 1034/1034 1032/1032 1022/1022
f 456/456 397/397 365/365
f 365/365 397/397 369/369
f 351/351 338/338 336/336
f 471/471 469/469 549/549
f 525/525 513/513 539/539
f 520/520 496/496 501/501
f 1027/1027 1035/1035 1018/1018
f 258/258 257/257 256/256
f 2310/2310 2307/2307 2309/2309
f 2034/2034 2033/2033 2050/2050
f 2060/2060 2050/2050 2051/2051
f 239/239 243/243 255/255
f 2060/2060 2051/2051 2049/2049
f 237/237 239/239 255/255
f 2048/2048 2060/2060 2049/2049
f 996/996 992/992 1006/1006
f 1007/1007 996/996 1006/1006
f 999/999 996/996 1007/1007
f 1024/1024 1031/1031 999/999
f 1009/1009 999/999 1008/1008
f 1024/1024 999/999 1009/1009
f 1008/1008 999/999 1007/1007
f 1016/1016 1024/1024 1009/1009
f 1016/1016 1009/1009 1010/1010
f 726/726 727/727 728/728
f 756/756 754/754 755/755
f 461/461 402/402 401/401
f 401/401 452/452 607/607
f 607/607 452/452 453/453
f 607/607 453/453 456/456
f 422/422 456/456 365/365
f 363/363 369/369 348/348
f 347/347 338/338 351/351
f 351/351 336/336 352/352
f 352/352 336/336 334/334
f 313/313 314/314 320/320
f 513/513 498/498 521/521
f 1713/1713 1707/1707 1715/1715
f 497/497 496/496 520/520
f 512/512 531/531 544/544
f 544/544 531/531 556/556
f 594/594 556/556 608/608
f 904/904 903/903 874/874
f 1028/1028 1035/1035 1027/1027
f 1026/1026 1028/1028 1027/1027
f 1023/1023 1028/1028 1026/1026
f 1026/1026 1027/1027 1005/1005
f 1027/1027 1018/1018 1005/1005
f 1005/1005 1018/1018 1004/1004
f 1023/1023 1026/1026 1005/1005
f 1019/1019 1023/1023 1003/1003
f 1020/1020 1023/1023 1019/1019
f 1001/1001 1004/1004 1039/1039
f 1001/1001 1039/1039 1002/1002
f 997/997 1001/1001 1002/1002
f 1021/1021 1020/1020 998/998
f 997/997 1002/1002 1038/1038
f 993/993 997/997 1038/1038
f 991/991 1029/1029 1021/1021
f 991/991 993/993 992/992
f 1030/1030 1029/1029 1013/1013
f 990/990 991/991 992/992
f 1030/1030 1013/1013 995/995
f 995/995 990/990 992/992
f 1030/1030 995/995 999/999
f 1031/1031 1030/1030 999/999
f 995/995 992/992 996/996
f 999/999 995/995 996/996
f 750/750 749/749 740/740
f 23/23 41/41 30/30
f 789/789 756/756 755/755
f 30/30 43/43 31/31
f 263/263 213/213 286/286
f 206/206 213/213 263/263
f 31/31 43/43 33/33
f 363/363 348/348 347/347
f 334/334 342/342 330/330
f 315/315 313/313 324/324
f 324/324 313/313 320/320
f 320/320 314/314 317/317
f 317/317 471/471 474/474
f 474/474 471/471 549/549
f 474/474 549/549 566/566
f 550/550 549/549 526/526
f 513/513 521/521 534/534
f 537/537 520/520 501/501
f 624/624 608/608 619/619
f 904/904 874/874 889/889
f 1023/1023 1005/1005 1003/1003
f 1003/1003 1005/1005 1004/1004
f 1003/1003 1004/1004 1001/1001
f 1000/1000 1003/1003 1001/1001
f 1019/1019 1000/1000 998/998
f 1000/1000 1001/1001 997/997
f 1020/1020 1019/1019 998/998
f 1021/1021 998/998 994/994
f 994/994 998/998 997/997
f 994/994 997/997 993/993
f 991/991 1021/1021 994/994
f 991/991 994/994 993/993
f 1013/1013 1029/1029 991/991
f 1013/1013 991/991 990/990
f 995/995 1013/1013 990/990
f 733/733 726/726 734/734
f 740/740 733/733 734/734
f 750/750 740/740 741/741
f 755/755 754/754 750/750
f 754/754 749/749 750/750
f 421/421 422/422 365/365
f 365/365 363/363 364/364
f 363/363 347/347 364/364
f 1328/1328 1330/1330 1303/1303
f 357/357 334/334 330/330
f 330/330 315/315 361/361
f 550/550 526/526 559/559
f 526/526 525/525 545/545
f 539/539 513/513 534/534
f 521/521 497/497 520/520
f 2255/2255 2233/2233 2256/2256
f 2254/2254 2255/2255 2256/2256
f 2253/2253 2255/2255 2254/2254
f 507/507 512/512 523/523
f 871/871 868/868 872/872
f 872/872 873/873 874/874
f 726/726 728/728 735/735
f 741/741 740/740 734/734
f 421/421 365/365 394/394
f 394/394 365/365 364/364
f 364/364 347/347 354/354
f 1308/1308 1330/1330 1331/1331
f 372/372 351/351 352/352
f 358/358 352/352 334/334
f 358/358 334/334 357/357
f 357/357 330/330 359/359
f 585/585 324/324 320/320
f 320/320 317/317 477/477
f 477/477 317/317 474/474
f 566/566 549/549 550/550
f 1319/1319 1317/1317 1290/1290
f 545/545 525/525 539/539
f 1709/1709 1713/1713 1716/1716
f 501/501 503/503 518/518
f 2234/2234 2233/2233 2245/2245
f 2245/2245 2233/2233 2255/2255
f 2245/2245 2255/2255 2253/2253
f 2247/2247 2245/2245 2253/2253
f 515/515 503/503 507/507
f 734/734 726/726 735/735
f 34/34 32/32 19/19
f 786/786 789/789 755/755
f 457/457 422/422 421/421
f 396/396 364/364 354/354
f 347/347 351/351 354/354
f 373/373 351/351 372/372
f 1322/1322 1323/1323 1286/1286
f 330/330 361/361 362/362
f 362/362 361/361 451/451
f 451/451 361/361 324/324
f 586/586 585/585 320/320
f 1318/1318 1320/1320 1270/1270
f 477/477 474/474 566/566
f 1317/1317 1318/1318 1275/1275
f 559/559 526/526 545/545
f 614/614 521/521 520/520
f 2100/2100 2122/2122 2096/2096
f 2096/2096 2122/2122 2119/2119
f 2124/2124 2122/2122 2100/2100
f 522/522 537/537 501/501
f 522/522 501/501 518/518
f 515/515 518/518 503/503
f 515/515 507/507 523/523
f 512/512 544/544 523/523
f 868/868 834/834 843/843
f 848/848 889/889 873/873
f 868/868 843/843 872/872
f 34/34 19/19 14/14
f 750/750 741/741 767/767
f 755/755 750/750 771/771
f 786/786 755/755 771/771
f 565/565 468/468 467/467
f 423/423 457/457 421/421
f 394/394 364/364 396/396
f 1331/1331 1333/1333 1308/1308
f 354/354 351/351 373/373
f 1328/1328 1303/1303 1296/1296
f 372/372 352/352 358/358
f 358/358 357/357 371/371
f 359/359 330/330 362/362
f 446/446 362/362 451/451
f 1837/1837 1852/1852 1840/1840
f 1318/1318 1270/1270 1275/1275
f 2096/2096 2119/2119 2097/2097
f 613/613 614/614 520/520
f 613/613 520/520 590/590
f 590/590 520/520 537/537
f 2099/2099 2124/2124 2100/2100
f 2234/2234 2245/2245 2244/2244
f 2233/2233 2232/2232 2231/2231
f 2244/2244 2245/2245 2247/2247
f 2247/2247 2253/2253 2252/2252
f 2254/2254 2274/2274 2250/2250
f 595/595 544/544 594/594
f 848/848 855/855 889/889
f 872/872 843/843 842/842
f 842/842 848/848 873/873
f 734/734 735/735 744/744
f 766/766 767/767 741/741
f 741/741 734/734 766/766
f 771/771 750/750 767/767
f 6/6 29/29 39/39
f 4/4 3/3 5/5
f 29/29 12/12 46/46
f 1059/1059 1090/1090 1061/1061
f 448/448 373/373 372/372
f 359/359 362/362 446/446
f 1271/1271 1286/1286 1272/1272
f 1850/1850 1826/1826 1849/1849
f 1840/1840 1841/1841 1821/1821
f 477/477 566/566 582/582
f 582/582 566/566 550/550
f 1106/1106 1109/1109 1113/1113
f 1113/1113 1109/1109 1126/1126
f 1171/1171 1126/1126 1178/1178
f 1716/1716 1713/1713 1719/1719
f 590/590 537/537 551/551
f 551/551 537/537 522/522
f 36/36 1/1 37/37
f 803/803 820/820 799/799
f 799/799 820/820 807/807
f 813/813 807/807 821/821
f 948/948 956/956 949/949
f 570/570 572/572 563/563
f 572/572 565/565 563/563
f 423/423 421/421 394/394
f 394/394 396/396 442/442
f 396/396 354/354 440/440
f 372/372 358/358 430/430
f 430/430 358/358 371/371
f 1286/1286 1285/1285 1272/1272
f 371/371 357/357 359/359
f 1853/1853 1837/1837 1854/1854
f 1270/1270 1271/1271 1272/1272
f 1043/1043 1050/1050 1045/1045
f 1045/1045 1050/1050 1052/1052
f 622/622 477/477 582/582
f 550/550 559/559 573/573
f 1299/1299 1290/1290 1289/1289
f 1106/1106 1099/1099 1109/1109
f 1112/1112 1113/1113 1126/1126
f 1112/1112 1126/1126 1171/1171
f 614/614 613/613 625/625
f 551/551 522/522 538/538
f 538/538 522/522 518/518
f 552/552 523/523 544/544
f 734/734 744/744 763/763
f 35/35 36/36 40/40
f 766/766 734/734 763/763
f 793/793 803/803 795/795
f 795/795 803/803 799/799
f 799/799 807/807 801/801
f 801/801 807/807 810/810
f 810/810 807/807 813/813
f 785/785 771/771 767/767
f 786/786 771/771 785/785
f 1062/1062 1091/1091 1089/1089
f 563/563 565/565 467/467
f 1056/1056 1059/1059 1057/1057
f 1058/1058 1057/1057 1063/1063
f 423/423 394/394 442/442
f 1064/1064 1058/1058 1063/1063
f 1065/1065 1064/1064 1063/1063
f 1071/1071 1065/1065 1070/1070
f 440/440 354/354 438/438
f 373/373 438/438 354/354
f 373/373 448/448 444/444
f 444/444 448/448 432/432
f 448/448 372/372 432/432
f 432/432 372/372 430/430
f 395/395 359/359 446/446
f 1752/1752 1750/1750 1742/1742
f 1742/1742 1750/1750 1736/1736
f 1854/1854 1837/1837 1835/1835
f 1741/1741 1748/1748 1747/1747
f 1275/1275 1276/1276 1290/1290
f 582/582 550/550 573/573
f 1290/1290 1276/1276 1289/1289
f 1106/1106 1095/1095 1099/1099
f 1305/1305 1299/1299 1300/1300
f 1112/1112 1171/1171 1169/1169
f 2117/2117 2126/2126 2116/2116
f 2095/2095 2100/2100 2096/2096
f 590/590 551/551 591/591
f 2240/2240 2234/2234 2244/2244
f 2244/2244 2247/2247 2246/2246
f 538/538 518/518 536/536
f 536/536 518/518 515/515
f 2246/2246 2247/2247 2252/2252
f 536/536 515/515 540/540
f 523/523 552/552 540/540
f 612/612 544/544 595/595
f 763/763 744/744 764/764
f 764/764 744/744 765/765
f 764/764 765/765 793/793
f 795/795 799/799 796/796
f 796/796 799/799 801/801
f 806/806 786/786 785/785
f 450/450 467/467 423/423
f 450/450 423/423 442/442
f 444/444 438/438 373/373
f 435/435 444/444 432/432
f 1272/1272 1284/1284 1283/1283
f 375/375 371/371 359/359
f 375/375 359/359 395/395
f 1736/1736 1750/1750 1726/1726
f 1751/1751 1749/1749 1722/1722
f 1722/1722 1749/1749 1723/1723
f 1723/1723 1749/1749 1748/1748
f 1723/1723 1748/1748 1741/1741
f 1741/1741 1747/1747 1732/1732
f 1732/1732 1747/1747 1740/1740
f 1275/1275 1270/1270 1274/1274
f 1275/1275 1274/1274 1276/1276
f 1907/1907 1914/1914 1913/1913
f 1099/1099 1095/1095 1098/1098
f 1299/1299 1289/1289 1300/1300
f 2116/2116 2126/2126 2120/2120
f 2171/2171 2188/2188 2183/2183
f 2109/2109 2116/2116 2115/2115
f 2093/2093 2096/2096 2097/2097
f 2093/2093 2095/2095 2096/2096
f 613/613 590/590 591/591
f 1717/1717 1716/1716 1719/1719
f 2240/2240 2238/2238 2234/2234
f 2240/2240 2244/2244 2246/2246
f 2246/2246 2252/2252 2251/2251
f 552/552 544/544 612/612
f 901/901 891/891 856/856
f 849/849 856/856 855/855
f 764/764 793/793 783/783
f 793/793 795/795 794/794
f 795/795 796/796 794/794
f 800/800 801/801 809/809
f 801/801 810/810 809/809
f 813/813 819/819 814/814
f 948/948 949/949 950/950
f 1060/1060 1061/1061 1062/1062
f 564/564 570/570 563/563
f 563/563 467/467 472/472
f 450/450 442/442 455/455
f 442/442 396/396 440/440
f 1065/1065 1063/1063 1070/1070
f 1303/1303 1308/1308 1302/1302
f 438/438 444/444 435/435
f 433/433 432/432 431/431
f 431/431 432/432 430/430
f 418/418 430/430 371/371
f 418/418 371/371 375/375
f 1272/1272 1283/1283 1280/1280
f 1730/1730 1723/1723 1741/1741
f 1730/1730 1741/1741 1732/1732
f 1054/1054 1048/1048 1047/1047
f 1047/1047 1048/1048 1043/1043
f 1274/1274 1270/1270 1273/1273
f 1043/1043 1045/1045 1044/1044
f 582/582 573/573 592/592
f 1095/1095 1097/1097 1098/1098
f 1106/1106 1113/1113 1112/1112
f 1121/1121 1112/1112 1169/1169
f 2108/2108 2097/2097 2109/2109
f 2098/2098 2099/2099 2095/2095
f 591/591 551/551 538/538
f 2230/2230 2228/2228 2229/2229
f 177/177 184/184 198/198
f 601/601 552/552 612/612
f 856/856 849/849 853/853
f 783/783 793/793 794/794
f 794/794 796/796 797/797
f 797/797 796/796 798/798
f 796/796 801/801 800/800
f 798/798 796/796 800/800
f 780/780 767/767 766/766
f 784/784 767/767 780/780
f 785/785 767/767 784/784
f 810/810 813/813 809/809
f 1089/1089 1075/1075 1062/1062
f 955/955 948/948 951/951
f 1060/1060 1062/1062 1067/1067
f 949/949 953/953 952/952
f 950/950 949/949 952/952
f 435/435 432/432 434/434
f 434/434 432/432 433/433
f 1284/1284 1297/1297 1288/1288
f 1284/1284 1288/1288 1283/1283
f 431/431 430/430 418/418
f 375/375 395/395 459/459
f 1732/1732 1740/1740 1734/1734
f 1047/1047 1043/1043 1042/1042
f 1044/1044 1045/1045 1046/1046
f 1045/1045 1049/1049 1046/1046
f 1277/1277 1276/1276 1274/1274
f 1095/1095 1094/1094 1097/1097
f 1276/1276 1277/1277 1289/1289
f 1096/1096 1106/1106 1108/1108
f 1106/1106 1096/1096 1095/1095
f 1300/1300 1289/1289 1294/1294
f 1112/1112 1108/1108 1106/1106
f 2118/2118 2120/2120 2121/2121
f 1121/1121 1108/1108 1112/1112
f 2115/2115 2120/2120 2118/2118
f 2163/2163 2171/2171 2183/2183
f 2108/2108 2109/2109 2110/2110
f 2093/2093 2097/2097 2108/2108
f 625/625 613/613 626/626
f 626/626 613/613 615/615
f 615/615 613/613 591/591
f 2098/2098 2104/2104 2099/2099
f 2271/2271 2249/2249 2250/2250
f 852/852 850/850 846/846
f 782/782 763/763 764/764
f 782/782 764/764 783/783
f 781/781 763/763 782/782
f 766/766 763/763 781/781
f 780/780 766/766 781/781
f 809/809 813/813 814/814
f 1067/1067 1062/1062 1075/1075
f 948/948 950/950 951/951
f 1060/1060 1067/1067 1068/1068
f 952/952 953/953 954/954
f 472/472 450/450 473/473
f 1057/1057 1060/1060 1068/1068
f 1063/1063 1057/1057 1066/1066
f 450/450 455/455 463/463
f 440/440 455/455 442/442
f 440/440 438/438 439/439
f 439/439 438/438 437/437
f 437/437 438/438 435/435
f 437/437 435/435 436/436
f 436/436 435/435 434/434
f 1280/1280 1283/1283 1281/1281
f 1743/1743 1742/1742 1739/1739
f 1280/1280 1281/1281 1282/1282
f 1739/1739 1742/1742 1736/1736
f 1280/1280 1282/1282 1279/1279
f 1737/1737 1736/1736 1727/1727
f 1727/1727 1736/1736 1726/1726
f 1726/1726 1722/1722 1725/1725
f 1725/1725 1722/1722 1724/1724
f 1722/1722 1723/1723 1724/1724
f 1723/1723 1730/1730 1729/1729
f 1730/1730 1732/1732 1729/1729
f 1729/1729 1732/1732 1733/1733
f 1734/1734 1740/1740 1745/1745
f 1042/1042 1043/1043 1044/1044
f 1904/1904 1913/1913 1911/1911
f 1277/1277 1287/1287 1289/1289
f 1118/1118 1111/1111 1121/1121
f 1111/1111 1108/1108 1121/1121
f 1127/1127 1118/1118 1121/1121
f 1127/1127 1121/1121 1169/1169
f 2110/2110 2115/2115 2118/2118
f 2094/2094 2093/2093 2108/2108
f 2092/2092 2095/2095 2093/2093
f 2092/2092 2098/2098 2095/2095
f 2102/2102 2104/2104 2098/2098
f 591/591 538/538 600/600
f 2240/2240 2246/2246 2242/2242
f 2241/2241 2240/2240 2242/2242
f 2251/2251 2242/2242 2246/2246
f 802/802 783/783 794/794
f 809/809 814/814 815/815
f 1075/1075 1079/1079 1078/1078
f 1067/1067 1075/1075 1076/1076
f 1068/1068 1067/1067 1072/1072
f 564/564 563/563 472/472
f 473/473 450/450 463/463
f 1057/1057 1068/1068 1069/1069
f 1066/1066 1057/1057 1069/1069
f 1307/1307 1306/1306 1302/1302
f 433/433 431/431 447/447
f 447/447 431/431 418/418
f 1283/1283 1288/1288 1281/1281
f 418/418 375/375 462/462
f 375/375 459/459 462/462
f 1739/1739 1736/1736 1737/1737
f 1727/1727 1726/1726 1725/1725
f 1724/1724 1723/1723 1729/1729
f 1280/1280 1279/1279 1273/1273
f 1732/1732 1734/1734 1733/1733
f 1277/1277 1274/1274 1287/1287
f 1095/1095 1092/1092 1094/1094
f 1289/1289 1287/1287 1294/1294
f 1107/1107 1096/1096 1108/1108
f 1111/1111 1107/1107 1108/1108
f 1157/1157 1156/1156 1152/1152
f 1120/1120 1118/1118 1127/1127
f 1129/1129 1120/1120 1127/1127
f 2118/2118 2121/2121 2114/2114
f 2163/2163 2144/2144 2165/2165
f 2163/2163 2165/2165 2171/2171
f 2162/2162 2163/2163 2183/2183
f 2111/2111 2110/2110 2114/2114
f 2162/2162 2183/2183 2181/2181
f 2111/2111 2108/2108 2110/2110
f 2092/2092 2093/2093 2094/2094
f 615/615 591/591 600/600
f 600/600 538/538 536/536
f 600/600 536/536 599/599
f 2248/2248 2242/2242 2251/2251
f 599/599 536/536 540/540
f 540/540 552/552 601/601
f 853/853 901/901 856/856
f 782/782 783/783 791/791
f 802/802 794/794 797/797
f 797/797 798/798 804/804
f 798/798 800/800 804/804
f 800/800 809/809 812/812
f 1079/1079 1082/1082 1078/1078
f 1076/1076 1075/1075 1078/1078
f 577/577 570/570 564/564
f 1072/1072 1067/1067 1077/1077
f 1077/1077 1067/1067 1076/1076
f 460/460 455/455 441/441
f 455/455 440/440 441/441
f 441/441 440/440 439/439
f 1302/1302 1306/1306 1301/1301
f 1297/1297 1302/1302 1301/1301
f 1288/1288 1297/1297 1298/1298
f 434/434 433/433 447/447
f 447/447 418/418 462/462
f 1240/1240 1268/1268 1235/1235
f 1727/1727 1725/1725 1728/1728
f 1728/1728 1725/1725 1724/1724
f 1729/1729 1733/1733 1735/1735
f 1733/1733 1734/1734 1735/1735
f 1274/1274 1278/1278 1291/1291
f 1274/1274 1291/1291 1287/1287
f 1096/1096 1103/1103 1092/1092
f 1107/1107 1103/1103 1096/1096
f 1152/1152 1156/1156 1120/1120
f 1114/1114 1107/1107 1111/1111
f 1152/1152 1120/1120 1129/1129
f 2121/2121 2143/2143 2139/2139
f 2143/2143 2144/2144 2139/2139
f 2094/2094 2108/2108 2111/2111
f 2225/2225 2226/2226 2227/2227
f 2243/2243 2242/2242 2248/2248
f 2243/2243 2248/2248 2249/2249
f 599/599 540/540 602/602
f 897/897 896/896 888/888
f 888/888 887/887 866/866
f 791/791 783/783 802/802
f 802/802 797/797 804/804
f 804/804 800/800 812/812
f 822/822 812/812 809/809
f 822/822 809/809 815/815
f 1078/1078 1082/1082 1083/1083
f 1078/1078 1083/1083 1084/1084
f 1265/1265 1269/1269 1223/1223
f 2201/2201 2210/2210 2194/2194
f 1072/1072 1077/1077 1080/1080
f 1072/1072 1080/1080 1073/1073
f 1069/1069 1072/1072 1073/1073
f 463/463 455/455 460/460
f 1069/1069 1074/1074 1066/1066
f 1306/1306 1315/1315 1314/1314
f 1306/1306 1314/1314 1301/1301
f 1236/1236 1249/1249 1248/1248
f 1236/1236 1248/1248 1245/1245
f 1236/1236 1245/1245 1239/1239
f 1239/1239 1245/1245 1243/1243
f 1744/1744 1743/1743 1739/1739
f 1737/1737 1727/1727 1738/1738
f 1728/1728 1724/1724 1731/1731
f 1724/1724 1729/1729 1731/1731
f 1731/1731 1729/1729 1735/1735
f 1735/1735 1734/1734 1746/1746
f 1746/1746 1734/1734 1745/1745
f 1047/1047 1042/1042 1053/1053
f 1053/1053 1042/1042 1044/1044
f 1893/1893 1910/1910 1900/1900
f 1898/1898 1892/1892 1896/1896
f 1905/1905 1911/1911 1908/1908
f 1044/1044 1046/1046 1051/1051
f 1287/1287 1291/1291 1324/1324
f 1156/1156 1150/1150 1154/1154
f 1156/1156 1154/1154 1151/1151
f 1120/1120 1156/1156 1151/1151
f 1117/1117 1107/1107 1114/1114
f 1120/1120 1117/1117 1114/1114
f 2139/2139 2144/2144 2141/2141
f 2114/2114 2121/2121 2134/2134
f 2134/2134 2121/2121 2139/2139
f 2141/2141 2144/2144 2163/2163
f 2129/2129 2094/2094 2111/2111
f 2112/2112 2092/2092 2094/2094
f 2101/2101 2098/2098 2092/2092
f 2101/2101 2092/2092 2112/2112
f 2101/2101 2102/2102 2098/2098
f 2103/2103 2102/2102 2101/2101
f 897/897 910/910 896/896
f 602/602 540/540 601/601
f 866/866 887/887 865/865
f 844/844 854/854 853/853
f 1088/1088 1242/1242 1209/1209
f 1229/1229 1252/1252 1255/1255
f 1229/1229 1255/1255 1228/1228
f 1242/1242 1252/1252 1229/1229
f 1228/1228 1255/1255 1246/1246
f 1229/1229 1228/1228 1216/1216
f 1216/1216 1228/1228 1218/1218
f 1228/1228 1246/1246 1220/1220
f 1083/1083 1088/1088 1087/1087
f 1218/1218 1228/1228 1220/1220
f 1084/1084 1083/1083 1087/1087
f 1219/1219 1218/1218 1220/1220
f 1219/1219 1220/1220 1221/1221
f 1221/1221 1220/1220 1265/1265
f 1221/1221 1265/1265 1223/1223
f 1085/1085 1078/1078 1084/1084
f 1078/1078 1085/1085 1086/1086
f 1077/1077 1076/1076 1081/1081
f 1081/1081 1076/1076 1078/1078
f 1081/1081 1078/1078 1086/1086
f 1266/1266 1226/1226 1267/1267
f 1080/1080 1077/1077 1081/1081
f 1069/1069 1073/1073 1074/1074
f 1212/1212 1244/1244 1247/1247
f 1212/1212 1249/1249 1237/1237
f 1212/1212 1247/1247 1249/1249
f 1215/1215 1237/1237 1236/1236
f 1237/1237 1249/1249 1236/1236
f 1214/1214 1215/1215 1236/1236
f 1301/1301 1311/1311 1298/1298
f 1238/1238 1236/1236 1239/1239
f 1227/1227 1238/1238 1239/1239
f 1298/1298 1309/1309 1304/1304
f 1281/1281 1298/1298 1304/1304
f 1227/1227 1239/1239 1240/1240
f 1239/1239 1243/1243 1240/1240
f 1282/1282 1281/1281 1304/1304
f 1227/1227 1240/1240 1235/1235
f 1282/1282 1304/1304 1293/1293
f 1279/1279 1282/1282 1293/1293
f 1738/1738 1727/1727 1728/1728
f 1258/1258 1261/1261 1262/1262
f 1258/1258 1262/1262 1259/1259
f 1259/1259 1264/1264 1260/1260
f 1279/1279 1293/1293 1278/1278
f 1260/1260 1264/1264 1159/1159
f 1055/1055 1047/1047 1053/1053
f 1278/1278 1292/1292 1291/1291
f 1132/1132 1133/1133 1136/1136
f 1136/1136 1133/1133 1137/1137
f 1324/1324 1291/1291 1325/1325
f 1173/1173 1116/1116 1172/1172
f 1158/1158 1155/1155 1161/1161
f 1165/1165 1158/1158 1161/1161
f 1165/1165 1161/1161 1163/1163
f 1154/1154 1139/1139 1151/1151
f 1151/1151 1139/1139 1117/1117
f 1139/1139 1110/1110 1117/1117
f 1151/1151 1117/1117 1120/1120
f 1103/1103 1093/1093 1092/1092
f 1107/1107 1110/1110 1103/1103
f 1117/1117 1110/1110 1107/1107
f 2141/2141 2163/2163 2162/2162
f 2133/2133 2114/2114 2134/2134
f 2111/2111 2114/2114 2133/2133
f 2135/2135 2111/2111 2133/2133
f 2180/2180 2162/2162 2181/2181
f 2129/2129 2111/2111 2138/2138
f 2138/2138 2111/2111 2135/2135
f 2162/2162 2180/2180 2161/2161
f 2112/2112 2094/2094 2129/2129
f 633/633 602/602 601/601
f 612/612 633/633 601/601
f 1209/1209 1242/1242 1229/1229
f 1087/1087 1088/1088 1209/1209
f 1216/1216 1209/1209 1229/1229
f 1217/1217 1216/1216 1218/1218
f 1087/1087 1209/1209 1197/1197
f 1209/1209 1216/1216 1208/1208
f 1217/1217 1218/1218 1219/1219
f 1208/1208 1216/1216 1217/1217
f 1234/1234 1219/1219 1222/1222
f 1217/1217 1219/1219 1233/1233
f 1233/1233 1219/1219 1234/1234
f 1222/1222 1219/1219 1221/1221
f 1222/1222 1221/1221 1223/1223
f 1232/1232 1208/1208 1217/1217
f 1232/1232 1217/1217 1233/1233
f 1208/1208 1232/1232 1231/1231
f 1222/1222 1223/1223 1224/1224
f 2204/2204 2211/2211 2210/2210
f 1199/1199 1208/1208 1231/1231
f 1199/1199 1231/1231 1230/1230
f 1225/1225 1222/1222 1224/1224
f 1225/1225 1224/1224 1226/1226
f 1086/1086 1195/1195 1206/1206
f 1081/1081 1086/1086 1206/1206
f 1191/1191 1081/1081 1206/1206
f 1199/1199 1230/1230 1207/1207
f 1080/1080 1081/1081 1191/1191
f 1207/1207 1230/1230 1241/1241
f 460/460 473/473 463/463
f 1080/1080 1191/1191 1187/1187
f 1073/1073 1080/1080 1187/1187
f 1207/1207 1241/1241 1244/1244
f 1074/1074 1073/1073 1187/1187
f 1212/1212 1207/1207 1244/1244
f 1203/1203 1212/1212 1215/1215
f 1215/1215 1212/1212 1237/1237
f 1301/1301 1314/1314 1311/1311
f 1214/1214 1203/1203 1215/1215
f 1213/1213 1214/1214 1236/1236
f 1298/1298 1311/1311 1312/1312
f 1213/1213 1236/1236 1238/1238
f 1309/1309 1298/1298 1312/1312
f 1213/1213 1238/1238 1227/1227
f 1210/1210 1213/1213 1227/1227
f 1211/1211 1210/1210 1227/1227
f 1211/1211 1227/1227 1235/1235
f 1253/1253 1235/1235 1254/1254
f 1253/1253 1254/1254 1256/1256
f 1256/1256 1263/1263 1261/1261
f 1256/1256 1261/1261 1257/1257
f 1257/1257 1261/1261 1258/1258
f 1135/1135 1258/1258 1259/1259
f 1278/1278 1293/1293 1292/1292
f 1135/1135 1259/1259 1134/1134
f 1134/1134 1259/1259 1260/1260
f 1134/1134 1260/1260 1159/1159
f 1131/1131 1135/1135 1134/1134
f 1131/1131 1134/1134 1133/1133
f 1133/1133 1134/1134 1137/1137
f 1134/1134 1159/1159 1155/1155
f 1155/1155 1159/1159 1168/1168
f 1325/1325 1291/1291 1292/1292
f 1116/1116 1131/1131 1132/1132
f 1132/1132 1131/1131 1133/1133
f 1137/1137 1134/1134 1155/1155
f 1155/1155 1168/1168 1162/1162
f 1162/1162 1168/1168 1170/1170
f 1158/1158 1137/1137 1155/1155
f 1909/1909 1906/1906 1908/1908
f 1155/1155 1162/1162 1161/1161
f 1164/1164 1162/1162 1170/1170
f 1163/1163 1162/1162 1164/1164
f 1154/1154 1150/1150 1140/1140
f 1154/1154 1140/1140 1139/1139
f 1110/1110 1122/1122 1093/1093
f 1122/1122 1100/1100 1093/1093
f 2133/2133 2134/2134 2136/2136
f 2130/2130 2129/2129 2138/2138
f 2112/2112 2129/2129 2130/2130
f 2101/2101 2112/2112 2113/2113
f 2113/2113 2112/2112 2130/2130
f 2180/2180 2185/2185 2177/2177
f 2105/2105 2101/2101 2113/2113
f 2105/2105 2103/2103 2101/2101
f 1196/1196 1087/1087 1197/1197
f 1084/1084 1087/1087 1196/1196
f 1197/1197 1209/1209 1208/1208
f 1085/1085 1084/1084 1195/1195
f 1084/1084 1196/1196 1195/1195
f 1199/1199 1197/1197 1208/1208
f 1086/1086 1085/1085 1195/1195
f 1194/1194 1196/1196 1197/1197
f 1194/1194 1197/1197 1199/1199
f 1206/1206 1195/1195 1193/1193
f 1193/1193 1195/1195 1194/1194
f 1200/1200 1194/1194 1199/1199
f 1191/1191 1206/1206 1193/1193
f 1200/1200 1199/1199 1207/1207
f 1204/1204 1200/1200 1207/1207
f 1204/1204 1207/1207 1212/1212
f 1189/1189 1074/1074 1187/1187
f 1203/1203 1204/1204 1212/1212
f 1189/1189 1187/1187 1186/1186
f 1202/1202 1203/1203 1214/1214
f 1202/1202 1214/1214 1213/1213
f 1201/1201 1202/1202 1213/1213
f 1201/1201 1213/1213 1210/1210
f 1205/1205 1210/1210 1211/1211
f 1309/1309 1313/1313 1310/1310
f 1304/1304 1309/1309 1310/1310
f 1304/1304 1310/1310 1293/1293
f 1211/1211 1235/1235 1253/1253
f 1256/1256 1254/1254 1263/1263
f 1256/1256 1257/1257 1125/1125
f 1125/1125 1257/1257 1258/1258
f 1125/1125 1258/1258 1135/1135
f 1292/1292 1295/1295 1325/1325
f 1125/1125 1135/1135 1131/1131
f 1115/1115 1116/1116 1105/1105
f 1150/1150 1149/1149 1140/1140
f 1101/1101 1115/1115 1105/1105
f 1119/1119 1115/1115 1101/1101
f 1100/1100 1119/1119 1101/1101
f 1110/1110 1139/1139 1138/1138
f 1122/1122 1119/1119 1100/1100
f 1110/1110 1138/1138 1122/1122
f 2134/2134 2139/2139 2136/2136
f 2136/2136 2139/2139 2140/2140
f 2139/2139 2141/2141 2140/2140
f 2140/2140 2141/2141 2142/2142
f 2142/2142 2141/2141 2162/2162
f 2133/2133 2136/2136 2137/2137
f 2142/2142 2162/2162 2161/2161
f 2135/2135 2133/2133 2137/2137
f 2161/2161 2180/2180 2177/2177
f 2148/2148 2138/2138 2135/2135
f 2135/2135 2137/2137 2152/2152
f 2106/2106 2107/2107 2103/2103
f 2106/2106 2103/2103 2105/2105
f 2186/2186 2187/2187 2179/2179
f 854/854 909/909 890/890
f 1192/1192 1193/1193 1194/1194
f 1192/1192 1194/1194 1200/1200
f 1191/1191 1193/1193 1192/1192
f 1191/1191 1192/1192 1188/1188
f 1187/1187 1191/1191 1188/1188
f 1192/1192 1200/1200 1204/1204
f 1188/1188 1192/1192 1198/1198
f 1198/1198 1192/1192 1204/1204
f 1198/1198 1204/1204 1203/1203
f 1187/1187 1188/1188 1183/1183
f 1183/1183 1188/1188 1198/1198
f 1183/1183 1198/1198 1203/1203
f 1186/1186 1187/1187 1183/1183
f 1183/1183 1203/1203 1202/1202
f 1186/1186 1183/1183 1182/1182
f 1180/1180 1183/1183 1202/1202
f 1182/1182 1183/1183 1180/1180
f 1185/1185 1186/1186 1182/1182
f 1180/1180 1202/1202 1201/1201
f 1185/1185 1182/1182 1184/1184
f 1179/1179 1182/1182 1180/1180
f 1184/1184 1182/1182 1179/1179
f 1181/1181 1180/1180 1201/1201
f 1179/1179 1180/1180 1181/1181
f 1205/1205 1201/1201 1210/1210
f 1181/1181 1201/1201 1205/1205
f 1181/1181 1205/1205 1251/1251
f 1184/1184 1179/1179 1190/1190
f 1179/1179 1181/1181 1251/1251
f 1160/1160 1179/1179 1251/1251
f 1205/1205 1211/1211 1250/1250
f 1166/1166 1211/1211 1253/1253
f 1295/1295 1310/1310 1316/1316
f 1293/1293 1310/1310 1295/1295
f 1166/1166 1253/1253 1256/1256
f 1166/1166 1256/1256 1167/1167
f 1166/1166 1167/1167 1142/1142
f 1167/1167 1256/1256 1128/1128
f 1128/1128 1256/1256 1125/1125
f 1142/1142 1167/1167 1128/1128
f 1142/1142 1128/1128 1115/1115
f 1128/1128 1125/1125 1115/1115
f 1149/1149 1143/1143 1140/1140
f 1119/1119 1124/1124 1115/1115
f 1139/1139 1140/1140 1138/1138
f 1122/1122 1138/1138 1123/1123
f 1123/1123 1119/1119 1122/1122
f 2161/2161 2177/2177 2166/2166
f 2152/2152 2137/2137 2151/2151
f 2148/2148 2135/2135 2152/2152
f 2145/2145 2138/2138 2148/2148
f 2130/2130 2138/2138 2145/2145
f 2182/2182 2177/2177 2185/2185
f 2113/2113 2130/2130 2131/2131
f 2131/2131 2130/2130 2145/2145
f 2105/2105 2113/2113 2131/2131
f 2106/2106 2105/2105 2131/2131
f 2179/2179 2159/2159 2169/2169
f 2182/2182 2185/2185 2189/2189
f 2179/2179 2169/2169 2178/2178
f 2186/2186 2179/2179 2178/2178
f 869/869 887/887 881/881
f 854/854 886/886 909/909
f 869/869 881/881 851/851
f 851/851 881/881 880/880
f 851/851 880/880 847/847
f 1251/1251 1205/1205 1250/1250
f 1153/1153 1250/1250 1211/1211
f 1153/1153 1211/1211 1166/1166
f 1310/1310 1332/1332 1316/1316
f 1332/1332 1334/1334 1316/1316
f 1153/1153 1166/1166 1142/1142
f 1148/1148 1147/1147 1143/1143
f 1144/1144 1153/1153 1142/1142
f 1148/1148 1143/1143 1149/1149
f 1130/1130 1144/1144 1142/1142
f 1140/1140 1143/1143 1141/1141
f 1130/1130 1142/1142 1124/1124
f 1141/1141 1145/1145 1138/1138
f 1145/1145 1144/1144 1138/1138
f 1138/1138 1144/1144 1130/1130
f 1138/1138 1140/1140 1141/1141
f 1138/1138 1130/1130 1123/1123
f 1123/1123 1130/1130 1119/1119
f 1119/1119 1130/1130 1124/1124
f 2137/2137 2136/2136 2146/2146
f 2146/2146 2136/2136 2140/2140
f 2151/2151 2137/2137 2146/2146
f 2158/2158 2152/2152 2151/2151
f 2182/2182 2166/2166 2177/2177
f 2145/2145 2148/2148 2150/2150
f 2148/2148 2152/2152 2150/2150
f 2150/2150 2152/2152 2159/2159
f 2159/2159 2152/2152 2158/2158
f 2159/2159 2158/2158 2169/2169
f 2168/2168 2145/2145 2150/2150
f 2273/2273 2283/2283 2276/2276
f 2131/2131 2145/2145 2153/2153
f 2153/2153 2145/2145 2168/2168
f 2193/2193 2168/2168 2150/2150
f 2265/2265 2283/2283 2273/2273
f 2106/2106 2131/2131 2153/2153
f 2176/2176 2153/2153 2190/2190
f 2153/2153 2168/2168 2190/2190
f 2190/2190 2168/2168 2193/2193
f 2106/2106 2153/2153 2156/2156
f 2156/2156 2153/2153 2176/2176
f 2178/2178 2169/2169 2170/2170
f 2172/2172 2189/2189 2192/2192
f 896/896 911/911 899/899
f 881/881 896/896 899/899
f 919/919 909/909 886/886
f 1160/1160 1251/1251 1146/1146
f 1146/1146 1251/1251 1250/1250
f 1146/1146 1250/1250 1153/1153
f 1147/1147 1160/1160 1146/1146
f 1143/1143 1147/1147 1146/1146
f 1145/1145 1146/1146 1153/1153
f 1143/1143 1146/1146 1145/1145
f 1145/1145 1153/1153 1144/1144
f 2146/2146 2140/2140 2147/2147
f 2147/2147 2140/2140 2149/2149
f 2149/2149 2140/2140 2142/2142
f 2149/2149 2142/2142 2161/2161
f 2149/2149 2161/2161 2166/2166
f 2151/2151 2146/2146 2154/2154
f 2167/2167 2166/2166 2182/2182
f 2158/2158 2151/2151 2157/2157
f 2151/2151 2154/2154 2157/2157
f 2169/2169 2158/2158 2157/2157
f 2172/2172 2167/2167 2182/2182
f 2172/2172 2182/2182 2189/2189
f 2178/2178 2170/2170 2174/2174
f 2184/2184 2172/2172 2192/2192
f 885/885 919/919 886/886
f 847/847 880/880 885/885
f 2154/2154 2146/2146 2147/2147
f 2149/2149 2166/2166 2167/2167
f 2169/2169 2157/2157 2164/2164
f 2169/2169 2164/2164 2170/2170
f 2173/2173 2172/2172 2184/2184
f 881/881 899/899 898/898
f 881/881 898/898 880/880
f 880/880 898/898 885/885
f 2147/2147 2149/2149 2155/2155
f 2154/2154 2147/2147 2155/2155
f 2155/2155 2149/2149 2167/2167
f 2157/2157 2154/2154 2164/2164
f 2170/2170 2164/2164 2174/2174
f 2174/2174 2164/2164 2175/2175
f 2173/2173 2184/2184 2191/2191
f 898/898 905/905 885/885
f 2154/2154 2155/2155 2160/2160
f 2164/2164 2154/2154 2160/2160
f 2160/2160 2155/2155 2167/2167
f 2160/2160 2167/2167 2172/2172
f 2164/2164 2160/2160 2173/2173
f 2173/2173 2160/2160 2172/2172
f 2175/2175 2164/2164 2173/2173

