# https://github.com/mikedh/trimesh
mtllib material.mtl

o geometry_0
usemtl material_0
v -0.08155707 -0.13770404 0.02952638
v -0.08287363 -0.13457203 0.03479215
v -0.08414065 -0.13364913 0.04443761
v 0.13417774 0.14635137 0.32635841
v 0.13419460 0.14645974 0.33859670
v 0.13384317 0.14859916 0.35297564
v -0.01328542 0.15654667 0.47378612
v -0.01513697 0.14995082 0.47651705
v -0.01797151 0.14891957 0.47783059
v -0.05959481 -0.01646853 0.19248587
v -0.06222292 -0.00941943 0.19163035
v -0.05791922 -0.02118371 0.19395936
v 0.00303612 -0.02037012 0.22105372
v 0.01497738 -0.02087838 0.22077042
v -0.01337603 -0.02004290 0.22032379
v -0.01793999 0.07333161 0.23936310
v -0.01660454 0.07541006 0.24098083
v -0.01048603 0.08109619 0.24863663
v -0.13357459 -0.33587477 0.02192567
v -0.13166040 -0.33430174 0.04466553
v -0.14454576 -0.33382758 0.04364396
v -0.09294980 -0.33513832 0.03697831
v -0.12646952 -0.33621630 0.00512682
v -0.10160644 -0.33584329 0.00115388
v -0.15081055 -0.33594838 0.00116015
v -0.17572275 -0.33404806 0.02762856
v -0.17243992 -0.33299839 0.04896403
v -0.10463700 -0.33326641 0.05214538
v -0.07683450 -0.33355156 0.05401268
v -0.13225760 -0.33593357 -0.05493098
v -0.16045676 -0.33541614 -0.04804797
v -0.10254806 -0.33567560 -0.05390996
v -0.17053498 -0.33474293 -0.00688518
v -0.17821790 -0.33424580 -0.04385606
v -0.07660389 -0.33457455 -0.00395975
v -0.07872654 -0.33476773 -0.05084716
v -0.10505796 -0.33496779 -0.08459221
v -0.08077880 -0.33431506 -0.07682655
v -0.12722246 -0.33435813 -0.09593180
v -0.14421630 -0.33413178 -0.09098111
v -0.09975509 -0.33331418 -0.10383911
v -0.16730392 -0.33267653 -0.08444160
v -0.16127013 -0.33183220 -0.10400187
v -0.17443222 -0.33292350 -0.06442323
v -0.14906038 -0.33128223 -0.11273564
v -0.13350649 -0.33097953 -0.12305003
v -0.10402706 -0.33027828 -0.12289114
v -0.08170190 -0.33167788 -0.10265771
v -0.18076846 -0.33316848 -0.01680695
v -0.17211924 -0.33141237 0.05889307
v -0.18897042 -0.33104056 0.03113949
v -0.18545575 -0.33196664 0.00529167
v -0.18350039 -0.33030441 0.05197522
v -0.18011831 -0.32742694 0.07688458
v -0.09099147 -0.33122605 0.06226375
v -0.07304280 -0.33038768 0.08417447
v -0.09209734 -0.32945645 -0.11721780
v -0.07603339 -0.32917276 -0.10941585
v -0.12593801 -0.33182546 0.05400966
v -0.19069313 -0.32220563 0.09175692
v -0.18623124 -0.32299465 0.09161521
v -0.19144087 -0.32841840 0.04751811
v -0.15868431 -0.32915461 0.06002457
v -0.15280347 -0.33211285 0.05073678
v -0.08532487 -0.32747266 0.08184908
v -0.09719760 -0.32900944 0.06359572
v -0.06933502 -0.32826519 0.10093609
v -0.05781448 -0.32482606 0.08425275
v -0.06542954 -0.32853031 0.05309998
v -0.07052802 -0.32829228 -0.08516920
v -0.17313287 -0.32160604 0.08733354
v -0.14355898 -0.32831061 0.05142002
v -0.13856746 -0.32799697 0.06061256
v -0.12563460 -0.33094180 0.08127899
v -0.11322855 -0.32837468 0.06072424
v -0.12212450 -0.32862833 0.09775889
v -0.13772669 -0.32657358 0.08481589
v -0.12567976 -0.32990035 0.09784402
v -0.14688842 -0.32476619 0.06036107
v -0.05645366 -0.32199910 0.10277218
v -0.13735101 -0.32289585 0.10636635
v -0.15393251 -0.31378859 0.08503287
v -0.12431701 -0.32606921 0.10657246
v -0.05657225 -0.32390887 0.04538320
v -0.05900322 -0.32522526 0.01793799
v -0.06266811 -0.32646939 -0.01314978
v -0.06630682 -0.32811120 -0.05596106
v -0.10939824 -0.32381201 0.08029204
v -0.06763835 -0.32497469 0.10730104
v -0.18129699 -0.33252022 -0.04451563
v -0.17447333 -0.31786785 0.09428376
v -0.16615942 -0.31620941 0.09455642
v -0.16150209 -0.31999519 0.07979608
v -0.07829827 -0.32280028 0.10302982
v -0.15447266 -0.31595877 0.07607868
v -0.15803152 -0.31396019 0.08764398
v -0.15394342 -0.32179737 0.06519525
v -0.19535241 -0.31917065 0.09217622
v -0.10300373 -0.32082343 0.06755865
v -0.08891626 -0.31727615 0.10056527
v -0.11150457 -0.31813794 0.10739894
v -0.10688174 -0.31644574 0.10306305
v -0.14983615 -0.31544039 0.09586216
v -0.14564906 -0.31706303 0.10545677
v -0.09268546 -0.31615016 0.09411388
v -0.09971659 -0.31347659 0.09064838
v -0.10046628 -0.31730247 0.07508026
v -0.09772722 -0.31368369 0.08592919
v -0.06377859 -0.31970277 0.11009275
v -0.18890671 -0.31798124 0.09507678
v -0.19808915 -0.31455135 0.09441026
v -0.19625741 -0.31675938 0.12018435
v -0.18841076 -0.31745231 0.10549590
v -0.17748214 -0.31481528 0.09538706
v -0.18111391 -0.31709546 0.13059817
v -0.19171686 -0.31973431 0.12893799
v -0.18677065 -0.31907222 0.12649857
v -0.18923715 -0.32502794 0.15258551
v -0.18640946 -0.32332394 0.15215971
v 0.10465412 -0.22080253 -0.27803999
v 0.09299628 -0.22176634 -0.26381502
v 0.09996624 -0.16174150 -0.25195655
v 0.08911475 -0.25451484 -0.26970744
v 0.08738021 -0.21285598 -0.25276944
v 0.09026808 -0.18095444 -0.24586575
v 0.09227227 -0.16395271 -0.24283446
v 0.10123938 -0.26143488 -0.28633535
v 0.10947125 -0.17481028 -0.26721475
v 0.11041815 -0.14604197 -0.25966257
v 0.07885641 -0.29875684 -0.27446571
v 0.09823602 -0.29942554 -0.29553822
v 0.07765682 -0.31501150 -0.27688333
v 0.08836595 -0.32838330 -0.29075223
v 0.09368201 -0.13465300 -0.23987974
v 0.09163238 -0.14673784 -0.23936331
v 0.07755824 -0.32901633 -0.27900991
v 0.10620243 -0.13018128 -0.25270239
v 0.09869505 -0.32793212 -0.30107960
v 0.11465576 -0.12726767 -0.25931245
v 0.08046923 -0.26197615 -0.25714931
v 0.08396715 -0.27495521 -0.27039987
v 0.11605111 -0.15496317 -0.26583374
v 0.07097676 -0.29741421 -0.25688535
v 0.06915963 -0.31346670 -0.25824654
v 0.06849574 -0.33055851 -0.25919369
v 0.08947073 -0.14872284 -0.23143430
v 0.12771156 -0.16974230 -0.27567762
v 0.12676853 -0.13912392 -0.26819235
v 0.12621774 -0.12502640 -0.26516977
v 0.11384236 -0.22718678 -0.28422469
v 0.12791717 -0.19612087 -0.28266114
v 0.11524127 -0.26406771 -0.29283744
v 0.12855172 -0.22559477 -0.28999859
v 0.13056295 -0.26507145 -0.29874077
v 0.13136415 -0.29514846 -0.30604902
v 0.13201223 -0.30824542 -0.30818236
v 0.11681054 -0.32811806 -0.30611727
v 0.13387507 -0.32865840 -0.31063807
v 0.14564776 -0.27121150 -0.29559559
v 0.15893778 -0.29579785 -0.29879174
v 0.14197707 -0.32831657 -0.30779228
v 0.15412530 -0.26921627 -0.29201216
v 0.14647122 -0.16960911 -0.26914942
v 0.13929880 -0.12807110 -0.26113498
v 0.14990133 -0.24105975 -0.28614387
v 0.14762747 -0.21160884 -0.27919996
v 0.15207924 -0.32886109 -0.30410442
v 0.16295525 -0.32099181 -0.29908890
v 0.16426155 -0.32923502 -0.29834497
v -0.02530217 0.11511166 0.34197938
v -0.00268129 0.11599862 0.34242865
v -0.00603166 0.11554906 0.37522969
v -0.02161798 0.11489885 0.37269410
v -0.00216134 0.11544662 0.32689092
v -0.02164078 0.11507680 0.39975190
v -0.00866806 0.11521994 0.40922630
v 0.01306675 0.11531410 0.33929646
v 0.01666155 0.11402004 0.40122199
v 0.00773358 0.11372299 0.42137048
v 0.02689352 0.11396658 0.33237910
v 0.02024435 0.11178913 0.43427566
v -0.02037604 0.11308597 0.43280858
v 0.04325891 0.11032701 0.41261795
v 0.04119246 0.11095880 0.36633283
v 0.05005905 0.11049780 0.32751846
v 0.04196603 0.11069483 0.31553692
v 0.05056727 0.10800000 0.42522505
v 0.06205602 0.10690372 0.39142162
v 0.05994810 0.10760756 0.35089397
v 0.08076401 0.10410555 0.35568592
v 0.07388901 0.10615402 0.32661995
v 0.05458128 0.10799177 0.31294680
v 0.10374527 0.09964243 0.35731399
v 0.08010407 0.10328434 0.39020568
v 0.09261557 0.10229707 0.37098259
v 0.09096623 0.10173468 0.38376352
v 0.10341504 0.09939931 0.33753195
v 0.08609681 0.10349733 0.32407358
v 0.05638040 0.10703555 0.40839237
v 0.02948147 0.11163136 0.31355155
v -0.00580971 0.11109594 0.44201580
v -0.02401149 0.11290158 0.44573900
v -0.01472357 0.11076757 0.45131832
v 0.00879330 0.11125857 0.44259426
v 0.01830569 0.11120902 0.44963092
v 0.02671144 0.11111712 0.44758442
v 0.03809905 0.10760520 0.43237799
v -0.02694405 0.11415260 0.32817557
v -0.03889478 0.11203770 0.42574418
v -0.03693760 0.11376379 0.39767089
v 0.00110649 0.11284281 0.31404981
v 0.05774131 0.10570303 0.31065777
v -0.03564942 0.11122349 0.43194005
v -0.02636613 0.11095138 0.45389611
v -0.03634537 0.11297693 0.37041700
v -0.04124833 0.11252351 0.34234247
v 0.06907713 0.10331362 0.39928567
v 0.09893053 0.09921828 0.32457837
v -0.04431866 0.11097980 0.32792443
v -0.05041485 0.11091541 0.38936338
v -0.03106577 0.11111872 0.44854483
v -0.04576457 0.11085423 0.41191614
v -0.06032782 0.10706451 0.37029728
v -0.06783098 0.10469761 0.34619591
v -0.09383138 0.10036304 0.37482804
v -0.09837938 0.09898182 0.36343300
v -0.07829034 0.10309392 0.38310209
v -0.09185867 0.09868516 0.34438494
v -0.07708330 0.09985106 0.33069211
v -0.09121725 0.09905041 0.38501072
v -0.09386615 0.09370133 0.32527742
v -0.05520434 0.10676304 0.32495821
v -0.09887534 0.09483433 0.33807853
v -0.07632051 0.09577113 0.31845149
v -0.05984743 0.10640045 0.39942756
v -0.06900986 0.10434978 0.39098179
v 0.09790377 0.09910874 0.37530643
v 0.04363674 0.10795784 0.42763379
v 0.05765986 0.10328013 0.42231113
v -0.08271962 0.09981506 0.38757378
v 0.02725654 0.10696270 0.45579973
v 0.09492155 0.09780294 0.38931665
v 0.09687408 0.09730733 0.38589174
v 0.10039817 0.09924353 0.38895708
v 0.03559233 0.10721949 0.44129300
v 0.03212369 0.10757262 0.45049098
v -0.00295989 0.10714845 0.44724554
v -0.07474716 0.09519463 0.40394810
v -0.06149415 0.09688340 0.42940089
v -0.07707707 0.09132329 0.41685626
v -0.07585960 0.09074272 0.43254420
v -0.08302955 0.08947298 0.42351955
v -0.08234335 0.09255376 0.43304324
v -0.06358107 0.09330105 0.43960765
v -0.05700946 0.09524862 0.43200156
v -0.06913846 0.09021007 0.44163260
v -0.06369105 0.09105198 0.45089102
v -0.06702860 0.09166271 0.45081496
v -0.04523702 0.10692490 0.42457902
v 0.00572418 0.10757574 0.44616741
v 0.01569400 0.10766260 0.45350716
v -0.08075313 0.09557807 0.39381206
v -0.06694467 0.09452563 0.45441622
v 0.07476161 0.09480309 0.40968043
v 0.06856859 0.09629307 0.42232332
v 0.07622550 0.09290122 0.42378572
v 0.06986340 0.09341665 0.43580171
v 0.07995024 0.09328981 0.43070069
v 0.06205690 0.09488133 0.43120253
v 0.08115820 0.09114844 0.43617395
v 0.07610653 0.09097449 0.43832907
v 0.06806968 0.09366896 0.45071140
v 0.06492211 0.09042508 0.43943661
v 0.08179392 0.09063441 0.42503160
v 0.06257742 0.09730516 0.42769054
v 0.05796480 0.09882420 0.42696631
v 0.07825925 0.09728549 0.39763185
v -0.09269961 0.09284609 0.38893291
v -0.08529425 0.09308681 0.42723697
v -0.08700712 0.09832994 0.43995562
v -0.09403397 0.09962621 0.42560673
v -0.09901986 0.10621897 0.43158501
v 0.15723333 -0.33259222 -0.17390734
v 0.17628527 -0.33252344 -0.17890424
v 0.15943819 -0.33168253 -0.16234827
v 0.15747274 -0.33635214 -0.22638646
v 0.12608516 -0.33696648 -0.21116683
v 0.12657385 -0.33856234 -0.23983495
v 0.18595071 -0.33128601 -0.16888338
v 0.19640996 -0.33213508 -0.20800249
v 0.18809597 -0.33403695 -0.22893138
v 0.16669242 -0.33585504 -0.24881278
v 0.20738381 -0.33064964 -0.17864844
v 0.21160418 -0.32965350 -0.16151902
v 0.12054414 -0.33348662 -0.17842621
v 0.09570049 -0.33726537 -0.21829231
v 0.09656689 -0.33489960 -0.19288233
v 0.09679269 -0.33392957 -0.17685089
v 0.09153315 -0.33844316 -0.25244501
v 0.10690677 -0.33101773 -0.15853669
v 0.20352620 -0.32797214 -0.14950851
v 0.21621025 -0.32685897 -0.14240359
v 0.09606197 -0.33082718 -0.14339353
v 0.17654151 -0.32883054 -0.15373078
v 0.13435842 -0.33744258 -0.27086639
v 0.16280288 -0.33546960 -0.26840368
v 0.18397073 -0.33372882 -0.24457408
v 0.15837972 -0.33144379 -0.14403437
v 0.15500291 -0.33509710 -0.28438187
v 0.13568355 -0.33640286 -0.28538674
v 0.16292967 -0.33002824 -0.12722737
v 0.09024937 -0.33734336 -0.26519719
v 0.14804319 -0.32885954 -0.15407830
v 0.12315255 -0.32782403 -0.14941880
v 0.12227481 -0.32542399 -0.14086427
v 0.11769054 -0.32501972 -0.12499060
v 0.18554893 -0.32441857 -0.13983972
v 0.21981265 -0.32404676 -0.13063921
v 0.10070755 -0.32925701 -0.11858922
v 0.09479682 -0.32864383 -0.11933145
v 0.14235716 -0.32081318 -0.13560860
v 0.11503324 -0.32440406 -0.11679499
v 0.18198593 -0.32107177 -0.11008206
v 0.08163176 -0.32877108 -0.16801584
v 0.16367538 -0.32804385 -0.11391126
v 0.07516200 -0.32927442 -0.20392635
v 0.16628660 -0.32413894 -0.09917335
v 0.18122065 -0.31922516 -0.09931645
v 0.14457141 -0.32398325 -0.14243081
v 0.09076998 -0.32723054 -0.12492015
v 0.06949117 -0.33052480 -0.24459960
v 0.07136823 -0.32975385 -0.22586595
v 0.09728057 -0.33235970 -0.28754535
v 0.10356872 -0.33003110 -0.09127054
v 0.06849574 -0.33055851 -0.25919369
v 0.18934207 -0.32036057 -0.12954828
v 0.22045211 -0.32282794 -0.12735972
v 0.14540210 -0.32008278 -0.13401116
v 0.17000178 -0.32953259 -0.28792650
v 0.11681054 -0.32811806 -0.30611727
v 0.13387507 -0.32865840 -0.31063807
v 0.15207924 -0.32886109 -0.30410442
v 0.16426155 -0.32923502 -0.29834497
v 0.17527044 -0.32968161 -0.27662486
v 0.09869505 -0.32793212 -0.30107960
v 0.11260559 -0.32617831 -0.08579587
v 0.12459577 -0.32153910 -0.13374494
v 0.12009419 -0.32178059 -0.12012635
v 0.10466132 -0.33141086 -0.07439774
v 0.07755824 -0.32901633 -0.27900991
v 0.08836595 -0.32838330 -0.29075223
v 0.12001105 -0.32147187 -0.11283507
v 0.09906591 -0.32817423 -0.08263655
v 0.09892723 -0.32815149 -0.11820863
v 0.15422976 -0.32270545 -0.11256585
v 0.17764190 -0.31818852 -0.09540605
v 0.16822794 -0.32047635 -0.09480079
v 0.18130474 -0.31819168 -0.09106468
v 0.17697045 -0.32356051 -0.06755360
v 0.16990274 -0.32488510 -0.05124055
v 0.17747107 -0.32806906 -0.04039068
v 0.18434530 -0.32281980 -0.06062686
v 0.18387327 -0.32603303 -0.04574587
v 0.17872567 -0.32892337 -0.02790426
v 0.17382988 -0.32574952 -0.03351749
v 0.16638091 -0.32225597 -0.05781572
v 0.16017291 -0.31817114 -0.08354950
v 0.15736462 -0.31629243 -0.09637767
v 0.12899381 -0.31064227 -0.12577224
v 0.10271727 -0.32865405 -0.06843300
v 0.10496617 -0.33006874 -0.06659150
v 0.15502851 -0.31404430 -0.09038308
v 0.14194174 -0.31068763 -0.12486402
v 0.16089690 -0.31782240 -0.06838160
v 0.18553218 -0.31797275 -0.11330873
v 0.19072789 -0.31681460 -0.12540223
v 0.18126643 -0.31290582 -0.09627356
v 0.08830477 -0.21493651 -0.22968283
v 0.08949300 -0.22155808 -0.21641441
v 0.09243958 -0.20088595 -0.21375974
v 0.08393580 -0.25202417 -0.21589294
v 0.08104981 -0.25869757 -0.23905201
v 0.08046923 -0.26197615 -0.25714931
v 0.08793289 -0.21010450 -0.23943880
v 0.08738021 -0.21285598 -0.25276944
v 0.09174265 -0.18324554 -0.21885705
v 0.09163936 -0.17493108 -0.22487688
v 0.09026808 -0.18095444 -0.24586575
v 0.09188853 -0.16859750 -0.23484465
v 0.09227227 -0.16395271 -0.24283446
v 0.09303355 -0.18232863 -0.21036167
v 0.08063412 -0.26427233 -0.21199374
v 0.07694218 -0.27797508 -0.20679510
v 0.07196338 -0.29406777 -0.23277131
v 0.07427689 -0.29395527 -0.20595996
v 0.07051080 -0.30989754 -0.23050141
v 0.07097676 -0.29741421 -0.25688535
v 0.06915963 -0.31346670 -0.25824654
v 0.06949117 -0.33052480 -0.24459960
v 0.06849574 -0.33055851 -0.25919369
v 0.07368239 -0.31251487 -0.20519735
v 0.07136823 -0.32975385 -0.22586595
v 0.07977165 -0.29832110 -0.18044244
v 0.07849605 -0.31312522 -0.17877036
v 0.08558293 -0.29753000 -0.15159656
v 0.08969506 -0.31279802 -0.12061264
v 0.08600754 -0.28282949 -0.16858904
v 0.09579301 -0.27685517 -0.13108520
v 0.08185679 -0.32129857 -0.16191992
v 0.07516200 -0.32927442 -0.20392635
v 0.07853139 -0.32893616 -0.18810992
v 0.08163176 -0.32877108 -0.16801584
v 0.09076998 -0.32723054 -0.12492015
v 0.08799099 -0.26409450 -0.19273090
v 0.09061281 -0.31201059 -0.11932207
v 0.09734128 -0.29512599 -0.11502349
v 0.10012778 -0.28081495 -0.11915856
v 0.09603095 -0.29732621 -0.11015573
v 0.09041284 -0.31275952 -0.11291448
v 0.09278264 -0.31061581 -0.09972101
v 0.09869982 -0.29593599 -0.10224500
v 0.09677750 -0.31100056 -0.08589501
v 0.09877715 -0.32449272 -0.07760291
v 0.10375923 -0.31645718 -0.06970099
v 0.10271727 -0.32865405 -0.06843300
v 0.09307851 -0.24302946 -0.20455612
v 0.09503084 -0.32337055 -0.10218748
v 0.09566039 -0.27249843 -0.14627638
v 0.09816097 -0.26210031 -0.16781302
v 0.09697787 -0.26664728 -0.16026931
v 0.10013366 -0.25161237 -0.18058123
v 0.10339132 -0.23951666 -0.18919510
v 0.10522833 -0.23410046 -0.19064192
v 0.10484427 -0.21602719 -0.19675350
v 0.10426163 -0.30943048 -0.07493411
v 0.09906591 -0.32817423 -0.08263655
v 0.09963894 -0.19196115 -0.20072131
v 0.10020222 -0.20847324 -0.20265849
v 0.09331057 -0.32260576 -0.11776265
v 0.10395952 -0.30105853 -0.08579396
v 0.10407454 -0.28736314 -0.11097093
v 0.10420533 -0.28864229 -0.10556048
v 0.10894448 -0.20031075 -0.19258942
v 0.09479682 -0.32864383 -0.11933145
v 0.10496617 -0.33006874 -0.06659150
v 0.11363191 -0.21466134 -0.19164446
v 0.09892723 -0.32815149 -0.11820863
v -0.14799257 -0.13208532 -0.15265845
v -0.12205063 -0.13227156 -0.16130847
v -0.13740358 -0.13300654 -0.15613602
v -0.14624676 -0.11088827 -0.14964412
v -0.12870257 -0.10020375 -0.15324923
v -0.11710547 -0.10717513 -0.15798023
v -0.13355382 -0.08630497 -0.14840823
v -0.11314163 -0.08752807 -0.15714295
v -0.11851928 -0.06797780 -0.15292189
v -0.10713261 -0.07315000 -0.15833364
v -0.14525217 -0.09551781 -0.14575638
v -0.14587152 -0.07521979 -0.13943465
v -0.12063196 -0.05473717 -0.14928147
v -0.10711400 -0.06709377 -0.15924132
v -0.13554467 -0.03191745 -0.13312763
v -0.15622975 -0.06495309 -0.12993844
v -0.11462631 -0.04922758 -0.15048151
v -0.14915010 -0.08854382 -0.13856366
v -0.15187848 -0.03143196 -0.12129835
v -0.15023281 -0.01424219 -0.12113893
v -0.15783067 -0.05872111 -0.12639673
v -0.14000544 -0.01527503 -0.12889318
v -0.10058387 -0.05772705 -0.16456290
v -0.09730153 -0.05562794 -0.16577993
v -0.10163522 -0.04886295 -0.16096814
v -0.12626265 0.00730290 -0.12639017
v -0.12514402 -0.01665574 -0.14176053
v -0.11439789 -0.03155652 -0.15128984
v -0.12076762 0.00206860 -0.13534258
v -0.10728153 -0.01205465 -0.15912898
v -0.10678345 0.00686497 -0.14857709
v -0.11231002 0.02210063 -0.12858431
v -0.09402183 -0.06337602 -0.16411118
v -0.15705839 -0.09497100 -0.12753883
v -0.10418113 0.02558084 -0.13655651
v -0.15921782 -0.10915633 -0.12674065
v -0.15257517 -0.13217910 -0.14413340
v -0.16456036 -0.02891840 -0.09584527
v -0.16187413 -0.04357490 -0.10824580
v -0.15878737 -0.01277378 -0.10305555
v -0.16453539 -0.01014837 -0.09140763
v -0.15865135 -0.13238226 -0.13140728
v -0.12375762 -0.15504000 -0.14601234
v -0.12610072 -0.17242970 -0.13291858
v -0.14692409 -0.14521328 -0.14164190
v -0.14759831 -0.16353552 -0.12585750
v -0.13566741 -0.17061204 -0.12849754
v -0.14998293 -0.16325226 -0.12315568
v -0.09205661 -0.07926105 -0.15623862
v -0.08888504 -0.08873049 -0.15351138
v -0.09083881 -0.10075296 -0.15283066
v -0.11050214 -0.12904944 -0.15882881
v -0.10799714 -0.10420366 -0.15577003
v -0.09684356 -0.12154590 -0.15554300
v -0.10071127 -0.12563123 -0.15653533
v -0.08884662 -0.11172156 -0.15339024
v -0.14914428 -0.18931824 -0.09211590
v -0.13491999 -0.19187315 -0.10111324
v -0.12724416 -0.19427806 -0.10468058
v -0.15176105 -0.20643654 -0.09138314
v -0.12995575 -0.21168771 -0.10532895
v -0.13063323 -0.23056130 -0.10765878
v -0.13312460 -0.26223624 -0.11235266
v -0.15364604 -0.22753273 -0.09335893
v -0.14848763 -0.27212638 -0.10489025
v -0.13461016 -0.29201242 -0.11731078
v -0.14999267 -0.29461187 -0.10788736
v -0.13350649 -0.33097953 -0.12305003
v -0.14906038 -0.33128223 -0.11273564
v -0.10762572 -0.23269588 -0.10756283
v -0.10527942 -0.26623905 -0.11235656
v -0.10397537 -0.29168203 -0.11647619
v -0.10402706 -0.33027828 -0.12289114
v -0.10700490 -0.20619270 -0.10382250
v -0.10582691 -0.19180153 -0.10284743
v -0.08413713 -0.10088090 -0.15028591
v -0.09209734 -0.32945645 -0.11721780
v -0.12175795 -0.18333820 -0.11822468
v -0.10598302 -0.18527730 -0.11007902
v -0.11171706 -0.17208539 -0.12544191
v -0.08834094 -0.15741736 -0.12459271
v -0.09734428 -0.14011645 -0.14236790
v 0.17262580 -0.27097020 0.27294782
v 0.16259754 -0.27162865 0.28156361
v 0.17120573 -0.27589551 0.28531832
v 0.15675408 -0.26643789 0.27159655
v 0.14838009 -0.26889867 0.28282946
v 0.13726391 -0.26557451 0.28029174
v 0.14266691 -0.27236712 0.29333749
v 0.12972905 -0.25857028 0.27153221
v 0.14265727 -0.25950792 0.25835517
v 0.15604489 -0.25531608 0.22493370
v 0.18100013 -0.27022702 0.25685295
v 0.15475991 -0.26016620 0.24039561
v 0.15803736 -0.27102113 0.28751895
v 0.16623859 -0.26246846 0.22596687
v 0.19257209 -0.27344233 0.25621620
v 0.19446997 -0.27459037 0.27574882
v 0.18301664 -0.27797818 0.28947014
v 0.20929624 -0.27778625 0.28796545
v 0.14798482 -0.27536148 0.30609345
v 0.19828904 -0.28079957 0.29816425
v 0.21892351 -0.28383791 0.30784661
v 0.22051872 -0.28057605 0.29696006
v 0.23264427 -0.28567415 0.31285280
v 0.17247212 -0.27622649 0.29105890
v 0.21307276 -0.28093940 0.25359204
v 0.19429480 -0.27485135 0.23559339
v 0.17399265 -0.26580349 0.22652477
v 0.16352527 -0.27173159 0.30418563
v 0.23207040 -0.28590730 0.29257461
v 0.18486717 -0.27823734 0.31099430
v 0.11639792 -0.25394201 0.27588901
v 0.11704247 -0.25823477 0.29413387
v 0.12549037 -0.26303855 0.29870194
v 0.11805252 -0.26211667 0.31931788
v 0.13360624 -0.27190736 0.32931024
v 0.11945469 -0.26887476 0.35951227
v 0.13198619 -0.27597129 0.36229247
v 0.12930483 -0.27607363 0.36902985
v 0.12069121 -0.27379200 0.37164375
v 0.13863465 -0.27321228 0.31163847
v 0.22820255 -0.28715241 0.27610409
v 0.17609635 -0.26880059 0.21228677
v 0.11501715 -0.24276973 0.25235051
v 0.11596596 -0.25057241 0.26951593
v 0.20269559 -0.28066412 0.22517036
v 0.17108881 -0.26049429 0.20275083
v 0.17585969 -0.27133432 0.32631221
v 0.19234146 -0.27922693 0.32763392
v 0.18164420 -0.27363265 0.33913675
v 0.19280046 -0.27922839 0.34157634
v 0.18525444 -0.27826184 0.34644437
v 0.18395327 -0.27638757 0.19488950
v 0.22014581 -0.28699183 0.24451411
v 0.15197285 -0.27629921 0.31347105
v 0.15630439 -0.27745038 0.32142478
v 0.14711949 -0.24870870 0.22360975
v 0.11361048 -0.23320916 0.23609170
v 0.15380554 -0.24847141 0.21369548
v 0.21167094 -0.28770974 0.22063483
v 0.20154783 -0.28951639 0.19666122
v 0.18794101 -0.28051919 0.18344568
v 0.23932174 -0.29242671 0.31075829
v 0.16572629 -0.27861923 0.33535439
v 0.14245829 -0.23879741 0.21507478
v 0.11635476 -0.26619110 0.33879161
v 0.11086033 -0.21810088 0.22039363
v 0.16453229 -0.25261277 0.20177020
v 0.17298003 -0.25426751 0.18604456
v 0.17659293 -0.27968475 0.34583321
v 0.10139816 -0.26251647 0.26937294
v 0.11080677 -0.27706656 0.36807305
v 0.12115765 -0.27672631 0.37288660
v 0.19281119 -0.28340665 0.34339824
v 0.18531010 -0.27908492 0.34901768
v 0.19715914 -0.28325945 0.34528711
v 0.19728215 -0.28305107 0.35248175
v 0.18410163 -0.28547078 0.36043856
v 0.20062758 -0.29088917 0.36375287
v 0.18793552 -0.30606249 0.38418248
v 0.20044383 -0.30492333 0.38060391
v 0.19576356 -0.32464442 0.39725602
v 0.20041037 -0.31700480 0.38979673
v -0.14931746 -0.15385413 0.02647350
v -0.15662892 -0.16811055 0.02155707
v -0.13841182 -0.17219393 0.02419602
v -0.16282977 -0.15246065 0.02276709
v -0.13714668 -0.20821658 0.01154603
v -0.15931720 -0.18904905 0.01280781
v -0.15872641 -0.21150447 0.00525732
v -0.15653111 -0.24013732 -0.00090395
v -0.13596766 -0.22350012 0.00716394
v -0.13456957 -0.23858356 0.00472917
v -0.13656987 -0.15291168 0.02748906
v -0.16405199 -0.16640481 0.01872875
v -0.17387962 -0.19050188 -0.00026046
v -0.17253847 -0.22149716 -0.01107935
v -0.17398439 -0.23838714 -0.01771646
v -0.17506592 -0.16566488 0.00581928
v -0.16643126 -0.24517751 -0.01024503
v -0.17402034 -0.25276336 -0.01829516
v -0.17451361 -0.14930160 0.00819565
v -0.15834692 -0.13922887 0.01988327
v -0.16631684 -0.25640506 -0.00545563
v -0.15563969 -0.24873865 0.00312173
v -0.14238641 -0.13900264 0.02273230
v -0.12835093 -0.13691008 0.02278799
v -0.13630304 -0.12265896 0.01670186
v -0.15003070 -0.12393995 0.01433742
v -0.12088898 -0.12432940 0.01788565
v -0.11722038 -0.11098754 0.01239746
v -0.13397232 -0.25218448 0.01226925
v -0.11354668 -0.09764569 0.00575070
v -0.13230899 -0.10706777 0.00743980
v -0.11037488 -0.10627083 0.00867820
v -0.15534680 -0.26052526 0.01011834
v -0.12055077 -0.24256822 0.00209307
v -0.14622447 -0.11168978 0.00555884
v -0.16924657 -0.13575421 0.00693241
v -0.16093822 -0.12365216 0.00621273
v -0.12805507 -0.09036257 -0.00634151
v -0.11661660 -0.08588108 -0.00426064
v -0.12072364 -0.07966682 -0.01151189
v -0.14720920 -0.09800704 -0.01005776
v -0.08992203 -0.13198054 -0.01804896
v -0.09357525 -0.12860604 -0.01043348
v -0.09790295 -0.12690039 -0.00517310
v -0.08955082 -0.13384877 -0.02064374
v -0.09797437 -0.12430331 -0.00224818
v -0.08194811 -0.13727054 -0.03422857
v -0.10371012 -0.12010659 0.00363972
v -0.09750690 -0.14860803 -0.00976646
v -0.10829721 -0.15057534 0.00702517
v -0.09474621 -0.17265280 -0.02044505
v -0.11045886 -0.17442453 0.00410061
v -0.08085117 -0.17090335 -0.04097548
v -0.07735825 -0.17258151 -0.04740337
v -0.10936255 -0.18618776 -0.00249223
v -0.11497553 -0.19806451 0.00108767
v -0.10366195 -0.20441233 -0.01504980
v -0.11315486 -0.22300303 -0.00461652
v -0.09917052 -0.18611032 -0.02123143
v -0.09301323 -0.20165703 -0.03440422
v -0.08575072 -0.18928036 -0.04915975
v -0.08636875 -0.20344689 -0.04830790
v -0.11162121 -0.23269303 -0.00640353
v -0.09263122 -0.22960608 -0.03058012
v -0.09376063 -0.21728769 -0.02982019
v -0.08506697 -0.22948812 -0.04596390
v -0.08177822 -0.24667555 -0.04644926
v -0.09438491 -0.23948623 -0.02387301
v -0.11747228 -0.16070285 0.01290788
v -0.12348956 -0.14123228 0.01960948
v -0.10713451 -0.11276199 0.00759640
v -0.12406893 -0.20919357 0.00425690
v -0.10885923 -0.24242322 -0.00293265
v -0.09118010 -0.25030932 -0.02102497
v -0.08049472 -0.26141602 -0.03284206
v -0.09077360 -0.25791794 -0.01210822
v -0.07869664 -0.26899731 -0.02122025
v -0.10595240 -0.25485089 0.00662363
v 0.08939008 -0.02514591 0.18132003
v 0.08755977 -0.03118031 0.18100925
v 0.09822071 -0.02944007 0.17988893
v 0.09354427 -0.01364380 0.18289986
v 0.09604704 -0.01370123 0.18300776
v 0.09652028 -0.03661351 0.17572251
v 0.10014241 -0.03292050 0.17594115
v -0.00145187 0.15321055 0.10288948
v 0.00479628 0.14116819 0.10574023
v 0.00237362 0.14626540 0.09937315
v 0.00191448 0.14691328 0.11103439
v -0.00365037 0.15306394 0.10973618
v 0.00936382 0.14021653 0.09809786
v 0.00855233 0.20993827 0.20757996
v -0.00030098 0.22015889 0.22314766
v 0.01047627 0.22033052 0.22858025
v 0.03320011 0.20539470 0.21702570
v 0.01610480 0.20273289 0.19934122
v 0.01593522 0.22261822 0.23628201
v 0.04754964 0.22266227 0.26199049
v 0.00036554 0.21496731 0.21178991
v 0.02105998 0.22939825 0.25202200
v 0.01740752 0.23464231 0.26019031
v 0.04761358 0.23462480 0.28573307
v 0.04384864 0.20287444 0.22330263
v 0.01167137 0.23923799 0.26757258
v 0.02667929 0.24094789 0.28409335
v 0.04634475 0.23983935 0.29493517
v 0.04077147 0.24636747 0.30533051
v 0.04852097 0.24399497 0.30531511
v 0.05792545 0.24200228 0.31140956
v 0.00191342 0.24386013 0.27337688
v 0.06324184 0.22775804 0.29253644
v 0.03225403 0.19433419 0.20075351
v 0.01609888 0.19326617 0.18753465
v 0.06592391 0.21301107 0.26857013
v 0.04681926 0.21659862 0.24996924
v 0.06387951 0.24097498 0.31739938
v 0.06750078 0.20236140 0.25205290
v 0.05577494 0.19832510 0.23228978
v 0.07624862 0.18873261 0.24277195
v 0.06300449 0.18778528 0.22659466
v 0.07285856 0.17248927 0.21426173
v 0.05380838 0.17256436 0.19763124
v 0.07203949 0.16321392 0.19835545
v 0.04492327 0.16807719 0.18308115
v 0.04952220 0.15713045 0.16821647
v 0.03614795 0.17234157 0.18071820
v 0.02875049 0.16764313 0.17079653
v 0.02443304 0.15775150 0.15264966
v 0.06736287 0.14769433 0.16474463
v 0.04715610 0.14439926 0.14183320
v 0.06674284 0.13675478 0.14221054
v 0.02492448 0.15120505 0.13872834
v 0.06009637 0.13422814 0.12980293
v 0.06748459 0.13065159 0.12896368
v 0.04749945 0.13737774 0.12723231
v 0.01768953 0.14703536 0.12216911
v 0.02965925 0.13565505 0.10425559
v 0.04591228 0.13095026 0.10834995
v 0.08145534 0.15449923 0.19826138
v 0.01233830 0.14113501 0.10344940
v 0.01181040 0.18614586 0.17776206
v 0.07983556 0.20188767 0.27146676
v 0.07806880 0.21946731 0.30242485
v 0.08452910 0.16560154 0.22149004
v 0.07824792 0.14168380 0.17227244
v 0.07755291 0.23050374 0.32231262
v 0.06825767 0.24142186 0.32422858
v 0.08532054 0.12674126 0.16137664
v 0.08790434 0.13501416 0.17979722
v 0.08478349 0.18440016 0.25097176
v 0.01867359 0.16628231 0.16403262
v 0.01357821 0.17123903 0.16636525
v 0.09265522 0.14094341 0.19704016
v 0.07209133 0.12422285 0.10937595
v 0.07922925 0.23475826 0.33690563
v 0.09145883 0.16140351 0.22850895
v 0.09546998 0.14673254 0.21377654
v 0.08849221 0.20081393 0.28992972
v 0.09208030 0.18791899 0.27378115
v 0.09316085 0.17346090 0.25295523
v 0.06988940 0.24386139 0.34195831
v 0.07627068 0.24051566 0.35214573
v 0.08902677 0.23429176 0.35669369
v 0.07888822 0.24268767 0.36668786
v 0.10077666 0.23581564 0.37232095
v 0.09523299 0.24456595 0.38401780
v 0.10277577 0.22686172 0.36335546
v 0.09397106 0.22325023 0.34606871
v 0.08649096 0.22154737 0.32751203
v 0.03624535 0.13113169 0.09267404
v 0.09316508 0.20264857 0.31206846
v 0.10277168 0.21648787 0.35335952
v 0.00072125 0.18018898 0.16788885
v -0.00062882 0.18363355 0.16998082
v 0.10131886 0.20754416 0.34306157
v 0.10058507 0.23759542 0.38036838
v 0.01127202 0.14581610 0.11583684
v 0.06837649 0.24490775 0.34842315
v 0.06287536 0.24807118 0.35485446
v 0.09114344 0.24902311 0.39219224
v 0.01930058 0.16917662 0.13642938
v 0.01657927 0.17654556 0.14719109
v 0.00983715 0.18152110 0.15318057
v 0.01376648 0.18779430 0.12974800
v 0.00935847 0.19898602 0.12943000
v 0.00622683 0.21344833 0.11334274
v 0.00549790 0.21353379 0.11730561
v 0.00229973 0.21709223 0.10998836
v 0.00220635 0.21702985 0.11494525
v 0.00151136 0.18505599 0.15726696
v 0.01157531 0.21918084 0.18643276
v 0.00611958 0.22954509 0.18374202
v 0.00598238 0.23861775 0.16606784
v 0.00149212 0.23972966 0.17461859
v 0.00123279 0.24760784 0.16206148
v 0.01531454 0.25626731 0.24059303
v 0.00957025 0.25920996 0.25034559
v 0.01126249 0.27014455 0.23277730
v 0.00683792 0.28295475 0.22671430
v 0.00099520 0.22194411 0.20111085
v 0.00223721 0.20404862 0.12979110
v 0.11501262 -0.23263124 0.12143016
v 0.12739860 -0.23794210 0.11930504
v 0.11545417 -0.25262344 0.12567194
v 0.12727931 -0.25000343 0.12260112
v 0.13155062 -0.20197631 0.10807487
v 0.12237006 -0.19567192 0.10978211
v 0.09982486 -0.25209612 0.13091020
v 0.10179853 -0.23499928 0.12726624
v 0.13468279 -0.17047024 0.10218666
v 0.08827804 -0.25830099 0.13663192
v 0.10422770 -0.20454025 0.12010979
v 0.12082919 -0.17341912 0.10798284
v 0.09724129 -0.22335154 0.12766840
v 0.11127666 -0.27263969 0.12768273
v 0.09657365 -0.27480263 0.13250324
v 0.11538602 -0.15641166 0.10986376
v 0.11415535 -0.13845083 0.10820039
v 0.13532841 -0.14101319 0.10012561
v 0.12232451 -0.11158274 0.10037827
v 0.11174212 -0.11939935 0.10670787
v 0.11036289 -0.10796985 0.10526393
v 0.08864453 -0.23718426 0.13569014
v 0.09427816 -0.12933221 0.12017377
v 0.10557532 -0.15662183 0.11652755
v 0.09899423 -0.11833661 0.11547347
v 0.09727599 -0.20396683 0.12504485
v 0.08630781 -0.27572408 0.13653921
v 0.12699346 -0.27018732 0.12394601
v 0.13425338 -0.12209535 0.09874666
v 0.13285851 -0.10417948 0.09527458
v 0.09841768 -0.16128683 0.12325438
v 0.11811698 -0.10075711 0.09764923
v 0.09124471 -0.20144311 0.13159071
v 0.13076714 -0.09417514 0.09225621
v 0.12339082 -0.28479531 0.12325685
v 0.10643476 -0.28926769 0.12606147
v 0.09000210 -0.12139183 0.12449023
v 0.08326695 -0.13368313 0.13280647
v 0.08301639 -0.12501806 0.13228931
v 0.07725325 -0.26948947 0.14597766
v 0.09024987 -0.17806444 0.13387412
v 0.08806260 -0.15729111 0.13387223
v 0.08020577 -0.25364521 0.14648357
v 0.08480095 -0.28713048 0.13331568
v 0.07325132 -0.28271279 0.14371701
v 0.11728656 -0.29618606 0.12153355
v 0.06004439 -0.28214413 0.15488519
v 0.08049510 -0.15860966 0.14564186
v 0.08352160 -0.18346913 0.14461461
v 0.07239762 -0.25767919 0.15619691
v 0.08128857 -0.23615429 0.14904590
v 0.07574868 -0.16929473 0.15603870
v 0.07558832 -0.14540596 0.15134414
v 0.07379582 -0.20079824 0.16750383
v 0.08245347 -0.20106666 0.14885712
v 0.07470566 -0.22236238 0.16616279
v 0.05771158 -0.29329550 0.15008219
v 0.07364707 -0.31183535 0.12669180
v 0.05348575 -0.31064752 0.14595890
v 0.07245349 -0.33153179 0.12366229
v 0.06427665 -0.33187363 0.13217583
v 0.05457758 -0.32105613 0.14412268
v 0.09077331 -0.33259147 0.11767206
v 0.09677802 -0.31180060 0.11988074
v 0.05775931 -0.33300063 0.14118218
v 0.07886780 -0.30637455 0.12665263
v 0.11276574 -0.31220803 0.11686918
v 0.10938487 -0.33121851 0.11474752
v 0.07623905 -0.12186313 0.14733298
v 0.07035916 -0.23579876 0.17642786
v 0.13980033 -0.29297349 0.12287063
v 0.13606000 -0.26937360 0.12532899
v 0.14269282 -0.30870673 0.11897885
v 0.13037045 -0.33397305 0.11621989
v 0.11724449 -0.33483508 0.11612438
v 0.12927139 -0.09024411 0.08976985
v 0.14434810 -0.33330041 0.11863577
v 0.15566331 -0.16771238 0.10588276
v 0.13925050 -0.20100050 0.10963548
v 0.15641057 -0.30885738 0.12200991
v 0.14554514 -0.26889044 0.12746860
v 0.15347123 -0.29227293 0.12602238
v 0.15887319 -0.24809845 0.13078520
v 0.15601890 -0.12382200 0.10526522
v 0.15689383 -0.23318085 0.12521698
v 0.16579658 -0.31042877 0.12467989
v 0.15706632 -0.18988472 0.11175288
v 0.16188358 -0.27185366 0.13251901
v 0.16635518 -0.30037761 0.12731817
v 0.15620524 -0.21668525 0.11966923
v 0.16630843 -0.33384249 0.12587182
v 0.14651458 -0.10070723 0.10004465
v 0.14580733 -0.08052038 0.09516159
v 0.09889475 -0.11719287 0.11407514
v 0.15885945 -0.09858258 0.10649176
v 0.15577823 -0.09018346 0.10342027
v 0.16258499 -0.07481895 0.10632375
v 0.15567186 -0.29714528 -0.09555898
v 0.14823179 -0.30879095 -0.11034552
v 0.15361969 -0.30770746 -0.09448629
v 0.14403768 -0.31008720 -0.12252601
v 0.14352819 -0.29867592 -0.13319787
v 0.15491864 -0.27624097 -0.11859968
v 0.14804544 -0.27758852 -0.13992552
v 0.14334837 -0.29018554 -0.14035363
v 0.14301077 -0.27793837 -0.15367317
v 0.16108705 -0.28494835 -0.09659731
v 0.14194174 -0.31068763 -0.12486402
v 0.16299020 -0.26376274 -0.13095656
v 0.16615929 -0.26535511 -0.11587434
v 0.16733201 -0.27950302 -0.09593124
v 0.15421127 -0.26983407 -0.14531113
v 0.14485939 -0.27325943 -0.16352500
v 0.16167887 -0.26395231 -0.14633654
v 0.15473828 -0.26737002 -0.15861556
v 0.14926399 -0.26769912 -0.16881031
v 0.15576032 -0.29023749 -0.09199024
v 0.16029534 -0.28218770 -0.08307394
v 0.15545873 -0.28983656 -0.08447214
v 0.16188721 -0.28588456 -0.07000094
v 0.15470840 -0.29965845 -0.07348594
v 0.16404484 -0.29622790 -0.05831490
v 0.15219752 -0.30491331 -0.08913976
v 0.16069554 -0.30549788 -0.05910211
v 0.16718939 -0.30700380 -0.04846818
v 0.16897556 -0.32075053 -0.04347127
v 0.17758250 -0.32037601 -0.03259000
v 0.17382988 -0.32574952 -0.03351749
v 0.15873097 -0.31139868 -0.06657358
v 0.17872567 -0.32892337 -0.02790426
v 0.15502851 -0.31404430 -0.09038308
v 0.16089690 -0.31782240 -0.06838160
v 0.16638091 -0.32225597 -0.05781572
v 0.17066160 -0.27754006 -0.07815732
v 0.15422976 -0.32270545 -0.11256585
v 0.15736462 -0.31629243 -0.09637767
v 0.14540210 -0.32008278 -0.13401116
v 0.14457141 -0.32398325 -0.14243081
v 0.16990274 -0.32488510 -0.05124055
v 0.17690203 -0.30973241 -0.04061073
v 0.17420757 -0.29247755 -0.05518508
v 0.16863540 -0.27720872 -0.08598004
v 0.17184748 -0.28192517 -0.06902564
v -0.01929634 0.16586001 0.16537300
v -0.01706007 0.19472833 0.18989120
v -0.00876004 0.18469961 0.17494598
v -0.03848400 0.16900985 0.18227437
v -0.03358135 0.19331525 0.20267113
v -0.05310526 0.17289737 0.19851013
v -0.01735656 0.20206773 0.19888130
v -0.06106585 0.18787707 0.22536547
v -0.03479213 0.20314883 0.21707207
v -0.04900325 0.20262480 0.23310228
v -0.07197317 0.17891836 0.22225112
v -0.04951397 0.16555944 0.18572348
v -0.03793856 0.15956461 0.16938329
v -0.08071141 0.19026677 0.24975219
v -0.06226779 0.20288447 0.25034687
v -0.07272470 0.16325524 0.19909726
v -0.04922499 0.21258487 0.25047216
v -0.03657277 0.20938082 0.22996160
v -0.08039667 0.19932489 0.26639697
v -0.04995216 0.23607945 0.29125893
v -0.03174913 0.23424292 0.27074978
v -0.03060651 0.22008315 0.24733827
v -0.01872276 0.21852987 0.23117812
v -0.02053790 0.23069267 0.25358537
v -0.01838471 0.22547100 0.24431650
v -0.06838024 0.22464389 0.29580849
v -0.05614045 0.24308823 0.30837965
v -0.06836978 0.24070328 0.31803629
v -0.04608808 0.24464709 0.30257863
v -0.02496129 0.15767062 0.15677951
v -0.07148340 0.14866284 0.17282817
v -0.03894255 0.24666397 0.30228230
v -0.05067835 0.15544072 0.16964827
v -0.01267375 0.20777705 0.20591612
v -0.01706347 0.23663928 0.26263016
v -0.07179096 0.13700323 0.15096590
v -0.04936070 0.14499401 0.14815426
v -0.04071755 0.14675032 0.14606145
v -0.01342462 0.22110960 0.23235649
v -0.01177163 0.22062701 0.23019162
v -0.00030098 0.22015889 0.22314766
v -0.07214119 0.12684110 0.12881117
v -0.04357465 0.13705450 0.12594251
v -0.01790572 0.14762436 0.12339322
v -0.02101281 0.13697869 0.10113909
v -0.01326207 0.14744172 0.11809494
v -0.05214765 0.12912442 0.11276512
v -0.02482695 0.15237768 0.14587596
v -0.08133782 0.21691670 0.30311918
v 0.00036554 0.21496731 0.21178991
v -0.00924029 0.14681360 0.11403725
v -0.08699510 0.16720270 0.22624655
v -0.08341560 0.15310201 0.20000823
v -0.08181510 0.14258966 0.18031043
v -0.01222274 0.24014685 0.26740474
v -0.01737269 0.24846694 0.29539600
v -0.07407870 0.12060721 0.11212320
v -0.01996034 0.14777583 0.12635010
v -0.01240669 0.14020059 0.10344359
v -0.08044837 0.23224688 0.32616726
v -0.08139607 0.12730137 0.15254319
v -0.08211280 0.13649370 0.17155750
v -0.08093544 0.11610635 0.12488353
v -0.00279058 0.24462128 0.27378324
v -0.03227873 0.24923882 0.30584708
v -0.07350345 0.24131531 0.32570010
v -0.01005394 0.17443603 0.16779864
v -0.05682623 0.12453601 0.09557885
v -0.02761106 0.13277952 0.08996014
v -0.01782642 0.13631169 0.08996721
v 0.00072125 0.18018898 0.16788885
v -0.07826466 0.11522375 0.08006416
v -0.04777648 0.12554581 0.07522674
v -0.08420800 0.11070616 0.10718441
v -0.00081924 0.14656699 0.07872576
v -0.00150850 0.14843678 0.09636346
v -0.04000498 0.12750389 0.06831943
v -0.07564469 0.11482177 0.05216555
v -0.07478212 0.11378313 0.02313032
v -0.08377860 0.10882603 0.02680348
v -0.07665928 0.10895654 0.00427296
v -0.06035639 0.11791273 0.01066503
v -0.05934156 0.10904182 -0.02593155
v -0.07172584 0.10206252 -0.02884584
v -0.03049348 0.12312425 -0.01491599
v -0.04580287 0.12190265 0.00154096
v -0.04288305 0.12339849 0.00133461
v -0.04506998 0.12353886 0.00409557
v -0.02648142 0.12896100 -0.00409042
v -0.03013215 0.13555598 0.01603586
v -0.04850994 0.12425406 0.01072482
v -0.01552288 0.14394233 0.01525316
v -0.07046793 0.09896399 -0.04459544
v -0.00803786 0.14402580 0.00163246
v -0.01174391 0.14528057 0.01235208
v -0.00060890 0.14894997 0.00611748
v -0.06321602 0.11897171 0.02277811
v -0.05605087 0.12165227 0.04741880
v -0.01460892 0.13345574 -0.01675191
v -0.02139444 0.14292359 0.03100325
v -0.05247668 0.10947498 -0.04741307
v -0.05210555 0.10676286 -0.06365877
v -0.06967111 0.09342471 -0.06405589
v -0.03511495 0.11089941 -0.08373941
v -0.01902407 0.11899567 -0.09330430
v -0.02178536 0.12704001 -0.06301989
v -0.03978866 0.11545675 -0.06100715
v -0.01663076 0.12423155 -0.08346495
v -0.00827255 0.12457687 -0.09377462
v -0.00268604 0.12634215 -0.09835145
v -0.01563404 0.11398078 -0.11131797
v -0.00855242 0.11472016 -0.11674464
v -0.01690595 0.10928648 -0.12150740
v -0.03113839 0.09548628 -0.12657489
v -0.03821029 0.10071061 -0.09775115
v -0.04806418 0.09335819 -0.09929799
v -0.05166996 0.08488458 -0.12390637
v -0.07362016 0.08617791 -0.08134031
v -0.06702989 0.07641377 -0.12580419
v -0.08251975 0.07825403 -0.08808360
v -0.05744632 0.07802465 -0.14216295
v -0.06283383 0.07211705 -0.15107249
v -0.02447179 0.09469247 -0.14583059
v -0.02246163 0.09842312 -0.13601339
v -0.04527330 0.08195821 -0.16015442
v -0.05094502 0.07574403 -0.17601886
v -0.03625043 0.08494335 -0.18042780
v -0.02887510 0.08997525 -0.16878302
v -0.03809208 0.07763967 -0.20763938
v -0.02830000 0.12278407 -0.02782667
v -0.01537950 0.13107078 -0.04237246
v -0.01739052 0.09235145 -0.21288787
v -0.01848095 0.09603243 -0.18587884
v -0.02100228 0.08691909 -0.22655897
v -0.03855624 0.06849002 -0.24672621
v -0.00155415 0.14719820 -0.00627076
v -0.01031821 0.09956373 -0.20138402
v -0.02110825 0.09487292 -0.15641801
v -0.00693681 0.13708209 -0.03125366
v -0.00036210 0.14504696 -0.01847306
v -0.00047049 0.14260423 -0.02650573
v -0.05270169 0.06769983 -0.19841452
v -0.05083605 0.05749367 -0.24708825
v -0.08448902 0.08227147 -0.05835140
v -0.08157886 0.06771988 -0.11586843
v -0.07245427 0.06529683 -0.14571761
v -0.06686582 0.06152625 -0.17566627
v -0.01814557 0.09602682 -0.16500315
v -0.01752984 0.08665577 -0.24533102
v -0.04711225 0.05842963 -0.26310602
v -0.00928041 0.10317437 -0.19066836
v -0.08614781 0.10072239 0.00680646
v -0.01845933 0.13571171 0.07711855
v -0.00937265 0.10143924 -0.17182164
v -0.08139659 0.09134883 -0.03144455
v -0.02374136 0.07786481 -0.27004597
v -0.01140738 0.08819440 -0.27177256
v -0.01036565 0.08985052 -0.25495654
v -0.06577791 0.05451398 -0.19893862
v -0.03943363 0.06263376 -0.29137230
v -0.01529953 0.08312904 -0.30091351
v -0.09302345 0.10280896 0.07014782
v -0.00259611 0.09187960 -0.26036251
v -0.00234405 0.09190080 -0.28382537
v -0.01282377 0.08660342 -0.29141441
v -0.09881171 0.06262320 -0.08222508
v -0.09852064 0.09286548 0.02595203
v -0.05911335 0.04866058 -0.24628480
v -0.04159137 0.12996657 0.03975965
v -0.00814494 0.14308961 0.06143581
v 0.00037569 0.14629206 0.06663740
v -0.05860207 0.04077866 -0.28333542
v -0.01920677 0.07986642 -0.30228725
v -0.01594817 0.08127765 -0.31680608
v -0.03847479 0.06203471 -0.32615471
v -0.01416123 0.08227751 -0.33012393
v -0.02731946 0.07141185 -0.35225615
v -0.03264396 0.06717585 -0.35969734
v -0.01232901 0.08256891 -0.34353209
v -0.00898066 0.08428065 -0.33688414
v -0.00107195 0.08815647 -0.34300989
v -0.01494206 0.08149365 -0.36344790
v -0.00145063 0.09000114 -0.36086872
v -0.09949230 0.09489750 0.04999918
v -0.05001409 0.05073635 -0.29701653
v -0.09403385 0.07658491 -0.03182421
v -0.09759668 0.07961062 -0.01187778
v -0.02756719 0.13307495 0.06197882
v -0.02068222 0.14157119 0.03973920
v -0.01613146 0.14143106 0.05231062
v -0.00863126 0.08818802 -0.38551885
v -0.02186109 0.07993425 -0.38862419
v -0.10245986 0.06674176 -0.03016815
v -0.10982636 0.05033469 -0.07968441
v -0.10709985 0.04586621 -0.09506262
v -0.08380659 0.05890891 -0.12744625
v -0.12558003 0.03850615 -0.07593379
v -0.12237515 0.03573511 -0.08777167
v -0.13494563 0.02604019 -0.08823739
v -0.16397431 0.01139106 -0.07810368
v -0.11669041 0.04653694 -0.04500260
v -0.12554385 0.01807304 -0.11461666
v -0.11231002 0.02210063 -0.12858431
v -0.10418113 0.02558084 -0.13655651
v -0.14102386 0.00916520 -0.10788363
v -0.15505208 0.01280799 -0.08616572
v -0.08237450 0.04230753 -0.17342731
v -0.07381638 0.04278342 -0.20213728
v -0.11518005 0.05440657 -0.01212791
v -0.11054445 0.07902270 0.03287664
v -0.13692445 0.02936372 -0.06343559
v -0.12256024 0.04034727 -0.05118676
v -0.03298374 0.06715958 -0.37735751
v -0.11536895 0.07477290 0.05587871
v -0.12902229 0.03148351 -0.02149506
v -0.13385177 0.02755347 -0.03982222
v -0.11177456 0.07986634 0.07163190
v -0.09901465 0.09353157 0.09500460
v -0.12266856 0.04720652 0.00112749
v -0.11884936 0.06711755 0.03666803
v -0.05049253 0.04647515 -0.31790778
v -0.04076918 0.05504646 -0.35687181
v -0.02460004 0.07939980 -0.41141081
v -0.07748426 0.03325843 -0.21122010
v -0.09396443 0.02733797 -0.16628157
v -0.06712123 0.03304397 -0.25545448
v -0.01966341 0.08493989 -0.40989280
v -0.02015241 0.08703176 -0.42933923
v -0.00151022 0.09602901 -0.39538246
v -0.00738328 0.10481367 -0.19782797
v -0.00268529 0.10900553 -0.19944189
v -0.14452820 0.02164953 -0.05726637
v -0.12626265 0.00730290 -0.12639017
v -0.01594972 0.09284569 -0.43418315
v -0.01317141 0.09964493 -0.45608079
v -0.00773327 0.09787864 -0.42870694
v -0.00126899 0.10189649 -0.42030847
v -0.00058444 0.10686550 -0.43860400
v -0.12811390 0.05178247 0.03995234
v -0.13023199 0.03335005 0.00143476
v -0.00896636 0.10624609 -0.46193931
v -0.00004629 0.11383945 -0.46217388
v -0.12368506 0.06078579 0.07540055
v -0.00749943 0.11139141 -0.47851250
v -0.13078648 0.04827949 0.05989905
v -0.08121010 0.02458045 -0.21457851
v -0.06973426 0.02203991 -0.25992891
v -0.11131447 0.07594472 0.09831595
v -0.03052289 0.06774741 -0.39643335
v -0.09348784 0.09694336 0.11277405
v -0.13901918 0.02747280 0.04470458
v -0.13548093 0.02874668 0.02681373
v -0.00067598 0.11836635 -0.47799551
v -0.01783445 0.17091540 0.15323101
v -0.01216768 0.17973673 0.13813025
v -0.00845414 0.18452217 0.14656699
v -0.01271464 0.17160064 0.12402179
v -0.13832645 0.03056516 0.07922541
v -0.14399564 0.01854251 0.07580340
v -0.14694586 0.00897553 0.09935530
v -0.00652118 0.15430905 0.10291402
v -0.13409136 0.01927933 -0.01259017
v -0.13328759 0.02333286 -0.02625903
v -0.01249265 0.21494912 0.18555555
v -0.00627624 0.19348715 0.13077290
v -0.00563930 0.19730602 0.12048682
v -0.00252419 0.19740854 0.13344745
v -0.14716908 0.01376518 -0.04286854
v -0.15859078 0.01152495 -0.06512240
v -0.00261854 0.12317128 -0.49833047
v -0.01447544 0.09449872 -0.46026918
v -0.13764733 0.01277884 -0.02763038
v -0.14186177 0.00107776 -0.03304593
v -0.00308379 0.23880298 0.17135245
v -0.00690416 0.22676237 0.16889189
v -0.00669246 0.11193042 -0.48712072
v -0.10678345 0.00686497 -0.14857709
v -0.14048924 0.02028531 0.04049138
v -0.14764327 0.00758938 0.08244285
v -0.15087381 0.00153040 0.10691744
v -0.13840656 0.01310290 0.11444383
v -0.14657779 0.00137030 0.11982114
v -0.15625744 -0.00689827 0.11358298
v -0.16546260 -0.01701149 0.12508081
v -0.16413926 -0.01730089 0.12180930
v -0.17397578 -0.02793240 0.12541454
v -0.09704748 0.00967076 -0.17368460
v -0.01186847 0.14472634 -0.07917749
v -0.05467873 0.03398870 -0.31389388
v -0.06300898 0.01922627 -0.29421735
v -0.14506406 0.00350439 0.04514333
v -0.01223587 0.16151164 -0.06249702
v -0.00684590 0.16661009 -0.07426939
v -0.00355713 0.18922433 -0.06475692
v -0.13873020 -0.00401405 0.00352955
v -0.00200070 0.24453156 0.16074352
v 0.00123279 0.24760784 0.16206148
v 0.00060274 0.24736103 0.15749255
v -0.02953908 0.06158732 -0.40857235
v -0.02194693 0.07536067 -0.43624881
v -0.08185302 0.00888109 -0.22592574
v -0.07178893 0.00664053 -0.26564592
v -0.15060772 -0.00468355 0.08269385
v -0.01562138 0.15615387 0.04191685
v -0.15023281 -0.01424219 -0.12113893
v -0.15878737 -0.01277378 -0.10305555
v -0.16453539 -0.01014837 -0.09140763
v -0.00657994 0.11139992 -0.19477905
v -0.00189981 0.20947941 0.11472882
v -0.14070506 0.00001963 0.01920459
v -0.16677016 -0.00173396 -0.08221863
v -0.10728153 -0.01205465 -0.15912898
v -0.14009580 -0.00430238 -0.01624696
v -0.14180641 0.00117504 0.13026319
v -0.12991831 0.01397654 0.12868257
v -0.01713272 0.12796389 -0.14749555
v -0.01109360 0.14776473 -0.15396422
v -0.00832748 0.15325981 -0.14465976
v -0.00618411 0.16513129 -0.15726696
v -0.00116055 0.17736115 -0.15692340
v -0.00297365 0.17281006 -0.16017300
v 0.00141221 0.17560965 -0.16294849
v 0.00321225 0.17950775 -0.15905909
v -0.01218806 0.17525995 0.02857282
v -0.01143436 0.16383383 0.01498873
v -0.00667202 0.18730637 0.01776978
v -0.00237750 0.20495068 0.01970074
v -0.00156868 0.20035362 0.01553124
v 0.00220794 0.21076576 0.01758032
v -0.01633025 0.25189897 0.24370699
v -0.01207553 0.12144566 -0.16499671
v -0.00118184 0.17680252 -0.07551149
v -0.01133906 0.10085066 -0.30504206
v -0.01270717 0.09989985 -0.31806970
v -0.00451112 0.13281900 -0.33611485
v -0.01354299 0.08829087 -0.32996151
v -0.00658405 0.11905371 -0.33716792
v -0.01152810 0.10265139 -0.32917112
v -0.00228558 0.13881764 -0.34144783
v -0.14070001 -0.01834808 0.00218840
v -0.14711589 -0.01408413 0.04184019
v -0.15127212 -0.01364180 0.07852560
v -0.00597279 0.14670201 -0.16436653
v -0.15427102 -0.02017604 0.10587713
v -0.01480609 0.12205752 -0.12925382
v -0.01158045 0.13123995 -0.13114102
v -0.00496148 0.19051634 0.11585686
v -0.17060810 -0.03198824 0.13867390
v 0.00232986 0.10748720 -0.17753661
v 0.00189957 0.10981034 -0.18732494
v -0.00352533 0.23125751 0.18321721
v -0.01103503 0.26954362 0.23486035
v -0.01496059 0.25396195 0.23908763
v -0.01134332 0.26042321 0.23004809
v -0.00748464 0.26397532 0.22526011
v -0.00194124 0.18736896 0.15146026
v 0.00036694 0.18985909 -0.06843461
v 0.00168137 0.19334178 -0.06502354
v -0.16027626 -0.01564711 0.13129799
v -0.01937919 0.09903573 -0.22958466
v -0.01396613 0.12076236 -0.23770194
v -0.01156426 0.11590239 -0.21535057
v -0.00734986 0.13186462 -0.22811909
v -0.00544462 0.14595370 -0.24590187
v -0.00766273 0.13620870 -0.25058067
v -0.01038158 0.11976882 -0.25148287
v -0.00196224 0.15560533 -0.25403321
v 0.00041696 0.15400118 -0.24560724
v -0.00572398 0.13180852 -0.25589666
v 0.00040348 0.15010506 -0.09130073
v -0.00004318 0.16236103 -0.08438811
v -0.00743670 0.10470658 -0.33939737
v 0.00223721 0.20404862 0.12979110
v 0.00220635 0.21702985 0.11494525
v 0.00229973 0.21709223 0.10998836
v -0.00633399 0.26620129 0.24710926
v -0.00676291 0.27913734 0.23060152
v -0.00644564 0.27777198 0.22482936
v -0.00292526 0.28833175 0.22274476
v -0.16710122 -0.01929655 -0.08450669
v -0.16456036 -0.02891840 -0.09584527
v -0.00365037 0.15306394 0.10973618
v -0.00803716 0.16798048 0.11635069
v 0.00217765 0.15802053 -0.25476220
v 0.00126562 0.15438911 -0.25756028
v -0.00035970 0.28547323 0.23049799
v -0.00205025 0.11747303 -0.34423470
v -0.00632419 0.11234134 -0.20353006
v -0.00086751 0.25262791 0.26585364
v -0.00236862 0.23454601 0.16095504
v 0.00081694 0.11939391 -0.11340441
v -0.00134506 0.19537494 0.11198133
v -0.00063227 0.28602844 0.21954024
v 0.00149212 0.23972966 0.17461859
v -0.00215300 0.17055956 0.11157116
v -0.00073276 0.27025244 0.24687849
v 0.00099520 0.22194411 0.20111085
v 0.00219285 0.12658650 -0.09950779
v 0.00078211 0.14459735 -0.23495130
v 0.00078564 0.12487938 -0.21315642
v 0.00226327 0.29002488 0.22322360
v -0.00062882 0.18363355 0.16998082
v 0.00129900 0.11494401 -0.20090723
v 0.00151136 0.18505599 0.15726696
v 0.00279112 0.14395198 -0.16985269
v -0.00053991 0.17656466 0.01047349
v -0.00195402 0.22265425 0.16347025
v -0.00825531 0.20736098 0.17134281
v -0.00116788 0.09864372 -0.34432143
v -0.00102803 0.22637673 0.22432560
v 0.00255128 0.20257625 0.01472919
v -0.00004077 0.19232465 0.16752993
v 0.00132425 0.10914784 -0.19818254
v 0.00101364 0.26909861 0.22099380
v -0.01380050 0.18907602 0.18068540
v -0.00080723 0.11217637 -0.19492656
v 0.15765576 -0.12569171 -0.06027974
v 0.14424947 -0.15041007 -0.04982702
v 0.16951233 -0.14497274 -0.07554344
v 0.14415741 -0.12866955 -0.04631730
v 0.17043403 -0.16027436 -0.07985794
v 0.16642554 -0.11914518 -0.06946971
v 0.14749914 -0.09432951 -0.04794159
v 0.14281389 -0.10891224 -0.04381272
v 0.14231135 -0.07456160 -0.04270485
v 0.14962636 -0.06515384 -0.05207380
v 0.16309738 -0.09023684 -0.06836438
v 0.14396605 -0.05271501 -0.04301565
v 0.14287150 -0.16818573 -0.05375285
v 0.16081735 -0.05948725 -0.07172074
v 0.15400006 -0.04333269 -0.05898369
v 0.16310930 -0.03925169 -0.07822281
v 0.14677140 -0.02631620 -0.03836435
v 0.14244385 -0.05313087 -0.04041790
v 0.16034648 -0.03048710 -0.06380735
v 0.13773152 -0.06860992 -0.03943420
v 0.16704419 -0.08105408 -0.08989675
v 0.16541575 -0.04786187 -0.09386788
v 0.17406462 -0.15602051 -0.10057551
v 0.17356955 -0.10977069 -0.11332431
v 0.17149492 -0.08391724 -0.11274043
v 0.16772556 -0.06358199 -0.10226192
v 0.17403758 -0.10073371 -0.12244768
v 0.16367173 -0.03388390 -0.08618968
v 0.17542477 -0.12663160 -0.12823874
v 0.17473523 -0.11062832 -0.12939622
v 0.17558286 -0.15533960 -0.12628216
v 0.17454781 -0.15582216 -0.15782453
v 0.16843621 -0.02758937 -0.07840680
v 0.16821508 -0.01344451 -0.06074025
v 0.17197496 -0.14803755 -0.17318952
v 0.17357132 -0.11673377 -0.13957731
v 0.17302124 -0.15686806 -0.17296334
v 0.16538738 -0.15916458 -0.20946249
v 0.16359472 -0.14783983 -0.21042863
v 0.16522498 -0.12986460 -0.18719022
v 0.16160896 -0.16113681 -0.22496930
v 0.15609862 -0.15344912 -0.24229805
v 0.16031359 -0.16956775 -0.23505266
v 0.15894575 -0.17200087 -0.21994340
v 0.15632612 -0.18418005 -0.21621703
v 0.16096988 -0.17650011 -0.24350403
v 0.15979868 -0.17216378 -0.24520543
v 0.16133256 -0.19943851 -0.23110795
v 0.15615705 -0.18101563 -0.21402813
v 0.15531017 -0.20240474 -0.21387604
v 0.16380927 -0.19017413 -0.24484913
v 0.16827194 -0.12843065 -0.17412530
v 0.17154998 -0.12249789 -0.15297012
v 0.16205661 -0.20619613 -0.22917558
v 0.15774314 -0.21296839 -0.21470127
v 0.15847686 -0.13300127 -0.21655686
v 0.15346029 -0.13267337 -0.23282100
v 0.15820202 -0.03131595 -0.10187004
v 0.15198770 -0.18676850 -0.20660414
v 0.16319123 -0.01768031 -0.10006532
v 0.17217940 -0.21567070 -0.24369985
v 0.15101938 -0.21012297 -0.20748055
v 0.17041393 -0.22937681 -0.22850254
v 0.18004325 -0.24059689 -0.24060422
v 0.17053884 -0.23842821 -0.22253674
v 0.14579560 -0.12970687 -0.24968261
v 0.15763032 -0.05407431 -0.11886512
v 0.14270215 -0.13732538 -0.26169029
v 0.15014954 -0.03062303 -0.11859255
v 0.15285756 -0.02341200 -0.11591901
v 0.14647122 -0.16960911 -0.26914942
v 0.15224279 -0.19734676 -0.26747486
v 0.16558239 -0.23476410 -0.21699414
v 0.15332845 -0.05977108 -0.13111846
v 0.16306557 -0.08375131 -0.12883258
v 0.14762747 -0.21160884 -0.27919996
v 0.13929880 -0.12807110 -0.26113498
v 0.17320128 -0.26914161 -0.26386189
v 0.18526542 -0.25311288 -0.23711181
v 0.16325049 -0.25809041 -0.27467063
v 0.18332948 -0.25624964 -0.22490390
v 0.17544411 -0.25311083 -0.21209809
v 0.19163395 -0.26703519 -0.23276863
v 0.19706589 -0.28196973 -0.23169324
v 0.19808643 -0.28320605 -0.21156600
v 0.19168696 -0.27268508 -0.21351527
v 0.20641038 -0.30028960 -0.21558680
v 0.20213680 -0.29850316 -0.23154350
v 0.20621252 -0.29670462 -0.19208939
v 0.21138826 -0.30656859 -0.19382112
v 0.19984801 -0.28641379 -0.18748523
v 0.19147307 -0.27551648 -0.19424227
v 0.14481570 -0.03340577 -0.12813863
v 0.18850695 -0.29783404 -0.25572255
v 0.17344984 -0.29514071 -0.27985865
v 0.20849043 -0.28864938 -0.17587504
v 0.21680404 -0.31074005 -0.17573240
v 0.21080835 -0.28708291 -0.16920353
v 0.22286467 -0.30875757 -0.15149367
v 0.21666402 -0.28208333 -0.14806600
v 0.22194974 -0.28023255 -0.13021219
v 0.22770554 -0.30685681 -0.13162328
v 0.22732076 -0.30535790 -0.12793386
v 0.22334035 -0.28801191 -0.12726802
v 0.14238800 -0.02500311 -0.12850727
v 0.15233190 -0.09868509 -0.15364172
v 0.17464787 -0.30461872 -0.27854919
v 0.16295525 -0.32099181 -0.29908890
v 0.17000178 -0.32953259 -0.28792650
v 0.17527044 -0.32968161 -0.27662486
v 0.16426155 -0.32923502 -0.29834497
v 0.18169293 -0.30788398 -0.26435110
v 0.18557362 -0.31720117 -0.25144655
v 0.18397073 -0.33372882 -0.24457408
v 0.18777408 -0.32399738 -0.24139062
v 0.15159138 -0.08446033 -0.14462423
v 0.15745591 -0.10919065 -0.15889905
v 0.15686426 -0.11627606 -0.17208751
v 0.14990133 -0.24105975 -0.28614387
v 0.15412530 -0.26921627 -0.29201216
v 0.15893778 -0.29579785 -0.29879174
v 0.18809597 -0.33403695 -0.22893138
v 0.18530682 -0.26809597 -0.20310709
v 0.21868062 -0.27696109 -0.12575562
v 0.22054054 -0.28166151 -0.12424879
v 0.15061384 0.00048316 -0.10177139
v 0.19640996 -0.33213508 -0.20800249
v 0.16113614 -0.13103700 -0.20268255
v 0.14446899 -0.09800049 -0.16126588
v 0.22765028 -0.28774735 -0.12198965
v 0.22893523 -0.29689279 -0.12475660
v 0.20738381 -0.33064964 -0.17864844
v 0.21160418 -0.32965350 -0.16151902
v 0.14995515 -0.11762735 -0.18742883
v 0.13986579 -0.10185929 -0.17084211
v 0.13672793 -0.09358236 -0.16325286
v 0.21621025 -0.32685897 -0.14240359
v 0.21981265 -0.32404676 -0.13063921
v 0.18878572 -0.27785566 -0.17914456
v 0.22519812 -0.31176504 -0.12749100
v 0.13749777 -0.11883359 -0.21959126
v 0.22045211 -0.32282794 -0.12735972
v 0.13315979 -0.12166092 -0.24616885
v 0.13823475 -0.11659691 -0.20753965
v 0.12985823 -0.03692463 -0.14090878
v 0.13875598 -0.04892235 -0.13911411
v 0.19932012 -0.28424528 -0.17959335
v 0.13595086 -0.10770504 -0.18510047
v 0.17557241 -0.01232401 -0.08095486
v 0.17787844 -0.01169910 -0.07700172
v 0.19215579 -0.27543345 -0.15965660
v 0.21072505 -0.27459079 -0.13138977
v 0.20211802 -0.27426386 -0.14602320
v -0.06767445 -0.18380474 0.22154126
v -0.05537372 -0.21011807 0.23338331
v -0.06279906 -0.19253445 0.21305123
v -0.05134219 -0.22097315 0.21832357
v -0.06044542 -0.20151965 0.19967206
v -0.04988875 -0.22099921 0.23307645
v -0.04346645 -0.23377475 0.23285919
v -0.05444220 -0.21224903 0.24375671
v -0.06786034 -0.17563890 0.19730775
v -0.07089578 -0.17000921 0.20756017
v -0.06571946 -0.18806592 0.18644652
v -0.04283566 -0.22794506 0.25160727
v -0.03409582 -0.24412063 0.24961807
v -0.02918071 -0.24796191 0.26253799
v -0.03214155 -0.23989940 0.27326238
v -0.02583757 -0.25089309 0.27822018
v -0.02713321 -0.24660090 0.29021531
v -0.02396320 -0.25640938 0.29465848
v -0.03263124 -0.23762089 0.28943467
v -0.02736403 -0.25077313 0.32113820
v -0.03130968 -0.24258146 0.32153940
v -0.06642373 -0.19296911 0.23706241
v -0.04991823 -0.21813218 0.25192854
v -0.04572110 -0.22391911 0.26824307
v -0.03807304 -0.23173366 0.28458273
v -0.03198887 -0.24615753 0.33627585
v -0.02471305 -0.26032031 0.32319257
v -0.07477937 -0.17067808 0.22384246
v -0.06998445 -0.16328409 0.18574712
v -0.07108770 -0.16079934 0.19494078
v -0.06993278 -0.17707381 0.17284431
v -0.07622610 -0.15009713 0.20842068
v -0.03013554 -0.25940365 0.34576842
v -0.03542908 -0.24856648 0.34950119
v -0.06316572 -0.20408659 0.24866332
v -0.07058078 -0.16203935 0.17428136
v -0.07311703 -0.16718240 0.16207775
v -0.04170735 -0.24272320 0.35103983
v -0.03660408 -0.25560385 0.35685545
v -0.04925308 -0.24386796 0.36659503
v -0.05142241 -0.24770592 0.37571356
v -0.05259548 -0.24315587 0.37536848
v -0.05389526 -0.23644316 0.37012622
v -0.05580513 -0.23707110 0.37636134
v -0.04965027 -0.23807535 0.35323894
v -0.05718867 -0.22874692 0.35720465
v -0.06066012 -0.22709596 0.36778346
v -0.05627419 -0.23272814 0.33853853
v -0.06522909 -0.22143829 0.35645178
v -0.06562880 -0.22650443 0.37701407
v -0.05279795 -0.23715247 0.38886914
v -0.06391652 -0.20706697 0.25608051
v -0.06097025 -0.21479343 0.27274060
v -0.05115431 -0.24923667 0.38402665
v -0.06901975 -0.22129613 0.36704701
v -0.06486456 -0.23059456 0.38086346
v -0.06329928 -0.22969902 0.39051276
v -0.06276801 -0.23092243 0.39780006
v -0.05507015 -0.24175556 0.40808314
v -0.05249788 -0.24405980 0.40250209
v -0.05547256 -0.25321338 0.41991571
v -0.06040476 -0.25354484 0.42908749
v -0.06126545 -0.24064936 0.41546994
v -0.06340225 -0.22953536 0.33012098
v -0.07150042 -0.21784046 0.35468462
v -0.06049082 -0.26180539 0.43273088
v -0.07068706 -0.15045971 0.19378385
v -0.07303765 -0.13914585 0.19921988
v -0.06896459 -0.12367477 0.17744356
v -0.07205813 -0.11160702 0.18285280
v -0.07283016 -0.09406698 0.16993631
v -0.07625639 -0.08110978 0.17250542
v -0.07104699 -0.10351030 0.16481294
v -0.06869903 -0.11877482 0.16184704
v -0.07877493 -0.08750971 0.18356672
v -0.07819068 -0.10689011 0.19504014
v -0.07028224 -0.11437593 0.15430525
v -0.07937282 -0.06722916 0.17552723
v -0.06836724 -0.13170610 0.16972235
v -0.06903654 -0.13477562 0.16155817
v -0.05548653 -0.26023543 0.41790634
v -0.08638399 -0.06549113 0.18722831
v -0.08563594 -0.09431943 0.19840805
v -0.07172327 -0.12919351 0.14733389
v -0.07314907 -0.12018237 0.14298983
v -0.05346743 -0.26290169 0.37993243
v -0.05413132 -0.26151809 0.37548187
v -0.08299714 -0.04911956 0.18078977
v -0.05488773 -0.26215407 0.40304628
v -0.06124507 -0.26669183 0.43235210
v -0.07266122 -0.14740646 0.15381420
v -0.07378952 -0.16039105 0.15819576
v -0.06593236 -0.19838636 0.18747371
v -0.02786745 -0.26212707 0.27891791
v -0.08748245 -0.11144161 0.20666532
v -0.09122154 -0.06335263 0.19186935
v -0.09231501 -0.08690009 0.20246594
v -0.02750058 -0.26671335 0.29360548
v -0.08804598 -0.05154815 0.18577388
v -0.08688342 -0.03891173 0.18202075
v -0.03222383 -0.25991929 0.26277032
v -0.09438304 -0.09609131 0.20727512
v -0.07783180 -0.12054237 0.13499147
v -0.08155430 -0.11830507 0.12845837
v -0.03323787 -0.27409849 0.27569970
v -0.03186968 -0.27463108 0.29010761
v -0.03131678 -0.27271459 0.32169122
v 0.12669614 -0.20324920 -0.16153724
v 0.14981882 -0.18705492 -0.17866413
v 0.12837501 -0.20178680 -0.15065187
v 0.13944089 -0.19547176 -0.19097441
v 0.14727183 -0.19018629 -0.19905600
v 0.12505703 -0.20605421 -0.17385302
v 0.12823987 -0.20511447 -0.18955913
v 0.12223390 -0.20919989 -0.18790862
v 0.13086157 -0.20062518 -0.13423684
v 0.14661251 -0.19193432 -0.11572079
v 0.15735227 -0.18404262 -0.12308460
v 0.15656477 -0.18401003 -0.10667628
v 0.14872119 -0.18916100 -0.08287712
v 0.13713588 -0.19721305 -0.08694252
v 0.13406858 -0.19980450 -0.11445595
v 0.16000052 -0.17920753 -0.17706777
v 0.15724522 -0.18000667 -0.20275009
v 0.16316406 -0.17738569 -0.14765465
v 0.15198770 -0.18676850 -0.20660414
v 0.13803299 -0.19243489 -0.07208781
v 0.16094461 -0.17439675 -0.08184931
v 0.15615705 -0.18101563 -0.21402813
v 0.16756837 -0.17060633 -0.12862180
v 0.16449161 -0.17277339 -0.10084360
v 0.14189003 -0.19565432 -0.19555466
v 0.17043403 -0.16027436 -0.07985794
v 0.16514501 -0.17135668 -0.17459852
v 0.17406462 -0.15602051 -0.10057551
v 0.17454781 -0.15582216 -0.15782453
v 0.17558286 -0.15533960 -0.12628216
v 0.17302124 -0.15686806 -0.17296334
v 0.13999461 -0.18580841 -0.06305838
v 0.16538738 -0.15916458 -0.20946249
v 0.15894575 -0.17200087 -0.21994340
v 0.15756625 -0.16709161 -0.06970339
v 0.14060898 -0.18035039 -0.05823289
v 0.14287150 -0.16818573 -0.05375285
v 0.00916411 0.25279999 0.32231113
v 0.00061729 0.25415725 0.33701316
v 0.01251438 0.25270709 0.33511549
v -0.00903616 0.25549173 0.32368174
v -0.01592183 0.25986177 0.35144287
v 0.01120835 0.25037917 0.30977437
v -0.00585879 0.24918188 0.29130465
v 0.01972087 0.24642152 0.29612795
v -0.02137092 0.25871903 0.34138364
v -0.02351195 0.26141885 0.35570011
v -0.02704894 0.26271424 0.36187291
v -0.02309693 0.26449874 0.37357414
v -0.00322866 0.26218912 0.37916404
v 0.00360316 0.26274514 0.39005294
v -0.02236598 0.25547379 0.32385445
v 0.02297722 0.25353813 0.32475615
v 0.02953962 0.25069684 0.31226027
v -0.01737269 0.24846694 0.29539600
v -0.02547607 0.25358832 0.31646314
v 0.01536830 0.26293683 0.37845597
v 0.02492584 0.26388943 0.38472021
v 0.02667929 0.24094789 0.28409335
v 0.00191342 0.24386013 0.27337688
v -0.00279058 0.24462128 0.27378324
v 0.04077147 0.24636747 0.30533051
v -0.00735791 0.25715372 0.35012022
v -0.00681882 0.25957260 0.36530069
v -0.02493122 0.26278448 0.39515972
v 0.02399781 0.26262382 0.39941823
v 0.04630055 0.26009601 0.39960161
v 0.03938703 0.26040640 0.37790126
v 0.05706386 0.25635570 0.38724083
v 0.07709600 0.25457522 0.40522271
v 0.09114344 0.24902311 0.39219224
v 0.05690260 0.25270808 0.37087858
v 0.05188812 0.25752786 0.41706964
v 0.02420679 0.26481211 0.37186950
v 0.03348854 0.26178408 0.36588246
v 0.04441843 0.25706351 0.36349517
v 0.02744142 0.26384971 0.36471283
v 0.07888822 0.24268767 0.36668786
v 0.07627068 0.24051566 0.35214573
v 0.07616317 0.25147530 0.38869250
v 0.09523299 0.24456595 0.38401780
v 0.05699178 0.25125939 0.35908198
v 0.06287536 0.24807118 0.35485446
v 0.02416655 0.26051760 0.41318119
v -0.03227873 0.24923882 0.30584708
v -0.02001005 0.25989875 0.41784161
v -0.03830517 0.26028511 0.36529726
v -0.03505588 0.26137435 0.38697231
v 0.06783873 0.25364077 0.41812429
v -0.03711284 0.25714394 0.42183846
v -0.05128776 0.25483352 0.41587153
v -0.05180479 0.25616485 0.39774665
v 0.03100574 0.25706628 0.42326185
v 0.00888034 0.25164998 0.34073749
v 0.00122982 0.25206840 0.34610265
v 0.00752222 0.25454500 0.35440338
v -0.00527376 0.25394559 0.35010585
v 0.00355741 0.25583994 0.36015040
v 0.01139698 0.25771469 0.36743915
v -0.00144469 0.25936756 0.37486291
v 0.01302451 0.25967354 0.37575522
v 0.01777943 0.25572667 0.35695705
v 0.01565826 0.25367913 0.34418866
v -0.00495530 0.25562224 0.36797640
v 0.01824495 0.25956982 0.37197217
v 0.02090130 0.25795203 0.36236891
v -0.01920932 0.25762942 0.42539755
v -0.04966938 0.25624165 0.37328103
v 0.02166940 0.25708497 0.34049064
v -0.05147389 0.25464457 0.36326286
v -0.06383244 0.24894670 0.35522941
v 0.04133342 0.25319213 0.43019614
v -0.06667928 0.24868177 0.38110793
v 0.02188302 0.26104650 0.36358133
v -0.06570334 0.24891843 0.41121969
v -0.07175252 0.24476069 0.34632578
v 0.02313783 0.26105440 0.35507134
v -0.00086751 0.25262791 0.26585364
v 0.00957025 0.25920996 0.25034559
v -0.00073276 0.27025244 0.24687849
v 0.00683792 0.28295475 0.22671430
v -0.00035970 0.28547323 0.23049799
v 0.00226327 0.29002488 0.22322360
v -0.05578968 0.30649051 0.34447438
v -0.05737321 0.28733233 0.35053673
v -0.04317157 0.27938274 0.35736045
v -0.05147389 0.25464457 0.36326286
v -0.03830517 0.26028511 0.36529726
v -0.05971212 0.32348830 0.33608931
v -0.06679987 0.30664283 0.33744052
v -0.06602278 0.33047152 0.33073726
v -0.06383244 0.24894670 0.35522941
v -0.06467017 0.28484413 0.34524122
v -0.07130658 0.27824372 0.33871740
v -0.07175252 0.24476069 0.34632578
v -0.06972118 0.30867514 0.33107415
v -0.06224643 0.33377084 0.32930356
v -0.04639246 0.29450265 0.35009754
v -0.04959666 0.30660659 0.34367055
v -0.02704894 0.26271424 0.36187291
v -0.03660711 0.28420529 0.35161227
v -0.05213584 0.31584409 0.33715433
v 0.13535282 -0.02016089 0.14512414
v 0.12064021 -0.01877446 0.15712862
v 0.12086232 -0.03958230 0.17231414
v 0.13885292 -0.04137458 0.16085611
v 0.14897504 -0.03095892 0.14419928
v 0.13651274 -0.05147725 0.17035571
v 0.14298965 -0.01351838 0.13156566
v 0.11369939 -0.03131912 0.17040771
v 0.10448840 -0.01786789 0.16617712
v 0.16292839 -0.04291125 0.14664492
v 0.16287287 -0.05964268 0.16253729
v 0.17397237 -0.06150795 0.15646873
v 0.17478514 -0.04458590 0.13790625
v 0.12785640 -0.05406477 0.17644870
v 0.15602335 -0.07845017 0.17750783
v 0.10693768 -0.02923814 0.17205024
v 0.15836799 -0.02478338 0.12668054
v 0.10844511 -0.00039698 0.15573773
v 0.12809189 0.00052945 0.14202282
v 0.17300718 -0.07195897 0.16204239
v 0.16257021 -0.08843631 0.17736362
v 0.11706888 -0.03772195 0.17268094
v 0.11209842 0.01594417 0.14644673
v 0.11407771 0.02908342 0.13816725
v 0.12359685 0.03029040 0.12923342
v 0.11731448 0.04857999 0.12264614
v 0.14073600 0.00411906 0.12789902
v 0.15551393 -0.09076339 0.18196750
v 0.11145597 -0.04257618 0.17682795
v 0.14081633 0.02054820 0.11608900
v 0.12493068 0.05048081 0.11179602
v 0.10014241 -0.03292050 0.17594115
v 0.14413144 -0.08192961 0.18273072
v 0.12440203 -0.05852124 0.17888616
v 0.11653070 0.05721669 0.11867515
v 0.17210090 -0.10931244 0.17426065
v 0.14484239 -0.10289963 0.18822429
v 0.15480894 -0.10579506 0.18519519
v 0.16722922 -0.10000228 0.17588520
v 0.15709835 -0.11886748 0.18940626
v 0.14157534 -0.11472418 0.18998322
v 0.12039461 -0.07363325 0.18341567
v 0.10587923 -0.04691989 0.17762162
v 0.13254806 -0.11241979 0.19067039
v 0.14631537 -0.13375869 0.19234712
v 0.13789584 -0.12890643 0.19220178
v 0.15543017 -0.14362718 0.19124764
v 0.12500001 -0.10939901 0.18942046
v 0.10369988 -0.03486155 0.17798856
v 0.13961653 -0.16878645 0.19352938
v 0.15118088 -0.16817331 0.19151744
v 0.14649902 -0.18850850 0.19277647
v 0.13118419 -0.18753074 0.19713907
v 0.14488614 -0.20510440 0.19489026
v 0.13180557 -0.20944883 0.20154333
v 0.14406592 -0.22016266 0.19916993
v 0.11320120 -0.18991423 0.20195375
v 0.11860897 -0.17472033 0.19678946
v 0.11038613 -0.20188147 0.20910689
v 0.12710318 -0.15740307 0.19377847
v 0.12769176 -0.21967165 0.20994468
v 0.12331216 -0.15638430 0.19347388
v 0.11412190 -0.03721593 0.17635000
v 0.12353528 -0.12926756 0.18985087
v 0.14592162 -0.23480816 0.20774321
v 0.11086033 -0.21810088 0.22039363
v 0.14245829 -0.23879741 0.21507478
v 0.15380554 -0.24847141 0.21369548
v 0.11211878 -0.03149148 0.17743397
v 0.10842105 -0.08273873 0.18165131
v 0.11015144 -0.16750997 0.19085906
v 0.09652028 -0.03661351 0.17572251
v 0.09394317 -0.05233222 0.17302759
v 0.10599889 -0.15206701 0.18362403
v 0.09972861 -0.18955800 0.19518848
v 0.10394073 -0.09628592 0.18035190
v 0.11440980 -0.13751200 0.18591313
v 0.09522633 -0.16393296 0.18086830
v 0.17514603 -0.17981093 0.16315873
v 0.16214636 -0.19089508 0.17805156
v 0.16029836 -0.20535542 0.17961298
v 0.17402561 -0.19918959 0.16465297
v 0.17371982 -0.22797054 0.17004372
v 0.16217455 -0.22371560 0.18097574
v 0.17562985 -0.24826117 0.17605112
v 0.17026277 -0.16702487 0.17370422
v 0.17071104 -0.15042013 0.17708389
v 0.17135812 -0.12891644 0.17763339
v 0.17608516 -0.11571433 0.16665255
v 0.17816690 -0.14582318 0.16092820
v 0.16807263 -0.24566092 0.18593685
v 0.15514524 -0.23259401 0.19421710
v 0.17907423 -0.12239160 0.15795422
v 0.17936498 -0.09071732 0.14954346
v 0.17710985 -0.07973199 0.15381077
v 0.17298003 -0.25426751 0.18604456
v 0.16453229 -0.25261277 0.20177020
v 0.06164904 0.30744538 0.34389234
v 0.05072096 0.29650405 0.35091534
v 0.05848749 0.28072676 0.35263735
v 0.03348854 0.26178408 0.36588246
v 0.04441843 0.25706351 0.36349517
v 0.05426598 0.31343842 0.34429014
v 0.06132138 0.32959139 0.33551511
v 0.05699178 0.25125939 0.35908198
v 0.04102460 0.28486899 0.35611165
v 0.06584618 0.33038637 0.33161888
v 0.06740332 0.30838293 0.33880258
v 0.06287536 0.24807118 0.35485446
v 0.06767035 0.27354854 0.34624800
v 0.06172414 0.33345175 0.33238155
v 0.06837649 0.24490775 0.34842315
v 0.02744142 0.26384971 0.36471283
v 0.07024141 0.27557728 0.34141225
v 0.04204658 0.29696375 0.34841561
v 0.03361940 0.28025332 0.35453582
v 0.04996518 0.31407598 0.34058297
v -0.05177511 0.30856666 0.31999731
v -0.03199172 0.27843335 0.32760817
v -0.04305089 0.28309688 0.31147215
v -0.03397433 0.26793665 0.31323290
v -0.04523933 0.30445009 0.32900035
v -0.05656931 0.32279125 0.32528809
v -0.02547607 0.25358832 0.31646314
v -0.02236598 0.25547379 0.32385445
v -0.03227873 0.24923882 0.30584708
v -0.04338180 0.27409989 0.30735424
v -0.05130297 0.29785416 0.31404763
v -0.06224643 0.33377084 0.32930356
v -0.06320350 0.33140248 0.32641891
v -0.02137092 0.25871903 0.34138364
v -0.04235565 0.29853037 0.34195521
v -0.05213584 0.31584409 0.33715433
v -0.03660711 0.28420529 0.35161227
v -0.02351195 0.26141885 0.35570011
v -0.02704894 0.26271424 0.36187291
v -0.04959666 0.30660659 0.34367055
v -0.06089000 0.32099643 0.32143837
v -0.05633713 0.30448303 0.31582966
v -0.04245555 0.25773111 0.30349454
v -0.03894255 0.24666397 0.30228230
v 0.13359763 -0.28345352 0.37017238
v 0.13749065 -0.29173890 0.38499278
v 0.13561215 -0.29169962 0.36962882
v 0.13403873 -0.28843784 0.36545587
v 0.13646305 -0.30592895 0.37688929
v 0.13837744 -0.31220645 0.40652075
v 0.13741998 -0.30001986 0.40251264
v 0.13384756 -0.31393227 0.36686721
v 0.13617773 -0.31388551 0.38714212
v 0.13678446 -0.31871277 0.41593415
v 0.13525543 -0.31270933 0.41696501
v 0.13082540 -0.28201428 0.36818713
v 0.14554219 -0.31353945 0.32334292
v 0.14163433 -0.32130614 0.33560365
v 0.14527483 -0.32265848 0.32562217
v 0.14287694 -0.29898649 0.32100415
v 0.13902335 -0.29565719 0.33524048
v 0.13718703 -0.31871247 0.35357147
v 0.13675463 -0.27497682 0.32615045
v 0.14364111 -0.28966415 0.31349760
v 0.13198619 -0.27597129 0.36229247
v 0.13475566 -0.31774026 0.36435950
v 0.13863465 -0.27321228 0.31163847
v 0.14298658 -0.27562407 0.30081439
v 0.12930483 -0.27607363 0.36902985
v 0.14266691 -0.27236712 0.29333749
v 0.13360624 -0.27190736 0.32931024
v 0.14620405 -0.29899502 0.31880218
v 0.12115765 -0.27672631 0.37288660
v -0.04292116 0.01712870 0.33854464
v -0.04668562 0.03620878 0.31529471
v -0.05257238 0.00952873 0.31790891
v -0.05585885 0.01156473 0.30642915
v -0.03851472 0.03614794 0.33366773
v -0.03780455 0.01473616 0.35091683
v -0.05197876 0.00152489 0.33216879
v -0.04634652 0.00211299 0.34898210
v -0.03369860 0.04641181 0.33253577
v -0.05558024 0.02480169 0.28322169
v -0.04749333 0.03902238 0.30360591
v -0.03578076 0.05131349 0.31983849
v -0.04232330 0.04699671 0.30518714
v -0.04188622 -0.00209782 0.36029854
v -0.05433333 -0.00688080 0.34615561
v -0.05034399 0.03545262 0.27175432
v -0.04429266 0.04461357 0.27723968
v -0.04078142 -0.01345936 0.37209335
v -0.03087937 0.03323675 0.34590679
v -0.05148737 -0.01490779 0.36370006
v -0.03617308 0.05328247 0.30663159
v -0.02510004 0.01058840 0.36571157
v -0.03541087 0.05351659 0.29307571
v -0.04784134 -0.02177626 0.37319010
v -0.02640650 -0.01086310 0.37976575
v -0.03813614 -0.02413214 0.37946177
v -0.07625639 -0.08110978 0.17250542
v -0.06263184 -0.06556232 0.18977517
v -0.07937282 -0.06722916 0.17552723
v -0.06779308 -0.09176698 0.17512634
v -0.07283016 -0.09406698 0.16993631
v -0.06694239 -0.05661130 0.19072951
v -0.07718340 -0.04273496 0.18811715
v -0.08299714 -0.04911956 0.18078977
v -0.08688342 -0.03891173 0.18202075
v -0.08328074 -0.03606436 0.18568528
v -0.05973226 -0.05528405 0.19599551
v -0.05519459 -0.09860028 0.17892225
v -0.05918704 -0.10769856 0.17059392
v -0.07104699 -0.10351030 0.16481294
v -0.04080014 -0.09012821 0.18947621
v -0.03417044 -0.11240818 0.18012547
v -0.02004845 -0.11245975 0.18573785
v -0.04575577 -0.06110807 0.19893865
v -0.02050011 -0.09742509 0.19324891
v -0.01716363 -0.05833935 0.20820855
v -0.03099795 -0.04506480 0.20927054
v -0.04439408 -0.04539739 0.20409071
v -0.05481857 -0.05367028 0.19778861
v -0.06787109 -0.04003482 0.19254711
v -0.02318151 -0.03946694 0.21245573
v -0.05135616 -0.03557599 0.20011191
v -0.07097426 -0.03307772 0.19110450
v -0.06330420 -0.11470266 0.16097355
v -0.04807409 -0.12299365 0.16229580
v 0.00063721 -0.09580219 0.19542406
v 0.00188373 -0.06040492 0.20887759
v 0.00161072 -0.10490216 0.19120699
v 0.00192315 -0.03924422 0.21440323
v 0.00044931 -0.02487146 0.21663153
v 0.01692733 -0.11153518 0.18742652
v 0.01926649 -0.08663869 0.19810143
v 0.01551224 -0.05018400 0.21100798
v 0.03095674 -0.06690195 0.20372868
v 0.01654825 -0.02428401 0.21687493
v 0.01491096 -0.01999571 0.21860345
v -0.01337603 -0.02004290 0.22032379
v -0.02665457 -0.01916923 0.22095424
v -0.08203580 -0.03197212 0.18543349
v -0.05791922 -0.02118371 0.19395936
v -0.02542352 -0.12813683 0.16824706
v -0.07323002 -0.02145360 0.18884137
v -0.08649289 -0.02186364 0.18378928
v -0.08084209 -0.01435884 0.18578520
v -0.07234504 -0.01189330 0.18917623
v -0.08158218 -0.00480689 0.18705697
v -0.06265525 0.00311171 0.19849098
v -0.06222292 -0.00941943 0.19163035
v -0.09151965 -0.00771811 0.17936882
v -0.08771408 -0.01681604 0.18145724
v -0.03640836 -0.02873401 0.20429218
v -0.04696138 -0.01969490 0.20494670
v -0.03070433 -0.01363677 0.20552531
v -0.07028224 -0.11437593 0.15430525
v 0.00303612 -0.02037012 0.22105372
v -0.02852658 -0.14086927 0.15113275
v -0.04345702 -0.13645209 0.14826605
v -0.06691641 -0.12118506 0.14957482
v -0.05172085 -0.14468114 0.12880032
v -0.07314907 -0.12018237 0.14298983
v -0.03122153 -0.15602227 0.12880106
v -0.09375023 -0.00813425 0.17943318
v -0.09559841 0.00433127 0.17889068
v -0.09518432 -0.00534437 0.17955132
v -0.09826104 0.02002089 0.17793411
v -0.07847042 0.00786629 0.20817533
v -0.03291558 -0.00741350 0.21658474
v -0.04488096 -0.01388215 0.21806204
v -0.10390920 0.06281026 0.33243164
v -0.10369860 0.07438202 0.34357107
v -0.10512308 0.05459800 0.33317006
v -0.10286056 0.07024471 0.33052370
v -0.09946120 0.08384009 0.31676930
v -0.10095637 0.09170184 0.34104526
v -0.10417199 0.07885523 0.35667405
v -0.10240798 0.09293022 0.36138636
v -0.09831279 0.08968820 0.32065815
v -0.10226511 0.05253179 0.36074978
v -0.10207384 0.04486537 0.35019794
v -0.09885661 0.04703419 0.31895640
v -0.09804345 0.07593510 0.31182218
v -0.09925468 0.05713245 0.31091329
v -0.10334021 0.05506465 0.33012894
v -0.10278869 0.04216543 0.32661763
v -0.09978817 0.04975566 0.31391579
v -0.09946318 0.06816377 0.30870014
v -0.09935641 0.06769963 0.30492908
v -0.09887534 0.09483433 0.33807853
v -0.09899334 0.05897826 0.36960131
v -0.10064629 0.09362261 0.37275001
v -0.09902097 0.07597017 0.37427124
v -0.09943826 0.06247650 0.37582710
v -0.09919530 0.07046456 0.37970293
v -0.09666230 0.08380748 0.37946397
v -0.09864317 0.08066429 0.38216674
v -0.09573375 0.09159131 0.38711089
v -0.09429984 0.09606667 0.37999716
v -0.09837938 0.09898182 0.36343300
v -0.10264251 0.05355869 0.36982810
v -0.09121725 0.09905041 0.38501072
v -0.09383138 0.10036304 0.37482804
v -0.10268763 0.04310924 0.32014191
v -0.09269961 0.09284609 0.38893291
v 0.05708929 0.29462588 0.31397584
v 0.05538443 0.26133832 0.30717593
v 0.04333865 0.26959512 0.30611944
v 0.04496319 0.25207606 0.30333692
v 0.04224952 0.25779510 0.30374685
v 0.04940716 0.29233930 0.31263980
v 0.05261572 0.30456147 0.31641248
v 0.06139451 0.32087505 0.32200247
v 0.05521794 0.24936768 0.30686170
v 0.05895025 0.27937937 0.31213489
v 0.06328896 0.29209113 0.31720817
v 0.04852097 0.24399497 0.30531511
v 0.06676219 0.31395844 0.32547903
v 0.06358916 0.33229494 0.32742989
v 0.06881353 0.26519030 0.32181162
v 0.06783880 0.24324682 0.32137749
v 0.06387951 0.24097498 0.31739938
v 0.05792545 0.24200228 0.31140956
v 0.06990343 0.28040439 0.32597348
v 0.06584618 0.33038637 0.33161888
v 0.06951370 0.24966639 0.32627362
v 0.06821384 0.31195673 0.33091474
v 0.06825767 0.24142186 0.32422858
v 0.06988940 0.24386139 0.34195831
v 0.07024141 0.27557728 0.34141225
v 0.06740332 0.30838293 0.33880258
v 0.06837649 0.24490775 0.34842315
v 0.06172414 0.33345175 0.33238155
v 0.04077147 0.24636747 0.30533051
v 0.21436562 -0.30071872 0.31256813
v 0.21767338 -0.32406765 0.31849992
v 0.22491556 -0.31847075 0.31941482
v 0.19872972 -0.32604644 0.31337547
v 0.19644800 -0.32286698 0.31177974
v 0.18934527 -0.30361438 0.30432722
v 0.19529766 -0.29378435 0.30314758
v 0.18234465 -0.29196769 0.29728308
v 0.19828904 -0.28079957 0.29816425
v 0.21892351 -0.28383791 0.30784661
v 0.22648589 -0.29397815 0.31553230
v 0.22258095 -0.30446061 0.31705114
v 0.18301664 -0.27797818 0.28947014
v 0.23264427 -0.28567415 0.31285280
v 0.23137158 -0.29150036 0.31538126
v 0.17604025 -0.28257135 0.29086879
v 0.17120573 -0.27589551 0.28531832
v 0.24009825 -0.29593316 0.31405389
v -0.12717305 -0.27241749 0.09624296
v -0.11421913 -0.27545896 0.08883377
v -0.11541530 -0.27269554 0.07766940
v -0.12958816 -0.26911497 0.07761344
v -0.11074255 -0.27286649 0.06341852
v -0.10630225 -0.27605978 0.06843884
v -0.10008605 -0.27513880 0.05708791
v -0.10614816 -0.27216691 0.05513651
v -0.12755565 -0.27013221 0.05726517
v -0.12153512 -0.26983637 0.04670284
v -0.14064585 -0.26393473 0.05143981
v -0.12625255 -0.26488182 0.03460714
v -0.13573170 -0.26129535 0.02791586
v -0.13880846 -0.27028596 0.06864841
v -0.10133516 -0.26537246 0.03514599
v -0.09641428 -0.26943269 0.04514061
v -0.07819220 -0.27132308 0.03301566
v -0.08364218 -0.27370635 0.05794414
v -0.09090801 -0.26415357 0.01451924
v -0.07023566 -0.28058058 0.07482465
v -0.08158493 -0.27686903 0.07256479
v -0.07574584 -0.28000268 0.08720647
v -0.06472128 -0.28425655 0.08614086
v -0.12520376 -0.25896430 0.02060290
v -0.10595240 -0.25485089 0.00662363
v -0.06285599 -0.27853930 0.03900076
v -0.10191043 -0.25636655 0.00412104
v -0.09077360 -0.25791794 -0.01210822
v -0.09325327 -0.27511010 0.05828173
v -0.12161682 -0.27628648 0.09934522
v -0.06187996 -0.28320503 0.06208366
v -0.13397232 -0.25218448 0.01226925
v -0.12217452 -0.25293434 0.01029269
v -0.07909024 -0.26960239 -0.00218324
v -0.12805107 -0.27639449 0.10278260
v -0.08649032 -0.26437372 -0.00562215
v -0.07869664 -0.26899731 -0.02122025
v -0.06826681 -0.27694252 0.00076373
v -0.07394379 -0.27480474 -0.02405117
v -0.14820203 -0.26528326 0.02941468
v -0.15534680 -0.26052526 0.01011834
v -0.15792498 -0.26585460 0.02223192
v -0.13787603 -0.27674639 0.09867994
v -0.08633415 -0.27932820 0.07458762
v -0.14408924 -0.27542347 0.07841460
v -0.14852121 -0.27524677 0.07407569
v -0.14731343 -0.26754832 0.05297706
v -0.14514183 -0.25662309 0.01242949
v -0.15630966 -0.27183166 0.03587288
v -0.16350929 -0.26768994 0.02699513
v -0.16965830 -0.27118149 0.04543034
v -0.17345870 -0.26967609 0.04296576
v -0.18089272 -0.27273011 0.06164156
v -0.17414424 -0.27980384 0.07594963
v -0.18695895 -0.27780774 0.08349957
v -0.18134749 -0.28146562 0.09070515
v -0.18847996 -0.27915537 0.09217840
v -0.16558285 -0.26713058 0.00464129
v -0.15902524 -0.27803737 0.04921997
v -0.17314592 -0.27178428 0.02214343
v -0.19320680 -0.28043696 0.07210720
v -0.18788549 -0.27806091 0.03903451
v -0.19668666 -0.28442818 0.09156483
v -0.15312444 -0.27508995 0.06425974
v -0.13821465 -0.28049770 0.10301066
v -0.09796885 -0.28046653 0.06305207
v -0.18598360 -0.28012127 0.01686176
v -0.14114878 -0.27886355 0.09792549
v -0.18085356 -0.27882698 -0.00208142
v -0.17918980 -0.27374345 -0.00859595
v -0.13872473 -0.27840903 0.10763491
v -0.12732938 -0.27334413 0.10884187
v -0.13787842 -0.27799138 0.11838210
v -0.12707992 -0.27276352 0.12060524
v -0.11709913 -0.27752873 0.12189778
v -0.11707932 -0.28093278 0.13241556
v -0.12656809 -0.27626073 0.13125794
v -0.13605307 -0.28002912 0.12900598
v -0.12343427 -0.28540000 0.14569350
v -0.11724708 -0.28750473 0.14361903
v -0.11582305 -0.28037381 0.10836465
v -0.13265452 -0.28905267 0.14516656
v -0.12054943 -0.27998137 0.10201607
v -0.13120709 -0.29922420 0.15687661
v -0.12269241 -0.30148360 0.16258572
v -0.11710969 -0.30141711 0.15947187
v -0.12755261 -0.30960378 0.16791080
v -0.12197101 -0.31222942 0.17101245
v -0.12055077 -0.24256822 0.00209307
v -0.19701093 -0.28783879 0.09301805
v -0.18885885 -0.28279731 0.09355158
v 0.12493523 -0.11550140 -0.20331815
v 0.10514433 -0.11114091 -0.18549573
v 0.13169050 -0.10842321 -0.18718156
v 0.10625546 -0.11810981 -0.20578957
v 0.12315321 -0.11812982 -0.21529417
v 0.10641257 -0.11976855 -0.21470623
v 0.13823475 -0.11659691 -0.20753965
v 0.13595086 -0.10770504 -0.18510047
v 0.13749777 -0.11883359 -0.21959126
v 0.11082881 -0.12208614 -0.23655145
v 0.13315979 -0.12166092 -0.24616885
v 0.12621774 -0.12502640 -0.26516977
v 0.11465576 -0.12726767 -0.25931245
v 0.09778045 -0.11392220 -0.18536738
v 0.08940502 -0.12385284 -0.19704914
v 0.10196440 -0.12720524 -0.23844269
v 0.12119396 -0.09947114 -0.17531286
v 0.09082869 -0.12776265 -0.21158686
v 0.10620243 -0.13018128 -0.25270239
v 0.08663832 -0.11992481 -0.17905346
v 0.09755599 -0.10648985 -0.17626677
v 0.09368201 -0.13465300 -0.23987974
v 0.13929880 -0.12807110 -0.26113498
v 0.12369917 -0.09319247 -0.16973777
v 0.08843878 -0.11058531 -0.16780187
v 0.13986579 -0.10185929 -0.17084211
v -0.05791561 0.28911433 0.31296322
v -0.05130297 0.29785416 0.31404763
v -0.04338180 0.27409989 0.30735424
v -0.04601497 0.25414956 0.30292711
v -0.04245555 0.25773111 0.30349454
v -0.05633713 0.30448303 0.31582966
v -0.03894255 0.24666397 0.30228230
v -0.04608808 0.24464709 0.30257863
v -0.06089000 0.32099643 0.32143837
v -0.06605356 0.32517266 0.32477114
v -0.06320350 0.33140248 0.32641891
v -0.05555118 0.25077695 0.30767527
v -0.05614045 0.24308823 0.30837965
v -0.06834929 0.28257325 0.31948557
v -0.07171531 0.24744128 0.32063690
v -0.06836978 0.24070328 0.31803629
v -0.07252802 0.28021669 0.32477972
v -0.07350345 0.24131531 0.32570010
v -0.03585225 0.09935366 0.44028679
v -0.03195589 0.08972217 0.45644233
v -0.03526106 0.06816756 0.44813907
v -0.03068437 0.09473433 0.45993477
v -0.03512692 0.05707648 0.45333689
v -0.03504229 0.06268405 0.45914713
v -0.03088763 0.10106497 0.45468190
v -0.03106577 0.11111872 0.44854483
v -0.03888474 0.04992678 0.44676030
v -0.03850307 0.09598964 0.43507436
v -0.03965142 0.07809514 0.43784422
v -0.03564942 0.11122349 0.43194005
v -0.04004773 0.04039322 0.45192605
v -0.04157908 0.05912798 0.44210991
v -0.04434230 0.03796371 0.44832239
v -0.02636613 0.11095138 0.45389611
v -0.04025082 0.04294227 0.45735148
v -0.03350256 0.08700772 0.46650764
v -0.03177370 0.08914848 0.46808550
v -0.02429424 0.09828106 0.45949611
v -0.04514918 0.03656239 0.45485258
v -0.03938028 0.06049842 0.46466041
v 0.00060198 0.15570128 -0.13945188
v -0.01158045 0.13123995 -0.13114102
v 0.00189465 0.13591835 -0.12472640
v -0.00832748 0.15325981 -0.14465976
v -0.00855242 0.11472016 -0.11674464
v 0.00081694 0.11939391 -0.11340441
v -0.00189365 0.16641480 -0.14746316
v -0.01690595 0.10928648 -0.12150740
v -0.00116055 0.17736115 -0.15692340
v 0.00185333 0.17715751 -0.15373363
v -0.01480609 0.12205752 -0.12925382
v 0.00321225 0.17950775 -0.15905909
v 0.10347766 0.06968548 0.40628555
v 0.10344496 0.05519532 0.41387504
v 0.10150273 0.04081216 0.40346402
v 0.10190218 0.03638458 0.41185009
v 0.10320789 0.10050256 0.40535381
v 0.10268540 0.10351892 0.41693649
v 0.09828494 0.02604700 0.40366769
v 0.09823468 0.02232136 0.41159862
v 0.09993493 0.08908574 0.39817980
v 0.09979489 0.10327158 0.39118284
v 0.10482482 0.10517410 0.41276884
v 0.09502628 0.01915578 0.40377909
v 0.10102413 0.04653454 0.41864201
v 0.09389870 0.01594834 0.41125914
v 0.10034101 0.08961518 0.42224309
v 0.09816583 0.10200877 0.42757413
v 0.09768424 0.02887157 0.41742244
v 0.09859969 0.06268387 0.42309052
v 0.09391736 0.07475644 0.42719224
v 0.09186533 0.01645532 0.41571373
v 0.18141983 -0.28731167 -0.09118559
v 0.18205857 -0.28494239 -0.07939123
v 0.18817547 -0.30687332 -0.07020029
v 0.18380512 -0.28938845 -0.06870114
v 0.18437457 -0.30670416 -0.09099347
v 0.18647189 -0.30972293 -0.05435514
v 0.18762590 -0.31552908 -0.06365133
v 0.18576469 -0.32253331 -0.04550316
v 0.18341465 -0.31934407 -0.03912435
v 0.18364763 -0.30250090 -0.05314495
v 0.17872567 -0.32892337 -0.02790426
v 0.18130474 -0.31819168 -0.09106468
v 0.18126643 -0.31290582 -0.09627356
v 0.18117368 -0.30350375 -0.09710278
v 0.18551928 -0.31052414 -0.11447054
v 0.18122065 -0.31922516 -0.09931645
v 0.18131347 -0.28835863 -0.12330364
v 0.17728277 -0.27780020 -0.11588156
v 0.17770974 -0.27673116 -0.12779969
v 0.17983887 -0.28013271 -0.14178249
v 0.18553218 -0.31797275 -0.11330873
v 0.17608050 -0.28799611 -0.09611688
v 0.18981759 -0.31274673 -0.12639560
v 0.18942907 -0.30568427 -0.13237913
v 0.19072789 -0.31681460 -0.12540223
v 0.18642603 -0.29228696 -0.14122529
v 0.18500881 -0.28672561 -0.15028249
v 0.18238363 -0.28387651 -0.15652823
v 0.16615929 -0.26535511 -0.11587434
v 0.16949421 -0.27517080 -0.10288800
v 0.16455476 -0.26391381 -0.13701265
v 0.17455932 -0.27655903 -0.14957996
v 0.16167887 -0.26395231 -0.14633654
v 0.17108440 -0.27842233 -0.16201326
v 0.16863540 -0.27720872 -0.08598004
v 0.17066160 -0.27754006 -0.07815732
v 0.15855791 -0.26843190 -0.16151169
v 0.16733201 -0.27950302 -0.09593124
v 0.17758250 -0.32037601 -0.03259000
v 0.17690203 -0.30973241 -0.04061073
v 0.17420757 -0.29247755 -0.05518508
v 0.17184748 -0.28192517 -0.06902564
v 0.18434530 -0.32281980 -0.06062686
v 0.18387327 -0.32603303 -0.04574587
v 0.15684268 -0.27227315 -0.16726927
v 0.14926399 -0.26769912 -0.16881031
v 0.17232938 -0.27998227 -0.16544303
v 0.17808309 -0.28058788 -0.16282986
v 0.16299020 -0.26376274 -0.13095656
v 0.15473828 -0.26737002 -0.15861556
v -0.09101823 0.04722410 0.42312148
v -0.09871059 0.05016391 0.41934943
v -0.09058905 0.02809116 0.41926450
v -0.09974998 0.03574923 0.41427201
v -0.09321043 0.02028986 0.41521439
v -0.09414138 0.08913475 0.42359638
v -0.09831596 0.08831081 0.42143682
v -0.09403397 0.09962621 0.42560673
v -0.09949192 0.10059959 0.42162952
v -0.08529425 0.09308681 0.42723697
v -0.08667029 0.08612550 0.42440763
v -0.08897865 0.04647515 0.42315185
v -0.08730065 0.01776196 0.41524589
v -0.09206028 0.01497080 0.41172189
v -0.10350593 0.09820608 0.41409943
v -0.10351901 0.06898239 0.41484606
v -0.10288422 0.04824564 0.41212323
v -0.10643573 0.10371293 0.41392377
v -0.09874964 0.02664754 0.41014403
v -0.09901986 0.10621897 0.43158501
v -0.08660815 0.03475302 0.41968930
v -0.08727541 0.01426692 0.40924144
v 0.00101364 0.26909861 0.22099380
v 0.00842220 0.26437256 0.22459148
v -0.00102803 0.22637673 0.22432560
v 0.01047627 0.22033052 0.22858025
v 0.00374951 0.28222343 0.22002459
v -0.00030098 0.22015889 0.22314766
v -0.00063227 0.28602844 0.21954024
v 0.01246812 0.25190258 0.22910304
v 0.00815813 0.27785221 0.22483759
v 0.00226327 0.29002488 0.22322360
v 0.01593522 0.22261822 0.23628201
v 0.00683792 0.28295475 0.22671430
v 0.02105998 0.22939825 0.25202200
v 0.01531454 0.25626731 0.24059303
v 0.01126249 0.27014455 0.23277730
v 0.03323733 0.09110545 0.44829729
v 0.03835898 0.05751733 0.44674397
v 0.03465615 0.06629252 0.45308155
v 0.03804997 0.08077577 0.43990728
v 0.03809905 0.10760520 0.43237799
v 0.04024103 0.03786061 0.45242751
v 0.03559233 0.10721949 0.44129300
v 0.03102389 0.09885725 0.45681530
v 0.03212369 0.10757262 0.45049098
v 0.03926598 0.03775070 0.45741129
v 0.04472880 0.02771290 0.45505905
v 0.04379866 0.08507691 0.43264624
v 0.04327616 0.04938096 0.44476444
v 0.02747757 0.10148455 0.45903128
v 0.02725654 0.10696270 0.45579973
v 0.04363674 0.10795784 0.42763379
v 0.02860209 0.09671557 0.46287194
v 0.03463122 0.07532573 0.46249366
v 0.03133174 0.09366617 0.46308851
v 0.03730641 0.05879929 0.46227172
v 0.03185528 0.09362110 0.46933761
v 0.03450519 0.09196831 0.46930185
v 0.04669845 0.02789528 0.46017766
v 0.05012358 0.06138521 0.43706852
v 0.04870910 0.04632060 0.44347876
v 0.04971273 0.09437526 0.42786634
v 0.05224189 0.08001032 0.43107104
v 0.16931021 -0.29245266 0.34472603
v 0.15412882 -0.30909571 0.33222067
v 0.16873856 -0.30421460 0.34679386
v 0.15873460 -0.29087192 0.33242580
v 0.14554219 -0.31353945 0.32334292
v 0.14527483 -0.32265848 0.32562217
v 0.15081301 -0.32346162 0.33146846
v 0.16572629 -0.27861923 0.33535439
v 0.14620405 -0.29899502 0.31880218
v 0.16482717 -0.32354695 0.34401608
v 0.17659293 -0.27968475 0.34583321
v 0.15630439 -0.27745038 0.32142478
v 0.15197285 -0.27629921 0.31347105
v 0.14508915 -0.28548157 0.31041658
v 0.14798482 -0.27536148 0.30609345
v 0.14298658 -0.27562407 0.30081439
v 0.17636621 -0.29387730 0.34980890
v 0.17947976 -0.28208253 0.34864935
v 0.17174506 -0.32499042 0.34860149
v 0.17781863 -0.31409544 0.35102135
v 0.18140566 -0.29331541 0.36791909
v 0.18204977 -0.30369112 0.37365118
v 0.18490219 -0.30385208 0.38040230
v 0.18531413 -0.32004669 0.37770700
v 0.18934549 -0.31808946 0.39193869
v 0.18793552 -0.30606249 0.38418248
v 0.19125727 -0.32493988 0.39568862
v 0.18410163 -0.28547078 0.36043856
v 0.19576356 -0.32464442 0.39725602
v 0.14364111 -0.28966415 0.31349760
v 0.18531010 -0.27908492 0.34901768
v 0.14266691 -0.27236712 0.29333749
v 0.18525444 -0.27826184 0.34644437
v -0.10391511 0.05421816 0.40693375
v -0.09851514 0.05586131 0.39707413
v -0.09964295 0.04021815 0.40063253
v -0.10310951 0.09715945 0.40459889
v -0.09856658 0.08735503 0.39772186
v -0.09643493 0.09237834 0.39241523
v -0.09901744 0.02716509 0.40466791
v -0.09214776 0.01970756 0.39908373
v -0.09443975 0.01691916 0.40434408
v -0.09309782 0.05989169 0.39452058
v -0.09079096 0.08547673 0.39290681
v -0.09269961 0.09284609 0.38893291
v -0.10350593 0.09820608 0.41409943
v -0.10288422 0.04824564 0.41212323
v -0.09874964 0.02664754 0.41014403
v -0.10351901 0.06898239 0.41484606
v -0.09921745 0.09581995 0.39124104
v -0.09206028 0.01497080 0.41172189
v -0.11241177 -0.29336524 0.12024498
v -0.11214991 -0.30006513 0.14265117
v -0.11205912 -0.31009623 0.13917069
v -0.11379451 -0.30614907 0.10677949
v -0.11441648 -0.29140672 0.10317845
v -0.11384964 -0.30793637 0.15888518
v -0.11344508 -0.29023075 0.14110050
v -0.11365285 -0.28402153 0.12202442
v -0.11582305 -0.28037381 0.10836465
v -0.11619338 -0.31635508 0.16770452
v -0.11614189 -0.31376129 0.10888194
v -0.11531233 -0.31750271 0.14665557
v -0.11778688 -0.32156724 0.16407855
v -0.11602238 -0.31467533 0.12628525
v -0.11709913 -0.27752873 0.12189778
v -0.11707932 -0.28093278 0.13241556
v -0.11710969 -0.30141711 0.15947187
v -0.12273158 -0.32457647 0.17274840
v -0.12228472 -0.32088110 0.17504437
v -0.12054943 -0.27998137 0.10201607
v -0.11724708 -0.28750473 0.14361903
v -0.12197101 -0.31222942 0.17101245
v 0.01000136 0.12322309 -0.21902011
v 0.00078564 0.12487938 -0.21315642
v 0.00129900 0.11494401 -0.20090723
v 0.00785880 0.13772704 -0.23342906
v 0.00078211 0.14459735 -0.23495130
v 0.00678141 0.14613503 -0.24214529
v 0.00041696 0.15400118 -0.24560724
v 0.01041433 0.10906500 -0.20509942
v 0.00585622 0.15178321 -0.25163358
v 0.00217765 0.15802053 -0.25476220
v 0.00132425 0.10914784 -0.19818254
v 0.00789394 0.10314477 -0.19892599
v 0.01468626 0.11564117 -0.22374119
v 0.01619281 0.09527621 -0.20868652
v 0.01468827 0.12433213 -0.24197152
v 0.01960102 0.10298000 -0.23279709
v 0.02228007 0.08801748 -0.23013113
v 0.00668932 0.14580157 -0.25570703
v 0.01334172 0.11729719 -0.25191611
v 0.01755658 0.08913497 -0.25059429
v 0.00034284 0.09794820 -0.28478023
v 0.00276651 0.09199267 -0.28450033
v 0.01079739 0.08915816 -0.28899172
v 0.00913002 0.09696859 -0.29201734
v -0.00007261 0.11842889 -0.30959868
v 0.00650026 0.11883283 -0.31771898
v 0.00265214 0.13402195 -0.33186239
v 0.00592658 0.12853427 -0.33336142
v 0.01028354 0.10475060 -0.30832902
v 0.00215681 0.13891719 -0.34277835
v 0.01323388 0.08611906 -0.29680273
v 0.01448623 0.08375168 -0.31051302
v 0.00823057 0.11520814 -0.33486196
v 0.00203498 0.13923682 -0.34001252
v 0.01315128 0.08332288 -0.33076748
v 0.00635115 0.11514553 -0.34070328
v 0.00247142 0.14157143 -0.02648005
v -0.00047049 0.14260423 -0.02650573
v -0.00036210 0.14504696 -0.01847306
v 0.01049043 0.12179023 -0.10199763
v 0.00081694 0.11939391 -0.11340441
v 0.00219285 0.12658650 -0.09950779
v 0.01527949 0.11130973 -0.11800943
v 0.01571920 0.12208692 -0.09279566
v 0.01120304 0.12637623 -0.08898783
v 0.02809927 0.11200137 -0.09600511
v 0.01713422 0.12623884 -0.07924627
v 0.04508339 0.10881577 -0.07133251
v 0.03321036 0.11882132 -0.06528433
v 0.04937848 0.10894615 -0.06221836
v 0.06052997 0.09309500 -0.07570030
v 0.06390168 0.09952660 -0.05658340
v 0.04504442 0.09322039 -0.09577418
v 0.03968206 0.09735880 -0.09718920
v 0.04030990 0.09377674 -0.10367256
v 0.01683060 0.11029726 -0.11939737
v 0.02096482 0.10529850 -0.12304605
v 0.02487825 0.09780885 -0.13438337
v 0.07571975 0.08889133 -0.06614451
v 0.07564724 0.09602381 -0.04475868
v 0.08606005 0.08280515 -0.05954956
v 0.03819079 0.09149601 -0.12037750
v 0.02118594 0.12685636 -0.06398286
v 0.06003437 0.10566958 -0.03920028
v 0.08605026 0.07754679 -0.08708122
v 0.09083897 0.07163744 -0.09743812
v 0.07887837 0.07216211 -0.11870968
v 0.06941080 0.08747493 -0.08191033
v 0.08824985 0.06634633 -0.11854719
v 0.05051417 0.08421161 -0.12230849
v 0.06683521 0.10692202 -0.01644006
v 0.06650802 0.07654969 -0.12351981
v 0.06377257 0.07079235 -0.15619363
v 0.08144010 0.06291211 -0.14339380
v 0.06797904 0.06204853 -0.17852366
v 0.05385584 0.07797699 -0.15223566
v 0.02721542 0.09459338 -0.14464734
v 0.02156752 0.09537575 -0.16250733
v 0.05079830 0.07606786 -0.17794247
v 0.04538355 0.07176118 -0.21308015
v 0.03339796 0.08540307 -0.19217321
v 0.02917692 0.09011819 -0.17736045
v 0.05415329 0.06210110 -0.21904340
v 0.07821643 0.10306178 -0.01265557
v 0.07892624 0.11212337 0.02103767
v 0.00987861 0.10323520 -0.19040023
v 0.03275630 0.08183184 -0.21761595
v 0.03037974 0.07969265 -0.24711575
v 0.01528319 0.08740010 -0.26726305
v 0.01427403 0.08686512 -0.27751037
v 0.03518903 0.07206457 -0.26430875
v 0.04250968 0.06105780 -0.29276907
v 0.04356992 0.11344387 -0.04748327
v 0.04837287 0.11414845 -0.01594520
v 0.01579778 0.09848393 -0.16933291
v 0.00232986 0.10748720 -0.17753661
v 0.09409159 0.09831122 0.02165018
v 0.09629842 0.10084836 0.05124297
v 0.07939214 0.11520316 0.05285363
v 0.07855359 0.11821538 0.08078759
v 0.04933335 0.06089866 -0.24476556
v 0.02807011 0.12354658 -0.01283475
v 0.02756182 0.12568897 -0.00257487
v 0.00784404 0.13785580 -0.01630604
v 0.00233200 0.14598903 0.00177990
v 0.02602258 0.12336393 -0.03344455
v 0.01112064 0.13395086 -0.03574974
v 0.01702685 0.12973015 -0.04876229
v 0.04630688 0.11841779 -0.00020103
v -0.00155415 0.14719820 -0.00627076
v -0.00060890 0.14894997 0.00611748
v 0.00612251 0.14692539 0.00902265
v 0.01474372 0.14531580 0.01637633
v 0.02340900 0.14101863 0.01973236
v 0.05675614 0.11764323 0.00955019
v 0.06208747 0.11929581 0.02261488
v 0.04597787 0.12960650 0.02357065
v 0.02863920 0.14335403 0.02945584
v 0.05799726 0.12204922 0.03764751
v 0.02228972 0.14730176 0.03124252
v 0.03670303 0.06422165 -0.33330989
v 0.02855560 0.07299131 -0.29960653
v 0.09181437 0.10616954 0.07450741
v 0.07776091 0.05488678 -0.17285445
v 0.09504721 0.09129298 0.00290082
v 0.02831931 0.07119568 -0.34574705
v 0.01363786 0.08195180 -0.34370050
v 0.03787378 0.06212258 -0.35636541
v 0.04523854 0.12880188 0.04292728
v 0.05688315 0.12387818 0.06570505
v 0.00964065 0.08723896 -0.37942109
v 0.10338487 0.06478247 -0.06089428
v 0.08916760 0.08211567 -0.04471705
v 0.08759890 0.09088385 -0.01938052
v 0.07813153 0.05034813 -0.18250065
v 0.07613680 0.04276608 -0.20388700
v 0.11227714 0.08298241 0.04486469
v 0.00145526 0.09088049 -0.36539051
v 0.11494633 0.04716355 -0.08992521
v 0.11000780 0.07827660 0.01295291
v 0.08622046 0.11052260 0.11775571
v 0.10753877 0.06412888 -0.03014961
v 0.07209133 0.12422285 0.10937595
v 0.06748459 0.13065159 0.12896368
v 0.06009637 0.13422814 0.12980293
v 0.08498272 0.11251674 0.12962152
v 0.06674284 0.13675478 0.14221054
v 0.02060831 0.07989445 -0.37895256
v 0.03171005 0.07045364 -0.38151616
v 0.10733452 0.09021259 0.07150370
v 0.09543126 0.10173444 0.10126893
v 0.08522440 0.11553133 0.14104563
v 0.12127814 0.04302786 -0.06915589
v 0.13514800 0.02716688 -0.09089760
v 0.16318214 0.00209651 -0.08576004
v 0.15841423 0.00765605 -0.06329758
v 0.17026789 -0.00432980 -0.07011228
v 0.17787844 -0.01169910 -0.07700172
v 0.14553790 0.01968960 -0.05049262
v 0.12150069 0.04425621 -0.05150414
v 0.11995047 0.04975038 -0.03064263
v 0.11833025 0.06113929 -0.00106925
v 0.05880997 0.04323425 -0.28662699
v 0.05189167 0.04866300 -0.30835733
v 0.07667107 0.03335085 -0.22507323
v 0.06254356 0.04726662 -0.23422365
v 0.06883994 0.03589005 -0.25283206
v 0.04577831 0.05282110 -0.33429036
v 0.08532054 0.12674126 0.16137664
v 0.13208213 0.03254299 -0.04007742
v 0.12389512 0.04230264 -0.03579327
v 0.11276387 0.04181514 -0.10193144
v 0.00340456 0.11209780 -0.18987560
v -0.00080723 0.11217637 -0.19492656
v 0.02466379 0.08075722 -0.40855014
v 0.01791876 0.08903616 -0.42341688
v 0.09596624 0.09805224 0.11480455
v 0.12332907 0.06957977 0.07036215
v 0.00166457 0.09432352 -0.38608691
v 0.02008179 0.08891337 -0.43253985
v 0.01795602 0.09205586 -0.44728941
v 0.00768725 0.09836368 -0.43076238
v 0.00213221 0.09801082 -0.40344235
v 0.10843976 0.08738679 0.08923452
v 0.00179470 0.08812148 -0.34290072
v 0.00991948 0.08378048 -0.33618656
v 0.00189957 0.10981034 -0.18732494
v 0.09337507 0.04775026 -0.13809121
v 0.09773467 0.05251441 -0.11881498
v 0.00167671 0.10408293 -0.42794943
v 0.00084618 0.10967076 -0.44723022
v 0.01460548 0.09778895 -0.44904557
v 0.00090444 0.09151120 -0.26077089
v 0.00972110 0.10723184 -0.46958894
v -0.00004629 0.11383945 -0.46217388
v 0.08359154 0.03181562 -0.20146388
v 0.00043432 0.12116847 -0.48795244
v 0.00641815 0.11153079 -0.48744932
v 0.01292511 0.08978864 -0.25527382
v 0.03641063 0.13248245 0.05016057
v 0.03920542 0.13009171 0.05718471
v 0.02098035 0.13712947 0.06405269
v 0.02137208 0.13480942 0.08193067
v 0.05417427 0.12562148 0.09261423
v 0.03624535 0.13113169 0.09267404
v 0.00936382 0.14021653 0.09809786
v 0.01632684 0.13687281 0.07958461
v -0.00150850 0.14843678 0.09636346
v 0.00237362 0.14626540 0.09937315
v -0.00081924 0.14656699 0.07872576
v 0.01081047 0.14202781 0.06073182
v 0.00037569 0.14629206 0.06663740
v 0.04591228 0.13095026 0.10834995
v -0.00145187 0.15321055 0.10288948
v 0.02052919 0.14303908 0.04427649
v 0.09278800 0.02803534 -0.17649865
v 0.12516294 0.02807807 -0.10198628
v 0.10950777 0.02025832 -0.13175134
v 0.01112626 0.10355849 -0.47332838
v 0.00128773 0.12289351 -0.49908954
v 0.10225002 0.02695304 -0.14403099
v 0.15061384 0.00048316 -0.10177139
v 0.02480202 0.07865822 -0.41776639
v 0.12460303 0.00303627 -0.12722537
v 0.11928900 0.00935867 -0.12807225
v 0.11044325 0.00222155 -0.15286647
v 0.09953330 0.01392800 -0.17411731
v 0.11214714 -0.01474535 -0.16858402
v 0.13227355 -0.02216293 -0.14013717
v 0.08987546 0.01638063 -0.20248483
v 0.14238800 -0.02500311 -0.12850727
v 0.03579155 0.05834407 -0.37566212
v 0.17557241 -0.01232401 -0.08095486
v 0.07687847 0.01848728 -0.24483651
v 0.10876634 -0.01147055 -0.17628565
v 0.09292915 0.00253829 -0.20884064
v 0.07386850 0.00537071 -0.26943877
v 0.16319123 -0.01768031 -0.10006532
v 0.01829238 0.08684570 -0.45280418
v 0.05315588 0.03975540 -0.31493977
v 0.06709231 0.01027125 -0.28938323
v 0.02656907 0.06894430 -0.42332372
v 0.09827050 -0.00923123 -0.20334986
v 0.08797555 -0.00424608 -0.23127770
v 0.05962912 0.01624945 -0.31135839
v 0.05209868 0.02418758 -0.33297023
v 0.04319843 0.03587947 -0.36148095
v 0.03633471 0.04483642 -0.38518989
v 0.01655662 0.12338480 -0.12824091
v 0.02415320 0.11007155 -0.14601441
v 0.01624897 0.14129777 -0.14984262
v 0.01059698 0.14963584 -0.14117786
v 0.00696916 0.16802420 -0.15322612
v 0.01148127 0.15692315 -0.15749128
v 0.00321225 0.17950775 -0.15905909
v 0.00185333 0.17715751 -0.15373363
v 0.03265965 0.05466478 -0.39974669
v 0.01421611 0.15226330 -0.06286441
v 0.00853887 0.16398108 -0.05260816
v 0.00595890 0.18225084 -0.06432650
v 0.00411092 0.17954549 -0.05560202
v 0.00168137 0.19334178 -0.06502354
v 0.01642715 0.17296875 0.02724466
v 0.01536536 0.16016401 0.04168260
v 0.01031774 0.17009957 0.04273338
v 0.00062114 0.18838754 -0.05852388
v 0.00809907 0.20006609 0.02282894
v 0.00186882 0.15334968 -0.03189364
v 0.00137890 0.16869853 -0.04389969
v 0.00084118 0.15754431 0.05887067
v 0.00691569 0.18787275 0.03364057
v -0.00652118 0.15430905 0.10291402
v -0.00365037 0.15306394 0.10973618
v 0.00223807 0.20864731 0.02177060
v 0.00220794 0.21076576 0.01758032
v 0.00189465 0.13591835 -0.12472640
v -0.00234405 0.09190080 -0.28382537
v -0.00259611 0.09187960 -0.26036251
v 0.00127826 0.17182194 0.04753572
v 0.00060198 0.15570128 -0.13945188
v 0.00176672 0.19449174 0.03234624
v 0.04884854 -0.13849631 0.14561689
v 0.05067784 -0.14753161 0.13085818
v 0.07188211 -0.12496327 0.14734337
v 0.07115284 -0.13652581 0.13036919
v 0.06316695 -0.11125261 0.16953446
v 0.05163727 -0.11224993 0.17454663
v 0.02606048 -0.12468840 0.17159058
v 0.02719961 -0.14655155 0.14349252
v 0.01721151 -0.12638530 0.17234546
v 0.01692733 -0.11153518 0.18742652
v 0.05532372 -0.10633455 0.17795359
v 0.01888002 -0.15613474 0.13037780
v 0.00184371 -0.15119590 0.14100957
v -0.00121908 -0.16031171 0.12707870
v 0.02397207 -0.16127428 0.11638229
v 0.04629145 -0.15900813 0.10768125
v -0.01632181 -0.15810888 0.12951103
v -0.00579285 -0.12906455 0.16770193
v -0.02542352 -0.12813683 0.16824706
v -0.02004845 -0.11245975 0.18573785
v -0.02852658 -0.14086927 0.15113275
v -0.03122153 -0.15602227 0.12880106
v 0.02490859 -0.16609345 0.10250779
v 0.00038661 -0.16913736 0.10085565
v 0.07788737 -0.11324491 0.15492418
v 0.07623905 -0.12186313 0.14733298
v 0.07854401 -0.11307708 0.15512255
v 0.01907684 -0.17166846 0.08064362
v 0.00231258 -0.18048595 0.05130990
v 0.01946015 -0.17836255 0.04908397
v 0.08301639 -0.12501806 0.13228931
v 0.01585568 -0.18411051 0.00977464
v 0.00009491 -0.19170488 -0.03473707
v 0.00237760 -0.18656301 0.00557885
v -0.03142004 -0.16018002 0.11497428
v -0.01715351 -0.16541386 0.10354993
v -0.03298349 -0.16594318 0.08064371
v -0.04345702 -0.13645209 0.14826605
v 0.08167832 -0.13030262 -0.10187020
v 0.08585470 -0.13391019 -0.07872336
v 0.08308595 -0.13343516 -0.08990712
v 0.07193519 -0.14323363 -0.09976546
v 0.06236573 -0.15598767 -0.09564109
v 0.07983191 -0.14707279 -0.05147370
v 0.09129722 -0.13127013 -0.06895594
v 0.10101392 -0.12384515 -0.05429563
v 0.09744527 -0.13210124 -0.02818034
v 0.06258307 -0.16285126 -0.05392984
v 0.10466106 -0.12036215 -0.04621202
v 0.11138029 -0.11490466 -0.03885711
v 0.08040264 -0.14913723 -0.02291055
v 0.10155468 -0.12955198 0.00116119
v 0.11591030 -0.11209595 0.00365798
v 0.08156815 -0.14883170 0.00554479
v 0.06131444 -0.16515313 -0.02507952
v 0.06260718 -0.16432415 0.00025726
v 0.10085776 -0.12920995 0.03040591
v 0.08141255 -0.14785533 0.03093603
v 0.11592792 -0.11114261 0.02729250
v 0.08193535 -0.14533047 0.05321039
v 0.11960095 -0.10410519 -0.02964388
v 0.09821157 -0.12818664 0.05722240
v 0.11234359 -0.11362959 0.04062062
v 0.11290894 -0.11365452 -0.04215098
v 0.10625864 -0.11990947 -0.04820830
v 0.12361244 -0.09859908 -0.04149047
v 0.12490429 -0.09840910 0.00077516
v 0.07873791 -0.13775463 0.11158197
v 0.07732505 -0.14448898 0.08208381
v 0.09294994 -0.12722912 0.08706902
v 0.09916710 -0.11658199 0.11083946
v 0.11265007 -0.10537992 0.07437176
v 0.11590955 -0.10124782 0.09055653
v 0.12072836 -0.09393725 0.07756449
v 0.12778971 -0.08465759 0.06197854
v 0.13166325 -0.07767310 0.07662006
v 0.12374301 -0.09816091 0.03368859
v 0.11811698 -0.10075711 0.09764923
v 0.12750691 -0.08815403 0.08500393
v 0.13228892 -0.08519673 -0.00125731
v 0.13379337 -0.07818690 -0.03939974
v 0.13338518 -0.08088274 0.02737325
v 0.09000210 -0.12139183 0.12449023
v 0.11036289 -0.10796985 0.10526393
v 0.14023396 -0.06855555 0.01010829
v 0.09889475 -0.11719287 0.11407514
v 0.13610075 -0.06732684 0.06242001
v 0.14595132 -0.04959398 0.07500721
v 0.14102829 -0.06557005 -0.01517403
v 0.13773152 -0.06860992 -0.03943420
v 0.14390214 -0.04543743 0.05512924
v 0.14244385 -0.05313087 -0.04041790
v 0.15285119 -0.03087737 0.07783692
v 0.14443596 -0.05367371 0.00806688
v 0.14452825 -0.05218847 -0.01671699
v 0.14849171 -0.03168891 0.03225457
v 0.14965570 -0.02314402 0.05242238
v 0.14816013 -0.03710063 0.00206453
v 0.14821059 -0.03184186 -0.01762380
v 0.15096463 -0.01681326 0.01953098
v 0.15083420 -0.01891003 -0.00188767
v 0.14677140 -0.02631620 -0.03836435
v 0.14903942 -0.01736526 -0.03234466
v 0.15459846 -0.01490399 -0.03858051
v 0.16034648 -0.03048710 -0.06380735
v 0.16821508 -0.01344451 -0.06074025
v 0.14797592 -0.05629579 0.08271671
v 0.13801923 -0.07782499 0.08653591
v 0.12927139 -0.09024411 0.08976985
v 0.15517409 -0.04077855 0.08543456
v 0.16351278 -0.03229316 0.09571471
v 0.15401073 -0.06138099 0.09286312
v 0.13142616 -0.08556617 -0.04155457
v 0.16917643 -0.06261895 0.11014929
v 0.14580733 -0.08052038 0.09516159
v 0.16258499 -0.07481895 0.10632375
v 0.14231135 -0.07456160 -0.04270485
v 0.12381579 -0.11848374 -0.04634291
v 0.02133692 -0.18748738 -0.05346690
v 0.03978578 -0.17793532 -0.05031561
v 0.02818955 -0.18465906 -0.02913636
v 0.04343901 -0.17652099 0.00661020
v 0.04848737 -0.17186730 0.04909151
v 0.05860183 -0.16465990 0.05023183
v 0.04713488 -0.17083281 -0.06934704
v 0.02445385 -0.18317783 -0.07103316
v 0.03037097 -0.18213971 -0.00025997
v 0.04779375 -0.16470890 -0.09690816
v 0.05725995 -0.15824036 0.08318947
v 0.06534559 -0.14743930 0.11294498
v 0.04678492 -0.16655399 0.07450463
v 0.02687986 -0.17448701 -0.10167845
v 0.01368933 -0.18968031 -0.04167233
v 0.02845508 -0.17893310 0.03263741
v 0.02958295 -0.16330802 -0.12966663
v 0.05241098 -0.14965089 -0.12801625
v 0.04551815 -0.14209148 -0.15764584
v 0.02999482 -0.15575413 -0.14625494
v 0.09902310 -0.12706400 -0.06027805
v 0.18884341 -0.31985766 0.36586317
v 0.20052971 -0.31904039 0.36688358
v 0.19436803 -0.32639113 0.39360440
v 0.19908331 -0.32547644 0.39169568
v 0.19285634 -0.31722605 0.34635338
v 0.20083220 -0.31688735 0.35017750
v 0.18178967 -0.31796283 0.35081908
v 0.18531413 -0.32004669 0.37770700
v 0.19125727 -0.32493988 0.39568862
v 0.19576356 -0.32464442 0.39725602
v 0.20151891 -0.31209895 0.34549305
v 0.19950965 -0.30925393 0.34232843
v 0.17781863 -0.31409544 0.35102135
v -0.15630645 -0.23494694 0.32869187
v -0.15525916 -0.22856000 0.28787193
v -0.16149460 -0.24277559 0.33433220
v -0.16037762 -0.23641318 0.28779998
v -0.15565895 -0.22418492 0.26787326
v -0.15584509 -0.24044652 0.35440800
v -0.15063193 -0.23630990 0.36432710
v -0.14563192 -0.22827484 0.35322174
v -0.13977781 -0.22731650 0.36589676
v -0.13142365 -0.21772632 0.35858136
v -0.14767997 -0.22750449 0.31754681
v -0.14799471 -0.22276516 0.29527426
v -0.14189230 -0.21155405 0.28671452
v -0.15158370 -0.21515836 0.26775190
v -0.14130081 -0.20383453 0.27538699
v -0.14082177 -0.21968605 0.30182037
v -0.15275992 -0.21017499 0.25543809
v -0.16431482 -0.24549186 0.28699031
v -0.15883088 -0.23006697 0.25370002
v -0.14991836 -0.20220694 0.25629017
v -0.14021057 -0.19187576 0.26276281
v -0.15678354 -0.21812931 0.24477036
v -0.16311981 -0.24377933 0.26224303
v -0.15963031 -0.22444160 0.23093681
v -0.15162155 -0.24394198 0.36738992
v -0.15581922 -0.25635371 0.36647114
v -0.15900312 -0.25727344 0.35545644
v -0.16104220 -0.24071240 0.24747516
v -0.16380271 -0.26010576 0.33321255
v -0.16534232 -0.26149195 0.30704644
v -0.15465796 -0.19006804 0.24252051
v -0.15874985 -0.20310935 0.23107515
v -0.16529670 -0.26163256 0.28845754
v -0.16011277 -0.20815563 0.21461509
v -0.16261382 -0.17959854 0.21642114
v -0.15713562 -0.16792189 0.23080139
v -0.16704124 -0.14226282 0.20732491
v -0.16918628 -0.15873973 0.19895105
v -0.16540308 -0.18079032 0.19855925
v -0.17452586 -0.14027034 0.18665028
v -0.17436972 -0.12396963 0.18715711
v -0.17702150 -0.12274976 0.17753072
v -0.17719471 -0.10225331 0.16854784
v -0.17461690 -0.14045487 0.17176257
v -0.17468791 -0.12526597 0.15648100
v -0.17693169 -0.08047550 0.15884843
v -0.17094104 -0.15579385 0.18183066
v -0.17379992 -0.10364464 0.14351638
v -0.17527594 -0.04940572 0.13059941
v -0.17622191 -0.06060624 0.15196180
v -0.17441434 -0.04558796 0.14462952
v -0.17397578 -0.02793240 0.12541454
v -0.16017549 -0.26408735 0.26316413
v -0.17437433 -0.06566711 0.13220337
v -0.16586258 -0.12463997 0.20656797
v -0.16501847 -0.13613136 0.21129513
v -0.16651523 -0.10920870 0.19710323
v -0.16800500 -0.07840991 0.17593221
v -0.16042525 -0.14159054 0.21815228
v -0.17060810 -0.03198824 0.13867390
v -0.16920206 -0.06058433 0.16425450
v -0.16315164 -0.16996741 0.17412931
v -0.15365154 -0.26800543 0.24796782
v -0.15414439 -0.22548766 0.21713677
v -0.16887480 -0.14660841 0.16104035
v -0.15607749 -0.19726901 0.19253545
v -0.17299728 -0.08378757 0.13533254
v -0.14767396 -0.27000862 0.36482567
v -0.15113644 -0.27792892 0.33671829
v -0.15127733 -0.27967629 0.32506928
v -0.16088000 -0.16102289 0.15722565
v -0.16627352 -0.13542350 0.14613317
v -0.15725055 -0.27303040 0.28907835
v -0.14597549 -0.24745965 0.21780758
v -0.14626944 -0.22921526 0.20500168
v -0.15311070 -0.18393022 0.16945980
v -0.14374898 -0.27361348 0.23418036
v -0.14735936 -0.21248463 0.19168906
v -0.14445138 -0.28450704 0.26739928
v -0.15025301 -0.28093362 0.30853793
v -0.14889535 -0.28263819 0.29133454
v -0.14136903 -0.28487009 0.25579539
v -0.14530483 -0.17912030 0.24649611
v -0.14096834 -0.03105837 0.02106841
v -0.14070001 -0.01834808 0.00218840
v -0.13205330 -0.05025458 -0.00419753
v -0.13538858 -0.05073602 0.01763571
v -0.14134276 -0.04835765 0.04356308
v -0.14507540 -0.03026818 0.04149149
v -0.14424992 -0.04585603 0.06172624
v -0.14711589 -0.01408413 0.04184019
v -0.14912899 -0.02689034 0.07076932
v -0.14759406 -0.04418576 0.08054035
v -0.15246099 -0.03435740 0.09604290
v -0.15073939 -0.04453745 0.09424853
v -0.15127212 -0.01364180 0.07852560
v -0.15427102 -0.02017604 0.10587713
v -0.15579779 -0.03224631 0.10751560
v -0.11661660 -0.08588108 -0.00426064
v -0.12514174 -0.06565308 -0.01632981
v -0.12318695 -0.07796387 0.02639057
v -0.11354668 -0.09764569 0.00575070
v -0.10784063 -0.11332984 0.01834622
v -0.11037488 -0.10627083 0.00867820
v -0.10713451 -0.11276199 0.00759640
v -0.11410781 -0.09953226 0.03828003
v -0.12661670 -0.07375893 0.04284502
v -0.12145027 -0.08360942 0.06743523
v -0.10479420 -0.11826355 0.03522391
v -0.12946165 -0.07280682 0.08346486
v -0.14165680 -0.05818887 0.09349328
v -0.10150258 -0.12099183 0.00379678
v -0.11487742 -0.09488581 0.05932264
v -0.11990859 -0.08614299 0.08714259
v -0.13670163 -0.03752015 -0.01398692
v -0.12900881 -0.06051715 -0.02241165
v -0.14229342 -0.01641363 -0.02022083
v -0.13740572 -0.04209409 -0.02889086
v -0.10573806 -0.10636710 0.07432803
v -0.13120508 -0.07429510 0.09577860
v -0.14376196 -0.01862616 -0.03488525
v -0.15556777 -0.04468492 0.10274556
v -0.13044518 -0.08056248 0.10140397
v -0.15625744 -0.00689827 0.11358298
v -0.16050665 -0.06117137 0.11642775
v -0.16428375 -0.03780993 0.11347497
v -0.14659189 -0.06873567 0.10641355
v -0.14627886 -0.08169688 0.11117300
v -0.16056143 -0.07768132 0.12197533
v -0.15946954 -0.09619592 0.12547629
v -0.16200835 -0.12317824 0.13557190
v -0.15951581 -0.13969570 0.13893348
v -0.14983043 -0.15645552 0.13985191
v -0.14399453 -0.12835312 0.12026749
v -0.16413926 -0.01730089 0.12180930
v -0.14252038 -0.14248270 0.12444548
v -0.13587625 -0.16833577 0.13581008
v -0.14186214 -0.18355997 0.15692818
v -0.14407392 -0.10158858 0.11453400
v -0.13438591 -0.20671624 0.17326646
v -0.12172786 -0.23055999 0.18300018
v -0.12206683 -0.25113547 0.19837697
v -0.13004763 -0.25931478 0.21115360
v -0.12452645 -0.20665963 0.16509549
v -0.12525013 -0.27267024 0.21832284
v -0.12985867 -0.18592833 0.14878504
v -0.12825862 -0.28504479 0.23249231
v -0.13138430 -0.08972710 0.10607731
v -0.11973163 -0.09015192 0.10318931
v 0.11642418 -0.22698310 -0.19155033
v 0.12922475 -0.21983546 -0.19317359
v 0.12141785 -0.21566233 -0.19040404
v 0.12223390 -0.20919989 -0.18790862
v 0.12823987 -0.20511447 -0.18955913
v 0.13952658 -0.21014027 -0.19674817
v 0.14189003 -0.19565432 -0.19555466
v 0.14095068 -0.22419019 -0.19722065
v 0.12982523 -0.23634364 -0.19282208
v 0.14435518 -0.23435426 -0.19716582
v 0.10339132 -0.23951666 -0.18919510
v 0.12300565 -0.24763612 -0.18917984
v 0.14506765 -0.24670534 -0.19374704
v 0.11363191 -0.21466134 -0.19164446
v 0.10522833 -0.23410046 -0.19064192
v 0.15101938 -0.21012297 -0.20748055
v 0.15411338 -0.24422796 -0.20077440
v 0.15854327 -0.23050274 -0.21058922
v 0.10013366 -0.25161237 -0.18058123
v 0.15198770 -0.18676850 -0.20660414
v 0.16558239 -0.23476410 -0.21699414
v 0.15774314 -0.21296839 -0.21470127
v 0.17544411 -0.25311083 -0.21209809
v 0.16478807 -0.25640923 -0.19769879
v 0.14654823 -0.25508520 -0.18705010
v 0.12012532 -0.25640503 -0.18076965
v 0.17026635 -0.26557988 -0.19094189
v 0.12041989 -0.26670283 -0.16911870
v 0.09816097 -0.26210031 -0.16781302
v 0.12383673 -0.27371895 -0.16207297
v 0.18530682 -0.26809597 -0.20310709
v 0.14761947 -0.26386109 -0.17598316
v 0.14926399 -0.26769912 -0.16881031
v 0.14485939 -0.27325943 -0.16352500
v 0.11436515 -0.28011161 -0.15015382
v 0.12268031 -0.29208365 -0.14088300
v 0.09697787 -0.26664728 -0.16026931
v 0.13639455 -0.29287982 -0.14004858
v 0.12609521 -0.30135316 -0.13302788
v 0.12899381 -0.31064227 -0.12577224
v 0.14194174 -0.31068763 -0.12486402
v 0.13740152 -0.27952754 -0.15507637
v 0.11201464 -0.28291997 -0.14240630
v 0.16953619 -0.27502248 -0.17094591
v 0.15684268 -0.27227315 -0.16726927
v 0.17232938 -0.27998227 -0.16544303
v 0.18229121 -0.27832025 -0.16986144
v 0.18297878 -0.27372554 -0.18633944
v 0.09566039 -0.27249843 -0.14627638
v 0.19147307 -0.27551648 -0.19424227
v 0.12481575 -0.30961686 -0.11909896
v 0.14352819 -0.29867592 -0.13319787
v 0.14334837 -0.29018554 -0.14035363
v 0.14072707 -0.28436458 -0.14811267
v 0.18878572 -0.27785566 -0.17914456
v 0.11754167 -0.29233700 -0.12810372
v 0.10508598 -0.28117725 -0.13428392
v 0.09579301 -0.27685517 -0.13108520
v 0.12225910 -0.30101314 -0.12313608
v 0.14301077 -0.27793837 -0.15367317
v 0.17808309 -0.28058788 -0.16282986
v 0.11198341 -0.29076687 -0.11228381
v 0.10012778 -0.28081495 -0.11915856
v 0.10407454 -0.28736314 -0.11097093
v 0.10420533 -0.28864229 -0.10556048
v 0.11875636 -0.29630917 -0.11451973
v 0.11811852 -0.29410109 -0.10718471
v 0.11328027 -0.29996002 -0.09330337
v 0.10395952 -0.30105853 -0.08579396
v 0.10426163 -0.30943048 -0.07493411
v 0.11656122 -0.30586112 -0.08966067
v 0.10842850 -0.31367370 -0.07497143
v 0.10375923 -0.31645718 -0.06970099
v 0.12349965 -0.30788255 -0.10153187
v 0.12183711 -0.29810193 -0.11004663
v 0.19215579 -0.27543345 -0.15965660
v 0.00255128 0.20257625 0.01472919
v 0.00612251 0.14692539 0.00902265
v -0.00053991 0.17656466 0.01047349
v -0.00060890 0.14894997 0.00611748
v 0.01151041 0.16692203 0.01466705
v 0.00761127 0.19933820 0.01743099
v 0.00220794 0.21076576 0.01758032
v 0.01474372 0.14531580 0.01637633
v 0.01354706 0.16752318 0.01773070
v 0.02228972 0.14730176 0.03124252
v 0.01642715 0.17296875 0.02724466
v 0.00809907 0.20006609 0.02282894
v -0.12900881 -0.06051715 -0.02241165
v -0.14053991 -0.07539914 -0.03194577
v -0.12402618 -0.07552206 -0.01690403
v -0.14243805 -0.05745142 -0.03541539
v -0.13740572 -0.04209409 -0.02889086
v -0.14979826 -0.05052665 -0.04515721
v -0.14376196 -0.01862616 -0.03488525
v -0.15056995 -0.02471797 -0.04491551
v -0.15899678 -0.08343682 -0.05849881
v -0.14186177 0.00107776 -0.03304593
v -0.15746978 -0.05437569 -0.05805539
v -0.14716908 0.01376518 -0.04286854
v -0.13328759 0.02333286 -0.02625903
v -0.15748717 -0.00570472 -0.05880731
v -0.12514174 -0.06565308 -0.01632981
v -0.12072364 -0.07966682 -0.01151189
v -0.15859078 0.01152495 -0.06512240
v -0.16216174 -0.01933927 -0.06884550
v -0.16677016 -0.00173396 -0.08221863
v -0.16397431 0.01139106 -0.07810368
v -0.11661660 -0.08588108 -0.00426064
v -0.16710122 -0.01929655 -0.08450669
v -0.16624799 -0.03682044 -0.08381751
v -0.16288663 -0.07782885 -0.07199679
v -0.16356726 -0.09209743 -0.07098793
v -0.16540667 -0.08177099 -0.08298215
v -0.16535437 -0.09764014 -0.08494700
v -0.14229342 -0.01641363 -0.02022083
v -0.14009580 -0.00430238 -0.01624696
v -0.13764733 0.01277884 -0.02763038
v -0.13409136 0.01927933 -0.01259017
v -0.13873020 -0.00401405 0.00352955
v -0.14070001 -0.01834808 0.00218840
v -0.16598634 -0.10343582 -0.06967811
v -0.16392857 -0.09672203 -0.04932116
v -0.16914032 -0.12186876 -0.07858510
v -0.15498072 -0.09055991 -0.03807662
v -0.13941397 -0.08368719 -0.02160852
v -0.16353354 -0.08553047 -0.09994251
v -0.16904289 -0.11146574 -0.05315558
v -0.16789283 -0.13535984 -0.09967808
v -0.16148277 -0.09551612 -0.11174048
v -0.16094166 -0.06692504 -0.11571877
v -0.16456036 -0.02891840 -0.09584527
v -0.16187413 -0.04357490 -0.10824580
v -0.17792872 -0.13025944 -0.02536828
v -0.17470691 -0.12584423 -0.01470231
v -0.18113188 -0.14663163 -0.01395643
v -0.17451361 -0.14930160 0.00819565
v -0.17506592 -0.16566488 0.00581928
v -0.18316646 -0.14797677 -0.02759347
v -0.17660400 -0.17450243 -0.00596875
v -0.17387962 -0.19050188 -0.00026046
v -0.17398439 -0.23838714 -0.01771646
v -0.17819019 -0.19733047 -0.02872091
v -0.17579237 -0.23709387 -0.02960349
v -0.17402034 -0.25276336 -0.01829516
v -0.17669061 -0.25879991 -0.03131774
v -0.17635339 -0.26449913 -0.01456155
v -0.18166488 -0.27851766 -0.03021706
v -0.17750078 -0.24391687 -0.05144846
v -0.17854923 -0.26707664 -0.05200469
v -0.17806195 -0.17813677 -0.02598126
v -0.17702490 -0.22220954 -0.04268156
v -0.17918980 -0.27374345 -0.00859595
v -0.18404043 -0.28889981 -0.03559131
v -0.16924657 -0.13575421 0.00693241
v -0.18383114 -0.29690903 -0.04803520
v -0.18070038 -0.14602014 -0.04730579
v -0.18453272 -0.28571078 -0.01040282
v -0.18085356 -0.27882698 -0.00208142
v -0.19038209 -0.30120346 -0.01783190
v -0.17503126 -0.23297405 -0.06049103
v -0.17341068 -0.14139710 -0.08113107
v -0.19078398 -0.31117171 -0.02521687
v -0.19176680 -0.31182110 -0.01207909
v -0.16937676 -0.12150552 -0.00823732
v -0.16921206 -0.20055029 -0.06529844
v -0.17421891 -0.18133613 -0.04149286
v -0.17292786 -0.25822735 -0.07803486
v -0.17061947 -0.22351183 -0.07045601
v -0.17304072 -0.26682904 -0.07702213
v -0.16502257 -0.13251306 -0.11087488
v -0.15921782 -0.10915633 -0.12674065
v -0.17927985 -0.15954292 -0.04433018
v -0.19606225 -0.30654120 0.00654981
v -0.19506238 -0.29545242 0.00532391
v -0.20067412 -0.30552104 0.03298895
v -0.20046453 -0.29351974 0.03592961
v -0.18598360 -0.28012127 0.01686176
v -0.20087565 -0.29185909 0.05564068
v -0.20186490 -0.30743834 0.06419375
v -0.20185430 -0.29179311 0.09140174
v -0.20160784 -0.30913129 0.09139372
v -0.20046690 -0.31242946 0.03631597
v -0.15705839 -0.09497100 -0.12753883
v -0.15783067 -0.05872111 -0.12639673
v -0.19575825 -0.31445229 0.00854328
v -0.18280657 -0.29858291 -0.05226580
v -0.18883793 -0.31790391 -0.03307747
v -0.16741455 -0.18299526 -0.06514892
v -0.15865135 -0.13238226 -0.13140728
v -0.17488250 -0.16261168 -0.06491622
v -0.17097840 -0.28355756 -0.08235291
v -0.16998178 -0.16340138 -0.08131270
v -0.17792957 -0.30238429 -0.06383438
v -0.16900213 -0.31480357 -0.08291363
v -0.16371764 -0.29440588 -0.09769647
v -0.16127013 -0.33183220 -0.10400187
v -0.16730392 -0.33267653 -0.08444160
v -0.17443222 -0.33292350 -0.06442323
v -0.16211389 -0.14986068 -0.10574104
v -0.16388513 -0.27350196 -0.09412418
v -0.18129699 -0.33252022 -0.04451563
v -0.15931258 -0.18609738 -0.08017962
v -0.19668666 -0.28442818 0.09156483
v -0.19320680 -0.28043696 0.07210720
v -0.16005006 -0.20003614 -0.08012895
v -0.15953627 -0.16651662 -0.10221472
v -0.14998293 -0.16325226 -0.12315568
v -0.16023679 -0.22565614 -0.08619633
v -0.19531974 -0.32114431 0.02785908
v -0.19854774 -0.31582084 0.08519892
v -0.18076846 -0.33316848 -0.01680695
v -0.18545575 -0.33196664 0.00529167
v -0.18788549 -0.27806091 0.03903451
v -0.16290060 -0.18002847 -0.08060955
v -0.15176105 -0.20643654 -0.09138314
v -0.15257517 -0.13217910 -0.14413340
v -0.15364604 -0.22753273 -0.09335893
v -0.19144087 -0.32841840 0.04751811
v -0.14914428 -0.18931824 -0.09211590
v -0.19808915 -0.31455135 0.09441026
v -0.16631684 -0.25640506 -0.00545563
v -0.18897042 -0.33104056 0.03113949
v -0.19535241 -0.31917065 0.09217622
v -0.14692409 -0.14521328 -0.14164190
v -0.14799257 -0.13208532 -0.15265845
v -0.14973409 -0.09318930 -0.02265570
v -0.16093822 -0.12365216 0.00621273
v -0.14720920 -0.09800704 -0.01005776
v -0.15534680 -0.26052526 0.01011834
v -0.16282977 -0.15246065 0.02276709
v -0.14999267 -0.29461187 -0.10788736
v -0.14906038 -0.33128223 -0.11273564
v -0.14848763 -0.27212638 -0.10489025
v 0.06319840 0.07351223 0.44798988
v 0.06006217 0.04989229 0.45806524
v 0.05939011 0.04855724 0.45228574
v 0.06368372 0.08589450 0.46034893
v 0.06644934 0.09330883 0.45212507
v 0.06492211 0.09042508 0.43943661
v 0.05615404 0.03912341 0.45194209
v 0.05477315 0.03560032 0.45821115
v 0.05975487 0.06986638 0.43980235
v 0.06895247 0.09609964 0.46288711
v 0.06205690 0.09488133 0.43120253
v 0.04866540 0.02710487 0.45619515
v 0.05969551 0.06422319 0.46389732
v 0.05439426 0.04431507 0.46427608
v 0.05978347 0.08193583 0.46626240
v 0.06007250 0.08773789 0.46879801
v 0.05552131 0.06673417 0.46779215
v 0.06142544 0.09721923 0.47253397
v 0.04669845 0.02789528 0.46017766
v -0.12793280 -0.32120487 0.14826855
v -0.12620604 -0.31841734 0.12637588
v -0.12440694 -0.32441810 0.16355522
v -0.13399670 -0.31609324 0.12875381
v -0.13030104 -0.32137382 0.16065620
v -0.13470371 -0.31520641 0.11043066
v -0.12488876 -0.31735975 0.11121004
v -0.12273158 -0.32457647 0.17274840
v -0.13897429 -0.31114325 0.10942652
v -0.12666097 -0.32067904 0.17360726
v -0.13623311 -0.31240019 0.13303483
v -0.13213724 -0.31757346 0.16263554
v -0.11614189 -0.31376129 0.10888194
v -0.11602238 -0.31467533 0.12628525
v -0.11531233 -0.31750271 0.14665557
v -0.11778688 -0.32156724 0.16407855
v 0.20433562 -0.31319848 -0.11557523
v 0.21314606 -0.31775859 -0.08964651
v 0.20669939 -0.31086263 -0.09431270
v 0.21575151 -0.31883019 -0.07906103
v 0.22181833 -0.32511064 -0.07548792
v 0.20139076 -0.30564997 -0.11355602
v 0.20331930 -0.30505347 -0.10160331
v 0.22049356 -0.32624879 -0.06191923
v 0.20980234 -0.31695789 -0.11635439
v 0.20569138 -0.31295872 -0.12203290
v 0.21973719 -0.32155707 -0.09389154
v 0.20324050 -0.30559808 -0.12328403
v 0.22387071 -0.32800484 -0.06022171
v 0.21389958 -0.31703427 -0.12355834
v 0.21917380 -0.32042423 -0.11526526
v 0.22072214 -0.31827489 -0.12587477
v 0.21658042 -0.31715766 -0.07489157
v 0.21575032 -0.31098890 -0.07785354
v 0.20945078 -0.30415401 -0.08806963
v -0.08302128 0.06495346 0.41110015
v -0.08349921 0.06956864 0.41839364
v -0.08429502 0.03878318 0.41615751
v -0.08477884 0.02353773 0.40741897
v -0.08408565 0.06741539 0.40329275
v -0.07992811 0.08606117 0.40519923
v -0.07940920 0.08772942 0.41511372
v -0.08730065 0.01776196 0.41524589
v -0.08727541 0.01426692 0.40924144
v -0.08703333 0.02079040 0.40145871
v -0.07474716 0.09519463 0.40394810
v -0.08302955 0.08947298 0.42351955
v -0.08660815 0.03475302 0.41968930
v -0.08601680 0.06725413 0.42228380
v -0.08667029 0.08612550 0.42440763
v -0.07707707 0.09132329 0.41685626
v -0.08897865 0.04647515 0.42315185
v -0.08377202 0.08674832 0.39716211
v -0.08838028 0.06966180 0.39629304
v -0.08075313 0.09557807 0.39381206
v -0.08948403 0.02719502 0.39846683
v -0.08529425 0.09308681 0.42723697
v -0.09079096 0.08547673 0.39290681
v -0.09309782 0.05989169 0.39452058
v -0.09269961 0.09284609 0.38893291
v 0.12111153 0.05540153 0.33465186
v 0.11968850 0.05673189 0.34412259
v 0.12056630 0.02945613 0.34163672
v 0.12283364 0.07206122 0.33726853
v 0.11796849 0.03454912 0.34919471
v 0.12021814 0.01551649 0.34394655
v 0.11921925 0.07390071 0.34786397
v 0.11650732 0.01254765 0.34999391
v 0.11841904 0.00389606 0.34803051
v 0.12238661 0.07087698 0.32661536
v 0.12559427 0.09560469 0.35339114
v 0.11908364 0.03508947 0.33194208
v 0.12010439 0.06070029 0.32734647
v 0.11890890 0.02212612 0.33903912
v 0.11976514 0.01570935 0.34071258
v 0.13064142 0.09296456 0.33751526
v 0.12799126 0.08136158 0.32607901
v 0.13166380 0.09346846 0.32540351
v 0.13444877 0.11292027 0.33818576
v 0.13489935 0.11340903 0.32293192
v 0.13142948 0.10789736 0.34885398
v 0.13136347 0.10779519 0.35450572
v 0.13292722 0.10780228 0.31982437
v 0.12765869 0.09241495 0.31276995
v 0.12459484 0.08060458 0.31651989
v 0.11670748 0.08032675 0.35696444
v 0.11193446 0.07046571 0.35792506
v 0.11336239 0.05739748 0.35279876
v 0.12153088 0.01104193 0.33766416
v 0.12559466 -0.00146550 0.34309307
v 0.11866680 -0.00304993 0.34927177
v 0.12218212 -0.00111707 0.33224049
v 0.12822582 0.11843360 0.30964610
v -0.08982409 0.01252385 0.19419819
v -0.09559841 0.00433127 0.17889068
v -0.08900157 0.00401608 0.18671528
v -0.08158218 -0.00480689 0.18705697
v -0.07847042 0.00786629 0.20817533
v -0.08840682 0.01817251 0.20837672
v -0.09540344 0.02537399 0.19552855
v -0.09330712 0.02527979 0.20424204
v -0.09568718 0.02105550 0.18351994
v -0.09151965 -0.00771811 0.17936882
v -0.09826104 0.02002089 0.17793411
v -0.09745717 0.02986954 0.18635787
v -0.10081657 0.03979992 0.19611630
v -0.09674822 0.02617283 0.20421258
v -0.09505424 -0.05013332 0.41132906
v -0.10938965 -0.03738524 0.39826870
v -0.09834776 -0.05484948 0.39595214
v -0.11102392 -0.04214657 0.38091531
v -0.09735747 -0.06009206 0.38223284
v -0.11946106 -0.02520165 0.38031790
v -0.11981404 -0.03043273 0.35481277
v -0.11451212 -0.03866516 0.35329551
v -0.12521546 -0.02050077 0.34552097
v -0.12354589 -0.02340890 0.32693350
v -0.11683411 -0.03310646 0.32575533
v -0.10114704 -0.05436656 0.35537714
v -0.12676853 -0.01622734 0.31474045
v -0.10269087 -0.04862118 0.32287446
v -0.11463404 -0.02787492 0.29488352
v -0.12377773 -0.00517468 0.26532555
v -0.13056567 -0.00149649 0.28883398
v -0.12841438 0.00376880 0.26305255
v -0.13150564 -0.00341888 0.31693402
v -0.09807850 -0.04629787 0.29807740
v -0.10683102 -0.03115407 0.28106591
v -0.08545389 -0.06807600 0.35406688
v -0.08658364 -0.06272443 0.32775378
v -0.08148173 -0.07291875 0.38253793
v -0.07961062 -0.07182457 0.35036033
v -0.08225010 -0.06998769 0.39544016
v -0.06612538 -0.08277725 0.37609255
v -0.06562331 -0.08216715 0.39581680
v -0.08044802 -0.06523947 0.41256207
v -0.13166048 0.01142367 0.26663950
v -0.12640949 0.01244293 0.24805358
v -0.13017999 0.02023482 0.24541713
v -0.13381572 0.00769367 0.29977489
v -0.12905829 0.02879967 0.23365831
v -0.12879007 -0.00665578 0.35288358
v -0.12318028 -0.01502869 0.37549743
v -0.13292862 0.00285424 0.31283286
v -0.11748494 -0.02087406 0.39354855
v -0.13362680 0.01399111 0.28494954
v -0.13379492 0.02077679 0.27008235
v -0.11239966 -0.02317469 0.40494466
v -0.13272201 0.03080643 0.25249955
v -0.13086477 0.04333563 0.23448469
v -0.13107342 -0.00005452 0.32351956
v -0.12999113 -0.00290792 0.33911154
v -0.12754592 0.03901555 0.22226878
v -0.12789395 0.05155203 0.21680149
v -0.12497874 0.05294709 0.20947453
v -0.10048066 -0.02041418 0.25875831
v -0.10634037 -0.03344842 0.40816310
v -0.06675765 -0.07458994 0.41311735
v -0.10989684 -0.00526876 0.25080016
v -0.11854336 0.05031370 0.20434207
v -0.05126949 -0.08875073 0.39658213
v -0.08244265 -0.01886370 0.24031490
v -0.08383173 -0.01441840 0.23659015
v -0.11212154 0.01727064 0.23158397
v -0.09464506 0.00261397 0.23151182
v -0.07311712 -0.00076656 0.21013221
v -0.09906951 0.01989191 0.21720003
v -0.10533506 0.04362080 0.20127106
v -0.11092042 0.03221193 0.21862669
v -0.10363846 0.05152133 0.19602941
v -0.11713317 0.05359220 0.20122357
v 0.08327197 0.06061081 0.41580206
v 0.08356419 0.05886896 0.40571105
v 0.08540351 0.02351872 0.40963927
v 0.08506574 0.03354108 0.41453460
v 0.07865272 0.08866116 0.40659362
v 0.07887700 0.08979824 0.41619453
v 0.08768223 0.01764297 0.41496998
v 0.08872176 0.01506896 0.40761805
v 0.08712931 0.02475926 0.40319225
v 0.08535863 0.06300980 0.42142254
v 0.08179392 0.09063441 0.42503160
v 0.08820657 0.04408339 0.42248631
v 0.08799653 0.07438339 0.42691454
v 0.07476161 0.09480309 0.40968043
v 0.07622550 0.09290122 0.42378572
v 0.07825925 0.09728549 0.39763185
v 0.08919315 0.02020795 0.40230817
v 0.08336905 0.08718286 0.39710629
v 0.08691832 0.06505998 0.39885804
v -0.11393663 -0.22523047 0.32544240
v -0.12441202 -0.21730484 0.34082755
v -0.12091387 -0.21754968 0.35448638
v -0.12503077 -0.22117320 0.31688389
v -0.12597114 -0.21528317 0.35903963
v -0.10908400 -0.22798404 0.33531231
v -0.12504679 -0.21650705 0.36293820
v -0.10747272 -0.22995605 0.34595984
v -0.11448102 -0.22785398 0.36497158
v -0.11953429 -0.23820654 0.38486496
v -0.12115581 -0.25141114 0.40150627
v -0.11597268 -0.25057811 0.38237354
v -0.11403696 -0.24214637 0.37382719
v -0.11027969 -0.24840066 0.36896154
v -0.12621409 -0.23917922 0.40003487
v -0.12191324 -0.26128405 0.41764760
v -0.12608394 -0.25995401 0.42369461
v -0.12279101 -0.26709259 0.42305535
v -0.11995642 -0.26113200 0.39791614
v -0.10950474 -0.24303176 0.36705640
v -0.10836606 -0.23486117 0.35908681
v -0.11561741 -0.25881204 0.37795147
v -0.11069334 -0.25772312 0.36470550
v -0.12230137 -0.23269150 0.37383601
v -0.12530185 -0.27008793 0.42617524
v -0.12660754 -0.26720884 0.42723191
v -0.13128775 -0.23088235 0.39251021
v -0.13092576 -0.24091138 0.40786389
v -0.13005057 -0.25417730 0.42005441
v -0.12735878 -0.22968882 0.37318122
v -0.07381605 -0.31445563 0.12497635
v -0.07168753 -0.31613624 0.14819628
v -0.07430507 -0.31469923 0.15856284
v -0.06825020 -0.31752753 0.17086932
v -0.06560829 -0.31854746 0.16522346
v -0.06636415 -0.31667522 0.13269141
v -0.07495783 -0.31535932 0.10738205
v -0.06377859 -0.31970277 0.11009275
v -0.06268460 -0.31688988 0.13002394
v -0.05860462 -0.31245703 0.14793871
v -0.06401400 -0.31621626 0.16827562
v -0.05629095 -0.31402507 0.10600953
v -0.05342009 -0.31206173 0.10295617
v 0.09591363 -0.04447987 0.41310552
v 0.10244647 -0.02819011 0.41397211
v 0.08621293 -0.03815820 0.42599702
v 0.07599916 -0.05569553 0.42621756
v 0.07374117 -0.04435127 0.43259993
v 0.06414839 -0.05708816 0.43347475
v 0.06014887 -0.05163224 0.43771976
v 0.04705183 -0.06516912 0.43829024
v 0.04448519 -0.05717325 0.44292542
v 0.02660992 -0.06968260 0.44205934
v 0.02307629 -0.06034332 0.44673234
v 0.07965115 -0.06408464 0.41231352
v 0.11179119 -0.02235577 0.40282008
v 0.04761989 -0.07562966 0.42549658
v 0.02707303 -0.08252748 0.42657691
v 0.04755967 -0.08366860 0.41253814
v 0.02839378 -0.08922228 0.41337073
v 0.06483555 -0.07564967 0.41194919
v 0.06170942 -0.06689546 0.42650273
v 0.06595486 -0.08131644 0.39799380
v 0.07656066 -0.07466307 0.39666381
v 0.05187906 -0.08799171 0.39619669
v 0.03144107 -0.09497203 0.39486891
v 0.00457230 -0.07330533 0.44233751
v 0.00006136 -0.08518988 0.42723769
v -0.00070555 -0.08997739 0.41771927
v 0.00074859 -0.09740289 0.39607593
v -0.02630882 -0.08493143 0.42413878
v -0.02786845 -0.08991054 0.41346103
v -0.03148798 -0.09534176 0.39535403
v 0.06928381 -0.08157576 0.37634778
v 0.07854379 -0.07617241 0.37614757
v 0.05131998 -0.08826305 0.37581310
v -0.00010405 -0.09719312 0.38421667
v -0.05171993 -0.08218729 0.41440681
v -0.05126949 -0.08875073 0.39658213
v -0.06562331 -0.08216715 0.39581680
v -0.06675765 -0.07458994 0.41311735
v -0.03549947 -0.05918170 0.44385689
v -0.04681764 -0.06605095 0.43618387
v -0.02862080 -0.06834827 0.44164145
v -0.05481079 -0.05617813 0.43787876
v -0.06408309 -0.06506570 0.42767942
v -0.06863020 -0.05256784 0.43280131
v -0.07945070 -0.05836752 0.42101124
v -0.07890821 -0.04849745 0.42781579
v -0.05049538 -0.07601879 0.42499122
v -0.02416168 -0.07268927 0.43950987
v -0.09475394 -0.03981666 0.41934356
v -0.09505424 -0.05013332 0.41132906
v -0.08044802 -0.06523947 0.41256207
v -0.00072601 -0.06956403 0.44488209
v -0.02017906 -0.06127410 0.44623816
v -0.00132326 -0.06220414 0.44762480
v -0.10634037 -0.03344842 0.40816310
v -0.10642876 -0.02759255 0.41107094
v -0.11239966 -0.02317469 0.40494466
v 0.22928169 -0.30175176 0.34299687
v 0.22270803 -0.30420673 0.32321200
v 0.22899140 -0.31801695 0.34234381
v 0.22539303 -0.31872118 0.32893240
v 0.23624605 -0.32186842 0.35914913
v 0.22736016 -0.29532906 0.33423656
v 0.23458928 -0.32488427 0.35318103
v 0.23931850 -0.32942599 0.36310345
v 0.23654455 -0.30513462 0.35530597
v 0.22561753 -0.29078227 0.32207927
v 0.22491556 -0.31847075 0.31941482
v 0.22258095 -0.30446061 0.31705114
v 0.23192222 -0.29580942 0.34247833
v 0.23951276 -0.31787929 0.36142498
v 0.22648589 -0.29397815 0.31553230
v 0.24539830 -0.33055863 0.36672169
v 0.23531798 -0.28750688 0.32291067
v 0.00129941 0.13231745 -0.25953895
v 0.01216456 0.11007663 -0.25571868
v 0.00852371 0.09181739 -0.25787368
v 0.00090444 0.09151120 -0.26077089
v 0.00668932 0.14580157 -0.25570703
v 0.00126562 0.15438911 -0.25756028
v 0.01292511 0.08978864 -0.25527382
v 0.01755658 0.08913497 -0.25059429
v 0.00217765 0.15802053 -0.25476220
v 0.01334172 0.11729719 -0.25191611
v -0.00259611 0.09187960 -0.26036251
v -0.00572398 0.13180852 -0.25589666
v -0.08567485 -0.22595988 0.32630721
v -0.09118631 -0.22792953 0.33457059
v -0.07495832 -0.22152716 0.33665159
v -0.07150042 -0.21784046 0.35468462
v -0.08210133 -0.22375187 0.35419908
v -0.07568025 -0.22508860 0.32257918
v -0.07383629 -0.22487634 0.31416211
v -0.09104273 -0.22663091 0.32639053
v -0.10747272 -0.22995605 0.34595984
v -0.09584752 -0.22345857 0.31143773
v -0.10908400 -0.22798404 0.33531231
v -0.07556358 -0.22154866 0.29728708
v -0.11393663 -0.22523047 0.32544240
v -0.09151060 -0.23245965 0.35192791
v -0.12381625 -0.21968128 0.30680513
v -0.09779394 -0.22011796 0.29924640
v -0.06079513 -0.22447558 0.29814145
v -0.10836606 -0.23486117 0.35908681
v -0.12503077 -0.22117320 0.31688389
v -0.14082177 -0.21968605 0.30182037
v -0.13963002 -0.22160870 0.31132743
v -0.12786932 -0.22073025 0.32182580
v -0.13817380 -0.22243808 0.32658473
v -0.06340225 -0.22953536 0.33012098
v -0.04627788 -0.23398665 0.32176882
v -0.04854340 -0.22617511 0.29010308
v -0.05627419 -0.23272814 0.33853853
v -0.12441202 -0.21730484 0.34082755
v -0.04965027 -0.23807535 0.35323894
v -0.13142365 -0.21772632 0.35858136
v -0.03641981 -0.23943622 0.32345906
v -0.03807304 -0.23173366 0.28458273
v -0.04572110 -0.22391911 0.26824307
v -0.06097025 -0.21479343 0.27274060
v -0.04991823 -0.21813218 0.25192854
v -0.08992407 -0.23974825 0.36279315
v -0.04170735 -0.24272320 0.35103983
v -0.03130968 -0.24258146 0.32153940
v -0.12597114 -0.21528317 0.35903963
v -0.14767997 -0.22750449 0.31754681
v -0.12504679 -0.21650705 0.36293820
v -0.06901975 -0.22129613 0.36704701
v -0.07940396 -0.22762270 0.36825854
v -0.10950474 -0.24303176 0.36705640
v -0.13977781 -0.22731650 0.36589676
v -0.09199223 -0.24831806 0.36920092
v -0.11027969 -0.24840066 0.36896154
v -0.19960093 -0.29539102 0.11420626
v -0.20075023 -0.29945099 0.09630941
v -0.20057519 -0.31151250 0.11049613
v -0.19850919 -0.31018758 0.12923343
v -0.19992447 -0.29325557 0.09279028
v -0.20009869 -0.31226507 0.09672300
v -0.19743586 -0.29680610 0.12365226
v -0.19338183 -0.32028425 0.14557649
v -0.19490081 -0.30464518 0.13455635
v -0.19701093 -0.28783879 0.09301805
v -0.19808915 -0.31455135 0.09441026
v -0.19501995 -0.28829351 0.11022697
v -0.18964092 -0.31374347 0.14637677
v -0.18923715 -0.32502794 0.15258551
v -0.19625741 -0.31675938 0.12018435
v -0.20160784 -0.30913129 0.09139372
v -0.20185430 -0.29179311 0.09140174
v -0.19668666 -0.28442818 0.09156483
v -0.18896471 -0.29678214 0.13153116
v -0.18872923 -0.28651103 0.11596853
v -0.18821970 -0.28253308 0.10183395
v -0.18885885 -0.28279731 0.09355158
v -0.06083094 0.08570758 0.44503751
v -0.05637116 0.06324106 0.44744852
v -0.05644727 0.05674346 0.45470473
v -0.06369105 0.09105198 0.45089102
v -0.05806813 0.08826120 0.43685782
v -0.05065700 0.05047805 0.44667161
v -0.04991051 0.04166110 0.45272553
v -0.06358107 0.09330105 0.43960765
v -0.04434230 0.03796371 0.44832239
v -0.05139073 0.07484721 0.43683055
v -0.05700946 0.09524862 0.43200156
v -0.04514918 0.03656239 0.45485258
v -0.06313602 0.09118019 0.45938087
v -0.06430085 0.09447694 0.46366653
v -0.05604741 0.06227299 0.46174881
v -0.04993640 0.04545387 0.45970964
v -0.06161613 0.09348996 0.46714064
v -0.06694467 0.09452563 0.45441622
v -0.07041073 0.09822509 0.46514872
v 0.06582001 -0.02452815 0.41526711
v 0.05885957 -0.02949303 0.41887149
v 0.06497865 -0.02800029 0.41836053
v 0.06099230 -0.02418827 0.41528177
v 0.05584351 -0.04473086 0.42404267
v 0.06425990 -0.04347953 0.42185429
v 0.07510661 -0.03664668 0.41344133
v 0.08008721 -0.03303818 0.40876481
v 0.07686925 -0.02126267 0.40358880
v 0.08402050 -0.03001392 0.40136826
v -0.00078146 0.08638596 0.44941705
v -0.00038410 0.07194975 0.45196462
v -0.01095745 0.07820220 0.45548308
v -0.00942484 0.09492656 0.45337695
v 0.00120465 0.09858099 0.44894144
v -0.01365156 0.10645409 0.45437941
v -0.01565024 0.09689687 0.45793912
v 0.00102195 0.05064691 0.45891908
v -0.00295989 0.10714845 0.44724554
v -0.02429424 0.09828106 0.45949611
v -0.01171455 0.06639092 0.46172860
v 0.00120232 0.04043716 0.46267459
v -0.01987211 0.08945373 0.46320352
v -0.02367995 0.09164082 0.46647805
v -0.01753480 0.07503150 0.46584821
v -0.00590054 0.04711503 0.46750852
v -0.01472357 0.11076757 0.45131832
v 0.00572418 0.10757574 0.44616741
v -0.02636613 0.11095138 0.45389611
v -0.03177370 0.08914848 0.46808550
v -0.02137625 0.08983774 0.47065744
v 0.00250497 0.22105603 0.16351664
v 0.00818817 0.22119510 0.16790850
v 0.00865494 0.19551757 0.17196174
v -0.00004077 0.19232465 0.16752993
v 0.00302598 0.23274894 0.16056927
v 0.01181040 0.18614586 0.17776206
v -0.00062882 0.18363355 0.16998082
v 0.01218525 0.20439816 0.17626201
v 0.00598238 0.23861775 0.16606784
v 0.00381976 0.24293250 0.16047758
v 0.00060274 0.24736103 0.15749255
v 0.01609888 0.19326617 0.18753465
v 0.01145463 0.21918130 0.17759702
v 0.01488300 0.20772888 0.18827415
v 0.01610480 0.20273289 0.19934122
v 0.01157531 0.21918084 0.18643276
v 0.00123279 0.24760784 0.16206148
v -0.00195402 0.22265425 0.16347025
v -0.00236862 0.23454601 0.16095504
v 0.11595921 -0.31399265 0.38060236
v 0.12986821 -0.31497419 0.38856521
v 0.12115631 -0.31434762 0.39435327
v 0.12615050 -0.31568298 0.36970109
v 0.11057664 -0.31409776 0.37202403
v 0.13397175 -0.32105237 0.41693822
v 0.13617773 -0.31388551 0.38714212
v 0.13384756 -0.31393227 0.36686721
v 0.12651284 -0.31673229 0.40799057
v 0.13076593 -0.32016975 0.41775060
v 0.13678446 -0.31871277 0.41593415
v -0.08571773 0.09854865 0.44909292
v -0.08790383 0.07849412 0.44653943
v -0.08457815 0.08427842 0.45467770
v -0.08764603 0.07297207 0.45142275
v -0.08681852 0.09770955 0.44349644
v -0.08410693 0.10409875 0.45305315
v -0.08700712 0.09832994 0.43995562
v -0.08709259 0.05881330 0.44723552
v -0.08431183 0.08202171 0.44071069
v -0.08363887 0.07179527 0.45653263
v -0.07793735 0.10072882 0.45818013
v -0.07267357 0.10652550 0.46790868
v -0.08632747 0.10986627 0.45387274
v -0.06623048 0.11201467 0.47470367
v -0.08257969 0.12803854 0.45294327
v -0.09444395 0.12538874 0.43978181
v -0.09660669 0.16009077 0.42753130
v -0.10501959 0.11992799 0.42613974
v -0.10434417 0.14005895 0.42290545
v -0.10567023 0.11093973 0.42548847
v -0.11652377 0.11169022 0.40731555
v -0.11287367 0.13470617 0.41066301
v -0.12398610 0.12272966 0.39132965
v -0.12560962 0.11399295 0.38966227
v -0.13201544 0.11948887 0.38046932
v -0.10301560 0.17415957 0.41246849
v -0.09507920 0.18593578 0.42247075
v -0.09350068 0.17786774 0.42659357
v -0.09078923 0.17140383 0.43114534
v -0.09478630 0.19667488 0.41886440
v -0.11330195 0.15231249 0.40239051
v -0.08494925 0.16383567 0.43790680
v -0.06535798 0.12598187 0.47116485
v -0.08193465 0.14776030 0.44592294
v -0.12379482 0.13520984 0.38457307
v -0.13085361 0.12892175 0.37537256
v -0.05748383 0.10745296 0.48177949
v -0.13906412 0.11935725 0.37193507
v -0.13339786 0.11166281 0.37314260
v -0.14509834 0.12301563 0.35862285
v -0.14273563 0.11385950 0.36085513
v -0.09901986 0.10621897 0.43158501
v -0.07041073 0.09822509 0.46514872
v -0.07131217 0.09409471 0.46168065
v -0.07692664 0.08804850 0.45875594
v -0.12207557 0.11098727 0.39343077
v -0.08324239 0.05823150 0.44925642
v -0.10643573 0.10371293 0.41392377
v -0.11572565 0.10641251 0.39850020
v -0.05166688 0.10141998 0.48174918
v -0.04620191 0.10126632 0.48550302
v -0.04944779 0.09612368 0.48381174
v -0.04777125 0.08595812 0.48727080
v -0.03464979 0.10864281 0.49412405
v -0.04596615 0.11118767 0.48919502
v -0.14337926 0.11639045 0.35696974
v -0.09949192 0.10059959 0.42162952
v -0.04206480 0.09919361 0.48592526
v -0.06430085 0.09447694 0.46366653
v -0.04556416 0.08109888 0.48722774
v -0.11158229 0.08205675 0.36860731
v -0.12388017 0.07529712 0.37964714
v -0.11576323 0.07106233 0.37016958
v -0.11783383 0.05983138 0.36798087
v -0.11018118 0.07603227 0.36463106
v -0.12538752 0.05709689 0.37351552
v -0.11021177 0.09391943 0.37395185
v -0.12235716 0.05355459 0.36860907
v -0.11833040 0.09893515 0.38083386
v -0.11417994 0.10327020 0.38278005
v -0.11449095 0.07229645 0.36442390
v 0.13406858 -0.19980450 -0.11445595
v 0.13713588 -0.19721305 -0.08694252
v 0.12673028 -0.19415174 -0.10395662
v 0.12065672 -0.18719147 -0.08871589
v 0.13086157 -0.20062518 -0.13423684
v 0.10154904 -0.17766933 -0.11991423
v 0.10462744 -0.17552286 -0.09124348
v 0.10179655 -0.18030195 -0.15361419
v 0.11870733 -0.19422103 -0.15153269
v 0.12837501 -0.20178680 -0.15065187
v 0.10319740 -0.18582951 -0.17591980
v 0.12669614 -0.20324920 -0.16153724
v 0.12505703 -0.20605421 -0.17385302
v 0.13803299 -0.19243489 -0.07208781
v 0.12223390 -0.20919989 -0.18790862
v 0.10668244 -0.19537781 -0.19211119
v 0.09963894 -0.19196115 -0.20072131
v 0.12738942 -0.17727944 -0.06028837
v 0.09355149 -0.16076754 -0.08851036
v 0.10886089 -0.16420799 -0.07278008
v 0.13999461 -0.18580841 -0.06305838
v 0.12248612 -0.16502957 -0.05648446
v 0.10894448 -0.20031075 -0.19258942
v 0.10261053 -0.14971630 -0.06981660
v 0.09129722 -0.13127013 -0.06895594
v 0.09052825 -0.15421416 -0.08764858
v 0.08585470 -0.13391019 -0.07872336
v 0.11185440 -0.12922579 -0.04856126
v 0.09902310 -0.12706400 -0.06027805
v 0.10625864 -0.11990947 -0.04820830
v 0.11730123 -0.14297113 -0.05043532
v 0.11392316 -0.12579031 -0.04552701
v 0.11290894 -0.11365452 -0.04215098
v 0.14060898 -0.18035039 -0.05823289
v 0.11363191 -0.21466134 -0.19164446
v 0.14287150 -0.16818573 -0.05375285
v 0.13156626 -0.15727825 -0.05305085
v 0.12262788 -0.14643750 -0.05125733
v 0.14424947 -0.15041007 -0.04982702
v 0.14281389 -0.10891224 -0.04381272
v 0.14415741 -0.12866955 -0.04631730
v 0.13376591 -0.11961342 -0.04669566
v 0.13142616 -0.08556617 -0.04155457
v 0.08167832 -0.13030262 -0.10187020
v 0.08645867 -0.15103704 -0.11924428
v 0.08277890 -0.13984121 -0.12448379
v 0.07983632 -0.12525518 -0.11501196
v 0.08525619 -0.15064681 -0.16047798
v 0.08201188 -0.13751273 -0.15429051
v 0.08396269 -0.14758889 -0.17960720
v 0.08644796 -0.15732925 -0.18026860
v 0.08975457 -0.16192541 -0.15560512
v 0.08563303 -0.15530102 -0.20512420
v 0.09303355 -0.18232863 -0.21036167
v 0.09163936 -0.17493108 -0.22487688
v 0.09102437 -0.16832593 -0.17929444
v 0.09178399 -0.16353574 -0.12562700
v 0.07994266 -0.12352508 -0.12323211
v 0.09188853 -0.16859750 -0.23484465
v 0.09486847 -0.17822649 -0.18966451
v 0.08947073 -0.14872284 -0.23143430
v 0.09227227 -0.16395271 -0.24283446
v 0.08029054 -0.11839757 -0.13105601
v 0.08422565 -0.13626572 -0.17683606
v 0.08190472 -0.10621933 -0.14598690
v 0.08706311 -0.14381196 -0.20614196
v 0.08940502 -0.12385284 -0.19704914
v 0.09082869 -0.12776265 -0.21158686
v 0.08663832 -0.11992481 -0.17905346
v 0.08438107 -0.11273732 -0.16013709
v 0.08376397 -0.10407808 -0.15234867
v 0.09368201 -0.13465300 -0.23987974
v 0.08740318 -0.09457444 -0.15945145
v 0.08843878 -0.11058531 -0.16780187
v 0.08759266 0.08747873 0.44132456
v 0.08945255 0.05906453 0.44531050
v 0.08590816 0.07387741 0.44018030
v 0.08115820 0.09114844 0.43617395
v 0.08379294 0.05406369 0.44213545
v 0.08062746 0.06673227 0.44040990
v 0.08375919 0.09372368 0.43511140
v 0.08886189 0.09695326 0.44269922
v 0.09108356 0.06627972 0.44915804
v 0.08844100 0.09986838 0.44901666
v 0.08896769 0.05580618 0.44949940
v 0.08330848 0.05135620 0.44600371
v 0.10159937 0.08089955 0.28420478
v 0.09626019 0.07649625 0.29307353
v 0.09340765 0.07006517 0.28785837
v 0.09297547 0.06530585 0.28114691
v 0.10376074 0.08760243 0.28741986
v 0.10145918 0.08588357 0.29586238
v 0.10558029 0.09100071 0.29738584
v 0.10111137 0.08430675 0.30722028
v 0.10125684 0.08493999 0.30197451
v 0.09738215 0.07844945 0.30660450
v 0.10040340 0.07868310 0.29970729
v 0.09757196 0.06440563 0.29999098
v 0.09291918 0.05989813 0.28832120
v 0.09173876 0.06109329 0.28339610
v 0.09113932 0.05914562 0.27274209
v 0.09150673 0.05296962 0.27961794
v 0.08876052 0.05362104 0.27295470
v 0.09568106 0.05653547 0.29462141
v 0.11367830 0.09597233 0.30167300
v 0.11221839 0.08912822 0.27682877
v 0.11361360 0.09234829 0.28360125
v 0.11945481 0.09922159 0.28821522
v 0.11899552 0.10158999 0.30274269
v 0.10572692 0.07524769 0.27695236
v 0.11253173 0.07909571 0.26803097
v 0.10690590 0.06851047 0.26878411
v 0.11125960 0.07218723 0.25945967
v 0.10414994 0.06142217 0.25908989
v 0.09777291 0.06080911 0.26960790
v 0.09728435 0.05185363 0.26914409
v 0.08842296 0.07428318 0.45459732
v 0.08212877 0.08203984 0.45701531
v 0.08437329 0.06431977 0.45370725
v 0.08896769 0.05580618 0.44949940
v 0.08316060 0.05535326 0.44986129
v 0.08177049 0.10089202 0.45632461
v 0.07547828 0.09751116 0.45753717
v 0.08330848 0.05135620 0.44600371
v 0.08844100 0.09986838 0.44901666
v 0.09108356 0.06627972 0.44915804
v 0.05173991 0.02457818 0.27788302
v 0.05195595 0.02962880 0.29641071
v 0.05342247 0.02164626 0.28256714
v 0.04989147 0.02844788 0.27262801
v 0.04775478 0.03809889 0.29088190
v 0.05548624 0.01580026 0.29235345
v 0.05425985 0.02172124 0.30819541
v 0.05728773 0.01458423 0.31106022
v 0.04591840 0.04221383 0.30768055
v 0.04575486 0.03776545 0.31862065
v 0.04160887 0.04646494 0.29282427
v 0.04360416 0.03939041 0.27768090
v 0.05437065 0.01083280 0.32013878
v 0.04772720 0.01205485 0.33874923
v 0.05505668 0.00294339 0.32921290
v 0.04815158 -0.00005687 0.35130054
v 0.04084662 0.03332011 0.33400390
v 0.03964170 0.04412760 0.32386485
v 0.05650346 -0.00292732 0.33627808
v 0.03833814 0.01939243 0.34849092
v 0.05652566 -0.01001414 0.35128880
v 0.03238253 0.04676047 0.33252734
v 0.03233062 0.05155719 0.32297945
v 0.03530388 0.05291161 0.30726483
v 0.05078087 -0.01493831 0.36396509
v 0.03137585 0.03161997 0.34680784
v 0.03498960 0.00120721 0.36536798
v 0.05878142 -0.02274911 0.36559579
v 0.03996502 -0.02281074 0.37910396
v 0.02816669 -0.00655100 0.37665626
v 0.02410705 0.00234307 0.37262070
v 0.03030544 -0.00180968 0.37067771
v 0.02622542 -0.00051463 0.37276009
v 0.02406623 -0.00486639 0.37815386
v 0.04596880 -0.03182020 0.38146839
v 0.02983803 -0.03189033 0.38953507
v -0.14060561 -0.24295560 0.39994472
v -0.14513205 -0.24772374 0.38480750
v -0.13700128 -0.25379354 0.41202709
v -0.13934553 -0.26030734 0.40231168
v -0.13197953 -0.26588657 0.42180085
v -0.14691864 -0.25285515 0.37225637
v -0.13849533 -0.26343799 0.40028182
v -0.14212510 -0.26294675 0.38019729
v -0.14300227 -0.26133117 0.37239721
v -0.14080323 -0.23704104 0.38658836
v -0.14183517 -0.23780936 0.36997658
v -0.13759032 -0.24168454 0.40331197
v -0.13005057 -0.25417730 0.42005441
v -0.12660754 -0.26720884 0.42723191
v -0.12530185 -0.27008793 0.42617524
v -0.13572156 -0.23247181 0.38828591
v -0.13785627 -0.23339982 0.37088493
v -0.13128775 -0.23088235 0.39251021
v -0.13092576 -0.24091138 0.40786389
v -0.12608394 -0.25995401 0.42369461
v -0.12735878 -0.22968882 0.37318122
v 0.12349965 -0.30788255 -0.10153187
v 0.11713913 -0.31140292 -0.08763363
v 0.11813575 -0.32121515 -0.09599465
v 0.10978474 -0.32331726 -0.07371339
v 0.11260559 -0.32617831 -0.08579587
v 0.10496617 -0.33006874 -0.06659150
v 0.12001105 -0.32147187 -0.11283507
v 0.12618232 -0.30806386 -0.11273179
v 0.12481575 -0.30961686 -0.11909896
v 0.12009419 -0.32178059 -0.12012635
v 0.12459577 -0.32153910 -0.13374494
v 0.12899381 -0.31064227 -0.12577224
v 0.10466132 -0.33141086 -0.07439774
v 0.11656122 -0.30586112 -0.08966067
v 0.10842850 -0.31367370 -0.07497143
v 0.12183711 -0.29810193 -0.11004663
v 0.10375923 -0.31645718 -0.06970099
v 0.11875636 -0.29630917 -0.11451973
v 0.13417774 0.14635137 0.32635841
v 0.13384317 0.14859916 0.35297564
v 0.13962451 0.13986684 0.34050938
v 0.13965175 0.13499548 0.32363924
v 0.14554201 0.12933186 0.33549273
v 0.14898415 0.12004978 0.32640290
v 0.15039532 0.12097358 0.33725932
v 0.14364418 0.12924434 0.31669545
v 0.14848588 0.11990494 0.31779140
v 0.14706321 0.12611751 0.30642885
v 0.14924499 0.12116606 0.30390957
v 0.13862967 0.13584891 0.35903952
v 0.14788480 0.12075424 0.34107891
v 0.14309663 0.12244648 0.36146325
v 0.12791979 0.15100405 0.36993858
v 0.12378664 0.14958507 0.38391474
v 0.13862202 0.13225177 0.29921094
v 0.12689705 0.14557132 0.30761921
v 0.12788144 0.14229923 0.29343519
v 0.12988818 0.14646262 0.31624252
v 0.15137066 0.11296637 0.33642647
v 0.15058491 0.10923412 0.32567543
v 0.14709750 0.11513475 0.31600186
v 0.13118286 0.13133974 0.38078618
v 0.13504015 0.13092732 0.29291779
v 0.13832505 0.12835608 0.29640573
v 0.12543960 0.13807397 0.28742304
v 0.11844895 0.14465021 0.28933069
v 0.11962056 0.13802478 0.28068510
v 0.12109660 0.14774545 0.30781251
v 0.11851767 0.14959620 0.30795190
v 0.12365811 0.14735550 0.31526554
v 0.12803783 0.14680859 0.32141620
v 0.04575681 0.08460106 0.47110465
v 0.03919174 0.07495428 0.46848541
v 0.04828777 0.06766083 0.46990496
v 0.04820330 0.04117718 0.46595463
v 0.04236673 0.03823765 0.46262106
v 0.04669845 0.02789528 0.46017766
v 0.04941058 0.08863693 0.47155616
v 0.04200998 0.08395295 0.47115558
v 0.03450519 0.09196831 0.46930185
v 0.06007250 0.08773789 0.46879801
v 0.05552131 0.06673417 0.46779215
v 0.05439426 0.04431507 0.46427608
v 0.05169249 0.09413520 0.47323674
v 0.06142544 0.09721923 0.47253397
v 0.03730641 0.05879929 0.46227172
v 0.05196714 0.09751325 0.47837421
v 0.03463122 0.07532573 0.46249366
v 0.03755553 0.09136298 0.47272423
v 0.03926598 0.03775070 0.45741129
v 0.12948813 -0.01529834 0.31838563
v 0.12473587 -0.02181409 0.30729023
v 0.12862536 -0.01232684 0.29183689
v 0.12356629 -0.02725376 0.33140928
v 0.10940424 -0.04702633 0.33612728
v 0.11365514 -0.04010294 0.35945031
v 0.12242619 -0.02653286 0.35473391
v 0.09456919 -0.06314088 0.37744996
v 0.10713378 -0.04662245 0.37880710
v 0.09438456 -0.06367306 0.35421026
v 0.11663307 -0.03180972 0.37669668
v 0.10927892 -0.04202990 0.31604370
v 0.11946571 -0.02342054 0.29113650
v 0.09409185 -0.05684040 0.39835867
v 0.10779905 -0.03676296 0.39872178
v 0.13296033 0.00154786 0.28247342
v 0.13218959 -0.00439314 0.32930863
v 0.12783130 -0.00069743 0.26676300
v 0.13272467 0.00924017 0.26618129
v 0.13398896 0.00233257 0.30876637
v 0.13110754 0.01826556 0.24669386
v 0.12835336 -0.00562666 0.35427630
v 0.12152756 -0.01335480 0.37986317
v 0.11179119 -0.02235577 0.40282008
v 0.09591363 -0.04447987 0.41310552
v 0.07656066 -0.07466307 0.39666381
v 0.07854379 -0.07617241 0.37614757
v 0.07965115 -0.06408464 0.41231352
v 0.13373373 0.00853121 0.28827149
v 0.13252135 0.02044659 0.25571361
v 0.12960334 0.03248746 0.23182936
v 0.12914169 0.03779572 0.23871256
v 0.12616482 0.04974069 0.21829657
v 0.12617783 0.03969809 0.22124791
v 0.12399571 0.05118228 0.21337587
v 0.13082799 0.02980380 0.25076833
v 0.13151482 0.02254970 0.26204908
v 0.12899353 -0.00425956 0.34844437
v 0.12102089 0.06115999 0.21019103
v 0.10509118 0.06061153 0.20355394
v 0.11002842 0.04460557 0.20658082
v 0.10125348 0.02927715 0.20599370
v 0.11581914 0.02623390 0.21985075
v 0.10154797 0.03962417 0.20125934
v 0.10319974 0.05211229 0.20026433
v 0.12259676 0.01818658 0.23408423
v 0.09963685 0.01573029 0.21605876
v 0.11045780 0.00602054 0.23372936
v 0.09475172 0.02331681 0.20680046
v 0.11956593 0.00107724 0.24967051
v 0.10873140 -0.00761852 0.24868472
v 0.09429042 -0.00667050 0.23609251
v 0.09641153 -0.01845821 0.25191605
v 0.05672491 -0.00688717 0.21643119
v 0.06359269 0.00272101 0.21041533
v 0.07434476 0.01250587 0.20812783
v 0.05465760 -0.00206575 0.21023768
v 0.05185319 -0.00438150 0.20964864
v 0.09425335 0.02744594 0.20482595
v 0.11114550 -0.01962271 0.26948875
v 0.09476088 -0.03344141 0.27427638
v 0.10942122 -0.03366351 0.29297161
v 0.09406752 -0.04458651 0.29437968
v 0.09945077 0.03196478 0.19897969
v 0.09407447 -0.05450684 0.31901139
v 0.08409868 -0.04981487 0.29429376
v 0.08054318 -0.06518576 0.32614896
v 0.07761445 -0.07453600 0.35658485
v 0.06928381 -0.08157576 0.37634778
v -0.02583118 -0.05774360 0.27900177
v -0.00143657 -0.05016590 0.26244664
v -0.00029924 -0.06140133 0.28287208
v -0.02421970 -0.04998633 0.26439369
v -0.02642552 -0.06512449 0.29406369
v -0.00087204 -0.06684822 0.29413092
v -0.04991857 -0.05027528 0.26972070
v -0.04976946 -0.06026695 0.28920701
v -0.00202187 -0.08554670 0.33993813
v -0.04972723 -0.07337726 0.32181296
v -0.03362950 -0.08797528 0.35627013
v -0.00067866 -0.09221272 0.35882780
v -0.04682996 -0.08448198 0.35276282
v -0.03444263 -0.09307604 0.37432864
v 0.00045221 -0.09614019 0.37267101
v 0.02594822 -0.06569158 0.29611662
v 0.04610906 -0.06258963 0.29335430
v 0.04645491 -0.04988953 0.26838213
v 0.02866039 -0.08333740 0.34152684
v 0.04908684 -0.07592821 0.32921425
v 0.03543489 -0.09274831 0.37450606
v 0.02755305 -0.03058445 0.23712777
v -0.02926122 -0.03870996 0.24856338
v -0.02665457 -0.01916923 0.22095424
v -0.00218185 -0.02448401 0.22665200
v -0.01337603 -0.02004290 0.22032379
v 0.01497738 -0.02087838 0.22077042
v 0.03407414 -0.01814433 0.22049715
v 0.04747902 -0.03606177 0.24903901
v -0.04978753 -0.02848956 0.23883693
v 0.04519465 -0.02008674 0.22725151
v -0.05389986 -0.01111899 0.21716607
v 0.04488150 -0.01295502 0.21723689
v 0.06924129 -0.06747831 0.32177785
v 0.07054095 -0.05211767 0.28821641
v 0.06522024 -0.07998145 0.35743529
v 0.07803075 -0.03535834 0.26484278
v 0.08334422 -0.02146016 0.24738701
v 0.05131998 -0.08826305 0.37581310
v -0.07098122 -0.01172622 0.22452922
v -0.06614931 -0.00550663 0.21257824
v -0.05430462 -0.00773363 0.21400899
v -0.08244265 -0.01886370 0.24031490
v -0.08171304 -0.03691323 0.26805714
v -0.07085788 -0.06171014 0.30890015
v -0.04813486 -0.08957246 0.37457287
v -0.07408248 -0.05370962 0.29290938
v -0.06927758 -0.07134846 0.33351693
v -0.04488096 -0.01388215 0.21806204
v -0.09807850 -0.04629787 0.29807740
v -0.08658364 -0.06272443 0.32775378
v -0.00010405 -0.09719312 0.38421667
v 0.03144107 -0.09497203 0.39486891
v -0.03148798 -0.09534176 0.39535403
v -0.08383173 -0.01441840 0.23659015
v -0.07311712 -0.00076656 0.21013221
v -0.09536801 -0.03158012 0.27061352
v -0.07961062 -0.07182457 0.35036033
v -0.06612538 -0.08277725 0.37609255
v -0.10683102 -0.03115407 0.28106591
v -0.10048066 -0.02041418 0.25875831
v -0.05126949 -0.08875073 0.39658213
v -0.03291558 -0.00741350 0.21658474
v -0.05576177 -0.00548592 0.21356602
v -0.06595061 -0.00224649 0.21215393
v -0.06099166 -0.00276126 0.21186586
v -0.07290858 0.00493576 0.20802255
v -0.06189148 0.01009455 0.20694144
v -0.07847042 0.00786629 0.20817533
v -0.06265525 0.00311171 0.19849098
v -0.05955927 0.00769406 0.21122415
v 0.21973719 -0.32155707 -0.09389154
v 0.22763932 -0.31821880 -0.10598799
v 0.22181833 -0.32511064 -0.07548792
v 0.22724274 -0.32627183 -0.06463364
v 0.22387071 -0.32800484 -0.06022171
v 0.21917380 -0.32042423 -0.11526526
v 0.22072214 -0.31827489 -0.12587477
v 0.22770831 -0.31315237 -0.12318785
v 0.23104106 -0.31693071 -0.09214887
v 0.22519812 -0.31176504 -0.12749100
v 0.23037307 -0.32020009 -0.07343480
v 0.23240103 -0.30821720 -0.10950832
v 0.22732076 -0.30535790 -0.12793386
v 0.00376782 0.19232532 0.11228240
v 0.00602395 0.16800961 0.11373822
v -0.00215300 0.17055956 0.11157116
v -0.00365037 0.15306394 0.10973618
v 0.00191448 0.14691328 0.11103439
v 0.01127202 0.14581610 0.11583684
v 0.01014397 0.17148760 0.11613757
v 0.00811308 0.19892882 0.11428096
v 0.00229973 0.21709223 0.10998836
v 0.00622683 0.21344833 0.11334274
v -0.00134506 0.19537494 0.11198133
v 0.01768953 0.14703536 0.12216911
v 0.01498106 0.16264041 0.12123913
v 0.01154705 0.18679833 0.11959709
v 0.01930058 0.16917662 0.13642938
v 0.01376648 0.18779430 0.12974800
v -0.04089208 0.08469769 0.47029158
v -0.04853513 0.06657612 0.46848044
v -0.03938028 0.06049842 0.46466041
v -0.04531474 0.04460220 0.46148130
v -0.04537973 0.08457136 0.47089022
v -0.04959566 0.08992653 0.47168609
v -0.03350256 0.08700772 0.46650764
v -0.04025082 0.04294227 0.45735148
v -0.04514918 0.03656239 0.45485258
v -0.05618322 0.09209342 0.47029755
v -0.05164566 0.09420174 0.47222432
v -0.04993640 0.04545387 0.45970964
v -0.05562508 0.06939124 0.46536508
v -0.06161613 0.09348996 0.46714064
v -0.05166688 0.10141998 0.48174918
v -0.07041073 0.09822509 0.46514872
v -0.05604741 0.06227299 0.46174881
v 0.10935659 0.05942536 0.31947535
v 0.11448894 0.04981856 0.32298824
v 0.11140276 0.04152792 0.32466429
v 0.10684942 0.04837518 0.32250947
v 0.11367497 0.06557861 0.31965041
v 0.10555682 0.06364573 0.31951806
v 0.10835838 0.07867540 0.31495777
v 0.11715911 0.07371065 0.31846362
v 0.10345290 0.07547095 0.31461111
v 0.11908364 0.03508947 0.33194208
v 0.11123084 0.03172955 0.33146349
v 0.11659975 0.02991130 0.33336827
v 0.11890890 0.02212612 0.33903912
v 0.10111137 0.08430675 0.30722028
v 0.12010439 0.06070029 0.32734647
v 0.09738215 0.07844945 0.30660450
v 0.09910709 0.07336276 0.31113055
v 0.10722308 0.08731739 0.30727342
v 0.12238661 0.07087698 0.32661536
v 0.11357620 0.02245807 0.33804810
v 0.11487921 0.01616745 0.33929059
v 0.11976514 0.01570935 0.34071258
v 0.11367830 0.09597233 0.30167300
v 0.11419306 0.09010630 0.30592605
v 0.11982811 0.08187429 0.31178743
v 0.12765869 0.09241495 0.31276995
v 0.11899552 0.10158999 0.30274269
v 0.12459484 0.08060458 0.31651989
v 0.12349318 0.10767911 0.30516157
v 0.11187833 0.00613146 0.34247962
v 0.12822582 0.11843360 0.30964610
v 0.10710776 0.03878075 0.32900298
v 0.10187377 0.07364674 0.31672928
v 0.12153088 0.01104193 0.33766416
v 0.11518101 0.00935760 0.33685613
v 0.12218212 -0.00111707 0.33224049
v 0.11507207 0.00175022 0.33313861
v 0.11336327 -0.00157068 0.33111188
v 0.01882906 0.09467600 0.48366135
v 0.02288667 0.09276874 0.47536021
v 0.03693928 0.09710599 0.48241785
v 0.03597740 0.09491760 0.47885567
v 0.03185528 0.09362110 0.46933761
v 0.02330576 0.09264266 0.46764064
v 0.03450519 0.09196831 0.46930185
v 0.03133174 0.09366617 0.46308851
v 0.03755553 0.09136298 0.47272423
v 0.02860209 0.09671557 0.46287194
v 0.01905972 0.09389143 0.45907184
v 0.11966843 0.09335033 0.38220054
v 0.11171680 0.08644255 0.38061896
v 0.11175117 0.06972343 0.37640116
v 0.12064917 0.07046222 0.37717915
v 0.12570286 0.08156883 0.37951297
v 0.11753795 0.10307852 0.38432625
v 0.12233692 0.10923686 0.38390800
v 0.10388394 0.08975246 0.38351202
v 0.10548531 0.07483122 0.37977719
v 0.13078031 0.09342840 0.37919268
v 0.11412386 0.05908515 0.37080181
v 0.10275970 0.06192312 0.37654671
v 0.09979489 0.10327158 0.39118284
v 0.10039817 0.09924353 0.38895708
v 0.09492155 0.09780294 0.38931665
v 0.12636684 0.06971303 0.37430167
v 0.10232112 0.05405144 0.37259349
v 0.11614244 0.10744213 0.38755423
v 0.13131182 0.07764425 0.37475446
v 0.12986581 0.11058998 0.38035515
v 0.10229810 0.07882072 0.37975332
v 0.12242488 0.06196170 0.36871874
v 0.13539678 0.09767936 0.37450737
v 0.13488568 0.08456375 0.37189230
v 0.09687408 0.09730733 0.38589174
v 0.09963126 0.08867899 0.38076735
v 0.13529018 0.11114515 0.37245765
v 0.09910337 0.05919013 0.37258098
v 0.11516438 0.05802412 0.36729956
v 0.12753671 0.06805190 0.36881554
v 0.11067834 0.05581959 0.36530423
v 0.10414789 0.04923775 0.36390954
v 0.09897943 0.04896149 0.36656615
v 0.13719118 0.09898911 0.36870939
v -0.02796081 0.08966231 0.47582564
v -0.02623332 0.09251802 0.48249027
v -0.03620639 0.09231380 0.47877294
v -0.03605128 0.08914386 0.47305730
v -0.01809106 0.09227372 0.48276630
v -0.03798035 0.09634613 0.48372057
v -0.01483707 0.10078262 0.49372688
v -0.04206480 0.09919361 0.48592526
v -0.01046334 0.09612551 0.49088019
v -0.03464979 0.10864281 0.49412405
v -0.01731988 0.10875756 0.49812955
v -0.04620191 0.10126632 0.48550302
v 0.00139166 0.10662355 0.49885836
v 0.00013824 0.09969958 0.49409142
v 0.02263134 0.10229386 0.49272916
v 0.01261235 0.09804183 0.49050716
v 0.01882906 0.09467600 0.48366135
v 0.03693928 0.09710599 0.48241785
v 0.04220639 0.09982870 0.48566380
v 0.01805939 0.10941922 0.49773455
v 0.03474141 0.10877337 0.49317762
v -0.02137625 0.08983774 0.47065744
v 0.04832023 0.10030428 0.48345092
v -0.03177370 0.08914848 0.46808550
v -0.03350256 0.08700772 0.46650764
v -0.04089208 0.08469769 0.47029158
v 0.00176672 0.19449174 0.03234624
v -0.00161010 0.18271783 0.03926942
v 0.00127826 0.17182194 0.04753572
v -0.00879288 0.16987598 0.04278952
v 0.00084118 0.15754431 0.05887067
v -0.00416735 0.19657442 0.02639543
v 0.00223807 0.20864731 0.02177060
v -0.01054444 0.15138336 0.05439018
v 0.00037569 0.14629206 0.06663740
v -0.00814494 0.14308961 0.06143581
v -0.00237750 0.20495068 0.01970074
v -0.01613146 0.14143106 0.05231062
v -0.01562138 0.15615387 0.04191685
v 0.00220794 0.21076576 0.01758032
v -0.01218806 0.17525995 0.02857282
v -0.02068222 0.14157119 0.03973920
v 0.07462958 0.07696373 0.44669828
v 0.07885441 0.07433355 0.45463690
v 0.07494643 0.08032211 0.45243704
v 0.07939446 0.06134580 0.44531950
v 0.08316060 0.05535326 0.44986129
v 0.08330848 0.05135620 0.44600371
v 0.07035042 0.09176615 0.44739181
v 0.07278597 0.09295252 0.45497561
v 0.08379294 0.05406369 0.44213545
v 0.08062746 0.06673227 0.44040990
v 0.07610653 0.09097449 0.43832907
v 0.06806968 0.09366896 0.45071140
v 0.08115820 0.09114844 0.43617395
v 0.09652028 -0.03661351 0.17572251
v 0.08755977 -0.03118031 0.18100925
v 0.08591975 -0.05044669 0.17636946
v 0.09009171 -0.05253413 0.17260198
v 0.08288611 -0.05821658 0.17773695
v 0.09394317 -0.05233222 0.17302759
v -0.04804615 -0.02457669 0.42387491
v -0.04689312 -0.03686591 0.41860572
v -0.05239803 -0.04205972 0.42385459
v -0.04496251 -0.04417282 0.41398755
v -0.04473351 -0.02161888 0.42176282
v -0.04112974 -0.02516864 0.42063978
v -0.04054593 -0.04290333 0.41600022
v -0.09655041 -0.11060706 0.11403182
v -0.09129057 -0.12333890 0.11973166
v -0.10264951 -0.12623461 0.11683571
v -0.10124577 -0.14438930 0.12392288
v -0.10556351 -0.10296296 0.10961785
v -0.11366875 -0.13784494 0.11931170
v -0.12118675 -0.10274277 0.10878451
v -0.12240347 -0.12257741 0.11465727
v -0.11410581 -0.15468857 0.12729549
v -0.11973163 -0.09015192 0.10318931
v -0.12469246 -0.14681323 0.12317101
v -0.11035018 -0.17161226 0.13751490
v -0.12144364 -0.17269449 0.13688871
v -0.09809221 -0.16978380 0.13948417
v -0.13587625 -0.16833577 0.13581008
v -0.14252038 -0.14248270 0.12444548
v -0.14399453 -0.12835312 0.12026749
v -0.13449927 -0.10542396 0.11218233
v -0.13138430 -0.08972710 0.10607731
v -0.13044518 -0.08056248 0.10140397
v -0.12985867 -0.18592833 0.14878504
v -0.12452645 -0.20665963 0.16509549
v -0.14407392 -0.10158858 0.11453400
v -0.09440736 -0.19510612 0.16303131
v -0.12241980 -0.22191894 0.17671375
v -0.09020891 -0.20646769 0.17367139
v -0.08369105 -0.22235116 0.18789051
v -0.07878558 -0.23645328 0.19921529
v -0.12172786 -0.23055999 0.18300018
v -0.12206683 -0.25113547 0.19837697
v -0.09854022 -0.25035629 0.20424810
v -0.08182101 -0.24470307 0.20394707
v -0.07443745 -0.26709503 0.22442125
v -0.06175397 -0.24907567 0.21583417
v -0.05962581 -0.26916438 0.23253576
v -0.12525013 -0.27267024 0.21832284
v -0.07642645 -0.27712733 0.23372364
v -0.11332308 -0.28485885 0.23392533
v -0.06237751 -0.28448489 0.24804895
v -0.09080728 -0.13410743 0.12514856
v -0.12825862 -0.28504479 0.23249231
v -0.07653417 -0.28517234 0.24372746
v -0.07943352 -0.20212603 0.17809691
v -0.09011641 -0.17799671 0.15240672
v -0.06525013 -0.21304567 0.19493333
v -0.06204702 -0.22612089 0.20427206
v -0.09011724 -0.11546258 0.11814223
v -0.07063317 -0.19353679 0.17992885
v -0.08763412 -0.16862997 0.14746231
v -0.04390651 -0.27109247 0.24827804
v -0.07311703 -0.16718240 0.16207775
v -0.07884415 -0.16912401 0.15654241
v -0.07882919 -0.13783868 0.13827634
v -0.04124304 -0.26387337 0.24741744
v -0.04954334 -0.24409771 0.22822249
v -0.07378952 -0.16039105 0.15819576
v -0.06593236 -0.19838636 0.18747371
v -0.06993278 -0.17707381 0.17284431
v -0.08155430 -0.11830507 0.12845837
v -0.03409582 -0.24412063 0.24961807
v -0.04346645 -0.23377475 0.23285919
v -0.05134219 -0.22097315 0.21832357
v -0.03687960 -0.27317584 0.26434362
v -0.03222383 -0.25991929 0.26277032
v -0.07266122 -0.14740646 0.15381420
v -0.07783180 -0.12054237 0.13499147
v -0.07172327 -0.12919351 0.14733389
v -0.06044542 -0.20151965 0.19967206
v -0.03323787 -0.27409849 0.27569970
v -0.07812769 0.04460795 0.27161574
v -0.09361985 0.04444580 0.27051735
v -0.08201549 0.03752315 0.27170908
v -0.09413702 0.03754209 0.27166760
v -0.06811670 0.04275875 0.26786005
v -0.06641223 0.03745067 0.26868272
v -0.05394002 0.03702210 0.26984674
v -0.05465119 0.04323313 0.26778352
v -0.06268299 0.05754321 0.27064463
v -0.09840950 0.05105494 0.27502429
v -0.08615655 0.05357794 0.27842343
v -0.09501143 0.05424294 0.27676806
v -0.10095844 0.06017154 0.27338514
v -0.10152784 0.04188833 0.26606321
v -0.10307010 0.05133585 0.26854524
v -0.11777356 0.06260166 0.32305124
v -0.10833227 0.06654905 0.31889161
v -0.10588843 0.05864304 0.31961551
v -0.10346375 0.07051776 0.31508240
v -0.11742476 0.08161961 0.31528577
v -0.12323900 0.08169091 0.31861994
v -0.12221564 0.09401650 0.31253067
v -0.10860171 0.08973490 0.31073990
v -0.10496455 0.08093736 0.31455174
v -0.10913270 0.09335072 0.30751678
v -0.10991710 0.05276547 0.32753924
v -0.11893015 0.05228551 0.32917565
v -0.11006993 0.04301724 0.33131492
v -0.11890615 0.04090847 0.33466387
v -0.11132990 0.03239652 0.33476627
v -0.11855087 0.02733840 0.33868483
v -0.11194655 0.02553377 0.33848846
v -0.11732224 0.01523275 0.34062055
v -0.12016543 0.01454874 0.34242612
v -0.11135995 0.01303954 0.34146449
v -0.10627293 0.04881627 0.32724443
v -0.12319949 0.06361230 0.32827297
v -0.10428230 0.08630894 0.30896264
v 0.04941058 0.08863693 0.47155616
v 0.05196714 0.09751325 0.47837421
v 0.04903362 0.07556377 0.47534186
v 0.04807822 0.07721002 0.48427111
v 0.04792933 0.08831315 0.48679519
v 0.05169249 0.09413520 0.47323674
v 0.04832023 0.10030428 0.48345092
v 0.04220639 0.09982870 0.48566380
v 0.09258487 0.04844810 0.39709112
v 0.09743363 0.05021343 0.39822617
v 0.09311472 0.02998670 0.39954367
v 0.09413110 0.08415073 0.39380968
v 0.09828494 0.02604700 0.40366769
v 0.09502628 0.01915578 0.40377909
v 0.09993493 0.08908574 0.39817980
v 0.10150273 0.04081216 0.40346402
v 0.09492155 0.09780294 0.38931665
v 0.09979489 0.10327158 0.39118284
v 0.08919315 0.02020795 0.40230817
v 0.08947690 0.08255210 0.39440405
v 0.08380179 0.09939438 0.39180976
v 0.08872176 0.01506896 0.40761805
v 0.08010407 0.10328434 0.39020568
v 0.08712931 0.02475926 0.40319225
v 0.08691832 0.06505998 0.39885804
v 0.08336905 0.08718286 0.39710629
v 0.07825925 0.09728549 0.39763185
v -0.11027969 -0.24840066 0.36896154
v -0.11069334 -0.25772312 0.36470550
v -0.09199223 -0.24831806 0.36920092
v -0.09214570 -0.25763902 0.36361840
v -0.11068088 -0.27075198 0.34952530
v -0.09238974 -0.27068657 0.34963721
v -0.09027395 -0.27373707 0.34389788
v -0.08470139 -0.27336136 0.35127005
v -0.11143085 -0.27391788 0.34117341
v -0.11999920 -0.26906961 0.36208320
v -0.11610226 -0.26038635 0.37129146
v -0.11561741 -0.25881204 0.37795147
v -0.04687021 -0.28388622 0.27709138
v -0.03186968 -0.27463108 0.29010761
v -0.04351497 -0.28279027 0.28963792
v -0.03323787 -0.27409849 0.27569970
v -0.04069944 -0.28007057 0.31716678
v -0.03557892 -0.27682137 0.32232210
v -0.03131678 -0.27271459 0.32169122
v -0.03956746 -0.27571920 0.34046778
v -0.05417226 -0.28443053 0.26303717
v -0.03687960 -0.27317584 0.26434362
v -0.06237751 -0.28448489 0.24804895
v -0.04390651 -0.27109247 0.24827804
v -0.05618785 -0.28400299 0.27890947
v -0.06930611 -0.28458133 0.26858193
v -0.07653417 -0.28517234 0.24372746
v -0.09585981 -0.28510332 0.24933915
v -0.11332308 -0.28485885 0.23392533
v -0.12958997 -0.28582716 0.24149026
v -0.12786333 -0.28448433 0.26528433
v -0.09977977 -0.28346020 0.27068347
v -0.14136903 -0.28487009 0.25579539
v -0.14445138 -0.28450704 0.26739928
v -0.14889535 -0.28263819 0.29133454
v -0.10574206 -0.27759820 0.31963265
v -0.12326480 -0.27764043 0.32836950
v -0.15025301 -0.28093362 0.30853793
v -0.15127733 -0.27967629 0.32506928
v -0.07684113 -0.27823433 0.32153708
v -0.05759976 -0.27848303 0.33014017
v -0.06962040 -0.28087285 0.30364981
v -0.15113644 -0.27792892 0.33671829
v -0.12602891 -0.27433324 0.35750940
v -0.06553073 -0.27582240 0.35553896
v -0.14211084 -0.27332529 0.36317798
v -0.07664714 -0.27451855 0.35631412
v -0.06571640 -0.27323204 0.37197012
v -0.12825862 -0.28504479 0.23249231
v -0.12957788 -0.27157125 0.36793345
v -0.05508523 -0.27287558 0.35989815
v -0.04109161 -0.27362654 0.34853223
v -0.07249001 -0.27174413 0.36975342
v -0.14767396 -0.27000862 0.36482567
v -0.05318360 -0.26935273 0.36463907
v -0.06472887 -0.26973090 0.37843660
v -0.07651657 -0.26485440 0.37710908
v -0.06377730 -0.26783079 0.39881024
v -0.05346743 -0.26290169 0.37993243
v -0.05488773 -0.26215407 0.40304628
v -0.06124507 -0.26669183 0.43235210
v -0.06387343 -0.26669067 0.43198147
v -0.06997533 -0.26409394 0.40613455
v -0.07256435 -0.26155403 0.40107152
v -0.05413132 -0.26151809 0.37548187
v -0.08308125 -0.26173198 0.37271824
v -0.13081056 -0.26737636 0.37416127
v -0.11886535 -0.26222518 0.38004363
v -0.12588219 -0.26519516 0.39086011
v -0.13038123 -0.26813972 0.40865323
v -0.13472237 -0.26684445 0.37243882
v -0.12279101 -0.26709259 0.42305535
v -0.14212510 -0.26294675 0.38019729
v -0.11995642 -0.26113200 0.39791614
v -0.13849533 -0.26343799 0.40028182
v -0.13197953 -0.26588657 0.42180085
v -0.12530185 -0.27008793 0.42617524
v -0.14300227 -0.26133117 0.37239721
v -0.04737234 -0.26015082 0.36698794
v -0.03660408 -0.25560385 0.35685545
v -0.03013554 -0.25940365 0.34576842
v -0.10587641 0.01628865 0.31481814
v -0.10739086 0.01550813 0.30901504
v -0.11554735 0.00291109 0.31134999
v -0.11396093 -0.00014715 0.32068545
v -0.10039858 0.02359186 0.30140445
v -0.11039576 0.00777822 0.29793200
v -0.10110916 0.01928298 0.29192358
v -0.09960499 0.02248864 0.30851215
v -0.11647560 0.00315219 0.30658725
v -0.10383243 0.00937581 0.32211974
v -0.09881384 0.01546318 0.31698829
v 0.09391736 0.07475644 0.42719224
v 0.08820657 0.04408339 0.42248631
v 0.09347989 0.04335702 0.42385775
v 0.09249717 0.02477927 0.41913924
v 0.08799653 0.07438339 0.42691454
v 0.09336306 0.09917695 0.43004119
v 0.08735117 0.09582921 0.43054712
v 0.08768223 0.01764297 0.41496998
v 0.09186533 0.01645532 0.41571373
v 0.08179392 0.09063441 0.42503160
v 0.09768424 0.02887157 0.41742244
v 0.09816583 0.10200877 0.42757413
v 0.09859969 0.06268387 0.42309052
v 0.10102413 0.04653454 0.41864201
v -0.08596777 0.18276361 0.43177623
v -0.08404818 0.16964002 0.42918918
v -0.08318707 0.17405660 0.43549576
v -0.08636224 0.17435580 0.42395473
v -0.08814077 0.18372335 0.42149994
v -0.08049832 0.16500446 0.43330374
v -0.07676928 0.16157196 0.43985495
v -0.07571980 0.17547303 0.44649678
v -0.06746110 0.16215168 0.45181200
v -0.07881552 0.19185069 0.44057176
v -0.06415566 0.17206459 0.45640972
v -0.08565859 0.19336236 0.42893094
v -0.07160021 0.19327499 0.44807985
v -0.05843625 0.16340420 0.45897558
v -0.06178230 0.19107264 0.45565397
v -0.06914896 0.15852194 0.44654489
v -0.05141712 0.17316000 0.46274886
v -0.05959662 0.15773784 0.45491096
v -0.05715398 0.17947394 0.45876038
v -0.05582719 0.18689765 0.46056911
v -0.05727036 0.20029406 0.45908409
v -0.04583555 0.16386440 0.46432948
v -0.04693258 0.20055193 0.46304339
v -0.04437835 0.21142587 0.46053413
v -0.04366576 0.18812561 0.46411726
v -0.04618427 0.17447926 0.46123219
v -0.04914593 0.15860772 0.46054766
v -0.09209964 0.18475272 0.42211810
v -0.07062466 0.22599211 0.41111064
v -0.07432026 0.22132592 0.42006776
v -0.06261805 0.23125599 0.42374432
v -0.06421612 0.23218055 0.41205293
v -0.05414539 0.23724693 0.42369509
v -0.05371365 0.23439783 0.43254873
v -0.05193264 0.23882444 0.41522470
v -0.07898766 0.21613021 0.40974694
v -0.08062769 0.21327271 0.41470712
v -0.08410235 0.20640902 0.42113486
v -0.07300697 0.21636702 0.43032831
v -0.07656611 0.20766428 0.43482774
v -0.05766744 0.21945724 0.44449058
v -0.04687352 0.22921887 0.44331622
v -0.05366069 0.21938573 0.45069286
v -0.04558115 0.22638601 0.44930118
v -0.05672247 0.21071345 0.45501521
v -0.06207035 0.20583276 0.45042795
v -0.04226786 0.23644269 0.43712640
v -0.04281585 0.24057463 0.42778590
v -0.08365675 0.20836817 0.40917420
v -0.08461925 0.20510638 0.41399750
v -0.08823583 0.19032885 0.41758686
v -0.08698139 0.19458342 0.41155970
v -0.03697908 0.22270589 0.45398647
v -0.04735855 0.24022919 0.41837984
v -0.03337083 0.23992521 0.43098697
v -0.03654990 0.24153726 0.41755521
v -0.02908487 0.24077263 0.42192051
v -0.02939527 0.24112327 0.41735879
v -0.03302609 0.24364312 0.41781053
v -0.12201823 0.09901306 0.29462957
v -0.11425995 0.09565052 0.28949162
v -0.11823843 0.09338805 0.30313826
v -0.12819329 0.09804006 0.30705807
v -0.12221564 0.09401650 0.31253067
v -0.10776652 0.09210730 0.29768986
v -0.13118741 0.10855655 0.29630283
v -0.11744989 0.10534158 0.28362271
v -0.13480166 0.10811771 0.31018832
v -0.11271711 0.09570704 0.28127825
v -0.10948005 0.08834966 0.28714252
v -0.11497377 0.10549385 0.27789328
v -0.10355350 0.07691074 0.28690928
v -0.13687655 0.11723249 0.30964878
v -0.11140496 0.09706387 0.27005425
v -0.11353481 0.10666747 0.26686558
v -0.10382739 0.07505224 0.27746189
v -0.09885732 0.06424756 0.27816576
v -0.10199620 0.06900727 0.28933838
v -0.11830727 0.11557413 0.28226322
v -0.13264124 0.11948951 0.29649848
v -0.11615735 0.11460803 0.27518749
v -0.11196203 0.10367957 0.25568718
v -0.11460520 0.10882755 0.26274499
v -0.11778706 0.11814652 0.27026123
v -0.10023652 0.05234584 0.28559691
v -0.09501143 0.05424294 0.27676806
v -0.09508041 0.05064322 0.28176403
v -0.10194755 0.05294154 0.29726622
v -0.09978105 0.04919001 0.29433969
v -0.11752789 0.12379529 0.28298822
v -0.13060330 0.12672950 0.29588279
v -0.13352360 0.12871090 0.30217198
v -0.13560596 0.12697560 0.30822486
v -0.11853598 0.12433778 0.27563053
v -0.13302234 0.11391640 0.32754126
v -0.13838136 0.13283308 0.29952943
v -0.14117752 0.13235465 0.30526328
v -0.13088754 0.10904825 0.32591489
v -0.13256638 0.11239443 0.33693838
v -0.12928097 0.10058345 0.32964975
v -0.12678920 0.09987479 0.31729677
v -0.12323900 0.08169091 0.31861994
v -0.12645757 0.07514475 0.32921067
v -0.12319949 0.06361230 0.32827297
v -0.12274098 0.05266315 0.33690301
v -0.11893015 0.05228551 0.32917565
v -0.11890615 0.04090847 0.33466387
v -0.12106814 0.03718973 0.34237218
v -0.11855087 0.02733840 0.33868483
v -0.12016543 0.01454874 0.34242612
v -0.13510825 0.11762207 0.33373162
v -0.13773471 0.12066635 0.34038487
v -0.12773615 0.09556806 0.33749008
v -0.13066681 0.11262095 0.34839335
v -0.12220016 0.06094745 0.34392473
v -0.13458735 0.11889388 0.32165894
v -0.13518660 0.12370377 0.31660572
v -0.11880366 0.01428655 0.34980261
v -0.10053290 0.06590766 0.30229595
v -0.10144460 0.07958514 0.29582083
v -0.10117044 0.07821871 0.30758670
v -0.09935641 0.06769963 0.30492908
v -0.09946318 0.06816377 0.30870014
v -0.10346375 0.07051776 0.31508240
v -0.10496455 0.08093736 0.31455174
v -0.10428230 0.08630894 0.30896264
v -0.10913270 0.09335072 0.30751678
v -0.10310125 0.05285191 0.31363302
v -0.10588843 0.05864304 0.31961551
v -0.10627293 0.04881627 0.32724443
v -0.10268763 0.04310924 0.32014191
v -0.10278869 0.04216543 0.32661763
v -0.12528764 0.09546635 0.34579456
v -0.12027238 0.07415636 0.34990597
v -0.10885648 0.07723363 0.26408377
v -0.10095844 0.06017154 0.27338514
v -0.11881235 0.03019927 0.34887341
v -0.12535669 0.10402621 0.35308194
v -0.12084950 0.09143255 0.35355198
v -0.12866807 0.11145752 0.35177678
v -0.10807905 0.06365494 0.26085037
v -0.10307010 0.05133585 0.26854524
v -0.10606646 0.04958931 0.26366130
v -0.10152784 0.04188833 0.26606321
v -0.12345703 0.00816762 0.34193134
v -0.11868339 0.00987916 0.33713841
v -0.11858775 -0.00181863 0.33194938
v -0.12514621 -0.00233644 0.34156203
v -0.12289449 0.00554424 0.34883314
v -0.12508267 -0.00410491 0.34593311
v -0.10633541 0.04417782 0.26139390
v -0.10877522 0.04658453 0.25926894
v -0.11420556 0.04497895 0.25397402
v -0.11896195 0.05138668 0.25592530
v -0.12782772 0.13439159 0.29888943
v -0.13792844 0.13597441 0.29906309
v -0.12383040 0.13852189 0.29704997
v -0.08139607 0.12730137 0.15254319
v -0.08093544 0.11610635 0.12488353
v -0.08525962 0.10998547 0.13712348
v -0.08776501 0.10647559 0.15097599
v -0.08211280 0.13649370 0.17155750
v -0.08888575 0.11036804 0.16874786
v -0.09212464 0.09157161 0.15149602
v -0.08616988 0.10614544 0.12335285
v -0.09304225 0.09382802 0.17329611
v -0.09705244 0.07276534 0.15560077
v -0.08831690 0.12849319 0.18768206
v -0.08181510 0.14258966 0.18031043
v -0.09476931 0.11422651 0.19965813
v -0.08924723 0.14168610 0.20425124
v -0.09925634 0.07758144 0.19034451
v -0.09756418 0.06817602 0.17365478
v -0.10069364 0.05080387 0.15637903
v -0.09898280 0.04469738 0.17608364
v -0.10030948 0.05371587 0.18805878
v -0.10186744 0.09103785 0.20689516
v -0.09751090 0.14048254 0.22582054
v -0.10471307 0.05848052 0.20074078
v -0.10791664 0.10165898 0.23094745
v -0.11099687 0.08279236 0.22785041
v -0.11191983 0.08931556 0.23766470
v -0.11138555 0.09883532 0.24891165
v -0.10531364 0.12110297 0.23786162
v -0.10892337 0.12320054 0.25174952
v -0.10601555 0.14414334 0.25726372
v -0.10879126 0.07233889 0.21644014
v -0.09689018 0.15816659 0.24183662
v -0.10363846 0.05152133 0.19602941
v -0.11898154 0.13373116 0.28604266
v -0.08341560 0.15310201 0.20000823
v -0.09175383 0.17345554 0.24594133
v -0.08699510 0.16720270 0.22624655
v -0.10271864 0.15989718 0.26810929
v -0.11175814 0.15599017 0.29186732
v -0.11944701 0.13907291 0.29323480
v -0.12195751 0.14312141 0.30764586
v -0.11245685 0.17223212 0.31981334
v -0.12055482 0.15550730 0.32316178
v -0.12541115 0.14194931 0.32071593
v -0.12760808 0.14243636 0.33905378
v -0.09682161 0.17781159 0.27835715
v -0.11785010 0.16521567 0.33622888
v -0.10211934 0.20039983 0.33792448
v -0.12428782 0.15129387 0.35117951
v -0.13045214 0.13901572 0.35608459
v -0.11920960 0.13152862 0.28849712
v -0.09989899 0.19079562 0.31094918
v -0.08821797 0.19056413 0.27240697
v -0.09422706 0.21739110 0.33886117
v -0.09677674 0.21761604 0.35810867
v -0.10895610 0.18665710 0.35396034
v -0.10124806 0.20764498 0.38042286
v -0.11355961 0.17299494 0.37432876
v -0.08985198 0.20919599 0.31344956
v -0.09561089 0.22056310 0.38455993
v -0.08044837 0.23224688 0.32616726
v -0.08133782 0.21691670 0.30311918
v -0.13387565 0.13204059 0.34167033
v -0.08039667 0.19932489 0.26639697
v -0.08071141 0.19026677 0.24975219
v -0.09192633 0.09302598 0.12961274
v -0.10002421 0.06657848 0.14385946
v -0.08360975 0.23341401 0.34116036
v -0.08420800 0.11070616 0.10718441
v -0.07350345 0.24131531 0.32570010
v -0.08563773 0.23302259 0.35672781
v -0.12262263 0.14936091 0.37110484
v -0.09941449 0.20591228 0.39989963
v -0.13536112 0.12971379 0.33460197
v -0.13888425 0.12473203 0.34131441
v -0.14509834 0.12301563 0.35862285
v -0.10887251 0.06448684 0.21070562
v -0.08600134 0.23296292 0.38719398
v -0.11064520 0.17150503 0.39392883
v -0.09139038 0.22380361 0.40001988
v -0.09348784 0.09694336 0.11277405
v -0.12623231 0.13897860 0.37081799
v -0.07316754 0.24412312 0.33966711
v -0.07400052 0.25262454 0.32536548
v -0.07171531 0.24744128 0.32063690
v -0.07252802 0.28021669 0.32477972
v -0.07130658 0.27824372 0.33871740
v -0.06972118 0.30867514 0.33107415
v -0.06605356 0.32517266 0.32477114
v -0.06602278 0.33047152 0.33073726
v -0.06224643 0.33377084 0.32930356
v -0.06320350 0.33140248 0.32641891
v -0.11083037 0.09255097 0.25327206
v -0.11084650 0.08514855 0.25886166
v -0.11288521 0.07541822 0.24607779
v -0.11012949 0.08929591 0.24729820
v -0.11025500 0.08118526 0.23875719
v -0.11672786 0.06678999 0.23970465
v -0.10984766 0.07480765 0.22875570
v -0.11721805 0.06436610 0.23067124
v -0.11590713 0.05993631 0.21347159
v -0.12164345 0.05932426 0.23681504
v -0.12473074 0.05098148 0.22705342
v -0.11940317 0.05778731 0.21873608
v -0.12579751 0.04648612 0.23444217
v -0.12636456 0.05059925 0.24027769
v -0.12770385 0.04763842 0.24849795
v -0.12555937 0.03954494 0.24273892
v -0.11223738 0.06866553 0.25246063
v -0.12379482 0.13520984 0.38457307
v -0.09745717 0.02986954 0.18635787
v -0.10081657 0.03979992 0.19611630
v -0.07175252 0.24476069 0.34632578
v -0.11827805 0.05901174 0.24946105
v -0.11330195 0.15231249 0.40239051
v -0.07894522 0.23972844 0.37837201
v -0.09169547 0.21399403 0.41108221
v -0.10301560 0.17415957 0.41246849
v -0.09478630 0.19667488 0.41886440
v -0.13085361 0.12892175 0.37537256
v -0.07301290 0.24313863 0.40604505
v -0.09394854 0.20425941 0.41511694
v -0.12398610 0.12272966 0.39132965
v -0.12413597 0.05029095 0.25237915
v -0.08822269 0.21983537 0.41152158
v -0.06570334 0.24891843 0.41121969
v -0.12497874 0.05294709 0.20947453
v -0.12789395 0.05155203 0.21680149
v -0.06667928 0.24868177 0.38110793
v -0.13086477 0.04333563 0.23448469
v -0.06500950 0.24619000 0.41577312
v -0.07654371 0.23237939 0.41251606
v -0.11062436 0.05536065 0.25861663
v -0.11713317 0.05359220 0.20122357
v -0.12263573 0.04534243 0.25173283
v -0.12151816 0.03870485 0.25000560
v -0.14691864 -0.25285515 0.37225637
v -0.15581922 -0.25635371 0.36647114
v -0.14767396 -0.27000862 0.36482567
v -0.14300227 -0.26133117 0.37239721
v -0.13472237 -0.26684445 0.37243882
v -0.14211084 -0.27332529 0.36317798
v -0.12957788 -0.27157125 0.36793345
v -0.13081056 -0.26737636 0.37416127
v -0.15162155 -0.24394198 0.36738992
v -0.14183517 -0.23780936 0.36997658
v -0.15063193 -0.23630990 0.36432710
v -0.13977781 -0.22731650 0.36589676
v -0.13785627 -0.23339982 0.37088493
v -0.12735878 -0.22968882 0.37318122
v -0.12504679 -0.21650705 0.36293820
v -0.01620014 0.07817960 0.48108926
v -0.01696404 0.07382653 0.47529694
v -0.00919368 0.05972457 0.47878036
v -0.00707720 0.05016325 0.47155312
v -0.00164488 0.04135899 0.47080556
v -0.00590054 0.04711503 0.46750852
v -0.02137625 0.08983774 0.47065744
v -0.01753480 0.07503150 0.46584821
v -0.01809106 0.09227372 0.48276630
v 0.00124421 0.03769885 0.46679261
v -0.01987211 0.08945373 0.46320352
v -0.01044907 0.07477485 0.48680553
v 0.00120232 0.04043716 0.46267459
v -0.02367995 0.09164082 0.46647805
v -0.01046334 0.09612551 0.49088019
v -0.00914012 0.08500862 0.48987353
v 0.00094796 0.04606568 0.47576573
v 0.00124513 0.07079659 0.48886284
v 0.00082944 0.08565439 0.49271324
v 0.00013824 0.09969958 0.49409142
v -0.09881384 0.01546318 0.31698829
v -0.10008959 0.00216209 0.32278496
v -0.09524524 0.00664338 0.30853635
v -0.09425020 0.01525884 0.29973540
v -0.09960499 0.02248864 0.30851215
v -0.09672782 -0.00267993 0.32159618
v -0.09382823 -0.00122878 0.31391484
v -0.10240865 -0.00159591 0.32736847
v -0.09838927 0.02071224 0.29596522
v -0.10039858 0.02359186 0.30140445
v -0.10383243 0.00937581 0.32211974
v 0.09794298 -0.08038726 -0.16877283
v 0.10394506 -0.09110744 -0.16840334
v 0.09643714 -0.09024930 -0.16584364
v 0.09839205 -0.07324837 -0.17033397
v 0.08740318 -0.09457444 -0.15945145
v 0.09215668 -0.08157705 -0.16809766
v 0.09329887 -0.09994609 -0.16720350
v 0.10323775 -0.09936725 -0.17226334
v 0.08843878 -0.11058531 -0.16780187
v 0.09755599 -0.10648985 -0.17626677
v 0.12119396 -0.09947114 -0.17531286
v 0.11571990 -0.08704998 -0.16757739
v 0.11052893 -0.08235505 -0.16658090
v 0.11091824 -0.06715321 -0.16366583
v 0.12966700 -0.08017069 -0.15719020
v 0.12369917 -0.09319247 -0.16973777
v 0.13875598 -0.04892235 -0.13911411
v 0.13672793 -0.09358236 -0.16325286
v 0.15159138 -0.08446033 -0.14462423
v 0.14446899 -0.09800049 -0.16126588
v 0.11669169 -0.05803139 -0.15770598
v 0.10661703 -0.05483920 -0.16507278
v 0.12985823 -0.03692463 -0.14090878
v 0.11496107 -0.04739844 -0.15615723
v 0.13986579 -0.10185929 -0.17084211
v -0.07870580 -0.02174952 0.40465784
v -0.08170190 -0.03971343 0.41058517
v -0.07286123 -0.02792355 0.41245207
v -0.08537473 -0.03197233 0.40310639
v -0.07194391 -0.02192174 0.40859139
v -0.07161573 -0.04376439 0.41461360
v -0.07461300 -0.01908717 0.40219182
v 0.07511872 0.23516572 0.40375757
v 0.08722635 0.23639104 0.39565954
v 0.08181512 0.24411640 0.40818232
v 0.08988690 0.24356355 0.40175745
v 0.06851667 0.23784593 0.41516429
v 0.09567150 0.24168205 0.39204150
v 0.06789581 0.23293266 0.40751660
v 0.06253956 0.23566110 0.42045575
v 0.09512482 0.23357663 0.38665918
v 0.07181159 0.24353465 0.41535428
v 0.06210707 0.24609955 0.42539451
v 0.10058507 0.23759542 0.38036838
v 0.09967580 0.22770928 0.37339005
v 0.05359163 0.23492891 0.43165234
v 0.06272325 0.22688639 0.41383573
v 0.05869111 0.22993477 0.42402324
v 0.05989930 0.22258215 0.41774109
v 0.06783873 0.25364077 0.41812429
v 0.04478385 0.24338503 0.43749785
v 0.05555267 0.21568833 0.43106213
v 0.04786092 0.22044806 0.44043246
v 0.04037360 0.22745521 0.44653803
v 0.05620701 0.24962643 0.42882892
v 0.05703116 0.18216838 0.44445384
v 0.04212574 0.19312131 0.45746401
v 0.05295118 0.16486952 0.45782566
v 0.07124238 0.16523950 0.43572113
v 0.06089407 0.19254765 0.43306100
v 0.06313975 0.18423535 0.43482128
v 0.06676551 0.17205535 0.43638107
v 0.04224500 0.18011777 0.46117148
v 0.04284572 0.16238296 0.46820226
v 0.06102240 0.14976688 0.45768592
v 0.03308800 0.21886273 0.45455468
v 0.07924561 0.12488625 0.45564944
v 0.09325377 0.12688363 0.43950590
v 0.08171804 0.15579987 0.43146628
v 0.09015295 0.10932075 0.45148921
v 0.07075802 0.11129201 0.46987489
v 0.05967390 0.12758347 0.47271618
v 0.04496438 0.12639180 0.48467433
v 0.04308671 0.14709571 0.47607064
v 0.05227412 0.10830865 0.48448512
v 0.08003614 0.10696428 0.46188360
v 0.10518257 0.12270699 0.42693362
v 0.08907206 0.15091449 0.42790505
v 0.09917936 0.14643484 0.42058298
v 0.10921341 0.14606579 0.40920219
v 0.07709600 0.25457522 0.40522271
v 0.11172520 0.11632903 0.41968346
v 0.03115390 0.14088030 0.48557460
v 0.11774071 0.13186193 0.40284157
v 0.11466821 0.14597569 0.40243587
v 0.03438509 0.23689555 0.44523573
v 0.13118286 0.13133974 0.38078618
v 0.12378664 0.14958507 0.38391474
v 0.12436078 0.12339690 0.39281178
v 0.13575359 0.11785331 0.37739560
v 0.14309663 0.12244648 0.36146325
v 0.12343527 0.11523847 0.39355430
v 0.09114344 0.24902311 0.39219224
v 0.03192770 0.12875336 0.49011183
v 0.03474141 0.10877337 0.49317762
v 0.11452321 0.14819546 0.39964920
v 0.11904947 0.14921187 0.39016590
v 0.05811783 0.21524900 0.42288017
v 0.05797365 0.20642599 0.42744315
v 0.11695666 0.15058428 0.39062765
v 0.06142544 0.09721923 0.47253397
v 0.10218892 0.15074788 0.42029011
v 0.08933812 0.15744305 0.42999515
v 0.09762630 0.16045213 0.42409298
v 0.10477494 0.16087835 0.41799349
v 0.08589328 0.17060649 0.43401644
v 0.07764022 0.16836178 0.43683872
v 0.07459807 0.18202583 0.43602166
v 0.12406778 0.15120727 0.37585589
v 0.04832023 0.10030428 0.48345092
v 0.05196714 0.09751325 0.47837421
v 0.10302318 0.16872276 0.42483044
v 0.09221328 0.17756909 0.43382606
v 0.10690244 0.18256931 0.42486924
v 0.09791858 0.18592133 0.43160221
v 0.08353744 0.18880300 0.43698493
v 0.09348615 0.19818565 0.43223456
v 0.10446392 0.19524056 0.42606121
v 0.09403764 0.20878462 0.42693368
v 0.08564952 0.20509931 0.43131584
v 0.07751931 0.19534279 0.43580946
v 0.07861923 0.21384831 0.42603451
v 0.09089003 0.21961269 0.41789559
v 0.10296693 0.20880671 0.41964182
v 0.10129268 0.21732263 0.41218287
v 0.09042080 0.22447626 0.40929219
v 0.06748796 0.20305413 0.42996815
v 0.07601012 0.20579754 0.43149775
v 0.09429047 0.23125197 0.39947465
v 0.10321826 0.22879389 0.38647223
v 0.08273980 0.23073566 0.40786341
v 0.07907385 0.22233409 0.41649821
v 0.07355420 0.22881091 0.41300997
v 0.07084782 0.21447095 0.42347383
v 0.12388667 0.17918457 0.37183163
v 0.12288737 0.16812104 0.37405565
v 0.11736811 0.17265671 0.35918108
v 0.11709643 0.18900111 0.35722810
v 0.11806110 0.19931404 0.36347952
v 0.12220622 0.19539291 0.37359324
v 0.11866588 0.20588119 0.37307373
v 0.12448608 0.17248034 0.38516495
v 0.12284674 0.19381599 0.38569745
v 0.12255429 0.16149618 0.38683090
v 0.12227959 0.18537748 0.39490661
v 0.11972424 0.20269756 0.38905060
v 0.11220388 0.21925695 0.38613889
v 0.11304604 0.21584310 0.37299657
v 0.12127665 0.16777706 0.39860454
v 0.11812772 0.19265151 0.40203369
v 0.11134522 0.21475458 0.39868450
v 0.11429758 0.20388335 0.40278658
v 0.11700867 0.18932326 0.40848365
v 0.11768251 0.17796007 0.40573442
v 0.11254916 0.20408829 0.40930021
v 0.11195936 0.19540778 0.41715950
v 0.11553471 0.17644309 0.41092768
v 0.11577065 0.16350482 0.40813366
v 0.11013004 0.17349292 0.41940373
v 0.11982726 0.15901846 0.37542626
v 0.10339664 0.21788992 0.40537357
v 0.10367699 0.22543082 0.39606908
v 0.10696629 0.22350515 0.37518463
v 0.04565495 -0.03852566 0.43198246
v 0.03691396 -0.03988598 0.43810007
v 0.04719332 -0.05040370 0.43036020
v 0.03818182 -0.05449116 0.43623191
v 0.04116059 -0.03084029 0.43338624
v 0.03411008 -0.04763431 0.43817958
v 0.03810272 -0.02679175 0.43164554
v 0.02652692 -0.05472600 0.43549526
v 0.03250580 -0.03524427 0.43537068
v 0.02720219 -0.04759300 0.43612286
v 0.13605523 0.11579657 0.32149082
v 0.13503145 0.11722334 0.31463829
v 0.14299954 0.11464456 0.31504568
v 0.14286515 0.11775710 0.29970315
v 0.13130499 0.12174328 0.30295864
v 0.14654014 0.11039397 0.32109323
v 0.13736755 0.11210056 0.32720074
v 0.13614613 0.12503253 0.29577112
v 0.12916771 0.12451319 0.29753962
v 0.12822582 0.11843360 0.30964610
v 0.13104223 0.12836634 0.29216829
v 0.13489935 0.11340903 0.32293192
v 0.13444877 0.11292027 0.33818576
v 0.13946672 0.10946056 0.33482167
v 0.14623217 0.10182874 0.32731614
v 0.14653376 0.10202916 0.33528432
v 0.14749376 0.11855166 0.30172530
v 0.14709750 0.11513475 0.31600186
v 0.15058491 0.10923412 0.32567543
v 0.14444982 0.10822090 0.33802813
v 0.14410132 0.11351160 0.34339052
v -0.05139073 0.07484721 0.43683055
v -0.05173983 0.09977702 0.42818800
v -0.04540219 0.08450780 0.43320048
v -0.04705739 0.06021211 0.44032040
v -0.04432113 0.09881740 0.42934382
v -0.04523702 0.10692490 0.42457902
v -0.06149415 0.09688340 0.42940089
v -0.05700946 0.09524862 0.43200156
v -0.05065700 0.05047805 0.44667161
v -0.04434230 0.03796371 0.44832239
v -0.04157908 0.05912798 0.44210991
v -0.03965142 0.07809514 0.43784422
v -0.03888474 0.04992678 0.44676030
v -0.03850307 0.09598964 0.43507436
v -0.03564942 0.11122349 0.43194005
v -0.07137696 -0.27898008 0.09497644
v -0.07481267 -0.28091171 0.08722754
v -0.07295632 -0.27897525 0.11221669
v -0.06853929 -0.27779397 0.11073716
v -0.06875676 -0.27969024 0.12940837
v -0.07421826 -0.28410763 0.13344605
v -0.07884417 -0.28357953 0.10269143
v -0.06847385 -0.28532290 0.14563705
v -0.07309384 -0.29313871 0.15367420
v -0.07783914 -0.28562257 0.11408009
v -0.07624282 -0.29414350 0.14647256
v -0.08408735 -0.29218772 0.09271731
v -0.07260088 -0.30283394 0.16222712
v -0.06743453 -0.29901940 0.16266236
v -0.06721035 -0.30870259 0.16885775
v -0.06825020 -0.31752753 0.17086932
v -0.07728387 -0.30105415 0.12424465
v -0.07645326 -0.30751765 0.15015045
v -0.07882691 -0.30430377 0.10992821
v -0.07611641 -0.30991784 0.12089767
v -0.07362632 -0.31116283 0.16379689
v -0.07430507 -0.31469923 0.15856284
v -0.07495783 -0.31535932 0.10738205
v -0.07381605 -0.31445563 0.12497635
v -0.08387902 -0.30106929 0.09857001
v -0.08129100 -0.30923474 0.10270362
v 0.06579018 -0.02254670 0.40979707
v 0.06629039 -0.03136896 0.40027982
v 0.06208823 -0.04076811 0.40490341
v 0.06528325 -0.03795885 0.39825147
v 0.06925880 -0.02120670 0.40241429
v 0.07440003 -0.02765506 0.39356521
v 0.07229576 -0.03283195 0.39032966
v 0.06002243 -0.02495184 0.41204146
v 0.05621009 -0.04112730 0.40741161
v 0.05054535 -0.04226588 0.41465947
v 0.07485522 -0.02042684 0.40063229
v 0.07292785 -0.02996542 0.38750276
v 0.05885957 -0.02949303 0.41887149
v 0.06099230 -0.02418827 0.41528177
v 0.04812435 -0.04337009 0.41126662
v 0.08109252 -0.02736467 0.39433292
v -0.06817929 -0.02223209 0.40660450
v -0.07286123 -0.02792355 0.41245207
v -0.06374650 -0.04108727 0.40926141
v -0.07161573 -0.04376439 0.41461360
v -0.07194391 -0.02192174 0.40859139
v -0.06122202 -0.04049887 0.40373415
v -0.06725434 -0.02242224 0.40085286
v -0.07461300 -0.01908717 0.40219182
v -0.00850040 -0.04525929 0.43845320
v -0.00828289 -0.03653675 0.43208551
v -0.01278215 -0.05178652 0.43191883
v -0.01247613 -0.05686905 0.43518499
v -0.00125819 -0.03033113 0.43617535
v -0.00185651 -0.02848973 0.42776555
v -0.01063536 -0.04900945 0.42551339
v -0.00681309 -0.04710849 0.42241728
v 0.11172520 0.11632903 0.41968346
v 0.09015295 0.10932075 0.45148921
v 0.10555210 0.11040987 0.42813143
v 0.11235756 0.11040794 0.41459900
v 0.12343527 0.11523847 0.39355430
v 0.09309975 0.10298502 0.44122937
v 0.08886189 0.09695326 0.44269922
v 0.11831365 0.10990664 0.39628321
v 0.09816583 0.10200877 0.42757413
v 0.10268540 0.10351892 0.41693649
v 0.09336306 0.09917695 0.43004119
v 0.11614244 0.10744213 0.38755423
v 0.12233692 0.10923686 0.38390800
v 0.08735117 0.09582921 0.43054712
v 0.08375919 0.09372368 0.43511140
v 0.11096733 0.10746931 0.40479273
v 0.10482482 0.10517410 0.41276884
v 0.12986581 0.11058998 0.38035515
v 0.13575359 0.11785331 0.37739560
v 0.13529018 0.11114515 0.37245765
v 0.14216311 0.11391426 0.35897356
v 0.13703094 0.10841681 0.36424124
v 0.14309663 0.12244648 0.36146325
v 0.14695297 0.11556178 0.34301412
v 0.14410132 0.11351160 0.34339052
v 0.08844100 0.09986838 0.44901666
v 0.08177049 0.10089202 0.45632461
v 0.08003614 0.10696428 0.46188360
v 0.06142544 0.09721923 0.47253397
v 0.07547828 0.09751116 0.45753717
v 0.06895247 0.09609964 0.46288711
v 0.06806968 0.09366896 0.45071140
v 0.06492211 0.09042508 0.43943661
v 0.06644934 0.09330883 0.45212507
v 0.06986340 0.09341665 0.43580171
v 0.09979489 0.10327158 0.39118284
v 0.13689505 0.11235382 0.34867564
v 0.13136347 0.10779519 0.35450572
v 0.13142948 0.10789736 0.34885398
v 0.13444877 0.11292027 0.33818576
v 0.07995024 0.09328981 0.43070069
v 0.08179392 0.09063441 0.42503160
v 0.08115820 0.09114844 0.43617395
v 0.13946672 0.10946056 0.33482167
v 0.13719118 0.09898911 0.36870939
v 0.10018125 0.01688302 0.31454018
v 0.09383723 0.01875729 0.30541939
v 0.09324023 0.01069481 0.31424019
v 0.09863847 0.02684771 0.30407053
v 0.09805515 0.00977672 0.31825727
v 0.08851683 0.00971726 0.30466032
v 0.09120654 0.01535440 0.30112967
v 0.08675433 0.01331397 0.29996750
v 0.09469226 0.02175670 0.29216120
v 0.09822073 0.02981010 0.29002964
v 0.09765095 0.02961991 0.28607181
v 0.09716050 0.03313162 0.28114107
v 0.09955160 0.03161297 0.30054882
v 0.10016106 -0.00683467 0.31891105
v 0.09213919 0.00564385 0.30844420
v 0.10382742 0.00279980 0.32107967
v 0.10459998 -0.00774687 0.32409611
v 0.11119851 -0.00219382 0.32581720
v 0.07545689 0.05502394 0.26959324
v 0.06373987 0.05752217 0.26350197
v 0.05993264 0.05153189 0.26117241
v 0.07982380 0.04985942 0.27131775
v 0.08459160 0.05618441 0.27526373
v 0.07322889 0.05950351 0.27014148
v 0.06026325 0.06165583 0.25966600
v 0.07389323 0.04038098 0.27296874
v 0.05891574 0.04479012 0.26339263
v 0.09141170 0.04772024 0.27282465
v 0.09454105 0.04026036 0.27582934
v 0.08876052 0.05362104 0.27295470
v 0.06344095 0.03168536 0.27531034
v 0.07945530 0.02962429 0.28085229
v 0.04680406 0.03093285 0.26695877
v 0.05342247 0.02164626 0.28256714
v 0.05827711 0.01524229 0.29145834
v 0.05173991 0.02457818 0.27788302
v 0.04989147 0.02844788 0.27262801
v 0.09728435 0.05185363 0.26914409
v 0.05242195 0.04022026 0.26162460
v 0.04296730 0.03223302 0.26237524
v 0.05604279 0.04482581 0.25919917
v 0.04430939 0.04329629 0.25528687
v 0.05784354 0.05388550 0.25456101
v 0.04460081 0.05484382 0.24960889
v 0.05421374 0.06223442 0.24570036
v 0.03779752 0.05771519 0.24744940
v 0.04606761 0.06900881 0.24249874
v 0.04519334 0.03436623 0.25953272
v 0.03352109 0.03328822 0.26062757
v -0.08248729 -0.02752325 0.38564071
v -0.09246214 -0.02661992 0.38737127
v -0.08749238 -0.03080630 0.39869902
v 0.05878142 -0.02274911 0.36559579
v 0.04596880 -0.03182020 0.38146839
v 0.06000416 -0.02998969 0.37770316
v 0.07011282 -0.02487553 0.36633822
v 0.07469589 -0.02158899 0.35554567
v 0.06302594 -0.01836216 0.35671073
v 0.07092077 -0.01592046 0.34477851
v 0.07680682 -0.02034787 0.35103887
v 0.07451477 -0.01514005 0.34199974
v 0.06053026 -0.03580881 0.38393596
v 0.04630345 -0.03659316 0.39055616
v 0.01909056 -0.04207180 0.41006956
v 0.01917501 -0.03707590 0.40072238
v -0.00171888 -0.04578267 0.42176425
v 0.00514001 -0.04727420 0.42316413
v 0.00093811 -0.03321693 0.40337509
v 0.02739140 -0.04734392 0.42289490
v 0.01122599 -0.05099358 0.42916307
v 0.03604918 -0.04169837 0.40641516
v 0.02422261 -0.04972700 0.42756721
v 0.02322347 -0.05215270 0.43184569
v 0.04812435 -0.04337009 0.41126662
v 0.06158738 -0.03899327 0.39679423
v 0.03434239 -0.04545119 0.41865852
v 0.06432495 -0.03808071 0.39080423
v -0.00681309 -0.04710849 0.42241728
v 0.06208823 -0.04076811 0.40490341
v 0.07537877 -0.02520804 0.37016082
v 0.07760734 -0.02279156 0.36405975
v 0.06774372 -0.02970806 0.38115966
v 0.01125017 -0.05644007 0.43560842
v 0.06273388 -0.03207726 0.37984002
v 0.02520911 -0.05691735 0.43725663
v 0.00611094 -0.05909048 0.43896565
v 0.02307629 -0.06034332 0.44673234
v 0.04448519 -0.05717325 0.44292542
v -0.00132326 -0.06220414 0.44762480
v -0.00460462 -0.05948388 0.43872336
v -0.02017906 -0.06127410 0.44623816
v -0.03478254 -0.05601384 0.43440017
v -0.03549947 -0.05918170 0.44385689
v -0.05481079 -0.05617813 0.43787876
v -0.04411315 -0.05485050 0.43405709
v -0.05186475 -0.05200525 0.42876747
v -0.06863020 -0.05256784 0.43280131
v -0.07004467 -0.04762218 0.41836727
v -0.06287017 -0.04518446 0.41431332
v 0.03818182 -0.05449116 0.43623191
v 0.04719332 -0.05040370 0.43036020
v 0.06014887 -0.05163224 0.43771976
v 0.05875489 -0.04790188 0.42984009
v -0.01247613 -0.05686905 0.43518499
v 0.04863635 -0.04686140 0.42526782
v 0.05584351 -0.04473086 0.42404267
v 0.06425990 -0.04347953 0.42185429
v 0.05096827 -0.04458481 0.42165577
v 0.04601249 -0.04471384 0.42006743
v -0.07890821 -0.04849745 0.42781579
v 0.04139068 -0.04434531 0.41832364
v 0.07292785 -0.02996542 0.38750276
v 0.07374117 -0.04435127 0.43259993
v 0.07510661 -0.03664668 0.41344133
v 0.08621293 -0.03815820 0.42599702
v 0.08008721 -0.03303818 0.40876481
v 0.09555948 -0.02590005 0.40527183
v 0.10244647 -0.02819011 0.41397211
v 0.10613718 -0.01709101 0.38580552
v 0.11179119 -0.02235577 0.40282008
v 0.12152756 -0.01335480 0.37986317
v 0.10900249 -0.00987912 0.36936969
v 0.11866680 -0.00304993 0.34927177
v 0.12835336 -0.00562666 0.35427630
v 0.12899353 -0.00425956 0.34844437
v 0.12559466 -0.00146550 0.34309307
v 0.06528325 -0.03795885 0.39825147
v -0.00370820 -0.03340996 0.39991572
v -0.01757539 -0.04387319 0.41348270
v -0.03113156 -0.04782385 0.42299938
v -0.03439488 -0.04636830 0.41904426
v -0.04396926 -0.04414194 0.40808183
v -0.03575585 -0.03572219 0.38706753
v -0.04801251 -0.03742669 0.39166886
v -0.02020541 -0.03266457 0.38860685
v -0.03841051 -0.03364399 0.38346857
v -0.01063536 -0.04900945 0.42551339
v -0.01278215 -0.05178652 0.43191883
v -0.02880669 -0.05049796 0.43075138
v -0.06122202 -0.04049887 0.40373415
v -0.06413741 -0.03597483 0.39478618
v -0.05298829 -0.04523860 0.41575673
v -0.05492057 -0.04702770 0.42246357
v -0.07075927 -0.02978698 0.38656566
v -0.05027681 -0.02433665 0.37520412
v -0.07800463 -0.02276618 0.37454975
v -0.05843229 -0.01599140 0.36231211
v -0.07438806 -0.00531851 0.33714408
v -0.05433333 -0.00688080 0.34615561
v -0.08261713 -0.01717397 0.36372617
v -0.08316059 -0.00994246 0.34547830
v -0.05979646 0.00246831 0.32728329
v -0.08108987 -0.00193118 0.32380977
v -0.09345980 -0.00875223 0.34094158
v -0.09672782 -0.00267993 0.32159618
v -0.05197876 0.00152489 0.33216879
v -0.05257238 0.00952873 0.31790891
v -0.05148737 -0.01490779 0.36370006
v -0.04784134 -0.02177626 0.37319010
v -0.06521853 0.01069813 0.30834967
v -0.05585885 0.01156473 0.30642915
v -0.05640048 0.01729367 0.29577732
v -0.07354345 0.01486309 0.30082658
v -0.05558024 0.02480169 0.28322169
v -0.08290852 0.02933127 0.28012505
v -0.05575147 0.02877722 0.27666062
v -0.09548659 0.02020880 0.29301316
v -0.09982031 0.02935144 0.27998126
v -0.09425020 0.01525884 0.29973540
v -0.07374279 0.00559301 0.31350812
v -0.08172039 0.00725139 0.30857444
v -0.09260887 0.00458589 0.30940753
v -0.09349477 -0.01094270 0.35272700
v -0.08775944 -0.01482062 0.36180332
v -0.09664316 -0.01306009 0.36206856
v -0.09413702 0.03754209 0.27166760
v -0.08201549 0.03752315 0.27170908
v -0.06641223 0.03745067 0.26868272
v -0.10843580 0.03274060 0.27321380
v -0.10110916 0.01928298 0.29192358
v -0.07161573 -0.04376439 0.41461360
v -0.06374650 -0.04108727 0.40926141
v -0.08170190 -0.03971343 0.41058517
v -0.09475394 -0.03981666 0.41934356
v -0.09092058 -0.03117770 0.40097547
v -0.10180651 -0.01372937 0.36171383
v -0.09680955 -0.01813097 0.37125191
v -0.12318028 -0.01502869 0.37549743
v -0.10671636 -0.01241986 0.36007148
v -0.11869120 -0.00666953 0.35183954
v -0.12879007 -0.00665578 0.35288358
v -0.12508267 -0.00410491 0.34593311
v -0.12999113 -0.00290792 0.33911154
v -0.10046795 -0.02170040 0.38679871
v -0.11748494 -0.02087406 0.39354855
v -0.12514621 -0.00233644 0.34156203
v -0.03813614 -0.02413214 0.37946177
v -0.11239966 -0.02317469 0.40494466
v -0.10152784 0.04188833 0.26606321
v 0.01972642 -0.03014358 0.39330477
v 0.02652692 -0.05472600 0.43549526
v 0.02983803 -0.03189033 0.38953507
v -0.05394002 0.03702210 0.26984674
v -0.05034399 0.03545262 0.27175432
v -0.05055251 0.03895250 0.26479360
v -0.04557505 0.03829927 0.26804119
v -0.04434524 0.04296752 0.26093656
v -0.05006830 0.04567424 0.25920945
v -0.05731060 0.04604112 0.25952381
v -0.03661873 0.04932238 0.25503802
v -0.04234179 0.05202910 0.25331092
v -0.03399294 0.04318386 0.26280633
v -0.03531024 0.05618740 0.24648114
v -0.04609852 0.05858206 0.23854785
v -0.03086269 0.06280161 0.23272164
v -0.02321347 0.06065776 0.24585752
v -0.01801496 0.05193393 0.25630617
v -0.02521867 0.04230824 0.26867580
v -0.00356672 0.04492217 0.26696134
v -0.00502498 0.05787183 0.24886824
v -0.03076810 0.04189926 0.26919284
v 0.01327677 0.04872291 0.25304648
v -0.08537473 -0.03197233 0.40310639
v 0.01664594 0.03992185 0.26125976
v 0.02819846 0.04657544 0.25370783
v 0.02596271 0.03802666 0.26309407
v 0.00080518 -0.02591958 0.39661896
v -0.09524524 0.00664338 0.30853635
v -0.01033674 0.07295866 0.23725209
v -0.01916226 0.07109366 0.23561534
v 0.01224796 0.06417670 0.24317348
v -0.10297095 -0.00304815 0.35348451
v -0.10975516 -0.00427438 0.35260326
v -0.10708941 -0.00032609 0.34923351
v -0.04014142 0.03792097 0.26470512
v -0.09906178 -0.00256841 0.34613818
v -0.10399461 0.01740341 0.29221007
v -0.05017675 0.05485181 0.25255021
v -0.05186998 0.05962653 0.24842402
v -0.05631848 0.05289980 0.25591573
v -0.07719190 0.00367578 0.31145424
v -0.08664139 -0.00247456 0.31958789
v -0.07871770 -0.00019243 0.31961286
v -0.09382823 -0.00122878 0.31391484
v -0.11039576 0.00777822 0.29793200
v -0.11959551 0.00810570 0.29566923
v -0.11647560 0.00315219 0.30658725
v -0.12272939 0.01023669 0.29192081
v -0.13107342 -0.00005452 0.32351956
v -0.13292862 0.00285424 0.31283286
v -0.13381572 0.00769367 0.29977489
v -0.13362680 0.01399111 0.28494954
v -0.12363187 0.01459708 0.28279972
v -0.13379492 0.02077679 0.27008235
v -0.12031021 0.02345986 0.26615119
v -0.13272201 0.03080643 0.25249955
v -0.12196077 0.02826398 0.25731686
v -0.12379584 0.03457810 0.24842459
v -0.13086477 0.04333563 0.23448469
v -0.11582138 -0.00261975 0.32802942
v -0.11396093 -0.00014715 0.32068545
v -0.10660417 0.00001614 0.32583693
v -0.10742553 -0.00090775 0.33079836
v -0.10240865 -0.00159591 0.32736847
v -0.10008959 0.00216209 0.32278496
v 0.07229576 -0.03283195 0.39032966
v -0.09931461 -0.02231158 0.40180066
v -0.10642876 -0.02759255 0.41107094
v -0.07852852 -0.02888857 0.39256898
v -0.07341339 -0.03011323 0.39133906
v 0.01899607 0.05903180 0.24570051
v 0.09565400 -0.02224908 0.38854498
v 0.10027326 -0.01664465 0.37541974
v 0.08587071 -0.02711810 0.39280906
v 0.08946794 -0.01387990 0.38274759
v 0.08398116 -0.01514670 0.38148326
v 0.08596267 -0.00982451 0.37419462
v 0.09478974 -0.01112330 0.37500751
v 0.09200448 -0.00964322 0.36395320
v 0.09976175 -0.01052373 0.35974413
v 0.08402050 -0.03001392 0.40136826
v 0.08109252 -0.02736467 0.39433292
v -0.11101556 0.03198550 0.28510678
v 0.03380385 0.07084853 0.23922187
v 0.11122689 -0.00734386 0.35818970
v 0.11341462 -0.00435459 0.34703749
v 0.09779815 -0.00997008 0.35181198
v -0.10272463 -0.00047309 0.33339417
v 0.05652566 -0.01001414 0.35128880
v -0.09511089 -0.02246093 0.38107878
v -0.11390103 0.03272871 0.26683077
v -0.10633541 0.04417782 0.26139390
v -0.04496251 -0.04417282 0.41398755
v -0.11858775 -0.00181863 0.33194938
v -0.08957046 -0.02147211 0.38316801
v -0.08383379 -0.02171441 0.38202286
v 0.05650346 -0.00292732 0.33627808
v 0.07101710 -0.01081416 0.33693048
v 0.06982046 -0.00347347 0.32771167
v -0.11420556 0.04497895 0.25397402
v -0.10574080 0.00458065 0.34400484
v -0.08781687 -0.00978443 0.37593952
v -0.08514661 -0.01340801 0.37805814
v -0.00200646 -0.01646161 0.39172733
v 0.10151522 -0.01369864 0.36584073
v 0.10532507 -0.01046560 0.35558227
v 0.10388894 -0.00702972 0.34631532
v 0.09252534 -0.01094146 0.34957796
v 0.09749213 -0.00818278 0.34356731
v 0.08974379 -0.00571069 0.34012115
v 0.08054579 -0.01040171 0.34267217
v 0.07405718 0.00487199 0.31742525
v 0.06581402 0.01297217 0.31132859
v 0.08170607 0.00852679 0.30893061
v 0.05728773 0.01458423 0.31106022
v 0.07627725 0.01282483 0.30047485
v 0.06017131 0.01320170 0.29960647
v 0.05548624 0.01580026 0.29235345
v 0.05505668 0.00294339 0.32921290
v 0.07698948 0.00459885 0.31567347
v 0.11113481 -0.00523022 0.34178346
v 0.08105342 -0.00969179 0.33654910
v -0.09838927 0.02071224 0.29596522
v -0.11825011 0.02597982 0.27079022
v 0.02406623 -0.00486639 0.37815386
v 0.01404134 -0.00226627 0.37940711
v 0.02410705 0.00234307 0.37262070
v -0.00209741 0.00824970 0.37508082
v 0.01807628 0.02958432 0.35491326
v -0.00136455 0.04182469 0.34774080
v 0.01888628 0.03811856 0.34747317
v 0.01992903 0.04983175 0.33445373
v -0.00074287 0.05474284 0.33230278
v 0.01891512 0.05598890 0.32100803
v -0.02019806 0.05130732 0.33281738
v -0.02150511 0.05616850 0.31998679
v -0.00175763 0.05859464 0.32114571
v -0.01730288 0.03840452 0.34761930
v 0.03233062 0.05155719 0.32297945
v 0.03238253 0.04676047 0.33252734
v -0.03578076 0.05131349 0.31983849
v -0.03369860 0.04641181 0.33253577
v -0.03087937 0.03323675 0.34590679
v -0.01417665 0.00098311 0.37734175
v -0.03617308 0.05328247 0.30663159
v -0.02510004 0.01058840 0.36571157
v 0.03137585 0.03161997 0.34680784
v -0.02640650 -0.01086310 0.37976575
v -0.11847130 0.02167447 0.28816590
v -0.11533953 -0.00071594 0.35256350
v 0.07429284 -0.01191322 0.33449167
v 0.07876933 -0.00499247 0.32516760
v 0.08388151 -0.01022764 0.32913202
v 0.09084625 -0.00730921 0.32342550
v 0.08260600 -0.00127629 0.31865913
v 0.08917403 0.00129003 0.31186798
v 0.10171021 -0.01349991 0.32997259
v 0.08903009 -0.01018326 0.33323398
v 0.08621886 0.00545404 0.30532426
v 0.08114216 0.00525073 0.31136861
v 0.08609757 0.00100497 0.31531772
v -0.04941010 0.05947667 0.24334784
v -0.09542601 -0.03050122 0.40616059
v 0.07379121 -0.01667622 0.33973274
v -0.10383243 0.00937581 0.32211974
v -0.12555937 0.03954494 0.24273892
v 0.05054535 -0.04226588 0.41465947
v 0.05885957 -0.02949303 0.41887149
v 0.11336327 -0.00157068 0.33111188
v 0.12218212 -0.00111707 0.33224049
v -0.12151816 0.03870485 0.25000560
v 0.07440003 -0.02765506 0.39356521
v -0.05239803 -0.04205972 0.42385459
v 0.11841904 0.00389606 0.34803051
v -0.10039858 0.02359186 0.30140445
v 0.08834452 -0.01211390 0.36535487
v 0.08414428 -0.01487856 0.35552815
v 0.07718024 -0.02651296 0.38264143
v -0.07461300 -0.01908717 0.40219182
v -0.06725434 -0.02242224 0.40085286
v -0.07341339 -0.03011323 0.39133906
v -0.07852852 -0.02888857 0.39256898
v -0.06413741 -0.03597483 0.39478618
v -0.06817929 -0.02223209 0.40660450
v -0.06122202 -0.04049887 0.40373415
v 0.03824858 -0.02630519 0.42733434
v 0.04139068 -0.04434531 0.41832364
v 0.03434239 -0.04545119 0.41865852
v 0.03106846 -0.03270520 0.42763320
v 0.02739140 -0.04734392 0.42289490
v 0.04601249 -0.04471384 0.42006743
v 0.04343928 -0.03050998 0.42747393
v -0.09375023 -0.00813425 0.17943318
v -0.09987274 -0.00631029 0.16916336
v -0.09589110 -0.01922052 0.17405993
v -0.09189957 -0.02616131 0.17798640
v -0.08649289 -0.02186364 0.18378928
v -0.08328074 -0.03606436 0.18568528
v -0.08688342 -0.03891173 0.18202075
v -0.10243933 -0.01144658 0.16742615
v -0.10766419 0.00079843 0.15866256
v -0.10212432 0.00817506 0.16439262
v -0.09518432 -0.00534437 0.17955132
v -0.09826104 0.02002089 0.17793411
v -0.10514472 0.02208806 0.15508901
v -0.10083353 0.03162401 0.16457884
v -0.10532366 0.03862404 0.14810185
v -0.10069364 0.05080387 0.15637903
v -0.11808410 0.00879115 0.14527275
v -0.11861286 0.02948307 0.13221796
v -0.11152601 0.04925660 0.13194592
v -0.10408671 0.06429899 0.13568880
v -0.10002421 0.06657848 0.14385946
v -0.11719774 0.05001058 0.11915399
v -0.11170059 0.06522708 0.11840486
v -0.12586202 0.05061864 0.09799139
v -0.12722385 0.03429504 0.11368295
v -0.13445009 0.03174886 0.09929422
v -0.09898280 0.04469738 0.17608364
v -0.09745717 0.02986954 0.18635787
v -0.09661260 0.08272837 0.13106504
v -0.09192633 0.09302598 0.12961274
v -0.13840656 0.01310290 0.11444383
v -0.14694586 0.00897553 0.09935530
v -0.12991831 0.01397654 0.12868257
v -0.11131447 0.07594472 0.09831595
v -0.09348784 0.09694336 0.11277405
v -0.13832645 0.03056516 0.07922541
v -0.12368506 0.06078579 0.07540055
v -0.14180641 0.00117504 0.13026319
v -0.12950014 -0.00195030 0.14530362
v -0.15607579 -0.02511698 0.14859954
v -0.16027626 -0.01564711 0.13129799
v -0.17060810 -0.03198824 0.13867390
v -0.16318609 -0.04620848 0.16057481
v -0.17441434 -0.04558796 0.14462952
v -0.16920206 -0.06058433 0.16425450
v -0.16024795 -0.06779018 0.17777054
v -0.16440569 -0.07852323 0.18045163
v -0.16800500 -0.07840991 0.17593221
v -0.16651523 -0.10920870 0.19710323
v -0.15752976 -0.11233557 0.20664544
v -0.16586258 -0.12463997 0.20656797
v -0.09198671 -0.15794326 0.22845343
v -0.07788563 -0.19032221 0.24739546
v -0.06642373 -0.19296911 0.23706241
v -0.07477937 -0.17067808 0.22384246
v -0.06316572 -0.20408659 0.24866332
v -0.08893502 -0.14460991 0.21642378
v -0.07622610 -0.15009713 0.20842068
v -0.10953926 -0.14033142 0.22725165
v -0.09190434 -0.17178525 0.24041829
v -0.09509598 -0.18987682 0.25932461
v -0.10724417 -0.16176096 0.24064344
v -0.10657209 -0.17632434 0.25177750
v -0.07424894 -0.20275408 0.25976658
v -0.06391652 -0.20706697 0.25608051
v -0.09103958 -0.20325679 0.27331042
v -0.10680989 -0.20208466 0.27736285
v -0.11500947 -0.18674079 0.26217806
v -0.07303857 -0.21032494 0.27317661
v -0.08438706 -0.21225166 0.28385499
v -0.06097025 -0.21479343 0.27274060
v -0.12028024 -0.21005879 0.29168329
v -0.11813471 -0.19963852 0.27705210
v -0.09779394 -0.22011796 0.29924640
v -0.12381625 -0.21968128 0.30680513
v -0.12264632 -0.17087173 0.24774145
v -0.07556358 -0.22154866 0.29728708
v -0.05841098 -0.22058237 0.28617036
v -0.12443484 -0.14022918 0.22891407
v -0.04854340 -0.22617511 0.29010308
v -0.06079513 -0.22447558 0.29814145
v -0.13847072 -0.17400639 0.24864911
v -0.13842991 -0.15189007 0.23499122
v -0.14021057 -0.19187576 0.26276281
v -0.14130081 -0.20383453 0.27538699
v -0.14189230 -0.21155405 0.28671452
v -0.14036596 -0.12454782 0.22124018
v -0.14082177 -0.21968605 0.30182037
v -0.10606809 -0.12118507 0.21944290
v -0.10801348 -0.09195197 0.20675942
v -0.09438304 -0.09609131 0.20727512
v -0.09231501 -0.08690009 0.20246594
v -0.10850175 -0.08128072 0.20087779
v -0.09122154 -0.06335263 0.19186935
v -0.10807806 -0.06299073 0.19118750
v -0.12941891 -0.12339079 0.22138014
v -0.12522478 -0.07817885 0.19802062
v -0.14063567 -0.10034465 0.20922548
v -0.09270172 -0.04914726 0.18607487
v -0.10103907 -0.03680709 0.18064277
v -0.08804598 -0.05154815 0.18577388
v -0.14324345 -0.06220283 0.18434130
v -0.14500868 -0.07922409 0.19473296
v -0.12333254 -0.04393188 0.18028530
v -0.12724718 -0.03134275 0.17322274
v -0.11483027 -0.02282203 0.17052750
v -0.14259396 -0.04702725 0.17605108
v -0.12866458 -0.01819851 0.16200237
v -0.11825459 -0.00894621 0.15874289
v -0.09668297 -0.12929724 0.21711946
v -0.15140182 -0.12287476 0.21563485
v -0.14647874 -0.02993217 0.16155894
v -0.14975786 -0.15765318 0.23187013
v -0.14530483 -0.17912030 0.24649611
v -0.16042525 -0.14159054 0.21815228
v -0.15713562 -0.16792189 0.23080139
v -0.08748245 -0.11144161 0.20666532
v -0.15465796 -0.19006804 0.24252051
v -0.00205025 0.11747303 -0.34423470
v 0.00212637 0.11747853 -0.34473166
v 0.00179470 0.08812148 -0.34290072
v 0.00215681 0.13891719 -0.34277835
v -0.00116788 0.09864372 -0.34432143
v -0.00107195 0.08815647 -0.34300989
v 0.00609387 0.09629599 -0.34083405
v 0.00991948 0.08378048 -0.33618656
v 0.00635115 0.11514553 -0.34070328
v 0.01315128 0.08332288 -0.33076748
v -0.00228558 0.13881764 -0.34144783
v -0.11868339 0.00987916 0.33713841
v -0.11145124 0.00941576 0.33681157
v -0.10742553 -0.00090775 0.33079836
v -0.11858775 -0.00181863 0.33194938
v -0.11135995 0.01303954 0.34146449
v -0.11732224 0.01523275 0.34062055
v -0.10594371 0.00512111 0.33634254
v -0.10272463 -0.00047309 0.33339417
v -0.12016543 0.01454874 0.34242612
v -0.06099166 -0.00276126 0.21186586
v -0.05955927 0.00769406 0.21122415
v -0.06189148 0.01009455 0.20694144
v -0.06265525 0.00311171 0.19849098
v -0.04696138 -0.01969490 0.20494670
v -0.04488096 -0.01388215 0.21806204
v -0.05515581 -0.01103732 0.20747125
v -0.05430462 -0.00773363 0.21400899
v -0.05791922 -0.02118371 0.19395936
v -0.05576177 -0.00548592 0.21356602
v -0.05959481 -0.01646853 0.19248587
v -0.06222292 -0.00941943 0.19163035
v -0.03503910 -0.03273592 0.42511523
v -0.03666933 -0.03240450 0.43217507
v -0.03140415 -0.04379382 0.42905042
v -0.04076743 -0.02328861 0.42680877
v -0.03284744 -0.04615683 0.43299806
v -0.02880669 -0.05049796 0.43075138
v -0.03113156 -0.04782385 0.42299938
v -0.04112974 -0.02516864 0.42063978
v -0.04473351 -0.02161888 0.42176282
v -0.03439488 -0.04636830 0.41904426
v -0.04054593 -0.04290333 0.41600022
v -0.04496251 -0.04417282 0.41398755
v -0.00026994 -0.04443589 0.44220582
v 0.00492928 -0.05541607 0.44078657
v 0.00647399 -0.04778143 0.43981814
v 0.00287640 -0.03660212 0.43880272
v 0.01125017 -0.05644007 0.43560842
v 0.00831106 -0.03903747 0.43445042
v 0.00611094 -0.05909048 0.43896565
v -0.00125819 -0.03033113 0.43617535
v 0.00283386 -0.02939056 0.43046656
v -0.00460462 -0.05948388 0.43872336
v -0.00850040 -0.04525929 0.43845320
v -0.01247613 -0.05686905 0.43518499
v -0.05168220 0.09660847 0.47840494
v -0.04959566 0.08992653 0.47168609
v -0.05105158 0.08105896 0.48215020
v -0.04721723 0.07910322 0.47480363
v -0.04868650 0.07637560 0.48228839
v -0.05164566 0.09420174 0.47222432
v -0.05166688 0.10141998 0.48174918
v -0.04944779 0.09612368 0.48381174
v -0.04777125 0.08595812 0.48727080
v -0.04556416 0.08109888 0.48722774
v -0.04425789 0.07370088 0.48156294
v 0.11427017 0.13261342 0.28201449
v 0.11962056 0.13802478 0.28068510
v 0.11653818 0.13137883 0.28701264
v 0.12543960 0.13807397 0.28742304
v 0.10896411 0.12729435 0.27936801
v 0.10798400 0.12858120 0.27057448
v 0.11582523 0.13325678 0.26675788
v 0.11446793 0.13063405 0.26107380
v 0.10777047 0.12577306 0.26386338
v 0.11240897 0.13011718 0.25697026
v 0.10988624 0.12311719 0.24763849
v 0.05470721 0.07350370 0.43369403
v 0.05547695 0.06240384 0.43853688
v 0.05012358 0.06138521 0.43706852
v 0.04870910 0.04632060 0.44347876
v 0.05505526 0.04676494 0.44598162
v 0.05002419 0.03418618 0.45079920
v 0.05615404 0.03912341 0.45194209
v 0.05224189 0.08001032 0.43107104
v 0.06205690 0.09488133 0.43120253
v 0.05796480 0.09882420 0.42696631
v 0.05975487 0.06986638 0.43980235
v 0.04866540 0.02710487 0.45619515
v 0.05939011 0.04855724 0.45228574
v 0.04472880 0.02771290 0.45505905
v 0.04971273 0.09437526 0.42786634
v 0.05056727 0.10800000 0.42522505
v 0.04363674 0.10795784 0.42763379
v 0.08754677 -0.02854483 0.17464826
v 0.08755977 -0.03118031 0.18100925
v 0.08939008 -0.02514591 0.18132003
v 0.09326566 -0.00965275 0.17908798
v 0.08387443 -0.04815201 0.17411898
v 0.09354427 -0.01364380 0.18289986
v 0.09593102 0.00741663 0.18389405
v 0.08591975 -0.05044669 0.17636946
v 0.08203164 -0.05699023 0.17583545
v 0.08288611 -0.05821658 0.17773695
v 0.03250580 -0.03524427 0.43537068
v 0.02629941 -0.04317358 0.43231118
v 0.02720219 -0.04759300 0.43612286
v 0.02322347 -0.05215270 0.43184569
v 0.03106846 -0.03270520 0.42763320
v 0.03810272 -0.02679175 0.43164554
v 0.03824858 -0.02630519 0.42733434
v 0.02422261 -0.04972700 0.42756721
v 0.02739140 -0.04734392 0.42289490
v 0.02652692 -0.05472600 0.43549526
v -0.14901674 0.12757574 0.31964773
v -0.14821616 0.12195225 0.31800619
v -0.15210263 0.11527190 0.32848689
v -0.14358301 0.12664109 0.31205803
v -0.14636454 0.11430183 0.31993619
v -0.14576684 0.12097641 0.31630278
v -0.14341399 0.12953001 0.30771104
v -0.14723584 0.11082462 0.32780507
v -0.15040007 0.11333103 0.33180463
v 0.19530109 -0.32093978 0.34433475
v 0.19285634 -0.31722605 0.34635338
v 0.18090318 -0.32795018 0.34820542
v 0.18178967 -0.31796283 0.35081908
v 0.17815594 -0.32749537 0.34940621
v 0.20132308 -0.31858754 0.34143779
v 0.19950965 -0.30925393 0.34232843
v 0.17781863 -0.31409544 0.35102135
v 0.17174506 -0.32499042 0.34860149
v 0.20159914 -0.30538946 0.33745611
v 0.19745959 -0.28981534 0.34151721
v -0.13888425 0.12473203 0.34131441
v -0.14985262 0.12196474 0.33360529
v -0.14664738 0.11524110 0.33598644
v -0.15040007 0.11333103 0.33180463
v -0.13773471 0.12066635 0.34038487
v -0.15210263 0.11527190 0.32848689
v 0.14848588 0.11990494 0.31779140
v 0.14898415 0.12004978 0.32640290
v 0.14709750 0.11513475 0.31600186
v 0.14924499 0.12116606 0.30390957
v 0.14749376 0.11855166 0.30172530
v 0.09557851 0.08033656 0.30825117
v 0.09185490 0.05986491 0.28866217
v 0.09534206 0.06876280 0.30204049
v 0.09568106 0.05653547 0.29462141
v 0.08707935 0.07989663 0.29752025
v 0.08594744 0.06652630 0.28497228
v 0.08872572 0.05536618 0.27852774
v 0.08649831 0.09864099 0.31502640
v 0.09392797 0.09023556 0.31557280
v 0.09961624 0.08701775 0.32057676
v 0.09150673 0.05296962 0.27961794
v 0.08459160 0.05618441 0.27526373
v 0.09893053 0.09921828 0.32457837
v 0.09910709 0.07336276 0.31113055
v 0.10187377 0.07364674 0.31672928
v 0.07322889 0.05950351 0.27014148
v 0.08102771 0.09699736 0.30950919
v 0.06136461 0.07834537 0.28170693
v 0.06058154 0.06756645 0.26912943
v 0.06373987 0.05752217 0.26350197
v 0.05909010 0.08991481 0.29222488
v 0.06099761 0.09488232 0.29872960
v 0.04998708 0.09535523 0.29109737
v 0.05774131 0.10570303 0.31065777
v 0.04388972 0.08489085 0.26939791
v 0.05454528 0.07876156 0.27187350
v 0.08609681 0.10349733 0.32407358
v 0.05057873 0.07414320 0.25177264
v 0.04450873 0.07713518 0.25184506
v 0.04606761 0.06900881 0.24249874
v 0.05421374 0.06223442 0.24570036
v 0.05634557 0.06833768 0.25414810
v 0.08876052 0.05362104 0.27295470
v 0.06026325 0.06165583 0.25966600
v 0.05660909 0.06110470 0.25240514
v 0.09291918 0.05989813 0.28832120
v 0.05784354 0.05388550 0.25456101
v 0.09738215 0.07844945 0.30660450
v 0.00213221 0.09801082 -0.40344235
v -0.00151022 0.09602901 -0.39538246
v 0.00166457 0.09432352 -0.38608691
v 0.00167671 0.10408293 -0.42794943
v -0.00126899 0.10189649 -0.42030847
v -0.00058444 0.10686550 -0.43860400
v 0.00084618 0.10967076 -0.44723022
v -0.00145063 0.09000114 -0.36086872
v 0.00145526 0.09088049 -0.36539051
v -0.00107195 0.08815647 -0.34300989
v 0.00179470 0.08812148 -0.34290072
v -0.00004629 0.11383945 -0.46217388
v -0.14358301 0.12664109 0.31205803
v -0.13518660 0.12370377 0.31660572
v -0.14576684 0.12097641 0.31630278
v -0.13458735 0.11889388 0.32165894
v -0.14636454 0.11430183 0.31993619
v -0.14251168 0.11143092 0.32790816
v -0.14341399 0.12953001 0.30771104
v -0.13663571 0.11464728 0.32777783
v -0.14723584 0.11082462 0.32780507
v -0.13302234 0.11391640 0.32754126
v -0.13560596 0.12697560 0.30822486
v -0.14117752 0.13235465 0.30526328
v -0.08643375 -0.00860861 0.36905175
v -0.08514661 -0.01340801 0.37805814
v -0.08048744 -0.01919917 0.36951944
v -0.08781687 -0.00978443 0.37593952
v -0.08383379 -0.02171441 0.38202286
v -0.08261713 -0.01717397 0.36372617
v -0.07800463 -0.02276618 0.37454975
v -0.08248729 -0.02752325 0.38564071
v -0.09025635 -0.00777625 0.37121400
v -0.07692664 0.08804850 0.45875594
v -0.08363887 0.07179527 0.45653263
v -0.07862639 0.06858850 0.45470598
v -0.07224493 0.08903761 0.45712397
v -0.08324239 0.05823150 0.44925642
v -0.07899216 0.06216999 0.44944027
v -0.07131217 0.09409471 0.46168065
v -0.06702860 0.09166271 0.45081496
v -0.06694467 0.09452563 0.45441622
v -0.06430085 0.09447694 0.46366653
v -0.07067236 0.08226661 0.44890347
v -0.07627649 0.07224403 0.44250062
v -0.06913846 0.09021007 0.44163260
v -0.08079507 0.06022868 0.44307303
v -0.08432271 0.05799180 0.44267857
v -0.07792300 0.08631556 0.43613198
v -0.07585960 0.09074272 0.43254420
v -0.01085082 0.23085074 0.42186069
v -0.01467637 0.23057252 0.43502095
v -0.00957090 0.22874671 0.42563173
v -0.01731055 0.23576976 0.42223582
v -0.02102308 0.23450851 0.43526441
v -0.00300304 0.21778266 0.43224549
v -0.01313216 0.22587773 0.44023928
v -0.01958601 0.23746859 0.42516440
v -0.00551938 0.20829220 0.44496801
v -0.00064281 0.20839967 0.43580976
v -0.01642992 0.21992241 0.44855496
v -0.00068516 0.20103765 0.44134548
v -0.00248594 0.19312744 0.44640309
v -0.01445421 0.20733725 0.45282301
v -0.03014790 0.22897041 0.44811633
v -0.02344223 0.21527261 0.45561889
v -0.03060337 0.23545215 0.43938762
v -0.02402184 0.20529047 0.45975974
v -0.03227833 0.23115644 0.44356084
v -0.01283905 0.18438357 0.45726609
v -0.00512872 0.18389702 0.45225459
v -0.01323422 0.18906990 0.45488170
v -0.02044078 0.19410555 0.45913348
v -0.01682166 0.16971405 0.46291304
v -0.03344951 0.21118452 0.46115115
v -0.03697908 0.22270589 0.45398647
v -0.03206389 0.19186802 0.46375951
v -0.02641794 0.18039787 0.46091023
v -0.04437835 0.21142587 0.46053413
v -0.03337083 0.23992521 0.43098697
v -0.04558115 0.22638601 0.44930118
v -0.04687352 0.22921887 0.44331622
v -0.04226786 0.23644269 0.43712640
v -0.02908487 0.24077263 0.42192051
v -0.02577475 0.17453401 0.46388122
v -0.03373129 0.17039149 0.46596640
v -0.05141712 0.17316000 0.46274886
v -0.03252171 0.17652020 0.46180618
v -0.04618427 0.17447926 0.46123219
v -0.05715398 0.17947394 0.45876038
v -0.04583555 0.16386440 0.46432948
v -0.02939340 0.16143754 0.46486995
v -0.04366576 0.18812561 0.46411726
v -0.04693258 0.20055193 0.46304339
v -0.04914593 0.15860772 0.46054766
v -0.11093159 0.01147957 0.35159317
v -0.11377769 0.01265508 0.35246366
v -0.11533953 -0.00071594 0.35256350
v -0.10708941 -0.00032609 0.34923351
v -0.10738192 0.02497580 0.35397124
v -0.11398484 0.03666869 0.35427985
v -0.11880366 0.01428655 0.34980261
v -0.12289449 0.00554424 0.34883314
v -0.11869120 -0.00666953 0.35183954
v -0.12508267 -0.00410491 0.34593311
v -0.11881235 0.03019927 0.34887341
v -0.12027238 0.07415636 0.34990597
v -0.11188860 0.07282361 0.35973099
v -0.11670347 0.08237358 0.35680717
v -0.12084950 0.09143255 0.35355198
v -0.12528764 0.09546635 0.34579456
v -0.03926900 0.08196089 0.47395933
v -0.03620639 0.09231380 0.47877294
v -0.03983144 0.08056744 0.48315385
v -0.03605128 0.08914386 0.47305730
v -0.04318806 0.07584143 0.47644138
v -0.04425789 0.07370088 0.48156294
v -0.03798035 0.09634613 0.48372057
v -0.04556416 0.08109888 0.48722774
v -0.04206480 0.09919361 0.48592526
v -0.14251168 0.11143092 0.32790816
v -0.13510825 0.11762207 0.33373162
v -0.14664738 0.11524110 0.33598644
v -0.13773471 0.12066635 0.34038487
v -0.13663571 0.11464728 0.32777783
v -0.15040007 0.11333103 0.33180463
v -0.14723584 0.11082462 0.32780507
v -0.13302234 0.11391640 0.32754126
v 0.07695098 -0.04600744 0.18183726
v 0.07439210 -0.05336238 0.18485846
v 0.08203164 -0.05699023 0.17583545
v 0.08387443 -0.04815201 0.17411898
v 0.07000346 -0.04880450 0.18931201
v 0.07258642 -0.03650792 0.18653436
v 0.06942565 -0.03824471 0.19011419
v 0.06541625 -0.03551613 0.19460636
v 0.06033791 -0.03873652 0.19898096
v 0.08133587 -0.03773492 0.17843387
v 0.07442480 -0.02702611 0.18613863
v 0.06150156 -0.01966758 0.20029616
v 0.08754677 -0.02854483 0.17464826
v 0.06985454 -0.01835861 0.19401981
v 0.06659215 -0.00536667 0.19965810
v 0.07755521 -0.01419303 0.18779495
v 0.06579006 -0.06067841 0.18978862
v 0.08288611 -0.05821658 0.17773695
v 0.05698054 -0.00928937 0.20531026
v 0.05008327 -0.02895337 0.20626572
v 0.05249629 -0.01811995 0.20662403
v 0.08612255 -0.01746354 0.18051040
v 0.04737305 -0.02298880 0.20898651
v 0.06891433 -0.09450673 0.17550743
v 0.08672762 -0.08474867 0.16419359
v 0.08854467 -0.06648670 0.16906765
v 0.09009171 -0.05253413 0.17260198
v 0.08419372 -0.09686331 0.16121970
v 0.05025935 -0.08958600 0.18878709
v 0.04529776 -0.01124182 0.21124250
v 0.05185319 -0.00438150 0.20964864
v 0.09326566 -0.00965275 0.17908798
v 0.04586271 -0.05790267 0.20094779
v 0.05532372 -0.10633455 0.17795359
v 0.08722087 0.00300436 0.19021276
v 0.09593102 0.00741663 0.18389405
v 0.07744125 -0.00125674 0.19546744
v 0.03385690 -0.01957071 0.21529607
v 0.04449324 -0.01376354 0.21279024
v 0.06316695 -0.11125261 0.16953446
v 0.03095674 -0.06690195 0.20372868
v 0.07788737 -0.11324491 0.15492418
v 0.03558568 -0.09727388 0.19004221
v 0.03540058 -0.01693372 0.21642937
v 0.01551224 -0.05018400 0.21100798
v 0.01692733 -0.11153518 0.18742652
v 0.01926649 -0.08663869 0.19810143
v 0.05465760 -0.00206575 0.21023768
v 0.06359269 0.00272101 0.21041533
v 0.01654825 -0.02428401 0.21687493
v 0.01491096 -0.01999571 0.21860345
v 0.09394317 -0.05233222 0.17302759
v 0.07854401 -0.11307708 0.15512255
v 0.13504015 0.13092732 0.29291779
v 0.13832505 0.12835608 0.29640573
v 0.13614613 0.12503253 0.29577112
v 0.13104223 0.12836634 0.29216829
v 0.12543960 0.13807397 0.28742304
v 0.14286515 0.11775710 0.29970315
v 0.14749376 0.11855166 0.30172530
v 0.12486961 0.12728982 0.29194286
v 0.11653818 0.13137883 0.28701264
v 0.12352388 0.12013578 0.29042974
v 0.14924499 0.12116606 0.30390957
v -0.05680353 0.06329009 0.26088586
v -0.06057379 0.06136258 0.26899591
v -0.05642944 0.05598185 0.25914022
v -0.05911852 0.06895637 0.26795679
v -0.06404009 0.06812430 0.27617645
v -0.04920518 0.06434470 0.24985924
v -0.06268299 0.05754321 0.27064463
v -0.05631848 0.05289980 0.25591573
v -0.06342050 0.08180680 0.28624123
v -0.04749969 0.07376437 0.25632074
v -0.04609852 0.05858206 0.23854785
v -0.06245850 0.08926450 0.29312086
v -0.07571920 0.05732731 0.27718231
v -0.03624559 0.06623635 0.23805799
v -0.04020762 0.07615392 0.25173208
v -0.04579245 0.08916806 0.27562797
v -0.04941010 0.05947667 0.24334784
v -0.05186998 0.05962653 0.24842402
v -0.08081312 0.08003027 0.29601327
v -0.08520578 0.05959131 0.28385678
v -0.09079535 0.07913877 0.30117646
v -0.09154455 0.05498105 0.28636006
v -0.08615655 0.05357794 0.27842343
v -0.09935641 0.06769963 0.30492908
v -0.09526551 0.08225375 0.30974454
v -0.09831279 0.08968820 0.32065815
v -0.09946120 0.08384009 0.31676930
v -0.03086269 0.06280161 0.23272164
v -0.08135275 0.08774794 0.30619425
v -0.07812769 0.04460795 0.27161574
v -0.09804345 0.07593510 0.31182218
v -0.04396417 0.09388444 0.28159818
v -0.06294558 0.09467269 0.30198827
v -0.09508041 0.05064322 0.28176403
v -0.05588735 0.05163517 0.26541188
v -0.09529013 0.05133269 0.29107621
v -0.09755339 0.06295364 0.30075881
v -0.09918649 0.05224314 0.29856718
v -0.09978105 0.04919001 0.29433969
v -0.05465119 0.04323313 0.26778352
v -0.05055251 0.03895250 0.26479360
v -0.05394002 0.03702210 0.26984674
v -0.01660454 0.07541006 0.24098083
v -0.00986626 0.07571369 0.24107274
v -0.01048603 0.08109619 0.24863663
v -0.01793999 0.07333161 0.23936310
v -0.03113454 0.07817125 0.24848090
v -0.01804771 0.06781975 0.23385063
v -0.02172670 0.09366617 0.27199054
v -0.03267184 0.10359988 0.29638475
v -0.04595169 0.10047708 0.29687732
v -0.04510348 0.10599364 0.30981424
v -0.00755097 0.10605859 0.29600203
v -0.00356055 0.09567199 0.27404583
v -0.02676157 0.11091726 0.31326810
v 0.01338521 0.09477767 0.27363807
v 0.01655251 0.07984706 0.24743924
v 0.01644928 0.10536027 0.29586768
v -0.01033674 0.07295866 0.23725209
v 0.00110649 0.11284281 0.31404981
v 0.02948147 0.11163136 0.31355155
v 0.02967335 0.07950228 0.24972886
v 0.04248160 0.10706729 0.30570769
v 0.03216905 0.09344329 0.27671584
v 0.04196603 0.11069483 0.31553692
v 0.05458128 0.10799177 0.31294680
v 0.03380385 0.07084853 0.23922187
v 0.04450873 0.07713518 0.25184506
v 0.05774131 0.10570303 0.31065777
v -0.00216134 0.11544662 0.32689092
v -0.02694405 0.11415260 0.32817557
v 0.04998708 0.09535523 0.29109737
v -0.04431866 0.11097980 0.32792443
v 0.04388972 0.08489085 0.26939791
v -0.05520434 0.10676304 0.32495821
v 0.04606761 0.06900881 0.24249874
v -0.07632051 0.09577113 0.31845149
v -0.09386615 0.09370133 0.32527742
v -0.09887534 0.09483433 0.33807853
v -0.02139818 0.24171108 0.42819557
v -0.02908487 0.24077263 0.42192051
v -0.01958601 0.23746859 0.42516440
v -0.01337791 0.23643686 0.42891169
v -0.03556887 0.24406691 0.42321771
v -0.03252721 0.24953613 0.42799011
v -0.01342998 0.24182864 0.43106347
v -0.04887759 0.24723721 0.42410770
v -0.05172126 0.24442108 0.42128307
v -0.00497779 0.22847971 0.43264741
v -0.00225391 0.23206650 0.43369338
v -0.03046545 0.25342062 0.42835611
v -0.05006194 0.25050727 0.42317519
v -0.06102034 0.24301784 0.41939685
v -0.05830448 0.23853917 0.41488457
v -0.06900426 0.23809652 0.41539425
v -0.06421612 0.23218055 0.41205293
v -0.05193264 0.23882444 0.41522470
v -0.07437291 0.22816564 0.41173941
v -0.07654371 0.23237939 0.41251606
v -0.07062466 0.22599211 0.41111064
v -0.07898766 0.21613021 0.40974694
v -0.08420449 0.22316399 0.41189745
v -0.08822269 0.21983537 0.41152158
v -0.08852990 0.21486229 0.41178730
v -0.09169547 0.21399403 0.41108221
v -0.08365675 0.20836817 0.40917420
v -0.09394854 0.20425941 0.41511694
v -0.09006832 0.19663395 0.41502529
v -0.04735855 0.24022919 0.41837984
v -0.03654990 0.24153726 0.41755521
v -0.08698139 0.19458342 0.41155970
v -0.00957090 0.22874671 0.42563173
v -0.00300304 0.21778266 0.43224549
v 0.00019084 0.21946199 0.43735474
v -0.00064281 0.20839967 0.43580976
v 0.00213160 0.20868599 0.44279939
v -0.00068516 0.20103765 0.44134548
v -0.09478630 0.19667488 0.41886440
v -0.09209964 0.18475272 0.42211810
v -0.09507920 0.18593578 0.42247075
v -0.09350068 0.17786774 0.42659357
v -0.08823583 0.19032885 0.41758686
v -0.08814077 0.18372335 0.42149994
v -0.08636224 0.17435580 0.42395473
v -0.01465090 0.23581760 0.42370430
v -0.01716313 0.14115621 0.48526344
v -0.01328542 0.15654667 0.47378612
v -0.01797151 0.14891957 0.47783059
v -0.01513697 0.14995082 0.47651705
v -0.01636397 0.15606977 0.47163671
v -0.02354763 0.15544271 0.47279939
v -0.02336146 0.16093025 0.46863678
v -0.03399402 0.15762512 0.47015902
v -0.02451350 0.15160227 0.47736496
v -0.03176321 0.13877502 0.48384687
v -0.01925053 0.12529118 0.49353784
v -0.00022769 0.12812717 0.49373806
v 0.01683948 0.14097951 0.48749131
v 0.01877629 0.15492824 0.47776288
v 0.00500994 0.16823298 0.46671844
v -0.00201165 0.17792112 0.45839724
v 0.03270491 0.16656099 0.47017008
v -0.01682166 0.16971405 0.46291304
v 0.01847542 0.17594127 0.46481839
v -0.00512872 0.18389702 0.45225459
v 0.00129517 0.19248751 0.45028403
v -0.03511578 0.12476016 0.49009088
v -0.04535289 0.13818054 0.47915015
v 0.03115390 0.14088030 0.48557460
v 0.01971314 0.12651372 0.49357784
v 0.03201168 0.18323644 0.46407506
v 0.02235328 0.19548704 0.45786920
v 0.00053800 0.11179715 0.49937290
v 0.01451884 0.19695260 0.45300865
v 0.01531685 0.21974319 0.44193521
v 0.01502828 0.23647758 0.43581772
v -0.04903522 0.12649396 0.48339021
v -0.01731988 0.10875756 0.49812955
v -0.04991135 0.15533558 0.46428105
v 0.01550546 0.24882750 0.43196806
v -0.03464979 0.10864281 0.49412405
v 0.03308800 0.21886273 0.45455468
v 0.02961838 0.22146149 0.45247930
v 0.03438509 0.23689555 0.44523573
v 0.02588679 0.24102759 0.43844998
v 0.03481668 0.24807048 0.43634683
v -0.00628688 0.25116986 0.43023157
v 0.00930044 0.25412500 0.42779869
v 0.04133342 0.25319213 0.43019614
v -0.01920932 0.25762942 0.42539755
v 0.03192770 0.12875336 0.49011183
v 0.01805939 0.10941922 0.49773455
v -0.04596615 0.11118767 0.48919502
v 0.04478385 0.24338503 0.43749785
v -0.06708754 0.15616477 0.45381534
v -0.06341052 0.13948359 0.46608719
v -0.07551852 0.15851963 0.44722477
v -0.02939340 0.16143754 0.46486995
v 0.03100574 0.25706628 0.42326185
v 0.05620701 0.24962643 0.42882892
v -0.04914593 0.15860772 0.46054766
v -0.03711284 0.25714394 0.42183846
v -0.06535798 0.12598187 0.47116485
v 0.03474141 0.10877337 0.49317762
v 0.04224500 0.18011777 0.46117148
v 0.04284572 0.16238296 0.46820226
v 0.04308671 0.14709571 0.47607064
v -0.05959662 0.15773784 0.45491096
v -0.00248594 0.19312744 0.44640309
v -0.06623048 0.11201467 0.47470367
v -0.08193465 0.14776030 0.44592294
v -0.08494925 0.16383567 0.43790680
v -0.05748383 0.10745296 0.48177949
v -0.05128776 0.25483352 0.41587153
v -0.06500950 0.24619000 0.41577312
v -0.06570334 0.24891843 0.41121969
v 0.00139166 0.10662355 0.49885836
v 0.06783873 0.25364077 0.41812429
v -0.06914896 0.15852194 0.44654489
v -0.07676928 0.16157196 0.43985495
v -0.08049832 0.16500446 0.43330374
v -0.08404818 0.16964002 0.42918918
v -0.09078923 0.17140383 0.43114534
v -0.03284744 -0.04615683 0.43299806
v -0.03933607 -0.04482600 0.43628907
v -0.03478254 -0.05601384 0.43440017
v -0.02880669 -0.05049796 0.43075138
v -0.03666933 -0.03240450 0.43217507
v -0.04266348 -0.03801529 0.43512711
v -0.04411315 -0.05485050 0.43405709
v -0.00185651 -0.02848973 0.42776555
v -0.00171888 -0.04578267 0.42176425
v -0.00681309 -0.04710849 0.42241728
v 0.00438119 -0.03439380 0.42697635
v 0.00514001 -0.04727420 0.42316413
v 0.00831106 -0.03903747 0.43445042
v 0.00283386 -0.02939056 0.43046656
v 0.01122599 -0.05099358 0.42916307
v 0.01125017 -0.05644007 0.43560842
v 0.00071132 0.12002426 -0.50033015
v 0.00191220 0.10738508 -0.49004886
v -0.00152446 0.10821243 -0.49109906
v -0.00032003 0.08737506 -0.47264695
v 0.00745839 0.09449481 -0.47519955
v 0.01098884 0.08131699 -0.46158546
v -0.00037396 0.05960671 -0.44600603
v 0.01008234 0.05919440 -0.44052407
v -0.00001945 0.03323346 -0.41819686
v 0.01008860 0.04354309 -0.42356580
v 0.00008660 0.01899116 -0.40179339
v 0.00976668 0.02172021 -0.39882734
v 0.00135535 -0.00646984 -0.36978170
v 0.00004587 -0.05180464 -0.31534225
v 0.00962807 -0.02622604 -0.33983308
v 0.01207240 -0.05095936 -0.30840376
v 0.01614013 -0.06596188 -0.28721246
v -0.00018641 -0.02871813 -0.34326103
v 0.00914650 -0.01016929 -0.35985377
v 0.00952804 0.00494386 -0.37835884
v -0.00061903 -0.07244986 -0.28669289
v 0.01778667 -0.08013982 -0.26862800
v -0.00033476 -0.09726441 -0.25154448
v 0.01906009 -0.09581351 -0.24718787
v 0.02109169 -0.11827603 -0.21330172
v 0.03833839 -0.11220302 -0.20663445
v 0.03105192 -0.12604444 -0.18944375
v 0.02181506 -0.13251047 -0.18894148
v 0.02977191 -0.14331597 -0.17040519
v 0.04930027 -0.12758783 -0.17423166
v 0.04814184 -0.10936326 -0.20307522
v 0.01774071 -0.14438966 -0.17262064
v -0.00005646 -0.11305039 -0.22736797
v 0.00126353 -0.12474376 -0.20853288
v 0.02999482 -0.15575413 -0.14625494
v 0.01797298 -0.16144316 -0.13964383
v 0.04551815 -0.14209148 -0.15764584
v 0.02958295 -0.16330802 -0.12966663
v 0.00075473 -0.13412459 -0.19180225
v 0.00228693 -0.14537156 -0.17348771
v 0.00082791 -0.15998231 -0.14534451
v 0.02687986 -0.17448701 -0.10167845
v 0.01540581 -0.17440814 -0.10638269
v -0.00146579 -0.00615974 -0.37005660
v -0.00041129 -0.16936260 -0.12398363
v 0.02445385 -0.18317783 -0.07103316
v -0.00325201 -0.17761743 -0.09859507
v -0.01886368 -0.14283022 -0.17060824
v -0.01922411 -0.11854478 -0.21130988
v -0.01970749 -0.13073272 -0.18957043
v -0.01913739 -0.10676206 -0.22993608
v -0.01849168 -0.09188708 -0.25261521
v -0.02046645 -0.15441737 -0.14736775
v -0.01676825 -0.07833949 -0.27208138
v -0.01807317 -0.16406238 -0.12783995
v 0.02133692 -0.18748738 -0.05346690
v -0.00715144 -0.18246093 -0.07879447
v -0.01372456 -0.06272713 -0.29338107
v -0.00309465 -0.19149245 -0.03758943
v -0.01183945 -0.17371386 -0.10488636
v -0.01075673 -0.04257268 -0.31951270
v -0.00913992 -0.18615375 -0.06032941
v 0.00009491 -0.19170488 -0.03473707
v -0.01002022 0.01370549 -0.38866362
v -0.01101950 0.05617191 -0.43615845
v -0.01088866 0.07157667 -0.45108369
v -0.00742509 0.09191462 -0.47225606
v -0.01024895 0.03276996 -0.41090554
v -0.00302557 0.11867099 -0.49794745
v -0.01089440 -0.01194892 -0.35497072
v -0.02888408 -0.06522923 -0.27560082
v -0.03579805 -0.07584786 -0.25496477
v 0.08046836 -0.08513755 -0.18596199
v 0.09411404 -0.07331911 -0.17342404
v 0.09215668 -0.08157705 -0.16809766
v 0.08727711 -0.07601491 -0.18531665
v 0.09976839 -0.06543092 -0.17042126
v 0.07863362 -0.07700316 -0.20308729
v 0.07846699 -0.09698290 -0.16970043
v 0.06311744 -0.11318476 -0.17430542
v 0.06244582 -0.12826091 -0.14998974
v 0.07989249 -0.11365526 -0.13486847
v 0.07820347 -0.12265823 -0.12371848
v 0.06537361 -0.13871008 -0.12355366
v 0.07193519 -0.14323363 -0.09976546
v 0.07983632 -0.12525518 -0.11501196
v 0.08308595 -0.13343516 -0.08990712
v 0.06236573 -0.15598767 -0.09564109
v 0.07698319 -0.07774603 -0.20320779
v 0.05241098 -0.14965089 -0.12801625
v 0.05804748 -0.09774652 -0.20335694
v 0.08740318 -0.09457444 -0.15945145
v 0.08190472 -0.10621933 -0.14598690
v 0.04677548 -0.10136416 -0.21426231
v 0.06056891 -0.07242860 -0.22688141
v 0.04088311 -0.08813760 -0.23563035
v 0.04464636 -0.07179230 -0.24967329
v 0.07094939 -0.05577596 -0.23037179
v 0.06019039 -0.05111172 -0.25073498
v 0.04942921 -0.04129627 -0.27699277
v 0.03326989 -0.06366284 -0.27231786
v 0.03242198 -0.08313789 -0.25103119
v 0.03186898 -0.03995901 -0.29892796
v 0.04496219 -0.02796332 -0.29762408
v 0.06577095 -0.02073069 -0.27253827
v 0.07240020 -0.03234076 -0.25075725
v 0.05554027 -0.00592292 -0.30495253
v 0.04299548 -0.01557282 -0.31321830
v 0.04241538 0.01137371 -0.34311321
v 0.03555369 -0.00302745 -0.33711112
v 0.03139862 0.03037619 -0.38083449
v 0.02288709 0.02008988 -0.38000602
v 0.02216094 0.04308774 -0.40843526
v 0.02063081 0.05962006 -0.42782825
v 0.07804495 -0.06908608 -0.20878227
v 0.01465082 0.07821856 -0.45496669
v 0.01780833 -0.00596676 -0.35340840
v 0.02271884 -0.02804883 -0.32161745
v 0.08167531 -0.05892927 -0.21075532
v 0.01351903 0.08973520 -0.46495080
v 0.02291911 0.07281777 -0.43559119
v 0.03633471 0.04483642 -0.38518989
v 0.03265965 0.05466478 -0.39974669
v 0.00641815 0.11153079 -0.48744932
v 0.09966001 -0.05896339 -0.17542101
v 0.02656907 0.06894430 -0.42332372
v 0.10661703 -0.05483920 -0.16507278
v 0.09839205 -0.07324837 -0.17033397
v 0.09727869 -0.04650153 -0.18559682
v 0.05209868 0.02418758 -0.33297023
v 0.04319843 0.03587947 -0.36148095
v 0.05962912 0.01624945 -0.31135839
v 0.01829238 0.08684570 -0.45280418
v 0.08931693 -0.03458357 -0.21020745
v 0.06709231 0.01027125 -0.28938323
v 0.07721850 -0.02105978 -0.24695522
v 0.07386850 0.00537071 -0.26943877
v 0.08797555 -0.00424608 -0.23127770
v 0.09827050 -0.00923123 -0.20334986
v 0.10743813 -0.02781875 -0.17241758
v 0.11214714 -0.01474535 -0.16858402
v 0.11496107 -0.04739844 -0.15615723
v 0.10876634 -0.01147055 -0.17628565
v 0.13227355 -0.02216293 -0.14013717
v 0.12985823 -0.03692463 -0.14090878
v 0.14238800 -0.02500311 -0.12850727
v 0.01112626 0.10355849 -0.47332838
v 0.00128773 0.12289351 -0.49908954
v 0.11091824 -0.06715321 -0.16366583
v 0.09945077 0.03196478 0.19897969
v 0.09425335 0.02744594 0.20482595
v 0.09861574 0.02416193 0.19224361
v 0.08817638 0.01578948 0.19894928
v 0.07434476 0.01250587 0.20812783
v 0.07744125 -0.00125674 0.19546744
v 0.08722087 0.00300436 0.19021276
v 0.09854707 0.01135669 0.18535843
v 0.06359269 0.00272101 0.21041533
v 0.06659215 -0.00536667 0.19965810
v 0.05698054 -0.00928937 0.20531026
v 0.09593102 0.00741663 0.18389405
v 0.09945814 0.02300521 0.18789962
v 0.09938895 0.00756162 0.18330599
v 0.07547828 0.09751116 0.45753717
v 0.07278597 0.09295252 0.45497561
v 0.07885441 0.07433355 0.45463690
v 0.08212877 0.08203984 0.45701531
v 0.08437329 0.06431977 0.45370725
v 0.08316060 0.05535326 0.44986129
v 0.06806968 0.09366896 0.45071140
v -0.05588735 0.05163517 0.26541188
v -0.05055251 0.03895250 0.26479360
v -0.05731060 0.04604112 0.25952381
v -0.05631848 0.05289980 0.25591573
v 0.12709895 -0.28895530 0.39406595
v 0.12598884 -0.30045015 0.40670028
v 0.13060099 -0.30641198 0.41331694
v 0.11881168 -0.29109609 0.39276904
v 0.12115765 -0.27672631 0.37288660
v 0.11336994 -0.28232142 0.37663645
v 0.13741998 -0.30001986 0.40251264
v 0.13053820 -0.28170857 0.37541503
v 0.13525543 -0.31270933 0.41696501
v 0.13749065 -0.29173890 0.38499278
v 0.13082540 -0.28201428 0.36818713
v 0.13359763 -0.28345352 0.37017238
v 0.07485522 -0.02042684 0.40063229
v 0.07686925 -0.02126267 0.40358880
v 0.08109252 -0.02736467 0.39433292
v 0.08402050 -0.03001392 0.40136826
v -0.00652118 0.15430905 0.10291402
v -0.00150850 0.14843678 0.09636346
v -0.00852973 0.14383335 0.10040399
v -0.01240669 0.14020059 0.10344359
v 0.08903009 -0.01018326 0.33323398
v 0.08105342 -0.00969179 0.33654910
v 0.08974379 -0.00571069 0.34012115
v 0.09555130 -0.00936117 0.33310333
v 0.10171021 -0.01349991 0.32997259
v 0.10282303 -0.01112489 0.33693144
v 0.09749213 -0.00818278 0.34356731
v 0.10388894 -0.00702972 0.34631532
v 0.11113481 -0.00523022 0.34178346
v 0.07926685 -0.01558996 0.33603057
v 0.08388151 -0.01022764 0.32913202
v 0.07451477 -0.01514005 0.34199974
v 0.07379121 -0.01667622 0.33973274
v 0.07429284 -0.01191322 0.33449167
v -0.06377859 -0.31970277 0.11009275
v -0.07495783 -0.31535932 0.10738205
v -0.06763835 -0.32497469 0.10730104
v -0.07982731 -0.31744310 0.10522705
v -0.07829827 -0.32280028 0.10302982
v -0.08891626 -0.31727615 0.10056527
v -0.08129100 -0.30923474 0.10270362
v -0.08923294 -0.30040407 0.09306698
v -0.08387902 -0.30106929 0.09857001
v -0.08408735 -0.29218772 0.09271731
v -0.08668231 -0.28782189 0.08703493
v -0.07574584 -0.28000268 0.08720647
v -0.08633415 -0.27932820 0.07458762
v -0.09716047 -0.28431398 0.06677751
v -0.09325327 -0.27511010 0.05828173
v -0.09668893 -0.30143633 0.08303186
v -0.09747639 -0.29093432 0.07348336
v -0.09772722 -0.31368369 0.08592919
v -0.09268546 -0.31615016 0.09411388
v -0.09796885 -0.28046653 0.06305207
v -0.07884417 -0.28357953 0.10269143
v -0.10991710 0.05276547 0.32753924
v -0.10512308 0.05459800 0.33317006
v -0.11006993 0.04301724 0.33131492
v -0.10586983 0.04732209 0.33456331
v -0.11132990 0.03239652 0.33476627
v -0.11194655 0.02553377 0.33848846
v -0.10408389 0.03306116 0.35060465
v -0.10684551 0.01818938 0.34908071
v -0.11135995 0.01303954 0.34146449
v -0.10873786 0.00989350 0.34706745
v -0.10207384 0.04486537 0.35019794
v -0.10738192 0.02497580 0.35397124
v -0.10601299 0.04018570 0.35598356
v -0.10310385 0.04954705 0.35776886
v -0.11093159 0.01147957 0.35159317
v -0.10574080 0.00458065 0.34400484
v -0.10594371 0.00512111 0.33634254
v -0.10708941 -0.00032609 0.34923351
v -0.09906178 -0.00256841 0.34613818
v -0.10272463 -0.00047309 0.33339417
v 0.09822073 0.02981010 0.29002964
v 0.10162560 0.02590630 0.29709244
v 0.10110640 0.02474358 0.28848022
v 0.09765095 0.02961991 0.28607181
v 0.09955160 0.03161297 0.30054882
v 0.10199767 0.02550515 0.30446801
v 0.10931663 0.02083417 0.28816900
v 0.12101067 0.01346751 0.28757644
v 0.11861193 0.01411548 0.30438957
v 0.12443880 0.00911504 0.29445833
v 0.12557137 0.00522021 0.30691683
v 0.09716050 0.03313162 0.28114107
v 0.12155673 0.00132772 0.31709230
v 0.11135019 0.01058994 0.31596470
v 0.13155322 0.00735875 0.29550654
v 0.13398896 0.00233257 0.30876637
v 0.13373373 0.00853121 0.28827149
v 0.12989853 -0.00168307 0.32922739
v 0.13218959 -0.00439314 0.32930863
v 0.12899353 -0.00425956 0.34844437
v 0.12559466 -0.00146550 0.34309307
v 0.13148147 0.01492366 0.28068316
v 0.13151482 0.02254970 0.26204908
v 0.12393498 0.02726848 0.26184586
v 0.12192255 0.02434999 0.27185294
v 0.12656736 0.02978756 0.25474423
v 0.13082799 0.02980380 0.25076833
v 0.12186588 0.01921028 0.27897543
v 0.10764810 0.03338249 0.27382442
v 0.11426669 0.01859793 0.28700337
v 0.12329477 0.03939911 0.24590734
v 0.12914169 0.03779572 0.23871256
v 0.12234687 0.04336251 0.24029876
v 0.11774673 0.03227531 0.26619327
v 0.09454105 0.04026036 0.27582934
v 0.10018125 0.01688302 0.31454018
v 0.09863847 0.02684771 0.30407053
v 0.12616394 0.04752246 0.23337364
v 0.10759904 0.04127701 0.26783925
v 0.11283628 -0.00038958 0.32327110
v 0.11119851 -0.00219382 0.32581720
v 0.10382742 0.00279980 0.32107967
v 0.11864254 0.05486271 0.23684852
v 0.11707304 0.04937528 0.24794760
v 0.10849027 0.06331920 0.24542585
v 0.10542860 0.05862774 0.25849524
v 0.12370610 0.03863805 0.25858468
v 0.11764342 0.04303361 0.26085562
v 0.10976214 0.06671714 0.23574713
v 0.12081923 0.05631423 0.22633263
v 0.12547345 0.05328799 0.23286255
v 0.10901769 0.06936081 0.22864018
v 0.11449672 0.07216116 0.21635994
v 0.09728435 0.05185363 0.26914409
v 0.12102089 0.06115999 0.21019103
v 0.12404567 0.05219356 0.22843003
v 0.12616482 0.04974069 0.21829657
v 0.12218212 -0.00111707 0.33224049
v 0.10414994 0.06142217 0.25908989
v 0.09805515 0.00977672 0.31825727
v 0.04903362 0.07556377 0.47534186
v 0.04807822 0.07721002 0.48427111
v 0.04397945 0.07422079 0.47576314
v 0.04044773 0.07996583 0.48413458
v 0.04241608 0.08540324 0.48721838
v 0.04792933 0.08831315 0.48679519
v 0.04220639 0.09982870 0.48566380
v 0.03597740 0.09491760 0.47885567
v 0.03890914 0.07986188 0.47663555
v 0.03693928 0.09710599 0.48241785
v 0.03755553 0.09136298 0.47272423
v -0.07852852 -0.02888857 0.39256898
v -0.08256189 -0.02820354 0.39984837
v -0.07870580 -0.02174952 0.40465784
v -0.07461300 -0.01908717 0.40219182
v -0.08749238 -0.03080630 0.39869902
v -0.08537473 -0.03197233 0.40310639
v -0.12488876 -0.31735975 0.11121004
v -0.14125800 -0.31818104 0.10823882
v -0.12431162 -0.32174614 0.11070418
v -0.13470371 -0.31520641 0.11043066
v -0.13897429 -0.31114325 0.10942652
v -0.14234132 -0.30134696 0.10748944
v -0.14564906 -0.31706303 0.10545677
v -0.11614189 -0.31376129 0.10888194
v -0.11150457 -0.31813794 0.10739894
v -0.13735101 -0.32289585 0.10636635
v -0.12431701 -0.32606921 0.10657246
v 0.01569400 0.10766260 0.45350716
v 0.02725654 0.10696270 0.45579973
v 0.02747757 0.10148455 0.45903128
v 0.02120394 0.09922480 0.45832697
v 0.02860209 0.09671557 0.46287194
v 0.01905972 0.09389143 0.45907184
v 0.01265891 0.09693412 0.45322445
v 0.00572418 0.10757574 0.44616741
v 0.00120465 0.09858099 0.44894144
v 0.00767118 0.07721135 0.45152211
v 0.01237038 0.07981098 0.45357001
v 0.00907002 0.05559449 0.46070987
v 0.01441330 0.07045785 0.45874229
v 0.00102195 0.05064691 0.45891908
v 0.00120232 0.04043716 0.46267459
v -0.00078146 0.08638596 0.44941705
v -0.00038410 0.07194975 0.45196462
v 0.02171129 0.08888092 0.46511152
v 0.01657404 0.06498070 0.46846998
v 0.01065204 0.05102809 0.46925959
v 0.00708141 0.04353638 0.46785510
v 0.02330576 0.09264266 0.46764064
v 0.01994750 0.07934851 0.47447404
v 0.00124421 0.03769885 0.46679261
v 0.09593102 0.00741663 0.18389405
v 0.09354427 -0.01364380 0.18289986
v 0.09938895 0.00756162 0.18330599
v 0.09604704 -0.01370123 0.18300776
v 0.09854707 0.01135669 0.18535843
v -0.09025635 -0.00777625 0.37121400
v -0.09297804 -0.01155971 0.36542583
v -0.09680955 -0.01813097 0.37125191
v -0.09664316 -0.01306009 0.36206856
v -0.08781687 -0.00978443 0.37593952
v -0.09511089 -0.02246093 0.38107878
v 0.00137890 0.16869853 -0.04389969
v -0.00173351 0.17772974 -0.05155469
v 0.00186882 0.15334968 -0.03189364
v 0.00062114 0.18838754 -0.05852388
v -0.00047049 0.14260423 -0.02650573
v -0.00666344 0.17301126 -0.05426726
v -0.00355713 0.18922433 -0.06475692
v -0.00693681 0.13708209 -0.03125366
v -0.01537950 0.13107078 -0.04237246
v -0.01052124 0.16050412 -0.05358640
v -0.02178536 0.12704001 -0.06301989
v -0.01223587 0.16151164 -0.06249702
v 0.00168137 0.19334178 -0.06502354
v 0.02188302 0.26104650 0.36358133
v 0.01629177 0.25592551 0.34650922
v 0.01777943 0.25572667 0.35695705
v 0.01565826 0.25367913 0.34418866
v 0.02090130 0.25795203 0.36236891
v 0.02313783 0.26105440 0.35507134
v 0.02166940 0.25708497 0.34049064
v 0.04863601 0.31122857 0.32774872
v 0.02800330 0.26764628 0.32597774
v 0.02916942 0.27527407 0.33845925
v 0.04437190 0.30571994 0.33910829
v 0.02297722 0.25353813 0.32475615
v 0.05952290 0.33051041 0.32911983
v 0.02920715 0.27446023 0.35222945
v 0.06172414 0.33345175 0.33238155
v 0.04996518 0.31407598 0.34058297
v 0.02744142 0.26384971 0.36471283
v 0.04204658 0.29696375 0.34841561
v 0.03361940 0.28025332 0.35453582
v 0.03924977 0.27642617 0.31244993
v 0.03186512 0.25900772 0.31233644
v 0.05387218 0.31145653 0.31963524
v 0.02953962 0.25069684 0.31226027
v 0.05261572 0.30456147 0.31641248
v 0.06358916 0.33229494 0.32742989
v 0.04333865 0.26959512 0.30611944
v 0.04940716 0.29233930 0.31263980
v 0.04224952 0.25779510 0.30374685
v 0.06139451 0.32087505 0.32200247
v 0.04077147 0.24636747 0.30533051
v 0.04496319 0.25207606 0.30333692
v 0.12486961 0.12728982 0.29194286
v 0.12916771 0.12451319 0.29753962
v 0.12537436 0.12167794 0.29660743
v 0.12822582 0.11843360 0.30964610
v 0.13104223 0.12836634 0.29216829
v 0.14695297 0.11556178 0.34301412
v 0.14444982 0.10822090 0.33802813
v 0.15047309 0.10655148 0.33529264
v 0.14410132 0.11351160 0.34339052
v 0.14653376 0.10202916 0.33528432
v 0.15137066 0.11296637 0.33642647
v 0.15039532 0.12097358 0.33725932
v 0.14788480 0.12075424 0.34107891
v 0.14309663 0.12244648 0.36146325
v 0.15058491 0.10923412 0.32567543
v 0.14623217 0.10182874 0.32731614
v 0.00279112 0.14395198 -0.16985269
v 0.00397315 0.12938018 -0.17204651
v 0.00232986 0.10748720 -0.17753661
v 0.01715310 0.11895665 -0.16309194
v 0.01309423 0.14098753 -0.16191481
v 0.00562618 0.15738027 -0.16472471
v 0.01579778 0.09848393 -0.16933291
v 0.00141221 0.17560965 -0.16294849
v 0.01148127 0.15692315 -0.15749128
v 0.00321225 0.17950775 -0.15905909
v 0.02156752 0.09537575 -0.16250733
v 0.02415320 0.11007155 -0.14601441
v 0.02721542 0.09459338 -0.14464734
v 0.01624897 0.14129777 -0.14984262
v -0.10310385 0.04954705 0.35776886
v -0.10958934 0.04048032 0.35670024
v -0.10601299 0.04018570 0.35598356
v -0.10814144 0.05434676 0.35901552
v -0.10738192 0.02497580 0.35397124
v -0.11398484 0.03666869 0.35427985
v -0.11188860 0.07282361 0.35973099
v -0.12968303 0.05728116 0.36959055
v -0.12235716 0.05355459 0.36860907
v -0.12538752 0.05709689 0.37351552
v -0.13300470 0.06416374 0.37564942
v -0.12697527 0.11027493 0.38021594
v -0.13397811 0.09574867 0.37883607
v -0.12723666 0.09476745 0.38237602
v -0.13503186 0.08135082 0.37903264
v -0.12989059 0.07387065 0.38035882
v -0.11955869 0.10699012 0.38230833
v -0.12388017 0.07529712 0.37964714
v -0.11833040 0.09893515 0.38083386
v -0.11417994 0.10327020 0.38278005
v -0.10501606 0.05217255 0.36156413
v -0.10226511 0.05253179 0.36074978
v -0.10264251 0.05355869 0.36982810
v -0.10207384 0.04486537 0.35019794
v -0.10305817 0.06825696 0.37564084
v -0.11018118 0.07603227 0.36463106
v -0.10784452 0.08161231 0.36925241
v -0.10176437 0.08164819 0.38072920
v -0.10307653 0.09538395 0.38509989
v -0.10690464 0.09612393 0.37709150
v -0.09919530 0.07046456 0.37970293
v -0.09943826 0.06247650 0.37582710
v -0.11021177 0.09391943 0.37395185
v -0.09864317 0.08066429 0.38216674
v -0.09573375 0.09159131 0.38711089
v -0.09921745 0.09581995 0.39124104
v -0.09643493 0.09237834 0.39241523
v -0.10677821 0.10035480 0.39369422
v -0.11158229 0.08205675 0.36860731
v -0.11518143 0.07507148 0.36120281
v -0.11572565 0.10641251 0.39850020
v -0.12207557 0.11098727 0.39343077
v -0.12560962 0.11399295 0.38966227
v -0.13339786 0.11166281 0.37314260
v -0.10643573 0.10371293 0.41392377
v -0.10350593 0.09820608 0.41409943
v -0.10310951 0.09715945 0.40459889
v -0.13720213 0.09569477 0.37156686
v -0.13735774 0.07870510 0.37301677
v -0.09269961 0.09284609 0.38893291
v -0.08643375 -0.00860861 0.36905175
v -0.09297804 -0.01155971 0.36542583
v -0.09025635 -0.00777625 0.37121400
v -0.08775944 -0.01482062 0.36180332
v -0.09664316 -0.01306009 0.36206856
v -0.08261713 -0.01717397 0.36372617
v 0.24044198 -0.31361419 0.31466207
v 0.23283260 -0.31772053 0.31741315
v 0.24036516 -0.32005402 0.31296414
v 0.22864361 -0.32586595 0.31444964
v 0.21767338 -0.32406765 0.31849992
v 0.22491556 -0.31847075 0.31941482
v 0.23604941 -0.32599312 0.30788609
v 0.22823724 -0.33180654 0.30258647
v 0.23677123 -0.32555911 0.30538014
v 0.23280886 -0.33061340 0.28901190
v 0.23796937 -0.32013091 0.33213639
v 0.22539303 -0.31872118 0.32893240
v 0.24611700 -0.31661597 0.31989107
v 0.24717438 -0.32374930 0.34450847
v 0.23461834 -0.32338446 0.34426343
v 0.23458928 -0.32488427 0.35318103
v 0.24413009 -0.33154297 0.36203718
v 0.24766056 -0.32908398 0.36209214
v 0.23931850 -0.32942599 0.36310345
v 0.24539830 -0.33055863 0.36672169
v 0.15642485 -0.33575699 0.27823618
v 0.15617651 -0.33686048 0.26195273
v 0.17267767 -0.33539268 0.28370836
v 0.21863458 -0.33719671 0.27610934
v 0.22215047 -0.33589092 0.29279852
v 0.14748268 -0.33773839 0.22948472
v 0.21005523 -0.33786419 0.24754804
v 0.11993606 -0.33727005 0.27248645
v 0.06758750 -0.33795011 0.18853147
v 0.08399002 -0.33719102 0.26974851
v 0.09359744 -0.33732280 0.30338097
v 0.06921205 -0.33816093 0.15272994
v 0.15045482 -0.33844784 0.13129167
v 0.17712815 -0.33838311 0.16564068
v 0.19754751 -0.33807662 0.21452451
v 0.19055359 -0.33828703 0.19940296
v 0.12889516 -0.33634582 0.28916010
v 0.12979537 -0.33818921 0.12708098
v 0.08890715 -0.33771649 0.13041848
v 0.07152034 -0.33793253 0.13961574
v 0.16434802 -0.33805770 0.13642466
v 0.11824639 -0.33539099 0.30885336
v 0.10806995 -0.33565655 0.32372260
v 0.09536713 -0.33563799 0.32471180
v 0.18385302 -0.33412883 0.29616436
v 0.10995752 -0.33134660 0.35415703
v 0.18294930 -0.33041903 0.32137945
v 0.13838968 -0.33407116 0.29838377
v 0.15210158 -0.33204541 0.29463327
v 0.18978427 -0.33259535 0.30007619
v 0.16589433 -0.32683322 0.33028302
v 0.17174506 -0.32499042 0.34860149
v 0.14447625 -0.32806307 0.30869591
v 0.11617711 -0.33260354 0.32416224
v 0.07418621 -0.33716935 0.22834854
v 0.11724449 -0.33483508 0.11612438
v 0.05836797 -0.33497933 0.15762518
v 0.15081301 -0.32346162 0.33146846
v 0.16482717 -0.32354695 0.34401608
v 0.10114083 -0.33194363 0.34410602
v 0.19727053 -0.32625711 0.31807879
v 0.20055544 -0.32186764 0.33735704
v 0.18090318 -0.32795018 0.34820542
v 0.17815594 -0.32749537 0.34940621
v 0.12697625 -0.32495159 0.34769589
v 0.14163433 -0.32130614 0.33560365
v 0.11415251 -0.32836819 0.36480331
v 0.14527483 -0.32265848 0.32562217
v 0.05775931 -0.33300063 0.14118218
v 0.13037045 -0.33397305 0.11621989
v 0.16630843 -0.33384249 0.12587182
v 0.14434810 -0.33330041 0.11863577
v 0.19872972 -0.32604644 0.31337547
v 0.06386571 -0.33496737 0.20239367
v 0.08934292 -0.33463600 0.30959210
v 0.09077331 -0.33259147 0.11767206
v 0.13718703 -0.31871247 0.35357147
v 0.05746309 -0.33373749 0.17505747
v 0.13475566 -0.31774026 0.36435950
v 0.07245349 -0.33153179 0.12366229
v 0.06427665 -0.33187363 0.13217583
v 0.22541462 -0.33192116 0.26459515
v 0.19912931 -0.33289251 0.19579640
v 0.19135545 -0.33309612 0.17751908
v 0.21951491 -0.33231184 0.24677169
v 0.20684977 -0.33285278 0.21508716
v 0.21396646 -0.33216020 0.23221332
v 0.08218947 -0.33361557 0.28647730
v 0.18461855 -0.33319566 0.16266966
v 0.17649402 -0.33311245 0.14467923
v 0.07646642 -0.33294952 0.26420617
v 0.07102446 -0.33297741 0.24161743
v 0.06595619 -0.33317474 0.21944083
v 0.19530109 -0.32093978 0.34433475
v 0.20132308 -0.31858754 0.34143779
v 0.10888605 -0.32259303 0.36727685
v -0.09443975 0.01691916 0.40434408
v -0.08727541 0.01426692 0.40924144
v -0.09206028 0.01497080 0.41172189
v -0.09214776 0.01970756 0.39908373
v -0.08703333 0.02079040 0.40145871
v -0.08948403 0.02719502 0.39846683
v -0.09309782 0.05989169 0.39452058
v 0.04575681 0.08460106 0.47110465
v 0.04903362 0.07556377 0.47534186
v 0.04397945 0.07422079 0.47576314
v 0.04200998 0.08395295 0.47115558
v 0.04941058 0.08863693 0.47155616
v 0.03890914 0.07986188 0.47663555
v 0.03755553 0.09136298 0.47272423
v 0.00036694 0.18985909 -0.06843461
v 0.00204748 0.17443205 -0.07584836
v -0.00118184 0.17680252 -0.07551149
v -0.00004318 0.16236103 -0.08438811
v 0.00168137 0.19334178 -0.06502354
v 0.00892599 0.15776576 -0.07555661
v 0.00040348 0.15010506 -0.09130073
v 0.01120304 0.12637623 -0.08898783
v 0.00219285 0.12658650 -0.09950779
v 0.00595890 0.18225084 -0.06432650
v 0.01713422 0.12623884 -0.07924627
v 0.01421611 0.15226330 -0.06286441
v 0.02118594 0.12685636 -0.06398286
v -0.01916226 0.07109366 0.23561534
v -0.01793999 0.07333161 0.23936310
v -0.01804771 0.06781975 0.23385063
v -0.03086269 0.06280161 0.23272164
v 0.11841904 0.00389606 0.34803051
v 0.11318517 0.00538308 0.34852272
v 0.11341462 -0.00435459 0.34703749
v 0.11650732 0.01254765 0.34999391
v 0.11193489 0.01421174 0.35378566
v 0.11796849 0.03454912 0.34919471
v 0.11336239 0.05739748 0.35279876
v 0.10908327 0.03044826 0.35319912
v 0.10765138 0.01384011 0.35188243
v 0.10679673 0.03318101 0.35092232
v 0.10531740 0.05620304 0.35490757
v 0.10844034 0.05839085 0.35612476
v 0.11193446 0.07046571 0.35792506
v 0.08872176 0.01506896 0.40761805
v 0.09389870 0.01594834 0.41125914
v 0.09186533 0.01645532 0.41571373
v 0.08768223 0.01764297 0.41496998
v 0.09502628 0.01915578 0.40377909
v -0.09925468 0.05713245 0.31091329
v -0.09978817 0.04975566 0.31391579
v -0.10310125 0.05285191 0.31363302
v -0.09946318 0.06816377 0.30870014
v -0.10268763 0.04310924 0.32014191
v -0.07352451 -0.14426182 -0.07458843
v -0.07548241 -0.14483386 -0.05844774
v -0.07446055 -0.14278607 -0.08876973
v -0.07569865 -0.14489150 -0.04974150
v -0.07228129 -0.13986646 -0.09722728
v -0.04537973 0.08457136 0.47089022
v -0.03926900 0.08196089 0.47395933
v -0.04721723 0.07910322 0.47480363
v -0.04318806 0.07584143 0.47644138
v -0.04089208 0.08469769 0.47029158
v -0.03605128 0.08914386 0.47305730
v -0.04959566 0.08992653 0.47168609
v -0.04425789 0.07370088 0.48156294
v -0.04868650 0.07637560 0.48228839
v -0.02508844 0.04452981 0.26847610
v -0.00356672 0.04492217 0.26696134
v -0.02521867 0.04230824 0.26867580
v -0.03072300 0.04704385 0.27268088
v -0.03076810 0.04189926 0.26919284
v -0.03926758 0.04386098 0.27095136
v -0.04014142 0.03792097 0.26470512
v -0.04557505 0.03829927 0.26804119
v -0.04429266 0.04461357 0.27723968
v -0.05034399 0.03545262 0.27175432
v -0.00130804 0.05351952 0.28003460
v 0.01627295 0.05133785 0.27927688
v 0.01664594 0.03992185 0.26125976
v -0.02575180 0.05193715 0.27844119
v 0.02512672 0.04397320 0.27042815
v -0.00253830 0.05826682 0.29387745
v 0.01811323 0.05632225 0.29484734
v -0.02106202 0.05683704 0.29334509
v 0.03401456 0.05211749 0.29453763
v 0.03775924 0.04627116 0.28391898
v 0.02596271 0.03802666 0.26309407
v 0.04360416 0.03939041 0.27768090
v -0.00205044 0.06012455 0.30858761
v 0.01634908 0.05795157 0.30889446
v -0.03657137 0.05011405 0.28086206
v -0.03541087 0.05351659 0.29307571
v 0.03530388 0.05291161 0.30726483
v -0.02263398 0.05771714 0.30679879
v 0.04442467 0.03176297 0.26834664
v 0.03352109 0.03328822 0.26062757
v 0.04296730 0.03223302 0.26237524
v 0.04680406 0.03093285 0.26695877
v 0.04160887 0.04646494 0.29282427
v 0.01891512 0.05598890 0.32100803
v -0.00175763 0.05859464 0.32114571
v -0.02150511 0.05616850 0.31998679
v 0.03233062 0.05155719 0.32297945
v -0.03617308 0.05328247 0.30663159
v 0.04989147 0.02844788 0.27262801
v 0.13384317 0.14859916 0.35297564
v 0.13104278 0.14893106 0.35186893
v 0.12709509 0.15049146 0.36430058
v 0.12791979 0.15100405 0.36993858
v 0.13419460 0.14645974 0.33859670
v 0.12406778 0.15120727 0.37585589
v 0.12378664 0.14958507 0.38391474
v 0.11904947 0.14921187 0.39016590
v -0.04076743 -0.02328861 0.42680877
v -0.04482549 -0.02248919 0.42819703
v -0.03666933 -0.03240450 0.43217507
v -0.04266348 -0.03801529 0.43512711
v -0.04741715 -0.03067101 0.43071601
v -0.04473351 -0.02161888 0.42176282
v -0.04999784 -0.04279128 0.43077055
v -0.04411315 -0.05485050 0.43405709
v -0.05186475 -0.05200525 0.42876747
v -0.03933607 -0.04482600 0.43628907
v -0.05492057 -0.04702770 0.42246357
v -0.05239803 -0.04205972 0.42385459
v -0.04804615 -0.02457669 0.42387491
v -0.09668893 -0.30143633 0.08303186
v -0.09879030 -0.30480018 0.08543383
v -0.09772722 -0.31368369 0.08592919
v -0.09971659 -0.31347659 0.09064838
v -0.10589369 -0.30216745 0.09636810
v -0.10688174 -0.31644574 0.10306305
v -0.11441648 -0.29140672 0.10317845
v -0.11315585 -0.28399882 0.09791438
v -0.11142140 -0.28072792 0.09101462
v -0.09989507 -0.29423624 0.07731317
v -0.10630225 -0.27605978 0.06843884
v -0.11421913 -0.27545896 0.08883377
v -0.12161682 -0.27628648 0.09934522
v -0.12054943 -0.27998137 0.10201607
v -0.11379451 -0.30614907 0.10677949
v -0.09716047 -0.28431398 0.06677751
v -0.09796885 -0.28046653 0.06305207
v -0.10008605 -0.27513880 0.05708791
v -0.11614189 -0.31376129 0.10888194
v -0.11150457 -0.31813794 0.10739894
v -0.12805107 -0.27639449 0.10278260
v -0.09747639 -0.29093432 0.07348336
v -0.10334021 0.05506465 0.33012894
v -0.10991710 0.05276547 0.32753924
v -0.10627293 0.04881627 0.32724443
v -0.10278869 0.04216543 0.32661763
v 0.00043432 0.12116847 -0.48795244
v -0.00261854 0.12317128 -0.49833047
v -0.00067598 0.11836635 -0.47799551
v -0.00004629 0.11383945 -0.46217388
v 0.00128773 0.12289351 -0.49908954
v -0.09755339 0.06295364 0.30075881
v -0.10053290 0.06590766 0.30229595
v -0.09918649 0.05224314 0.29856718
v -0.10194755 0.05294154 0.29726622
v -0.09935641 0.06769963 0.30492908
v -0.09978105 0.04919001 0.29433969
v 0.10316040 0.05302924 0.35738784
v 0.10414789 0.04923775 0.36390954
v 0.09897943 0.04896149 0.36656615
v 0.13469000 0.08741572 0.36498001
v 0.13488568 0.08456375 0.37189230
v 0.13067670 0.07456043 0.36596704
v 0.13719118 0.09898911 0.36870939
v 0.13515961 0.10832073 0.35846016
v 0.13703094 0.10841681 0.36424124
v 0.13050833 0.09278737 0.35849485
v 0.12559427 0.09560469 0.35339114
v 0.13136347 0.10779519 0.35450572
v 0.12186494 0.06618989 0.36311036
v 0.12753671 0.06805190 0.36881554
v 0.12242488 0.06196170 0.36871874
v 0.11670748 0.08032675 0.35696444
v 0.14216311 0.11391426 0.35897356
v 0.11516438 0.05802412 0.36729956
v 0.11057947 0.06092347 0.36087224
v 0.11193446 0.07046571 0.35792506
v 0.11067834 0.05581959 0.36530423
v 0.10531740 0.05620304 0.35490757
v 0.10844034 0.05839085 0.35612476
v 0.10348809 0.06031031 0.35197154
v -0.06721035 -0.30870259 0.16885775
v -0.06825020 -0.31752753 0.17086932
v -0.06401400 -0.31621626 0.16827562
v -0.06316720 -0.30353528 0.16194305
v -0.06743453 -0.29901940 0.16266236
v -0.06313913 -0.29007199 0.14638989
v -0.05948232 -0.29863408 0.14706089
v -0.05983866 -0.31035647 0.15696588
v -0.05902606 -0.28934097 0.12671271
v -0.05641282 -0.29807353 0.12464312
v -0.05603034 -0.30717117 0.13253821
v -0.05491478 -0.30311853 0.10714072
v -0.05860462 -0.31245703 0.14793871
v -0.05861496 -0.28858456 0.10743273
v -0.05500931 -0.30921814 0.10404523
v -0.05710395 -0.29891694 0.09515513
v -0.05342009 -0.31206173 0.10295617
v -0.05198942 -0.31068271 0.09355561
v -0.05809231 -0.29337597 0.08982195
v -0.06097696 -0.28825474 0.08913620
v -0.06187996 -0.28320503 0.06208366
v -0.06323649 -0.28264448 0.12684505
v -0.06276616 -0.28184617 0.10548679
v -0.05470537 -0.31866139 0.10067533
v -0.05629095 -0.31402507 0.10600953
v -0.06472128 -0.28425655 0.08614086
v -0.06847385 -0.28532290 0.14563705
v -0.06853929 -0.27779397 0.11073716
v -0.06875676 -0.27969024 0.12940837
v -0.07137696 -0.27898008 0.09497644
v -0.05847225 -0.28962168 0.03906333
v -0.05457199 -0.30216506 0.06457246
v -0.05411837 -0.30580992 0.03702598
v -0.05265689 -0.30980679 0.06846163
v -0.06285599 -0.27853930 0.03900076
v -0.05923902 -0.30253786 0.00040871
v -0.06826681 -0.27694252 0.00076373
v -0.06992459 -0.28228787 -0.02266015
v -0.06318851 -0.30407968 -0.02641914
v -0.06926979 -0.28776845 -0.06120244
v -0.07158851 -0.27897748 -0.04322158
v -0.06595457 -0.30304837 -0.05836519
v -0.07238661 -0.27466661 -0.05804336
v -0.07450659 -0.27060768 -0.08060166
v -0.08012466 -0.24601151 -0.06821512
v -0.07680161 -0.26055163 -0.09313092
v -0.06799201 -0.30244663 -0.07151441
v -0.07390460 -0.29463103 -0.09893705
v -0.08105104 -0.23593666 -0.08738399
v -0.08190408 -0.23186506 -0.06909436
v -0.07570878 -0.26732531 -0.04340839
v -0.07394379 -0.27480474 -0.02405117
v -0.08177822 -0.24667555 -0.04644926
v -0.08336329 -0.20622277 -0.08653620
v -0.08428840 -0.20424081 -0.06600001
v -0.06626460 -0.31971607 -0.06185615
v -0.06299010 -0.32431221 -0.02361732
v -0.07464688 -0.31796283 -0.10650150
v -0.07052802 -0.32829228 -0.08516920
v -0.05868704 -0.31586492 0.00844104
v -0.08422862 -0.18597743 -0.07410677
v -0.08537974 -0.18961291 -0.08883654
v -0.08575072 -0.18928036 -0.04915975
v -0.08506697 -0.22948812 -0.04596390
v -0.06630682 -0.32811120 -0.05596106
v -0.08636875 -0.20344689 -0.04830790
v -0.07603339 -0.32917276 -0.10941585
v -0.05900322 -0.32522526 0.01793799
v -0.05657225 -0.32390887 0.04538320
v -0.07515632 -0.29681712 -0.10193870
v -0.06266811 -0.32646939 -0.01314978
v -0.08049472 -0.26141602 -0.03284206
v -0.07869664 -0.26899731 -0.02122025
v -0.08102880 -0.17658749 -0.06820361
v -0.08069596 -0.17325994 -0.10167203
v -0.07712475 -0.15996683 -0.11111642
v -0.07806072 -0.16438140 -0.07495650
v -0.07419139 -0.13834439 -0.10868759
v -0.07446019 -0.13207079 -0.11400252
v -0.07228129 -0.13986646 -0.09722728
v -0.07446055 -0.14278607 -0.08876973
v -0.07548241 -0.14483386 -0.05844774
v -0.07735825 -0.17258151 -0.04740337
v -0.07569865 -0.14489150 -0.04974150
v -0.08155432 -0.13322514 -0.12558782
v -0.08194811 -0.13727054 -0.03422857
v -0.08058884 -0.15661062 -0.11742631
v -0.05645366 -0.32199910 0.10277218
v -0.07641064 -0.12682161 -0.12092347
v -0.07930811 -0.11799888 -0.13060735
v -0.05781448 -0.32482606 0.08425275
v -0.09118010 -0.25030932 -0.02102497
v -0.09734428 -0.14011645 -0.14236790
v -0.09217121 -0.12753429 -0.14149866
v -0.10071127 -0.12563123 -0.15653533
v -0.08866367 -0.11836412 -0.14402264
v -0.08314506 -0.10949370 -0.14102277
v -0.08884662 -0.11172156 -0.15339024
v -0.08413713 -0.10088090 -0.15028591
v -0.09684356 -0.12154590 -0.15554300
v -0.08834094 -0.15741736 -0.12459271
v -0.10700490 -0.20619270 -0.10382250
v -0.09898587 -0.24060169 -0.10209485
v -0.10762572 -0.23269588 -0.10756283
v -0.10527942 -0.26623905 -0.11235656
v -0.10582691 -0.19180153 -0.10284743
v -0.08767498 -0.26226354 -0.10009517
v -0.10397537 -0.29168203 -0.11647619
v -0.09209734 -0.32945645 -0.11721780
v -0.10598302 -0.18527730 -0.11007902
v -0.06377859 -0.31970277 0.11009275
v 0.00340456 0.11209780 -0.18987560
v -0.00657994 0.11139992 -0.19477905
v 0.00189957 0.10981034 -0.18732494
v -0.00928041 0.10317437 -0.19066836
v -0.00080723 0.11217637 -0.19492656
v 0.00124421 0.03769885 0.46679261
v 0.00381111 0.04348315 0.47315046
v -0.00164488 0.04135899 0.47080556
v 0.00094796 0.04606568 0.47576573
v 0.00805541 0.06669851 0.48480403
v 0.00124513 0.07079659 0.48886284
v 0.01054201 0.08168103 0.48918691
v 0.01294707 0.06466316 0.47994828
v 0.00082944 0.08565439 0.49271324
v 0.01261235 0.09804183 0.49050716
v 0.00013824 0.09969958 0.49409142
v 0.01716962 0.08314653 0.48326847
v 0.01882906 0.09467600 0.48366135
v 0.01065204 0.05102809 0.46925959
v 0.00708141 0.04353638 0.46785510
v 0.01994750 0.07934851 0.47447404
v 0.01657404 0.06498070 0.46846998
v 0.02330576 0.09264266 0.46764064
v 0.00283386 -0.02939056 0.43046656
v -0.00185651 -0.02848973 0.42776555
v -0.00125819 -0.03033113 0.43617535
v 0.13384756 -0.31393227 0.36686721
v 0.12615050 -0.31568298 0.36970109
v 0.13475566 -0.31774026 0.36435950
v 0.11575960 -0.32467633 0.36799124
v 0.11415251 -0.32836819 0.36480331
v 0.11057664 -0.31409776 0.37202403
v 0.10888605 -0.32259303 0.36727685
v 0.07405718 0.00487199 0.31742525
v 0.06982046 -0.00347347 0.32771167
v 0.07066748 -0.00159305 0.32139286
v 0.07698948 0.00459885 0.31567347
v 0.00186882 0.15334968 -0.03189364
v -0.00047049 0.14260423 -0.02650573
v 0.00247142 0.14157143 -0.02648005
v -0.11518143 0.07507148 0.36120281
v -0.11018118 0.07603227 0.36463106
v -0.11449095 0.07229645 0.36442390
v -0.11783383 0.05983138 0.36798087
v -0.18964092 -0.31374347 0.14637677
v -0.18923715 -0.32502794 0.15258551
v -0.18640946 -0.32332394 0.15215971
v -0.18497486 -0.31126589 0.14359505
v -0.18896471 -0.29678214 0.13153116
v -0.18486194 -0.29316324 0.12582730
v -0.18872923 -0.28651103 0.11596853
v -0.17962103 -0.30110189 0.12888718
v -0.17867438 -0.29178569 0.11737332
v -0.17958391 -0.28605300 0.10623485
v -0.18821970 -0.28253308 0.10183395
v -0.17831771 -0.28554973 0.09163536
v -0.18885885 -0.28279731 0.09355158
v -0.18847996 -0.27915537 0.09217840
v -0.18134749 -0.28146562 0.09070515
v -0.16349337 -0.29979211 0.08143896
v -0.17491668 -0.29275846 0.09090864
v -0.16371691 -0.30437860 0.08608639
v -0.16364588 -0.29292655 0.07252540
v -0.17414424 -0.27980384 0.07594963
v -0.16830644 -0.27826646 0.06199617
v -0.16146959 -0.28520948 0.06076473
v -0.15902524 -0.27803737 0.04921997
v -0.16965830 -0.27118149 0.04543034
v -0.17575130 -0.29097199 0.10363515
v -0.17716725 -0.30202782 0.12184972
v -0.17634526 -0.31150860 0.12060905
v -0.18044983 -0.31510982 0.13651247
v -0.17489399 -0.31158632 0.10035259
v -0.17491648 -0.30813465 0.09320409
v -0.16615942 -0.31620941 0.09455642
v -0.15803152 -0.31396019 0.08764398
v -0.18111391 -0.31709546 0.13059817
v -0.17748214 -0.31481528 0.09538706
v -0.15433601 -0.30331638 0.08511905
v -0.15393251 -0.31378859 0.08503287
v 0.06579018 -0.02254670 0.40979707
v 0.06002243 -0.02495184 0.41204146
v 0.06582001 -0.02452815 0.41526711
v 0.07686925 -0.02126267 0.40358880
v 0.07485522 -0.02042684 0.40063229
v 0.06925880 -0.02120670 0.40241429
v 0.06099230 -0.02418827 0.41528177
v 0.22045211 -0.32282794 -0.12735972
v 0.22519812 -0.31176504 -0.12749100
v 0.22072214 -0.31827489 -0.12587477
v 0.21389958 -0.31703427 -0.12355834
v 0.19383077 -0.31458899 -0.12276030
v 0.20569138 -0.31295872 -0.12203290
v 0.18934207 -0.32036057 -0.12954828
v 0.19072789 -0.31681460 -0.12540223
v -0.01706007 0.19472833 0.18989120
v -0.01380050 0.18907602 0.18068540
v -0.00876004 0.18469961 0.17494598
v 0.22632149 -0.32117906 -0.06316842
v 0.22387071 -0.32800484 -0.06022171
v 0.22724274 -0.32627183 -0.06463364
v 0.23037307 -0.32020009 -0.07343480
v 0.23054141 -0.31284931 -0.07473207
v 0.23300956 -0.30974945 -0.08400994
v 0.23103552 -0.29806694 -0.08831930
v 0.23198050 -0.29390404 -0.09893027
v 0.22465463 -0.30972496 -0.07110058
v 0.22361748 -0.29650036 -0.08234364
v 0.22142261 -0.28575411 -0.09652408
v 0.22711512 -0.28570876 -0.10775087
v 0.21887107 -0.27992806 -0.11900439
v 0.22765028 -0.28774735 -0.12198965
v 0.22054054 -0.28166151 -0.12424879
v 0.23126854 -0.29829168 -0.11667400
v 0.23240103 -0.30821720 -0.10950832
v 0.22893523 -0.29689279 -0.12475660
v 0.23104106 -0.31693071 -0.09214887
v 0.22732076 -0.30535790 -0.12793386
v 0.22770831 -0.31315237 -0.12318785
v 0.07989249 -0.11365526 -0.13486847
v 0.08029054 -0.11839757 -0.13105601
v 0.07820347 -0.12265823 -0.12371848
v 0.08190472 -0.10621933 -0.14598690
v 0.07994266 -0.12352508 -0.12323211
v 0.07983632 -0.12525518 -0.11501196
v 0.03824858 -0.02630519 0.42733434
v 0.03810272 -0.02679175 0.43164554
v 0.04343928 -0.03050998 0.42747393
v 0.04116059 -0.03084029 0.43338624
v 0.04565495 -0.03852566 0.43198246
v 0.04601249 -0.04471384 0.42006743
v 0.04863635 -0.04686140 0.42526782
v 0.04719332 -0.05040370 0.43036020
v 0.13525543 -0.31270933 0.41696501
v 0.13076593 -0.32016975 0.41775060
v 0.13397175 -0.32105237 0.41693822
v 0.13678446 -0.31871277 0.41593415
v 0.13060099 -0.30641198 0.41331694
v 0.12598884 -0.30045015 0.40670028
v 0.12651284 -0.31673229 0.40799057
v 0.11881168 -0.29109609 0.39276904
v 0.11680178 -0.29112536 0.38933399
v 0.11336994 -0.28232142 0.37663645
v 0.11453031 -0.31043553 0.38105616
v 0.11064313 -0.29676029 0.37273222
v 0.11057664 -0.31409776 0.37202403
v 0.11595921 -0.31399265 0.38060236
v 0.12115631 -0.31434762 0.39435327
v 0.11292690 -0.28199682 0.37170118
v 0.07404482 -0.25427490 0.20210406
v 0.07547293 -0.22869983 0.18583666
v 0.06861954 -0.25248873 0.18287168
v 0.07035916 -0.23579876 0.17642786
v 0.06204417 -0.27566749 0.18753588
v 0.06625002 -0.28221259 0.20886959
v 0.05779221 -0.29585752 0.19351320
v 0.07544804 -0.27619195 0.22898944
v 0.06182955 -0.29700059 0.21020310
v 0.06907280 -0.28709000 0.22560841
v 0.07166624 -0.29705912 0.25047413
v 0.07954393 -0.27783906 0.25626054
v 0.07666620 -0.29707667 0.27087650
v 0.09112470 -0.29076704 0.31071898
v 0.08848089 -0.31201738 0.32233676
v 0.10261001 -0.27499926 0.33382270
v 0.09329516 -0.31179702 0.33672011
v 0.11080677 -0.27706656 0.36807305
v 0.10806586 -0.28852576 0.36754432
v 0.09544663 -0.27143738 0.29660365
v 0.07416701 -0.31173247 0.27248180
v 0.05578141 -0.31130570 0.19639018
v 0.08195060 -0.26249504 0.23127905
v 0.08095142 -0.23769616 0.20491338
v 0.08337419 -0.27073205 0.24845497
v 0.08464795 -0.27219051 0.26364705
v 0.05527470 -0.29741839 0.17820035
v 0.08671995 -0.20962653 0.19727997
v 0.07379582 -0.20079824 0.16750383
v 0.10474216 -0.30920067 0.36759472
v 0.05954573 -0.28036204 0.17023794
v 0.08128930 -0.20156731 0.18276414
v 0.07775562 -0.17370372 0.16240411
v 0.07574868 -0.16929473 0.15603870
v 0.05248875 -0.31189442 0.16828057
v 0.07558832 -0.14540596 0.15134414
v 0.08320741 -0.16987944 0.17000073
v 0.05523435 -0.29721406 0.16096045
v 0.08720309 -0.22802164 0.20965730
v 0.08820599 -0.24362448 0.22443555
v 0.09017628 -0.24975614 0.23438141
v 0.09147420 -0.25751710 0.24577197
v 0.08926661 -0.19109027 0.18925250
v 0.06472463 -0.26874322 0.17163345
v 0.07127545 -0.24985130 0.16681686
v 0.05348575 -0.31064752 0.14595890
v 0.08126990 -0.15230054 0.16155429
v 0.06004439 -0.28214413 0.15488519
v 0.05463275 -0.32345805 0.17841145
v 0.07674021 -0.32422552 0.27624947
v 0.07854401 -0.11307708 0.15512255
v 0.07623905 -0.12186313 0.14733298
v 0.07007928 -0.32403275 0.24857910
v 0.05759909 -0.32371208 0.19678129
v 0.07014493 -0.25705868 0.16384420
v 0.09042788 -0.32544327 0.32162309
v 0.09095300 -0.26792601 0.26292136
v 0.10137727 -0.32230109 0.35229909
v 0.05771158 -0.29329550 0.15008219
v 0.05457758 -0.32105613 0.14412268
v 0.05481474 -0.32779354 0.16089256
v 0.08218947 -0.33361557 0.28647730
v 0.08934292 -0.33463600 0.30959210
v 0.07102446 -0.33297741 0.24161743
v 0.07646642 -0.33294952 0.26420617
v 0.09522633 -0.16393296 0.18086830
v 0.05965907 -0.33095664 0.19641776
v 0.06595619 -0.33317474 0.21944083
v 0.10114083 -0.33194363 0.34410602
v 0.09536713 -0.33563799 0.32471180
v 0.09507663 -0.15244257 0.17623307
v 0.09068731 -0.14750844 0.16960095
v 0.08453658 -0.13540068 0.16280055
v 0.08783232 -0.10906571 0.16570406
v 0.08419372 -0.09686331 0.16121970
v 0.08672762 -0.08474867 0.16419359
v 0.09322494 -0.07195271 0.17247325
v 0.05746309 -0.33373749 0.17505747
v 0.10888605 -0.32259303 0.36727685
v 0.05775931 -0.33300063 0.14118218
v 0.05836797 -0.33497933 0.15762518
v 0.07239762 -0.25767919 0.15619691
v 0.08128857 -0.23615429 0.14904590
v 0.09725466 -0.14531939 0.17461853
v 0.09931690 -0.25364545 0.25123307
v 0.10522254 -0.14306115 0.18058819
v 0.09481385 -0.13924628 0.17081696
v 0.09704094 -0.13501681 0.17295943
v 0.09815807 -0.10633466 0.17592950
v 0.09688478 -0.11553128 0.17320520
v 0.09482478 -0.11185622 0.17088930
v 0.09217623 -0.11679988 0.16789396
v 0.09236932 -0.13502522 0.16897738
v 0.10394073 -0.09628592 0.18035190
v 0.10139816 -0.26251647 0.26937294
v 0.08854467 -0.06648670 0.16906765
v 0.09953149 -0.22380753 0.21704955
v 0.11596596 -0.25057241 0.26951593
v 0.11639792 -0.25394201 0.27588901
v 0.10200088 -0.23707527 0.23039159
v 0.10599889 -0.15206701 0.18362403
v 0.11440980 -0.13751200 0.18591313
v 0.09394317 -0.05233222 0.17302759
v 0.11501715 -0.24276973 0.25235051
v 0.11361048 -0.23320916 0.23609170
v 0.11038613 -0.20188147 0.20910689
v 0.11086033 -0.21810088 0.22039363
v 0.11635476 -0.26619110 0.33879161
v 0.11945469 -0.26887476 0.35951227
v 0.09972861 -0.18955800 0.19518848
v 0.11704247 -0.25823477 0.29413387
v 0.06386571 -0.33496737 0.20239367
v 0.12069121 -0.27379200 0.37164375
v 0.12115765 -0.27672631 0.37288660
v -0.10991710 0.05276547 0.32753924
v -0.10334021 0.05506465 0.33012894
v -0.10512308 0.05459800 0.33317006
v 0.09738215 0.07844945 0.30660450
v 0.09557851 0.08033656 0.30825117
v 0.09534206 0.06876280 0.30204049
v 0.09757196 0.06440563 0.29999098
v 0.09568106 0.05653547 0.29462141
v -0.08432271 0.05799180 0.44267857
v -0.08324239 0.05823150 0.44925642
v -0.08709259 0.05881330 0.44723552
v 0.09779815 -0.00997008 0.35181198
v 0.09976175 -0.01052373 0.35974413
v 0.10151522 -0.01369864 0.36584073
v -0.13792844 0.13597441 0.29906309
v -0.13838136 0.13283308 0.29952943
v -0.14117752 0.13235465 0.30526328
v -0.14220276 0.13593122 0.31108782
v -0.14341399 0.12953001 0.30771104
v -0.14901674 0.12757574 0.31964773
v -0.13385357 0.14159016 0.30901280
v -0.14098972 0.13432303 0.32020131
v -0.14301249 0.12764557 0.33216476
v -0.14985262 0.12196474 0.33360529
v -0.15210263 0.11527190 0.32848689
v -0.13888425 0.12473203 0.34131441
v -0.12554638 0.14220326 0.31607005
v -0.12541115 0.14194931 0.32071593
v -0.13536112 0.12971379 0.33460197
v -0.12195751 0.14312141 0.30764586
v -0.12383040 0.13852189 0.29704997
v -0.12666097 -0.32067904 0.17360726
v -0.12273158 -0.32457647 0.17274840
v -0.12228472 -0.32088110 0.17504437
v -0.12197101 -0.31222942 0.17101245
v -0.12755261 -0.30960378 0.16791080
v -0.14114878 -0.27886355 0.09792549
v -0.14516395 -0.29595143 0.10219023
v -0.14159766 -0.28986600 0.10469197
v -0.13821465 -0.28049770 0.10301066
v -0.14234132 -0.30134696 0.10748944
v -0.14564906 -0.31706303 0.10545677
v -0.14983615 -0.31544039 0.09586216
v -0.15250771 -0.31152374 0.08851701
v -0.15053804 -0.29980117 0.08813783
v -0.14788896 -0.28459173 0.08118779
v -0.15393251 -0.31378859 0.08503287
v -0.15433601 -0.30331638 0.08511905
v -0.14408924 -0.27542347 0.07841460
v -0.14102003 -0.28148136 0.11135277
v -0.14124642 -0.29554516 0.11654475
v -0.13708597 -0.28857413 0.13755898
v -0.13607481 -0.29752651 0.14682050
v -0.13605307 -0.28002912 0.12900598
v -0.13787842 -0.27799138 0.11838210
v -0.13662803 -0.30893055 0.13908564
v -0.13213724 -0.31757346 0.16263554
v -0.13167399 -0.31251118 0.16521752
v -0.13120709 -0.29922420 0.15687661
v -0.13623311 -0.31240019 0.13303483
v -0.13265452 -0.28905267 0.14516656
v -0.13897429 -0.31114325 0.10942652
v -0.13872473 -0.27840903 0.10763491
v -0.14852121 -0.27524677 0.07407569
v -0.15630452 -0.29051206 0.07816286
v -0.16146959 -0.28520948 0.06076473
v -0.15312444 -0.27508995 0.06425974
v -0.15902524 -0.27803737 0.04921997
v -0.16364588 -0.29292655 0.07252540
v -0.16349337 -0.29979211 0.08143896
v 0.00034284 0.09794820 -0.28478023
v -0.00166865 0.09935477 -0.28654808
v -0.00234405 0.09190080 -0.28382537
v -0.00838633 0.09666280 -0.29052019
v -0.01282377 0.08660342 -0.29141441
v -0.00007261 0.11842889 -0.30959868
v -0.00605827 0.12036859 -0.31907603
v -0.00196106 0.13358076 -0.33076841
v -0.00451112 0.13281900 -0.33611485
v -0.00228558 0.13881764 -0.34144783
v -0.01133906 0.10085066 -0.30504206
v 0.00276651 0.09199267 -0.28450033
v 0.00203498 0.13923682 -0.34001252
v 0.00265214 0.13402195 -0.33186239
v 0.00215681 0.13891719 -0.34277835
v 0.19383077 -0.31458899 -0.12276030
v 0.18981759 -0.31274673 -0.12639560
v 0.19072789 -0.31681460 -0.12540223
v 0.19434656 -0.30419502 -0.12793404
v 0.18942907 -0.30568427 -0.13237913
v 0.18859136 -0.29164612 -0.14125881
v 0.19780618 -0.28283456 -0.13322315
v 0.20322557 -0.28127944 -0.12873882
v 0.19094937 -0.28319383 -0.14373426
v 0.18500881 -0.28672561 -0.15028249
v 0.18238363 -0.28387651 -0.15652823
v 0.20324050 -0.30559808 -0.12328403
v 0.20719431 -0.29310229 -0.12426457
v 0.21423022 -0.28196675 -0.12284799
v 0.21072505 -0.27459079 -0.13138977
v 0.21868062 -0.27696109 -0.12575562
v 0.20211802 -0.27426386 -0.14602320
v 0.19215579 -0.27543345 -0.15965660
v 0.17808309 -0.28058788 -0.16282986
v 0.20569138 -0.31295872 -0.12203290
v 0.18229121 -0.27832025 -0.16986144
v 0.20596063 -0.28792417 -0.11553119
v 0.21528685 -0.28136450 -0.11417535
v 0.21040598 -0.28817329 -0.10210073
v 0.20614053 -0.29520011 -0.10004544
v 0.21168712 -0.29568586 -0.08979904
v 0.20945078 -0.30415401 -0.08806963
v 0.20331930 -0.30505347 -0.10160331
v 0.21575032 -0.31098890 -0.07785354
v 0.20139076 -0.30564997 -0.11355602
v 0.22465463 -0.30972496 -0.07110058
v 0.22100763 -0.31474721 -0.06872102
v 0.21658042 -0.31715766 -0.07489157
v 0.22138327 -0.32089171 -0.06251626
v 0.22049356 -0.32624879 -0.06191923
v 0.22361748 -0.29650036 -0.08234364
v 0.22142261 -0.28575411 -0.09652408
v 0.22387071 -0.32800484 -0.06022171
v 0.22632149 -0.32117906 -0.06316842
v 0.21887107 -0.27992806 -0.11900439
v 0.22054054 -0.28166151 -0.12424879
v 0.18642603 -0.29228696 -0.14122529
v 0.07853139 -0.32893616 -0.18810992
v 0.07516200 -0.32927442 -0.20392635
v 0.08163176 -0.32877108 -0.16801584
v -0.14509834 0.12301563 0.35862285
v -0.13888425 0.12473203 0.34131441
v -0.14109056 0.12334448 0.34992704
v -0.13773471 0.12066635 0.34038487
v -0.14337926 0.11639045 0.35696974
v -0.13066681 0.11262095 0.34839335
v -0.13647878 0.11084028 0.36509725
v -0.14273563 0.11385950 0.36085513
v -0.12866807 0.11145752 0.35177678
v -0.13339786 0.11166281 0.37314260
v -0.13477223 0.10690280 0.36494523
v -0.12073372 0.08554155 0.35756525
v -0.11518143 0.07507148 0.36120281
v -0.12602593 0.07295711 0.36359981
v -0.11783383 0.05983138 0.36798087
v -0.12969087 0.08882368 0.35951549
v -0.13473552 0.06959726 0.36929557
v -0.12084950 0.09143255 0.35355198
v -0.12968303 0.05728116 0.36959055
v -0.12235716 0.05355459 0.36860907
v -0.12535669 0.10402621 0.35308194
v -0.11670347 0.08237358 0.35680717
v -0.13001990 0.10865499 0.35634023
v -0.11188860 0.07282361 0.35973099
v -0.13553964 0.09453403 0.36539394
v -0.13735774 0.07870510 0.37301677
v -0.13720213 0.09569477 0.37156686
v -0.13300470 0.06416374 0.37564942
v 0.04472880 0.02771290 0.45505905
v 0.04866540 0.02710487 0.45619515
v 0.04669845 0.02789528 0.46017766
v -0.10371012 -0.12010659 0.00363972
v -0.09797437 -0.12430331 -0.00224818
v -0.10150258 -0.12099183 0.00379678
v -0.10713451 -0.11276199 0.00759640
v -0.08608113 -0.13614821 0.01839465
v -0.08155707 -0.13770404 0.02952638
v -0.08414065 -0.13364913 0.04443761
v -0.07871883 -0.13573515 0.04625676
v -0.08287363 -0.13457203 0.03479215
v -0.07423384 -0.14191443 0.03584626
v -0.07489334 -0.13890302 0.04828058
v -0.07538364 -0.14381444 0.03122357
v -0.06409809 -0.15431292 0.04154162
v -0.07425275 -0.14648908 -0.00238364
v -0.08638457 -0.13636884 -0.00561596
v -0.10479420 -0.11826355 0.03522391
v -0.08702721 -0.12535019 0.08034857
v -0.09953590 -0.11790311 0.06410976
v -0.07621437 -0.13981098 0.05321059
v -0.09545331 -0.11452436 0.09880070
v -0.09011724 -0.11546258 0.11814223
v -0.08227415 -0.12209693 0.11816391
v -0.09655041 -0.11060706 0.11403182
v -0.10556351 -0.10296296 0.10961785
v -0.06519491 -0.14108436 0.10947838
v -0.06776292 -0.14556690 0.07473921
v -0.06038587 -0.15084678 0.07831415
v -0.06717604 -0.13453875 0.12728791
v -0.07381564 -0.14611016 -0.03096896
v -0.06617632 -0.15314776 -0.02192212
v -0.06206733 -0.15817069 -0.04588551
v -0.07569865 -0.14489150 -0.04974150
v -0.04881826 -0.17022251 -0.04053984
v -0.04915541 -0.16617383 -0.00188090
v -0.04258794 -0.17018120 0.00458169
v -0.03871970 -0.17701177 -0.03757489
v -0.05610182 -0.15989876 0.04057309
v -0.05261123 -0.15813638 0.06475970
v -0.05188417 -0.14919569 0.11310836
v -0.05172085 -0.14468114 0.12880032
v -0.02910671 -0.17836447 0.00293305
v -0.04350845 -0.16690868 0.03935141
v -0.08992203 -0.13198054 -0.01804896
v -0.09357525 -0.12860604 -0.01043348
v -0.11681697 -0.09033591 0.09630227
v -0.07352451 -0.14426182 -0.07458843
v -0.11990859 -0.08614299 0.08714259
v -0.13120508 -0.07429510 0.09577860
v -0.10573806 -0.10636710 0.07432803
v -0.07850797 -0.14019862 -0.03763101
v -0.08194811 -0.13727054 -0.03422857
v -0.06365516 -0.15176614 -0.07685897
v -0.05154859 -0.16165666 -0.07220349
v -0.03298349 -0.16594318 0.08064371
v -0.03142004 -0.16018002 0.11497428
v -0.08155430 -0.11830507 0.12845837
v -0.02112154 -0.18584824 -0.03692092
v -0.02886571 -0.17397377 0.03978255
v -0.07228129 -0.13986646 -0.09722728
v -0.03122153 -0.15602227 0.12880106
v -0.07314907 -0.12018237 0.14298983
v -0.05754563 -0.15018938 -0.10156897
v -0.03405840 -0.17702043 -0.05064460
v -0.11973163 -0.09015192 0.10318931
v -0.03816993 -0.16266091 -0.10143932
v -0.07446019 -0.13207079 -0.11400252
v -0.06150507 -0.13755104 -0.12785639
v -0.05020553 -0.14630285 -0.12796432
v -0.03674437 -0.15475053 -0.12806799
v -0.01998374 -0.17340262 -0.09469325
v -0.00913992 -0.18615375 -0.06032941
v -0.01702136 -0.18241888 0.00093530
v -0.07641064 -0.12682161 -0.12092347
v -0.01807317 -0.16406238 -0.12783995
v -0.00715144 -0.18246093 -0.07879447
v -0.05018852 -0.13563582 -0.14962669
v -0.00309465 -0.19149245 -0.03758943
v 0.00009491 -0.19170488 -0.03473707
v -0.01183945 -0.17371386 -0.10488636
v 0.00231258 -0.18048595 0.05130990
v 0.00237760 -0.18656301 0.00557885
v -0.06691641 -0.12118506 0.14957482
v -0.03822375 -0.14085768 -0.15442970
v -0.06304803 -0.11842098 -0.15857399
v -0.02046645 -0.15441737 -0.14736775
v -0.07930811 -0.11799888 -0.13060735
v -0.05331042 -0.11705573 -0.17602660
v -0.08117234 -0.10887463 -0.14175187
v -0.07784954 -0.10416021 -0.15608627
v -0.08413713 -0.10088090 -0.15028591
v -0.06648371 -0.10307129 -0.17653829
v -0.03905553 -0.12756829 -0.17566845
v -0.03829240 -0.10635114 -0.21013564
v -0.01886368 -0.14283022 -0.17060824
v -0.01970749 -0.13073272 -0.18957043
v -0.05041016 -0.10330677 -0.19910446
v -0.03579805 -0.07584786 -0.25496477
v -0.01922411 -0.11854478 -0.21130988
v -0.01913739 -0.10676206 -0.22993608
v -0.01849168 -0.09188708 -0.25261521
v -0.07169278 -0.07698321 -0.19516657
v -0.06279259 -0.07832113 -0.21024936
v -0.06628622 -0.04863656 -0.23816936
v -0.08044520 -0.04050260 -0.21873963
v -0.08529667 -0.04909034 -0.19883431
v -0.07600796 -0.02930003 -0.23973587
v -0.07159759 -0.01600751 -0.26239631
v -0.05458110 -0.00650095 -0.30576450
v -0.09274375 -0.05218598 -0.17792369
v -0.08324336 -0.07924879 -0.17111018
v -0.09402183 -0.06337602 -0.16411118
v -0.05049348 -0.02224997 -0.29621646
v -0.05030637 -0.06505363 -0.24780373
v -0.04991250 -0.04874450 -0.26747069
v -0.09730153 -0.05562794 -0.16577993
v -0.06714211 -0.00648668 -0.27986652
v -0.06311883 0.00368501 -0.29816714
v -0.05132725 -0.08622593 -0.21968804
v -0.05566984 0.01656579 -0.32280254
v -0.04162711 0.01178013 -0.34466928
v -0.04794347 0.02801981 -0.34611002
v -0.04445377 -0.01650455 -0.31105748
v -0.08383249 -0.02284450 -0.21837665
v -0.04025995 0.03916657 -0.37024054
v -0.03452460 0.02774044 -0.37214935
v -0.03232573 0.05154350 -0.39747372
v -0.09901540 -0.02679059 -0.17291087
v -0.02651397 0.04816426 -0.40548724
v -0.08033230 -0.00305817 -0.23675525
v -0.06341319 0.00816862 -0.29976246
v -0.07178893 0.00664053 -0.26564592
v -0.09454225 -0.00610986 -0.19275711
v -0.10728153 -0.01205465 -0.15912898
v -0.09205661 -0.07926105 -0.15623862
v -0.08888504 -0.08873049 -0.15351138
v -0.02953908 0.06158732 -0.40857235
v -0.02194693 0.07536067 -0.43624881
v -0.02028481 0.05124232 -0.41854233
v -0.01878863 0.07310342 -0.44061658
v -0.01304501 0.09161970 -0.46483985
v -0.01447544 0.09449872 -0.46026918
v -0.00669246 0.11193042 -0.48712072
v -0.01088866 0.07157667 -0.45108369
v -0.02489854 0.02947841 -0.38815740
v -0.03271065 0.01180023 -0.35782430
v -0.01101950 0.05617191 -0.43615845
v -0.08185302 0.00888109 -0.22592574
v -0.04076918 0.05504646 -0.35687181
v -0.03513739 -0.01173137 -0.32825345
v -0.06300898 0.01922627 -0.29421735
v -0.00742509 0.09191462 -0.47225606
v -0.00302557 0.11867099 -0.49794745
v -0.00261854 0.12317128 -0.49833047
v -0.05467873 0.03398870 -0.31389388
v -0.09704748 0.00967076 -0.17368460
v -0.03614994 -0.04165439 -0.29338813
v -0.01024895 0.03276996 -0.41090554
v -0.01002022 0.01370549 -0.38866362
v -0.01799981 -0.01100557 -0.34701353
v -0.02888408 -0.06522923 -0.27560082
v -0.01089440 -0.01194892 -0.35497072
v -0.01075673 -0.04257268 -0.31951270
v -0.03088027 -0.02958464 -0.31191522
v -0.00152446 0.10821243 -0.49109906
v -0.08314506 -0.10949370 -0.14102277
v -0.07374279 0.00559301 0.31350812
v -0.07871770 -0.00019243 0.31961286
v -0.08108987 -0.00193118 0.32380977
v -0.05481857 -0.05367028 0.19778861
v -0.06694239 -0.05661130 0.19072951
v -0.05973226 -0.05528405 0.19599551
v 0.04529776 -0.01124182 0.21124250
v 0.04488150 -0.01295502 0.21723689
v 0.04449324 -0.01376354 0.21279024
v 0.05185319 -0.00438150 0.20964864
v 0.03540058 -0.01693372 0.21642937
v 0.00303612 -0.02037012 0.22105372
v 0.01491096 -0.01999571 0.21860345
v 0.01497738 -0.02087838 0.22077042
v 0.03407414 -0.01814433 0.22049715
v -0.06049082 -0.26180539 0.43273088
v -0.06387343 -0.26669067 0.43198147
v -0.06124507 -0.26669183 0.43235210
v -0.06464826 -0.25361338 0.42686912
v -0.06040476 -0.25354484 0.42908749
v -0.06126545 -0.24064936 0.41546994
v -0.06984410 -0.24768662 0.41464153
v -0.07281114 -0.24134231 0.40210608
v -0.06276801 -0.23092243 0.39780006
v -0.07730376 -0.23996994 0.38833645
v -0.07020494 -0.23320164 0.38738194
v -0.07895041 -0.23956543 0.37924206
v -0.06329928 -0.22969902 0.39051276
v -0.06486456 -0.23059456 0.38086346
v -0.07940396 -0.22762270 0.36825854
v -0.06562880 -0.22650443 0.37701407
v -0.06901975 -0.22129613 0.36704701
v -0.08082124 -0.24754505 0.38111639
v -0.07256435 -0.26155403 0.40107152
v -0.06785202 -0.26068616 0.42291373
v -0.08005330 -0.25934169 0.37964785
v -0.06997533 -0.26409394 0.40613455
v -0.08992407 -0.23974825 0.36279315
v -0.08599250 -0.24981014 0.37521812
v -0.08308125 -0.26173198 0.37271824
v -0.09199223 -0.24831806 0.36920092
v -0.09214570 -0.25763902 0.36361840
v -0.09151060 -0.23245965 0.35192791
v -0.08210133 -0.22375187 0.35419908
v -0.07651657 -0.26485440 0.37710908
v -0.08470139 -0.27336136 0.35127005
v -0.00261854 0.12317128 -0.49833047
v 0.00128773 0.12289351 -0.49908954
v 0.00071132 0.12002426 -0.50033015
v -0.00302557 0.11867099 -0.49794745
v -0.00150850 0.14843678 0.09636346
v -0.01240669 0.14020059 0.10344359
v -0.00852973 0.14383335 0.10040399
v -0.07574584 -0.28000268 0.08720647
v -0.07481267 -0.28091171 0.08722754
v -0.06472128 -0.28425655 0.08614086
v -0.07884417 -0.28357953 0.10269143
v -0.07137696 -0.27898008 0.09497644
v 0.14231135 -0.07456160 -0.04270485
v 0.13142616 -0.08556617 -0.04155457
v 0.14281389 -0.10891224 -0.04381272
v 0.13376591 -0.11961342 -0.04669566
v 0.12262788 -0.14643750 -0.05125733
v 0.13156626 -0.15727825 -0.05305085
v 0.12381579 -0.11848374 -0.04634291
v 0.12361244 -0.09859908 -0.04149047
v 0.11392316 -0.12579031 -0.04552701
v 0.13142616 -0.08556617 -0.04155457
v 0.11290894 -0.11365452 -0.04215098
v 0.24902591 -0.29723525 0.34070846
v 0.23192222 -0.29580942 0.34247833
v 0.23654455 -0.30513462 0.35530597
v 0.24831975 -0.30314815 0.34925079
v 0.23734057 -0.29257575 0.33550259
v 0.23531798 -0.28750688 0.32291067
v 0.24689303 -0.31068391 0.35634431
v 0.23951276 -0.31787929 0.36142498
v 0.24539830 -0.33055863 0.36672169
v 0.11548708 0.06780701 0.21154523
v 0.12102089 0.06115999 0.21019103
v 0.10509118 0.06061153 0.20355394
v 0.10535279 0.06930419 0.20745064
v 0.10319974 0.05211229 0.20026433
v 0.07066748 -0.00159305 0.32139286
v 0.08260600 -0.00127629 0.31865913
v 0.07698948 0.00459885 0.31567347
v 0.07876933 -0.00499247 0.32516760
v 0.06982046 -0.00347347 0.32771167
v -0.11062436 0.05536065 0.25861663
v -0.11896195 0.05138668 0.25592530
v -0.10877522 0.04658453 0.25926894
v 0.23137158 -0.29150036 0.31538126
v 0.22561753 -0.29078227 0.32207927
v 0.23531798 -0.28750688 0.32291067
v 0.22648589 -0.29397815 0.31553230
v -0.12263573 0.04534243 0.25173283
v -0.11420556 0.04497895 0.25397402
v -0.11896195 0.05138668 0.25592530
v -0.12151816 0.03870485 0.25000560
v -0.12413597 0.05029095 0.25237915
v -0.09501143 0.05424294 0.27676806
v -0.08615655 0.05357794 0.27842343
v -0.09508041 0.05064322 0.28176403
v -0.03302609 0.24364312 0.41781053
v -0.02908487 0.24077263 0.42192051
v -0.03556887 0.24406691 0.42321771
v -0.02939527 0.24112327 0.41735879
v -0.01916226 0.07109366 0.23561534
v -0.01033674 0.07295866 0.23725209
v -0.01793999 0.07333161 0.23936310
v 0.08851683 0.00971726 0.30466032
v 0.08170607 0.00852679 0.30893061
v 0.08621886 0.00545404 0.30532426
v -0.01958601 0.23746859 0.42516440
v -0.01465090 0.23581760 0.42370430
v -0.01337791 0.23643686 0.42891169
v -0.01731055 0.23576976 0.42223582
v -0.01085082 0.23085074 0.42186069
v -0.00957090 0.22874671 0.42563173
v -0.03654990 0.24153726 0.41755521
v -0.03302609 0.24364312 0.41781053
v -0.03556887 0.24406691 0.42321771
v 0.07983632 -0.12525518 -0.11501196
v 0.08167832 -0.13030262 -0.10187020
v 0.08308595 -0.13343516 -0.08990712
v -0.11035018 -0.17161226 0.13751490
v -0.09809221 -0.16978380 0.13948417
v -0.12144364 -0.17269449 0.13688871
v 0.08609757 0.00100497 0.31531772
v 0.08260600 -0.00127629 0.31865913
v 0.08917403 0.00129003 0.31186798
v 0.10348809 0.06031031 0.35197154
v 0.10145046 0.07654300 0.33896759
v 0.10482784 0.04087087 0.34702486
v 0.10476724 0.04738749 0.33084938
v 0.10351378 0.06264133 0.32496578
v 0.10684942 0.04837518 0.32250947
v 0.10679673 0.03318101 0.35092232
v 0.10687608 0.03250455 0.34532160
v 0.10531740 0.05620304 0.35490757
v 0.10318419 0.08306902 0.35638756
v 0.09964448 0.07075152 0.36662027
v 0.10092957 0.09554080 0.36854583
v 0.10495643 0.09640782 0.35759920
v 0.09862319 0.05421692 0.36481553
v 0.10340498 0.09440010 0.33791170
v 0.09934326 0.08247080 0.37473360
v 0.09790377 0.09910874 0.37530643
v 0.09963126 0.08867899 0.38076735
v 0.10187377 0.07364674 0.31672928
v 0.10374527 0.09964243 0.35731399
v 0.09910337 0.05919013 0.37258098
v 0.10229810 0.07882072 0.37975332
v 0.09687408 0.09730733 0.38589174
v 0.10710776 0.03878075 0.32900298
v 0.10765138 0.01384011 0.35188243
v 0.10759784 0.01305534 0.34791055
v 0.10555682 0.06364573 0.31951806
v 0.11357620 0.02245807 0.33804810
v 0.11318517 0.00538308 0.34852272
v 0.11187833 0.00613146 0.34247962
v 0.10275970 0.06192312 0.37654671
v 0.09897943 0.04896149 0.36656615
v 0.10232112 0.05405144 0.37259349
v 0.10316040 0.05302924 0.35738784
v 0.11123084 0.03172955 0.33146349
v 0.10099450 0.08653881 0.32551810
v 0.09961624 0.08701775 0.32057676
v 0.10341504 0.09939931 0.33753195
v 0.09893053 0.09921828 0.32457837
v 0.11341462 -0.00435459 0.34703749
v 0.11113481 -0.00523022 0.34178346
v 0.11507207 0.00175022 0.33313861
v 0.11518101 0.00935760 0.33685613
v 0.11336327 -0.00157068 0.33111188
v 0.09862319 0.05421692 0.36481553
v 0.10348809 0.06031031 0.35197154
v 0.10316040 0.05302924 0.35738784
v 0.11487921 0.01616745 0.33929059
v 0.11518101 0.00935760 0.33685613
v 0.11187833 0.00613146 0.34247962
v 0.19645733 -0.28385556 0.33672565
v 0.20159914 -0.30538946 0.33745611
v 0.19799425 -0.30558601 0.32506576
v 0.19745959 -0.28981534 0.34151721
v 0.19422185 -0.29229981 0.32139385
v 0.19281119 -0.28340665 0.34339824
v 0.19727053 -0.32625711 0.31807879
v 0.19234146 -0.27922693 0.32763392
v 0.18486717 -0.27823734 0.31099430
v 0.18632035 -0.29504740 0.30332851
v 0.19280046 -0.27922839 0.34157634
v 0.17604025 -0.28257135 0.29086879
v 0.17247212 -0.27622649 0.29105890
v 0.18934527 -0.30361438 0.30432722
v 0.19715914 -0.28325945 0.34528711
v 0.20055544 -0.32186764 0.33735704
v 0.20132308 -0.31858754 0.34143779
v 0.20048736 -0.28758335 0.34584761
v 0.19728215 -0.28305107 0.35248175
v 0.17120573 -0.27589551 0.28531832
v 0.20062758 -0.29088917 0.36375287
v 0.20183456 -0.30138594 0.37035415
v 0.20044383 -0.30492333 0.38060391
v 0.20151891 -0.31209895 0.34549305
v 0.19950965 -0.30925393 0.34232843
v 0.20144771 -0.31898996 0.38039809
v 0.20083220 -0.31688735 0.35017750
v 0.20041037 -0.31700480 0.38979673
v 0.20052971 -0.31904039 0.36688358
v 0.19644800 -0.32286698 0.31177974
v 0.19872972 -0.32604644 0.31337547
v 0.18234465 -0.29196769 0.29728308
v 0.19908331 -0.32547644 0.39169568
v 0.19576356 -0.32464442 0.39725602
v 0.19745959 -0.28981534 0.34151721
v 0.20048736 -0.28758335 0.34584761
v 0.19950965 -0.30925393 0.34232843
v 0.24879390 -0.29915860 0.32733768
v 0.24867022 -0.32184061 0.34736049
v 0.24671774 -0.31353354 0.31868035
v 0.24611700 -0.31661597 0.31989107
v 0.24589126 -0.29397050 0.31833100
v 0.24155159 -0.30434626 0.31275561
v 0.24709298 -0.29248339 0.32602346
v 0.24009825 -0.29593316 0.31405389
v 0.23932174 -0.29242671 0.31075829
v 0.24902591 -0.29723525 0.34070846
v 0.23531798 -0.28750688 0.32291067
v 0.24717438 -0.32374930 0.34450847
v 0.23264427 -0.28567415 0.31285280
v 0.23718745 -0.29873365 0.29191390
v 0.23207040 -0.28590730 0.29257461
v 0.24044198 -0.31361419 0.31466207
v 0.22820255 -0.28715241 0.27610409
v 0.23687039 -0.31437594 0.29444483
v 0.22572789 -0.29799184 0.24854375
v 0.23209669 -0.32114282 0.28081101
v 0.24766056 -0.32908398 0.36209214
v 0.22014581 -0.28699183 0.24451411
v 0.21887994 -0.29819700 0.22934033
v 0.21167094 -0.28770974 0.22063483
v 0.20741984 -0.29682261 0.20191264
v 0.20154783 -0.28951639 0.19666122
v 0.19941868 -0.29411685 0.18929504
v 0.18794101 -0.28051919 0.18344568
v 0.19095105 -0.29483575 0.17411858
v 0.19135545 -0.33309612 0.17751908
v 0.18629928 -0.32120198 0.16494891
v 0.17877121 -0.29549095 0.15033630
v 0.17649402 -0.33311245 0.14467923
v 0.16579658 -0.31042877 0.12467989
v 0.16635518 -0.30037761 0.12731817
v 0.16188358 -0.27185366 0.13251901
v 0.17494252 -0.28328621 0.15034561
v 0.16956021 -0.26803562 0.14767353
v 0.16616660 -0.24959433 0.14192459
v 0.15887319 -0.24809845 0.13078520
v 0.17329200 -0.25025198 0.15431149
v 0.17576137 -0.26554987 0.16359931
v 0.17371982 -0.22797054 0.17004372
v 0.17562985 -0.24826117 0.17605112
v 0.18077621 -0.26697856 0.18035144
v 0.17298003 -0.25426751 0.18604456
v 0.17108881 -0.26049429 0.20275083
v 0.18395327 -0.27638757 0.19488950
v 0.15689383 -0.23318085 0.12521698
v 0.16750352 -0.21754429 0.13849859
v 0.15706632 -0.18988472 0.11175288
v 0.16399668 -0.18820260 0.12380943
v 0.15832031 -0.17139821 0.10875642
v 0.15566331 -0.16771238 0.10588276
v 0.15924846 -0.15988050 0.10863186
v 0.15601890 -0.12382200 0.10526522
v 0.16733609 -0.11957922 0.11778775
v 0.17167711 -0.11140274 0.12353095
v 0.15885945 -0.09858258 0.10649176
v 0.16941319 -0.14329071 0.12324181
v 0.17166910 -0.21951567 0.14763314
v 0.16630843 -0.33384249 0.12587182
v 0.18461855 -0.33319566 0.16266966
v 0.17975928 -0.27581266 0.16609514
v 0.20316656 -0.30543286 0.19810200
v 0.17299718 -0.07479393 0.11911049
v 0.16258499 -0.07481895 0.10632375
v 0.16917643 -0.06261895 0.11014929
v 0.17872947 -0.09725928 0.13691422
v 0.17931072 -0.06113699 0.13184334
v 0.17936498 -0.09071732 0.14954346
v 0.17710985 -0.07973199 0.15381077
v 0.17397237 -0.06150795 0.15646873
v 0.17478514 -0.04458590 0.13790625
v 0.17907423 -0.12239160 0.15795422
v 0.17584197 -0.04184503 0.11616867
v 0.19912931 -0.33289251 0.19579640
v 0.20684977 -0.33285278 0.21508716
v 0.22358534 -0.30689806 0.24723151
v 0.16867660 -0.17305276 0.13009182
v 0.17402561 -0.19918959 0.16465297
v 0.23734057 -0.29257575 0.33550259
v 0.23280886 -0.33061340 0.28901190
v 0.23677123 -0.32555911 0.30538014
v 0.17154834 -0.03667897 0.10719815
v 0.15517409 -0.04077855 0.08543456
v 0.16351278 -0.03229316 0.09571471
v 0.15433736 -0.01766582 0.09475048
v 0.15369029 -0.02125130 0.08425187
v 0.15279606 -0.02357055 0.07916861
v 0.15285119 -0.03087737 0.07783692
v 0.14993779 -0.01377038 0.06354608
v 0.14965570 -0.02314402 0.05242238
v 0.14734353 -0.00717817 0.05099527
v 0.14696465 -0.00179399 0.03004329
v 0.14139919 0.01737687 0.04993948
v 0.13666703 0.02945979 0.02870305
v 0.14072759 0.01217484 0.01000881
v 0.12536298 0.04572417 0.00229834
v 0.12450397 0.06510848 0.04145278
v 0.14397897 -0.00100134 -0.01837794
v 0.13659316 0.03742982 0.05351311
v 0.14240426 0.02146073 0.06044044
v 0.13944101 0.03642005 0.07427111
v 0.14719298 0.02288480 0.08901495
v 0.13169754 0.05343990 0.07882108
v 0.14081608 0.03329563 0.09863583
v 0.14787409 0.01198524 0.10415591
v 0.14947861 0.00242762 0.09978032
v 0.13005248 0.05137769 0.09363540
v 0.12493068 0.05048081 0.11179602
v 0.14081633 0.02054820 0.11608900
v 0.14537551 0.01342798 0.11245164
v 0.11920407 0.06414592 0.10545873
v 0.11653070 0.05721669 0.11867515
v 0.10608006 0.07126302 0.13118820
v 0.11109692 0.07938217 0.10732562
v 0.10733895 0.05796507 0.13803479
v 0.10253970 0.07611337 0.13704106
v 0.11407771 0.02908342 0.13816725
v 0.10812938 0.03350927 0.14917354
v 0.11209842 0.01594417 0.14644673
v 0.10844511 -0.00039698 0.15573773
v 0.10344352 0.02358721 0.16723619
v 0.10296508 -0.01027224 0.16796561
v 0.10448840 -0.01786789 0.16617712
v 0.10014241 -0.03292050 0.17594115
v 0.09895882 -0.01933965 0.17833483
v 0.09822071 -0.02944007 0.17988893
v 0.09604704 -0.01370123 0.18300776
v 0.09938895 0.00756162 0.18330599
v 0.09945814 0.02300521 0.18789962
v 0.10115516 0.04190479 0.17801338
v 0.10106192 0.04807200 0.18716429
v 0.10080442 0.07061785 0.18729953
v 0.10319974 0.05211229 0.20026433
v 0.10154797 0.03962417 0.20125934
v 0.10535279 0.06930419 0.20745064
v 0.09867057 0.09605079 0.18946253
v 0.09827280 0.08380169 0.17639689
v 0.10284881 0.09742974 0.20703603
v 0.10252574 0.12307611 0.21700938
v 0.10877351 0.09700443 0.22732823
v 0.09265522 0.14094341 0.19704016
v 0.10832824 0.13402575 0.24604596
v 0.09546998 0.14673254 0.21377654
v 0.10395307 0.15276797 0.25165778
v 0.11437960 0.14258216 0.27243307
v 0.10782342 0.15961573 0.27546930
v 0.09208030 0.18791899 0.27378115
v 0.09938672 0.18359977 0.29112098
v 0.08849221 0.20081393 0.28992972
v 0.09316508 0.20264857 0.31206846
v 0.10462058 0.18089522 0.31910574
v 0.09779013 0.20268416 0.32879925
v 0.08649096 0.22154737 0.32751203
v 0.09397106 0.22325023 0.34606871
v 0.10131886 0.20754416 0.34306157
v 0.10631372 0.18252735 0.33413398
v 0.11099658 0.16044851 0.29083645
v 0.09316085 0.17346090 0.25295523
v 0.10735287 0.17390729 0.32798570
v 0.09145883 0.16140351 0.22850895
v 0.11240897 0.13011718 0.25697026
v 0.10317087 0.20542279 0.34787661
v 0.09280549 0.12092759 0.18355779
v 0.08790434 0.13501416 0.17979722
v 0.08532054 0.12674126 0.16137664
v 0.10990237 0.11128366 0.24161302
v 0.10778761 0.07517981 0.21460441
v 0.11582523 0.13325678 0.26675788
v 0.11446793 0.13063405 0.26107380
v 0.11962056 0.13802478 0.28068510
v 0.09286941 0.10352925 0.16684206
v 0.09945077 0.03196478 0.19897969
v 0.10053299 0.06346550 0.17304294
v 0.10419309 0.17638993 0.33350736
v 0.10949988 0.17361735 0.34040672
v 0.10603174 0.17914061 0.34300539
v 0.11044868 0.17551026 0.35087615
v 0.10345344 0.18552163 0.34463269
v 0.11066021 0.18808851 0.34938636
v 0.11736811 0.17265671 0.35918108
v 0.12067046 0.16487557 0.34955132
v 0.12516865 0.15735975 0.35845020
v 0.11982726 0.15901846 0.37542626
v 0.12709509 0.15049146 0.36430058
v 0.12406778 0.15120727 0.37585589
v 0.13104278 0.14893106 0.35186893
v 0.12565166 0.15645981 0.34413350
v 0.10202519 0.19234945 0.34432226
v 0.10960995 0.20190829 0.35380003
v 0.11709643 0.18900111 0.35722810
v 0.11385787 0.16895184 0.33683661
v 0.11524685 0.16558565 0.33336326
v 0.10318592 0.18400583 0.33840576
v 0.10992801 0.16741888 0.31928062
v 0.10988624 0.12311719 0.24763849
v 0.10824143 0.11643960 0.24988748
v 0.10777047 0.12577306 0.26386338
v 0.10663414 0.11094686 0.26022419
v 0.11016513 0.07727749 0.21990256
v 0.11147738 0.09246586 0.22949427
v 0.10633404 0.07836109 0.22748899
v 0.10901769 0.06936081 0.22864018
v 0.10560483 0.07467153 0.23092730
v 0.10976214 0.06671714 0.23574713
v 0.10541082 0.08622118 0.23928714
v 0.11449672 0.07216116 0.21635994
v 0.11844895 0.14465021 0.28933069
v 0.11851767 0.14959620 0.30795190
v 0.11548708 0.06780701 0.21154523
v 0.09081693 0.10473498 0.15204270
v 0.09626786 0.08886146 0.15110813
v 0.09297293 0.09916002 0.13539439
v 0.08522440 0.11553133 0.14104563
v 0.10689798 0.11775151 0.27368909
v 0.10798400 0.12858120 0.27057448
v 0.10896411 0.12729435 0.27936801
v 0.10586360 0.10048437 0.25481257
v 0.10663133 0.10775743 0.26739660
v 0.11197532 0.10428442 0.27078074
v 0.11653818 0.13137883 0.28701264
v 0.09902327 0.07694205 0.16565765
v 0.13419460 0.14645974 0.33859670
v 0.12524174 0.15557280 0.33098027
v 0.13417774 0.14635137 0.32635841
v 0.12803783 0.14680859 0.32141620
v 0.12318948 0.15568909 0.32525343
v 0.11594307 0.16865861 0.34262621
v 0.08498272 0.11251674 0.12962152
v 0.09596624 0.09805224 0.11480455
v 0.09660540 0.09422094 0.12617561
v 0.10445144 0.04863739 0.15503109
v 0.12935990 0.05780216 0.05711797
v 0.12332907 0.06957977 0.07036215
v 0.12347663 0.06646395 0.08484962
v 0.10843976 0.08738679 0.08923452
v 0.11833025 0.06113929 -0.00106925
v 0.14669947 -0.00450717 0.00125595
v 0.15083420 -0.01891003 -0.00188767
v 0.14903942 -0.01736526 -0.03234466
v 0.14651030 -0.00869221 -0.03036243
v 0.15459846 -0.01490399 -0.03858051
v 0.14566253 0.00941156 -0.04221566
v 0.17026789 -0.00432980 -0.07011228
v 0.14553790 0.01968960 -0.05049262
v 0.13208213 0.03254299 -0.04007742
v 0.16821508 -0.01344451 -0.06074025
v 0.17787844 -0.01169910 -0.07700172
v 0.13445489 0.02141638 -0.03133092
v 0.11000780 0.07827660 0.01295291
v 0.11227714 0.08298241 0.04486469
v 0.15096463 -0.01681326 0.01953098
v 0.13184078 0.05039163 0.04831985
v 0.15337354 -0.01661796 0.10766072
v 0.14942780 0.00242542 0.08259902
v 0.21218981 -0.30802009 0.22009276
v 0.09543126 0.10173444 0.10126893
v 0.22541462 -0.33192116 0.26459515
v 0.17680405 -0.11939597 0.13845210
v 0.17816690 -0.14582318 0.16092820
v 0.11391740 0.15925351 0.31149551
v 0.24831975 -0.30314815 0.34925079
v 0.24689303 -0.31068391 0.35634431
v 0.24539830 -0.33055863 0.36672169
v 0.21951491 -0.33231184 0.24677169
v 0.17566389 -0.15008488 0.14698879
v 0.17128183 -0.03584117 0.11941210
v 0.10277168 0.21648787 0.35335952
v 0.10182816 0.21235141 0.35521296
v 0.10062709 0.22349404 0.36711383
v 0.10874265 0.21485896 0.36365065
v 0.10696629 0.22350515 0.37518463
v 0.09967580 0.22770928 0.37339005
v 0.10321826 0.22879389 0.38647223
v 0.11304604 0.21584310 0.37299657
v 0.10277577 0.22686172 0.36335546
v 0.17185357 -0.19672543 0.14878151
v 0.11806110 0.19931404 0.36347952
v 0.10154311 0.07039648 0.15023772
v 0.17532662 -0.17011401 0.15801117
v 0.11722754 0.11690432 0.27982578
v 0.14929794 -0.01211878 0.11777724
v 0.12692270 0.03814197 -0.01453775
v 0.11995047 0.04975038 -0.03064263
v 0.21396646 -0.33216020 0.23221332
v 0.10077666 0.23581564 0.37232095
v 0.10058507 0.23759542 0.38036838
v 0.12389512 0.04230264 -0.03579327
v 0.17514603 -0.17981093 0.16315873
v 0.11108895 0.08375699 0.24833596
v 0.12352388 0.12013578 0.29042974
v 0.14073600 0.00411906 0.12789902
v 0.14298965 -0.01351838 0.13156566
v 0.11305150 0.08291505 0.25708365
v 0.11345237 0.09817528 0.27173269
v 0.11253173 0.07909571 0.26803097
v 0.11221839 0.08912822 0.27682877
v 0.11361360 0.09234829 0.28360125
v 0.11125960 0.07218723 0.25945967
v 0.11786901 0.10537156 0.27862239
v 0.11945481 0.09922159 0.28821522
v 0.12277000 0.10759017 0.29138982
v 0.12637486 0.11502550 0.30695108
v 0.12537436 0.12167794 0.29660743
v 0.12486961 0.12728982 0.29194286
v 0.12822582 0.11843360 0.30964610
v 0.12349318 0.10767911 0.30516157
v 0.11899552 0.10158999 0.30274269
v 0.15836799 -0.02478338 0.12668054
v 0.24036516 -0.32005402 0.31296414
v 0.11125597 0.07319427 0.24647707
v 0.12150069 0.04425621 -0.05150414
v 0.11068406 0.10367402 0.23769334
v 0.10697503 0.06361161 0.25156856
v 0.10414994 0.06142217 0.25908989
v 0.10542860 0.05862774 0.25849524
v 0.11968294 0.15602380 0.32155582
v 0.12365811 0.14735550 0.31526554
v 0.10849027 0.06331920 0.24542585
v 0.10320599 0.19719811 0.34568468
v 0.12450397 0.06510848 0.04145278
v 0.12935990 0.05780216 0.05711797
v 0.13184078 0.05039163 0.04831985
v 0.12332907 0.06957977 0.07036215
v 0.11227714 0.08298241 0.04486469
v 0.14942780 0.00242542 0.08259902
v 0.14947861 0.00242762 0.09978032
v 0.15433736 -0.01766582 0.09475048
v 0.15337354 -0.01661796 0.10766072
v 0.14929794 -0.01211878 0.11777724
v 0.15836799 -0.02478338 0.12668054
v 0.09543126 0.10173444 0.10126893
v 0.09596624 0.09805224 0.11480455
v 0.11109692 0.07938217 0.10732562
v 0.09660540 0.09422094 0.12617561
v 0.08622046 0.11052260 0.11775571
v 0.09660540 0.09422094 0.12617561
v 0.09297293 0.09916002 0.13539439
v 0.10253970 0.07611337 0.13704106
v 0.09626786 0.08886146 0.15110813
v 0.10154311 0.07039648 0.15023772
v 0.11594307 0.16865861 0.34262621
v 0.12565166 0.15645981 0.34413350
v 0.11524685 0.16558565 0.33336326
v 0.12524174 0.15557280 0.33098027
v 0.11968294 0.15602380 0.32155582
v 0.17975928 -0.27581266 0.16609514
v 0.18077621 -0.26697856 0.18035144
v 0.18794101 -0.28051919 0.18344568
v 0.18395327 -0.27638757 0.19488950
v 0.11068406 0.10367402 0.23769334
v 0.10586360 0.10048437 0.25481257
v 0.10541082 0.08622118 0.23928714
v 0.11108895 0.08375699 0.24833596
v 0.10960995 0.20190829 0.35380003
v 0.10320599 0.19719811 0.34568468
v 0.10182816 0.21235141 0.35521296
v 0.10874265 0.21485896 0.36365065
v 0.11806110 0.19931404 0.36347952
v 0.10778761 0.07517981 0.21460441
v 0.11449672 0.07216116 0.21635994
v 0.11548708 0.06780701 0.21154523
v 0.12102089 0.06115999 0.21019103
v 0.23137158 -0.29150036 0.31538126
v 0.24589126 -0.29397050 0.31833100
v 0.24009825 -0.29593316 0.31405389
v 0.23531798 -0.28750688 0.32291067
v -0.08148550 0.08552574 0.43756756
v -0.07792300 0.08631556 0.43613198
v -0.07627649 0.07224403 0.44250062
v -0.08079507 0.06022868 0.44307303
v -0.08431183 0.08202171 0.44071069
v -0.08234335 0.09255376 0.43304324
v -0.08432271 0.05799180 0.44267857
v -0.08790383 0.07849412 0.44653943
v -0.08700712 0.09832994 0.43995562
v -0.08709259 0.05881330 0.44723552
v -0.07585960 0.09074272 0.43254420
v -0.08681852 0.09770955 0.44349644
v -0.08431183 0.08202171 0.44071069
v -0.08790383 0.07849412 0.44653943
vt 0.60325134 0.03336221
vt 0.60149384 0.02935374
vt 0.60325134 0.02296358
vt 0.16652021 0.70233971
vt 0.16564147 0.69442296
vt 0.16652019 0.68500865
vt 0.18409491 0.18414211
vt 0.18585238 0.18917340
vt 0.18409492 0.19107449
vt 0.76487482 0.52989602
vt 0.75966609 0.53076255
vt 0.76845342 0.53076255
vt 0.76581722 0.45436931
vt 0.76669598 0.44670713
vt 0.76669598 0.46490467
vt 0.26845342 0.98050261
vt 0.26757470 0.97856194
vt 0.26845342 0.97097051
vt 0.66265064 0.84848821
vt 0.64770162 0.84905654
vt 0.64893866 0.84062129
vt 0.65205276 0.87420797
vt 0.67326564 0.85353988
vt 0.67515010 0.86938363
vt 0.67659432 0.83831543
vt 0.66077840 0.82165086
vt 0.64721388 0.82269704
vt 0.64210832 0.86663234
vt 0.64125496 0.88433957
vt 0.71169597 0.85170025
vt 0.70819557 0.83375108
vt 0.71014404 0.87033582
vt 0.68238521 0.82615614
vt 0.70607799 0.82244074
vt 0.67779905 0.88521552
vt 0.70750344 0.88517880
vt 0.72967774 0.86972374
vt 0.72397727 0.88469076
vt 0.73761904 0.85615379
vt 0.73502851 0.84528434
vt 0.74176002 0.87372190
vt 0.73163068 0.83047533
vt 0.74395078 0.83488250
vt 0.71908718 0.82536286
vt 0.74918860 0.84287834
vt 0.75527239 0.85307920
vt 0.75421202 0.87171805
vt 0.74045873 0.88510203
vt 0.68899614 0.81997579
vt 0.64102060 0.82218820
vt 0.65904373 0.81310248
vt 0.67519540 0.81620508
vt 0.64584672 0.81558871
vt 0.63053262 0.81605023
vt 0.63570708 0.87577212
vt 0.62301397 0.88740855
vt 0.75028211 0.87916094
vt 0.74473459 0.88906294
vt 0.64096749 0.85247487
vt 0.62187839 0.80860078
vt 0.62179220 0.81116539
vt 0.64886612 0.81077105
vt 0.63904530 0.83034730
vt 0.64477259 0.83481616
vt 0.62369680 0.87983054
vt 0.63431263 0.87184733
vt 0.61332810 0.89001381
vt 0.62297916 0.89696735
vt 0.64175451 0.89198732
vt 0.72913796 0.89225578
vt 0.62290221 0.81949764
vt 0.64272362 0.84081697
vt 0.63676524 0.84384263
vt 0.62382364 0.85164803
vt 0.63573599 0.86066836
vt 0.61394137 0.85283732
vt 0.62187713 0.84403706
vt 0.61419600 0.85099256
vt 0.63684237 0.83821613
vt 0.61198282 0.89818025
vt 0.60901046 0.84342724
vt 0.62116629 0.83192724
vt 0.60868800 0.85138535
vt 0.64637953 0.89818025
vt 0.66360801 0.89717120
vt 0.68321460 0.89547873
vt 0.71042120 0.89412719
vt 0.62311018 0.86189336
vt 0.60927814 0.89121580
vt 0.70665109 0.82025349
vt 0.61811680 0.81835562
vt 0.61720634 0.82339662
vt 0.62600988 0.82727832
vt 0.61094153 0.88440812
vt 0.62653512 0.83239257
vt 0.62007296 0.82927155
vt 0.63372457 0.83354920
vt 0.62159461 0.80530649
vt 0.62964028 0.86727554
vt 0.61112201 0.87733561
vt 0.60678023 0.86015362
vt 0.60904539 0.86338359
vt 0.61487377 0.83473694
vt 0.60930085 0.83750117
vt 0.61437476 0.87446517
vt 0.61561853 0.86878711
vt 0.62488079 0.86856806
vt 0.61821288 0.87008852
vt 0.60666090 0.89460415
vt 0.61807948 0.80878115
vt 0.61966306 0.80217111
vt 0.60181212 0.80025995
vt 0.61075199 0.80770707
vt 0.61611813 0.81654650
vt 0.59253949 0.80969715
vt 0.59489065 0.80226195
vt 0.59595668 0.80598676
vt 0.57776803 0.80056334
vt 0.57784313 0.80288178
vt 0.83741558 0.95462549
vt 0.83665556 0.94318539
vt 0.79771996 0.94486010
vt 0.85784459 0.94213235
vt 0.82992721 0.93635482
vt 0.80918968 0.93666041
vt 0.79823899 0.93729615
vt 0.86368197 0.95440197
vt 0.80738300 0.95497614
vt 0.78852069 0.95380181
vt 0.88617665 0.93735063
vt 0.88824195 0.95487154
vt 0.89653248 0.93697745
vt 0.90599984 0.94707406
vt 0.77970511 0.93841058
vt 0.78720701 0.93659824
vt 0.90550053 0.93703139
vt 0.77800405 0.94977176
vt 0.90641475 0.95626760
vt 0.77665758 0.95653337
vt 0.86115491 0.93203211
vt 0.87075394 0.93897015
vt 0.79457974 0.95861107
vt 0.88344091 0.92565060
vt 0.89371663 0.92442757
vt 0.90457982 0.92331022
vt 0.78769296 0.93137002
vt 0.80450034 0.96766430
vt 0.78456634 0.96558392
vt 0.77548331 0.96460140
vt 0.84169519 0.96134126
vt 0.82170838 0.96923721
vt 0.86545217 0.96403337
vt 0.84074610 0.97115564
vt 0.86608094 0.97429180
vt 0.88536155 0.97619915
vt 0.89359897 0.97715414
vt 0.90639246 0.96803516
vt 0.90641475 0.97913212
vt 0.86864650 0.98434615
vt 0.88362563 0.99375588
vt 0.90553594 0.98450661
vt 0.86648268 0.98982418
vt 0.80240768 0.97993010
vt 0.77612728 0.97328097
vt 0.84853381 0.98586214
vt 0.82954568 0.98298800
vt 0.90504283 0.99121392
vt 0.89914697 0.99798173
vt 0.90418500 0.99956673
vt 0.25761524 0.85254049
vt 0.25821099 0.86663365
vt 0.27896231 0.86410892
vt 0.27716434 0.85439312
vt 0.24835977 0.86717057
vt 0.29433659 0.85410506
vt 0.30046958 0.86206913
vt 0.25644454 0.87648481
vt 0.29573992 0.87796986
vt 0.30839530 0.87216467
vt 0.25225094 0.88522446
vt 0.31678098 0.87986958
vt 0.31533808 0.85448021
vt 0.30338058 0.89453316
vt 0.27396658 0.89388686
vt 0.24945652 0.89986193
vt 0.24173883 0.89499944
vt 0.31150150 0.89896512
vt 0.29021600 0.90686882
vt 0.26440811 0.90596300
vt 0.26768625 0.91906995
vt 0.24917047 0.91496342
vt 0.24022011 0.90307069
vt 0.26899195 0.93364185
vt 0.28952676 0.91836542
vt 0.27750668 0.92635471
vt 0.28554031 0.92521375
vt 0.25645491 0.93370885
vt 0.24771896 0.92278248
vt 0.30102837 0.90308231
vt 0.24028753 0.88721329
vt 0.32153454 0.86348140
vt 0.32342747 0.85202116
vt 0.32719648 0.85768247
vt 0.32197243 0.87266940
vt 0.32629517 0.87849706
vt 0.32520556 0.88349771
vt 0.31620508 0.89124644
vt 0.24882266 0.85165858
vt 0.31063217 0.84306228
vt 0.29289001 0.84455800
vt 0.24012335 0.86949104
vt 0.23857646 0.90537477
vt 0.31465104 0.84486830
vt 0.32862791 0.85044217
vt 0.27553886 0.84511840
vt 0.25760466 0.84247226
vt 0.29552552 0.91166544
vt 0.24815251 0.93120480
vt 0.24838598 0.84062809
vt 0.28748298 0.83599055
vt 0.32520208 0.84754306
vt 0.30191946 0.83869565
vt 0.27510884 0.82960421
vt 0.25959429 0.82505965
vt 0.27742898 0.80812097
vt 0.27011517 0.80534512
vt 0.28304830 0.81781441
vt 0.25807369 0.80957711
vt 0.24942279 0.81890762
vt 0.28395790 0.80931318
vt 0.24560083 0.80783707
vt 0.24626274 0.83339119
vt 0.25379932 0.80480224
vt 0.24119356 0.81881845
vt 0.29392725 0.82940775
vt 0.28840402 0.82353473
vt 0.28043830 0.93006754
vt 0.31326908 0.89473140
vt 0.31017196 0.90434247
vt 0.28606999 0.81442493
vt 0.33084360 0.88395780
vt 0.28942460 0.92825240
vt 0.28729177 0.92965776
vt 0.28968075 0.93184912
vt 0.32181826 0.88968110
vt 0.32752517 0.88713056
vt 0.32559404 0.86539072
vt 0.29753637 0.81791884
vt 0.31380314 0.82615787
vt 0.30593884 0.81569290
vt 0.31596383 0.81639254
vt 0.31020468 0.81179225
vt 0.31662980 0.81219029
vt 0.32054508 0.82421505
vt 0.31598285 0.82880855
vt 0.32199994 0.82028192
vt 0.32787001 0.82379442
vt 0.32791400 0.82166654
vt 0.31035438 0.83799487
vt 0.32503557 0.87054908
vt 0.32940125 0.87676793
vt 0.29097649 0.81453592
vt 0.33084360 0.82150435
vt 0.30319482 0.91680187
vt 0.31094161 0.91242397
vt 0.31208280 0.91756064
vt 0.31952864 0.91366637
vt 0.31638065 0.91982192
vt 0.31681329 0.90876865
vt 0.31999660 0.92067695
vt 0.32140163 0.91762590
vt 0.32866588 0.91191381
vt 0.32252178 0.91074353
vt 0.31261188 0.92126685
vt 0.31421146 0.90858340
vt 0.31395346 0.90568352
vt 0.29548550 0.91860712
vt 0.28795677 0.80707222
vt 0.31319800 0.80977893
vt 0.32211211 0.80859023
vt 0.31357250 0.80273622
vt 0.31863791 0.79852688
vt 0.86618632 0.77216113
vt 0.85369885 0.77092999
vt 0.86591220 0.77960128
vt 0.86065292 0.73975962
vt 0.88184571 0.74588275
vt 0.87855893 0.72837627
vt 0.84860319 0.77806866
vt 0.83812785 0.75508213
vt 0.84118038 0.74132729
vt 0.85257626 0.72690588
vt 0.83427960 0.77417159
vt 0.83332270 0.78499162
vt 0.88878900 0.76554465
vt 0.89999557 0.73835248
vt 0.90225297 0.75406766
vt 0.90382373 0.76395720
vt 0.89893383 0.71713984
vt 0.89952040 0.77643877
vt 0.83940500 0.79165578
vt 0.83216780 0.79705864
vt 0.90810597 0.78444517
vt 0.85589892 0.78670126
vt 0.87055492 0.71019870
vt 0.85301280 0.71444714
vt 0.84207344 0.73125428
vt 0.86828780 0.79069865
vt 0.85633075 0.70387566
vt 0.86829114 0.70144373
vt 0.86712891 0.80121130
vt 0.89844924 0.70932585
vt 0.87411952 0.78374004
vt 0.89029425 0.78404945
vt 0.89179313 0.78945357
vt 0.89672261 0.79849970
vt 0.85148066 0.79641879
vt 0.83092833 0.80465907
vt 0.90831661 0.80013901
vt 0.91184068 0.79895741
vt 0.87981910 0.79527515
vt 0.89922482 0.80322403
vt 0.85676777 0.81403285
vt 0.91467363 0.76788884
vt 0.86786783 0.80927473
vt 0.91509449 0.74520260
vt 0.86766958 0.81847203
vt 0.85839760 0.82038677
vt 0.87780702 0.79095989
vt 0.91386223 0.79515219
vt 0.91431457 0.71953773
vt 0.91520208 0.73130280
vt 0.89208758 0.69589472
vt 0.91048044 0.81706160
vt 0.91329825 0.71033078
vt 0.84995788 0.80341762
vt 0.83084357 0.80682713
vt 0.87807345 0.79652709
vt 0.84596795 0.70275909
vt 0.87799507 0.68593282
vt 0.86672151 0.68500865
vt 0.85583454 0.69081300
vt 0.84869528 0.69569355
vt 0.84369856 0.71033233
vt 0.88994116 0.68719196
vt 0.90511417 0.82159597
vt 0.89077753 0.79456949
vt 0.89524961 0.80204266
vt 0.91227692 0.82738531
vt 0.90568620 0.69876993
vt 0.89764005 0.69246697
vt 0.89622468 0.80639565
vt 0.91478771 0.82146817
vt 0.90962380 0.80024397
vt 0.87448758 0.80979204
vt 0.86036628 0.82296866
vt 0.86727202 0.82235718
vt 0.85906816 0.82610977
vt 0.86437917 0.84092873
vt 0.87056673 0.85080111
vt 0.86653417 0.85872930
vt 0.86003381 0.84592497
vt 0.86173558 0.85570061
vt 0.86685461 0.86698443
vt 0.87013072 0.86269963
vt 0.87244135 0.84603786
vt 0.87394363 0.82882303
vt 0.87484670 0.82047731
vt 0.88889188 0.80292773
vt 0.91520208 0.83044136
vt 0.91391444 0.83196330
vt 0.87744206 0.82385725
vt 0.88104767 0.80413473
vt 0.87560576 0.83846283
vt 0.85343266 0.81301475
vt 0.84864199 0.80656409
vt 0.85655618 0.82335287
vt 0.68364590 0.37926060
vt 0.68756056 0.37061572
vt 0.67399144 0.36942017
vt 0.70772773 0.37018991
vt 0.71227479 0.38499194
vt 0.71434200 0.39637291
vt 0.68077171 0.38553202
vt 0.68274462 0.39383149
vt 0.66304159 0.37345314
vt 0.65802491 0.37742043
vt 0.66243726 0.39026546
vt 0.65430522 0.38376063
vt 0.65158170 0.38882822
vt 0.66208714 0.36826748
vt 0.71605963 0.36796278
vt 0.72523683 0.36503273
vt 0.73559541 0.38146734
vt 0.73551756 0.36470050
vt 0.74568230 0.38013422
vt 0.73761028 0.39655697
vt 0.74788529 0.39751202
vt 0.75878733 0.38899702
vt 0.75878084 0.39818025
vt 0.74728644 0.36420840
vt 0.75830400 0.37717956
vt 0.73807335 0.34836829
vt 0.74753737 0.34742510
vt 0.73748064 0.32994664
vt 0.74716479 0.31032598
vt 0.72784346 0.34038770
vt 0.72375619 0.31616926
vt 0.75264192 0.33663392
vt 0.75796604 0.36322153
vt 0.75769883 0.35308921
vt 0.75744742 0.34036493
vt 0.75633931 0.31292737
vt 0.71510178 0.35498524
vt 0.74666125 0.30929887
vt 0.73517543 0.30582553
vt 0.72583634 0.30817342
vt 0.73711354 0.30300057
vt 0.74715370 0.30528831
vt 0.74581468 0.29720658
vt 0.73616093 0.29797763
vt 0.74574727 0.28868979
vt 0.75362527 0.28319013
vt 0.74826288 0.27793968
vt 0.75581264 0.27701306
vt 0.70075917 0.36166918
vt 0.75380403 0.29816616
vt 0.72053248 0.32549995
vt 0.71270406 0.33825928
vt 0.71605992 0.33387256
vt 0.70542908 0.34571278
vt 0.69711518 0.35040349
vt 0.69356072 0.35092318
vt 0.68227804 0.35523379
vt 0.74375755 0.28095752
vt 0.75618565 0.28597939
vt 0.66752082 0.36068857
vt 0.67799658 0.36045742
vt 0.75387681 0.30795312
vt 0.73843187 0.28739995
vt 0.72923827 0.30215698
vt 0.73033959 0.29898930
vt 0.67204249 0.35276145
vt 0.75768214 0.30920982
vt 0.75644904 0.27512997
vt 0.68053341 0.34910834
vt 0.75878084 0.30725992
vt 0.83401197 0.50488329
vt 0.81814069 0.50693589
vt 0.82746845 0.50629157
vt 0.83154309 0.49211180
vt 0.81956941 0.48737955
vt 0.81258845 0.49318910
vt 0.82192701 0.47781032
vt 0.80764675 0.48131275
vt 0.80949295 0.46786731
vt 0.80171853 0.47281724
vt 0.83038384 0.48247707
vt 0.83019811 0.46883237
vt 0.81025892 0.45878571
vt 0.80077332 0.46877408
vt 0.82113141 0.44107515
vt 0.83765167 0.46050000
vt 0.80585283 0.45565844
vt 0.83409131 0.47675896
vt 0.83430618 0.43814158
vt 0.83101094 0.42740524
vt 0.83900511 0.45603317
vt 0.82286286 0.42961001
vt 0.79440528 0.46361893
vt 0.79197925 0.46272516
vt 0.79514915 0.45765197
vt 0.81388819 0.41481519
vt 0.81018209 0.43306875
vt 0.80296332 0.44457841
vt 0.80811822 0.41993445
vt 0.79331940 0.43375260
vt 0.79490429 0.41973865
vt 0.80412263 0.40556878
vt 0.79135776 0.46796799
vt 0.84357446 0.47853851
vt 0.79618335 0.40511262
vt 0.84705240 0.48670894
vt 0.83983976 0.50335079
vt 0.85193324 0.43136835
vt 0.84701765 0.44278157
vt 0.84332138 0.42294371
vt 0.85102230 0.41903877
vt 0.84833336 0.50112373
vt 0.82258338 0.52136636
vt 0.82655549 0.53302181
vt 0.83621949 0.51511443
vt 0.84001958 0.52881068
vt 0.83261323 0.53273731
vt 0.84212542 0.52930367
vt 0.79300296 0.47913527
vt 0.79210335 0.48555011
vt 0.79491007 0.49274731
vt 0.81125814 0.50690877
vt 0.80636150 0.49251133
vt 0.80182123 0.50470698
vt 0.80486023 0.50666660
vt 0.79530638 0.49977100
vt 0.84851688 0.55233812
vt 0.83790785 0.55316985
vt 0.83183324 0.55440944
vt 0.85030568 0.56195647
vt 0.83427608 0.56598252
vt 0.83511549 0.57801449
vt 0.83700293 0.59777653
vt 0.85193324 0.57479465
vt 0.84827751 0.60287386
vt 0.83813667 0.61640060
vt 0.84963220 0.61691743
vt 0.83780736 0.64081454
vt 0.84963512 0.63998300
vt 0.82078278 0.57974875
vt 0.81956857 0.60044718
vt 0.81883651 0.61634195
vt 0.81915516 0.64058089
vt 0.81958491 0.56364560
vt 0.81788719 0.55541325
vt 0.79042178 0.49381077
vt 0.81084299 0.63959724
vt 0.82636607 0.54406488
vt 0.81720906 0.54992425
vt 0.81841791 0.53767675
vt 0.80220783 0.53458649
vt 0.80466765 0.51922745
vt 0.87288117 0.05470926
vt 0.86768031 0.06123912
vt 0.86460245 0.05572498
vt 0.87485391 0.06491745
vt 0.86764050 0.07035524
vt 0.87002259 0.07737923
vt 0.86085093 0.07411170
vt 0.87686563 0.08238167
vt 0.88452059 0.07362199
vt 0.90554571 0.06431198
vt 0.88266170 0.04867738
vt 0.89523190 0.06500828
vt 0.86403126 0.06442136
vt 0.90364504 0.05665165
vt 0.88220668 0.04116184
vt 0.86979979 0.04118395
vt 0.86140704 0.04874283
vt 0.86122769 0.03265476
vt 0.85256559 0.07144755
vt 0.85508680 0.03981751
vt 0.84790200 0.02761430
vt 0.85488963 0.02622312
vt 0.84411919 0.01936406
vt 0.86116743 0.05517733
vt 0.88228822 0.02755427
vt 0.89503855 0.03829962
vt 0.90256441 0.05137116
vt 0.85333425 0.06164420
vt 0.85671455 0.01817954
vt 0.84849209 0.04826653
vt 0.87535363 0.09140217
vt 0.86366838 0.09183300
vt 0.85981113 0.08646232
vt 0.84789228 0.09296918
vt 0.83964485 0.08309942
vt 0.82265896 0.09491229
vt 0.81928772 0.08658463
vt 0.81536251 0.08875799
vt 0.81451178 0.09437132
vt 0.84987754 0.07805437
vt 0.86728871 0.01894683
vt 0.91133869 0.04810792
vt 0.89162976 0.09298837
vt 0.87979227 0.09192216
vt 0.90082258 0.03128982
vt 0.91822177 0.05303639
vt 0.83941013 0.05522245
vt 0.83789760 0.04443449
vt 0.83155614 0.05226815
vt 0.82910955 0.04500771
vt 0.82621294 0.05025917
vt 0.92135668 0.04012525
vt 0.88744009 0.02140033
vt 0.84782308 0.06941879
vt 0.84265912 0.06731063
vt 0.90762508 0.07103515
vt 0.90338969 0.09486896
vt 0.91358054 0.06667262
vt 0.90295625 0.02404195
vt 0.91892773 0.02682745
vt 0.92813557 0.03597921
vt 0.84478498 0.01343155
vt 0.83359146 0.06226891
vt 0.91495687 0.07565123
vt 0.83576185 0.09545422
vt 0.91648555 0.09919375
vt 0.92014229 0.05898505
vt 0.92926186 0.05286062
vt 0.82650673 0.05592781
vt 0.87953001 0.10095322
vt 0.81592751 0.10095322
vt 0.81266969 0.09360427
vt 0.82631284 0.04377007
vt 0.82428968 0.05053800
vt 0.82391381 0.04147190
vt 0.81909174 0.04297835
vt 0.81531435 0.05327648
vt 0.80900234 0.04243499
vt 0.79255587 0.05441427
vt 0.79348367 0.04518491
vt 0.77548331 0.05110109
vt 0.78260523 0.04667282
vt 0.67744720 0.92726892
vt 0.68693739 0.92406189
vt 0.68717343 0.93526542
vt 0.67785603 0.91861540
vt 0.71015483 0.94050127
vt 0.70090520 0.92454880
vt 0.71552157 0.92706996
vt 0.73372233 0.93128204
vt 0.72027761 0.94303328
vt 0.73012817 0.94539154
vt 0.67589951 0.93438596
vt 0.68709069 0.91927725
vt 0.70605338 0.91365862
vt 0.72587115 0.91673386
vt 0.73679119 0.91677690
vt 0.69070995 0.90945250
vt 0.73867035 0.92374521
vt 0.74441504 0.91884440
vt 0.68045759 0.90684575
vt 0.66880774 0.92036074
vt 0.74452287 0.92707539
vt 0.73902762 0.93401951
vt 0.66788548 0.93014878
vt 0.66598743 0.93840909
vt 0.65690213 0.93283373
vt 0.65798545 0.92415828
vt 0.65743029 0.94253111
vt 0.64810103 0.94453639
vt 0.73904544 0.94759595
vt 0.63799304 0.94629586
vt 0.64505082 0.93422407
vt 0.64418995 0.94908285
vt 0.74613893 0.93719220
vt 0.73121917 0.95412344
vt 0.64802569 0.92504513
vt 0.66438937 0.91015983
vt 0.65619850 0.91551644
vt 0.63029802 0.93496591
vt 0.62773359 0.94302344
vt 0.62170476 0.93913472
vt 0.63462597 0.92153352
vt 0.65911233 0.97320437
vt 0.65709519 0.96776688
vt 0.65662897 0.96330738
vt 0.66043389 0.97476655
vt 0.65463263 0.96177971
vt 0.66216254 0.98469329
vt 0.65290999 0.95614630
vt 0.67029256 0.96684986
vt 0.67235404 0.95464379
vt 0.68536270 0.97409993
vt 0.68719053 0.95598823
vt 0.68338358 0.98969775
vt 0.68423653 0.99436742
vt 0.69465047 0.95982289
vt 0.70244366 0.95582843
vt 0.70632809 0.96868825
vt 0.71875209 0.95979667
vt 0.69441760 0.97339547
vt 0.70422167 0.98285270
vt 0.69610089 0.99309713
vt 0.70503891 0.99263239
vt 0.72505844 0.96158516
vt 0.72233152 0.98152858
vt 0.71438873 0.98037976
vt 0.72155291 0.99234533
vt 0.73232692 0.99436742
vt 0.72906923 0.97773963
vt 0.67915142 0.94878274
vt 0.66805309 0.94222414
vt 0.64832222 0.95213276
vt 0.71014798 0.95016885
vt 0.73213673 0.96163839
vt 0.73646051 0.97785014
vt 0.74319512 0.98789513
vt 0.74270105 0.97377861
vt 0.75000000 0.98359782
vt 0.74165130 0.95888853
vt 0.08856127 0.94876122
vt 0.08505042 0.94670713
vt 0.08445755 0.95356810
vt 0.09534270 0.95300049
vt 0.09498525 0.95450604
vt 0.07952549 0.95172805
vt 0.08133747 0.95450604
vt 0.20268193 0.73064148
vt 0.20350711 0.73801577
vt 0.20006284 0.73499012
vt 0.20702884 0.73516381
vt 0.20686188 0.73033279
vt 0.19921143 0.74034363
vt 0.28158069 0.72705954
vt 0.29286337 0.72063333
vt 0.29643902 0.72713012
vt 0.28701386 0.74288863
vt 0.27548033 0.73277181
vt 0.30168694 0.73022062
vt 0.31771326 0.74984062
vt 0.28524193 0.72161615
vt 0.31267339 0.73259038
vt 0.31832483 0.72926426
vt 0.33455101 0.74855042
vt 0.29037461 0.74993831
vt 0.32373324 0.72515005
vt 0.33421978 0.73478770
vt 0.34118941 0.74713135
vt 0.34864461 0.74289858
vt 0.34841824 0.74800891
vt 0.35191938 0.75435066
vt 0.32868382 0.71924710
vt 0.33737332 0.75981081
vt 0.27476153 0.74399924
vt 0.26617292 0.73433512
vt 0.31970847 0.76332343
vt 0.30924949 0.75011843
vt 0.35544774 0.75850117
vt 0.30748042 0.76569635
vt 0.29464549 0.75862700
vt 0.29881880 0.77358299
vt 0.28874639 0.76512414
vt 0.27796853 0.77377123
vt 0.26753327 0.76175523
vt 0.26632985 0.77453351
vt 0.25752774 0.75676268
vt 0.24622725 0.76116699
vt 0.25701723 0.75046402
vt 0.24941729 0.74665666
vt 0.23574366 0.74547327
vt 0.24271461 0.77356231
vt 0.22749962 0.76157689
vt 0.22700557 0.77459216
vt 0.22580650 0.74693114
vt 0.21899599 0.77093554
vt 0.21809055 0.77588505
vt 0.21749167 0.76303548
vt 0.21459374 0.74403244
vt 0.20283809 0.75295901
vt 0.20520473 0.76320910
vt 0.26434997 0.78230095
vt 0.20250890 0.74209726
vt 0.25836930 0.73314434
vt 0.31890634 0.77462274
vt 0.34152395 0.77160943
vt 0.28065410 0.78298539
vt 0.24600686 0.78203094
vt 0.35614511 0.76993906
vt 0.35981384 0.76136023
vt 0.23631085 0.78962815
vt 0.24896462 0.79014319
vt 0.30259788 0.78050923
vt 0.24443598 0.74061686
vt 0.24710985 0.73655701
vt 0.26047543 0.79254097
vt 0.20590080 0.77953672
vt 0.36612082 0.77127302
vt 0.28372180 0.78893334
vt 0.27157941 0.79419410
vt 0.32956731 0.78201902
vt 0.31684986 0.78621173
vt 0.30097312 0.78906488
vt 0.37134045 0.76376253
vt 0.37695757 0.76967800
vt 0.37836912 0.77943051
vt 0.38659289 0.77206403
vt 0.38869634 0.78753161
vt 0.39814010 0.78302622
vt 0.38068533 0.79045510
vt 0.36897174 0.78461701
vt 0.35713339 0.77869767
vt 0.19551845 0.75745416
vt 0.34322530 0.78718930
vt 0.37145656 0.79298693
vt 0.25063583 0.72754753
vt 0.25281635 0.72624749
vt 0.36241916 0.79419410
vt 0.39418316 0.78801215
vt 0.21019430 0.74056321
vt 0.37575072 0.76343960
vt 0.38073415 0.76023763
vt 0.40465730 0.78064257
vt 0.22788717 0.73544103
vt 0.23523985 0.73222792
vt 0.24018572 0.72846198
vt 0.22621571 0.72352660
vt 0.22722343 0.71654695
vt 0.21909513 0.70657551
vt 0.22143240 0.70686764
vt 0.21823153 0.70293039
vt 0.22106582 0.70379537
vt 0.24452846 0.72441149
vt 0.26778489 0.72207409
vt 0.26653090 0.71481377
vt 0.25559014 0.70920622
vt 0.26141077 0.70755422
vt 0.25353053 0.70279562
vt 0.30566645 0.71600795
vt 0.31222174 0.71316677
vt 0.30105281 0.70717657
vt 0.29759428 0.69887346
vt 0.27835420 0.71773148
vt 0.22934315 0.71187586
vt 0.89411944 0.53537548
vt 0.90248716 0.53223336
vt 0.89410573 0.52210760
vt 0.90234244 0.52399498
vt 0.90544343 0.55589122
vt 0.89950973 0.55953580
vt 0.88313460 0.52216303
vt 0.88481760 0.53338200
vt 0.90756285 0.57552934
vt 0.87473577 0.51795048
vt 0.88683414 0.55303037
vt 0.89826107 0.57328957
vt 0.88156950 0.54068971
vt 0.89126056 0.50890547
vt 0.88102388 0.50734669
vt 0.89406413 0.58369464
vt 0.89335006 0.59500992
vt 0.90795535 0.59396535
vt 0.89928341 0.61249137
vt 0.89175242 0.60699540
vt 0.89091659 0.61414218
vt 0.87478513 0.53143096
vt 0.87826818 0.59979022
vt 0.88654059 0.58307201
vt 0.88189971 0.60694337
vt 0.88149029 0.55293107
vt 0.87371790 0.50664812
vt 0.90200990 0.51062936
vt 0.90733588 0.60605913
vt 0.90647203 0.61777037
vt 0.88049799 0.57967037
vt 0.89688957 0.61954933
vt 0.87578255 0.55397558
vt 0.90510011 0.62439269
vt 0.89984196 0.50105536
vt 0.88862461 0.49794865
vt 0.87399936 0.60437572
vt 0.86799109 0.59614074
vt 0.86756545 0.60151303
vt 0.86534816 0.51085287
vt 0.87290084 0.56842542
vt 0.87082928 0.58137554
vt 0.86651373 0.52079391
vt 0.87383473 0.49899077
vt 0.86412102 0.50224495
vt 0.89621353 0.49349940
vt 0.85349709 0.50301653
vt 0.86206347 0.57964945
vt 0.86517996 0.56430596
vt 0.85884976 0.51845145
vt 0.86517525 0.53148121
vt 0.85563773 0.57227701
vt 0.85643828 0.58730775
vt 0.85060441 0.55207217
vt 0.86354864 0.55310738
vt 0.85284507 0.53888619
vt 0.85380429 0.49575007
vt 0.86940128 0.48252809
vt 0.85256821 0.48475397
vt 0.86926413 0.47060275
vt 0.86203724 0.47103345
vt 0.85326147 0.47838742
vt 0.88111603 0.47009510
vt 0.88404131 0.48288941
vt 0.85518670 0.47096843
vt 0.87217027 0.48602104
vt 0.89402246 0.48301947
vt 0.89255428 0.47140908
vt 0.85694838 0.60211205
vt 0.84666079 0.52995801
vt 0.91053480 0.49603659
vt 0.90807247 0.51113695
vt 0.91243631 0.48606491
vt 0.90550804 0.47034204
vt 0.89743602 0.46923745
vt 0.90400982 0.62722701
vt 0.91419983 0.47123206
vt 0.92107213 0.57683527
vt 0.91039073 0.55617428
vt 0.92105311 0.48637104
vt 0.91439182 0.51144034
vt 0.91938424 0.49677277
vt 0.92351085 0.52427977
vt 0.92195415 0.60440326
vt 0.92195052 0.53408104
vt 0.92707253 0.48574865
vt 0.92210209 0.56248498
vt 0.92525846 0.50962168
vt 0.92751181 0.49198627
vt 0.92153025 0.54498607
vt 0.92838311 0.47166646
vt 0.91598368 0.61941564
vt 0.91528612 0.63245779
vt 0.88219357 0.60802287
vt 0.92500240 0.62009138
vt 0.92280203 0.62558669
vt 0.92838311 0.63474870
vt 0.24060209 0.31809247
vt 0.25150383 0.32569087
vt 0.24043405 0.32516390
vt 0.26001230 0.32646775
vt 0.26664388 0.31867146
vt 0.25499004 0.30369461
vt 0.26973802 0.30415750
vt 0.27108616 0.31291640
vt 0.27949721 0.30441976
vt 0.23988369 0.30925524
vt 0.26205164 0.32670915
vt 0.26080459 0.29253054
vt 0.25070983 0.29433697
vt 0.23810035 0.30413342
vt 0.27177420 0.29697019
vt 0.28533489 0.29990888
vt 0.27083480 0.29072791
vt 0.28009176 0.29343891
vt 0.28778559 0.29453361
vt 0.23758350 0.31432337
vt 0.23137435 0.30995560
vt 0.23315838 0.31485450
vt 0.22412534 0.31265551
vt 0.22736354 0.32099628
vt 0.21726874 0.31846136
vt 0.23681061 0.32362354
vt 0.21830088 0.32413912
vt 0.21076991 0.32450449
vt 0.20688839 0.33268142
vt 0.19822164 0.33148420
vt 0.19972080 0.33539939
vt 0.22277971 0.32787526
vt 0.19463971 0.33665514
vt 0.23733246 0.32944167
vt 0.22340836 0.33206654
vt 0.21580778 0.33468312
vt 0.22648302 0.30451965
vt 0.25166562 0.33559281
vt 0.24110834 0.33128536
vt 0.26667002 0.33380902
vt 0.27197742 0.33665514
vt 0.21113202 0.33622104
vt 0.20287839 0.32453978
vt 0.21221390 0.31395823
vt 0.23159371 0.30397022
vt 0.22074457 0.30738688
vt 0.09108226 0.04256439
vt 0.07226924 0.03616589
vt 0.08212534 0.03447431
vt 0.08108231 0.05162948
vt 0.06594298 0.04479939
vt 0.07158362 0.05814636
vt 0.06620745 0.03515637
vt 0.05556188 0.05956078
vt 0.05721760 0.04411739
vt 0.04956349 0.05146372
vt 0.05820300 0.06614822
vt 0.07948735 0.05770057
vt 0.08947563 0.05300176
vt 0.04322897 0.06852162
vt 0.04136004 0.05806071
vt 0.07184011 0.06919473
vt 0.03982861 0.05042565
vt 0.05005996 0.04446757
vt 0.03434996 0.06730396
vt 0.01747875 0.04836315
vt 0.02710067 0.03983480
vt 0.04041516 0.04065317
vt 0.04830283 0.03510046
vt 0.03573974 0.03421384
vt 0.04120013 0.03406930
vt 0.01704531 0.05873382
vt 0.00852079 0.05031580
vt 0.00417070 0.05632973
vt 0.01126283 0.04570442
vt 0.09700689 0.04664952
vt 0.08728585 0.07155704
vt 0.01137112 0.04254824
vt 0.08925912 0.06009221
vt 0.06154222 0.03260863
vt 0.03039148 0.03243297
vt 0.10036840 0.07448518
vt 0.10225261 0.06152147
vt 0.10366686 0.05673951
vt 0.04726950 0.03246379
vt 0.04834190 0.03166384
vt 0.05205411 0.02767950
vt 0.11382389 0.07738578
vt 0.11596953 0.06028426
vt 0.11712740 0.04452813
vt 0.13097267 0.04826766
vt 0.12043410 0.04227430
vt 0.12393942 0.06654143
vt 0.10370722 0.04748136
vt 0.01492103 0.06636250
vt 0.05697938 0.02728814
vt 0.12309890 0.04054743
vt 0.05799222 0.07567382
vt 0.07269507 0.07648790
vt 0.08394255 0.07805812
vt 0.02741650 0.03044099
vt 0.01440034 0.03302300
vt 0.12394048 0.08021307
vt 0.11519814 0.04541862
vt 0.12953752 0.04312807
vt 0.00179409 0.06394947
vt 0.10029456 0.08190197
vt 0.08923244 0.07982206
vt 0.11659338 0.08503455
vt 0.02358779 0.02703184
vt 0.00961548 0.03949565
vt 0.00043937 0.05870456
vt 0.08808125 0.03649443
vt 0.13416640 0.07016134
vt 0.13764992 0.05256367
vt 0.13755818 0.04657465
vt 0.08651752 0.03100657
vt 0.14330249 0.08415449
vt 0.14645341 0.06502783
vt 0.12689598 0.08851349
vt 0.14380090 0.03476411
vt 0.13329218 0.03494960
vt 0.15063122 0.06026894
vt 0.16037300 0.08302283
vt 0.17828624 0.08309728
vt 0.17589511 0.08924723
vt 0.19013435 0.08596295
vt 0.18657735 0.07428235
vt 0.21046160 0.07724959
vt 0.21193059 0.08641440
vt 0.20436917 0.05668712
vt 0.19293635 0.06519687
vt 0.19311427 0.06313443
vt 0.19116119 0.06426823
vt 0.19731188 0.05249822
vt 0.18342403 0.05208266
vt 0.18668933 0.06583357
vt 0.18402000 0.04101825
vt 0.22242139 0.08712494
vt 0.19373040 0.03751838
vt 0.18640023 0.03840417
vt 0.19168006 0.03210264
vt 0.17876868 0.07535821
vt 0.16344027 0.07046962
vt 0.20568386 0.04489535
vt 0.17355773 0.04497886
vt 0.22471090 0.07377189
vt 0.23548581 0.07479233
vt 0.23558457 0.08910590
vt 0.24948874 0.06433529
vt 0.25613657 0.05273122
vt 0.23544067 0.05127406
vt 0.23387608 0.06500888
vt 0.24931228 0.04909945
vt 0.25711814 0.04483414
vt 0.26058286 0.04139543
vt 0.26865754 0.05311483
vt 0.27281004 0.04922986
vt 0.27544606 0.05567020
vt 0.27956638 0.06820488
vt 0.25963238 0.06999528
vt 0.26057929 0.07801062
vt 0.27722406 0.08349544
vt 0.24715288 0.09418947
vt 0.27789351 0.09522671
vt 0.25147367 0.10200727
vt 0.28959662 0.08966494
vt 0.29561397 0.09515393
vt 0.29324561 0.06449831
vt 0.28610247 0.06231159
vt 0.30249691 0.08170062
vt 0.31327933 0.08778191
vt 0.31693995 0.07613701
vt 0.30919349 0.06948441
vt 0.33597967 0.08076566
vt 0.21263014 0.05580562
vt 0.22209311 0.04623115
vt 0.34012282 0.06342250
vt 0.32154202 0.06240427
vt 0.35000613 0.06768453
vt 0.36389244 0.08608162
vt 0.19884034 0.03337640
vt 0.33194691 0.05712986
vt 0.30084425 0.06270087
vt 0.21494891 0.03968394
vt 0.20665513 0.03348976
vt 0.21189128 0.03440583
vt 0.32903272 0.09267092
vt 0.36357805 0.09765303
vt 0.23165686 0.10110325
vt 0.27080736 0.10627210
vt 0.29174829 0.10301805
vt 0.31271085 0.10226315
vt 0.30702272 0.06068075
vt 0.36385673 0.06624478
vt 0.37508395 0.09591967
vt 0.32524255 0.05562186
vt 0.18855694 0.09370351
vt 0.14514242 0.04684514
vt 0.31296715 0.05427754
vt 0.21376568 0.09563887
vt 0.38110736 0.07498521
vt 0.38307190 0.06413901
vt 0.37151262 0.06160241
vt 0.32913858 0.10537732
vt 0.39546186 0.09092712
vt 0.40320987 0.06905800
vt 0.14934142 0.09575623
vt 0.37641102 0.05756652
vt 0.39159912 0.05822366
vt 0.39647162 0.06626183
vt 0.24763280 0.11675954
vt 0.17647766 0.10240674
vt 0.36271420 0.10607225
vt 0.16820347 0.06027019
vt 0.15432145 0.03917217
vt 0.15102303 0.03391153
vt 0.38896209 0.11104739
vt 0.40413484 0.07239199
vt 0.41480762 0.07011831
vt 0.42066401 0.09204853
vt 0.42505050 0.06886917
vt 0.44086954 0.08293396
vt 0.44591218 0.08852828
vt 0.43566301 0.06862432
vt 0.43096805 0.06517303
vt 0.43645483 0.05983853
vt 0.45043012 0.07198483
vt 0.44938445 0.06009048
vt 0.16165671 0.10190356
vt 0.39897838 0.10229945
vt 0.21419525 0.10808015
vt 0.20103784 0.10819972
vt 0.15435621 0.05211228
vt 0.16806157 0.04591197
vt 0.16017230 0.04365420
vt 0.46791744 0.06653076
vt 0.46939602 0.07860661
vt 0.21315874 0.11638176
vt 0.24603768 0.12763977
vt 0.25694582 0.12846470
vt 0.27918944 0.11147511
vt 0.24319981 0.14059722
vt 0.25158527 0.14030313
vt 0.25148347 0.15068156
vt 0.24315116 0.17095345
vt 0.22286138 0.13229072
vt 0.27063513 0.14985931
vt 0.28073141 0.14202631
vt 0.28653157 0.13690472
vt 0.26546025 0.16104662
vt 0.24923953 0.16613746
vt 0.31133699 0.11885953
vt 0.33138916 0.11500752
vt 0.20142920 0.12750775
vt 0.17222080 0.11355734
vt 0.23460013 0.14976615
vt 0.22684725 0.13790411
vt 0.45924950 0.09029454
vt 0.15807073 0.11740327
vt 0.20741814 0.14448714
vt 0.21912345 0.14864987
vt 0.14839543 0.11361802
vt 0.13411500 0.10226220
vt 0.19285610 0.13394558
vt 0.16997331 0.12239844
vt 0.41374603 0.10562992
vt 0.44264400 0.09893101
vt 0.48697248 0.08247882
vt 0.33785400 0.12171662
vt 0.30678594 0.13157272
vt 0.36907399 0.11820865
vt 0.48655629 0.07656896
vt 0.50216687 0.07757038
vt 0.47639698 0.05911225
vt 0.32887250 0.05338830
vt 0.32989064 0.04953980
vt 0.23024493 0.15652537
vt 0.27961317 0.15502679
vt 0.50686365 0.07243556
vt 0.52577645 0.06932789
vt 0.50308251 0.06431603
vt 0.49679008 0.05767006
vt 0.51239616 0.05589849
vt 0.16804555 0.13335925
vt 0.19272283 0.14386564
vt 0.53176802 0.06362724
vt 0.53309470 0.05381984
vt 0.14595550 0.12731886
vt 0.54678792 0.06168467
vt 0.15567327 0.13612121
vt 0.34034741 0.12800932
vt 0.37242410 0.12583238
vt 0.13187020 0.11524117
vt 0.47402403 0.09096724
vt 0.12320902 0.09842908
vt 0.16534229 0.14972973
vt 0.17665248 0.14801687
vt 0.54751480 0.05321473
vt 0.09677333 0.03836143
vt 0.10295842 0.03084552
vt 0.09781295 0.02924973
vt 0.11150402 0.03228599
vt 0.14370172 0.14808428
vt 0.14600557 0.15625763
vt 0.13137953 0.16273344
vt 0.12807007 0.03528190
vt 0.20183034 0.15271473
vt 0.21028215 0.15023452
vt 0.06954457 0.02666080
vt 0.10409916 0.02239990
vt 0.10841004 0.01881421
vt 0.10183007 0.02038389
vt 0.22054136 0.16073030
vt 0.23477904 0.16770482
vt 0.56634444 0.05389857
vt 0.52852058 0.07422942
vt 0.21113943 0.15718108
vt 0.21452080 0.16473222
vt 0.07135687 0.01422441
vt 0.07397550 0.01853424
vt 0.55439991 0.06238949
vt 0.29600915 0.14813304
vt 0.16811003 0.15413189
vt 0.14199047 0.16346467
vt 0.12655137 0.16794592
vt 0.12167944 0.15739143
vt 0.11809871 0.16613585
vt 0.12202755 0.17396808
vt 0.11489684 0.18238807
vt 0.11708522 0.18211424
vt 0.11423275 0.19086671
vt 0.31305948 0.14275807
vt 0.24305397 0.03651857
vt 0.41073459 0.11479026
vt 0.39687330 0.12614095
vt 0.16550334 0.16491944
vt 0.22962676 0.02928078
vt 0.23633169 0.02347803
vt 0.22661197 0.01111954
vt 0.19221745 0.16774064
vt 0.07435062 0.01068252
vt 0.07323489 0.00926924
vt 0.07512044 0.00891423
vt 0.48298657 0.09638059
vt 0.50646532 0.08760327
vt 0.34908652 0.13766176
vt 0.37691122 0.13619304
vt 0.14203027 0.17127138
vt 0.16499035 0.03766906
vt 0.27652943 0.17559558
vt 0.26413733 0.17931318
vt 0.25577936 0.18101007
vt 0.32548323 0.05121791
vt 0.10899948 0.01198840
vt 0.18212475 0.16591728
vt 0.24815208 0.17825973
vt 0.30490929 0.15919495
vt 0.20466894 0.16768211
vt 0.11119885 0.16415203
vt 0.11214127 0.15342188
vt 0.29136410 0.04172617
vt 0.29333681 0.02773404
vt 0.28673664 0.02473313
vt 0.29387131 0.01617807
vt 0.29277280 0.00785786
vt 0.29503307 0.01083493
vt 0.29735059 0.00790775
vt 0.29483205 0.00495982
vt 0.17011176 0.02440506
vt 0.18020926 0.02859706
vt 0.17444243 0.01514393
vt 0.17033540 0.00497198
vt 0.17365952 0.00671995
vt 0.17134625 0.00043327
vt 0.03612423 0.02363795
vt 0.30389988 0.04325926
vt 0.23599257 0.01608193
vt 0.40565726 0.05657142
vt 0.41472077 0.05670029
vt 0.42407778 0.03240752
vt 0.42414260 0.06409752
vt 0.42595991 0.04155874
vt 0.42217678 0.05392653
vt 0.42722765 0.02780533
vt 0.19347651 0.17668056
vt 0.16806020 0.17577040
vt 0.14488000 0.17672896
vt 0.30078244 0.02662301
vt 0.12776309 0.18161666
vt 0.27954638 0.04667294
vt 0.27979034 0.04024720
vt 0.11200090 0.02097136
vt 0.10533623 0.19107449
vt 0.31867421 0.04689378
vt 0.32478958 0.04755384
vt 0.06764403 0.01893103
vt 0.03690905 0.01578784
vt 0.03755974 0.02209866
vt 0.03979454 0.01806641
vt 0.04102368 0.01578194
vt 0.09410930 0.02711910
vt 0.22946936 0.00917435
vt 0.22715753 0.00694048
vt 0.11069769 0.17950743
vt 0.35167408 0.05914581
vt 0.35573328 0.04432726
vt 0.34171009 0.04778725
vt 0.34881821 0.03715575
vt 0.35896292 0.02766037
vt 0.36252123 0.03321356
vt 0.36476579 0.04330736
vt 0.36301297 0.02137715
vt 0.35787800 0.02179319
vt 0.36647692 0.03494704
vt 0.25136942 0.02849203
vt 0.24456227 0.02269816
vt 0.42895362 0.05091023
vt 0.10190023 0.01598388
vt 0.10755827 0.00805652
vt 0.10995100 0.00726956
vt 0.03227475 0.01794457
vt 0.03686821 0.01178002
vt 0.03885773 0.01141733
vt 0.03811744 0.00792235
vt 0.25356600 0.18810588
vt 0.26276508 0.19107449
vt 0.12420382 0.03580189
vt 0.11659376 0.03162771
vt 0.36345029 0.01875132
vt 0.36572355 0.02077335
vt 0.03548770 0.00893033
vt 0.43173057 0.04146498
vt 0.33365366 0.04888147
vt 0.02557651 0.02388173
vt 0.07589509 0.01418912
vt 0.27145869 0.04249978
vt 0.11322857 0.01759076
vt 0.03947194 0.00749248
vt 0.06914296 0.01359749
vt 0.11920521 0.02848661
vt 0.03092380 0.01576620
vt 0.06044441 0.02348900
vt 0.26257250 0.03895497
vt 0.35117310 0.02735603
vt 0.33767134 0.03928900
vt 0.03742302 0.00640464
vt 0.08501977 0.03167242
vt 0.33031264 0.04532415
vt 0.09073091 0.02771956
vt 0.30762100 0.02592129
vt 0.18248534 0.01839268
vt 0.07735819 0.01864344
vt 0.07716983 0.02610612
vt 0.43513653 0.05340099
vt 0.05052563 0.02676082
vt 0.17501758 0.00422984
vt 0.08358643 0.02904510
vt 0.32835957 0.04797763
vt 0.04303950 0.01237857
vt 0.07781839 0.03550124
vt 0.32598379 0.04844189
vt 0.76866090 0.08358026
vt 0.78313541 0.09531772
vt 0.76057971 0.09831280
vt 0.78079295 0.08184880
vt 0.76082414 0.10810596
vt 0.75996506 0.08200449
vt 0.77228749 0.06226087
vt 0.77872825 0.06968361
vt 0.77294910 0.04935032
vt 0.76418561 0.04589939
vt 0.75619954 0.06455916
vt 0.76847786 0.03684396
vt 0.78514940 0.10645795
vt 0.74944019 0.04638141
vt 0.75573021 0.03433269
vt 0.74181587 0.03489065
vt 0.76580250 0.02082860
vt 0.77031493 0.03655481
vt 0.74957949 0.02768677
vt 0.77530169 0.04497969
vt 0.74137950 0.06269395
vt 0.73339838 0.04312283
vt 0.74731952 0.10927880
vt 0.73171198 0.08392692
vt 0.72783166 0.06838852
vt 0.73083681 0.05424821
vt 0.72472751 0.08007360
vt 0.73556256 0.03296989
vt 0.72550946 0.09650314
vt 0.72209471 0.08710736
vt 0.73170191 0.11329508
vt 0.71269965 0.11909372
vt 0.73940217 0.02696031
vt 0.74844998 0.01699066
vt 0.70187241 0.11713785
vt 0.71681720 0.09245002
vt 0.70368552 0.12239325
vt 0.68141389 0.13027656
vt 0.67859787 0.12367499
vt 0.68940973 0.10863209
vt 0.67200673 0.13438720
vt 0.65941453 0.13265532
vt 0.66713053 0.14144713
vt 0.67693263 0.14033473
vt 0.68166137 0.14682508
vt 0.66309589 0.14742321
vt 0.66117650 0.14490902
vt 0.67521632 0.15916747
vt 0.68232280 0.14455789
vt 0.68697113 0.15710419
vt 0.66456294 0.15647769
vt 0.69738203 0.10546672
vt 0.70944989 0.09815389
vt 0.67774129 0.16297668
vt 0.68820411 0.16370827
vt 0.67158347 0.11572188
vt 0.66116840 0.11831373
vt 0.72479761 0.03408062
vt 0.68851346 0.14626789
vt 0.72484797 0.02544576
vt 0.66982985 0.17299026
vt 0.69321239 0.15989029
vt 0.68196380 0.17792273
vt 0.67607534 0.18865508
vt 0.68745869 0.18198502
vt 0.64941847 0.11899024
vt 0.71777904 0.05028504
vt 0.64287060 0.12520045
vt 0.71332693 0.03583032
vt 0.71475661 0.03116971
vt 0.64347106 0.14610457
vt 0.64879900 0.16324443
vt 0.69051075 0.17786932
vt 0.71041179 0.05509609
vt 0.71657300 0.06979442
vt 0.64198679 0.17324477
vt 0.64106679 0.11928135
vt 0.66293204 0.20861113
vt 0.68046099 0.19656205
vt 0.65296948 0.20242435
vt 0.68863910 0.19581151
vt 0.69619983 0.18975055
vt 0.68566900 0.20518440
vt 0.68880963 0.21453983
vt 0.70132363 0.21267146
vt 0.69838530 0.20545477
vt 0.70139748 0.22465301
vt 0.69129837 0.22464824
vt 0.71558410 0.21983862
vt 0.71580613 0.22710663
vt 0.71687061 0.21159124
vt 0.71055293 0.20429105
vt 0.70695382 0.03853774
vt 0.67423224 0.22634196
vt 0.65619451 0.22653717
vt 0.72592366 0.21438891
vt 0.72795308 0.22895122
vt 0.73040998 0.21358722
vt 0.74340391 0.22716516
vt 0.74394917 0.21046901
vt 0.75524771 0.20910209
vt 0.75593293 0.22552180
vt 0.75821948 0.22457296
vt 0.75782591 0.21353811
vt 0.70536429 0.03362489
vt 0.70094204 0.08095932
vt 0.65790397 0.23233086
vt 0.64388859 0.24402070
vt 0.65282756 0.24856222
vt 0.66076738 0.24785489
vt 0.64523900 0.24913347
vt 0.66814196 0.23338819
vt 0.67718351 0.23840380
vt 0.68198937 0.24856222
vt 0.68402278 0.24204999
vt 0.70457375 0.07126254
vt 0.70056057 0.08894145
vt 0.69379234 0.09554529
vt 0.64103693 0.19239098
vt 0.64126325 0.21069300
vt 0.64109570 0.22818071
vt 0.69218463 0.24792099
vt 0.70396578 0.19953263
vt 0.75734270 0.20587778
vt 0.75881475 0.20885992
vt 0.71718436 0.01516467
vt 0.70602632 0.24520189
vt 0.67979485 0.11198121
vt 0.69415754 0.08032894
vt 0.76214087 0.21380079
vt 0.76082665 0.21955621
vt 0.72545940 0.24241292
vt 0.73637199 0.24128985
vt 0.68335873 0.09793955
vt 0.68772930 0.08305943
vt 0.69018155 0.07636541
vt 0.74849504 0.23915851
vt 0.75602317 0.23703700
vt 0.71975166 0.20183015
vt 0.75845623 0.22889102
vt 0.66215980 0.10287541
vt 0.75812984 0.23628014
vt 0.64663678 0.10986763
vt 0.66869074 0.09883189
vt 0.69501805 0.04104507
vt 0.70011151 0.04853171
vt 0.72165757 0.20912254
vt 0.67919517 0.08800685
vt 0.73577291 0.01756316
vt 0.73755205 0.01617754
vt 0.73148370 0.19893527
vt 0.75217289 0.20211184
vt 0.74175125 0.20063436
vt 0.14795022 0.81051314
vt 0.12845270 0.80250734
vt 0.14719431 0.80172426
vt 0.12996928 0.79003739
vt 0.14894284 0.79095066
vt 0.12283409 0.79670745
vt 0.11632217 0.79006165
vt 0.12243126 0.80624413
vt 0.16335087 0.80228794
vt 0.16153540 0.81034982
vt 0.16218728 0.79102761
vt 0.10978604 0.80085379
vt 0.10243129 0.79166055
vt 0.09424771 0.79506803
vt 0.09316936 0.80332321
vt 0.08576545 0.79989284
vt 0.08227810 0.80660558
vt 0.07632359 0.80377680
vt 0.08680841 0.81104505
vt 0.06683158 0.81658500
vt 0.06985132 0.82106608
vt 0.13627584 0.81388539
vt 0.11511748 0.80646414
vt 0.10449025 0.81044203
vt 0.09232444 0.81271178
vt 0.06153315 0.82441545
vt 0.06240856 0.81285363
vt 0.15388799 0.81875944
vt 0.17517638 0.80236232
vt 0.17211431 0.80827332
vt 0.17432603 0.78952473
vt 0.17125866 0.82049191
vt 0.05245953 0.82167852
vt 0.05475946 0.82851809
vt 0.12536401 0.81430155
vt 0.18121091 0.79714561
vt 0.18440312 0.78854764
vt 0.05609764 0.83321053
vt 0.04900477 0.82852161
vt 0.04883854 0.83954912
vt 0.04323107 0.84144956
vt 0.04519400 0.84358346
vt 0.05000356 0.84467512
vt 0.04728302 0.84707463
vt 0.05672737 0.83817840
vt 0.05816475 0.84451032
vt 0.05451554 0.84893680
vt 0.06550448 0.83800966
vt 0.06138629 0.84897536
vt 0.05155173 0.85337579
vt 0.04162766 0.85043192
vt 0.12084349 0.81705397
vt 0.10919821 0.82093173
vt 0.03933236 0.84420455
vt 0.05753955 0.85318625
vt 0.04883777 0.85316563
vt 0.04486425 0.85594803
vt 0.04149364 0.85773116
vt 0.03340225 0.85564244
vt 0.03451389 0.85264313
vt 0.02518830 0.85595638
vt 0.02165326 0.85986912
vt 0.03139266 0.86005199
vt 0.07132839 0.83898532
vt 0.06410284 0.85161394
vt 0.01720725 0.85811520
vt 0.17800620 0.81231248
vt 0.18115154 0.82033694
vt 0.19895451 0.81637216
vt 0.20233387 0.82482558
vt 0.21699373 0.82681972
vt 0.22207202 0.83456814
vt 0.21479923 0.81975174
vt 0.20860806 0.81104547
vt 0.21364896 0.83742344
vt 0.19878075 0.83383727
vt 0.21444611 0.80939913
vt 0.22754855 0.84279013
vt 0.19854976 0.80890554
vt 0.20081396 0.80345982
vt 0.02326655 0.85288298
vt 0.22263177 0.85076016
vt 0.20294330 0.84304649
vt 0.21036737 0.79882133
vt 0.21712810 0.80082142
vt 0.03530805 0.83793360
vt 0.03715457 0.83658671
vt 0.23449101 0.85383296
vt 0.02755022 0.84665579
vt 0.01537786 0.85622764
vt 0.19820732 0.79343915
vt 0.18966351 0.78954995
vt 0.15693055 0.78639513
vt 0.08117276 0.79491156
vt 0.19027402 0.84001088
vt 0.22107716 0.85528815
vt 0.20419167 0.85024601
vt 0.07268126 0.79849690
vt 0.23025469 0.85665226
vt 0.23857646 0.86005199
vt 0.08967656 0.78906041
vt 0.19704321 0.84924233
vt 0.22142820 0.79589587
vt 0.22628580 0.79309773
vt 0.07786726 0.78742206
vt 0.07083786 0.79300207
vt 0.05743305 0.80636293
vt 0.98863930 0.13312304
vt 0.96870691 0.12602568
vt 0.98858845 0.14003968
vt 0.97561961 0.11687773
vt 0.96866363 0.11302501
vt 0.98900968 0.12519586
vt 0.98511237 0.11594009
vt 0.98989457 0.11609554
vt 0.98891360 0.15040016
vt 0.97985840 0.16384965
vt 0.97062397 0.16087979
vt 0.97289598 0.17076439
vt 0.98138887 0.18414104
vt 0.98989457 0.18034244
vt 0.98935413 0.16295427
vt 0.96078980 0.12857467
vt 0.95915836 0.11248803
vt 0.96216291 0.14694166
vt 0.96409482 0.10909635
vt 0.98910916 0.19016135
vt 0.96961200 0.18708509
vt 0.95875698 0.10538572
vt 0.95936871 0.15949059
vt 0.96503544 0.17596805
vt 0.97396225 0.11407727
vt 0.95923400 0.19057339
vt 0.95513070 0.13115489
vt 0.95294631 0.17859375
vt 0.94560909 0.14350283
vt 0.94879514 0.16298115
vt 0.94487774 0.13400167
vt 0.98627537 0.19683915
vt 0.94420034 0.11065537
vt 0.95215458 0.10268629
vt 0.96918821 0.19611061
vt 0.98412097 0.20092630
vt 0.97800940 0.20667243
vt 0.89343679 0.20389682
vt 0.88410711 0.20960206
vt 0.89147681 0.21206003
vt 0.88246423 0.19937676
vt 0.87013656 0.21267825
vt 0.89855319 0.19734383
vt 0.89431399 0.18189836
vt 0.90784121 0.19199938
vt 0.87011105 0.20559704
vt 0.86462718 0.21290243
vt 0.86089396 0.21531326
vt 0.85979253 0.22280103
vt 0.86938936 0.23137170
vt 0.86971325 0.23950505
vt 0.87487733 0.19552541
vt 0.90054721 0.20940864
vt 0.90821761 0.20428753
vt 0.88650644 0.18063623
vt 0.87539029 0.19035649
vt 0.88000518 0.23692375
vt 0.88317162 0.24336153
vt 0.91604906 0.18688619
vt 0.90459538 0.17373204
vt 0.90143251 0.17255044
vt 0.91716874 0.20339775
vt 0.87555099 0.21441805
vt 0.87121612 0.22263575
vt 0.85241002 0.23388702
vt 0.87791693 0.25088972
vt 0.88988990 0.25813901
vt 0.89334595 0.24461436
vt 0.90000713 0.25529206
vt 0.90459561 0.27118552
vt 0.91685480 0.26915741
vt 0.90587723 0.24678421
vt 0.88729542 0.26915324
vt 0.88699919 0.23647249
vt 0.89399248 0.23647046
vt 0.90107435 0.23885846
vt 0.89099336 0.23390353
vt 0.92028165 0.25178933
vt 0.92398947 0.24344909
vt 0.91004854 0.26235545
vt 0.92242044 0.26621664
vt 0.90988380 0.24069870
vt 0.91478390 0.24040425
vt 0.87364948 0.25837260
vt 0.87485158 0.18196452
vt 0.84808481 0.24758351
vt 0.85350680 0.21387029
vt 0.84914440 0.22655976
vt 0.89551294 0.27512997
vt 0.83734041 0.24472266
vt 0.83115214 0.23735547
vt 0.83636117 0.22747648
vt 0.87409365 0.26612842
vt 0.88775343 0.21411806
vt 0.88213408 0.21493828
vt 0.88312507 0.22109485
vt 0.87755412 0.21556240
vt 0.87943977 0.22302067
vt 0.88126206 0.22906655
vt 0.87217492 0.22916055
vt 0.87964189 0.23393214
vt 0.88773823 0.22542226
vt 0.89043134 0.21807981
vt 0.87314028 0.22447014
vt 0.88342899 0.23345220
vt 0.88768858 0.22930175
vt 0.84606344 0.25202429
vt 0.84451324 0.21478534
vt 0.89537299 0.21813667
vt 0.84615785 0.20868826
vt 0.84092236 0.20047510
vt 0.87738961 0.27344555
vt 0.83193213 0.21376675
vt 0.88843870 0.23116189
vt 0.82381374 0.23042518
vt 0.83854300 0.19310093
vt 0.89207357 0.22758543
vt 0.90516347 0.16487318
vt 0.91785848 0.15628755
vt 0.91159451 0.14609778
vt 0.92398947 0.13109505
vt 0.91739595 0.12979263
vt 0.92182803 0.12435007
vt 0.59050804 0.38502306
vt 0.58492714 0.39632183
vt 0.59130913 0.40534568
vt 0.58035988 0.41809916
vt 0.58950627 0.41852343
vt 0.59209454 0.37305200
vt 0.58348596 0.38067544
vt 0.59006780 0.36658442
vt 0.57054144 0.41627157
vt 0.57929236 0.39461005
vt 0.57208222 0.39472961
vt 0.56282955 0.41420180
vt 0.58076429 0.37698454
vt 0.59313411 0.36525130
vt 0.59311891 0.39482814
vt 0.59432620 0.38607335
vt 0.59710020 0.41897750
vt 0.59710020 0.40287328
vt 0.59556508 0.37888467
vt 0.07071883 0.87704587
vt 0.07299656 0.86514080
vt 0.08899558 0.86312973
vt 0.08759067 0.87646675
vt 0.07735124 0.88594079
vt 0.09586548 0.87337452
vt 0.06320811 0.88480425
vt 0.08362382 0.85901517
vt 0.07472413 0.85363233
vt 0.08589491 0.89395911
vt 0.09999482 0.89071691
vt 0.10014866 0.89874732
vt 0.08489739 0.90325719
vt 0.09852605 0.86715537
vt 0.11389274 0.88415831
vt 0.08273318 0.85478669
vt 0.06873853 0.89592493
vt 0.06196743 0.85649425
vt 0.05782388 0.87115699
vt 0.10751928 0.89735430
vt 0.11975225 0.88826180
vt 0.08781827 0.86069667
vt 0.04999992 0.85898489
vt 0.04005785 0.86074519
vt 0.03693714 0.86859459
vt 0.02422694 0.86478484
vt 0.05195582 0.88201880
vt 0.12171094 0.88343614
vt 0.09149974 0.85685158
vt 0.03902369 0.88374639
vt 0.02003195 0.87238979
vt 0.08545429 0.85045189
vt 0.11650701 0.87648857
vt 0.10158335 0.86480218
vt 0.01801406 0.86434484
vt 0.13173036 0.89568180
vt 0.12959394 0.87668943
vt 0.13097067 0.88300610
vt 0.12643363 0.89194196
vt 0.13910152 0.88397199
vt 0.13680397 0.87478811
vt 0.11131054 0.86203963
vt 0.09416195 0.85338664
vt 0.13548814 0.86930335
vt 0.14829898 0.87793016
vt 0.14557607 0.87272996
vt 0.15390991 0.88393968
vt 0.13356750 0.86471349
vt 0.08700576 0.85246956
vt 0.17068093 0.87545413
vt 0.16951904 0.88301587
vt 0.18322200 0.88146251
vt 0.18370615 0.87077171
vt 0.19458090 0.88119531
vt 0.19856636 0.87176573
vt 0.20515285 0.88054264
vt 0.18653075 0.85864794
vt 0.17576566 0.86181307
vt 0.19542736 0.85676527
vt 0.16389240 0.86679202
vt 0.20666899 0.86775362
vt 0.16332842 0.86427939
vt 0.08834960 0.85802281
vt 0.14591072 0.86373115
vt 0.21633008 0.87963796
vt 0.20767245 0.85523331
vt 0.22026017 0.87550926
vt 0.22679242 0.88208914
vt 0.08606666 0.85661203
vt 0.11659893 0.85433710
vt 0.17042628 0.85550147
vt 0.08757434 0.84802365
vt 0.09701685 0.84534436
vt 0.15990295 0.85177869
vt 0.18482333 0.84919155
vt 0.12486106 0.85102081
vt 0.15089867 0.85743827
vt 0.16686076 0.84445405
vt 0.17441769 0.90751880
vt 0.18301560 0.89572644
vt 0.19259521 0.89547652
vt 0.18680505 0.90786105
vt 0.20554328 0.90807003
vt 0.20450187 0.89759666
vt 0.21903583 0.90857887
vt 0.16701996 0.89950186
vt 0.15674387 0.89704078
vt 0.14371105 0.89554417
vt 0.13464111 0.90157259
vt 0.15280208 0.90781426
vt 0.21919788 0.90049070
vt 0.21233401 0.88948458
vt 0.13774203 0.90793675
vt 0.11696194 0.90857887
vt 0.11082851 0.90413851
vt 0.22471605 0.90360320
vt 0.22715290 0.89255536
vt 0.55132377 0.16431671
vt 0.55619621 0.15489918
vt 0.54853439 0.14692515
vt 0.56051767 0.12928998
vt 0.55284894 0.12894034
vt 0.55689240 0.16641629
vt 0.55516601 0.17846060
vt 0.54366487 0.12868285
vt 0.56007099 0.14566076
vt 0.55217439 0.18074739
vt 0.54727179 0.16700989
vt 0.53864729 0.12876278
vt 0.54023951 0.14580452
vt 0.55550867 0.18154246
vt 0.53295255 0.12931228
vt 0.56458700 0.12972116
vt 0.53777194 0.14852619
vt 0.56209254 0.15442640
vt 0.56458700 0.14238513
vt 0.56040514 0.16718692
vt 0.88889802 0.64990079
vt 0.86580753 0.64718652
vt 0.87510419 0.63860393
vt 0.86420280 0.63605452
vt 0.88280535 0.65426511
vt 0.89638972 0.65660018
vt 0.85358936 0.63443851
vt 0.85195750 0.63941342
vt 0.85598600 0.62632269
vt 0.87178046 0.63331437
vt 0.88484466 0.64327604
vt 0.90289980 0.66158938
vt 0.90281379 0.65912312
vt 0.84954315 0.65044069
vt 0.87611622 0.66051275
vt 0.88897586 0.66193783
vt 0.86488897 0.66300130
vt 0.84841830 0.65966028
vt 0.84871840 0.66421145
vt 0.88198751 0.66421145
vt 0.89817727 0.65321791
vt 0.88986212 0.64530432
vt 0.86447996 0.62554437
vt 0.85813302 0.62175041
vt 0.02894152 0.67175102
vt 0.02315128 0.66276032
vt 0.02370943 0.67234641
vt 0.02608612 0.67505676
vt 0.01452522 0.66824025
vt 0.00967618 0.65012455
vt 0.01745576 0.65214723
vt 0.00973891 0.67483568
vt 0.00914606 0.66219884
vt 0.00519689 0.64452654
vt 0.00903629 0.64341420
vt 0.03056071 0.67306334
vt 0.01065924 0.70324123
vt 0.00565116 0.69518673
vt 0.00483304 0.70187265
vt 0.02019403 0.70397514
vt 0.02213385 0.69460154
vt 0.00697649 0.68348914
vt 0.03574405 0.69960976
vt 0.02627555 0.70855832
vt 0.03424581 0.67671990
vt 0.00736092 0.67653871
vt 0.03728692 0.70875865
vt 0.03562890 0.71607429
vt 0.03428250 0.67233014
vt 0.03822496 0.72053725
vt 0.03822496 0.69724315
vt 0.01970408 0.70643878
vt 0.03436491 0.66685992
vt 0.51135713 0.03222483
vt 0.53018653 0.02906162
vt 0.52125055 0.04376572
vt 0.52849066 0.04636049
vt 0.51952177 0.02241886
vt 0.50328225 0.02892596
vt 0.51096505 0.04432935
vt 0.50130612 0.03855443
vt 0.52286834 0.01603121
vt 0.54529935 0.04512185
vt 0.53749436 0.03065461
vt 0.53155786 0.01713562
vt 0.53877622 0.02475190
vt 0.49327609 0.03662705
vt 0.50081813 0.04636049
vt 0.55492091 0.04100198
vt 0.55438519 0.03324151
vt 0.48311955 0.03914368
vt 0.51107919 0.01854801
vt 0.48853704 0.04586196
vt 0.53987008 0.01923841
vt 0.49213880 0.02279657
vt 0.54811877 0.02203679
vt 0.48081818 0.04567742
vt 0.47763255 0.03022939
vt 0.47495607 0.04110110
vt 0.48964548 0.16536736
vt 0.47562546 0.17543006
vt 0.48984435 0.17468417
vt 0.48429298 0.15822303
vt 0.48900637 0.15656567
vt 0.47714648 0.18143779
vt 0.48281410 0.19099301
vt 0.48903868 0.18696117
vt 0.49020815 0.19402695
vt 0.48672324 0.19580549
vt 0.47159135 0.18184900
vt 0.47613814 0.15318793
vt 0.48124906 0.14655638
vt 0.48999763 0.14941210
vt 0.46460536 0.15821934
vt 0.46399811 0.14263380
vt 0.45426777 0.14213002
vt 0.46337715 0.17694390
vt 0.45241311 0.15229607
vt 0.44511935 0.17639863
vt 0.45170167 0.18557274
vt 0.46012473 0.18635321
vt 0.46816334 0.18229365
vt 0.47578260 0.19188178
vt 0.44633400 0.18834031
vt 0.46394393 0.19284856
vt 0.47738501 0.19660044
vt 0.48695391 0.14054191
vt 0.47759354 0.13363659
vt 0.43939298 0.15112722
vt 0.43418631 0.17308354
vt 0.43997785 0.14508909
vt 0.43168172 0.18547428
vt 0.43092090 0.19363987
vt 0.43161494 0.13884568
vt 0.42711133 0.15459496
vt 0.42504147 0.17754972
vt 0.41783831 0.16525871
vt 0.42170575 0.19235945
vt 0.42217222 0.19508231
vt 0.43803826 0.19821608
vt 0.44485673 0.20018440
vt 0.48560697 0.19852102
vt 0.46749461 0.20232379
vt 0.46241266 0.12884903
vt 0.47794801 0.20457470
vt 0.48798051 0.20590019
vt 0.48271853 0.21062702
vt 0.47585562 0.21090835
vt 0.48104906 0.21746522
vt 0.46482921 0.21948099
vt 0.46854731 0.21051061
vt 0.49083701 0.21782351
vt 0.48908153 0.21011889
vt 0.45438647 0.19507450
vt 0.45850858 0.20102364
vt 0.45158374 0.20122546
vt 0.49350002 0.13985860
vt 0.42889383 0.19689417
vt 0.46949008 0.11643171
vt 0.47935960 0.12035835
vt 0.49320343 0.13373256
vt 0.49134749 0.10992247
vt 0.49956062 0.13318074
vt 0.47866419 0.09922010
vt 0.49464124 0.21753830
vt 0.49643326 0.24814975
vt 0.49763983 0.22435415
vt 0.49956062 0.28812826
vt 0.47084725 0.23112929
vt 0.44930804 0.20539564
vt 0.45580453 0.20695257
vt 0.01541009 0.22060186
vt 0.02153854 0.21245027
vt 0.01004907 0.22090292
vt 0.02040748 0.22103930
vt 0.03074903 0.22816616
vt 0.03290876 0.21216583
vt 0.02298374 0.20394605
vt 0.03121730 0.19954169
vt 0.03416204 0.22515559
vt 0.00607206 0.20380682
vt 0.00219684 0.21107978
vt 0.00742237 0.23143977
vt 0.02642338 0.23236775
vt 0.01463528 0.23531318
vt 0.01078692 0.22301775
vt 0.00311313 0.22696871
vt 0.00940793 0.23444688
vt 0.02187628 0.23541915
vt 0.02213760 0.23786831
vt 0.03558875 0.21370447
vt 0.00926823 0.19739854
vt 0.03048337 0.19262630
vt 0.01934428 0.19279659
vt 0.01061890 0.19320369
vt 0.01523548 0.19000131
vt 0.02388539 0.18844557
vt 0.02127748 0.18701661
vt 0.02795787 0.18266761
vt 0.03192347 0.18662584
vt 0.03552040 0.19730663
vt 0.00518197 0.19799119
vt 0.03381220 0.18271053
vt 0.03558875 0.18931973
vt 0.00390917 0.23124456
vt 0.02937621 0.18067592
vt 0.52608907 0.45558095
vt 0.51878673 0.43569982
vt 0.51261312 0.44254518
vt 0.51069057 0.43133736
vt 0.50983936 0.43536365
vt 0.52088743 0.45561123
vt 0.52566129 0.46256697
vt 0.53495550 0.47069657
vt 0.51725167 0.42846811
vt 0.52452683 0.44607550
vt 0.53007120 0.45308214
vt 0.51240849 0.42572939
vt 0.53794187 0.46555674
vt 0.54008430 0.47713208
vt 0.53151155 0.43595064
vt 0.52862149 0.42263901
vt 0.52481252 0.42170870
vt 0.51946086 0.42322052
vt 0.53564662 0.44482422
vt 0.54296243 0.47544765
vt 0.53259814 0.42603552
vt 0.54133010 0.46384442
vt 0.53016752 0.42110980
vt 0.54182863 0.42076820
vt 0.54487926 0.44041574
vt 0.54613358 0.46108282
vt 0.54613358 0.42071056
vt 0.54321420 0.47876954
vt 0.50746924 0.42776883
vt 0.71031630 0.63319671
vt 0.71589911 0.61899310
vt 0.71980661 0.62326640
vt 0.70380360 0.61568457
vt 0.70179921 0.61743563
vt 0.69404072 0.62876934
vt 0.69627869 0.63564765
vt 0.68715948 0.63553590
vt 0.69556332 0.64451474
vt 0.71019840 0.64453691
vt 0.71745133 0.63864654
vt 0.71654725 0.63166612
vt 0.68425894 0.64514732
vt 0.71954501 0.64499295
vt 0.72000790 0.64097214
vt 0.68098181 0.64094514
vt 0.67618626 0.64499295
vt 0.72627419 0.64056563
vt 0.60962451 0.04570305
vt 0.61508316 0.03803831
vt 0.62206292 0.04022646
vt 0.62076712 0.04910940
vt 0.63148016 0.03876746
vt 0.62862849 0.03506064
vt 0.63633639 0.03253216
vt 0.63728017 0.03683269
vt 0.63350129 0.04996258
vt 0.64078522 0.04746723
vt 0.63614362 0.05916601
vt 0.64817089 0.05234015
vt 0.65152067 0.05954754
vt 0.62520689 0.05579978
vt 0.65126795 0.03669751
vt 0.64511675 0.03207099
vt 0.65472740 0.02164114
vt 0.63818336 0.02232814
vt 0.66565186 0.03226221
vt 0.62854779 0.01147938
vt 0.62898308 0.01921237
vt 0.62017149 0.01387578
vt 0.62177777 0.00649911
vt 0.65782654 0.05378628
vt 0.66959858 0.04391593
vt 0.65211737 0.01042038
vt 0.67153639 0.04144239
vt 0.68299359 0.03623027
vt 0.63653076 0.02825463
vt 0.60754240 0.04160923
vt 0.63736206 0.00689816
vt 0.66316086 0.06058067
vt 0.66570318 0.05364919
vt 0.67737180 0.02507132
vt 0.60481411 0.04558474
vt 0.67901570 0.03110486
vt 0.68967301 0.02632189
vt 0.67632419 0.01651180
vt 0.69200349 0.02173924
vt 0.64823097 0.06751078
vt 0.65978742 0.07414132
vt 0.65136725 0.07482827
vt 0.60643941 0.05205148
vt 0.62673235 0.02207702
vt 0.61789733 0.05830210
vt 0.61999488 0.06140172
vt 0.63380224 0.06312156
vt 0.66054124 0.06741303
vt 0.64193577 0.07244068
vt 0.64751315 0.07798272
vt 0.63526517 0.08017349
vt 0.63659394 0.08266032
vt 0.62478399 0.08560830
vt 0.61597455 0.08019102
vt 0.61099237 0.08773917
vt 0.60665709 0.08367538
vt 0.60559559 0.08809191
vt 0.66117454 0.08206242
vt 0.63254857 0.07269651
vt 0.64929014 0.08509898
vt 0.61706239 0.09297436
vt 0.63730794 0.09293067
vt 0.60491580 0.09390134
vt 0.62510306 0.06579626
vt 0.60294390 0.05221730
vt 0.63164490 0.03041357
vt 0.65074986 0.09488738
vt 0.60606962 0.05443066
vt 0.66270441 0.09433317
vt 0.66743636 0.09254682
vt 0.59999567 0.05126363
vt 0.60107553 0.04413086
vt 0.59391421 0.04904509
vt 0.59486669 0.04219139
vt 0.59544927 0.03584504
vt 0.58876234 0.03411543
vt 0.58896309 0.04038835
vt 0.58782023 0.04640186
vt 0.57954395 0.03631568
vt 0.58072895 0.03224742
vt 0.60384446 0.03677648
vt 0.57718229 0.04193842
vt 0.60693938 0.04062909
vt 0.56767929 0.03911191
vt 0.56528485 0.03291219
vt 0.56744003 0.02944106
vt 0.55855691 0.03486216
vt 0.55667835 0.03077435
vt 0.67389709 0.05529225
vt 0.60289997 0.09488738
vt 0.60350090 0.08917403
vt 0.19269304 0.52180713
vt 0.20445165 0.50919300
vt 0.20402230 0.52631122
vt 0.19059263 0.50982547
vt 0.18475606 0.52084947
vt 0.18474323 0.51008505
vt 0.18994711 0.53019696
vt 0.20546956 0.52899504
vt 0.18203655 0.52995211
vt 0.17073698 0.51348978
vt 0.16493835 0.52799243
vt 0.15246046 0.52399665
vt 0.15566219 0.51617670
vt 0.20400955 0.50418496
vt 0.19495924 0.49808496
vt 0.16862291 0.50731021
vt 0.21291094 0.52041423
vt 0.18522139 0.49907875
vt 0.15923585 0.51018637
vt 0.20685035 0.49610054
vt 0.21096851 0.50465572
vt 0.16639428 0.50116181
vt 0.15452957 0.53162915
vt 0.21748681 0.52259624
vt 0.21549210 0.49800837
vt 0.21539779 0.53162915
vt 0.81697267 0.36464143
vt 0.81098455 0.36159527
vt 0.82611310 0.35443318
vt 0.83923596 0.35390377
vt 0.83673507 0.35223401
vt 0.80690658 0.36510682
vt 0.84371996 0.34965336
vt 0.84536082 0.35361528
vt 0.79630572 0.36989534
vt 0.79375190 0.37396026
vt 0.78954303 0.37310958
vt 0.84169829 0.36068189
vt 0.84664303 0.36107922
vt 0.82144898 0.37245405
vt 0.84415501 0.37392235
vt 0.84841830 0.37104785
vt 0.82297081 0.37651646
vt 0.84798956 0.37651646
vt 0.31813946 0.31862438
vt 0.32575548 0.30905235
vt 0.33861506 0.31662464
vt 0.32285437 0.30620492
vt 0.34608090 0.31457239
vt 0.34323514 0.31043553
vt 0.31820855 0.30898058
vt 0.31135550 0.31197882
vt 0.35015053 0.31964314
vt 0.31979963 0.32252717
vt 0.33140340 0.32279027
vt 0.30975395 0.32257485
vt 0.35646868 0.31719267
vt 0.34395075 0.32252723
vt 0.35870579 0.32017589
vt 0.31143814 0.30770105
vt 0.35589540 0.31358409
vt 0.32883683 0.30313379
vt 0.32750708 0.30199307
vt 0.31896001 0.30376470
vt 0.36072057 0.31630951
vt 0.34590003 0.30666387
vt 0.75313216 0.95613992
vt 0.76002169 0.93941206
vt 0.74962217 0.94100124
vt 0.76028466 0.95574266
vt 0.75525051 0.92626679
vt 0.74824256 0.92848659
vt 0.75604498 0.96420032
vt 0.76230228 0.92417675
vt 0.75765419 0.97311383
vt 0.75485480 0.97224432
vt 0.76230228 0.93363607
vt 0.75571835 0.97530329
vt 0.08970748 0.92889798
vt 0.09948590 0.92564362
vt 0.10745721 0.93356150
vt 0.11095411 0.92875433
vt 0.07031522 0.92659330
vt 0.06963707 0.91907012
vt 0.11693581 0.93485320
vt 0.11977632 0.93024135
vt 0.07677239 0.93256199
vt 0.06722320 0.93544197
vt 0.06785251 0.92153352
vt 0.12176774 0.93544197
vt 0.10547788 0.92333412
vt 0.12450396 0.93098301
vt 0.07888024 0.91675621
vt 0.07164688 0.91204506
vt 0.11668155 0.92576635
vt 0.09589807 0.91843522
vt 0.08902673 0.91331983
vt 0.12521969 0.92785907
vt 0.95303649 0.42053783
vt 0.95585096 0.41432649
vt 0.94486564 0.40573275
vt 0.95490438 0.40804541
vt 0.94169813 0.41754746
vt 0.94646436 0.39663988
vt 0.94124311 0.40062320
vt 0.94103158 0.38899446
vt 0.94455677 0.38590378
vt 0.95113659 0.39725792
vt 0.94212246 0.37651646
vt 0.93461549 0.41589880
vt 0.93684554 0.41977513
vt 0.94250137 0.42225063
vt 0.93373543 0.43140882
vt 0.93227857 0.42000151
vt 0.94598740 0.44161808
vt 0.95455229 0.43926740
vt 0.95284802 0.44669592
vt 0.94778943 0.45482093
vt 0.92946976 0.42889893
vt 0.95311695 0.42492092
vt 0.92899626 0.43837172
vt 0.93199259 0.44361913
vt 0.92662567 0.43690783
vt 0.93885189 0.45192122
vt 0.94077164 0.45874923
vt 0.94212365 0.46342468
vt 0.96529001 0.44173366
vt 0.96106213 0.43182796
vt 0.96322006 0.45548475
vt 0.95050168 0.46098292
vt 0.96305281 0.46194065
vt 0.94904238 0.46961868
vt 0.96339577 0.42061746
vt 0.96381283 0.41554928
vt 0.95978481 0.47229719
vt 0.96117067 0.42645389
vt 0.94676906 0.38087618
vt 0.95170325 0.38773096
vt 0.95931339 0.39942575
vt 0.96307105 0.40927660
vt 0.93709552 0.39754069
vt 0.93869150 0.38804519
vt 0.95774305 0.47669029
vt 0.96328861 0.47963607
vt 0.94709784 0.47148657
vt 0.94409209 0.46857417
vt 0.96529001 0.45190930
vt 0.96315277 0.47170758
vt 0.84623158 0.27920890
vt 0.85174567 0.28128469
vt 0.84805036 0.26735580
vt 0.85455358 0.27228165
vt 0.85105997 0.26262301
vt 0.84693843 0.30549753
vt 0.85012031 0.30508924
vt 0.84608734 0.31213582
vt 0.85049641 0.31280732
vt 0.84050965 0.30776322
vt 0.84209335 0.30330986
vt 0.84492868 0.27860957
vt 0.84773254 0.26020420
vt 0.85189015 0.25872195
vt 0.85607255 0.31127799
vt 0.85599446 0.29304075
vt 0.85720563 0.27996898
vt 0.85720563 0.31498849
vt 0.85617214 0.26626384
vt 0.84596747 0.31845754
vt 0.84455049 0.27082765
vt 0.84949434 0.25606585
vt 0.44839811 0.04293966
vt 0.45191261 0.03808898
vt 0.43692401 0.01835555
vt 0.44254875 0.01176018
vt 0.45321903 0.04970294
vt 0.43541300 0.01461333
vt 0.45209551 0.05309319
vt 0.45201740 0.02936620
vt 0.45565829 0.04563743
vt 0.45606214 0.05415946
vt 0.44862705 0.01053160
vt 0.45769358 0.04854912
vt 0.46001756 0.00996536
vt 0.46001756 0.02876776
vt 0.45867771 0.03906959
vt 0.41493186 0.75126052
vt 0.41770217 0.77243650
vt 0.42089692 0.76603025
vt 0.41053188 0.75901222
vt 0.40225968 0.74350274
vt 0.42330283 0.78396398
vt 0.40805826 0.74240673
vt 0.41933888 0.74525595
vt 0.41407925 0.74079925
vt 0.42650142 0.78361374
vt 0.42485648 0.79099518
vt 0.40415251 0.75803667
vt 0.41639116 0.77837670
vt 0.42101297 0.74260932
vt 0.41843265 0.73960137
vt 0.39776021 0.74469787
vt 0.42371139 0.74530375
vt 0.42577669 0.75939447
vt 0.42386252 0.74779266
vt 0.42755178 0.76989710
vt 0.42769617 0.74799705
vt 0.42838314 0.74835545
vt 0.42838314 0.79159445
vt 0.40775412 0.77331477
vt 0.41408047 0.78168637
vt 0.39762741 0.75412494
vt 0.40050298 0.76316631
vt 0.48529118 0.93471098
vt 0.47363481 0.92349046
vt 0.47787139 0.93598747
vt 0.48539510 0.92454153
vt 0.47020158 0.91606987
vt 0.46447229 0.91748458
vt 0.46441126 0.92250937
vt 0.49369606 0.92806673
vt 0.47940895 0.91344970
vt 0.46548295 0.93414003
vt 0.49412474 0.93738610
vt 0.49388516 0.91759366
vt 0.49446842 0.91192460
vt 0.48796085 0.90815604
vt 0.49505481 0.90669203
vt 0.49445707 0.90216446
vt 0.48518437 0.94041997
vt 0.49332330 0.94010550
vt 0.46505389 0.93934566
vt 0.47223851 0.94275397
vt 0.48632282 0.95232010
vt 0.48032084 0.95655537
vt 0.48075703 0.96111667
vt 0.47016567 0.96065760
vt 0.47254077 0.96990627
vt 0.48012495 0.96443564
vt 0.46852458 0.97321516
vt 0.49208286 0.94834107
vt 0.46975815 0.97616982
vt 0.48464188 0.90896928
vt 0.49704468 0.94190979
vt 0.49780315 0.89818025
vt 0.49780315 0.94071859
vt 0.10215789 0.13955390
vt 0.09493867 0.13831633
vt 0.09700545 0.14804184
vt 0.10142758 0.11271119
vt 0.09570928 0.11859143
vt 0.09239998 0.11501646
vt 0.09868129 0.15630406
vt 0.09301240 0.16106761
vt 0.09670870 0.16307127
vt 0.09106460 0.13584840
vt 0.08972048 0.11979157
vt 0.08919156 0.11459696
vt 0.10764499 0.11222768
vt 0.10521083 0.14357185
vt 0.10211557 0.15726614
vt 0.10764499 0.13052583
vt 0.09255658 0.11221838
vt 0.10114557 0.16594458
vt 0.43756431 0.91189063
vt 0.43960360 0.92621535
vt 0.44632971 0.92509252
vt 0.44713676 0.90478408
vt 0.43796593 0.90109891
vt 0.44290397 0.93687016
vt 0.43343160 0.92436409
vt 0.43136472 0.91207349
vt 0.43019491 0.90318155
vt 0.44735417 0.94308299
vt 0.45210895 0.90677172
vt 0.45064256 0.93052083
vt 0.45134145 0.94190639
vt 0.45127350 0.91762590
vt 0.42662567 0.91131008
vt 0.42765942 0.91820621
vt 0.43817392 0.93721724
vt 0.45210895 0.94856364
vt 0.44920954 0.94930679
vt 0.42995518 0.89818025
vt 0.43046546 0.92607236
vt 0.44363365 0.94632280
vt 0.37835708 0.47819269
vt 0.37258932 0.48118401
vt 0.36615667 0.47463584
vt 0.38586840 0.48770404
vt 0.38485107 0.49350655
vt 0.39045331 0.49313807
vt 0.39100960 0.49938977
vt 0.37048641 0.46949649
vt 0.39551562 0.49719471
vt 0.39668542 0.50169712
vt 0.36434054 0.47161061
vt 0.36591625 0.46659535
vt 0.38193068 0.47343302
vt 0.37328625 0.46041012
vt 0.39219734 0.47971463
vt 0.38838771 0.46587539
vt 0.38782769 0.45620418
vt 0.39851391 0.49411768
vt 0.39884207 0.47671831
vt 0.40056381 0.45962000
vt 0.41967535 0.47431511
vt 0.41986641 0.47083461
vt 0.42398798 0.46658909
vt 0.42588711 0.47166920
vt 0.43354264 0.48755646
vt 0.43985361 0.48673433
vt 0.44702029 0.49747479
vt 0.44859794 0.49381828
vt 0.43540424 0.47721004
vt 0.45336774 0.50122768
vt 0.42939800 0.46478832
vt 0.43835860 0.46420956
vt 0.45068455 0.48586756
vt 0.45164707 0.50123602
vt 0.45099425 0.46603560
vt 0.45438841 0.48654568
vt 0.25532952 0.47413528
vt 0.25530121 0.47607207
vt 0.25004387 0.47639465
vt 0.30382529 0.46655035
vt 0.31090140 0.47193336
vt 0.30178648 0.47200775
vt 0.31562749 0.46235704
vt 0.29822969 0.46354699
vt 0.29552826 0.46694702
vt 0.30150837 0.45410484
vt 0.28954768 0.46351969
vt 0.28637952 0.44282639
vt 0.28163764 0.45205748
vt 0.28060257 0.44015843
vt 0.29102138 0.42955190
vt 0.27800065 0.42899287
vt 0.30401388 0.43862522
vt 0.30442718 0.44284111
vt 0.30889690 0.44158292
vt 0.31685790 0.46097916
vt 0.31990713 0.45691562
vt 0.32752463 0.45218289
vt 0.28504315 0.41954136
vt 0.27073812 0.42097783
vt 0.28145579 0.41165477
vt 0.31936860 0.44255733
vt 0.28017834 0.46091396
vt 0.26644006 0.43230367
vt 0.29918441 0.41125965
vt 0.30617911 0.40729344
vt 0.31954336 0.41463184
vt 0.29525939 0.42313778
vt 0.31994796 0.40774786
vt 0.32109830 0.43382955
vt 0.25195029 0.42801929
vt 0.32234988 0.42286992
vt 0.34330183 0.42388260
vt 0.33595628 0.41130489
vt 0.35817584 0.41986144
vt 0.34015733 0.43130004
vt 0.33395642 0.45021176
vt 0.34474573 0.45432973
vt 0.35633960 0.43365240
vt 0.37886211 0.43706614
vt 0.36420295 0.44677508
vt 0.35446730 0.44957614
vt 0.38368267 0.42934668
vt 0.24981217 0.42039168
vt 0.22782305 0.42127931
vt 0.36071801 0.46494257
vt 0.38058832 0.44759917
vt 0.39925310 0.44978875
vt 0.41074717 0.46144676
vt 0.41706637 0.46275812
vt 0.41080087 0.44578916
vt 0.42991397 0.44015157
vt 0.27096182 0.44404376
vt 0.25117522 0.44039500
vt 0.34845984 0.45863265
vt 0.35210532 0.46887571
vt 0.22897580 0.40857124
vt 0.21038580 0.40637434
vt 0.20770103 0.42002308
vt 0.18988009 0.41948014
vt 0.39993379 0.43301940
vt 0.24856842 0.45412815
vt 0.24217083 0.45462477
vt 0.24939574 0.46954513
vt 0.23738222 0.47420764
vt 0.26135039 0.45605892
vt 0.26190570 0.46756643
vt 0.27047318 0.46362340
vt 0.24097575 0.44221413
vt 0.24225974 0.47706580
vt 0.23442943 0.47654200
vt 0.23264025 0.47218561
vt 0.22795980 0.46680534
vt 0.22622620 0.46068895
vt 0.23460932 0.43578053
vt 0.22606805 0.43265772
vt 0.22438964 0.44467890
vt 0.21957685 0.45816374
vt 0.21615893 0.43493295
vt 0.21823569 0.46273857
vt 0.45508918 0.44739926
vt 0.43276772 0.45225024
vt 0.19526699 0.40882176
vt 0.35540515 0.41191053
vt 0.24141684 0.40659523
vt 0.46209267 0.45524895
vt 0.45917487 0.46648121
vt 0.46997225 0.44781435
vt 0.21195777 0.44380271
vt 0.19814411 0.43442631
vt 0.48123765 0.47381634
vt 0.28413212 0.39620709
vt 0.27223316 0.40885794
vt 0.25541651 0.41143984
vt 0.36202821 0.41057432
vt 0.37644416 0.40984499
vt 0.21635540 0.39207923
vt 0.47143662 0.47799176
vt 0.30403793 0.38537908
vt 0.23663431 0.39358604
vt 0.16747074 0.40965188
vt 0.26514620 0.39179492
vt 0.17114452 0.42267233
vt 0.15801795 0.42599982
vt 0.15704700 0.43115199
vt 0.15972689 0.41006327
vt 0.14881639 0.42797780
vt 0.48224130 0.46545148
vt 0.48518175 0.45646572
vt 0.19896823 0.39526343
vt 0.17892283 0.40307951
vt 0.15211806 0.41031724
vt 0.29143736 0.37939888
vt 0.30631170 0.36771828
vt 0.30502182 0.34434748
vt 0.29074025 0.34749663
vt 0.29598272 0.33752012
vt 0.30104131 0.33145583
vt 0.28181091 0.35758436
vt 0.28040764 0.37865144
vt 0.26702774 0.38014889
vt 0.24744639 0.38350677
vt 0.42811176 0.42457259
vt 0.44109145 0.43175387
vt 0.39091569 0.40713000
vt 0.39497080 0.42027557
vt 0.40794680 0.41401923
vt 0.45694801 0.43834740
vt 0.13752197 0.41362250
vt 0.27427396 0.36834258
vt 0.27088195 0.37588036
vt 0.31252620 0.38475913
vt 0.35945523 0.47127271
vt 0.36233032 0.47334510
vt 0.50154042 0.46652949
vt 0.51021415 0.47457588
vt 0.17076509 0.39996487
vt 0.20186459 0.37919092
vt 0.48449400 0.48116803
vt 0.51630682 0.47426069
vt 0.52555740 0.47778106
vt 0.51364851 0.48407966
vt 0.49558669 0.48408306
vt 0.18808633 0.39201802
vt 0.45737237 0.47473621
vt 0.45409319 0.46839231
vt 0.35767847 0.47061861
vt 0.33474797 0.39881563
vt 0.32193321 0.39743340
vt 0.51113802 0.48915547
vt 0.52348965 0.49370790
vt 0.52628279 0.48216122
vt 0.40580013 0.46979231
vt 0.53902328 0.49035478
vt 0.53305572 0.49729633
vt 0.37640634 0.40140593
vt 0.55009115 0.50250173
vt 0.55049133 0.49500799
vt 0.40327770 0.46245468
vt 0.20672749 0.44948900
vt 0.20238692 0.44679296
vt 0.19666892 0.45866203
vt 0.18542863 0.45663536
vt 0.18089771 0.43471885
vt 0.17967772 0.44642508
vt 0.17438969 0.46361530
vt 0.18650652 0.46014583
vt 0.17454782 0.47213042
vt 0.17292567 0.46921468
vt 0.18566620 0.47237384
vt 0.19792052 0.46600509
vt 0.19317611 0.47243869
vt 0.17023362 0.43963575
vt 0.16968812 0.47353053
vt 0.20950760 0.46196365
vt 0.36146939 0.39349937
vt 0.31392178 0.37320083
vt 0.33504567 0.37847078
vt 0.54174000 0.48804629
vt 0.55755711 0.50389946
vt 0.34161076 0.38584912
vt 0.31627694 0.35002404
vt 0.50763071 0.46598685
vt 0.33425090 0.36395001
vt 0.33406192 0.36911476
vt 0.35097671 0.37148374
vt 0.36216417 0.38370007
vt 0.36339241 0.36416817
vt 0.34629276 0.35028011
vt 0.37930688 0.39140952
vt 0.33903152 0.34393513
vt 0.48265809 0.44787449
vt 0.30385193 0.33238113
vt 0.40536901 0.40123701
vt 0.36749771 0.36782682
vt 0.38533473 0.38386559
vt 0.42253608 0.39757752
vt 0.31784171 0.33643889
vt 0.52957547 0.47492063
vt 0.44636121 0.42705750
vt 0.43426409 0.40420455
vt 0.51206839 0.46023858
vt 0.38380313 0.37535250
vt 0.40027758 0.38411689
vt 0.44715893 0.41169703
vt 0.45971292 0.42014551
vt 0.47624618 0.43168378
vt 0.49023235 0.44056976
vt 0.32374081 0.46860421
vt 0.33461800 0.45942438
vt 0.33765137 0.47838485
vt 0.33257905 0.48427731
vt 0.34026101 0.49480355
vt 0.34254768 0.48773712
vt 0.34388918 0.50176084
vt 0.34044901 0.50091863
vt 0.49841404 0.44843513
vt 0.28017175 0.47725117
vt 0.27396306 0.48548961
vt 0.28194988 0.49650347
vt 0.27621990 0.49542290
vt 0.28241378 0.50389946
vt 0.22434205 0.47808754
vt 0.21345738 0.47268271
vt 0.21391487 0.47966790
vt 0.27791944 0.50135195
vt 0.23049632 0.49475217
vt 0.25948465 0.48098803
vt 0.26774976 0.48991734
vt 0.19995359 0.47744524
vt 0.22180943 0.48945963
vt 0.17020798 0.47670412
vt 0.16566284 0.47552717
vt 0.23141195 0.50115180
vt 0.23417556 0.50212753
vt 0.31972173 0.47970104
vt 0.41900873 0.47373790
vt 0.40524518 0.47179741
vt 0.20920192 0.48410523
vt 0.32948264 0.49046481
vt 0.22252473 0.49465775
vt 0.55894387 0.59703058
vt 0.54879779 0.60026687
vt 0.55762607 0.58044881
vt 0.54606271 0.58639646
vt 0.57514745 0.57882857
vt 0.58033216 0.58499491
vt 0.58145052 0.60281807
vt 0.56090051 0.61103219
vt 0.58345068 0.60805094
vt 0.59578198 0.60273999
vt 0.58299792 0.58084208
vt 0.55374128 0.61948532
vt 0.56432116 0.62643701
vt 0.55552030 0.63195467
vt 0.54415298 0.61976683
vt 0.53517926 0.60839522
vt 0.56075269 0.63995004
vt 0.58618462 0.62250549
vt 0.59163648 0.63363892
vt 0.60413003 0.62462658
vt 0.57987326 0.64062786
vt 0.56440896 0.64863765
vt 0.53555048 0.62225693
vt 0.53919011 0.63682979
vt 0.56333041 0.57266903
vt 0.55729645 0.57706040
vt 0.56327552 0.57222193
vt 0.52352399 0.62997079
vt 0.50859231 0.64587456
vt 0.50432396 0.63579631
vt 0.54633546 0.57596010
vt 0.48063543 0.64443469
vt 0.45497698 0.66074526
vt 0.48000413 0.65343869
vt 0.55564600 0.65211129
vt 0.54506081 0.64634526
vt 0.53502870 0.66074526
vt 0.58380824 0.64990956
vt 0.39933959 0.60330856
vt 0.41426936 0.60023725
vt 0.40728632 0.60262513
vt 0.40291446 0.61303782
vt 0.40768766 0.62232924
vt 0.43329543 0.60529608
vt 0.41987935 0.59544700
vt 0.42777324 0.58618194
vt 0.44523928 0.58843029
vt 0.43456414 0.61997348
vt 0.43232051 0.58208930
vt 0.43609807 0.57591736
vt 0.45123419 0.60264671
vt 0.46297595 0.58243388
vt 0.46214479 0.56835544
vt 0.46869338 0.59886658
vt 0.45274812 0.61812580
vt 0.46820852 0.61430472
vt 0.48103994 0.57950276
vt 0.48421389 0.59576988
vt 0.47671562 0.56548828
vt 0.49764338 0.59216648
vt 0.44040805 0.56648964
vt 0.49777678 0.57742155
vt 0.48543808 0.56669182
vt 0.43380055 0.57503182
vt 0.43085480 0.58133912
vt 0.43225753 0.56351399
vt 0.45867217 0.55862546
vt 0.53353322 0.58483207
vt 0.51576304 0.59101242
vt 0.51674372 0.57629055
vt 0.53064722 0.56678396
vt 0.50611091 0.55928236
vt 0.51579994 0.55459780
vt 0.50686020 0.55026460
vt 0.49584520 0.54436404
vt 0.50449270 0.53795189
vt 0.47920880 0.55557579
vt 0.52009463 0.55281401
vt 0.51092499 0.54421604
vt 0.45588082 0.54954475
vt 0.43120217 0.54912186
vt 0.47332293 0.54401124
vt 0.54045576 0.57175386
vt 0.52584249 0.55855238
vt 0.46108612 0.53709412
vt 0.53275865 0.56677818
vt 0.49426189 0.53217262
vt 0.50042206 0.51819164
vt 0.44502276 0.53771776
vt 0.43019146 0.54263222
vt 0.48726028 0.51829249
vt 0.42788595 0.53267169
vt 0.49993467 0.50555795
vt 0.45829126 0.52778161
vt 0.44265071 0.52935266
vt 0.47130510 0.51160693
vt 0.48307413 0.50428802
vt 0.45284411 0.51788193
vt 0.43994871 0.51665539
vt 0.46180332 0.50349599
vt 0.44850445 0.50687373
vt 0.42627725 0.51558489
vt 0.42913872 0.50922513
vt 0.42398137 0.50714666
vt 0.40773693 0.51746827
vt 0.40740579 0.50546545
vt 0.50672483 0.52054399
vt 0.51143801 0.53493935
vt 0.51430231 0.54405326
vt 0.50648981 0.50980604
vt 0.51235634 0.50216639
vt 0.51491195 0.52044266
vt 0.43050414 0.55414492
vt 0.52810365 0.51482719
vt 0.51857203 0.53283173
vt 0.52753925 0.52356797
vt 0.42600223 0.54560447
vt 0.42575702 0.57466596
vt 0.44041255 0.64963675
vt 0.43998122 0.63638747
vt 0.45477477 0.64216226
vt 0.47482166 0.62734187
vt 0.49981669 0.61815727
vt 0.49909928 0.61066169
vt 0.42682141 0.63237971
vt 0.42861950 0.64864910
vt 0.47241044 0.63684666
vt 0.40876678 0.63310146
vt 0.51908910 0.60546499
vt 0.53587919 0.59464091
vt 0.51530182 0.61439216
vt 0.40806326 0.64806408
vt 0.44883478 0.65313792
vt 0.49284258 0.63305962
vt 0.38859662 0.64628172
vt 0.38658550 0.62939209
vt 0.36687171 0.63416219
vt 0.37681699 0.64560997
vt 0.42409530 0.58883625
vt 0.23212445 0.81581825
vt 0.22516946 0.81861323
vt 0.23426336 0.83399963
vt 0.23101903 0.83382678
vt 0.22577806 0.80474335
vt 0.22166318 0.80856198
vt 0.23335098 0.80528450
vt 0.23681898 0.82211012
vt 0.23670775 0.83458656
vt 0.23428003 0.83665514
vt 0.21934855 0.80497307
vt 0.21924429 0.80199307
vt 0.23670775 0.80420852
vt 0.13899660 0.54426169
vt 0.16313982 0.55168891
vt 0.13366096 0.54795277
vt 0.16050425 0.55678123
vt 0.17538710 0.55584520
vt 0.12334340 0.54079628
vt 0.11889348 0.53496075
vt 0.12747586 0.53207839
vt 0.12094607 0.52641237
vt 0.12812293 0.52075106
vt 0.14793809 0.54044855
vt 0.16140063 0.54454958
vt 0.16983972 0.54011136
vt 0.17852023 0.55042553
vt 0.17823464 0.53982431
vt 0.15936410 0.53863287
vt 0.18692118 0.55215919
vt 0.15805931 0.56222463
vt 0.18099727 0.56397933
vt 0.18908936 0.54715633
vt 0.18865052 0.53752750
vt 0.18997142 0.56052017
vt 0.17173472 0.56876582
vt 0.19521585 0.56900203
vt 0.11492444 0.53848201
vt 0.11227517 0.54626644
vt 0.11834209 0.54987079
vt 0.18070027 0.57185757
vt 0.12969416 0.55735785
vt 0.14304870 0.56507844
vt 0.20092000 0.54657197
vt 0.20276324 0.55756927
vt 0.15261097 0.57016325
vt 0.20989433 0.56604344
vt 0.21896267 0.55014974
vt 0.21461326 0.53888953
vt 0.23663501 0.53352809
vt 0.23580393 0.54503572
vt 0.22830938 0.55679923
vt 0.24876733 0.53961462
vt 0.25389192 0.53125352
vt 0.25930172 0.53397769
vt 0.27089879 0.52699327
vt 0.25610894 0.54463667
vt 0.26876509 0.54247129
vt 0.28355223 0.51967281
vt 0.24578626 0.54923934
vt 0.28285778 0.53668737
vt 0.30915245 0.51455998
vt 0.29430172 0.51238185
vt 0.30349669 0.50744313
vt 0.31978285 0.50572252
vt 0.16505773 0.57912546
vt 0.30243850 0.52214456
vt 0.24279450 0.52431732
vt 0.23637913 0.52886063
vt 0.25311857 0.51936686
vt 0.27499643 0.51120532
vt 0.23013128 0.52894092
vt 0.31154966 0.50223684
vt 0.28762600 0.50666165
vt 0.24477093 0.56008327
vt 0.17176552 0.58660841
vt 0.20240073 0.57532614
vt 0.25934926 0.55205429
vt 0.22565652 0.56903547
vt 0.29430541 0.53012180
vt 0.10764499 0.55503374
vt 0.12091585 0.56720328
vt 0.12681159 0.57167232
vt 0.25644425 0.56173354
vt 0.27065778 0.55222130
vt 0.14853849 0.57739782
vt 0.19464920 0.58787012
vt 0.20788804 0.58318329
vt 0.24247578 0.57080084
vt 0.17737037 0.59558362
vt 0.22093116 0.57910174
vt 0.15628502 0.59221876
vt 0.13511115 0.57745743
vt 0.14387341 0.58365548
vt 0.16250055 0.59641904
vt 0.20172407 0.53755397
vt 0.38180965 0.54424530
vt 0.39651030 0.54231745
vt 0.39119890 0.56346458
vt 0.37816930 0.55716443
vt 0.36362618 0.54759216
vt 0.37007228 0.53750139
vt 0.35365459 0.54065233
vt 0.37461060 0.52807701
vt 0.35409144 0.52666706
vt 0.34297374 0.53369939
vt 0.33717561 0.52251661
vt 0.33449486 0.52909088
vt 0.35385770 0.51679707
vt 0.33679289 0.51150322
vt 0.33145529 0.51696658
vt 0.38092473 0.58643514
vt 0.39386910 0.57665700
vt 0.36510339 0.57261014
vt 0.37174517 0.59090674
vt 0.35990965 0.59749156
vt 0.36761490 0.59558409
vt 0.36637101 0.60015541
vt 0.35190004 0.58345091
vt 0.35653666 0.56524366
vt 0.33885971 0.56561518
vt 0.34837562 0.59661186
vt 0.33251742 0.55355126
vt 0.33087924 0.53954643
vt 0.36607143 0.60701907
vt 0.34036243 0.57546037
vt 0.32632715 0.56248647
vt 0.40078309 0.55815870
vt 0.39918175 0.57463396
vt 0.41041473 0.54700094
vt 0.40857884 0.56464285
vt 0.32761413 0.58025879
vt 0.32508868 0.55068386
vt 0.41871706 0.55200094
vt 0.32879758 0.52534652
vt 0.32029960 0.55289251
vt 0.33809480 0.50216639
vt 0.31453761 0.52850282
vt 0.32396212 0.51641154
vt 0.31930619 0.53973699
vt 0.31178266 0.54468054
vt 0.30537453 0.53491420
vt 0.29650185 0.54278672
vt 0.28072622 0.55116183
vt 0.27311656 0.55813491
vt 0.26745746 0.56841862
vt 0.28868732 0.56377441
vt 0.32867721 0.50336963
vt 0.28114852 0.56937319
vt 0.26627526 0.57989419
vt 0.24966978 0.57836449
vt 0.30240765 0.55349827
vt 0.23340455 0.58681428
vt 0.22073714 0.59940797
vt 0.20531729 0.60381871
vt 0.19512142 0.60076457
vt 0.23831224 0.59309781
vt 0.18714374 0.60663742
vt 0.25375658 0.58649659
vt 0.17521675 0.60701907
vt 0.31442046 0.55552202
vt 0.31799743 0.56155837
vt 0.99190593 0.90397298
vt 0.98598981 0.91114527
vt 0.99189895 0.91154981
vt 0.99337465 0.91535163
vt 0.99102128 0.91896033
vt 0.98216003 0.91940051
vt 0.98527205 0.92782569
vt 0.97746867 0.91173238
vt 0.98162973 0.90156227
vt 0.97273713 0.90647435
vt 0.99692440 0.89396363
vt 0.98347998 0.89303011
vt 0.96954697 0.89852554
vt 0.99645221 0.91008323
vt 0.99688798 0.89752591
vt 0.97333378 0.92351425
vt 0.96359271 0.90366334
vt 0.96295702 0.91466683
vt 0.99672115 0.88468349
vt 0.97909766 0.93630850
vt 0.95661342 0.91554976
vt 0.96715438 0.92488837
vt 0.94739532 0.90616673
vt 0.95477808 0.89764047
vt 0.96722496 0.89171779
vt 0.98370439 0.88516128
vt 0.95018220 0.89112639
vt 0.98180896 0.87558013
vt 0.99621475 0.87446630
vt 0.97858661 0.86979342
vt 0.93951929 0.89688420
vt 0.96532506 0.88290167
vt 0.96375155 0.87801850
vt 0.96564066 0.87295932
vt 0.98341990 0.86053741
vt 0.97597575 0.85216612
vt 0.99622816 0.86902189
vt 0.96713305 0.85332012
vt 0.97187823 0.84514195
vt 0.96806657 0.83864522
vt 0.96012878 0.84024251
vt 0.96900946 0.86575764
vt 0.98474419 0.85523611
vt 0.95047325 0.87746412
vt 0.95873243 0.87610286
vt 0.94848716 0.87308085
vt 0.94242680 0.87599814
vt 0.94149798 0.88634890
vt 0.99656457 0.85965860
vt 0.93541300 0.89014369
vt 0.97132140 0.83513743
vt 0.96135855 0.84911209
vt 0.96304244 0.85558122
vt 0.96590000 0.86099625
vt 0.93799633 0.88127160
vt 0.98054665 0.84450173
vt 0.99010760 0.85081106
vt 0.99688798 0.85000443
vt 0.97552854 0.83951914
vt 0.96528357 0.86629897
vt 0.94493330 0.87153393
vt 0.98643517 0.83558148
vt 0.99494135 0.84206349
vt 0.99200523 0.83574450
vt 0.99227881 0.83228415
vt 0.98071301 0.83562106
vt 0.98298275 0.83161408
vt 0.98587245 0.82244748
vt 0.99186760 0.81784397
vt 0.99089730 0.80926466
vt 0.98287082 0.81869918
vt 0.98730147 0.80788177
vt 0.98987752 0.80372620
vt 0.97635740 0.82446969
vt 0.97924405 0.83221787
vt 0.93665493 0.86935389
vt 0.76646030 0.83526212
vt 0.80198050 0.82476610
vt 0.78213143 0.82772142
vt 0.79932469 0.82105720
vt 0.79063088 0.83288676
vt 0.76958847 0.83801633
vt 0.76142353 0.83784407
vt 0.80504525 0.83142239
vt 0.79083639 0.83525759
vt 0.80623901 0.84185439
vt 0.78861749 0.84185439
vt 0.76963669 0.84091961
vt 0.61192566 0.70089149
vt 0.60191077 0.70980334
vt 0.60312760 0.69580895
vt 0.61363345 0.71251231
vt 0.62328380 0.70731437
vt 0.61832643 0.72020358
vt 0.63823956 0.71202248
vt 0.63468796 0.71969950
vt 0.59670323 0.73132282
vt 0.65066183 0.70983112
vt 0.61609614 0.72985119
vt 0.65900785 0.71650940
vt 0.66476274 0.70273614
vt 0.64718354 0.72882372
vt 0.60911548 0.69634563
vt 0.60110426 0.69190550
vt 0.65826178 0.73218739
vt 0.63890111 0.73608720
vt 0.65042728 0.74434584
vt 0.65857315 0.74093932
vt 0.59788620 0.68669558
vt 0.63947558 0.74627805
vt 0.62839252 0.74641317
vt 0.60132581 0.74045247
vt 0.59169704 0.74090880
vt 0.59950030 0.74807161
vt 0.58921373 0.75062919
vt 0.63893557 0.70269495
vt 0.64648312 0.69950116
vt 0.65809679 0.70553839
vt 0.66159528 0.69560093
vt 0.64565092 0.68708599
vt 0.63658041 0.68873644
vt 0.58389974 0.74135274
vt 0.58591872 0.72738183
vt 0.57287145 0.74892926
vt 0.59021765 0.71820325
vt 0.59557486 0.70391774
vt 0.59834087 0.75921082
vt 0.57644469 0.73189390
vt 0.56663001 0.76350600
vt 0.59306490 0.76747298
vt 0.61109805 0.76803094
vt 0.63381529 0.75368649
vt 0.62528235 0.76214355
vt 0.56040078 0.71749282
vt 0.56207651 0.71058542
vt 0.54921907 0.71279281
vt 0.54566574 0.69916511
vt 0.53570271 0.70221829
vt 0.54983252 0.72090900
vt 0.53133160 0.71039373
vt 0.52068532 0.70810580
vt 0.49220225 0.72317415
vt 0.51914299 0.72662491
vt 0.49402055 0.73053467
vt 0.48325914 0.72463584
vt 0.48038590 0.73337090
vt 0.47541335 0.72323120
vt 0.46733767 0.73447382
vt 0.49148580 0.74478126
vt 0.47685555 0.74713105
vt 0.53106916 0.72315490
vt 0.50455451 0.73753148
vt 0.46872312 0.72049141
vt 0.46108237 0.73882186
vt 0.55471992 0.69776297
vt 0.45736903 0.74737942
vt 0.55327684 0.73228639
vt 0.46061221 0.72272903
vt 0.46487600 0.71691877
vt 0.45075977 0.72882676
vt 0.49922746 0.74964422
vt 0.56054753 0.75245339
vt 0.44548476 0.73462409
vt 0.44319347 0.72666341
vt 0.56467819 0.70572060
vt 0.52055627 0.75060743
vt 0.53055382 0.73351234
vt 0.48502606 0.76273674
vt 0.50625050 0.75549108
vt 0.47963995 0.76302224
vt 0.56977320 0.77026558
vt 0.58598453 0.77797818
vt 0.54469436 0.73224664
vt 0.44393784 0.71429503
vt 0.45086449 0.71363121
vt 0.44105273 0.69829625
vt 0.44775558 0.69507545
vt 0.46104220 0.70532197
vt 0.44648239 0.68323880
vt 0.43605858 0.68002248
vt 0.44215780 0.66183364
vt 0.43157044 0.66399759
vt 0.43656838 0.69721752
vt 0.59472394 0.77747452
vt 0.61686265 0.77435726
vt 0.43889192 0.71415848
vt 0.45683259 0.75028950
vt 0.44249585 0.74038947
vt 0.53201926 0.74924773
vt 0.57232624 0.78327000
vt 0.54537773 0.74538016
vt 0.46991193 0.76840830
vt 0.54698366 0.75585836
vt 0.45593122 0.75846231
vt 0.45068052 0.77280533
vt 0.46516389 0.78000838
vt 0.44283855 0.78859371
vt 0.43982655 0.77615368
vt 0.43714023 0.76315850
vt 0.55828118 0.76994598
vt 0.47771621 0.77565348
vt 0.43473497 0.75020409
vt 0.53163290 0.76051515
vt 0.44769281 0.66074526
vt 0.45315653 0.67193872
vt 0.52269483 0.76149392
vt 0.54748523 0.77039886
vt 0.55182964 0.78403318
vt 0.50708318 0.76733589
vt 0.43189296 0.70368701
vt 0.42788079 0.66865396
vt 0.42938748 0.73369855
vt 0.42725989 0.71969771
vt 0.45961168 0.69156235
vt 0.53601366 0.75908560
vt 0.52013379 0.77069539
vt 0.57374841 0.79179418
vt 0.50716662 0.77346921
vt 0.42398944 0.69310665
vt 0.53076327 0.77045012
vt 0.42723152 0.66296846
vt 0.48136914 0.71523392
vt 0.42426550 0.70363301
vt 0.42422122 0.66500169
vt 0.56494242 0.79329246
vt 0.57461959 0.79766029
vt 0.58767623 0.70801163
vt 0.56374240 0.69554591
vt 0.58371651 0.70057505
vt 0.47996068 0.70319909
vt 0.54383892 0.68753946
vt 0.46745047 0.79040748
vt 0.44526726 0.79766029
vt 0.48134732 0.78678930
vt 0.44262713 0.11575484
vt 0.42844284 0.12414211
vt 0.42693380 0.12065768
vt 0.45159161 0.12261975
vt 0.45559552 0.11645043
vt 0.45248231 0.10872447
vt 0.42054912 0.12178278
vt 0.41922042 0.12621874
vt 0.43919927 0.11063939
vt 0.45913884 0.12270105
vt 0.45402980 0.10268629
vt 0.41256592 0.12702900
vt 0.43789187 0.12682456
vt 0.42501193 0.12957335
vt 0.44918534 0.12736189
vt 0.45296410 0.12851572
vt 0.43956628 0.13041592
vt 0.45910490 0.13041592
vt 0.41313985 0.12995636
vt 0.45185587 0.39795607
vt 0.46603677 0.39955926
vt 0.44180158 0.39998972
vt 0.46483839 0.39408016
vt 0.44401890 0.39590764
vt 0.47666997 0.39416683
vt 0.47584471 0.40068847
vt 0.43585411 0.40069026
vt 0.47759226 0.39038128
vt 0.43541300 0.39696860
vt 0.46234572 0.39098871
vt 0.44285339 0.39311075
vt 0.47735521 0.40684575
vt 0.46618631 0.40669465
vt 0.45300707 0.40684575
vt 0.44146645 0.40469050
vt 0.04322956 0.15165794
vt 0.02630540 0.15573859
vt 0.02992995 0.15007097
vt 0.01932772 0.15645146
vt 0.01645264 0.16186583
vt 0.04240777 0.14639354
vt 0.03473910 0.14601386
vt 0.00780746 0.16093773
vt 0.04324969 0.15584373
vt 0.04726355 0.15257490
vt 0.02837154 0.16097373
vt 0.04870697 0.14759463
vt 0.00659051 0.16334486
vt 0.04769530 0.15869433
vt 0.04186806 0.16215456
vt 0.04876977 0.16334486
vt 0.01659712 0.15541786
vt 0.01820539 0.15141845
vt 0.02528166 0.14617693
vt 0.13563798 0.35665637
vt 0.14025727 0.35990566
vt 0.14036210 0.34043878
vt 0.13572860 0.33040661
vt 0.13031411 0.35769892
vt 0.13069451 0.37003982
vt 0.13705215 0.37147534
vt 0.14118855 0.32706785
vt 0.13746849 0.32452339
vt 0.13195850 0.32813346
vt 0.12994567 0.37651646
vt 0.14281496 0.37251925
vt 0.14313684 0.33801788
vt 0.14337276 0.35848081
vt 0.14477144 0.37021285
vt 0.13769802 0.37419975
vt 0.14543058 0.34547764
vt 0.12487427 0.36952245
vt 0.12479666 0.35832596
vt 0.12293582 0.37526608
vt 0.12898453 0.33183610
vt 0.14543058 0.37472057
vt 0.12014526 0.36735231
vt 0.12273858 0.35174203
vt 0.11643234 0.37084818
vt 0.06302469 0.58851820
vt 0.06351279 0.58239394
vt 0.08014458 0.58781749
vt 0.05270222 0.58483142
vt 0.07808605 0.58224207
vt 0.08916450 0.58835983
vt 0.05325298 0.57758659
vt 0.09193094 0.58434236
vt 0.09700672 0.58697248
vt 0.05235520 0.59164995
vt 0.03937121 0.57238203
vt 0.07532340 0.59305352
vt 0.05886594 0.59248817
vt 0.08433486 0.59056658
vt 0.08842578 0.59028268
vt 0.03863811 0.58286273
vt 0.04499000 0.59086412
vt 0.03714801 0.59020144
vt 0.02604446 0.58063167
vt 0.02435563 0.59003383
vt 0.03049845 0.57439399
vt 0.03091954 0.57087284
vt 0.02776963 0.59255427
vt 0.03728845 0.59845465
vt 0.04530242 0.59715724
vt 0.05061989 0.57087791
vt 0.05748707 0.57062393
vt 0.06470845 0.57571763
vt 0.09060336 0.59309167
vt 0.09963399 0.59285074
vt 0.10149385 0.58722407
vt 0.09636390 0.59922010
vt 0.02065026 0.59922010
vt 0.91489136 0.90928864
vt 0.92466468 0.91508251
vt 0.91844994 0.91550756
vt 0.91566110 0.92189246
vt 0.90368438 0.91250658
vt 0.90661007 0.90413511
vt 0.91628474 0.90049809
vt 0.91072232 0.89982671
vt 0.92298609 0.90478718
vt 0.92336226 0.92244369
vt 0.92662567 0.90575939
vt 0.92267245 0.89930701
vt 0.91936535 0.89145887
vt 0.91115558 0.89767343
vt 0.76642519 0.88390535
vt 0.77889121 0.87587160
vt 0.77581066 0.88847584
vt 0.78873539 0.88154960
vt 0.78292674 0.89422280
vt 0.79316616 0.87060100
vt 0.80736047 0.87888730
vt 0.80604392 0.88489795
vt 0.81541389 0.87441236
vt 0.82557726 0.88058341
vt 0.82357109 0.88766515
vt 0.80016536 0.89637786
vt 0.83458304 0.87886548
vt 0.82061559 0.90051937
vt 0.84264684 0.89298707
vt 0.86564994 0.88587123
vt 0.85339862 0.87649381
vt 0.86943030 0.88077813
vt 0.83658755 0.87043077
vt 0.83535612 0.90689218
vt 0.84955353 0.90051746
vt 0.79624134 0.90883577
vt 0.81308424 0.91210335
vt 0.77797753 0.90585619
vt 0.79690558 0.91377163
vt 0.77088845 0.90138167
vt 0.77745336 0.91802663
vt 0.76562256 0.91334391
vt 0.76075357 0.89611095
vt 0.86963075 0.87519246
vt 0.88031083 0.88114613
vt 0.88399041 0.87692535
vt 0.84953892 0.86812162
vt 0.89306319 0.87624246
vt 0.81425744 0.86438477
vt 0.79837054 0.86514699
vt 0.84060299 0.86769843
vt 0.78554243 0.86582130
vt 0.85988915 0.86852396
vt 0.87046295 0.86885107
vt 0.77730221 0.86589158
vt 0.88347167 0.86886293
vt 0.89747584 0.86826074
vt 0.83341056 0.86696649
vt 0.82339329 0.86520416
vt 0.90253192 0.87490481
vt 0.90982115 0.87041366
vt 0.91431725 0.87277669
vt 0.86548531 0.90358573
vt 0.77270520 0.87242699
vt 0.75615114 0.90567571
vt 0.87419236 0.89492351
vt 0.91669035 0.87761366
vt 0.76126713 0.92244369
vt 0.87723821 0.91485417
vt 0.88064462 0.91316187
vt 0.89190501 0.88892859
vt 0.88842726 0.90271050
vt 0.90004706 0.91785115
vt 0.90166003 0.89668375
vt 0.91769791 0.88697338
vt 0.90408695 0.88613874
vt 0.92357516 0.88559586
vt 0.91962045 0.87754589
vt 0.67360121 0.25878465
vt 0.67293590 0.26519901
vt 0.65022177 0.26430434
vt 0.65635711 0.26086724
vt 0.69237036 0.26334304
vt 0.69262511 0.25718743
vt 0.64603657 0.26119852
vt 0.64455187 0.26597267
vt 0.65109795 0.26842296
vt 0.67467707 0.25484622
vt 0.69222844 0.25139773
vt 0.66241801 0.25484800
vt 0.68124425 0.25000000
vt 0.69676793 0.26107937
vt 0.69561398 0.25274688
vt 0.69815463 0.26861835
vt 0.64792860 0.26933098
vt 0.69124401 0.26993066
vt 0.67695773 0.26993072
vt 0.81396502 0.84358370
vt 0.82427305 0.83607292
vt 0.82420677 0.82736421
vt 0.81993663 0.85051996
vt 0.82820737 0.82523489
vt 0.81186330 0.83684909
vt 0.82769507 0.82257128
vt 0.81174773 0.83004969
vt 0.81839329 0.81938291
vt 0.81873387 0.80426949
vt 0.81526893 0.79129356
vt 0.81035024 0.80292511
vt 0.81300402 0.81031090
vt 0.80748296 0.81173354
vt 0.82308686 0.79478770
vt 0.81353372 0.77952266
vt 0.81669444 0.77599794
vt 0.81165946 0.77486229
vt 0.80853134 0.79092842
vt 0.80970013 0.81440401
vt 0.81177151 0.82128072
vt 0.80431408 0.80311352
vt 0.80096662 0.81128198
vt 0.82114011 0.81191850
vt 0.81146449 0.77166378
vt 0.81364894 0.77175313
vt 0.82820737 0.80066389
vt 0.82547122 0.78942847
vt 0.82072788 0.77904642
vt 0.82492077 0.81253141
vt 0.61561781 0.97874218
vt 0.60139370 0.98208362
vt 0.59470898 0.98092192
vt 0.58743411 0.98601967
vt 0.59117407 0.98721403
vt 0.61152864 0.98442185
vt 0.62638205 0.97616982
vt 0.62604457 0.98397148
vt 0.61350971 0.98665076
vt 0.60263085 0.99176776
vt 0.58926684 0.98897392
vt 0.62920475 0.98973489
vt 0.63137084 0.99176776
vt 0.23427509 0.96511126
vt 0.24265797 0.97294629
vt 0.22798432 0.97445154
vt 0.21733281 0.96684468
vt 0.21789388 0.97530329
vt 0.20896716 0.97000360
vt 0.20715697 0.97484380
vt 0.19661237 0.96889979
vt 0.19568478 0.97493929
vt 0.18331309 0.96860898
vt 0.18137461 0.97530329
vt 0.22010180 0.95657462
vt 0.25263619 0.97038078
vt 0.19708839 0.95866513
vt 0.18394624 0.95629609
vt 0.19751224 0.94930780
vt 0.18535073 0.94734383
vt 0.20900787 0.95208949
vt 0.20667192 0.96260118
vt 0.21067308 0.94287682
vt 0.21855925 0.94442374
vt 0.20151116 0.93931848
vt 0.18835674 0.93553144
vt 0.16953316 0.96681136
vt 0.16736832 0.95492887
vt 0.16726448 0.94844949
vt 0.16900039 0.93446517
vt 0.15127410 0.95247489
vt 0.15062387 0.94523865
vt 0.14868377 0.93341231
vt 0.21605155 0.93012375
vt 0.22275300 0.93185610
vt 0.20420787 0.92677641
vt 0.16891952 0.92704630
vt 0.13511357 0.94729781
vt 0.13543658 0.93534428
vt 0.12528650 0.93636733
vt 0.12439292 0.94844234
vt 0.14288534 0.97215432
vt 0.13666293 0.96452379
vt 0.14849271 0.96722263
vt 0.12984243 0.96919501
vt 0.12537317 0.95965713
vt 0.12013355 0.96718633
vt 0.11384854 0.95810956
vt 0.11229401 0.96574634
vt 0.13548346 0.95493472
vt 0.15168457 0.96462625
vt 0.09922096 0.96412855
vt 0.10086391 0.95571321
vt 0.11389407 0.95101798
vt 0.16610725 0.96947503
vt 0.15310481 0.97327769
vt 0.16547666 0.97443271
vt 0.08827727 0.96062100
vt 0.08671316 0.96466696
vt 0.08040421 0.96321452
vt 0.05757893 0.78154600
vt 0.04804815 0.77237499
vt 0.06360853 0.77326727
vt 0.05689280 0.76752281
vt 0.07438009 0.77841270
vt 0.05060958 0.78129888
vt 0.07252647 0.77445608
vt 0.07994210 0.77661383
vt 0.06607570 0.78552860
vt 0.04251924 0.77912998
vt 0.05200474 0.76386482
vt 0.04500119 0.76991194
vt 0.05533307 0.78503060
vt 0.07466219 0.78195232
vt 0.03998243 0.77518529
vt 0.08391916 0.77900505
vt 0.04144249 0.78552860
vt 0.00884035 0.61450380
vt 0.01415605 0.59978426
vt 0.00976201 0.58890611
vt 0.00444749 0.58943093
vt 0.01426837 0.62229776
vt 0.01128729 0.62810910
vt 0.01289226 0.58717960
vt 0.01713533 0.58622181
vt 0.01318190 0.63041592
vt 0.01713532 0.60406470
vt 0.00219684 0.59000963
vt 0.00370510 0.61514109
vt 0.65157390 0.65033078
vt 0.65447241 0.65633833
vt 0.66116732 0.64735138
vt 0.67253071 0.65040445
vt 0.66849822 0.65668124
vt 0.65263349 0.64340591
vt 0.64817321 0.63984513
vt 0.64987648 0.65348536
vt 0.65474540 0.66885024
vt 0.63985735 0.65131885
vt 0.64866233 0.66602653
vt 0.63785350 0.63602501
vt 0.64173317 0.66537708
vt 0.66368634 0.66300303
vt 0.62814009 0.66472262
vt 0.63227957 0.64862853
vt 0.64260834 0.62810004
vt 0.66163421 0.67417151
vt 0.63321257 0.66854513
vt 0.62012196 0.67214692
vt 0.62567598 0.67467684
vt 0.63508391 0.67152166
vt 0.63453758 0.67863053
vt 0.66042805 0.63781333
vt 0.66082996 0.62576145
vt 0.64129817 0.61900914
vt 0.66736293 0.63598365
vt 0.64684457 0.67492807
vt 0.67802888 0.63590050
vt 0.65463001 0.68385124
vt 0.66523528 0.62017763
vt 0.64202088 0.61085355
vt 0.62948263 0.61131632
vt 0.62619889 0.62240320
vt 0.61818981 0.60961872
vt 0.67106491 0.66663682
vt 0.67970121 0.63029557
vt 0.66609287 0.61636353
vt 0.65670401 0.68077564
vt 0.62633735 0.68189406
vt 0.65908509 0.68185717
vt 0.67970121 0.65415812
vt 0.67660940 0.66098058
vt 0.66725200 0.67855883
vt 0.65585941 0.69280761
vt 0.67604780 0.67123669
vt 0.67002749 0.68080938
vt 0.01229655 0.54309881
vt 0.01650758 0.55382311
vt 0.02280777 0.54382682
vt 0.01985102 0.53243291
vt 0.01269292 0.55673712
vt 0.02473762 0.55226284
vt 0.01212397 0.53715819
vt 0.02428769 0.52070713
vt 0.01543438 0.52934396
vt 0.00850196 0.55686069
vt 0.02680141 0.55360782
vt 0.00708127 0.54583794
vt 0.01930989 0.51977611
vt 0.02680140 0.51516467
vt 0.02575094 0.53696036
vt 0.02350043 0.55697554
vt 0.01222270 0.55849218
vt 0.00654853 0.55813509
vt 0.00864820 0.53060806
vt 0.00311908 0.54171836
vt 0.00131810 0.55139279
vt 0.00203369 0.55679971
vt 0.90778691 0.45204854
vt 0.89312547 0.44992733
vt 0.88804787 0.45343065
vt 0.91031200 0.45686644
vt 0.91034013 0.44675380
vt 0.88473111 0.44672501
vt 0.87850440 0.44944024
vt 0.91385096 0.45047754
vt 0.87567675 0.44524097
vt 0.90131980 0.44324088
vt 0.91520208 0.44413579
vt 0.87390161 0.44931221
vt 0.90895206 0.46218300
vt 0.91064078 0.46533388
vt 0.89000940 0.45880967
vt 0.87919956 0.45443082
vt 0.90877843 0.46750432
vt 0.91292000 0.45961493
vt 0.91520208 0.46645617
vt 0.71342289 0.17076123
vt 0.71951604 0.17081046
vt 0.71588027 0.17243218
vt 0.71570355 0.16854417
vt 0.72715288 0.17801970
vt 0.72205025 0.18037117
vt 0.71229392 0.18067592
vt 0.70734203 0.18053454
vt 0.70317620 0.17318469
vt 0.70166957 0.18037117
vt 0.47789380 0.25837791
vt 0.47912148 0.24922788
vt 0.47157800 0.25197232
vt 0.47085679 0.26250589
vt 0.47765148 0.26614809
vt 0.46689555 0.26918507
vt 0.46564779 0.26269472
vt 0.48014230 0.23518258
vt 0.47470382 0.27147961
vt 0.45994082 0.26344728
vt 0.47055382 0.24376941
vt 0.48022848 0.22833622
vt 0.46265888 0.25699210
vt 0.45925453 0.25744569
vt 0.46475878 0.24785984
vt 0.47388297 0.23107660
vt 0.46650404 0.27253032
vt 0.48022848 0.27218890
vt 0.45891792 0.27214414
vt 0.45386642 0.25655949
vt 0.46031722 0.25443184
vt 0.35852307 0.73508626
vt 0.35919717 0.73062563
vt 0.37563312 0.73138410
vt 0.37689662 0.73767722
vt 0.35089216 0.73456609
vt 0.38228992 0.72849631
vt 0.38268894 0.73786831
vt 0.37076160 0.72698951
vt 0.34800863 0.73006260
vt 0.34472349 0.73324889
vt 0.34143975 0.73528183
vt 0.37917703 0.72104782
vt 0.36168143 0.72458977
vt 0.37015584 0.71907157
vt 0.37449762 0.71273828
vt 0.36248431 0.71911240
vt 0.34138840 0.73231500
vt 0.35739008 0.73784757
vt 0.34964031 0.73786831
vt 0.46305990 0.98924679
vt 0.45522067 0.98245573
vt 0.46168295 0.98013341
vt 0.45492408 0.99457008
vt 0.46528998 0.99523395
vt 0.45650789 0.96403813
vt 0.45090082 0.98253930
vt 0.44947276 0.99523395
vt 0.46039939 0.97089446
vt 0.45875633 0.96404755
vt 0.45406407 0.96448493
vt 0.10875503 0.43273163
vt 0.09805259 0.43987477
vt 0.10448205 0.44142067
vt 0.09756710 0.44436044
vt 0.10581860 0.43060398
vt 0.11324996 0.43185925
vt 0.10438621 0.42894298
vt 0.08955599 0.44867545
vt 0.09834298 0.43700504
vt 0.09974154 0.44777763
vt 0.11518259 0.43717778
vt 0.12294521 0.43913126
vt 0.11587252 0.42882490
vt 0.12952703 0.44103020
vt 0.12520687 0.42171031
vt 0.11635566 0.41473198
vt 0.12803581 0.39479089
vt 0.10651691 0.40901697
vt 0.11503829 0.39952445
vt 0.10191976 0.41231787
vt 0.09346806 0.40214366
vt 0.10627029 0.39483917
vt 0.09133203 0.38935077
vt 0.08625609 0.39194167
vt 0.08406352 0.38439876
vt 0.12795146 0.38128871
vt 0.13887446 0.38225806
vt 0.13689563 0.38766485
vt 0.13615203 0.39283645
vt 0.14279437 0.37632918
vt 0.11165480 0.38393831
vt 0.13661294 0.40014297
vt 0.13521500 0.43395889
vt 0.13254519 0.41079915
vt 0.09519276 0.38134825
vt 0.08739977 0.37850440
vt 0.13224448 0.44814229
vt 0.07949553 0.37940454
vt 0.07723084 0.38475227
vt 0.07533040 0.37131715
vt 0.07222819 0.37648350
vt 0.10312964 0.41857487
vt 0.11872297 0.44288325
vt 0.11544305 0.44350088
vt 0.11003031 0.44338024
vt 0.08667327 0.39568067
vt 0.09072095 0.45113862
vt 0.09335739 0.41117907
vt 0.08700335 0.40157288
vt 0.13079733 0.45321232
vt 0.13340880 0.45651746
vt 0.12938689 0.45681226
vt 0.12566049 0.46261603
vt 0.14279436 0.46081471
vt 0.13946681 0.45356208
vt 0.07161687 0.37365115
vt 0.09592446 0.41751719
vt 0.13429201 0.45932496
vt 0.11783789 0.44722241
vt 0.12444334 0.46577120
vt 0.18686983 0.76678139
vt 0.18136920 0.77686310
vt 0.17942557 0.76852286
vt 0.17196831 0.76785761
vt 0.18323830 0.76386482
vt 0.16948920 0.77362841
vt 0.19475283 0.76959074
vt 0.16739894 0.76980692
vt 0.19690230 0.77686310
vt 0.20079087 0.77577621
vt 0.17978893 0.76463765
vt 0.85265326 0.37533689
vt 0.85710084 0.39226240
vt 0.86015058 0.38002074
vt 0.86829984 0.38753319
vt 0.85071504 0.36294544
vt 0.87570691 0.36562312
vt 0.87956470 0.38262820
vt 0.86937755 0.34562749
vt 0.85618556 0.35031438
vt 0.84879649 0.35281795
vt 0.86285037 0.33257270
vt 0.84718120 0.34610236
vt 0.84472281 0.33852005
vt 0.86144483 0.40113646
vt 0.84227604 0.32969368
vt 0.85438842 0.32382661
vt 0.85745537 0.31723130
vt 0.87452978 0.40532839
vt 0.89083040 0.38181233
vt 0.88606215 0.39431643
vt 0.86507350 0.40749526
vt 0.88294125 0.40707231
vt 0.85092676 0.32378775
vt 0.89612806 0.39506006
vt 0.90973490 0.39303553
vt 0.89517796 0.38174200
vt 0.90879309 0.38568300
vt 0.90688473 0.41124535
vt 0.91078365 0.40084445
vt 0.91384184 0.41036081
vt 0.89735031 0.41087139
vt 0.90855581 0.41396785
vt 0.91610414 0.41689563
vt 0.86828494 0.41119170
vt 0.84138840 0.32301652
vt 0.87445813 0.41719031
vt 0.88458574 0.41472149
vt 0.89373219 0.41291809
vt 0.88408148 0.42439771
vt 0.90829581 0.43854904
vt 0.89652592 0.43224633
vt 0.90539551 0.42954648
vt 0.92574692 0.44064128
vt 0.90959758 0.37072748
vt 0.89454162 0.36221540
vt 0.90124446 0.35772163
vt 0.91162354 0.36198437
vt 0.88989240 0.33693594
vt 0.89916188 0.33912867
vt 0.88963968 0.32472932
vt 0.88321012 0.32551742
vt 0.88286448 0.34142160
vt 0.88166225 0.30997097
vt 0.86348677 0.30986369
vt 0.86656177 0.30005109
vt 0.87581468 0.32757485
vt 0.88538426 0.35995615
vt 0.91178191 0.35664213
vt 0.86930627 0.29311734
vt 0.86784041 0.32245374
vt 0.88231540 0.29283750
vt 0.87120229 0.28760004
vt 0.91404825 0.35119224
vt 0.89712477 0.32500708
vt 0.91985214 0.34045863
vt 0.88871819 0.30781496
vt 0.90250689 0.31069648
vt 0.89821190 0.30216932
vt 0.90716028 0.32144582
vt 0.91409993 0.33228296
vt 0.92047280 0.33613372
vt 0.89021635 0.28552860
vt 0.92574692 0.33034980
vt 0.91484064 0.32671392
vt 0.60427940 0.78821343
vt 0.58624548 0.79057008
vt 0.59561026 0.78692228
vt 0.60635203 0.78292894
vt 0.58289617 0.78676975
vt 0.59082127 0.78404218
vt 0.60843647 0.78378010
vt 0.61032444 0.78942639
vt 0.59062761 0.79332757
vt 0.61203867 0.79332757
vt 0.58369452 0.79264265
vt 0.58040422 0.78862667
vt 0.54511303 0.33729106
vt 0.53973591 0.34172511
vt 0.53631061 0.33755910
vt 0.53446746 0.33274198
vt 0.54865503 0.34048986
vt 0.54574877 0.34520936
vt 0.54970807 0.34692037
vt 0.54354346 0.35225302
vt 0.54440862 0.34894496
vt 0.53903645 0.35124362
vt 0.54063058 0.34668922
vt 0.53138852 0.34473979
vt 0.52996171 0.33645535
vt 0.53136027 0.33349937
vt 0.53148985 0.32685542
vt 0.52680141 0.33019620
vt 0.52788061 0.32581508
vt 0.52704346 0.34034073
vt 0.55528933 0.35061610
vt 0.55440617 0.33411789
vt 0.55585456 0.33884490
vt 0.56107205 0.34285122
vt 0.56014842 0.35225302
vt 0.54506707 0.33105880
vt 0.55094403 0.32632083
vt 0.54339880 0.32466269
vt 0.54830140 0.31974357
vt 0.54019654 0.31759095
vt 0.53556138 0.32415199
vt 0.53078175 0.32068658
vt 0.92842263 0.95750779
vt 0.92448580 0.95245004
vt 0.92625642 0.96385616
vt 0.93023598 0.96929318
vt 0.92656237 0.97011000
vt 0.92563975 0.94064122
vt 0.92135328 0.94231874
vt 0.92739809 0.97357017
vt 0.93189806 0.94159335
vt 0.93189806 0.96271145
vt 0.97523451 0.29907799
vt 0.96748769 0.30830353
vt 0.97587478 0.30268127
vt 0.97418493 0.29492998
vt 0.96364504 0.30266821
vt 0.97671354 0.30991101
vt 0.96882522 0.31715858
vt 0.97243708 0.32091737
vt 0.95666492 0.31073856
vt 0.95575368 0.31779879
vt 0.95719427 0.30089056
vt 0.96554923 0.29419410
vt 0.97074139 0.32706439
vt 0.96296537 0.33671331
vt 0.97221988 0.33438373
vt 0.96547049 0.34743500
vt 0.95210052 0.32738876
vt 0.94947118 0.31861770
vt 0.97360158 0.33999091
vt 0.95371777 0.33987439
vt 0.97322649 0.35030919
vt 0.94332165 0.32250780
vt 0.94357210 0.31573093
vt 0.94817805 0.30674994
vt 0.97011775 0.35900939
vt 0.94598871 0.33530188
vt 0.95614630 0.35542291
vt 0.97671354 0.36179757
vt 0.96512347 0.37071550
vt 0.95377761 0.36474025
vt 0.94917893 0.35997546
vt 0.95404375 0.35979736
vt 0.95122820 0.36085355
vt 0.95088625 0.36535591
vt 0.97098941 0.37455052
vt 0.96150678 0.38084924
vt 0.40764913 0.35787761
vt 0.41214803 0.36677969
vt 0.41268086 0.34907097
vt 0.41803151 0.35430884
vt 0.41867486 0.34061915
vt 0.41642660 0.37414932
vt 0.42038506 0.35499799
vt 0.42223197 0.36768907
vt 0.42223197 0.37272108
vt 0.40492958 0.36621881
vt 0.40632910 0.37651646
vt 0.40606543 0.35560691
vt 0.41100049 0.34257424
vt 0.41818866 0.33557707
vt 0.42033505 0.33492202
vt 0.40066102 0.36510891
vt 0.40234417 0.37614775
vt 0.39782694 0.36216313
vt 0.40318307 0.35140085
vt 0.41344249 0.33803236
vt 0.39499122 0.37476790
vt 0.66655588 0.59681416
vt 0.67656720 0.59755421
vt 0.67241776 0.60457999
vt 0.68764853 0.60357696
vt 0.68015432 0.60684890
vt 0.69376099 0.60705155
vt 0.66195238 0.60721219
vt 0.65962636 0.59846026
vt 0.65593916 0.60025764
vt 0.65738410 0.60855067
vt 0.64806676 0.60961872
vt 0.65079427 0.60087812
vt 0.68934113 0.60961872
vt 0.67507732 0.59410393
vt 0.68655503 0.59743571
vt 0.66005480 0.59167475
vt 0.69136637 0.59840685
vt 0.65648669 0.59055459
vt 0.85080975 0.13849109
vt 0.85327369 0.12182659
vt 0.84607315 0.12922037
vt 0.84269154 0.13986361
vt 0.83815920 0.13185388
vt 0.83158660 0.13728589
vt 0.83206689 0.13043272
vt 0.83783793 0.14386994
vt 0.83124274 0.14266014
vt 0.83450371 0.15007079
vt 0.83103561 0.15146148
vt 0.84497368 0.11730206
vt 0.83290851 0.12773442
vt 0.83619851 0.11490089
vt 0.85709929 0.11101997
vt 0.85808438 0.10181975
vt 0.84052777 0.15525728
vt 0.85221100 0.15098572
vt 0.84935081 0.15956718
vt 0.85188657 0.14525074
vt 0.82698113 0.13094127
vt 0.82469243 0.13770312
vt 0.82867247 0.14397740
vt 0.84542418 0.10253429
vt 0.84099376 0.15992671
vt 0.83846331 0.15752220
vt 0.84825742 0.16420996
vt 0.85455507 0.16351140
vt 0.85067326 0.16941077
vt 0.85609114 0.15169621
vt 0.85808438 0.15193719
vt 0.85555178 0.14680314
vt 0.85381824 0.14241302
vt 0.01227730 0.93644303
vt 0.00871924 0.94323552
vt 0.01536991 0.94690150
vt 0.01744512 0.96355134
vt 0.01371207 0.96623266
vt 0.01709787 0.97270364
vt 0.01430717 0.93356043
vt 0.00990768 0.93710351
vt 0.00405648 0.93296564
vt 0.02152900 0.93336535
vt 0.02032313 0.94702941
vt 0.02152900 0.96151251
vt 0.01506621 0.92967480
vt 0.02109600 0.92681438
vt 0.00781823 0.95421094
vt 0.01386751 0.92590988
vt 0.00395431 0.94435531
vt 0.00698559 0.93232703
vt 0.01018781 0.96791708
vt 0.09794521 0.62737197
vt 0.10375179 0.63378227
vt 0.11479264 0.62993962
vt 0.08819255 0.63400471
vt 0.08258006 0.64818251
vt 0.06898368 0.64093029
vt 0.07360134 0.63144732
vt 0.05485617 0.65766770
vt 0.05594809 0.64468265
vt 0.06930181 0.66003317
vt 0.05891905 0.63394636
vt 0.09537469 0.64806873
vt 0.11320851 0.63863873
vt 0.04168609 0.65281343
vt 0.04367847 0.63742107
vt 0.12320164 0.62284982
vt 0.09248336 0.61895114
vt 0.13221495 0.62860686
vt 0.13487381 0.62214863
vt 0.10682616 0.61757320
vt 0.14871779 0.62220579
vt 0.07587314 0.61775404
vt 0.05813851 0.62156665
vt 0.04170737 0.62757856
vt 0.03239051 0.64431036
vt 0.04004711 0.66888738
vt 0.05364297 0.67085487
vt 0.03031635 0.66084743
vt 0.12109469 0.61732072
vt 0.14412531 0.61823601
vt 0.16168246 0.61929566
vt 0.15984204 0.61395144
vt 0.17577545 0.61545289
vt 0.17028928 0.61963385
vt 0.17905633 0.61713916
vt 0.15009630 0.61442262
vt 0.14094986 0.61513126
vt 0.07981539 0.61731780
vt 0.18567233 0.61471665
vt 0.19288225 0.62325215
vt 0.18255539 0.62740403
vt 0.17813666 0.63808328
vt 0.16756459 0.63014698
vt 0.18451796 0.63427752
vt 0.19025983 0.62859815
vt 0.15643260 0.62803018
vt 0.16799769 0.64258140
vt 0.15402792 0.63846630
vt 0.17615722 0.64356589
vt 0.14296886 0.63396215
vt 0.14197117 0.64248216
vt 0.15051883 0.65076554
vt 0.13821191 0.65202045
vt 0.16521938 0.67296356
vt 0.17093572 0.66674143
vt 0.17443472 0.65809202
vt 0.17044704 0.67312306
vt 0.17025419 0.67543972
vt 0.17891808 0.64282882
vt 0.12699081 0.64341033
vt 0.12201107 0.65582365
vt 0.11044998 0.64700294
vt 0.10808399 0.65818113
vt 0.18311058 0.63912523
vt 0.09184268 0.65961730
vt 0.10753917 0.66493177
vt 0.08618940 0.66945010
vt 0.06637327 0.67214912
vt 0.05295906 0.67796761
vt 0.12220173 0.73177218
vt 0.13162801 0.71553850
vt 0.11712846 0.71657926
vt 0.13236275 0.72957891
vt 0.11184026 0.73337644
vt 0.10944849 0.71783936
vt 0.13122718 0.74567997
vt 0.11762518 0.74722689
vt 0.07875570 0.72200727
vt 0.09566947 0.74995631
vt 0.07096495 0.74277651
vt 0.06609287 0.72256154
vt 0.07478745 0.75071347
vt 0.05920755 0.74475175
vt 0.05688904 0.72284824
vt 0.10666742 0.70162028
vt 0.10756747 0.68914491
vt 0.12465260 0.68681920
vt 0.07626179 0.70313430
vt 0.08382994 0.68965101
vt 0.05415234 0.70087457
vt 0.14910798 0.69506663
vt 0.14488761 0.73135436
vt 0.16609716 0.72733682
vt 0.15931419 0.71253073
vt 0.16512889 0.71895665
vt 0.16229816 0.70120555
vt 0.16162366 0.68895686
vt 0.13909945 0.68396759
vt 0.15499455 0.74330008
vt 0.15620255 0.68250340
vt 0.17293885 0.74422640
vt 0.16404444 0.68136686
vt 0.08881272 0.67643917
vt 0.11130980 0.67319310
vt 0.06530605 0.68060082
vt 0.12804750 0.66591191
vt 0.14103022 0.66020828
vt 0.05300104 0.69040418
vt 0.16996717 0.75561261
vt 0.17810494 0.75160921
vt 0.17595766 0.74430662
vt 0.15988556 0.76414251
vt 0.13877212 0.76586133
vt 0.10770312 0.76227915
vt 0.06078049 0.75346583
vt 0.11926350 0.76295710
vt 0.09083205 0.76346695
vt 0.17089814 0.73855436
vt 0.12038472 0.77908397
vt 0.09773080 0.77431864
vt 0.04949564 0.72402459
vt 0.04113638 0.70435625
vt 0.04544877 0.74497169
vt 0.16365224 0.76488620
vt 0.18142974 0.75570655
vt 0.14014132 0.77513266
vt 0.08146069 0.77192885
vt 0.06250365 0.76554495
vt 0.13541085 0.78379548
vt 0.15076566 0.77783424
vt 0.04728899 0.75825000
vt 0.17448695 0.73063058
vt 0.17754573 0.74514741
vt 0.18019499 0.75146443
vt 0.17984357 0.74843967
vt 0.18476467 0.75624084
vt 0.18830867 0.74988800
vt 0.18390360 0.75944918
vt 0.19288225 0.75418836
vt 0.18607682 0.74763083
vt 0.37103367 0.62244874
vt 0.37871310 0.61712998
vt 0.35867986 0.62261701
vt 0.35123840 0.62015450
vt 0.34841827 0.62256563
vt 0.38499972 0.62256563
vt 0.39197293 0.62100792
vt 0.39030343 0.61519390
vt 0.36968151 0.61463058
vt 0.39335939 0.61596298
vt 0.35731089 0.61609250
vt 0.38163590 0.61048526
vt 0.39411247 0.61215907
vt 0.99612135 0.30699444
vt 0.99336058 0.32209808
vt 0.99888355 0.32082391
vt 0.99956065 0.33179474
vt 0.99574012 0.33546221
vt 0.98898107 0.33578855
vt 0.99041009 0.31973195
vt 0.99334586 0.30267590
vt 0.99860615 0.29159445
vt 0.99516833 0.29368329
vt 0.99956065 0.30536830
vt 0.98326749 0.33467931
vt 0.98549360 0.32497811
vt 0.98873663 0.30996686
vt 0.97583479 0.31987530
vt 0.98217452 0.30863374
vt 0.33548558 0.81670338
vt 0.34470379 0.80805868
vt 0.34087989 0.80177838
vt 0.34890735 0.79424208
vt 0.33828381 0.81785125
vt 0.33958423 0.82206720
vt 0.32996485 0.81547439
vt 0.34633753 0.79083365
vt 0.35127461 0.78812826
vt 0.34323290 0.82496411
vt 0.33965078 0.82496846
vt 0.35193321 0.79541647
vt 0.34895477 0.81117135
vt 0.34708437 0.82681221
vt 0.33512756 0.83118147
vt 0.35178179 0.83145583
vt 0.35178176 0.80690658
vt 0.51891536 0.16546124
vt 0.52237350 0.15943223
vt 0.52076077 0.15427876
vt 0.51752859 0.15841264
vt 0.52166891 0.16938466
vt 0.51642448 0.16786981
vt 0.51710951 0.17764181
vt 0.52362013 0.17489249
vt 0.51393235 0.17556423
vt 0.52690417 0.14940238
vt 0.52180672 0.14698660
vt 0.52561307 0.14582741
vt 0.52826273 0.13987678
vt 0.51124656 0.18238205
vt 0.52773571 0.16546416
vt 0.50834799 0.17921299
vt 0.51013082 0.17540610
vt 0.51499027 0.18447793
vt 0.52943480 0.17167926
vt 0.52446556 0.13985622
vt 0.52577817 0.13558054
vt 0.52947599 0.13545334
vt 0.51785076 0.19142586
vt 0.51900512 0.18712413
vt 0.52369720 0.18173379
vt 0.52890599 0.18798780
vt 0.52140540 0.19477367
vt 0.52768028 0.18022013
vt 0.52509683 0.19814193
vt 0.52419269 0.12827885
vt 0.53031635 0.20407277
vt 0.51805216 0.15110373
vt 0.51326907 0.17372644
vt 0.53031635 0.13140410
vt 0.52551222 0.13046062
vt 0.53000665 0.12190640
vt 0.52489167 0.12443143
vt 0.52336949 0.12175041
vt 0.51625657 0.14514732
vt 0.51052058 0.14258969
vt 0.51538247 0.13317311
vt 0.51288283 0.13389856
vt 0.50640935 0.13669932
vt 0.50528163 0.14235783
vt 0.50629491 0.13501579
vt 0.50218099 0.13707328
vt 0.50856525 0.13301563
vt 0.50218457 0.13876224
vt 0.49956062 0.14514732
vt 0.12843731 0.59666657
vt 0.12447961 0.60210127
vt 0.11349034 0.60301620
vt 0.11380783 0.59746683
vt 0.12047927 0.59389126
vt 0.13490500 0.59716213
vt 0.13815945 0.59338409
vt 0.12755308 0.60698342
vt 0.11754663 0.60686994
vt 0.12713468 0.58955801
vt 0.10561200 0.60166937
vt 0.10910537 0.60934144
vt 0.13774842 0.60893476
vt 0.13477123 0.60865217
vt 0.13418756 0.61221838
vt 0.11253624 0.59375566
vt 0.10335879 0.60975415
vt 0.13840070 0.59802753
vt 0.11700352 0.59022504
vt 0.13790381 0.58800775
vt 0.12022281 0.60871935
vt 0.10631248 0.59584469
vt 0.12864344 0.58495307
vt 0.12013840 0.58607197
vt 0.13290048 0.61116838
vt 0.12648736 0.61010355
vt 0.13684767 0.58192915
vt 0.10643584 0.61221838
vt 0.10344141 0.60043806
vt 0.10953242 0.59157044
vt 0.10096212 0.60289431
vt 0.09710018 0.60761768
vt 0.09794065 0.61130488
vt 0.12846535 0.58102250
vt 0.78064120 0.02574348
vt 0.78293824 0.02145147
vt 0.77601355 0.02186048
vt 0.77502126 0.02606225
vt 0.78817815 0.02275038
vt 0.77595043 0.01750773
vt 0.79260761 0.01445663
vt 0.77391410 0.01465660
vt 0.79455966 0.01832253
vt 0.78073806 0.00823224
vt 0.79241580 0.00893092
vt 0.77141130 0.01348251
vt 0.80431086 0.01240277
vt 0.80216134 0.01713973
vt 0.81668186 0.02075857
vt 0.80951875 0.02173591
vt 0.81224597 0.02763182
vt 0.82395190 0.03050816
vt 0.82804710 0.02870381
vt 0.81514394 0.01484746
vt 0.82517439 0.02032876
vt 0.78418976 0.02958220
vt 0.83172232 0.03076255
vt 0.77709782 0.02946651
vt 0.77555805 0.03076255
vt 0.77108961 0.02826792
vt 0.35910615 0.34206426
vt 0.36805871 0.34028423
vt 0.37686646 0.34210217
vt 0.37641129 0.33523440
vt 0.38872010 0.34272099
vt 0.35593802 0.33761346
vt 0.34760156 0.34171355
vt 0.39064184 0.33434808
vt 0.39762741 0.34272099
vt 0.39762330 0.33610356
vt 0.34892225 0.33794200
vt 0.39530978 0.32864559
vt 0.38357109 0.32851410
vt 0.34490335 0.34064937
vt 0.36831081 0.32967681
vt 0.39064616 0.32192373
vt 0.75396669 0.48020440
vt 0.74923784 0.47648877
vt 0.74976879 0.48110855
vt 0.75768948 0.47062445
vt 0.75590783 0.46564239
vt 0.75920475 0.46403813
vt 0.75072646 0.48946524
vt 0.74560630 0.48813993
vt 0.76142353 0.46619046
vt 0.76039320 0.47445548
vt 0.75783068 0.48975849
vt 0.74823499 0.49090123
vt 0.76142353 0.48994648
vt 0.99024695 0.61163718
vt 0.99780315 0.60875219
vt 0.99600065 0.62177533
vt 0.99206984 0.62299895
vt 0.99780315 0.62694973
vt 0.98989457 0.62229586
vt 0.52504396 0.31383324
vt 0.52037168 0.32104588
vt 0.52504396 0.32491386
vt 0.51661813 0.32538998
vt 0.52293551 0.31152511
vt 0.51976317 0.31283945
vt 0.51449913 0.32306468
vt 0.20782062 0.20790231
vt 0.21713343 0.20594913
vt 0.21702945 0.21343362
vt 0.22909120 0.21439159
vt 0.20149472 0.21291584
vt 0.22327042 0.22127217
vt 0.19970916 0.22259378
vt 0.21258776 0.22521442
vt 0.23464902 0.22299421
vt 0.19116002 0.22037131
vt 0.22837701 0.22874099
vt 0.24702454 0.22204852
vt 0.24670470 0.22888225
vt 0.24744248 0.21444929
vt 0.24310930 0.23755610
vt 0.22475685 0.23960137
vt 0.21529594 0.23937744
vt 0.20077620 0.23135668
vt 0.19044703 0.22786617
vt 0.18409491 0.22620547
vt 0.25737038 0.23502260
vt 0.27418405 0.23271197
vt 0.19799386 0.23741543
vt 0.26911405 0.21324325
vt 0.28636551 0.23240638
vt 0.27913934 0.21118271
vt 0.29295227 0.20808429
vt 0.30460975 0.20612955
vt 0.29313698 0.23259664
vt 0.30928954 0.23419249
vt 0.31238633 0.21942133
vt 0.31034860 0.20866984
vt 0.32961017 0.20539331
vt 0.31816325 0.19626760
vt 0.33444610 0.19609970
vt 0.32768938 0.23722035
vt 0.33813214 0.20700186
vt 0.34049645 0.23030913
vt 0.34812084 0.19803512
vt 0.22468354 0.20656621
vt 0.33947790 0.23960137
vt 0.34622997 0.20720774
vt 0.27921963 0.20336628
vt 0.25671989 0.20929730
vt 0.29196393 0.19445187
vt 0.30229226 0.19368154
vt 0.21232219 0.20408612
vt 0.27606705 0.19619733
vt 0.25031883 0.20697117
vt 0.34260798 0.18484020
vt 0.25576764 0.19533229
vt 0.25438878 0.20027989
vt 0.23172185 0.19782686
vt 0.33876693 0.18174732
vt 0.32101041 0.18549484
vt 0.25068164 0.19499528
vt 0.28163418 0.19303977
vt 0.26505154 0.19326723
vt 0.21779430 0.19719833
vt 0.33008033 0.17169881
vt 0.31783381 0.17812932
vt 0.30535033 0.18260032
vt 0.35027120 0.17668009
vt 0.34318507 0.17118442
vt 0.24243899 0.19224668
vt 0.22139964 0.19369078
vt 0.23060273 0.18894410
vt 0.28790981 0.18711931
vt 0.35544816 0.17114383
vt 0.22880326 0.92090786
vt 0.22808535 0.91100979
vt 0.22419690 0.91872865
vt 0.22363797 0.91139567
vt 0.22771211 0.92777658
vt 0.22427934 0.92892694
vt 0.22434625 0.93717504
vt 0.22862129 0.93642759
vt 0.23769772 0.93051267
vt 0.23332432 0.90853709
vt 0.23587114 0.91600579
vt 0.23577535 0.91022724
vt 0.23769772 0.90488565
vt 0.22554331 0.90559584
vt 0.23144622 0.90424609
vt 0.91654211 0.01143074
vt 0.91284084 0.00536126
vt 0.91763020 0.00317121
vt 0.90936720 0.00216639
vt 0.90329927 0.01192033
vt 0.90428895 0.01603121
vt 0.89541394 0.01569211
vt 0.89704955 0.00659180
vt 0.90310431 0.00405908
vt 0.89411247 0.00677997
vt 0.92324233 0.00629914
vt 0.92423862 0.01206011
vt 0.92997795 0.00600016
vt 0.93236488 0.01175559
vt 0.93718648 0.00624472
vt 0.94141203 0.01079643
vt 0.94221288 0.00651425
vt 0.94903713 0.00912094
vt 0.94999152 0.01108599
vt 0.95035148 0.00535780
vt 0.92538899 0.00360930
vt 0.91743630 0.01569211
vt 0.89849073 0.00330698
vt 0.96971959 0.09094101
vt 0.97246844 0.09784073
vt 0.97473121 0.08362222
vt 0.98022848 0.08619010
vt 0.98000330 0.09351516
vt 0.96968365 0.09492159
vt 0.97605985 0.10057729
vt 0.98022848 0.10181975
vt 0.81563538 0.39899182
vt 0.81618303 0.40218776
vt 0.80394459 0.39762294
vt 0.83822870 0.40333742
vt 0.80041027 0.40095222
vt 0.79644108 0.39794445
vt 0.84003133 0.40857887
vt 0.80933839 0.40474916
vt 0.84737217 0.40467942
vt 0.84988648 0.40857887
vt 0.79790068 0.39427936
vt 0.83757222 0.40017807
vt 0.84881204 0.39771461
vt 0.79305798 0.39362133
vt 0.85193324 0.39612448
vt 0.80090857 0.39304352
vt 0.82654113 0.39637107
vt 0.84065574 0.39610279
vt 0.84690195 0.39298093
vt 0.95017105 0.74985421
vt 0.94847172 0.74385476
vt 0.96115172 0.74740148
vt 0.95953637 0.74099737
vt 0.94542450 0.73168433
vt 0.95706129 0.72949487
vt 0.95763850 0.72514188
vt 0.96212262 0.72863996
vt 0.94383276 0.72594196
vt 0.94013941 0.74021453
vt 0.94426930 0.74717313
vt 0.94467878 0.75125629
vt 0.97721189 0.67920315
vt 0.98946571 0.68536770
vt 0.98057514 0.68640119
vt 0.98740488 0.67645538
vt 0.98519087 0.70289153
vt 0.98933882 0.70566756
vt 0.99310595 0.70507121
vt 0.98827845 0.71677375
vt 0.97147125 0.67131680
vt 0.98439270 0.66953099
vt 0.96502602 0.66278654
vt 0.97919357 0.65971386
vt 0.97169888 0.68116713
vt 0.96260715 0.67608619
vt 0.95568997 0.66147178
vt 0.94414026 0.66684538
vt 0.93166506 0.65901214
vt 0.92222899 0.66531885
vt 0.92571354 0.67987454
vt 0.94383347 0.68046534
vt 0.91629279 0.67535061
vt 0.91554624 0.68282926
vt 0.91520208 0.69807154
vt 0.94514591 0.71155578
vt 0.93492848 0.71869624
vt 0.91612512 0.70880300
vt 0.91706425 0.71900016
vt 0.96346086 0.70956278
vt 0.97626460 0.71251887
vt 0.96600384 0.69771594
vt 0.91819346 0.72610497
vt 0.93547928 0.73702288
vt 0.97456038 0.72875619
vt 0.92599803 0.74174267
vt 0.96779573 0.73063576
vt 0.97647494 0.73902208
vt 0.92211884 0.65958619
vt 0.93405128 0.74373710
vt 0.98176926 0.73036188
vt 0.98839289 0.72166145
vt 0.97196686 0.73859620
vt 0.92234761 0.74372578
vt 0.98426056 0.73344415
vt 0.97806340 0.74376804
vt 0.96942168 0.74497944
vt 0.98077005 0.75745207
vt 0.98704684 0.74423826
vt 0.98819542 0.75937295
vt 0.98593992 0.77945906
vt 0.98417783 0.77946275
vt 0.97691393 0.76317358
vt 0.97398001 0.76041740
vt 0.98704743 0.74150205
vt 0.96412945 0.74384797
vt 0.93426609 0.74819005
vt 0.94179904 0.75222945
vt 0.93677640 0.75833338
vt 0.93275213 0.76868081
vt 0.93201768 0.74696249
vt 0.93669248 0.77756691
vt 0.92660666 0.75111151
vt 0.94085896 0.76275033
vt 0.92762101 0.76317441
vt 0.93018824 0.77625740
vt 0.93445224 0.77945906
vt 0.92607099 0.74639213
vt 0.99099994 0.73580450
vt 0.99823242 0.72928929
vt 0.99956065 0.72097838
vt 0.84317493 0.91156882
vt 0.84675020 0.91258758
vt 0.84472716 0.92187989
vt 0.83821678 0.92244369
vt 0.85179079 0.90598267
vt 0.85380447 0.91792220
vt 0.85808438 0.90865535
vt 0.84694767 0.90597922
vt 0.84786290 0.92244369
vt 0.83699471 0.91364056
vt 0.83995324 0.90823156
vt 0.52391660 0.22869647
vt 0.51859289 0.24782544
vt 0.52221417 0.24826944
vt 0.52131945 0.26002514
vt 0.51992357 0.22868556
vt 0.52471119 0.21322650
vt 0.52046263 0.21499372
vt 0.51778340 0.26496053
vt 0.52071959 0.26559794
vt 0.51537788 0.21852088
vt 0.52531385 0.25802189
vt 0.52855885 0.21187174
vt 0.52700740 0.23666453
vt 0.52855885 0.24716872
vt 0.93584991 0.27087629
vt 0.93363202 0.27916384
vt 0.93795663 0.27661991
vt 0.93021291 0.27557921
vt 0.92929256 0.26918852
vt 0.93686044 0.28270233
vt 0.94174552 0.28518498
vt 0.94637358 0.27662694
vt 0.95153660 0.28561550
vt 0.94350260 0.26625621
vt 0.95570606 0.27966982
vt 0.93543005 0.26415765
vt 0.94994664 0.26600599
vt 0.95900464 0.28560966
vt 0.95759803 0.26776481
vt 0.94804728 0.28809333
vt 0.96497411 0.28001225
vt 0.95646328 0.28945559
vt 0.96088153 0.27533269
vt 0.96237606 0.27059621
vt 0.96145016 0.26233250
vt 0.96792316 0.28653729
vt 0.96842808 0.26200336
vt 0.96887195 0.25460380
vt 0.97056240 0.27001595
vt 0.96817678 0.27882034
vt 0.96442938 0.28986132
vt 0.92661977 0.26854235
vt 0.93445230 0.23868763
vt 0.93750268 0.24486536
vt 0.94472414 0.23797441
vt 0.93813205 0.23405218
vt 0.94863445 0.23268348
vt 0.95279759 0.23681068
vt 0.94537699 0.22792304
vt 0.92944378 0.24561143
vt 0.93143028 0.24901569
vt 0.93316716 0.25504756
vt 0.94266301 0.24977189
vt 0.94278795 0.25605947
vt 0.95585418 0.24860269
vt 0.96073884 0.24065638
vt 0.96040523 0.24950498
vt 0.96401715 0.24374002
vt 0.96041793 0.25566411
vt 0.95583361 0.25819910
vt 0.96024024 0.23376924
vt 0.95568311 0.22893262
vt 0.92646831 0.25099635
vt 0.92864281 0.25423366
vt 0.92777622 0.26434755
vt 0.92486817 0.26040190
vt 0.97056240 0.24525577
vt 0.94914675 0.22680020
vt 0.96173012 0.22639751
vt 0.95393425 0.22129166
vt 0.95965642 0.22003514
vt 0.95740259 0.21793759
vt 0.95446533 0.21856314
vt 0.60959411 0.46474457
vt 0.61162150 0.45911902
vt 0.60391641 0.46263015
vt 0.60301781 0.46870786
vt 0.59912461 0.46557957
vt 0.60563397 0.45656383
vt 0.61053365 0.47202921
vt 0.61783218 0.46368468
vt 0.60362196 0.47536743
vt 0.61650455 0.45671678
vt 0.61123073 0.45359015
vt 0.62136275 0.46151835
vt 0.60849172 0.44685435
vt 0.60594445 0.47987956
vt 0.62318420 0.45402348
vt 0.62795532 0.45854461
vt 0.61294180 0.44386446
vt 0.60957319 0.43858916
vt 0.60553473 0.44343334
vt 0.62195420 0.46887916
vt 0.61329627 0.47742045
vt 0.62588996 0.46570039
vt 0.63332355 0.45339847
vt 0.63099533 0.45863426
vt 0.62979543 0.46618855
vt 0.60368854 0.43539935
vt 0.60814232 0.43363392
vt 0.60526663 0.43281376
vt 0.59875637 0.43787932
vt 0.59934634 0.43541348
vt 0.62481248 0.47334212
vt 0.61612004 0.48046231
vt 0.61313444 0.48378789
vt 0.60921162 0.48420298
vt 0.62901598 0.47117227
vt 0.59538597 0.48205292
vt 0.61323088 0.48772717
vt 0.61008799 0.48816234
vt 0.59469962 0.47863102
vt 0.58939731 0.48413432
vt 0.58998263 0.47476828
vt 0.59727663 0.47080159
vt 0.59189159 0.45966613
vt 0.58304113 0.45890582
vt 0.58047378 0.45095086
vt 0.57148200 0.44634378
vt 0.57687777 0.44309759
vt 0.56969750 0.43735611
vt 0.56305081 0.43748975
vt 0.56270844 0.42925984
vt 0.55544847 0.42175168
vt 0.59318674 0.48642302
vt 0.59066534 0.49087673
vt 0.58362055 0.47398877
vt 0.58236027 0.48753011
vt 0.56913275 0.45370394
vt 0.59997267 0.48355395
vt 0.60392761 0.48471963
vt 0.55000389 0.42412806
vt 0.59899557 0.44440037
vt 0.60426897 0.44948363
vt 0.59856611 0.45068687
vt 0.59803253 0.44557208
vt 0.59641689 0.44638193
vt 0.59367096 0.44890630
vt 0.59570915 0.45342243
vt 0.59916282 0.45475566
vt 0.60078478 0.45846647
vt 0.59063667 0.44115013
vt 0.58900934 0.44494188
vt 0.58379245 0.44217777
vt 0.58597869 0.43812370
vt 0.58292925 0.43874913
vt 0.57811898 0.47621858
vt 0.56863254 0.46403396
vt 0.62084049 0.44178903
vt 0.61143458 0.43605161
vt 0.55611283 0.43486929
vt 0.57612324 0.48341769
vt 0.57152718 0.47577316
vt 0.57960290 0.48768008
vt 0.61868709 0.43463910
vt 0.61196339 0.43127322
vt 0.61395168 0.42950499
vt 0.61062467 0.42721033
vt 0.55351740 0.41649342
vt 0.55899829 0.41706145
vt 0.56018239 0.40684652
vt 0.55091739 0.40855753
vt 0.54770982 0.41679490
vt 0.54701233 0.40845418
vt 0.61370397 0.42702216
vt 0.61532706 0.42722392
vt 0.61690569 0.42524493
vt 0.61903650 0.42661518
vt 0.61837077 0.48496199
vt 0.61439502 0.48889917
vt 0.62168789 0.48592973
vt 0.69588572 0.43108678
vt 0.70528883 0.41681820
vt 0.69701159 0.41767019
vt 0.68903875 0.42049944
vt 0.68991143 0.44169641
vt 0.68176562 0.42821932
vt 0.68344122 0.41345048
vt 0.70209599 0.41116446
vt 0.67369032 0.42174125
vt 0.67486542 0.40575457
vt 0.67881000 0.44317228
vt 0.68796742 0.44750375
vt 0.66746467 0.44021940
vt 0.67523611 0.45511603
vt 0.65950787 0.41941547
vt 0.66469646 0.40954900
vt 0.66711068 0.39568180
vt 0.65585291 0.39932644
vt 0.65302891 0.40731943
vt 0.65536207 0.43122315
vt 0.66302860 0.46187055
vt 0.64785540 0.41354656
vt 0.64605016 0.44426203
vt 0.64120561 0.43393004
vt 0.63831097 0.44013369
vt 0.63550836 0.44858468
vt 0.64930236 0.45636106
vt 0.64245170 0.46214664
vt 0.64750075 0.47474813
vt 0.64370966 0.42511451
vt 0.66163981 0.47623086
vt 0.64842850 0.40905273
vt 0.62691319 0.47973305
vt 0.68219429 0.45920801
vt 0.66624147 0.48534048
vt 0.67423248 0.47518754
vt 0.64858806 0.48682594
vt 0.63360983 0.49356568
vt 0.62513256 0.48514581
vt 0.61895764 0.49264824
vt 0.62561858 0.51272619
vt 0.61601037 0.50507480
vt 0.61126739 0.49692184
vt 0.60167456 0.50431615
vt 0.65160108 0.50002164
vt 0.61365360 0.51552105
vt 0.62959707 0.53522700
vt 0.59942776 0.51419795
vt 0.59090430 0.50923300
vt 0.62473297 0.47946811
vt 0.63989615 0.51943994
vt 0.66122144 0.50441694
vt 0.63742840 0.54486597
vt 0.62728262 0.55282378
vt 0.61484027 0.53459942
vt 0.61136854 0.55701637
vt 0.59826928 0.53627390
vt 0.64820433 0.53046882
vt 0.61541772 0.56566727
vt 0.65330392 0.54839385
vt 0.65847367 0.53068393
vt 0.59525728 0.49928844
vt 0.66936219 0.50681263
vt 0.67354017 0.49571669
vt 0.69421566 0.40676129
vt 0.67819804 0.39874852
vt 0.64511323 0.55540669
vt 0.71133566 0.40797395
vt 0.65961939 0.55388415
vt 0.63638496 0.56162965
vt 0.58871102 0.52230901
vt 0.60121500 0.56503320
vt 0.59770846 0.49500608
vt 0.59182924 0.49462086
vt 0.58055705 0.49905252
vt 0.64418232 0.41944993
vt 0.62078530 0.57457429
vt 0.58811754 0.54471719
vt 0.60973054 0.57467908
vt 0.70310140 0.40219545
vt 0.58392668 0.51679319
vt 0.65328598 0.56248772
vt 0.66595209 0.55990481
vt 0.66608262 0.55418628
vt 0.68150324 0.57545149
vt 0.67191589 0.58193076
vt 0.69377702 0.59674442
vt 0.70767134 0.60372967
vt 0.70688719 0.61063677
vt 0.71133566 0.61221838
vt 0.71132058 0.60881352
vt 0.63112682 0.44654989
vt 0.62590450 0.44432724
vt 0.62953734 0.43551862
vt 0.63327354 0.44303983
vt 0.63520777 0.43632615
vt 0.62979436 0.42912990
vt 0.63839310 0.43027079
vt 0.63318294 0.42533857
vt 0.63956869 0.41785240
vt 0.62857646 0.42447960
vt 0.62976074 0.41806489
vt 0.63586831 0.41851825
vt 0.62558848 0.41856658
vt 0.62457824 0.42154133
vt 0.62113023 0.42234623
vt 0.62091625 0.41852129
vt 0.62436348 0.43422794
vt 0.57568395 0.52173853
vt 0.64637005 0.39558059
vt 0.64487344 0.40341616
vt 0.64996320 0.56635243
vt 0.62336791 0.42822421
vt 0.57514834 0.53929561
vt 0.62947100 0.57579464
vt 0.59985596 0.57540476
vt 0.58042997 0.55565774
vt 0.58783978 0.57029670
vt 0.57678562 0.51331139
vt 0.61784101 0.59085661
vt 0.59322751 0.57230312
vt 0.56662661 0.51915026
vt 0.62018090 0.42438841
vt 0.60267484 0.57921720
vt 0.61906272 0.59788793
vt 0.63613093 0.41273010
vt 0.63293052 0.41423476
vt 0.63461137 0.58477265
vt 0.62450111 0.41626763
vt 0.61564636 0.59925038
vt 0.60927349 0.58869189
vt 0.61794466 0.43052173
vt 0.64135379 0.41091824
vt 0.61870939 0.42254269
vt 0.61769474 0.41985905
vt 0.94592488 0.08494067
vt 0.94852525 0.07842290
vt 0.95770508 0.08284009
vt 0.95131302 0.08747005
vt 0.95545870 0.09219593
vt 0.96089631 0.08562565
vt 0.96042025 0.09407514
vt 0.95562130 0.09488738
vt 0.94038999 0.08049428
vt 0.93575871 0.08635670
vt 0.93514001 0.07977331
vt 0.92845744 0.08578187
vt 0.93272156 0.08866364
vt 0.92919362 0.09488738
vt 0.91871703 0.09237665
vt 0.98126477 0.46963030
vt 0.97763366 0.46707129
vt 0.98089290 0.45740110
vt 0.97698224 0.45084214
vt 0.97778749 0.44423264
vt 0.97469807 0.44842720
vt 0.97458029 0.47752821
vt 0.97164977 0.46755284
vt 0.98274249 0.47851098
vt 0.97579759 0.44064128
vt 0.96968365 0.47697812
vt 0.98568559 0.46669436
vt 0.97263521 0.44150311
vt 0.97203559 0.47963607
vt 0.99021423 0.47947752
vt 0.98890513 0.47245789
vt 0.98194999 0.44654250
vt 0.99158037 0.46158457
vt 0.99531519 0.47073901
vt 0.99780315 0.47963607
vt 0.98314935 0.26057899
vt 0.99225307 0.26276541
vt 0.98412859 0.26886058
vt 0.97626442 0.26993072
vt 0.97614676 0.26169312
vt 0.99414265 0.26620269
vt 0.99022818 0.26993072
vt 0.99604571 0.26121157
vt 0.97144115 0.26851594
vt 0.97230804 0.26436567
vt 0.98889428 0.25866550
vt 0.63487512 0.79923838
vt 0.63315433 0.79149312
vt 0.62952930 0.79548526
vt 0.63803470 0.80243248
vt 0.62294036 0.79861259
vt 0.63204217 0.80139279
vt 0.62397766 0.79206413
vt 0.62898421 0.78715068
vt 0.61731106 0.78973323
vt 0.62330556 0.78494287
vt 0.63694113 0.77918297
vt 0.64069724 0.78819650
vt 0.64048481 0.79280716
vt 0.64735091 0.79997540
vt 0.65260100 0.78584653
vt 0.64134341 0.78177053
vt 0.67355007 0.79709280
vt 0.64855874 0.77640569
vt 0.66448677 0.77468753
vt 0.65064800 0.77110243
vt 0.65492696 0.80208731
vt 0.64931613 0.80805892
vt 0.67355007 0.80663145
vt 0.65844327 0.80804306
vt 0.64406163 0.77079725
vt 0.83964318 0.68380541
vt 0.83813834 0.69586658
vt 0.84490335 0.68905914
vt 0.83435851 0.68969291
vt 0.84473068 0.68460125
vt 0.84473068 0.69887346
vt 0.84138060 0.68154246
vt 0.36912879 0.91508520
vt 0.36009631 0.91646278
vt 0.36593965 0.90871984
vt 0.36044991 0.91069233
vt 0.37561572 0.91030073
vt 0.35436141 0.91306245
vt 0.37388811 0.91506171
vt 0.38076913 0.91051781
vt 0.35212609 0.91880399
vt 0.37325734 0.90707213
vt 0.38131112 0.90329659
vt 0.34718284 0.91582197
vt 0.34289706 0.92134672
vt 0.38982221 0.90841043
vt 0.37928998 0.91679615
vt 0.38496101 0.91304582
vt 0.38261080 0.91839916
vt 0.37440267 0.90028137
vt 0.39494854 0.90130085
vt 0.39185852 0.92054236
vt 0.39877737 0.91581410
vt 0.40372753 0.90982497
vt 0.38485146 0.89991337
vt 0.40266979 0.94097340
vt 0.41366717 0.93095464
vt 0.41369444 0.95095187
vt 0.39465564 0.95445073
vt 0.39385894 0.93546700
vt 0.39493713 0.94096196
vt 0.39587966 0.94918764
vt 0.41758665 0.93890011
vt 0.42377016 0.95019001
vt 0.41235906 0.96241462
vt 0.41207165 0.91328764
vt 0.40692243 0.98262393
vt 0.39223835 0.98406357
vt 0.38930482 0.96259540
vt 0.40211016 0.99500602
vt 0.41989994 0.98965883
vt 0.42389327 0.97664267
vt 0.43685746 0.97405976
vt 0.43012679 0.96007198
vt 0.43630323 0.98747307
vt 0.41234696 0.99455214
vt 0.38096938 0.98897219
vt 0.38481092 0.96719897
vt 0.37709612 0.97216946
vt 0.36672872 0.97425544
vt 0.36467585 0.90178955
vt 0.37504324 0.99433136
vt 0.44170552 0.96108609
vt 0.36146888 0.98529774
vt 0.36078733 0.97549665
vt 0.40434787 0.90259582
vt 0.34408423 0.98832124
vt 0.34647962 0.97520214
vt 0.35417613 0.99220937
vt 0.34185717 0.99783361
vt 0.32967991 0.99626756
vt 0.35571063 0.99755192
vt 0.35475984 0.90803409
vt 0.44570777 0.96928388
vt 0.44947276 0.98317659
vt 0.35895213 0.97382700
vt 0.35176909 0.97432894
vt 0.38668972 0.92187160
vt 0.39023456 0.92666799
vt 0.35244486 0.97291607
vt 0.42855901 0.99783361
vt 0.37478614 0.96948081
vt 0.38411853 0.96271712
vt 0.37733090 0.96251458
vt 0.37147954 0.96351624
vt 0.38468421 0.95396322
vt 0.39017698 0.95362967
vt 0.38896546 0.94530624
vt 0.34174499 0.97432506
vt 0.43991572 0.99258745
vt 0.43628916 0.99602956
vt 0.37383699 0.95772642
vt 0.38016430 0.95099682
vt 0.37049946 0.95072621
vt 0.37573868 0.94767153
vt 0.38281733 0.94369829
vt 0.37590200 0.94115490
vt 0.37035266 0.94425565
vt 0.37276891 0.93634117
vt 0.37781656 0.93634295
vt 0.38416013 0.93925762
vt 0.37799701 0.92996567
vt 0.36968634 0.92977136
vt 0.36722976 0.93758237
vt 0.36413077 0.93273556
vt 0.36606115 0.92583817
vt 0.38687602 0.93181360
vt 0.38199395 0.93358105
vt 0.35966313 0.92234921
vt 0.35026702 0.92443740
vt 0.36782047 0.92049676
vt 0.37364751 0.92459238
vt 0.37376887 0.91951263
vt 0.38094920 0.92656845
vt 0.33918625 0.95589560
vt 0.34068745 0.96251297
vt 0.33039638 0.96022922
vt 0.32908612 0.94976640
vt 0.33341783 0.94326895
vt 0.33998883 0.94629067
vt 0.33986747 0.93969685
vt 0.34716219 0.95942789
vt 0.34695032 0.94730276
vt 0.34878799 0.96585625
vt 0.35229805 0.95174646
vt 0.34898537 0.94221693
vt 0.34840396 0.93192685
vt 0.34027401 0.93273091
vt 0.35543704 0.96137172
vt 0.35638297 0.94737798
vt 0.35525560 0.93491703
vt 0.35703707 0.94106936
vt 0.35998228 0.94889212
vt 0.35928932 0.95510554
vt 0.36056468 0.94096661
vt 0.36465201 0.94518578
vt 0.36251646 0.95545936
vt 0.36223653 0.96319866
vt 0.36837146 0.95606780
vt 0.34170946 0.96856564
vt 0.36039346 0.93205124
vt 0.35542676 0.92752737
vt 0.34260568 0.92694038
vt 0.10061511 0.36538661
vt 0.09363922 0.36549497
vt 0.10061511 0.35738093
vt 0.09320775 0.35571921
vt 0.09825853 0.37094420
vt 0.09093977 0.36069232
vt 0.09701020 0.37391680
vt 0.08567663 0.35680044
vt 0.09174853 0.36899090
vt 0.08678681 0.36143327
vt 0.53538162 0.99194211
vt 0.53101039 0.99209547
vt 0.53230625 0.98684537
vt 0.52234876 0.98562121
vt 0.52273095 0.99375188
vt 0.53721344 0.98472035
vt 0.53976619 0.99165851
vt 0.51766300 0.99055195
vt 0.51875335 0.99503666
vt 0.52734417 0.99610054
vt 0.51449913 0.99382210
vt 0.53669208 0.99298573
vt 0.54569346 0.99610054
vt 0.54519570 0.99183422
vt 0.54395139 0.98390788
vt 0.54845178 0.98616672
vt 0.52390784 0.98280627
vt 0.53292280 0.98431563
vt 0.53925651 0.98136914
vt 0.54891032 0.99061793
vt 0.55140597 0.99486935
vt 0.24491808 0.35393035
vt 0.26155472 0.35220683
vt 0.25173765 0.35711396
vt 0.23574863 0.35752535
vt 0.26121187 0.35706198
vt 0.26701730 0.35568887
vt 0.25925344 0.34618717
vt 0.25766382 0.34906173
vt 0.22840163 0.35533464
vt 0.22100176 0.36030120
vt 0.23504056 0.36114156
vt 0.24737434 0.36146188
vt 0.22873387 0.36351824
vt 0.25872445 0.36192667
vt 0.26845342 0.36351824
vt 0.56016183 0.08642793
vt 0.56546575 0.08802938
vt 0.54950410 0.08923042
vt 0.54989833 0.08622181
vt 0.53825587 0.08896154
vt 0.53657264 0.09374219
vt 0.55627996 0.09280175
vt 0.52801007 0.09314525
vt 0.52425575 0.09965551
vt 0.54904431 0.09458816
vt 0.52891964 0.10049736
vt 0.56340045 0.09821326
vt 0.51890332 0.10530758
vt 0.51696122 0.10170132
vt 0.51296175 0.10815930
vt 0.51186293 0.11395144
vt 0.54285574 0.10453689
vt 0.52658820 0.10860610
vt 0.55213720 0.10643744
vt 0.54495567 0.11016613
vt 0.51794213 0.11049575
vt 0.52106965 0.11306757
vt 0.55335444 0.11395144
vt 0.54229438 0.11329091
vt 0.55998605 0.10399294
vt 0.55725241 0.10917848
vt 0.62226439 0.17514390
vt 0.63045806 0.17741227
vt 0.63427997 0.17137891
vt 0.63488579 0.17629486
vt 0.62393022 0.18006796
vt 0.63048154 0.18438375
vt 0.63467467 0.18365693
vt 0.62279093 0.17102611
vt 0.63361889 0.16738826
vt 0.63167256 0.16183537
vt 0.62383854 0.18377399
vt 0.63443422 0.18619967
vt 0.62214452 0.16587412
vt 0.62082601 0.16991293
vt 0.63443422 0.16161180
vt 0.62937206 0.18847489
vt 0.60728991 0.38161671
vt 0.60203773 0.38480824
vt 0.60712165 0.39380127
vt 0.60061514 0.39471400
vt 0.60453206 0.38098025
vt 0.61115992 0.39338505
vt 0.61115992 0.38137245
vt 0.60599345 0.37651646
vt 0.00919118 0.24740034
vt 0.01356672 0.24193519
vt 0.00297017 0.24455374
vt 0.00043937 0.24740034
vt 0.01977153 0.24292994
vt 0.01928987 0.23722726
vt 0.00405310 0.23972356
vt 0.00555669 0.23700172
vt 0.01326485 0.77223831
vt 0.01307615 0.79650146
vt 0.01571292 0.77931106
vt 0.01777399 0.77017236
vt 0.01835988 0.75513065
vt 0.01882139 0.79112935
vt 0.02240058 0.79427344
vt 0.02160402 0.75886232
vt 0.02200640 0.78254312
vt 0.02327191 0.77541286
vt 0.02400020 0.78573048
vt 0.02622444 0.75522035
vt 0.02432287 0.75096869
vt 0.02739570 0.78836149
vt 0.02807049 0.79209387
vt 0.02267410 0.76591617
vt 0.02330530 0.77230674
vt 0.02204099 0.74617285
vt 0.01709480 0.74235082
vt 0.02197125 0.74015117
vt 0.02120932 0.73051423
vt 0.02461036 0.73523557
vt 0.01547651 0.73107266
vt 0.02166572 0.72000366
vt 0.02372360 0.72095329
vt 0.01928166 0.79728788
vt 0.01745530 0.80314213
vt 0.01274165 0.80553585
vt 0.01737477 0.81932408
vt 0.01991417 0.80690742
vt 0.01993205 0.81217748
vt 0.02661413 0.80812800
vt 0.03383126 0.80557138
vt 0.02657958 0.80947053
vt 0.03315293 0.80141968
vt 0.03383128 0.76300430
vt 0.02693937 0.72570282
vt 0.02971033 0.73087424
vt 0.03107031 0.72761029
vt 0.03073599 0.71998364
vt 0.03155325 0.79093790
vt 0.03320498 0.78727233
vt 0.02945861 0.79400098
vt 0.02847283 0.71620452
vt 0.03016850 0.73892838
vt 0.82826477 0.71655256
vt 0.82465953 0.72251284
vt 0.82284904 0.71542490
vt 0.83005428 0.72498518
vt 0.82525581 0.71256739
vt 0.81788945 0.72018933
vt 0.82107669 0.72427952
vt 0.81749892 0.72477877
vt 0.82422638 0.73094243
vt 0.82912248 0.73382050
vt 0.82813638 0.73622942
vt 0.82873267 0.74014759
vt 0.83230650 0.72795475
vt 0.81913322 0.70505989
vt 0.81825900 0.71571851
vt 0.82505953 0.70694029
vt 0.82106400 0.70156384
vt 0.82650363 0.70083439
vt 0.82149887 0.76071662
vt 0.81496954 0.76655269
vt 0.81017989 0.76507962
vt 0.82268918 0.75621730
vt 0.82794392 0.75863206
vt 0.82202393 0.76386744
vt 0.81418914 0.77064109
vt 0.81632090 0.75175911
vt 0.80746728 0.76082498
vt 0.82917231 0.75162542
vt 0.82901156 0.74609059
vt 0.82908362 0.75565773
vt 0.80753082 0.74835229
vt 0.81704313 0.74213135
vt 0.79629672 0.75431001
vt 0.79912180 0.74215531
vt 0.80064201 0.73469067
vt 0.79862833 0.74571621
vt 0.79809648 0.75004733
vt 0.83417147 0.75285906
vt 0.80170292 0.76049942
vt 0.79364973 0.75745463
vt 0.80494696 0.76333243
vt 0.79674357 0.76607966
vt 0.80804884 0.76952940
vt 0.79958922 0.77456832
vt 0.80774903 0.77820581
vt 0.79563874 0.77839696
vt 0.80392355 0.78484452
vt 0.79535145 0.75955242
vt 0.78731179 0.76044148
vt 0.69128805 0.70680314
vt 0.68515593 0.70760447
vt 0.68624550 0.69988495
vt 0.78619665 0.68758237
vt 0.77407563 0.68121076
vt 0.78312516 0.67958742
vt 0.79201990 0.68383664
vt 0.79727578 0.68883008
vt 0.79074746 0.69191283
vt 0.79815853 0.69644386
vt 0.79948324 0.69075710
vt 0.80099612 0.69683897
vt 0.78101861 0.67492443
vt 0.77135402 0.67536438
vt 0.74963230 0.67131281
vt 0.75248241 0.67763835
vt 0.73378569 0.66935360
vt 0.73752129 0.66647625
vt 0.74063033 0.68254668
vt 0.75089973 0.66092515
vt 0.73942369 0.66069734
vt 0.76070982 0.66873276
vt 0.74765807 0.65868229
vt 0.74583596 0.65610474
vt 0.76631486 0.66256893
vt 0.77821106 0.66743588
vt 0.75627732 0.66175050
vt 0.78116429 0.67014331
vt 0.73048228 0.66963977
vt 0.77623779 0.66255838
vt 0.79407179 0.68044055
vt 0.79688436 0.68351763
vt 0.78689957 0.67571342
vt 0.73743463 0.65572745
vt 0.78368527 0.67715716
vt 0.74520111 0.65150100
vt 0.73352474 0.65442991
vt 0.74162775 0.64626998
vt 0.75495321 0.64379781
vt 0.72728407 0.65073085
vt 0.72732162 0.65672779
vt 0.71664882 0.65536296
vt 0.71056223 0.66569030
vt 0.70821208 0.66001022
vt 0.69802564 0.66749197
vt 0.70506710 0.66790843
vt 0.70152801 0.67273545
vt 0.69113183 0.67348945
vt 0.69312531 0.68238217
vt 0.69813669 0.68391651
vt 0.75325066 0.64945096
vt 0.76039153 0.65098947
vt 0.76576501 0.64341420
vt 0.76743132 0.64860046
vt 0.72359926 0.66077280
vt 0.76307964 0.65400636
vt 0.76762819 0.65300220
vt 0.77307618 0.65220261
vt 0.76577240 0.65582049
vt 0.76306516 0.65792495
vt 0.68621820 0.67882055
vt 0.76065445 0.66008413
vt 0.78866255 0.67100155
vt 0.77592272 0.64368838
vt 0.78250390 0.65499365
vt 0.78563231 0.64482772
vt 0.78722435 0.65677547
vt 0.79834062 0.65529901
vt 0.79960400 0.64822590
vt 0.81081891 0.66397458
vt 0.80871636 0.65231633
vt 0.82175821 0.66326433
vt 0.81767762 0.67316848
vt 0.82936651 0.68332458
vt 0.83372337 0.67706853
vt 0.83611602 0.68041998
vt 0.83572704 0.68523276
vt 0.78025711 0.66571319
vt 0.73770899 0.68530792
vt 0.72570062 0.67739904
vt 0.71562368 0.67363513
vt 0.71445251 0.67660397
vt 0.71047133 0.68464762
vt 0.71893114 0.69677639
vt 0.71085548 0.69574505
vt 0.72843534 0.69423598
vt 0.71800113 0.69964015
vt 0.72739404 0.66813481
vt 0.72466910 0.66439110
vt 0.71540350 0.66841578
vt 0.70095980 0.69052428
vt 0.70072615 0.69695717
vt 0.70391124 0.68134838
vt 0.70144570 0.67783380
vt 0.69814652 0.70407343
vt 0.71244991 0.70889401
vt 0.69565964 0.71334207
vt 0.70927072 0.71925431
vt 0.70288062 0.73724025
vt 0.71381474 0.72981268
vt 0.69431436 0.72117442
vt 0.69649035 0.73285931
vt 0.71295536 0.74264669
vt 0.70040816 0.74575084
vt 0.69127053 0.73693728
vt 0.69186950 0.74845612
vt 0.71702331 0.73900092
vt 0.71863556 0.74828815
vt 0.71355027 0.71808869
vt 0.71441579 0.71063524
vt 0.71201485 0.75496686
vt 0.71754998 0.75511521
vt 0.71864378 0.76177174
vt 0.70834035 0.76076448
vt 0.72091597 0.76962739
vt 0.70626593 0.77582961
vt 0.72177112 0.77380115
vt 0.69719642 0.76882052
vt 0.69697034 0.77800870
vt 0.69699401 0.76403159
vt 0.70622939 0.75204486
vt 0.70234954 0.75585157
vt 0.69600546 0.75595737
vt 0.68919641 0.73015726
vt 0.69137937 0.72349298
vt 0.68601483 0.72489995
vt 0.70153731 0.78347564
vt 0.70815122 0.78215504
vt 0.71727026 0.78160703
vt 0.69327635 0.78306317
vt 0.69412827 0.77015728
vt 0.69295800 0.68566614
vt 0.69839799 0.68791819
vt 0.68774128 0.69033295
vt 0.67862606 0.68793923
vt 0.68395257 0.69901490
vt 0.68295234 0.72566670
vt 0.68448007 0.71881294
vt 0.66847682 0.72070390
vt 0.68005639 0.72734720
vt 0.67419720 0.73419118
vt 0.66827768 0.73504931
vt 0.67157972 0.73877692
vt 0.66986889 0.74373287
vt 0.67993212 0.71009707
vt 0.66905057 0.70913672
vt 0.67243940 0.74153417
vt 0.72043782 0.70566666
vt 0.67003876 0.70188946
vt 0.69865197 0.78797710
vt 0.75533664 0.68374491
vt 0.74669582 0.65274030
vt 0.76228583 0.68177539
vt 0.72428882 0.77946883
vt 0.72602522 0.77739131
vt 0.72761720 0.78212768
vt 0.73003829 0.77904159
vt 0.73306859 0.78414780
vt 0.72995931 0.78756678
vt 0.72523022 0.78908205
vt 0.74059796 0.78834909
vt 0.73720032 0.79193461
vt 0.73999065 0.78080851
vt 0.74422854 0.79573047
vt 0.73850358 0.80367351
vt 0.75030875 0.80545926
vt 0.75390947 0.79494876
vt 0.75403452 0.78418595
vt 0.74516761 0.77515370
vt 0.76081419 0.77184397
vt 0.76562726 0.78741020
vt 0.74131173 0.77579069
vt 0.77637678 0.77645344
vt 0.68696916 0.69706267
vt 0.77597326 0.76748747
vt 0.78632426 0.77166808
vt 0.78169978 0.76366687
vt 0.74299091 0.68915993
vt 0.69483232 0.75747633
vt 0.76674569 0.80173230
vt 0.76060784 0.80372977
vt 0.77973747 0.78926128
vt 0.68287444 0.73331404
vt 0.67929471 0.73388970
vt 0.68139362 0.73616123
vt 0.73433578 0.77904046
vt 0.68590266 0.73618728
vt 0.69230777 0.77002454
vt 0.73202115 0.79514349
vt 0.73170424 0.79952288
vt 0.72721559 0.79385453
vt 0.70393908 0.75276595
vt 0.69759768 0.74858654
vt 0.70225966 0.74807113
vt 0.69418120 0.75235319
vt 0.68716580 0.76588631
vt 0.68256605 0.76845962
vt 0.68259692 0.76130867
vt 0.68108153 0.77140892
vt 0.67154360 0.75331044
vt 0.67202014 0.76002842
vt 0.67354572 0.76822203
vt 0.67589504 0.77698821
vt 0.68136388 0.77703053
vt 0.67765296 0.78511757
vt 0.68484479 0.78595179
vt 0.68052882 0.79494357
vt 0.68511862 0.79098612
vt 0.68571001 0.79643571
vt 0.68450367 0.80545926
vt 0.67996085 0.74824464
vt 0.68216044 0.75245434
vt 0.68607724 0.74851173
vt 0.68461800 0.74574000
vt 0.68789661 0.74629164
vt 0.69066608 0.74840677
vt 0.78690094 0.66911232
vt 0.67761731 0.70187581
vt 0.67254424 0.69683486
vt 0.69243258 0.70209777
vt 0.69563609 0.70182461
vt 0.78314984 0.78382927
vt 0.80318576 0.66510487
vt 0.81010371 0.67132378
vt 0.79553723 0.66512996
vt 0.80284011 0.67184061
vt 0.80037624 0.67340392
vt 0.80351388 0.67650175
vt 0.80715746 0.67435235
vt 0.80797189 0.68042564
vt 0.81330711 0.68100244
vt 0.79182559 0.66035235
vt 0.79229558 0.66537452
vt 0.69129342 0.77808440
vt 0.79627007 0.78966659
vt 0.82178986 0.67944646
vt 0.82618839 0.68621784
vt 0.81394058 0.68639255
vt 0.68633276 0.74336964
vt 0.78842437 0.69829404
vt 0.68413824 0.71232140
vt 0.69056702 0.78682119
vt 0.69697309 0.79117239
vt 0.70895064 0.68143773
vt 0.67788339 0.74619371
vt 0.68762290 0.71129924
vt 0.69114619 0.71089512
vt 0.79196191 0.70696944
vt 0.79969931 0.70164973
vt 0.80097687 0.70819366
vt 0.69354576 0.79551983
vt 0.68228567 0.73970640
vt 0.69037867 0.71911961
vt 0.69139981 0.71636385
vt 0.74408817 0.69650900
vt 0.81318200 0.67664897
vt 0.81788230 0.68225187
vt 0.81951720 0.68877691
vt 0.81086677 0.68898040
vt 0.81572515 0.69166982
vt 0.81228447 0.69603497
vt 0.80567503 0.69595647
vt 0.80533028 0.71498603
vt 0.80170470 0.72187448
vt 0.81176609 0.71893942
vt 0.79686034 0.72364300
vt 0.81032264 0.72606516
vt 0.80067623 0.72955722
vt 0.79879725 0.73469096
vt 0.79239374 0.71220875
vt 0.80751282 0.71524853
vt 0.82561964 0.69042802
vt 0.80685127 0.69955623
vt 0.69508260 0.76772577
vt 0.68679756 0.78399265
vt 0.76446331 0.70098352
vt 0.75842535 0.70412654
vt 0.76654834 0.70645332
vt 0.75104803 0.71441913
vt 0.76982945 0.72726345
vt 0.76122904 0.73973691
vt 0.77279913 0.73380607
vt 0.77737999 0.74392635
vt 0.76604217 0.75131333
vt 0.78052878 0.75288397
vt 0.75382864 0.75412577
vt 0.75567526 0.76274157
vt 0.76809341 0.75853938
vt 0.75113994 0.74191386
vt 0.78789294 0.74716234
vt 0.78514969 0.74072146
vt 0.74589473 0.76444292
vt 0.74465060 0.75556719
vt 0.74187243 0.74358666
vt 0.74198061 0.71294951
vt 0.74750739 0.77298135
vt 0.73847640 0.72432154
vt 0.77997869 0.72822928
vt 0.73144764 0.70937830
vt 0.68616658 0.77548486
vt 0.67689633 0.73653930
vt 0.80199337 0.70180982
vt 0.80617958 0.70730615
vt 0.80791032 0.70298141
vt 0.81305450 0.70483547
vt 0.80985671 0.71069771
vt 0.81524879 0.71332932
vt 0.81738633 0.69767511
vt 0.80973077 0.69976473
vt 0.81518435 0.71841973
vt 0.81096274 0.71657938
vt 0.81263471 0.71234202
vt 0.73481965 0.80188340
vt 0.68022263 0.69708198
vt 0.80118120 0.69813186
vt 0.69050223 0.75311434
vt 0.68615627 0.80036122
vt 0.76720643 0.66017705
vt 0.77645224 0.65745145
vt 0.82799834 0.69737238
vt 0.83385730 0.69670552
vt 0.68829590 0.79656202
vt 0.78845721 0.66695541
vt 0.70411575 0.67617393
vt 0.83333719 0.68665957
vt 0.69340187 0.76484400
vt 0.80518943 0.68078411
vt 0.80415571 0.68700272
vt 0.79277897 0.67307317
vt 0.41783831 0.68792492
vt 0.41262016 0.68863744
vt 0.41436779 0.69714040
vt 0.41783831 0.69697142
vt 0.40699831 0.69649297
vt 0.41330978 0.68500865
vt 0.40114236 0.69325304
vt 0.15421793 0.98239249
vt 0.16822003 0.98172140
vt 0.16827768 0.98660582
vt 0.15753792 0.98795861
vt 0.16767813 0.99176776
vt 0.16827768 0.97876948
vt 0.15715387 0.97938502
vt 0.82277423 0.18898344
vt 0.81607383 0.18548715
vt 0.81734729 0.19448137
vt 0.81967044 0.19964582
vt 0.82514042 0.19826972
vt 0.82557184 0.20707232
vt 0.82220936 0.20815712
vt 0.81310165 0.18795395
vt 0.80974531 0.17816246
vt 0.81646186 0.17560214
vt 0.82300937 0.18735862
vt 0.82774580 0.17233396
vt 0.81437522 0.16487998
vt 0.82309896 0.16218948
vt 0.81521684 0.15347314
vt 0.82407451 0.14920783
vt 0.80130899 0.16924739
vt 0.80054170 0.15361655
vt 0.80817670 0.14262104
vt 0.81647140 0.13549685
vt 0.82232064 0.13677573
vt 0.80037326 0.13820976
vt 0.80596071 0.12966305
vt 0.78763950 0.13112545
vt 0.79010379 0.14515615
vt 0.78018123 0.14189512
vt 0.83344197 0.15813851
vt 0.83523726 0.16915351
vt 0.82166195 0.12374747
vt 0.82530648 0.11756957
vt 0.78083223 0.15712130
vt 0.76978570 0.15456843
vt 0.79060096 0.16106009
vt 0.79939246 0.11696661
vt 0.81777233 0.10961872
vt 0.76891273 0.13538623
vt 0.78019273 0.11740887
vt 0.78257114 0.16852498
vt 0.79308498 0.17529976
vt 0.77547121 0.18910372
vt 0.76991886 0.17788035
vt 0.76356095 0.18910879
vt 0.77122980 0.20409220
vt 0.76054484 0.19814610
vt 0.76633811 0.21271789
vt 0.77366096 0.22100079
vt 0.77021402 0.22745830
vt 0.76694888 0.22589117
vt 0.76810038 0.24887347
vt 0.77496547 0.25364584
vt 0.76834863 0.25996923
vt 0.81722271 0.28790277
vt 0.82410002 0.31212664
vt 0.83373511 0.31013352
vt 0.82971430 0.29383945
vt 0.83386469 0.32002175
vt 0.82093590 0.27700001
vt 0.83094120 0.27821672
vt 0.80551022 0.27682930
vt 0.81561244 0.29934967
vt 0.81107485 0.31547272
vt 0.80545712 0.29319537
vt 0.80459166 0.30493367
vt 0.82462001 0.32323259
vt 0.83183885 0.32436264
vt 0.81178236 0.32795644
vt 0.80134642 0.32787251
vt 0.79797173 0.31362760
vt 0.82308382 0.33261842
vt 0.81439185 0.33718991
vt 0.83051813 0.33544695
vt 0.79125792 0.33651519
vt 0.79427737 0.32569134
vt 0.80410051 0.34598643
vt 0.78736365 0.34700263
vt 0.79470491 0.29951560
vt 0.81774902 0.34805006
vt 0.82979649 0.34440041
vt 0.79567689 0.27659374
vt 0.83523726 0.34933949
vt 0.82638526 0.35138649
vt 0.78442669 0.30038607
vt 0.78590357 0.28417176
vt 0.78165811 0.31414092
vt 0.77948391 0.32447684
vt 0.77799439 0.33261698
vt 0.78614759 0.26499414
vt 0.77725220 0.34298378
vt 0.80804986 0.26367575
vt 0.80748576 0.24382263
vt 0.81596535 0.24655157
vt 0.81753349 0.24019945
vt 0.80744398 0.23629898
vt 0.81876582 0.22426063
vt 0.80812877 0.22348225
vt 0.79311848 0.26479518
vt 0.79696608 0.23345625
vt 0.78682035 0.24840844
vt 0.81824023 0.21474504
vt 0.81339127 0.20614326
vt 0.82119232 0.21619153
vt 0.78567129 0.22037220
vt 0.78436637 0.23266494
vt 0.79896086 0.20954430
vt 0.79672980 0.20055163
vt 0.80473220 0.19511420
vt 0.78638148 0.20969439
vt 0.79529905 0.18984747
vt 0.80202287 0.18360025
vt 0.81477946 0.26805437
vt 0.77886462 0.26208436
vt 0.78334683 0.19602054
vt 0.77772522 0.28569001
vt 0.77910680 0.30163586
vt 0.77138066 0.27258998
vt 0.77143669 0.29035616
vt 0.82115620 0.25549614
vt 0.77083451 0.30543137
vt 0.18578848 0.36103153
vt 0.18841054 0.36028004
vt 0.18327799 0.34265447
vt 0.19288225 0.37297642
vt 0.18301286 0.34954405
vt 0.18145870 0.34310246
vt 0.18778069 0.34669334
vt 0.18903650 0.33811247
vt 0.19164017 0.35787249
vt 0.19288225 0.33665514
vt 0.19000021 0.37391680
vt 0.02142723 0.28764731
vt 0.02067038 0.28299779
vt 0.01274165 0.28098786
vt 0.01327068 0.28812826
vt 0.02429049 0.28252280
vt 0.02548428 0.28642786
vt 0.01789926 0.27951556
vt 0.01365879 0.27772963
vt 0.02592267 0.28812826
vt 0.16019672 0.02091551
vt 0.16300528 0.02618212
vt 0.16078340 0.02902949
vt 0.15358017 0.02701956
vt 0.15313959 0.00823224
vt 0.16300528 0.00833637
vt 0.15599369 0.01524371
vt 0.16100183 0.01557797
vt 0.14455184 0.01310438
vt 0.16117436 0.01736486
vt 0.14477909 0.01647931
vt 0.14591406 0.02132785
vt 0.72594792 0.25829852
vt 0.72240853 0.25527918
vt 0.71993268 0.26342368
vt 0.72894472 0.25175792
vt 0.71683604 0.26281101
vt 0.71660811 0.26696599
vt 0.72212648 0.26767975
vt 0.73187363 0.25484937
vt 0.73330402 0.25173306
vt 0.72560775 0.26792073
vt 0.73042458 0.26669788
vt 0.73330402 0.26819754
vt 0.30783293 0.48871028
vt 0.31496614 0.49081552
vt 0.31035173 0.49262917
vt 0.30313942 0.49146777
vt 0.31638953 0.49610054
vt 0.30453798 0.49610054
vt 0.31766257 0.49146771
vt 0.29826856 0.48966634
vt 0.29657292 0.49430954
vt 0.31677726 0.48418540
vt 0.30711862 0.48309088
vt 0.31429327 0.47876954
vt 0.83581948 0.17865837
vt 0.83857328 0.17276782
vt 0.84601748 0.17754018
vt 0.84610617 0.17201042
vt 0.84922189 0.17667264
vt 0.83582181 0.17418480
vt 0.83347976 0.18184429
vt 0.83746213 0.18226820
vt 0.84458923 0.18240905
vt 0.84820598 0.18184429
vt 0.85281193 0.17716539
vt 0.20272864 0.64971733
vt 0.20771521 0.65120679
vt 0.20182379 0.65287220
vt 0.20846130 0.65641248
vt 0.19903339 0.64595276
vt 0.20176208 0.64089561
vt 0.20846130 0.64135194
vt 0.20861146 0.63723844
vt 0.20271859 0.63640457
vt 0.20869948 0.63430154
vt 0.20781849 0.62694973
vt 0.92706436 0.17494953
vt 0.92648429 0.18281960
vt 0.93021667 0.18308896
vt 0.93101996 0.19373477
vt 0.92651248 0.19406009
vt 0.92972356 0.20282602
vt 0.92528319 0.20011032
vt 0.92864484 0.17039120
vt 0.92135328 0.16142642
vt 0.92443323 0.15803021
vt 0.92302221 0.17861104
vt 0.93011659 0.20840555
vt 0.92251003 0.19449055
vt 0.93277681 0.20777041
vt 0.92982268 0.16094661
vt 0.92880267 0.15207970
vt 0.93277681 0.15269619
vt 0.52796316 0.86005199
vt 0.52910084 0.86438477
vt 0.52511090 0.86413169
vt 0.51522928 0.86148679
vt 0.54054105 0.86128432
vt 0.51730746 0.86438477
vt 0.50395429 0.86286288
vt 0.54166061 0.86348403
vt 0.54630405 0.86211109
vt 0.54701233 0.86350900
vt 0.50571179 0.91872030
vt 0.50276381 0.92478216
vt 0.50565600 0.92734265
vt 0.50213808 0.93077374
vt 0.50032753 0.91725487
vt 0.50417465 0.91197008
vt 0.50135350 0.91117853
vt 0.49930620 0.92895013
vt 0.49604571 0.92649126
vt 0.50571179 0.93197572
vt 0.08696803 0.60008663
vt 0.08482078 0.60323256
vt 0.07652532 0.60023332
vt 0.09021286 0.60549748
vt 0.08018962 0.60615253
vt 0.08526167 0.60520858
vt 0.09358524 0.60615253
vt 0.07494419 0.60406989
vt 0.07425307 0.60031921
vt 0.04325995 0.55626172
vt 0.04367435 0.55934530
vt 0.03350564 0.55984050
vt 0.03812923 0.56450045
vt 0.03240276 0.56141829
vt 0.04720844 0.55415946
vt 0.05068449 0.55912608
vt 0.03785095 0.56802428
vt 0.03031635 0.56529731
vt 0.05476722 0.55848485
vt 0.05931459 0.56802428
vt 0.21836555 0.02300942
vt 0.20944016 0.02036393
vt 0.20965821 0.02556324
vt 0.20571601 0.02498043
vt 0.21724227 0.02556324
vt 0.20430580 0.02285182
vt 0.74762380 0.52414238
vt 0.74209142 0.52469671
vt 0.74861038 0.52036393
vt 0.75659591 0.52469671
vt 0.75790858 0.52232963
vt 0.30659232 0.94943166
vt 0.30968842 0.96714550
vt 0.31032395 0.95683146
vt 0.31414762 0.96495861
vt 0.30093211 0.95599461
vt 0.30351266 0.96725923
vt 0.30811247 0.97423661
vt 0.29619846 0.94054359
vt 0.30317378 0.94234377
vt 0.30807099 0.94038737
vt 0.31053942 0.97418094
vt 0.30525288 0.97603595
vt 0.30344620 0.93370885
vt 0.31186008 0.95012838
vt 0.31414759 0.94691265
vt 0.29757529 0.97892213
vt 0.29328337 0.94462144
vt 0.28590605 0.96803671
vt 0.28796318 0.97836828
vt 0.29260778 0.98435235
vt 0.28183007 0.95888007
vt 0.28183907 0.95354253
vt 0.27502543 0.95861953
vt 0.27743551 0.94415802
vt 0.27284709 0.97400147
vt 0.28088057 0.97386861
vt 0.29480207 0.93422693
vt 0.27756038 0.98658085
vt 0.27335739 0.98603809
vt 0.27595818 0.99350089
vt 0.28298903 0.99323004
vt 0.28281751 0.98666185
vt 0.30807549 0.97788984
vt 0.28860450 0.98538750
vt 0.28611153 0.98987132
vt 0.31026623 0.96744394
vt 0.29084471 0.99102932
vt 0.30750018 0.95115137
vt 0.93804920 0.32989496
vt 0.93541300 0.32469600
vt 0.93778455 0.31880319
vt 0.93759525 0.34566545
vt 0.93547159 0.34069866
vt 0.93588132 0.35253251
vt 0.93688399 0.35817635
vt 0.93560171 0.30281174
vt 0.93771625 0.30570161
vt 0.93594313 0.29165494
vt 0.93804920 0.29159445
vt 0.93615133 0.36785096
vt 0.86296880 0.00483280
vt 0.85872656 0.00983685
vt 0.85860538 0.00265604
vt 0.85408294 0.00959456
vt 0.85399538 0.00130361
vt 0.84841830 0.00353885
vt 0.86638021 0.00527287
vt 0.84935480 0.00779480
vt 0.84860569 0.00043327
vt 0.84886783 0.00996536
vt 0.86439633 0.00983685
vt 0.86862916 0.00707728
vt 0.13137083 0.02205265
vt 0.13819820 0.02120215
vt 0.13632493 0.02849758
vt 0.13540025 0.01949739
vt 0.14371760 0.02372175
vt 0.13224022 0.02902949
vt 0.14064181 0.02902943
vt 0.14806679 0.02532285
vt 0.13186653 0.01952893
vt 0.14277722 0.83051634
vt 0.15309471 0.83545357
vt 0.15180254 0.83909124
vt 0.13998313 0.83227158
vt 0.15773286 0.84435189
vt 0.15417445 0.84353614
vt 0.13764058 0.82846677
vt 0.13567388 0.83577526
vt 0.13476123 0.83304888
vt 0.13312830 0.82712305
vt 0.14122361 0.83922040
vt 0.14656822 0.84563333
vt 0.13477677 0.84177965
vt 0.15464073 0.84781528
vt 0.15730798 0.84878683
vt 0.13701783 0.84845674
vt 0.13314344 0.84878683
vt 0.71833342 0.28934300
vt 0.71164018 0.29480052
vt 0.71528852 0.28908038
vt 0.72053289 0.29412854
vt 0.71339953 0.29901522
vt 0.70701933 0.28488469
vt 0.70732361 0.29425859
vt 0.71979237 0.29674745
vt 0.69726145 0.28749859
vt 0.70096433 0.28218615
vt 0.70128405 0.29652393
vt 0.69499969 0.28206241
vt 0.68880409 0.28257000
vt 0.69366086 0.29384911
vt 0.70527846 0.30544710
vt 0.69628799 0.30066776
vt 0.71218842 0.30530971
vt 0.68988055 0.29993272
vt 0.70848030 0.30649090
vt 0.67965674 0.28880191
vt 0.68166155 0.28331298
vt 0.68290412 0.28971338
vt 0.68408650 0.29571533
vt 0.66919136 0.28887409
vt 0.69181502 0.30632544
vt 0.69985306 0.30959231
vt 0.68037403 0.30264956
vt 0.67448395 0.29675543
vt 0.69084340 0.31295860
vt 0.71842885 0.30644274
vt 0.70384651 0.31504488
vt 0.70821190 0.31585789
vt 0.71426064 0.31254458
vt 0.72363794 0.30243260
vt 0.67041487 0.29529619
vt 0.66608453 0.29924679
vt 0.66459781 0.31066883
vt 0.67087686 0.29998600
vt 0.66703308 0.30799174
vt 0.66773772 0.31585789
vt 0.65978098 0.30544752
vt 0.66147238 0.29486501
vt 0.67613083 0.30899560
vt 0.68339485 0.31291080
vt 0.65509665 0.30644238
vt 0.77023697 0.47705483
vt 0.77207679 0.47788310
vt 0.77314371 0.46948236
vt 0.76757467 0.46963584
vt 0.76773471 0.48553121
vt 0.77161521 0.49303317
vt 0.77565426 0.47895312
vt 0.77835739 0.47350848
vt 0.77532834 0.46577120
vt 0.78075570 0.46751034
vt 0.77615857 0.48894572
vt 0.77646184 0.51657373
vt 0.76831579 0.51579881
vt 0.77172250 0.52187914
vt 0.77502924 0.52757877
vt 0.78075570 0.52989602
vt 0.76035279 0.37364399
vt 0.76362127 0.38105834
vt 0.76619083 0.37241679
vt 0.75966609 0.37909400
vt 0.76230955 0.36872900
vt 0.76561838 0.36698437
vt 0.76756096 0.38328636
vt 0.77021092 0.37153363
vt 0.77021092 0.38431543
vt 0.40493271 0.13175005
vt 0.40123889 0.13821489
vt 0.39818168 0.13094455
vt 0.39586994 0.13800132
vt 0.40530217 0.13600791
vt 0.40042022 0.12781632
vt 0.40417874 0.12875015
vt 0.40641478 0.13800132
vt 0.13944879 0.22902286
vt 0.13639598 0.23341799
vt 0.14378729 0.23632437
vt 0.14589943 0.23101974
vt 0.13272195 0.23004937
vt 0.13604516 0.22265422
vt 0.13289317 0.22338021
vt 0.12928389 0.22120261
vt 0.12481087 0.22273868
vt 0.14352469 0.22421312
vt 0.13774358 0.21686828
vt 0.12610297 0.21083772
vt 0.14866069 0.21892202
vt 0.13283186 0.21067524
vt 0.12984689 0.20209849
vt 0.13939619 0.20873910
vt 0.12948890 0.23732263
vt 0.14297052 0.23751277
vt 0.12257796 0.20393240
vt 0.11736026 0.21592748
vt 0.11919507 0.20920366
vt 0.14633855 0.21140885
vt 0.11531339 0.21193659
vt 0.13352384 0.26001269
vt 0.14770810 0.25573742
vt 0.14841756 0.24386907
vt 0.14911422 0.23483127
vt 0.14644624 0.26364779
vt 0.11944818 0.25529587
vt 0.11419780 0.20442849
vt 0.11871578 0.20042038
vt 0.15097049 0.20655078
vt 0.11508109 0.23440975
vt 0.12447602 0.26716423
vt 0.14447337 0.19740266
vt 0.15158172 0.19540727
vt 0.13726126 0.19960743
vt 0.10589380 0.20927107
vt 0.11296598 0.20586431
vt 0.13122118 0.27148473
vt 0.10526370 0.23983830
vt 0.14406686 0.27512997
vt 0.11021885 0.26028109
vt 0.10665864 0.20737916
vt 0.09475551 0.22897118
vt 0.09909838 0.27027243
vt 0.09888434 0.25324696
vt 0.12033049 0.19876963
vt 0.12576140 0.19540966
vt 0.09480249 0.21233559
vt 0.09358524 0.20951605
vt 0.15158172 0.23456758
vt 0.14447179 0.27493060
vt 0.92644769 0.29847521
vt 0.92631650 0.29511428
vt 0.92365509 0.29520512
vt 0.92349613 0.29970300
vt 0.92662567 0.30687124
vt 0.92228860 0.28854895
vt 0.92451936 0.28608513
vt 0.92050970 0.30229712
vt 0.91951030 0.30892551
vt 0.91608083 0.30096787
vt 0.92662567 0.28552860
vt 0.98385602 0.58812630
vt 0.98144507 0.59332365
vt 0.98827761 0.58994204
vt 0.97804803 0.58969474
vt 0.97474670 0.59496540
vt 0.98826718 0.58090949
vt 0.98234713 0.59597898
vt 0.99105561 0.58956468
vt 0.96372473 0.59333462
vt 0.98107791 0.57939589
vt 0.99586225 0.57741374
vt 0.95713013 0.59247339
vt 0.97875547 0.60424691
vt 0.99227899 0.57047367
vt 0.98190826 0.57392269
vt 0.96527529 0.57954884
vt 0.99342120 0.58021826
vt 0.99118763 0.58288836
vt 0.95950389 0.60533434
vt 0.97425056 0.61024147
vt 0.95730036 0.61198896
vt 0.97506762 0.61540627
vt 0.97931308 0.61108798
vt 0.96073157 0.62049925
vt 0.95197618 0.61551416
vt 0.94362539 0.61755955
vt 0.94793421 0.61886483
vt 0.99604571 0.56680071
vt 0.95130605 0.60582346
vt 0.98703235 0.60738206
vt 0.95388466 0.61959708
vt 0.96040297 0.57886595
vt 0.95042419 0.59325755
vt 0.97934896 0.61704677
vt 0.98846889 0.59460920
vt 0.97441638 0.61972618
vt 0.96489608 0.61998749
vt 0.97081488 0.62348354
vt 0.97411370 0.62329501
vt 0.99207479 0.59842527
vt 0.99604571 0.59793156
vt 0.99460155 0.60141546
vt 0.98597115 0.55836910
vt 0.98530531 0.55418360
vt 0.97949785 0.55530202
vt 0.98772949 0.55907309
vt 0.98215306 0.56789613
vt 0.99270988 0.55881268
vt 0.96383202 0.56433040
vt 0.94841135 0.57335192
vt 0.95017201 0.58160937
vt 0.94126463 0.58235079
vt 0.94571197 0.55801010
vt 0.96055228 0.55347681
vt 0.93635440 0.57142699
vt 0.95956498 0.54304516
vt 0.97821325 0.53858417
vt 0.94382381 0.54326630
vt 0.98836190 0.55408305
vt 0.93279642 0.55443233
vt 0.93084621 0.53681457
vt 0.97597229 0.53063130
vt 0.93542707 0.52797216
vt 0.95659298 0.53155661
vt 0.92881811 0.52912563
vt 0.92993337 0.52095783
vt 0.98416197 0.52679777
vt 0.97428179 0.52133095
vt 0.93159866 0.51863086
vt 0.92486817 0.55775917
vt 0.92681539 0.57315081
vt 0.94635469 0.52129185
vt 0.92941034 0.58391190
vt 0.96213728 0.52299225
vt 0.93320584 0.59048969
vt 0.98194355 0.51906139
vt 0.94172621 0.60345411
vt 0.93958807 0.61502671
vt 0.93232530 0.61979270
vt 0.52324551 0.92214018
vt 0.52612770 0.91680485
vt 0.52644449 0.92313856
vt 0.52563041 0.92736363
vt 0.52389020 0.91291046
vt 0.51947445 0.91475344
vt 0.52211428 0.92722452
vt 0.52194965 0.90499216
vt 0.52412283 0.90302908
vt 0.52990168 0.93340015
vt 0.52739573 0.93510008
vt 0.51696700 0.91563088
vt 0.52017558 0.90393245
vt 0.52515078 0.89725363
vt 0.52913821 0.89863861
vt 0.52877676 0.89200097
vt 0.53312510 0.89482731
vt 0.52915800 0.90247399
vt 0.53544724 0.88858992
vt 0.53283882 0.88714504
vt 0.53675258 0.89089423
vt 0.54305637 0.88643587
vt 0.53896695 0.88284713
vt 0.54132867 0.88058746
vt 0.54450572 0.88063335
vt 0.54501933 0.87861186
vt 0.54807043 0.88440955
vt 0.55158293 0.87756389
vt 0.55606836 0.88034165
vt 0.52743918 0.90544873
vt 0.52762318 0.91203672
vt 0.55664402 0.88329911
vt 0.53081524 0.92843461
vt 0.53642374 0.93447119
vt 0.53543395 0.93807864
vt 0.54212636 0.93639141
vt 0.54264373 0.94093573
vt 0.54719466 0.93856502
vt 0.55679929 0.87671095
vt 0.56416321 0.87837315
vt 0.56397623 0.87651646
vt 0.56899482 0.87954867
vt 0.56022030 0.88100314
vt 0.56468678 0.88070041
vt 0.56769031 0.88440192
vt 0.52727270 0.92475146
vt 0.59497899 0.93944943
vt 0.58258915 0.93940645
vt 0.58851111 0.93749565
vt 0.58713430 0.93897712
vt 0.58270717 0.93713474
vt 0.58433688 0.93301839
vt 0.57998186 0.93218964
vt 0.58387774 0.92619419
vt 0.58806115 0.93325406
vt 0.59769642 0.93072110
vt 0.60621524 0.94031227
vt 0.60251194 0.95164639
vt 0.59165847 0.96047008
vt 0.58077455 0.95969647
vt 0.57166493 0.94893873
vt 0.56467301 0.94280553
vt 0.57035100 0.96687037
vt 0.57251596 0.93490952
vt 0.56510091 0.95658499
vt 0.55990732 0.93955195
vt 0.55381149 0.94269168
vt 0.60742748 0.93041271
vt 0.59837604 0.92193437
vt 0.58948475 0.96929687
vt 0.60109156 0.96404827
vt 0.55902714 0.96449882
vt 0.55134666 0.95685852
vt 0.61316377 0.95402730
vt 0.55027997 0.95098382
vt 0.53435123 0.94798714
vt 0.52307707 0.94576120
vt 0.60635084 0.92094994
vt 0.61673009 0.94315016
vt 0.58532977 0.91561174
vt 0.51469582 0.94466913
vt 0.61777174 0.93196970
vt 0.53541225 0.96178657
vt 0.53387529 0.95921636
vt 0.52268016 0.95953441
vt 0.51965982 0.95273602
vt 0.51385981 0.95740932
vt 0.51549113 0.93055797
vt 0.51110864 0.93984199
vt 0.50785434 0.96018445
vt 0.51223606 0.92155361
vt 0.59755373 0.97137189
vt 0.61228079 0.96517664
vt 0.61632687 0.92410898
vt 0.51486576 0.96435207
vt 0.58408636 0.90303099
vt 0.59635466 0.90822321
vt 0.58196628 0.89642262
vt 0.57902122 0.92765903
vt 0.50453544 0.95258659
vt 0.50646353 0.96995145
vt 0.58217722 0.91506052
vt 0.51400232 0.91032457
vt 0.60561478 0.90828955
vt 0.60981423 0.97585887
vt 0.55922425 0.97152758
vt 0.57100695 0.97390538
vt 0.58162081 0.97616982
vt 0.58233738 0.90756154
vt 0.55296814 0.93941611
vt 0.61482161 0.90852809
vt 0.58860606 0.89196956
vt 0.57753932 0.88856387
vt 0.61818981 0.91538572
vt 0.51591051 0.90088290
vt 0.52325493 0.89388543
vt 0.52056652 0.89188117
vt 0.61632162 0.95514530
vt 0.49780315 0.97616982
vt 0.58015519 0.89999014
vt 0.57742232 0.89396954
vt 0.57389891 0.89032900
vt 0.57124394 0.88697410
vt 0.57291865 0.88290519
vt 0.39126399 0.79779381
vt 0.38855007 0.79382378
vt 0.39674869 0.79385769
vt 0.39512610 0.79939342
vt 0.38181019 0.79939342
vt 0.38351911 0.79396570
vt 0.39354730 0.78899479
vt 0.97788501 0.02517003
vt 0.97909486 0.03672343
vt 0.97583479 0.03769499
vt 0.98205954 0.02856719
vt 0.98372537 0.03678626
vt 0.98812777 0.02877259
vt 0.98156524 0.02469671
vt 0.98972219 0.03717262
vt 0.99516696 0.03769499
vt 0.57767928 0.05823117
vt 0.57977390 0.06835246
vt 0.58169800 0.06699628
vt 0.58526719 0.08412302
vt 0.57908577 0.08113682
vt 0.57968807 0.09310788
vt 0.59079254 0.10740197
vt 0.58457744 0.11140877
vt 0.59559542 0.13068724
vt 0.58751649 0.12540632
vt 0.59815383 0.14390302
vt 0.59173751 0.14542806
vt 0.60199857 0.16914785
vt 0.61071706 0.21252978
vt 0.60031998 0.19215250
vt 0.60320538 0.21692675
vt 0.60345769 0.23321366
vt 0.60685867 0.19032705
vt 0.59778768 0.17627949
vt 0.59487826 0.16161746
vt 0.61474341 0.23402601
vt 0.60499054 0.24762499
vt 0.61887163 0.26035476
vt 0.60691482 0.26390350
vt 0.60938615 0.28885007
vt 0.59762335 0.29188883
vt 0.60419738 0.30469394
vt 0.61116081 0.30623621
vt 0.60810149 0.32007354
vt 0.59316510 0.31466436
vt 0.59113973 0.29366684
vt 0.61552697 0.31826323
vt 0.62136412 0.27803719
vt 0.62247443 0.29174823
vt 0.60982096 0.33682179
vt 0.61816502 0.34111905
vt 0.59799933 0.32775879
vt 0.61148846 0.34815079
vt 0.62436658 0.30351949
vt 0.62514830 0.31687981
vt 0.62848228 0.33626878
vt 0.61554742 0.36665797
vt 0.62249446 0.36300933
vt 0.60373950 0.16857970
vt 0.63104451 0.35053039
vt 0.61950183 0.38629615
vt 0.63489169 0.36680001
vt 0.63869941 0.31601179
vt 0.63505083 0.28653276
vt 0.63750833 0.30195832
vt 0.63303304 0.27287966
vt 0.63005644 0.25618005
vt 0.64176643 0.33199155
vt 0.62656987 0.24178058
vt 0.64191562 0.34570396
vt 0.62283212 0.39731574
vt 0.63890547 0.37917477
vt 0.62212914 0.22585237
vt 0.63948089 0.40570748
vt 0.63989359 0.36167163
vt 0.61707693 0.20578104
vt 0.64157164 0.39073861
vt 0.63766843 0.40771234
vt 0.60654461 0.15092999
vt 0.59918755 0.11161268
vt 0.59620738 0.09846556
vt 0.58966482 0.08109897
vt 0.60325849 0.13281882
vt 0.58053470 0.05908966
vt 0.61216772 0.17685246
vt 0.63467944 0.23372912
vt 0.64191562 0.24708331
vt 0.56388772 0.29761767
vt 0.55054516 0.30162036
vt 0.55399299 0.30689800
vt 0.55697060 0.29558676
vt 0.54403299 0.30107075
vt 0.56454951 0.28594530
vt 0.56672615 0.30987740
vt 0.58106387 0.31122446
vt 0.58338577 0.32887703
vt 0.56689262 0.33396351
vt 0.56945920 0.34260356
vt 0.58181626 0.34661359
vt 0.57662678 0.36139894
vt 0.56829220 0.34824467
vt 0.56583875 0.36465889
vt 0.58546597 0.36685300
vt 0.56557059 0.28595281
vt 0.59292293 0.34665537
vt 0.58211750 0.29066253
vt 0.55989176 0.31524521
vt 0.56484884 0.32577759
vt 0.59052092 0.28521502
vt 0.57498044 0.27044666
vt 0.59169275 0.26933771
vt 0.58595306 0.25704408
vt 0.56420588 0.26406980
vt 0.57084531 0.25101137
vt 0.57654124 0.23321021
vt 0.59194988 0.24165976
vt 0.59625846 0.25899029
vt 0.58802110 0.21987212
vt 0.57699955 0.21768582
vt 0.56000310 0.23003680
vt 0.55773115 0.24580395
vt 0.56470317 0.20738792
vt 0.57580566 0.20526618
vt 0.57074612 0.18062741
vt 0.57856148 0.18800437
vt 0.57512200 0.15368986
vt 0.58297396 0.15684944
vt 0.57938623 0.13435936
vt 0.57717121 0.11861789
vt 0.56255698 0.28031754
vt 0.57789576 0.09784633
vt 0.59094721 0.17897725
vt 0.59167987 0.20332170
vt 0.55705047 0.27622819
vt 0.57600343 0.08855242
vt 0.57238817 0.11022854
vt 0.56775355 0.14693558
vt 0.56815457 0.13574570
vt 0.57550865 0.06842983
vt 0.54222876 0.29623634
vt 0.56960982 0.11814135
vt 0.53535515 0.30082363
vt 0.54813820 0.30386579
vt 0.53957164 0.28640413
vt 0.55881059 0.18229604
vt 0.56358701 0.16282320
vt 0.55445421 0.19680721
vt 0.57207620 0.09600955
vt 0.54274994 0.26890153
vt 0.54908490 0.21080780
vt 0.54975837 0.24430811
vt 0.54396224 0.22332978
vt 0.53402209 0.24751395
vt 0.52576280 0.26449263
vt 0.52375305 0.28764021
vt 0.51488048 0.28553069
vt 0.52687073 0.30388403
vt 0.51632863 0.28009892
vt 0.50509435 0.30551052
vt 0.51328671 0.31018776
vt 0.50043935 0.31412482
vt 0.57300121 0.07874358
vt 0.57572830 0.05762565
vt 0.53942364 0.30788988
vt 0.53838444 0.79412889
vt 0.53822494 0.79977936
vt 0.54510880 0.79428267
vt 0.54673982 0.80364066
vt 0.54488593 0.81419092
vt 0.55699319 0.81192464
vt 0.55683720 0.80446178
vt 0.55450112 0.79537982
vt 0.54908049 0.82252568
vt 0.55755711 0.81967723
vt 0.55733317 0.82712305
vt 0.55714148 0.79715562
vt 0.54741126 0.79246098
vt 0.55733317 0.79541826
vt 0.30735102 0.58882147
vt 0.31083024 0.58671600
vt 0.31149590 0.57426846
vt 0.30711776 0.57809949
vt 0.31091928 0.56703705
vt 0.31502637 0.56195843
vt 0.31502637 0.58818394
vt 0.64894551 0.75602299
vt 0.64894551 0.76559794
vt 0.64469665 0.75955695
vt 0.64279437 0.75519931
vt 0.90470898 0.29238725
vt 0.90244466 0.30308133
vt 0.90446293 0.30932653
vt 0.90010303 0.29140902
vt 0.90443385 0.27599657
vt 0.89938486 0.27900124
vt 0.91039461 0.30217206
vt 0.91020280 0.28033340
vt 0.90720242 0.31412482
vt 0.91344464 0.28991336
vt 0.91201818 0.27664983
vt 0.91344464 0.27857566
vt 0.95096195 0.50563258
vt 0.95332181 0.50580484
vt 0.95035148 0.51343155
vt 0.95562392 0.51343155
vt 0.10090523 0.16941077
vt 0.10325132 0.17547661
vt 0.09687681 0.17529625
vt 0.09270650 0.17547661
vt 0.23986009 0.51027954
vt 0.24401751 0.51404351
vt 0.23755655 0.51516467
vt 0.23590413 0.50909060
vt 0.23311928 0.50476605
vt 0.23065850 0.50891429
vt 0.23194316 0.51462871
vt 0.22741817 0.51474947
vt 0.22363797 0.51052457
vt 0.24693872 0.51147950
vt 0.24258986 0.50701737
vt 0.25045219 0.51474947
vt 0.25087872 0.51286018
vt 0.24953213 0.50841033
vt 0.17970122 0.23322064
vt 0.17405634 0.22778130
vt 0.17564070 0.23526865
vt 0.17040269 0.22774786
vt 0.16927639 0.23135370
vt 0.16435489 0.22533017
vt 0.17089312 0.22228181
vt 0.16617899 0.21382165
vt 0.17044385 0.21628320
vt 0.17064038 0.20952797
vt 0.16847545 0.20526105
vt 0.17579368 0.20093626
vt 0.16652316 0.19602853
vt 0.15743203 0.19577992
vt 0.15863971 0.18760830
vt 0.15887304 0.21058595
vt 0.15790565 0.20170212
vt 0.15597540 0.21802539
vt 0.16055676 0.22236502
vt 0.15638363 0.19253165
vt 0.17970122 0.21043926
vt 0.60061514 0.10150963
vt 0.60498434 0.09922010
vt 0.60407728 0.10717350
vt 0.60653925 0.10362929
vt 0.60724598 0.11351240
vt 0.61018175 0.11750013
vt 0.61822230 0.11095232
vt 0.61860359 0.12038898
vt 0.61378521 0.12469608
vt 0.61821097 0.12599677
vt 0.61707789 0.10355437
vt 0.62136024 0.11594415
vt 0.62170476 0.10634303
vt 0.62166643 0.10012376
vt 0.62138104 0.12462735
vt 0.61715531 0.13020492
vt 0.61237401 0.13127947
vt 0.62119979 0.13221538
vt 0.62031674 0.13561523
vt 0.61170191 0.13561523
vt 0.05864649 0.93931860
vt 0.05671747 0.93407428
vt 0.05493769 0.93915713
vt 0.05786051 0.94182777
vt 0.06107206 0.93303090
vt 0.05777383 0.92940086
vt 0.04937615 0.93792468
vt 0.04072677 0.93583131
vt 0.04516888 0.92597252
vt 0.03853552 0.93061560
vt 0.03865604 0.92194331
vt 0.05816115 0.94568127
vt 0.04150218 0.91452700
vt 0.04995661 0.91828209
vt 0.03393396 0.92927581
vt 0.03281623 0.92003149
vt 0.03207381 0.93385863
vt 0.03560293 0.90620440
vt 0.03322062 0.90582865
vt 0.03546715 0.89298093
vt 0.03835285 0.89673167
vt 0.03392608 0.94006336
vt 0.03292313 0.95276737
vt 0.03841108 0.95444947
vt 0.04048838 0.94800353
vt 0.03638177 0.95911968
vt 0.03335362 0.96118724
vt 0.04035905 0.94238389
vt 0.05127067 0.94984657
vt 0.04578354 0.93783587
vt 0.03896097 0.96691895
vt 0.03415925 0.97004700
vt 0.03944181 0.97096640
vt 0.04416647 0.95371675
vt 0.06059995 0.95084745
vt 0.05793275 0.92078716
vt 0.06010871 0.92959154
vt 0.03778750 0.97590911
vt 0.05252032 0.95588112
vt 0.04733896 0.91007459
vt 0.04824731 0.90795994
vt 0.05362472 0.91143090
vt 0.04435561 0.97658283
vt 0.04583474 0.96924359
vt 0.05381729 0.97521114
vt 0.05667885 0.96720922
vt 0.04221981 0.96029288
vt 0.04668920 0.96057826
vt 0.05210147 0.98111117
vt 0.04136810 0.98230529
vt 0.04008957 0.97785956
vt 0.05160262 0.98560363
vt 0.04730403 0.99263430
vt 0.06107206 0.95919067
vt 0.03869941 0.99212509
vt 0.03890257 0.97990745
vt 0.03430784 0.98430711
vt 0.04078490 0.90400058
vt 0.05832811 0.96818906
vt 0.05827234 0.91546059
vt 0.59446394 0.42341518
vt 0.59116489 0.42861724
vt 0.59124273 0.42193830
vt 0.58660161 0.42668009
vt 0.58468598 0.42983103
vt 0.58515835 0.43370885
vt 0.57627672 0.43370885
vt 0.57648122 0.42616636
vt 0.58583790 0.42208457
vt 0.57601053 0.42909884
vt 0.57780027 0.42157710
vt 0.80184537 0.86220300
vt 0.79880238 0.85765153
vt 0.79288602 0.85925680
vt 0.79217929 0.86265165
vt 0.80184537 0.85534644
vt 0.79888815 0.85398614
vt 0.40972009 0.73336470
vt 0.40041870 0.72801870
vt 0.41098213 0.73080170
vt 0.40336543 0.73192209
vt 0.39957094 0.73285639
vt 0.39411247 0.73700172
vt 0.39725167 0.72675484
vt 0.41506848 0.73700172
vt 0.41871706 0.73478580
vt 0.40383133 0.72573656
vt 0.41236275 0.72720701
vt 0.98901367 0.25457203
vt 0.99646491 0.25368774
vt 0.99673134 0.24967319
vt 0.99263865 0.24844182
vt 0.99780315 0.24592412
vt 0.99114263 0.24510223
vt 0.98603475 0.24807000
vt 0.98126382 0.25606585
vt 0.97838199 0.25009942
vt 0.98094952 0.23629075
vt 0.98421657 0.23749262
vt 0.98269981 0.22185791
vt 0.98609120 0.23109877
vt 0.97732902 0.21901578
vt 0.97797728 0.21208453
vt 0.97611338 0.24254251
vt 0.97583479 0.23312831
vt 0.99445450 0.24101472
vt 0.99087560 0.22585893
vt 0.98673737 0.21714950
vt 0.98332089 0.21295094
vt 0.99688840 0.24285048
vt 0.99780315 0.23318964
vt 0.97944748 0.20927209
vt 0.71638787 0.58102250
vt 0.70254833 0.58178651
vt 0.71682537 0.58362216
vt 0.70277709 0.58362216
vt 0.71924430 0.58232206
vt 0.18098180 0.66320205
vt 0.17815366 0.66709530
vt 0.18303905 0.67114383
vt 0.17618629 0.66988969
vt 0.18455186 0.66247833
vt 0.19024605 0.67114383
vt 0.88231993 0.14348757
vt 0.88866132 0.14807785
vt 0.87436312 0.13397938
vt 0.89270031 0.15522909
vt 0.87126535 0.12688482
vt 0.89129293 0.14427698
vt 0.89762741 0.15491593
vt 0.87550032 0.12233901
vt 0.88384664 0.11730486
vt 0.89111602 0.13606793
vt 0.89762741 0.11395144
vt 0.89701056 0.13651335
vt 0.89644438 0.15901214
vt 0.71427220 0.13706809
vt 0.72252274 0.12871689
vt 0.71648729 0.13157213
vt 0.72348964 0.12691689
vt 0.71397185 0.13491845
vt 0.71959263 0.13567793
vt 0.72751313 0.13009912
vt 0.74841022 0.16286123
vt 0.73892164 0.13427508
vt 0.73293591 0.14129174
vt 0.74004889 0.16136825
vt 0.73663270 0.12514728
vt 0.75267762 0.17601526
vt 0.72449654 0.14379168
vt 0.75174129 0.17894280
vt 0.74145728 0.16759193
vt 0.71447784 0.14041162
vt 0.73233664 0.15830696
vt 0.72452855 0.14858425
vt 0.75066292 0.13855201
vt 0.74680173 0.12736225
vt 0.75455809 0.16239065
vt 0.74541503 0.12211597
vt 0.75542760 0.15763277
vt 0.75515693 0.17772919
vt 0.75521880 0.13398981
vt 0.75551659 0.14937007
vt 0.75544184 0.12635505
vt 0.75702989 0.16972286
vt 0.75388581 0.11915076
vt 0.75702989 0.12265134
vt 0.80711776 0.05657881
vt 0.81066161 0.06023866
vt 0.80728722 0.06100196
vt 0.81151140 0.06889081
vt 0.81151140 0.05589253
vt 0.89292389 0.85364401
vt 0.89703536 0.84922624
vt 0.89405072 0.84615910
vt 0.89532638 0.85373551
vt 0.89762741 0.84473592
vt 0.89076382 0.84870052
vt 0.88708258 0.85260177
vt 0.88918656 0.85475814
vt 0.89762741 0.86611784
vt 0.88978833 0.84161735
vt 0.89537644 0.84012133
vt 0.12144886 0.97712803
vt 0.11231708 0.97419357
vt 0.09933353 0.96750432
vt 0.10295234 0.98170954
vt 0.11729388 0.98426807
vt 0.12897921 0.98276258
vt 0.09085482 0.97492385
vt 0.14093882 0.98502851
vt 0.12719840 0.98845094
vt 0.14279437 0.98826033
vt 0.08746490 0.97997594
vt 0.09505849 0.99176776
vt 0.08479789 0.99120700
vt 0.11612779 0.99176776
vt 0.03457896 0.12426090
vt 0.03231266 0.13146740
vt 0.03484870 0.13095880
vt 0.03036968 0.12171811
vt 0.03734694 0.14168108
vt 0.03006276 0.13528663
vt 0.02306474 0.11059654
vt 0.01508523 0.11293072
vt 0.01913086 0.11527342
vt 0.01811653 0.11164081
vt 0.01364184 0.10769123
vt 0.01340773 0.08129722
vt 0.01109294 0.09055364
vt 0.01537994 0.09038150
vt 0.01200071 0.09825355
vt 0.01541081 0.10181308
vt 0.01857174 0.08265722
vt 0.01874605 0.10090393
vt 0.02012374 0.08737993
vt 0.02224047 0.08446181
vt 0.03371045 0.12128830
vt 0.03531174 0.12218183
vt 0.03797695 0.11714000
vt 0.03483653 0.12883681
vt 0.03542648 0.10674959
vt 0.02494208 0.10680813
vt 0.02608053 0.10176021
vt 0.03363479 0.09729493
vt 0.03064944 0.08814824
vt 0.02557854 0.09099239
vt 0.03807160 0.10366732
vt 0.03910369 0.10959983
vt 0.02316928 0.09319401
vt 0.03598285 0.09700537
vt 0.03619920 0.08908862
vt 0.03437911 0.08528024
vt 0.03716837 0.08591276
vt 0.03024480 0.08125854
vt 0.02345771 0.10202426
vt 0.02097669 0.10849470
vt 0.02588525 0.07530975
vt 0.02012483 0.07545495
vt 0.01657373 0.07584041
vt 0.00755733 0.08166748
vt 0.03578338 0.06975734
vt 0.03910369 0.07173300
vt 0.03643421 0.07698989
vt 0.00659051 0.09106356
vt 0.00883905 0.10043204
vt 0.03852323 0.08876175
vt 0.97407734 0.51323169
vt 0.96882230 0.51516747
vt 0.97397143 0.51603121
vt 0.96790165 0.51054239
vt 0.96529001 0.51603121
vt 0.96995378 0.50736570
vt 0.50341034 0.79760152
vt 0.50259155 0.80332279
vt 0.49956664 0.79833680
vt 0.49692270 0.80582780
vt 0.49807379 0.81298220
vt 0.50175405 0.80849552
vt 0.49446109 0.80027854
vt 0.48899603 0.80427253
vt 0.49332270 0.79910064
vt 0.48208174 0.79863560
vt 0.51260829 0.80513465
vt 0.50704724 0.81099582
vt 0.50823653 0.79679376
vt 0.52240509 0.80398154
vt 0.51854050 0.81067628
vt 0.52335513 0.81354463
vt 0.53185046 0.81101269
vt 0.53287554 0.80867988
vt 0.53080004 0.81401604
vt 0.53470999 0.81161398
vt 0.46210548 0.84352267
vt 0.45203730 0.84077877
vt 0.46829686 0.83453393
vt 0.47138885 0.80558532
vt 0.48190776 0.80631971
vt 0.43068951 0.84030777
vt 0.45262158 0.80576414
vt 0.45188597 0.86458749
vt 0.39148849 0.88114470
vt 0.44370148 0.88569605
vt 0.46573567 0.88599360
vt 0.37007287 0.87381476
vt 0.37159789 0.82116348
vt 0.39718476 0.81117439
vt 0.43042582 0.80753392
vt 0.42004123 0.80906737
vt 0.46369335 0.86222929
vt 0.36532950 0.83284110
vt 0.36006567 0.85803562
vt 0.36261523 0.87004900
vt 0.37718326 0.81376719
vt 0.47367346 0.87228239
vt 0.48063621 0.88118005
vt 0.47882846 0.88887930
vt 0.47789872 0.82982087
vt 0.49920452 0.88592428
vt 0.49336657 0.83469874
vt 0.47121373 0.85816562
vt 0.47175258 0.84905076
vt 0.48153123 0.82686931
vt 0.49612132 0.84662902
vt 0.50818181 0.84617656
vt 0.47947085 0.85613221
vt 0.48274404 0.87623596
vt 0.41683036 0.88429534
vt 0.35609451 0.83837861
vt 0.37091085 0.88152164
vt 0.49462622 0.85611135
vt 0.50439316 0.84973741
vt 0.49163127 0.88932562
vt 0.49429575 0.82527000
vt 0.50669807 0.82622254
vt 0.50931698 0.84037733
vt 0.50964504 0.84218067
vt 0.49949890 0.87403452
vt 0.49569556 0.86266267
vt 0.50653481 0.88550013
vt 0.49036074 0.85868490
vt 0.36057669 0.87904739
vt 0.35834175 0.83037609
vt 0.37078792 0.81022424
vt 0.36214587 0.82218879
vt 0.49188462 0.82357144
vt 0.39920083 0.88627541
vt 0.46870258 0.88999879
vt 0.35193321 0.85470217
vt 0.50573224 0.86855727
vt 0.38132703 0.88543701
vt 0.51168704 0.87207395
vt 0.35217687 0.86694652
vt 0.35589150 0.87357539
vt 0.46578401 0.79852891
vt 0.41929966 0.80237550
vt 0.40684250 0.80381173
vt 0.45382228 0.79896402
vt 0.43233562 0.80112427
vt 0.44396076 0.79966360
vt 0.45345721 0.89038128
vt 0.39659777 0.80517715
vt 0.38412681 0.80688030
vt 0.43895793 0.89007449
vt 0.42428145 0.88934940
vt 0.40991518 0.88844562
vt 0.51039195 0.83023888
vt 0.50998199 0.82587403
vt 0.50789601 0.89038128
vt 0.56722319 0.54226696
vt 0.57249558 0.53955764
vt 0.56948429 0.53769499
vt 0.56804830 0.54622883
vt 0.57182062 0.54595834
vt 0.57071722 0.55057663
vt 0.57249558 0.57149047
vt 0.32441473 0.58918321
vt 0.31774831 0.59142113
vt 0.31678385 0.58789796
vt 0.32398066 0.58658850
vt 0.32684231 0.59142113
vt 0.32007262 0.58385050
vt 0.32820737 0.58275563
vt 0.51781380 0.69359809
vt 0.50789660 0.68905312
vt 0.51020008 0.68795854
vt 0.50071150 0.68285573
vt 0.51977152 0.69614279
vt 0.49654254 0.69029093
vt 0.49295568 0.67842150
vt 0.47667888 0.68158317
vt 0.47812915 0.67287695
vt 0.51229411 0.69714284
vt 0.47583479 0.68880260
vt 0.49264547 0.69887346
vt 0.47594342 0.69887346
vt 0.42291608 0.92086089
vt 0.42398944 0.91811091
vt 0.42047453 0.92195052
vt 0.42398944 0.93024266
vt 0.76392716 0.93819648
vt 0.76766026 0.93929517
vt 0.76769137 0.93284231
vt 0.76516175 0.94395542
vt 0.76895332 0.94543308
vt 0.76318103 0.95766717
vt 0.76660216 0.97187114
vt 0.77054083 0.95541894
vt 0.77199692 0.94488263
vt 0.77284712 0.95703518
vt 0.77284712 0.97139513
vt 0.77060318 0.97277284
vt 0.76859134 0.98050261
vt 0.33875221 0.60224313
vt 0.34314588 0.60351348
vt 0.34285870 0.60673392
vt 0.34013760 0.60701907
vt 0.34285870 0.59835356
vt 0.31939811 0.33145583
vt 0.32447025 0.33150649
vt 0.32270527 0.33405542
vt 0.31239015 0.33263379
vt 0.32996485 0.33405542
vt 0.65509665 0.28568077
vt 0.65455520 0.27541947
vt 0.65333921 0.29459119
vt 0.65495384 0.26993072
vt 0.65495384 0.30025995
vt 0.17046028 0.92110163
vt 0.16601011 0.91914248
vt 0.17108007 0.91669154
vt 0.16811918 0.91467202
vt 0.16753849 0.92187816
vt 0.16300528 0.92331022
vt 0.17442882 0.92331022
vt 0.16906689 0.91117853
vt 0.17252150 0.91170669
vt 0.94775724 0.97490227
vt 0.96159011 0.97489256
vt 0.94742972 0.97626507
vt 0.94395536 0.97205889
vt 0.94370842 0.97611749
vt 0.93822771 0.97407812
vt 0.93724889 0.97963607
vt 0.93354762 0.97757673
vt 0.93455178 0.97028339
vt 0.92926186 0.97641039
vt 0.96227640 0.96504432
vt 0.97330821 0.96514237
vt 0.97491896 0.97838551
vt 0.94705218 0.96725100
vt 0.97972345 0.97153902
vt 0.96091938 0.95613921
vt 0.97373062 0.95505834
vt 0.94940829 0.95735323
vt 0.98399699 0.95525384
vt 0.98722464 0.96248621
vt 0.98117447 0.97737873
vt 0.99210685 0.96751660
vt 0.96070099 0.94705164
vt 0.97225678 0.94638848
vt 0.93997025 0.96659315
vt 0.94011080 0.95848942
vt 0.98472482 0.94720787
vt 0.94782591 0.94907075
vt 0.99403369 0.97501379
vt 0.98668921 0.97963607
vt 0.99281824 0.97876519
vt 0.99551076 0.97612435
vt 0.98991299 0.95688885
vt 0.97383964 0.93867916
vt 0.96045578 0.93914986
vt 0.94773650 0.94068813
vt 0.98288321 0.93717504
vt 0.93878216 0.94991624
vt 0.99868190 0.97321635
vt 0.00571178 0.26074743
vt 0.00786824 0.26058406
vt 0.00808919 0.26902682
vt 0.00638755 0.27237499
vt 0.00834798 0.25173306
vt 0.00783917 0.27673101
vt 0.00636632 0.28169417
vt 0.00834798 0.28639513
vt 0.34374505 0.85730851
vt 0.34521982 0.85541111
vt 0.33729717 0.85310614
vt 0.33817858 0.84774369
vt 0.34374318 0.85062075
vt 0.34834459 0.85745233
vt 0.34266618 0.84304458
vt 0.33573705 0.83665514
vt 0.34268984 0.83669841
vt 0.33435851 0.84411973
vt 0.34834459 0.83871758
vt 0.34766829 0.84256876
vt 0.34841827 0.85410798
vt 0.95331067 0.63335204
vt 0.95087260 0.63170767
vt 0.95076406 0.62605655
vt 0.94758087 0.62615335
vt 0.94247723 0.63344407
vt 0.93841153 0.62434679
vt 0.93588531 0.64060992
vt 0.93924236 0.64529234
vt 0.94352919 0.64769560
vt 0.95493096 0.63917685
vt 0.95789444 0.65219688
vt 0.94384980 0.65167648
vt 0.93558460 0.65154636
vt 0.93444073 0.64874691
vt 0.93398863 0.63123822
vt 0.96187288 0.64543420
vt 0.96364504 0.64836353
vt 0.96616870 0.65294629
vt 0.93158001 0.62662297
vt 0.93429750 0.62348354
vt 0.93101931 0.65294629
vt 0.95808625 0.64081645
vt 0.07533111 0.43804157
vt 0.07425307 0.44324088
vt 0.07790171 0.44267511
vt 0.08304042 0.44324088
vt 0.73618448 0.40742767
vt 0.72943044 0.40511262
vt 0.74289465 0.40691638
vt 0.75351495 0.40771234
vt 0.72891039 0.40771234
vt 0.40615195 0.53313762
vt 0.40804681 0.53076255
vt 0.39886898 0.53336221
vt 0.39868718 0.53129053
vt 0.40992969 0.53147334
vt 0.39586994 0.53313762
vt 0.51043701 0.23810208
vt 0.50575191 0.23942316
vt 0.50566751 0.24306762
vt 0.50431848 0.20892364
vt 0.49956062 0.20961946
vt 0.50208974 0.21686214
vt 0.50399959 0.20119959
vt 0.51232135 0.19760561
vt 0.50854534 0.19648093
vt 0.51018095 0.20762944
vt 0.51506221 0.20781541
vt 0.51537788 0.19940609
vt 0.50429684 0.22415119
vt 0.49990240 0.22119367
vt 0.50034583 0.22628313
vt 0.51308453 0.21884918
vt 0.51203161 0.19194108
vt 0.50281721 0.23102188
vt 0.50832725 0.23103547
vt 0.51167899 0.22559458
vt 0.50481939 0.23366421
vt 0.51199555 0.23570603
vt 0.51123226 0.23336345
vt 0.51537788 0.23515183
vt 0.78543502 0.38233042
vt 0.78202868 0.37651646
vt 0.77995259 0.37973034
vt 0.78410929 0.38899052
vt 0.78844184 0.39020115
vt 0.78518373 0.40319484
vt 0.78001428 0.39933944
vt 0.77764928 0.38901067
vt 0.77693677 0.41424441
vt 0.77096951 0.41190749
vt 0.76904410 0.40394235
vt 0.76112789 0.41970229
vt 0.77240843 0.39307678
vt 0.76980680 0.42522484
vt 0.75636536 0.41915250
vt 0.75913429 0.42829120
vt 0.75399804 0.41894746
vt 0.75126761 0.42468131
vt 0.76017177 0.43349147
vt 0.76332039 0.43605900
vt 0.75550848 0.45273775
vt 0.78156447 0.41709042
vt 0.77353179 0.42928684
vt 0.74930453 0.41771710
vt 0.75442070 0.41596866
vt 0.76528990 0.43984234
vt 0.78954303 0.40579402
vt 0.77965641 0.42914557
vt 0.78630632 0.41762447
vt 0.77380532 0.43873489
vt 0.74266791 0.46237254
vt 0.74531692 0.44372517
vt 0.73292381 0.45708811
vt 0.74244142 0.43869919
vt 0.74901056 0.46701312
vt 0.72107136 0.47785664
vt 0.73531038 0.48824757
vt 0.72347784 0.49848938
vt 0.71033919 0.49153972
vt 0.70566320 0.51548380
vt 0.71717989 0.51016581
vt 0.69899201 0.50821298
vt 0.71351075 0.51908505
vt 0.70685321 0.53148198
vt 0.72382063 0.53547138
vt 0.70694220 0.54122424
vt 0.69449461 0.51503474
vt 0.68838686 0.53149050
vt 0.72103822 0.54873306
vt 0.73033726 0.54140598
vt 0.72321057 0.51511443
vt 0.72719640 0.50260693
vt 0.73222750 0.52508241
vt 0.73649776 0.55975223
vt 0.74510682 0.55021489
vt 0.68922096 0.50407624
vt 0.70069891 0.48281628
vt 0.67418420 0.52717191
vt 0.67651552 0.51290852
vt 0.71685457 0.46881783
vt 0.75165647 0.56060678
vt 0.74453437 0.56769025
vt 0.75811428 0.54697371
vt 0.74051487 0.53145903
vt 0.68698078 0.49816346
vt 0.75182670 0.54201400
vt 0.66740942 0.52510577
vt 0.71514505 0.46044034
vt 0.72590101 0.44605601
vt 0.68618846 0.53231239
vt 0.70324904 0.47655320
vt 0.73107201 0.51279694
vt 0.73207045 0.50406748
vt 0.75884122 0.56048805
vt 0.75124556 0.57925546
vt 0.75643271 0.58765072
vt 0.76374793 0.56760794
vt 0.76848334 0.59227765
vt 0.77013397 0.59686106
vt 0.77138436 0.58605361
vt 0.77133816 0.58071309
vt 0.77859217 0.56482190
vt 0.76772904 0.55154163
vt 0.78103930 0.56048357
vt 0.76525116 0.60327381
vt 0.78954303 0.55419022
vt 0.75585121 0.59210461
vt 0.74800843 0.41516185
vt 0.77077228 0.60204023
vt 0.77237242 0.60981184
vt 0.73943722 0.42419684
vt 0.74346000 0.51263779
vt 0.75394684 0.61212254
vt 0.76177585 0.61458582
vt 0.75722706 0.62395465
vt 0.76689571 0.61790770
vt 0.77346885 0.61803627
vt 0.76845372 0.62458426
vt 0.77580386 0.62521666
vt 0.76069790 0.62403911
vt 0.75165778 0.59664577
vt 0.72607803 0.57428330
vt 0.71097809 0.55938274
vt 0.71184528 0.56703514
vt 0.69388807 0.55752242
vt 0.73328304 0.57837266
vt 0.70229149 0.54748398
vt 0.67979252 0.55076623
vt 0.66212654 0.53463274
vt 0.73456651 0.58332992
vt 0.75204211 0.40921366
vt 0.55638283 0.46057189
vt 0.55331618 0.46738756
vt 0.55843586 0.46188062
vt 0.55843586 0.47097051
vt 0.55316347 0.46344548
vt 0.23450938 0.65294629
vt 0.23166662 0.64807552
vt 0.23061715 0.65188950
vt 0.22873992 0.64749825
vt 0.22475794 0.63327748
vt 0.21911490 0.63255316
vt 0.22185041 0.62402719
vt 0.22923426 0.63346016
vt 0.21480636 0.62377131
vt 0.21963504 0.61395144
vt 0.21133567 0.61549854
vt 0.22705252 0.62187386
vt 0.22598028 0.61466372
vt 0.23548479 0.64237714
vt 0.23562397 0.64774817
vt 0.23316462 0.62356216
vt 0.23681898 0.63291436
vt 0.23681898 0.61453897
vt 0.35896310 0.29159445
vt 0.35896310 0.29506063
vt 0.35369068 0.29193139
vt 0.21309313 0.37384379
vt 0.21234271 0.36839569
vt 0.21012303 0.37478340
vt 0.20576315 0.36181784
vt 0.20254833 0.36121792
vt 0.21309315 0.35790503
vt 0.20648971 0.35745233
vt 0.42574692 0.38957125
vt 0.42574692 0.38084924
vt 0.42398944 0.38464993
vt 0.42436713 0.39124787
vt 0.69112480 0.34185445
vt 0.68848860 0.33391327
vt 0.69112480 0.33318889
vt 0.78847438 0.08362222
vt 0.78690684 0.08795494
vt 0.79033989 0.08608425
vt 0.79920912 0.08795494
vt 0.98459339 0.38247573
vt 0.97854406 0.37651646
vt 0.97796011 0.37866217
vt 0.98370993 0.38614726
vt 0.99276471 0.39456713
vt 0.99236941 0.39947033
vt 0.99713564 0.40557253
vt 0.98655480 0.39736575
vt 0.99013025 0.40536040
vt 0.99254769 0.41229659
vt 0.99837267 0.41466260
vt 0.99188846 0.42134136
vt 0.99877810 0.41963577
vt 0.99956065 0.42164505
vt 0.99506336 0.42221916
vt 0.97928578 0.42950475
vt 0.98628610 0.42137802
vt 0.97620744 0.42682111
vt 0.98340142 0.43543136
vt 0.99422407 0.43228459
vt 0.99367207 0.44224799
vt 0.98728925 0.44382918
vt 0.99067008 0.45228851
vt 0.99956065 0.45277297
vt 0.98875934 0.41357440
vt 0.98468810 0.40143085
vt 0.97886121 0.40072060
vt 0.97946388 0.39041442
vt 0.97575092 0.41270423
vt 0.97632182 0.41772610
vt 0.96909881 0.42062807
vt 0.96902460 0.42724645
vt 0.97667623 0.39340007
vt 0.97250277 0.41473198
vt 0.97387481 0.43226516
vt 0.96792620 0.42995238
vt 0.77369958 0.37091976
vt 0.77197272 0.37470752
vt 0.77636206 0.37362993
vt 0.77636206 0.36323333
vt 0.77392787 0.36265165
vt 0.77196836 0.36594278
vt 0.77390462 0.37564993
vt 0.56588888 0.86871749
vt 0.56195080 0.86220580
vt 0.56566918 0.86569411
vt 0.57011265 0.86441439
vt 0.58284086 0.86308485
vt 0.57536674 0.86178511
vt 0.58567661 0.86871749
vt 0.58480221 0.86526912
vt 0.66739893 0.32972270
vt 0.66564149 0.32239932
vt 0.66739893 0.31672442
vt 0.81133085 0.60135871
vt 0.81502634 0.60528594
vt 0.81502080 0.60129154
vt 0.81291682 0.59408832
vt 0.80845666 0.59203196
vt 0.80817294 0.58573478
vt 0.80154014 0.58160549
vt 0.80055290 0.57482040
vt 0.80443668 0.59496522
vt 0.79738587 0.58604324
vt 0.79210585 0.57564223
vt 0.79575115 0.56860101
vt 0.79042178 0.56072873
vt 0.79846311 0.56001770
vt 0.79262966 0.55762565
vt 0.80494946 0.56450456
vt 0.81051397 0.57001257
vt 0.80467761 0.55911094
vt 0.81394815 0.58184475
vt 0.81043088 0.55766690
vt 0.81502634 0.56132925
vt 0.19727592 0.62970889
vt 0.19887660 0.62601286
vt 0.19730228 0.62059915
vt 0.19839580 0.63821489
vt 0.19903339 0.62010425
vt 0.19839580 0.61481804
vt 0.92763937 0.99490941
vt 0.92750442 0.99797344
vt 0.93144077 0.99534082
vt 0.93054873 0.99956673
vt 0.93644428 0.99935222
vt 0.94139498 0.99176776
vt 0.94285864 0.99556112
vt 0.94420034 0.99956673
vt 0.41391793 0.71360487
vt 0.41624030 0.70874137
vt 0.41783831 0.71013802
vt 0.41766265 0.71246392
vt 0.40853190 0.71335924
vt 0.40233344 0.71249688
vt 0.40993121 0.70579439
vt 0.39121041 0.71007770
vt 0.38946694 0.70835060
vt 0.37980205 0.70667022
vt 0.39390159 0.69614875
vt 0.38396102 0.69850802
vt 0.39088351 0.69030195
vt 0.39563859 0.69448203
vt 0.40237039 0.70055521
vt 0.37709621 0.70503461
vt 0.28421268 0.64379752
vt 0.26525074 0.64811027
vt 0.27456114 0.63529831
vt 0.26429346 0.64019805
vt 0.28713909 0.62607491
vt 0.29975134 0.63291848
vt 0.29867280 0.61919230
vt 0.30646235 0.64574993
vt 0.30677953 0.62619901
vt 0.30966148 0.63813406
vt 0.32560220 0.64396501
vt 0.32037875 0.65633923
vt 0.33521363 0.65282476
vt 0.35145223 0.67365575
vt 0.36547798 0.66822094
vt 0.35608378 0.69150621
vt 0.37212873 0.67467773
vt 0.37300971 0.70491135
vt 0.37735587 0.69926655
vt 0.33693719 0.67787468
vt 0.34200758 0.64656621
vt 0.30652049 0.61341268
vt 0.30151430 0.65418440
vt 0.27804807 0.65367359
vt 0.31333491 0.65769923
vt 0.32160825 0.66276824
vt 0.29249629 0.61186600
vt 0.26169613 0.66342604
vt 0.24426933 0.65107501
vt 0.38557190 0.68954492
vt 0.28142750 0.61639524
vt 0.25139806 0.65909618
vt 0.22926006 0.66038424
vt 0.22441310 0.65875536
vt 0.29426047 0.60124105
vt 0.21037582 0.66547549
vt 0.23082539 0.66657948
vt 0.28464884 0.60475242
vt 0.27585065 0.66132259
vt 0.28983998 0.66121000
vt 0.29730815 0.66317743
vt 0.30613866 0.66474694
vt 0.24955022 0.66814739
vt 0.27658311 0.62269610
vt 0.26563546 0.62972599
vt 0.28370991 0.59240133
vt 0.21836442 0.66908365
vt 0.27513251 0.60920286
vt 0.30378330 0.60046023
vt 0.34935793 0.64279300
vt 0.19472244 0.67949533
vt 0.19642571 0.67205226
vt 0.33647004 0.63073558
vt 0.31223583 0.60819644
vt 0.26742062 0.62507981
vt 0.37123823 0.66218734
vt 0.31883734 0.66662061
vt 0.38447782 0.67729235
vt 0.27786243 0.60209066
vt 0.28742030 0.58694249
vt 0.29787531 0.59109670
vt 0.35862932 0.64325994
vt 0.37001100 0.65297884
vt 0.33754447 0.62379688
vt 0.34801322 0.63374782
vt 0.23337442 0.67720789
vt 0.31549489 0.60486418
vt 0.32737446 0.61396438
vt 0.38533849 0.66959602
vt 0.37792078 0.65929806
vt 0.22579601 0.67969465
vt 0.22016984 0.67742157
vt 0.21029429 0.67678863
vt 0.19757496 0.68841690
vt 0.18887779 0.68961465
vt 0.18364878 0.69596338
vt 0.18039830 0.70612234
vt 0.30704954 0.59438795
vt 0.39221105 0.68418318
vt 0.29140970 0.58015597
vt 0.29986095 0.58613998
vt 0.26377109 0.62174147
vt 0.25024834 0.62850296
vt 0.22187182 0.68268704
vt 0.30685189 0.67121381
vt 0.22419479 0.68881297
vt 0.21695904 0.68245476
vt 0.21574968 0.68551308
vt 0.20131610 0.69717890
vt 0.20529440 0.69239146
vt 0.20223109 0.69202363
vt 0.20347954 0.68819708
vt 0.21361393 0.68225861
vt 0.19843830 0.70460021
vt 0.31903216 0.67486989
vt 0.17532539 0.70498389
vt 0.27769148 0.67063481
vt 0.31365436 0.68509734
vt 0.31801638 0.68611491
vt 0.28975356 0.67160964
vt 0.23005009 0.68694639
vt 0.22493550 0.69642043
vt 0.17003515 0.71360487
vt 0.30231556 0.68219507
vt 0.29069275 0.67992437
vt 0.26473284 0.68048894
vt 0.27705932 0.67878777
vt 0.35375053 0.70162237
vt 0.36473772 0.70849353
vt 0.25222722 0.67530358
vt 0.32892379 0.69012046
vt 0.32068649 0.60549498
vt 0.37396073 0.71129906
vt 0.37572405 0.71097112
vt 0.00146575 0.26646447
vt 0.00043937 0.27166378
vt 0.00307557 0.27166378
vt 0.05334274 0.80979204
vt 0.05492092 0.80837679
vt 0.04650280 0.80805892
vt 0.04340229 0.80979204
vt 0.03734622 0.80818832
vt 0.87741649 0.62521666
vt 0.87741649 0.62954938
vt 0.87478030 0.62786341
vt 0.03383128 0.60268629
vt 0.02863749 0.60095322
vt 0.02416520 0.60268629
vt 0.74149400 0.60131991
vt 0.74341369 0.60222334
vt 0.74265677 0.60631877
vt 0.73917115 0.60894096
vt 0.74384886 0.60903132
vt 0.74145776 0.61729246
vt 0.73473191 0.60459107
vt 0.73576713 0.61367178
vt 0.73394132 0.62222499
vt 0.73804891 0.62635142
vt 0.74371856 0.62694973
vt 0.72907776 0.62694973
vt 0.72800761 0.60550910
vt 0.72627419 0.60796869
vt 0.72864276 0.62109983
vt 0.72912794 0.59969234
vt 0.73492038 0.59488738
vt 0.53158867 0.67784953
vt 0.52855885 0.67980933
vt 0.52875161 0.67698407
vt 0.53134465 0.67138737
vt 0.53575420 0.67096001
vt 0.58342916 0.65569043
vt 0.58011287 0.66668195
vt 0.57828015 0.66220534
vt 0.57964486 0.65583408
vt 0.57585442 0.66944218
vt 0.57632744 0.67965126
vt 0.58297175 0.67966443
vt 0.58819729 0.67798907
vt 0.58918822 0.67049170
vt 0.59428835 0.66089422
vt 0.59024829 0.67980933
vt 0.59153068 0.67344230
vt 0.59592432 0.65452838
vt 0.57420707 0.65672034
vt 0.57036901 0.66536260
vt 0.55729979 0.65987790
vt 0.55100513 0.66502553
vt 0.56284010 0.65457147
vt 0.56975925 0.65381283
vt 0.55524558 0.67267990
vt 0.53964198 0.67685825
vt 0.53836823 0.67346597
vt 0.54386497 0.66518432
vt 0.55880767 0.67531747
vt 0.55177444 0.65914488
vt 0.57384664 0.67584085
vt 0.57665223 0.65444595
vt 0.59953886 0.65558672
vt 0.59806561 0.66674638
vt 0.60976720 0.66407597
vt 0.60633117 0.65619832
vt 0.61643231 0.65844512
vt 0.60319197 0.67000490
vt 0.59791684 0.67452240
vt 0.82300186 0.99597019
vt 0.82146245 0.99480671
vt 0.82620937 0.99281412
vt 0.82057595 0.98972219
vt 0.82446527 0.98396879
vt 0.80246955 0.99535424
vt 0.79718715 0.99044806
vt 0.78612101 0.99325734
vt 0.78377223 0.99030334
vt 0.77870232 0.99199814
vt 0.81191468 0.98537761
vt 0.82732862 0.99610054
vt 0.77900642 0.99492192
vt 0.78512973 0.99610054
vt 0.77724075 0.99459982
vt 0.57862437 0.85480362
vt 0.58219427 0.85417521
vt 0.58096111 0.85658580
vt 0.58150363 0.84794080
vt 0.58561707 0.84940583
vt 0.59133488 0.84042364
vt 0.58409423 0.83408672
vt 0.57994074 0.83252209
vt 0.59209514 0.83446807
vt 0.59782511 0.83711118
vt 0.60236323 0.83506465
vt 0.57502222 0.84733677
vt 0.57466167 0.83897513
vt 0.57206583 0.83058244
vt 0.57848698 0.82629317
vt 0.57270002 0.82609564
vt 0.58940488 0.82538992
vt 0.60061556 0.82632703
vt 0.60788268 0.83373255
vt 0.57186383 0.85122019
vt 0.61028117 0.82844645
vt 0.56872553 0.83764225
vt 0.56652057 0.83152395
vt 0.56065923 0.83773404
vt 0.56014544 0.84266603
vt 0.55324787 0.84202641
vt 0.55196369 0.84745759
vt 0.56138867 0.84882790
vt 0.54302615 0.84938121
vt 0.56898594 0.84854138
vt 0.53665632 0.84569007
vt 0.53562397 0.84996665
vt 0.54003137 0.85288310
vt 0.53115338 0.85335886
vt 0.52979696 0.85658580
vt 0.54521883 0.83837461
vt 0.55502957 0.83274043
vt 0.52680141 0.85603070
vt 0.52891916 0.85108966
vt 0.56847197 0.82880306
vt 0.57049292 0.82697374
vt 0.59231496 0.84152430
vt 0.00395431 0.36268520
vt 0.00307557 0.37305027
vt 0.00307557 0.34965336
vt 0.54718632 0.55788594
vt 0.55863732 0.55849218
vt 0.55311167 0.55768746
vt 0.55931461 0.55584425
vt 0.54831243 0.55370957
vt 0.55631804 0.54818994
vt 0.54489893 0.54695034
vt 0.54624164 0.55175853
vt 0.55489713 0.54625106
vt 0.53971982 0.54614890
vt 0.54520047 0.54383755
vt 0.55551463 0.52890396
vt 0.55699080 0.52108485
vt 0.54959035 0.52132726
vt 0.55216467 0.51125652
vt 0.55007619 0.53201044
vt 0.54265535 0.52013195
vt 0.55701548 0.53318614
vt 0.54391891 0.51175666
vt 0.54804999 0.50823224
vt 0.55524677 0.54139704
vt 0.55791265 0.52657014
vt 0.55188137 0.54459333
vt 0.55931461 0.51958477
vt 0.54492325 0.53582209
vt 0.53979677 0.52590245
vt 0.54096740 0.53651822
vt 0.53910369 0.51599431
vt 0.92838311 0.03942806
vt 0.92838311 0.04202771
vt 0.92486817 0.04146719
vt 0.08895238 0.46349764
vt 0.08406375 0.46057200
vt 0.08752101 0.46385449
vt 0.09340513 0.46682763
vt 0.07544554 0.47447026
vt 0.07370769 0.48168540
vt 0.07777037 0.49025726
vt 0.07456963 0.49166411
vt 0.07605185 0.48470515
vt 0.06963601 0.48618340
vt 0.07197463 0.49315596
vt 0.06847961 0.48343235
vt 0.05989585 0.49073088
vt 0.06407760 0.46317291
vt 0.07351146 0.45990402
vt 0.09270316 0.48256099
vt 0.08517119 0.51151896
vt 0.09270600 0.50047445
vt 0.07219198 0.49625325
vt 0.09487411 0.52181417
vt 0.09346926 0.53401732
vt 0.08716072 0.53481162
vt 0.09807753 0.53092140
vt 0.10501789 0.52744001
vt 0.07092710 0.53117967
vt 0.06763739 0.51005977
vt 0.06240963 0.51297247
vt 0.07580683 0.54167402
vt 0.06158840 0.44580352
vt 0.05598627 0.45222628
vt 0.04987920 0.43828177
vt 0.06120557 0.43412673
vt 0.03954127 0.44316566
vt 0.04462953 0.46615928
vt 0.04049878 0.47071677
vt 0.03249967 0.44600028
vt 0.05392246 0.49094617
vt 0.05482651 0.50571007
vt 0.06178013 0.53478557
vt 0.06468904 0.54433727
vt 0.03072570 0.47113746
vt 0.04508138 0.49147302
vt 0.07590067 0.45186710
vt 0.07960752 0.45609534
vt 0.11462981 0.51832682
vt 0.05795599 0.41899818
vt 0.11723810 0.51242256
vt 0.12785587 0.51660144
vt 0.10127896 0.50604618
vt 0.06562044 0.44107604
vt 0.06871103 0.44274211
vt 0.05005567 0.41883624
vt 0.04091239 0.42320561
vt 0.04358236 0.51734018
vt 0.04781836 0.53817493
vt 0.08918373 0.54125774
vt 0.02066459 0.44813198
vt 0.03526275 0.49324226
vt 0.05661641 0.40467995
vt 0.05036829 0.54664105
vt 0.08563354 0.55099267
vt 0.04502377 0.40388709
vt 0.02885445 0.43845212
vt 0.11642464 0.52254218
vt 0.03082230 0.40613693
vt 0.05873022 0.39324617
vt 0.04867950 0.38603294
vt 0.03986570 0.38757962
vt 0.03003832 0.38900948
vt 0.01834847 0.41203511
vt 0.01178906 0.43464637
vt 0.02276011 0.47124434
vt 0.06088125 0.38806260
vt 0.01707511 0.39074016
vt 0.01008001 0.42311072
vt 0.04116756 0.37269008
vt 0.00904671 0.44931293
vt 0.00746924 0.45154285
vt 0.01284211 0.40608954
vt 0.01726013 0.50369680
vt 0.01120447 0.47618365
vt 0.08284172 0.55589253
vt 0.03266342 0.37070954
vt 0.05279873 0.36386192
vt 0.01949184 0.37730253
vt 0.06447310 0.38045883
vt 0.04626576 0.35314786
vt 0.06749751 0.37186128
vt 0.06582834 0.36230183
vt 0.07092843 0.36508095
vt 0.05795534 0.34983635
vt 0.03528193 0.35530674
vt 0.03840860 0.33014637
vt 0.02002432 0.36105585
vt 0.02248138 0.34716350
vt 0.04700189 0.33625948
vt 0.04275039 0.29627258
vt 0.02408018 0.33158630
vt 0.02606007 0.31785804
vt 0.02839240 0.30092996
vt 0.06837256 0.33222568
vt 0.06126757 0.32367420
vt 0.07079245 0.29968512
vt 0.08401441 0.30894685
vt 0.08591307 0.32284921
vt 0.08324268 0.29369152
vt 0.08309424 0.27690816
vt 0.07214174 0.24897522
vt 0.09161743 0.33582950
vt 0.07657457 0.34701538
vt 0.08958572 0.34688026
vt 0.06517234 0.25866210
vt 0.05501735 0.29812586
vt 0.05846392 0.28239334
vt 0.09411544 0.34392124
vt 0.08231656 0.26408947
vt 0.08175110 0.25066364
vt 0.05122317 0.31996864
vt 0.07997237 0.23256558
vt 0.06781045 0.22087103
vt 0.07768448 0.21550494
vt 0.06246838 0.24826103
vt 0.09431215 0.30386126
vt 0.07501061 0.19805884
vt 0.06692865 0.20015627
vt 0.07200862 0.17856348
vt 0.10796808 0.33109617
vt 0.06650185 0.17473876
vt 0.09911000 0.28731370
vt 0.08370986 0.24839497
vt 0.09450293 0.26786214
vt 0.11272410 0.31335914
vt 0.12138911 0.33473706
vt 0.08288745 0.35592812
vt 0.07778568 0.36002934
vt 0.07349885 0.16897786
vt 0.07118312 0.14876235
vt 0.06282773 0.16603875
vt 0.06793372 0.14681906
vt 0.06936979 0.12691766
vt 0.07266840 0.12846118
vt 0.07186646 0.10712487
vt 0.06190676 0.14078730
vt 0.06064690 0.18993914
vt 0.06162387 0.21281391
vt 0.05781586 0.15392250
vt 0.10926745 0.28923631
vt 0.08831152 0.19959354
vt 0.05751331 0.23650932
vt 0.09157686 0.24750185
vt 0.06571727 0.12210900
vt 0.07132886 0.09852821
vt 0.07360344 0.09662044
vt 0.09246357 0.23099792
vt 0.12785588 0.31823778
vt 0.05097933 0.26484710
vt 0.05163222 0.17502964
vt 0.04704439 0.19311410
vt 0.04686029 0.22430581
vt 0.04066893 0.28113079
vt 0.04193017 0.21956289
vt 0.03465214 0.24838156
vt 0.05061345 0.25049031
vt 0.06713616 0.10556531
vt 0.06859668 0.37270617
vt 0.80360281 0.02209705
vt 0.80448157 0.02838546
vt 0.80360281 0.03162909
vt 0.25878733 0.95277297
vt 0.25878733 0.96230501
vt 0.25790861 0.95634413
vt 0.47319859 0.02463621
vt 0.46905988 0.02644646
vt 0.47244987 0.02644938
vt 0.47269475 0.01863086
vt 0.47078013 0.03273672
vt 0.47269475 0.05329287
vt 0.47224879 0.04571211
vt 0.47054201 0.04603302
vt 0.46792617 0.03416181
vt 0.95138931 0.78466207
vt 0.95474517 0.78678572
vt 0.95466685 0.78499949
vt 0.94598335 0.78904784
vt 0.94551116 0.78607208
vt 0.93554246 0.79303849
vt 0.94140166 0.79679263
vt 0.93627149 0.80402505
vt 0.92700869 0.80244881
vt 0.93374252 0.81268722
vt 0.92803496 0.81038797
vt 0.93167740 0.81842631
vt 0.92481768 0.80640674
vt 0.92289090 0.81196254
vt 0.92278129 0.82407618
vt 0.92015755 0.81423241
vt 0.91608083 0.82033157
vt 0.93754494 0.81879121
vt 0.94876873 0.80661374
vt 0.95016378 0.79260451
vt 0.94523686 0.82053620
vt 0.95116949 0.80343723
vt 0.93072790 0.83111608
vt 0.93836629 0.82413322
vt 0.94613361 0.82536036
vt 0.93704176 0.82932812
vt 0.94260913 0.83266568
vt 0.92485583 0.83690435
vt 0.91823715 0.83212978
vt 0.94950610 0.82168323
vt 0.95466685 0.83752167
vt 0.19120671 0.21793759
vt 0.19288225 0.21579087
vt 0.19120669 0.21447140
vt 0.18848857 0.21625966
vt 0.18145870 0.48223567
vt 0.19200352 0.48223567
vt 0.18783017 0.48136914
vt 0.14539094 0.60355288
vt 0.14511280 0.60441619
vt 0.14015818 0.60961872
vt 0.15509667 0.60767496
vt 0.14804058 0.60961872
vt 0.40026361 0.03769499
vt 0.39336005 0.03076255
vt 0.37829524 0.03769499
vt 0.97300249 0.02296358
vt 0.95600009 0.01490939
vt 0.94859403 0.02002650
vt 0.97415733 0.01679826
vt 0.98728132 0.01739353
vt 0.97005349 0.01018578
vt 0.99516696 0.02296358
vt 0.97814965 0.00996536
vt 0.91168720 0.97414047
vt 0.92306864 0.97138131
vt 0.92311072 0.98190176
vt 0.91415638 0.98037142
vt 0.91799247 0.96781617
vt 0.91653204 0.95970535
vt 0.91688943 0.98655152
vt 0.92306864 0.99068111
vt 0.92096549 0.99956673
vt 0.79027063 0.07707489
vt 0.78954303 0.08275563
vt 0.80020028 0.07834220
vt 0.79652673 0.07322359
vt 0.80448157 0.08275563
vt 0.56218249 0.47790295
vt 0.56809705 0.47256601
vt 0.56898069 0.47790295
vt 0.56259555 0.47183704
vt 0.55843586 0.47623694
vt 0.98022848 0.51429808
vt 0.98637962 0.51429808
vt 0.98140508 0.50823224
vt 0.39938489 0.57923567
vt 0.40465730 0.57629746
vt 0.40465730 0.58275563
vt 0.39956516 0.57582325
vt 0.86156708 0.46240932
vt 0.86687171 0.46058655
vt 0.86566460 0.46577120
vt 0.86072057 0.45797229
vt 0.86165810 0.46577120
vt 0.81326890 0.85658580
vt 0.81326890 0.86265165
vt 0.80887520 0.85733318
vt 0.76933217 0.33959508
vt 0.76623619 0.34272099
vt 0.76581722 0.33752167
vt 0.76931703 0.34272099
vt 0.76142353 0.14601386
vt 0.76757467 0.14601386
vt 0.76296747 0.14341420
vt 0.11115993 0.19714040
vt 0.10769429 0.19280761
vt 0.10764499 0.19714040
vt 0.70331484 0.12781632
vt 0.70436472 0.13098818
vt 0.70782071 0.12964344
vt 0.70254833 0.13038301
vt 0.70501077 0.13530254
vt 0.70782071 0.13561523
vt 0.31326890 0.78899479
vt 0.31326890 0.79159445
vt 0.30887523 0.79056680
vt 0.93189806 0.59488738
vt 0.93277681 0.60412425
vt 0.93189806 0.61221838
vt 0.89850777 0.68327558
vt 0.90641475 0.68240899
vt 0.89147627 0.68240899
vt 0.64543056 0.29653645
vt 0.64455187 0.30025995
vt 0.64455187 0.29332757
vt 0.95598263 0.05619556
vt 0.94821161 0.04552191
vt 0.96871763 0.05647361
vt 0.96750277 0.04554027
vt 0.95916063 0.03937519
vt 0.96853858 0.04018086
vt 0.97282195 0.06027091
vt 0.97425473 0.05701041
vt 0.95805371 0.05888289
vt 0.94133222 0.05511236
vt 0.94710481 0.06371391
vt 0.93164867 0.06057090
vt 0.93296516 0.05331075
vt 0.95750099 0.06555188
vt 0.93769139 0.04193395
vt 0.93856269 0.06663930
vt 0.92820358 0.06446075
vt 0.93384808 0.06943655
vt 0.95375818 0.03249568
vt 0.93090177 0.05285853
vt 0.95310706 0.06934690
vt 0.94023705 0.07064205
vt 0.92750442 0.07122892
vt 0.97336960 0.04587936
vt 0.98439568 0.06436265
vt 0.98559433 0.06210446
vt 0.95983320 0.03571302
vt 0.98236579 0.05328590
vt 0.99114358 0.06444383
vt 0.99139017 0.05999100
vt 0.95084977 0.07149047
vt 0.96036232 0.06755292
vt 0.95642596 0.07122892
vt 0.96018654 0.06073499
vt 0.97757512 0.04840887
vt 0.94447583 0.03576326
vt 0.94487804 0.03255677
vt 0.93425626 0.04104471
vt 0.93667018 0.03267026
vt 0.99822706 0.06467271
vt 0.99956065 0.06074202
vt 0.99541724 0.05337745
vt 0.98957831 0.05510324
vt 0.99837053 0.05259335
vt 0.73769772 0.19540727
vt 0.72803164 0.19540727
vt 0.73297793 0.19194108
vt 0.38093147 0.15294623
vt 0.38443035 0.14948010
vt 0.38796133 0.15294629
vt 0.13707858 0.49117529
vt 0.13470110 0.47763324
vt 0.14281191 0.47692037
vt 0.13354947 0.48788083
vt 0.14632972 0.48508394
vt 0.13257988 0.49283832
vt 0.14619532 0.46379101
vt 0.14352143 0.49371517
vt 0.15504645 0.49391365
vt 0.15871052 0.48299539
vt 0.13461384 0.49523401
vt 0.16882767 0.49083012
vt 0.16985188 0.49523401
vt 0.15710139 0.47744513
vt 0.13012584 0.49115431
vt 0.13409540 0.46740699
vt 0.13163617 0.46962744
vt 0.12993234 0.48775673
vt 0.12558620 0.49100316
vt 0.17355008 0.49488556
vt 0.11868452 0.48545337
vt 0.11467473 0.47880536
vt 0.10813501 0.47664887
vt 0.13052575 0.47254372
vt 0.13280223 0.47441816
vt 0.10861669 0.46772921
vt 0.12765369 0.46946508
vt 0.10248913 0.46897829
vt 0.11716374 0.46777356
vt 0.15038614 0.46555370
vt 0.14925130 0.46317160
vt 0.16333631 0.48487693
vt 0.10141095 0.46336961
vt 0.09710018 0.46357459
vt 0.70957822 0.28015131
vt 0.71309316 0.28206241
vt 0.71309316 0.26819754
vt 0.16640492 0.38731277
vt 0.15038583 0.39738554
vt 0.15827604 0.38057899
vt 0.15620196 0.38098174
vt 0.17049323 0.38198590
vt 0.16474874 0.37666512
vt 0.17078787 0.38688254
vt 0.17012390 0.37738150
vt 0.17234312 0.37530351
vt 0.16654496 0.39566898
vt 0.17852795 0.38402987
vt 0.14930488 0.39532810
vt 0.17812330 0.37724882
vt 0.16846761 0.36353946
vt 0.17715062 0.36344588
vt 0.15816504 0.37601161
vt 0.17671335 0.35295653
vt 0.15860757 0.36488777
vt 0.16995318 0.33581412
vt 0.15452206 0.35575366
vt 0.14417540 0.40551913
vt 0.17750646 0.33279663
vt 0.17068951 0.32321763
vt 0.17814027 0.31712234
vt 0.17307760 0.30495381
vt 0.17849055 0.30098331
vt 0.17601727 0.29601514
vt 0.18642142 0.29060411
vt 0.17695209 0.28529072
vt 0.15284893 0.28423411
vt 0.16136241 0.27687752
vt 0.17870745 0.26884127
vt 0.15576486 0.26211029
vt 0.17173301 0.25000548
vt 0.17780042 0.25240076
vt 0.19582361 0.25617766
vt 0.18674034 0.26870644
vt 0.19687188 0.26690310
vt 0.20888919 0.26423597
vt 0.21090278 0.25618529
vt 0.20735374 0.27295840
vt 0.19702584 0.27758956
vt 0.22000891 0.28433871
vt 0.20685209 0.28654051
vt 0.19447145 0.28815132
vt 0.20320162 0.29300702
vt 0.19875003 0.30319846
vt 0.18698451 0.29616976
vt 0.22070199 0.25386584
vt 0.22911012 0.26551354
vt 0.24897428 0.25049341
vt 0.24880868 0.25916046
vt 0.26075709 0.25087363
vt 0.26328841 0.24867159
vt 0.26794341 0.25187647
vt 0.29076135 0.25095928
vt 0.29248595 0.26159465
vt 0.29719850 0.26648265
vt 0.30641535 0.25405389
vt 0.27705097 0.26402509
vt 0.22703455 0.27132285
vt 0.15704523 0.24892688
vt 0.15410805 0.27421808
vt 0.19029160 0.27911407
vt 0.16814630 0.30091155
vt 0.32036489 0.26690632
vt 0.32127175 0.25674331
vt 0.32868770 0.26182449
vt 0.30496970 0.27675629
vt 0.32787749 0.27659786
vt 0.30800045 0.28504324
vt 0.31455410 0.28870624
vt 0.32578337 0.29205203
vt 0.33787203 0.28205693
vt 0.28758696 0.28761721
vt 0.34131223 0.26860476
vt 0.15132686 0.29639244
vt 0.14959905 0.30909395
vt 0.16431408 0.33434719
vt 0.25764206 0.26521432
vt 0.23820817 0.28337216
vt 0.17614432 0.39334679
vt 0.14829221 0.36065018
vt 0.15110150 0.37129873
vt 0.34531245 0.26280177
vt 0.34438959 0.24558592
vt 0.34895584 0.25433916
vt 0.35966441 0.25191832
vt 0.35681131 0.24555564
vt 0.35526028 0.24236047
vt 0.35064635 0.24138647
vt 0.36183241 0.23263806
vt 0.35607326 0.22551489
vt 0.36633542 0.22478330
vt 0.36996749 0.21172178
vt 0.38239563 0.22442168
vt 0.39088553 0.21128005
vt 0.37987888 0.19932854
vt 0.40335649 0.19466984
vt 0.41467994 0.21964377
vt 0.37152594 0.18143576
vt 0.39543888 0.22696233
vt 0.38458851 0.23116457
vt 0.39408594 0.24002469
vt 0.38423946 0.24931860
vt 0.40597388 0.24283695
vt 0.39200619 0.25532734
vt 0.37784404 0.25915939
vt 0.37154999 0.25674200
vt 0.40538466 0.25223780
vt 0.40661690 0.26399952
vt 0.38513726 0.26704103
vt 0.37943819 0.26460123
vt 0.41591987 0.25978839
vt 0.41306895 0.26885259
vt 0.42435905 0.27644873
vt 0.42692044 0.26056099
vt 0.41654339 0.28183138
vt 0.42833170 0.27994585
vt 0.39786127 0.28424132
vt 0.40238854 0.29124868
vt 0.39081803 0.29116058
vt 0.38212931 0.29955041
vt 0.39872614 0.30397594
vt 0.37783936 0.30907363
vt 0.37280157 0.30871344
vt 0.36493954 0.31728798
vt 0.37373030 0.31708848
vt 0.36769974 0.31950229
vt 0.37798440 0.31968945
vt 0.39107281 0.31608462
vt 0.40116683 0.31677800
vt 0.41143396 0.30823755
vt 0.41645917 0.31293964
vt 0.43030170 0.31000239
vt 0.42072541 0.32042503
vt 0.41309008 0.32255495
vt 0.43228447 0.32266033
vt 0.44620100 0.30759901
vt 0.43683699 0.30145580
vt 0.44946730 0.31833625
vt 0.46657526 0.32074618
vt 0.45197269 0.33118373
vt 0.47493005 0.30511200
vt 0.47734779 0.33714515
vt 0.48088887 0.31452656
vt 0.48993763 0.33714044
vt 0.48618641 0.35240227
vt 0.49767020 0.35065758
vt 0.51643682 0.34286106
vt 0.51594317 0.35479641
vt 0.52765292 0.34966564
vt 0.53213251 0.36300027
vt 0.51908040 0.37221944
vt 0.53460813 0.37346011
vt 0.54722965 0.36788386
vt 0.55032730 0.37992752
vt 0.53943485 0.38177097
vt 0.52267206 0.38094068
vt 0.50055522 0.35998952
vt 0.50401127 0.33303022
vt 0.51632619 0.37888110
vt 0.49282402 0.32024723
vt 0.47639152 0.34469664
vt 0.53888643 0.38510048
vt 0.46071759 0.29992598
vt 0.46899757 0.29502434
vt 0.46124256 0.28501010
vt 0.46276158 0.33782554
vt 0.43685079 0.32647729
vt 0.47950163 0.35065711
vt 0.47711867 0.34746408
vt 0.48427331 0.35880423
vt 0.44761088 0.29251862
vt 0.40804723 0.32216191
vt 0.42396387 0.30242974
vt 0.51882106 0.38231802
vt 0.51505446 0.38658130
vt 0.51899022 0.38853896
vt 0.51511216 0.39319015
vt 0.52313703 0.39010549
vt 0.52266270 0.39565885
vt 0.51082295 0.39866692
vt 0.50584263 0.39243948
vt 0.50007677 0.39767563
vt 0.50195634 0.40857887
vt 0.49549425 0.40116853
vt 0.49636847 0.40852273
vt 0.49391299 0.39319110
vt 0.49995553 0.38879579
vt 0.52745461 0.39086038
vt 0.53074402 0.39985442
vt 0.52102262 0.40174198
vt 0.51110178 0.38427520
vt 0.50900418 0.38194633
vt 0.52330041 0.38561749
vt 0.51112068 0.37451136
vt 0.47086713 0.33974254
vt 0.46708286 0.34221721
vt 0.47491443 0.34918749
vt 0.46523055 0.34929281
vt 0.43879974 0.32977486
vt 0.44939643 0.33363515
vt 0.43998817 0.33493876
vt 0.43407342 0.33542430
vt 0.43784353 0.33727396
vt 0.43191594 0.33962607
vt 0.44524732 0.34223115
vt 0.43452501 0.32862353
vt 0.48989734 0.36261845
vt 0.49634606 0.37267530
vt 0.43049967 0.32922912
vt 0.44601220 0.28343308
vt 0.43581080 0.28586268
vt 0.43944108 0.27468705
vt 0.45123419 0.27475923
vt 0.47151676 0.35637045
vt 0.47769567 0.35280269
vt 0.47837853 0.35833490
vt 0.45795149 0.34765005
vt 0.46439907 0.35412657
vt 0.46213546 0.35802007
vt 0.48231697 0.36436939
vt 0.43103758 0.29626137
vt 0.49200118 0.38489968
vt 0.50022566 0.38071072
vt 0.49242106 0.37740475
vt 0.49576783 0.37385869
vt 0.50157392 0.37722343
vt 0.50981659 0.38799524
vt 0.44760334 0.26846790
vt 0.43410805 0.26305914
vt 0.43797824 0.27173483
vt 0.41260561 0.29339385
vt 0.40910986 0.22929591
vt 0.41748783 0.23756087
vt 0.41567314 0.24657893
vt 0.43188959 0.24938184
vt 0.41413605 0.19263929
vt 0.36870244 0.19369256
vt 0.35924003 0.19157714
vt 0.36079758 0.17256445
vt 0.36650479 0.17388070
vt 0.36171448 0.16720217
vt 0.37829050 0.16695297
vt 0.36698240 0.14484137
vt 0.38503358 0.16207844
vt 0.39475498 0.17132771
vt 0.36132526 0.15094131
vt 0.36150903 0.13908148
vt 0.38698256 0.17506301
vt 0.42633039 0.20129317
vt 0.42849016 0.22142178
vt 0.36024800 0.20496088
vt 0.40422392 0.22383946
vt 0.36221245 0.25965106
vt 0.37161961 0.24455750
vt 0.16454545 0.31549621
vt 0.44385207 0.25682771
vt 0.14789298 0.34463745
vt 0.29097942 0.27596176
vt 0.27294111 0.28751248
vt 0.50374377 0.37241602
vt 0.16183028 0.40056330
vt 0.15633740 0.40421259
vt 0.14279437 0.40857887
vt 0.14796740 0.33283699
vt 0.27109119 0.27850986
vt 0.34643114 0.27068567
vt 0.54632926 0.38653088
vt 0.54418302 0.38836563
vt 0.55274296 0.39352202
vt 0.54532415 0.39504039
vt 0.55286300 0.39972687
vt 0.55663180 0.39608169
vt 0.55975598 0.40370566
vt 0.54687178 0.40110183
vt 0.55398107 0.39044547
vt 0.24089423 0.27405941
vt 0.53078026 0.40308076
vt 0.42514127 0.28829265
vt 0.25707594 0.28355706
vt 0.47146922 0.36394978
vt 0.36284140 0.26880956
vt 0.39813206 0.18472546
vt 0.40630594 0.17419487
vt 0.14830963 0.32196188
vt 0.56092173 0.39367467
vt 0.56370825 0.39768529
vt 0.40099260 0.17312145
vt 0.25011572 0.28525341
vt 0.44420391 0.34801972
vt 0.47611371 0.37103003
vt 0.37490210 0.27589428
vt 0.36311838 0.27885556
vt 0.44544837 0.35390091
vt 0.45834973 0.36003840
vt 0.44527543 0.36164224
vt 0.45356801 0.36518359
vt 0.45721322 0.36878884
vt 0.43894947 0.35766494
vt 0.46426150 0.36438179
vt 0.46268672 0.37068468
vt 0.46790484 0.37220097
vt 0.47363940 0.38212901
vt 0.47751719 0.37510055
vt 0.48094770 0.37177384
vt 0.47616994 0.38390636
vt 0.46842724 0.38105881
vt 0.46385828 0.37920845
vt 0.35564542 0.27467221
vt 0.15457493 0.37553036
vt 0.43685910 0.34839642
vt 0.39954004 0.16457736
vt 0.45767930 0.33695906
vt 0.43048775 0.35413563
vt 0.42974091 0.36016273
vt 0.42746928 0.35971594
vt 0.50331724 0.37717807
vt 0.49831510 0.37414944
vt 0.42922428 0.34880692
vt 0.53248870 0.38953590
vt 0.23598301 0.98424268
vt 0.22426134 0.98518908
vt 0.22627001 0.97790295
vt 0.22188050 0.99696708
vt 0.24209139 0.99696708
vt 0.04789104 0.82323611
vt 0.03926025 0.82972270
vt 0.03386188 0.81759101
vt 0.02784543 0.82308978
vt 0.02464191 0.82972270
vt 0.01449912 0.82473677
vt 0.42223197 0.15072143
vt 0.41512445 0.14499253
vt 0.40553603 0.15814555
vt 0.40876782 0.14043212
vt 0.42223197 0.13734835
vt 0.94803846 0.49696708
vt 0.94771528 0.49001414
vt 0.96240288 0.49696708
vt 0.95898139 0.48483539
vt 0.96968365 0.49119818
vt 0.23506151 0.34878683
vt 0.22451669 0.34878683
vt 0.23434092 0.34252059
vt 0.22496532 0.34029949
vt 0.22839862 0.33405542
vt 0.10061511 0.56455803
vt 0.09182777 0.57156360
vt 0.10061510 0.57732379
vt 0.09400380 0.58275563
vt 0.35632688 0.15901214
vt 0.34490335 0.15901214
vt 0.35253492 0.14776146
vt 0.34565669 0.14688039
vt 0.87639827 0.16115886
vt 0.86950791 0.16334486
vt 0.87448698 0.15297085
vt 0.88154835 0.15207970
vt 0.88444638 0.16334486
vt 0.82732862 0.70387548
vt 0.83150041 0.70060658
vt 0.83469546 0.70407277
vt 0.84050965 0.70387548
vt 0.04871372 0.67720973
vt 0.04086116 0.68327558
vt 0.04230046 0.67860979
vt 0.04964850 0.68327558
vt 0.07106535 0.98986584
vt 0.07346117 0.99084175
vt 0.07513181 0.98107541
vt 0.07216816 0.97339827
vt 0.06875614 0.98715955
vt 0.07120762 0.99521768
vt 0.06990765 0.97183710
vt 0.06458700 0.98431981
vt 0.06472635 0.99696708
vt 0.06632671 0.97187304
vt 0.07513180 0.99419141
vt 0.94420034 0.75779897
vt 0.95360523 0.75346619
vt 0.95650262 0.75779897
f 3436/3436 3429/3429 3428/3428
f 3428/3428 3433/3433 3434/3434
f 2020/2020 2019/2019 2018/2018
f 5887/5887 5895/5895 5890/5890
f 5884/5884 5885/5885 5886/5886
f 2015/2015 2012/2012 1996/1996
f 1993/1993 1976/1976 1975/1975
f 3434/3434 3436/3436 3428/3428
f 2022/2022 2023/2023 2017/2017
f 1996/1996 2012/2012 1976/1976
f 4264/4264 4265/4265 4262/4262
f 2040/2040 2041/2041 2026/2026
f 5886/5886 5887/5887 5884/5884
f 2039/2039 2019/2019 2020/2020
f 2021/2021 2018/2018 2015/2015
f 5890/5890 5884/5884 5887/5887
f 2019/2019 2017/2017 2018/2018
f 2015/2015 2013/2013 2021/2021
f 5890/5890 5894/5894 5892/5892
f 2011/2011 1994/1994 2010/2010
f 2003/2003 2009/2009 2028/2028
f 5891/5891 5893/5893 5890/5890
f 2024/2024 2026/2026 2025/2025
f 1976/1976 1993/1993 1996/1996
f 1975/1975 1992/1992 1993/1993
f 3431/3431 3428/3428 3430/3430
f 2003/2003 2028/2028 2010/2010
f 1995/1995 2025/2025 2013/2013
f 4260/4260 4263/4263 4266/4266
f 2019/2019 2022/2022 2017/2017
f 5895/5895 5894/5894 5890/5890
f 2010/2010 1994/1994 2003/2003
f 2018/2018 2017/2017 2015/2015
f 1995/1995 1993/1993 1992/1992
f 2011/2011 2040/2040 2026/2026
f 2021/2021 2020/2020 2018/2018
f 1990/1990 2024/2024 1991/1991
f 5890/5890 5893/5893 5884/5884
f 1995/1995 1992/1992 1991/1991
f 4263/4263 4260/4260 4262/4262
f 2025/2025 1995/1995 2024/2024
f 10/10 11/11 12/12
f 3430/3430 3437/3437 3431/3431
f 4261/4261 4259/4259 4260/4260
f 4260/4260 4266/4266 4261/4261
f 3428/3428 3429/3429 3430/3430
f 3433/3433 3435/3435 3434/3434
f 4263/4263 4262/4262 4265/4265
f 3432/3432 3428/3428 3431/3431
f 1994/1994 2011/2011 2024/2024
f 5890/5890 5889/5889 5891/5891
f 3433/3433 3428/3428 3432/3432
f 2017/2017 2023/2023 2016/2016
f 2024/2024 1995/1995 1991/1991
f 2015/2015 1996/1996 2013/2013
f 2015/2015 2017/2017 2016/2016
f 2013/2013 1996/1996 1993/1993
f 1995/1995 2013/2013 1993/1993
f 3437/3437 3430/3430 3429/3429
f 2011/2011 2026/2026 2024/2024
f 4244/4244 4258/4258 4219/4219
f 2016/2016 2012/2012 2015/2015
f 5888/5888 5889/5889 5890/5890
f 2024/2024 1990/1990 1994/1994
f 2025/2025 2026/2026 2041/2041
f 5890/5890 5892/5892 5888/5888
f 5595/5595 5525/5525 5597/5597
f 5594/5594 5525/5525 5595/5595
f 5594/5594 5595/5595 5596/5596
f 7790/7790 7791/7791 7788/7788
f 7789/7789 7786/7786 7790/7790
f 7788/7788 7789/7789 7790/7790
f 5558/5558 5559/5559 5560/5560
f 5567/5567 5592/5592 5564/5564
f 5561/5561 5593/5593 5562/5562
f 5560/5560 5559/5559 5588/5588
f 5563/5563 5570/5570 5569/5569
f 5563/5563 5571/5571 5570/5570
f 5569/5569 5583/5583 5568/5568
f 5395/5395 5578/5578 5402/5402
f 5571/5571 5572/5572 5570/5570
f 5399/5399 5637/5637 5624/5624
f 5572/5572 5575/5575 5573/5573
f 5563/5563 5566/5566 5564/5564
f 5569/5569 5582/5582 5583/5583
f 5584/5584 5575/5575 5624/5624
f 5560/5560 5563/5563 5564/5564
f 5592/5592 5591/5591 5564/5564
f 5558/5558 5560/5560 5561/5561
f 5571/5571 5563/5563 5565/5565
f 5566/5566 5568/5568 5567/5567
f 5568/5568 5566/5566 5569/5569
f 5593/5593 5561/5561 5591/5591
f 5560/5560 5565/5565 5563/5563
f 5565/5565 5574/5574 5571/5571
f 5591/5591 5561/5561 5564/5564
f 5400/5400 5637/5637 5399/5399
f 5582/5582 5573/5573 5584/5584
f 5578/5578 5395/5395 5399/5399
f 5399/5399 5397/5397 5400/5400
f 5402/5402 5401/5401 5395/5395
f 5396/5396 5395/5395 5394/5394
f 5395/5395 5396/5396 5397/5397
f 5399/5399 5395/5395 5397/5397
f 5578/5578 5575/5575 5577/5577
f 5399/5399 5624/5624 5578/5578
f 5567/5567 5715/5715 5592/5592
f 5566/5566 5567/5567 5564/5564
f 5569/5569 5566/5566 5563/5563
f 5591/5591 5592/5592 5593/5593
f 5562/5562 5558/5558 5561/5561
f 5400/5400 5397/5397 5398/5398
f 5565/5565 5560/5560 5588/5588
f 5577/5577 5575/5575 5572/5572
f 5584/5584 5637/5637 5582/5582
f 5588/5588 5574/5574 5565/5565
f 5392/5392 5395/5395 5401/5401
f 5578/5578 5577/5577 5579/5579
f 5624/5624 5575/5575 5578/5578
f 5394/5394 5395/5395 5392/5392
f 5573/5573 5582/5582 5569/5569
f 5396/5396 5398/5398 5397/5397
f 5624/5624 5637/5637 5584/5584
f 5573/5573 5575/5575 5584/5584
f 5564/5564 5561/5561 5560/5560
f 5570/5570 5573/5573 5569/5569
f 5572/5572 5573/5573 5570/5570
f 5579/5579 5402/5402 5578/5578
f 7086/7086 7087/7087 7084/7084
f 1043/1043 1042/1042 1041/1041
f 4762/4762 4759/4759 4761/4761
f 6370/6370 6367/6367 6369/6369
f 6367/6367 6368/6368 6369/6369
f 8063/8063 8060/8060 8062/8062
f 1733/1733 1734/1734 1727/1727
f 1726/1726 1728/1728 1727/1727
f 1733/1733 1727/1727 1730/1730
f 1731/1731 1730/1730 1729/1729
f 1736/1736 1730/1730 1732/1732
f 1728/1728 1729/1729 1727/1727
f 1726/1726 1727/1727 1725/1725
f 1737/1737 1730/1730 1736/1736
f 1729/1729 1730/1730 1727/1727
f 1731/1731 1729/1729 1735/1735
f 1730/1730 1731/1731 1732/1732
f 1729/1729 1728/1728 1735/1735
f 1734/1734 1725/1725 1727/1727
f 1737/1737 1733/1733 1730/1730
f 4032/4032 4029/4029 4031/4031
f 6196/6196 6205/6205 6198/6198
f 6176/6176 6181/6181 6180/6180
f 6186/6186 6181/6181 6185/6185
f 6191/6191 6197/6197 6207/6207
f 6609/6609 6612/6612 6611/6611
f 6186/6186 6191/6191 6189/6189
f 6179/6179 6188/6188 6185/6185
f 6191/6191 6186/6186 6197/6197
f 6197/6197 6188/6188 6207/6207
f 6189/6189 6187/6187 6183/6183
f 6619/6619 6615/6615 6614/6614
f 6188/6188 6197/6197 6186/6186
f 6618/6618 6617/6617 6616/6616
f 6613/6613 6614/6614 6611/6611
f 6191/6191 6210/6210 6212/6212
f 6613/6613 6616/6616 6617/6617
f 6194/6194 6223/6223 6206/6206
f 6176/6176 6185/6185 6181/6181
f 6210/6210 6207/6207 6211/6211
f 6224/6224 6223/6223 6194/6194
f 6181/6181 6182/6182 6180/6180
f 6184/6184 6183/6183 6187/6187
f 6177/6177 6176/6176 6180/6180
f 6186/6186 6183/6183 6181/6181
f 6188/6188 6186/6186 6185/6185
f 6176/6176 6177/6177 6178/6178
f 6205/6205 6196/6196 6194/6194
f 6182/6182 6184/6184 6180/6180
f 6190/6190 6189/6189 6191/6191
f 6612/6612 6616/6616 6613/6613
f 6212/6212 6190/6190 6191/6191
f 6610/6610 6609/6609 6611/6611
f 6195/6195 6187/6187 6196/6196
f 6608/6608 6609/6609 6610/6610
f 6194/6194 6196/6196 6187/6187
f 6205/6205 6194/6194 6206/6206
f 6189/6189 6183/6183 6186/6186
f 6187/6187 6195/6195 6184/6184
f 6190/6190 6187/6187 6189/6189
f 6182/6182 6181/6181 6183/6183
f 6612/6612 6613/6613 6611/6611
f 6207/6207 6210/6210 6191/6191
f 6184/6184 6182/6182 6183/6183
f 6196/6196 6198/6198 6195/6195
f 6178/6178 6179/6179 6176/6176
f 6190/6190 6194/6194 6187/6187
f 6185/6185 6176/6176 6179/6179
f 6611/6611 6614/6614 6615/6615
f 6615/6615 6610/6610 6611/6611
f 8030/8030 8029/8029 8032/8032
f 6663/6663 6662/6662 6653/6653
f 6662/6662 6663/6663 6666/6666
f 5707/5707 5708/5708 5705/5705
f 5704/5704 5652/5652 5651/5651
f 8029/8029 8030/8030 8031/8031
f 5673/5673 5714/5714 5713/5713
f 8074/8074 8075/8075 8076/8076
f 5711/5711 5710/5710 5707/5707
f 8033/8033 8032/8032 8029/8029
f 5367/5367 5707/5707 5710/5710
f 5707/5707 5706/5706 5711/5711
f 5707/5707 5709/5709 5708/5708
f 5709/5709 5368/5368 5712/5712
f 5714/5714 5709/5709 5713/5713
f 5714/5714 5673/5673 5708/5708
f 5706/5706 5705/5705 5704/5704
f 5717/5717 5704/5704 5651/5651
f 5367/5367 5368/5368 5709/5709
f 5704/5704 5705/5705 5652/5652
f 5710/5710 5370/5370 5367/5367
f 5709/5709 5707/5707 5367/5367
f 5709/5709 5712/5712 5713/5713
f 5705/5705 5706/5706 5707/5707
f 6662/6662 6666/6666 6665/6665
f 5435/5435 5430/5430 5619/5619
f 5437/5437 5415/5415 5435/5435
f 5415/5415 5430/5430 5435/5435
f 5465/5465 5435/5435 5619/5619
f 8390/8390 8389/8389 8388/8388
f 8348/8348 8347/8347 8346/8346
f 8341/8341 8325/8325 8340/8340
f 8393/8393 8343/8343 8347/8347
f 8344/8344 8342/8342 8359/8359
f 8354/8354 8344/8344 8359/8359
f 8389/8389 8353/8353 8388/8388
f 8342/8342 8341/8341 8340/8340
f 8325/8325 8341/8341 8357/8357
f 8352/8352 8348/8348 8350/8350
f 8357/8357 8341/8341 8393/8393
f 8482/8482 8389/8389 8392/8392
f 8353/8353 8393/8393 8347/8347
f 8360/8360 8325/8325 8358/8358
f 8507/8507 8508/8508 8509/8509
f 8342/8342 8343/8343 8341/8341
f 8343/8343 8346/8346 8347/8347
f 5201/5201 5141/5141 5150/5150
f 8509/8509 8508/8508 8510/8510
f 8349/8349 8350/8350 8348/8348
f 8482/8482 8374/8374 8426/8426
f 8483/8483 8374/8374 8482/8482
f 8360/8360 8358/8358 8482/8482
f 8353/8353 8347/8347 8348/8348
f 8342/8342 8340/8340 8359/8359
f 8393/8393 8341/8341 8343/8343
f 8392/8392 8389/8389 8391/8391
f 8357/8357 8393/8393 8358/8358
f 8390/8390 8391/8391 8389/8389
f 8360/8360 8482/8482 8426/8426
f 8342/8342 8344/8344 8343/8343
f 8350/8350 8349/8349 8351/8351
f 5141/5141 5138/5138 5150/5150
f 8357/8357 8358/8358 8325/8325
f 8348/8348 8346/8346 8349/8349
f 8482/8482 8391/8391 8483/8483
f 8511/8511 8509/8509 8510/8510
f 8392/8392 8391/8391 8482/8482
f 8353/8353 8348/8348 8352/8352
f 8353/8353 8352/8352 8388/8388
f 7596/7596 7597/7597 7595/7595
f 7598/7598 7592/7592 7593/7593
f 7597/7597 7598/7598 7593/7593
f 7597/7597 7593/7593 7595/7595
f 8168/8168 8164/8164 8166/8166
f 8164/8164 8165/8165 8166/8166
f 8166/8166 8165/8165 8167/8167
f 8170/8170 8173/8173 8164/8164
f 8164/8164 8173/8173 8165/8165
f 8165/8165 8175/8175 8167/8167
f 8173/8173 8427/8427 8165/8165
f 8427/8427 8428/8428 8184/8184
f 8427/8427 8184/8184 8165/8165
f 8165/8165 8184/8184 8175/8175
f 8428/8428 8429/8429 8184/8184
f 6980/6980 6977/6977 6978/6978
f 8168/8168 8174/8174 8170/8170
f 8174/8174 8245/8245 8170/8170
f 8170/8170 8245/8245 8173/8173
f 8015/8015 8019/8019 8016/8016
f 8015/8015 8016/8016 8017/8017
f 8015/8015 8017/8017 8018/8018
f 8018/8018 8017/8017 8021/8021
f 8021/8021 8017/8017 8022/8022
f 8021/8021 8022/8022 8023/8023
f 8172/8172 8169/8169 8177/8177
f 8177/8177 8169/8169 8181/8181
f 8181/8181 8169/8169 8475/8475
f 8172/8172 8171/8171 8169/8169
f 8181/8181 8475/8475 8247/8247
f 8169/8169 8179/8179 8475/8475
f 8530/8530 8529/8529 8532/8532
f 3638/3638 3632/3632 3640/3640
f 8177/8177 8180/8180 8178/8178
f 8181/8181 8247/8247 8246/8246
f 6970/6970 6969/6969 6967/6967
f 8178/8178 8172/8172 8177/8177
f 558/558 552/552 591/591
f 6969/6969 6963/6963 6967/6967
f 8172/8172 8176/8176 8171/8171
f 2119/2119 2120/2120 2123/2123
f 6961/6961 6962/6962 6963/6963
f 6962/6962 6964/6964 6963/6963
f 8020/8020 8016/8016 8019/8019
f 3633/3633 3629/3629 3638/3638
f 7470/7470 7468/7468 7462/7462
f 7470/7470 7462/7462 7471/7471
f 7462/7462 7460/7460 7471/7471
f 7462/7462 7461/7461 7460/7460
f 7471/7471 7460/7460 7473/7473
f 7460/7460 7458/7458 7473/7473
f 7461/7461 7459/7459 7460/7460
f 7461/7461 7463/7463 7459/7459
f 7460/7460 7459/7459 7458/7458
f 8182/8182 8177/8177 8183/8183
f 8183/8183 8177/8177 8181/8181
f 8181/8181 8246/8246 8183/8183
f 6970/6970 6967/6967 6968/6968
f 6963/6963 6964/6964 6967/6967
f 8037/8037 8038/8038 8039/8039
f 3641/3641 3634/3634 3637/3637
f 1474/1474 1511/1511 1473/1473
f 7472/7472 7470/7470 7471/7471
f 7472/7472 7471/7471 7474/7474
f 7474/7474 7471/7471 7475/7475
f 7468/7468 7470/7470 7472/7472
f 4278/4278 4268/4268 4274/4274
f 7466/7466 7462/7462 7468/7468
f 4278/4278 4275/4275 4268/4268
f 7466/7466 7465/7465 7462/7462
f 7465/7465 7461/7461 7462/7462
f 7465/7465 7464/7464 7461/7461
f 4275/4275 4270/4270 4268/4268
f 7464/7464 7463/7463 7461/7461
f 4275/4275 4277/4277 4270/4270
f 7463/7463 7455/7455 7459/7459
f 7459/7459 7455/7455 7458/7458
f 7458/7458 7455/7455 7457/7457
f 8182/8182 8185/8185 8180/8180
f 8182/8182 8183/8183 8242/8242
f 8242/8242 8183/8183 8423/8423
f 8183/8183 8246/8246 8423/8423
f 558/558 551/551 552/552
f 2119/2119 2116/2116 2120/2120
f 6962/6962 6965/6965 6964/6964
f 8037/8037 8040/8040 8038/8038
f 1470/1470 1472/1472 1473/1473
f 1470/1470 1473/1473 1508/1508
f 1475/1475 1474/1474 1472/1472
f 1472/1472 1474/1474 1473/1473
f 1473/1473 1511/1511 1513/1513
f 1475/1475 1501/1501 1502/1502
f 1475/1475 1502/1502 1474/1474
f 7469/7469 7466/7466 7468/7468
f 7469/7469 7467/7467 7466/7466
f 4274/4274 4268/4268 4273/4273
f 7467/7467 7465/7465 7466/7466
f 7735/7735 7736/7736 7743/7743
f 7743/7743 7736/7736 7738/7738
f 7455/7455 7456/7456 7457/7457
f 7743/7743 7738/7738 7742/7742
f 8186/8186 8185/8185 8182/8182
f 8242/8242 8423/8423 8430/8430
f 570/570 551/551 558/558
f 551/551 550/550 552/552
f 2115/2115 2116/2116 2119/2119
f 6962/6962 6966/6966 6965/6965
f 1471/1471 1472/1472 1470/1470
f 1508/1508 1473/1473 1509/1509
f 1473/1473 1513/1513 1509/1509
f 1495/1495 1475/1475 1472/1472
f 7744/7744 7727/7727 7741/7741
f 7741/7741 7730/7730 7740/7740
f 7730/7730 7735/7735 7740/7740
f 7735/7735 7733/7733 7736/7736
f 7738/7738 7739/7739 7742/7742
f 8186/8186 8182/8182 8242/8242
f 582/582 554/554 570/570
f 570/570 554/554 551/551
f 2116/2116 2115/2115 2106/2106
f 2116/2116 2106/2106 2117/2117
f 1469/1469 1470/1470 1468/1468
f 1470/1470 1504/1504 1468/1468
f 1469/1469 1471/1471 1470/1470
f 1508/1508 1504/1504 1470/1470
f 1471/1471 1523/1523 1472/1472
f 1472/1472 1523/1523 1495/1495
f 7446/7446 7447/7447 7444/7444
f 7720/7720 7718/7718 7745/7745
f 1495/1495 1496/1496 1475/1475
f 7745/7745 7718/7718 7744/7744
f 7744/7744 7718/7718 7727/7727
f 7727/7727 7728/7728 7741/7741
f 7730/7730 7733/7733 7735/7735
f 8187/8187 8186/8186 8188/8188
f 8187/8187 8185/8185 8186/8186
f 8186/8186 8242/8242 8421/8421
f 8421/8421 8242/8242 8450/8450
f 8450/8450 8242/8242 8430/8430
f 554/554 547/547 551/551
f 551/551 547/547 550/550
f 2117/2117 2106/2106 2108/2108
f 2106/2106 2107/2107 2108/2108
f 1467/1467 1468/1468 1461/1461
f 1467/1467 1469/1469 1468/1468
f 1468/1468 1504/1504 1503/1503
f 1471/1471 1524/1524 1523/1523
f 7720/7720 7719/7719 7718/7718
f 7718/7718 7726/7726 7727/7727
f 7730/7730 7731/7731 7733/7733
f 3369/3369 3353/3353 3368/3368
f 3368/3368 3353/3353 3354/3354
f 8186/8186 8421/8421 8188/8188
f 588/588 574/574 582/582
f 582/582 574/574 554/554
f 2114/2114 2112/2112 2106/2106
f 2115/2115 2114/2114 2106/2106
f 1461/1461 1468/1468 1498/1498
f 1468/1468 1503/1503 1498/1498
f 1469/1469 1518/1518 1471/1471
f 1471/1471 1518/1518 1524/1524
f 7721/7721 7712/7712 7719/7719
f 7719/7719 7712/7712 7718/7718
f 7718/7718 7712/7712 7717/7717
f 7727/7727 7726/7726 7728/7728
f 7728/7728 7726/7726 7729/7729
f 8188/8188 8189/8189 8187/8187
f 8188/8188 8421/8421 8228/8228
f 8228/8228 8421/8421 8241/8241
f 8421/8421 8450/8450 8241/8241
f 574/574 555/555 554/554
f 554/554 544/544 547/547
f 547/547 549/549 550/550
f 2106/2106 2109/2109 2107/2107
f 1458/1458 1498/1498 1459/1459
f 1458/1458 1461/1461 1498/1498
f 1456/1456 1460/1460 1458/1458
f 1460/1460 1461/1461 1458/1458
f 1460/1460 1462/1462 1467/1467
f 1467/1467 1518/1518 1469/1469
f 7717/7717 7712/7712 7716/7716
f 7448/7448 7450/7450 7444/7444
f 7447/7447 7448/7448 7444/7444
f 8228/8228 8241/8241 8240/8240
f 1455/1455 1458/1458 1459/1459
f 1455/1455 1456/1456 1458/1458
f 1459/1459 1498/1498 1493/1493
f 1456/1456 1462/1462 1460/1460
f 1518/1518 1522/1522 1524/1524
f 7721/7721 7713/7713 7711/7711
f 7712/7712 7711/7711 7708/7708
f 7712/7712 7708/7708 7716/7716
f 7716/7716 7705/7705 7724/7724
f 8189/8189 8188/8188 8190/8190
f 8188/8188 8228/8228 8190/8190
f 7046/7046 6995/6995 7043/7043
f 589/589 574/574 588/588
f 544/544 545/545 547/547
f 2112/2112 2111/2111 2106/2106
f 2106/2106 2111/2111 2110/2110
f 2106/2106 2110/2110 2109/2109
f 8128/8128 8143/8143 8142/8142
f 8144/8144 8147/8147 8148/8148
f 8144/8144 8148/8148 8150/8150
f 8144/8144 8145/8145 8147/8147
f 8150/8150 8152/8152 8153/8153
f 8153/8153 8152/8152 8155/8155
f 8150/8150 8148/8148 8152/8152
f 8147/8147 8149/8149 8148/8148
f 8148/8148 8149/8149 8154/8154
f 8148/8148 8154/8154 8152/8152
f 8152/8152 8159/8159 8155/8155
f 8152/8152 8154/8154 8159/8159
f 8154/8154 8160/8160 8159/8159
f 1455/1455 1459/1459 1465/1465
f 1454/1454 1456/1456 1455/1455
f 1463/1463 1462/1462 1456/1456
f 7708/7708 7706/7706 7705/7705
f 7716/7716 7708/7708 7705/7705
f 7448/7448 7451/7451 7450/7450
f 8190/8190 8228/8228 8193/8193
f 8193/8193 8228/8228 8240/8240
f 589/589 581/581 574/574
f 571/571 555/555 574/574
f 544/544 540/540 545/545
f 545/545 546/546 547/547
f 547/547 546/546 549/549
f 8156/8156 8133/8133 8157/8157
f 8129/8129 8128/8128 8133/8133
f 8129/8129 8133/8133 8156/8156
f 8131/8131 8127/8127 8129/8129
f 8128/8128 8142/8142 8133/8133
f 8127/8127 8128/8128 8129/8129
f 8127/8127 8130/8130 8128/8128
f 5998/5998 5994/5994 5997/5997
f 5997/5997 5994/5994 5993/5993
f 5989/5989 5988/5988 5993/5993
f 5994/5994 5989/5989 5993/5993
f 8161/8161 8162/8162 8163/8163
f 8141/8141 8145/8145 8144/8144
f 604/604 603/603 605/605
f 607/607 608/608 609/609
f 609/609 610/610 611/611
f 1465/1465 1459/1459 1486/1486
f 1459/1459 1493/1493 1486/1486
f 1457/1457 1456/1456 1454/1454
f 1457/1457 1463/1463 1456/1456
f 1463/1463 1510/1510 1462/1462
f 1510/1510 1518/1518 1462/1462
f 1518/1518 1510/1510 1522/1522
f 7722/7722 7715/7715 7713/7713
f 8192/8192 8191/8191 8190/8190
f 8192/8192 8190/8190 8193/8193
f 8191/8191 8189/8189 8190/8190
f 589/589 590/590 581/581
f 574/574 581/581 571/571
f 555/555 544/544 554/554
f 2114/2114 2118/2118 2112/2112
f 8140/8140 8129/8129 8156/8156
f 8140/8140 8131/8131 8129/8129
f 8134/8134 8127/8127 8131/8131
f 8134/8134 8137/8137 8127/8127
f 8137/8137 8132/8132 8127/8127
f 579/579 580/580 602/602
f 8127/8127 8132/8132 8130/8130
f 604/604 602/602 603/603
f 603/603 606/606 605/605
f 605/605 606/606 607/607
f 607/607 606/606 608/608
f 2452/2452 2451/2451 2455/2455
f 609/609 608/608 610/610
f 2451/2451 2453/2453 2455/2455
f 1465/1465 1486/1486 1484/1484
f 1450/1450 1454/1454 1455/1455
f 1486/1486 1493/1493 1485/1485
f 1450/1450 1452/1452 1454/1454
f 1452/1452 1457/1457 1454/1454
f 1452/1452 1453/1453 1494/1494
f 1452/1452 1494/1494 1457/1457
f 1494/1494 1463/1463 1457/1457
f 3131/3131 3129/3129 3136/3136
f 3136/3136 3128/3128 3157/3157
f 7725/7725 7723/7723 7722/7722
f 301/301 317/317 304/304
f 7714/7714 7746/7746 7710/7710
f 7710/7710 7746/7746 7709/7709
f 8194/8194 8193/8193 8226/8226
f 8192/8192 8193/8193 8194/8194
f 571/571 556/556 555/555
f 2118/2118 2113/2113 2112/2112
f 2112/2112 2113/2113 2111/2111
f 8135/8135 8131/8131 8136/8136
f 8136/8136 8131/8131 8140/8140
f 8135/8135 8134/8134 8131/8131
f 579/579 578/578 580/580
f 7054/7054 7023/7023 7022/7022
f 5988/5988 5989/5989 5990/5990
f 602/602 580/580 603/603
f 2454/2454 2449/2449 2452/2452
f 1465/1465 1484/1484 1483/1483
f 1449/1449 1455/1455 1465/1465
f 1484/1484 1486/1486 1485/1485
f 1450/1450 1455/1455 1449/1449
f 3131/3131 3108/3108 3129/3129
f 3128/3128 3127/3127 3142/3142
f 2338/2338 2329/2329 2336/2336
f 2336/2336 2329/2329 2335/2335
f 2329/2329 2327/2327 2335/2335
f 2335/2335 2327/2327 2337/2337
f 336/336 376/376 323/323
f 376/376 375/375 323/323
f 2327/2327 2333/2333 2337/2337
f 2313/2313 2315/2315 2317/2317
f 2313/2313 2314/2314 2315/2315
f 2314/2314 2316/2316 2315/2315
f 2315/2315 2319/2319 2317/2317
f 2317/2317 2319/2319 2324/2324
f 2324/2324 2319/2319 2355/2355
f 2316/2316 2322/2322 2318/2318
f 2316/2316 2318/2318 2315/2315
f 2315/2315 2318/2318 2319/2319
f 2319/2319 2318/2318 2320/2320
f 2319/2319 2320/2320 2355/2355
f 2355/2355 2320/2320 2356/2356
f 2322/2322 2321/2321 2318/2318
f 2318/2318 2321/2321 2320/2320
f 2320/2320 2321/2321 2323/2323
f 2320/2320 2323/2323 2356/2356
f 8227/8227 8192/8192 8195/8195
f 8195/8195 8192/8192 8194/8194
f 8227/8227 8191/8191 8192/8192
f 8512/8512 8513/8513 8514/8514
f 556/556 543/543 555/555
f 555/555 543/543 544/544
f 540/540 530/530 545/545
f 545/545 530/530 546/546
f 8136/8136 8140/8140 8158/8158
f 8138/8138 8135/8135 8136/8136
f 559/559 576/576 577/577
f 577/577 578/578 579/579
f 577/577 576/576 578/578
f 5991/5991 5990/5990 5989/5989
f 2459/2459 2444/2444 2457/2457
f 2457/2457 2444/2444 2454/2454
f 2454/2454 2447/2447 2449/2449
f 1466/1466 1465/1465 1478/1478
f 1478/1478 1465/1465 1483/1483
f 1465/1465 1466/1466 1449/1449
f 1481/1481 1483/1483 1484/1484
f 1484/1484 1485/1485 1481/1481
f 1435/1435 1450/1450 1449/1449
f 1435/1435 1452/1452 1450/1450
f 3112/3112 3108/3108 3131/3131
f 3129/3129 3125/3125 3136/3136
f 3136/3136 3125/3125 3128/3128
f 2332/2332 2339/2339 2340/2340
f 2332/2332 2329/2329 2339/2339
f 2339/2339 2329/2329 2338/2338
f 2332/2332 2331/2331 2329/2329
f 336/336 323/323 317/317
f 2330/2330 2326/2326 2329/2329
f 2329/2329 2326/2326 2327/2327
f 2327/2327 2325/2325 2328/2328
f 2327/2327 2328/2328 2333/2333
f 375/375 328/328 323/323
f 2327/2327 2326/2326 2325/2325
f 377/377 356/356 328/328
f 2317/2317 2325/2325 2326/2326
f 2326/2326 2313/2313 2317/2317
f 2325/2325 2317/2317 2324/2324
f 2314/2314 2348/2348 2316/2316
f 2316/2316 2354/2354 2353/2353
f 2316/2316 2353/2353 2322/2322
f 2353/2353 2352/2352 2322/2322
f 2322/2322 2352/2352 2321/2321
f 2352/2352 2351/2351 2321/2321
f 2321/2321 2351/2351 2323/2323
f 8233/8233 8234/8234 8232/8232
f 1867/1867 1862/1862 1866/1866
f 8194/8194 8226/8226 8196/8196
f 8200/8200 8227/8227 8195/8195
f 8205/8205 8208/8208 8227/8227
f 8513/8513 8515/8515 8514/8514
f 2118/2118 2121/2121 2113/2113
f 8158/8158 8138/8138 8136/8136
f 578/578 598/598 580/580
f 2437/2437 2444/2444 2459/2459
f 5995/5995 5992/5992 5991/5991
f 5991/5991 5992/5992 5990/5990
f 1478/1478 1483/1483 1481/1481
f 1432/1432 1434/1434 1435/1435
f 1434/1434 1436/1436 1435/1435
f 1436/1436 1452/1452 1435/1435
f 1436/1436 1453/1453 1452/1452
f 3104/3104 3105/3105 3108/3108
f 3112/3112 3104/3104 3108/3108
f 3128/3128 3125/3125 3127/3127
f 2360/2360 2359/2359 2346/2346
f 2360/2360 2346/2346 2340/2340
f 2344/2344 2332/2332 2340/2340
f 2331/2331 2341/2341 2330/2330
f 1398/1398 1395/1395 1401/1401
f 1401/1401 1395/1395 1400/1400
f 1400/1400 1394/1394 1402/1402
f 2331/2331 2330/2330 2329/2329
f 1395/1395 1394/1394 1400/1400
f 2330/2330 2334/2334 2326/2326
f 356/356 327/327 328/328
f 2347/2347 2314/2314 2313/2313
f 2347/2347 2348/2348 2314/2314
f 2348/2348 2354/2354 2316/2316
f 8239/8239 8233/8233 8229/8229
f 8239/8239 8237/8237 8233/8233
f 8233/8233 8232/8232 8229/8229
f 8233/8233 8237/8237 8236/8236
f 8233/8233 8236/8236 8235/8235
f 8233/8233 8235/8235 8234/8234
f 8234/8234 8238/8238 8232/8232
f 8232/8232 8238/8238 8424/8424
f 8195/8195 8194/8194 8196/8196
f 8238/8238 8425/8425 8424/8424
f 8424/8424 8425/8425 8431/8431
f 1785/1785 1793/1793 1868/1868
f 1868/1868 1793/1793 1867/1867
f 8431/8431 8425/8425 8445/8445
f 8201/8201 8227/8227 8200/8200
f 1867/1867 1793/1793 1862/1862
f 8445/8445 8425/8425 8454/8454
f 1866/1866 1862/1862 1863/1863
f 8207/8207 8208/8208 8205/8205
f 1858/1858 1864/1864 1869/1869
f 8207/8207 8209/8209 8208/8208
f 8209/8209 8210/8210 8208/8208
f 8210/8210 8211/8211 8208/8208
f 571/571 543/543 556/556
f 544/544 543/543 540/540
f 530/530 531/531 532/532
f 530/530 532/532 546/546
f 2118/2118 2122/2122 2121/2121
f 8139/8139 8135/8135 8138/8138
f 559/559 557/557 576/576
f 578/578 592/592 598/598
f 2444/2444 2437/2437 2443/2443
f 5995/5995 5996/5996 5992/5992
f 1480/1480 1478/1478 1481/1481
f 1451/1451 1449/1449 1466/1466
f 1432/1432 1435/1435 1449/1449
f 3108/3108 3125/3125 3129/3129
f 1406/1406 1403/1403 1408/1408
f 1407/1407 1400/1400 1406/1406
f 1424/1424 1407/1407 1406/1406
f 1406/1406 1400/1400 1403/1403
f 1400/1400 1402/1402 1403/1403
f 1660/1660 1661/1661 1654/1654
f 2343/2343 2332/2332 2344/2344
f 1401/1401 1400/1400 1407/1407
f 2343/2343 2331/2331 2332/2332
f 323/323 325/325 311/311
f 1396/1396 1395/1395 1398/1398
f 2341/2341 2342/2342 2330/2330
f 2342/2342 2334/2334 2330/2330
f 2342/2342 2350/2350 2334/2334
f 1374/1374 1394/1394 1395/1395
f 2334/2334 2350/2350 2313/2313
f 2350/2350 2347/2347 2313/2313
f 356/356 358/358 357/357
f 2732/2732 2654/2654 2657/2657
f 2657/2657 2654/2654 2656/2656
f 1405/1405 1404/1404 1521/1521
f 953/953 937/937 952/952
f 8248/8248 8432/8432 8239/8239
f 8239/8239 8229/8229 8231/8231
f 8432/8432 8237/8237 8239/8239
f 8221/8221 8229/8229 8232/8232
f 8232/8232 8424/8424 8221/8221
f 8221/8221 8424/8424 8223/8223
f 8424/8424 8243/8243 8223/8223
f 8243/8243 8424/8424 8431/8431
f 8195/8195 8196/8196 8197/8197
f 8431/8431 8445/8445 8243/8243
f 8445/8445 8454/8454 8442/8442
f 8442/8442 8244/8244 8224/8224
f 8204/8204 8205/8205 8201/8201
f 8201/8201 8205/8205 8227/8227
f 8442/8442 8454/8454 8244/8244
f 8244/8244 8206/8206 8224/8224
f 8224/8224 8206/8206 8204/8204
f 8204/8204 8206/8206 8205/8205
f 1793/1793 1809/1809 1862/1862
f 1859/1859 1853/1853 1852/1852
f 8206/8206 8207/8207 8205/8205
f 1809/1809 1861/1861 1862/1862
f 1862/1862 1861/1861 1863/1863
f 1861/1861 1860/1860 1863/1863
f 1863/1863 1860/1860 1852/1852
f 1860/1860 1859/1859 1852/1852
f 1856/1856 1857/1857 1858/1858
f 575/575 571/571 581/581
f 8146/8146 8139/8139 8138/8138
f 553/553 557/557 559/559
f 2437/2437 2427/2427 2443/2443
f 2443/2443 2427/2427 2429/2429
f 1466/1466 1478/1478 1479/1479
f 1479/1479 1478/1478 1480/1480
f 1451/1451 1432/1432 1449/1449
f 1432/1432 1419/1419 1425/1425
f 1425/1425 1434/1434 1432/1432
f 1406/1406 1408/1408 1409/1409
f 3108/3108 3113/3113 3125/3125
f 1423/1423 1424/1424 1406/1406
f 1662/1662 1660/1660 1658/1658
f 3125/3125 3126/3126 3127/3127
f 2359/2359 2357/2357 2346/2346
f 1660/1660 1654/1654 1658/1658
f 2346/2346 2345/2345 2344/2344
f 2346/2346 2349/2349 2345/2345
f 2345/2345 2343/2343 2344/2344
f 1477/1477 1398/1398 1401/1401
f 1477/1477 1401/1401 1407/1407
f 2343/2343 2341/2341 2331/2331
f 1446/1446 1396/1396 1398/1398
f 1654/1654 1659/1659 1655/1655
f 1397/1397 1392/1392 1396/1396
f 1396/1396 1392/1392 1395/1395
f 2342/2342 2341/2341 2350/2350
f 1395/1395 1392/1392 1377/1377
f 1395/1395 1377/1377 1374/1374
f 1659/1659 1657/1657 1655/1655
f 1520/1520 1404/1404 1431/1431
f 1520/1520 1521/1521 1404/1404
f 1394/1394 1374/1374 1376/1376
f 1404/1404 1405/1405 1390/1390
f 955/955 932/932 953/953
f 953/953 932/932 934/934
f 953/953 934/934 937/937
f 937/937 938/938 939/939
f 8248/8248 8239/8239 8231/8231
f 8229/8229 8221/8221 8222/8222
f 8222/8222 8221/8221 8220/8220
f 8432/8432 8474/8474 8237/8237
f 8197/8197 8196/8196 8225/8225
f 1786/1786 1778/1778 1783/1783
f 8199/8199 8200/8200 8195/8195
f 8199/8199 8195/8195 8198/8198
f 8445/8445 8442/8442 8243/8243
f 8243/8243 8442/8442 8213/8213
f 8201/8201 8200/8200 8199/8199
f 1786/1786 1783/1783 1785/1785
f 8442/8442 8224/8224 8213/8213
f 8213/8213 8224/8224 8202/8202
f 8224/8224 8204/8204 8202/8202
f 8202/8202 8204/8204 8201/8201
f 1783/1783 1784/1784 1785/1785
f 1785/1785 1788/1788 1793/1793
f 1794/1794 1809/1809 1793/1793
f 1809/1809 1794/1794 1812/1812
f 1852/1852 1853/1853 1854/1854
f 1852/1852 1854/1854 1855/1855
f 1855/1855 1854/1854 1856/1856
f 1854/1854 1857/1857 1856/1856
f 1809/1809 1813/1813 1861/1861
f 597/597 596/596 575/575
f 575/575 543/543 571/571
f 543/543 541/541 540/540
f 530/530 533/533 531/531
f 531/531 542/542 532/532
f 532/532 542/542 553/553
f 553/553 542/542 557/557
f 576/576 584/584 578/578
f 2429/2429 2436/2436 2445/2445
f 1492/1492 1466/1466 1479/1479
f 1451/1451 1466/1466 1492/1492
f 1422/1422 1419/1419 1432/1432
f 1425/1425 1426/1426 1434/1434
f 1426/1426 1444/1444 1434/1434
f 1434/1434 1444/1444 1436/1436
f 1444/1444 1453/1453 1436/1436
f 3102/3102 3098/3098 3104/3104
f 3104/3104 3098/3098 3105/3105
f 1662/1662 1648/1648 1664/1664
f 1410/1410 1406/1406 1409/1409
f 1411/1411 1406/1406 1410/1410
f 1648/1648 1662/1662 1658/1658
f 1411/1411 1423/1423 1406/1406
f 1411/1411 1489/1489 1423/1423
f 3113/3113 3126/3126 3125/3125
f 1423/1423 1489/1489 1424/1424
f 1489/1489 1488/1488 1424/1424
f 1658/1658 1654/1654 1649/1649
f 1488/1488 1407/1407 1424/1424
f 2345/2345 2361/2361 2343/2343
f 1446/1446 1398/1398 1477/1477
f 2361/2361 2341/2341 2343/2343
f 1438/1438 1397/1397 1396/1396
f 2737/2737 2654/2654 2732/2732
f 1431/1431 1404/1404 1399/1399
f 1657/1657 1652/1652 1655/1655
f 923/923 930/930 954/954
f 1399/1399 1404/1404 1387/1387
f 1393/1393 1392/1392 1397/1397
f 954/954 930/930 946/946
f 1404/1404 1390/1390 1387/1387
f 1382/1382 1377/1377 1392/1392
f 946/946 930/930 932/932
f 1377/1377 1372/1372 1374/1374
f 8409/8409 8412/8412 8413/8413
f 8248/8248 8231/8231 8249/8249
f 8248/8248 8419/8419 8432/8432
f 8230/8230 8231/8231 8229/8229
f 8221/8221 8223/8223 8218/8218
f 8223/8223 8215/8215 8216/8216
f 8218/8218 8223/8223 8216/8216
f 8215/8215 8223/8223 8243/8243
f 8243/8243 8213/8213 8215/8215
f 1790/1790 1778/1778 1786/1786
f 8202/8202 8201/8201 8199/8199
f 1784/1784 1788/1788 1785/1785
f 1793/1793 1788/1788 1794/1794
f 1812/1812 1813/1813 1809/1809
f 1860/1860 1824/1824 1859/1859
f 1861/1861 1820/1820 1860/1860
f 1857/1857 1864/1864 1858/1858
f 1864/1864 1870/1870 1869/1869
f 596/596 587/587 575/575
f 575/575 539/539 543/543
f 557/557 584/584 576/576
f 584/584 592/592 578/578
f 2434/2434 2430/2430 2427/2427
f 1491/1491 1451/1451 1492/1492
f 1451/1451 1443/1443 1432/1432
f 1422/1422 1432/1432 1443/1443
f 1418/1418 1417/1417 1422/1422
f 1417/1417 1419/1419 1422/1422
f 1413/1413 1427/1427 1410/1410
f 1413/1413 1410/1410 1412/1412
f 1412/1412 1409/1409 1415/1415
f 1664/1664 1653/1653 1665/1665
f 3099/3099 3098/3098 3102/3102
f 1664/1664 1648/1648 1653/1653
f 1499/1499 1411/1411 1427/1427
f 1427/1427 1411/1411 1410/1410
f 1658/1658 1647/1647 1648/1648
f 1658/1658 1649/1649 1647/1647
f 1488/1488 1477/1477 1407/1407
f 1654/1654 1642/1642 1649/1649
f 1445/1445 1396/1396 1446/1446
f 1445/1445 1438/1438 1396/1396
f 1655/1655 1642/1642 1654/1654
f 923/923 915/915 919/919
f 1429/1429 1393/1393 1397/1397
f 1431/1431 1399/1399 1429/1429
f 1429/1429 1399/1399 1393/1393
f 1399/1399 1387/1387 1393/1393
f 1393/1393 1385/1385 1392/1392
f 1393/1393 1387/1387 1385/1385
f 1392/1392 1385/1385 1382/1382
f 1385/1385 1381/1381 1382/1382
f 1374/1374 1373/1373 1376/1376
f 1382/1382 1378/1378 1377/1377
f 8409/8409 8407/8407 8412/8412
f 8409/8409 8408/8408 8407/8407
f 8252/8252 8250/8250 8253/8253
f 8250/8250 8248/8248 8249/8249
f 8252/8252 8251/8251 8250/8250
f 8251/8251 8248/8248 8250/8250
f 2892/2892 2894/2894 2896/2896
f 8251/8251 8419/8419 8248/8248
f 8222/8222 8220/8220 8219/8219
f 8219/8219 8220/8220 8218/8218
f 8419/8419 8474/8474 8432/8432
f 8216/8216 8215/8215 8214/8214
f 8214/8214 8215/8215 8213/8213
f 8214/8214 8213/8213 8212/8212
f 8212/8212 8213/8213 8202/8202
f 8212/8212 8202/8202 8203/8203
f 8203/8203 8202/8202 8199/8199
f 1859/1859 1824/1824 1853/1853
f 1812/1812 1811/1811 1813/1813
f 1861/1861 1813/1813 1820/1820
f 1857/1857 1865/1865 1864/1864
f 575/575 587/587 539/539
f 541/541 538/538 540/540
f 530/530 538/538 533/533
f 557/557 583/583 584/584
f 160/160 168/168 167/167
f 1413/1413 1414/1414 1418/1418
f 1418/1418 1414/1414 1417/1417
f 1413/1413 1412/1412 1414/1414
f 1414/1414 1416/1416 1417/1417
f 1416/1416 1419/1419 1417/1417
f 1412/1412 1415/1415 1414/1414
f 1414/1414 1415/1415 1416/1416
f 1428/1428 1427/1427 1413/1413
f 1415/1415 1420/1420 1416/1416
f 1419/1419 1416/1416 1421/1421
f 1419/1419 1421/1421 1425/1425
f 1421/1421 1426/1426 1425/1425
f 3103/3103 3099/3099 3102/3102
f 3098/3098 3094/3094 3105/3105
f 1499/1499 1505/1505 1411/1411
f 3105/3105 3106/3106 3108/3108
f 3108/3108 3106/3106 3113/3113
f 1489/1489 1505/1505 1506/1506
f 2349/2349 2358/2358 2362/2362
f 2349/2349 2362/2362 2345/2345
f 927/927 924/924 926/926
f 1487/1487 1446/1446 1477/1477
f 924/924 916/916 921/921
f 921/921 916/916 915/915
f 1642/1642 1655/1655 1643/1643
f 1431/1431 1429/1429 1441/1441
f 1440/1440 1429/1429 1438/1438
f 1497/1497 1431/1431 1441/1441
f 368/368 355/355 327/327
f 2654/2654 2655/2655 2656/2656
f 1390/1390 1386/1386 1387/1387
f 1387/1387 1386/1386 1385/1385
f 2655/2655 2658/2658 2656/2656
f 1381/1381 1378/1378 1382/1382
f 1377/1377 1378/1378 1372/1372
f 2884/2884 2882/2882 2885/2885
f 8253/8253 8250/8250 8254/8254
f 2873/2873 2891/2891 2890/2890
f 899/899 897/897 902/902
f 1783/1783 1777/1777 1784/1784
f 1788/1788 1801/1801 1794/1794
f 1794/1794 1801/1801 1812/1812
f 1812/1812 1801/1801 1811/1811
f 1820/1820 1824/1824 1860/1860
f 1865/1865 1838/1838 1864/1864
f 1864/1864 1841/1841 1870/1870
f 1864/1864 1838/1838 1841/1841
f 587/587 585/585 539/539
f 540/540 538/538 530/530
f 533/533 534/534 531/531
f 531/531 534/534 542/542
f 542/542 548/548 557/557
f 557/557 548/548 583/583
f 2428/2428 2433/2433 2436/2436
f 160/160 159/159 162/162
f 1490/1490 1451/1451 1491/1491
f 1447/1447 1451/1451 1490/1490
f 1447/1447 1443/1443 1451/1451
f 1416/1416 1420/1420 1421/1421
f 1420/1420 1430/1430 1421/1421
f 1421/1421 1433/1433 1426/1426
f 1653/1653 1648/1648 1650/1650
f 3103/3103 3097/3097 3099/3099
f 3099/3099 3091/3091 3098/3098
f 1499/1499 1515/1515 1505/1505
f 3094/3094 3106/3106 3105/3105
f 3114/3114 3126/3126 3113/3113
f 1488/1488 1489/1489 1500/1500
f 1487/1487 1445/1445 1446/1446
f 1441/1441 1429/1429 1440/1440
f 912/912 947/947 948/948
f 1652/1652 1663/1663 1644/1644
f 1652/1652 1666/1666 1663/1663
f 1373/1373 1384/1384 1376/1376
f 1372/1372 1373/1373 1374/1374
f 8410/8410 8408/8408 8409/8409
f 8495/8495 8496/8496 8494/8494
f 8474/8474 8447/8447 8458/8458
f 1780/1780 1778/1778 1790/1790
f 1783/1783 1778/1778 1777/1777
f 1777/1777 1779/1779 1784/1784
f 1788/1788 1806/1806 1801/1801
f 1811/1811 1814/1814 1813/1813
f 1813/1813 1818/1818 1820/1820
f 1824/1824 1825/1825 1853/1853
f 1853/1853 1827/1827 1854/1854
f 1857/1857 1829/1829 1865/1865
f 543/543 539/539 541/541
f 534/534 536/536 542/542
f 542/542 536/536 548/548
f 2439/2439 2440/2440 2435/2435
f 1442/1442 1443/1443 1447/1447
f 1442/1442 1418/1418 1443/1443
f 1439/1439 1418/1418 1442/1442
f 1439/1439 1413/1413 1418/1418
f 1439/1439 1437/1437 1413/1413
f 1437/1437 1428/1428 1413/1413
f 1428/1428 1437/1437 1512/1512
f 1428/1428 1512/1512 1427/1427
f 1427/1427 1512/1512 1499/1499
f 1499/1499 1512/1512 1515/1515
f 1430/1430 1433/1433 1421/1421
f 3097/3097 3091/3091 3099/3099
f 3091/3091 3097/3097 3089/3089
f 3098/3098 3091/3091 3094/3094
f 1489/1489 1506/1506 1500/1500
f 1500/1500 1487/1487 1477/1477
f 925/925 918/918 924/924
f 924/924 918/918 916/916
f 1487/1487 1464/1464 1445/1445
f 1464/1464 1440/1440 1438/1438
f 2654/2654 2652/2652 2655/2655
f 1666/1666 1657/1657 1668/1668
f 1666/1666 1668/1668 1667/1667
f 1386/1386 1383/1383 1385/1385
f 1385/1385 1383/1383 1381/1381
f 1390/1390 1388/1388 1386/1386
f 1386/1386 1388/1388 1383/1383
f 1378/1378 1375/1375 1372/1372
f 1372/1372 1375/1375 1373/1373
f 8408/8408 8406/8406 8407/8407
f 2884/2884 2883/2883 2882/2882
f 8407/8407 8406/8406 8405/8405
f 8405/8405 8406/8406 8264/8264
f 8264/8264 8404/8404 8405/8405
f 2881/2881 2879/2879 2883/2883
f 8264/8264 8403/8403 8404/8404
f 2879/2879 2881/2881 2878/2878
f 8403/8403 8417/8417 8404/8404
f 2881/2881 2876/2876 2878/2878
f 2881/2881 2880/2880 2876/2876
f 8403/8403 8258/8258 8417/8417
f 8258/8258 8256/8256 8417/8417
f 2880/2880 2877/2877 2876/2876
f 8258/8258 8257/8257 8256/8256
f 8255/8255 8256/8256 8257/8257
f 2877/2877 2873/2873 2871/2871
f 8256/8256 8255/8255 8254/8254
f 8255/8255 8253/8253 8254/8254
f 2871/2871 2873/2873 2868/2868
f 8420/8420 8253/8253 8255/8255
f 8420/8420 8252/8252 8253/8253
f 8420/8420 8251/8251 8252/8252
f 8268/8268 8272/8272 8420/8420
f 8491/8491 8492/8492 8493/8493
f 8492/8492 8494/8494 8493/8493
f 908/908 907/907 904/904
f 8492/8492 8495/8495 8494/8494
f 1780/1780 1774/1774 1778/1778
f 1801/1801 1806/1806 1810/1810
f 1801/1801 1810/1810 1811/1811
f 1813/1813 1814/1814 1818/1818
f 1853/1853 1825/1825 1827/1827
f 1827/1827 1829/1829 1857/1857
f 1854/1854 1827/1827 1857/1857
f 1829/1829 1838/1838 1865/1865
f 1840/1840 1841/1841 1838/1838
f 593/593 585/585 587/587
f 533/533 535/535 534/534
f 2441/2441 2458/2458 2442/2442
f 2441/2441 2442/2442 2440/2440
f 4096/4096 4080/4080 4095/4095
f 6885/6885 6882/6882 6889/6889
f 3101/3101 3088/3088 3097/3097
f 3088/3088 3087/3087 3097/3097
f 3097/3097 3087/3087 3089/3089
f 1515/1515 1519/1519 1505/1505
f 1636/1636 1656/1656 1650/1650
f 1519/1519 1506/1506 1505/1505
f 3115/3115 3123/3123 3141/3141
f 3141/3141 3135/3135 3134/3134
f 338/338 321/321 329/329
f 1476/1476 1440/1440 1464/1464
f 1441/1441 1476/1476 1497/1497
f 2653/2653 2652/2652 2654/2654
f 1388/1388 1389/1389 1383/1383
f 1381/1381 1383/1383 1380/1380
f 1381/1381 1380/1380 1378/1378
f 1378/1378 1380/1380 1379/1379
f 1378/1378 1379/1379 1375/1375
f 8408/8408 8414/8414 8406/8406
f 2883/2883 2879/2879 2882/2882
f 2882/2882 2879/2879 2872/2872
f 2872/2872 2879/2879 2875/2875
f 2879/2879 2878/2878 2875/2875
f 2878/2878 2874/2874 2875/2875
f 2876/2876 2874/2874 2878/2878
f 2876/2876 2871/2871 2874/2874
f 2877/2877 2871/2871 2876/2876
f 8259/8259 8420/8420 8257/8257
f 8420/8420 8255/8255 8257/8257
f 8266/8266 8420/8420 8259/8259
f 8267/8267 8268/8268 8266/8266
f 8266/8266 8268/8268 8420/8420
f 2887/2887 2892/2892 2888/2888
f 2892/2892 2895/2895 2888/2888
f 8268/8268 8270/8270 8271/8271
f 8268/8268 8271/8271 8272/8272
f 905/905 908/908 904/904
f 8270/8270 8276/8276 8271/8271
f 8271/8271 8276/8276 8272/8272
f 8276/8276 8447/8447 8272/8272
f 8276/8276 8457/8457 8447/8447
f 8457/8457 8458/8458 8447/8447
f 894/894 883/883 893/893
f 1784/1784 1787/1787 1788/1788
f 1811/1811 1810/1810 1814/1814
f 1814/1814 1819/1819 1818/1818
f 1818/1818 1823/1823 1820/1820
f 1820/1820 1823/1823 1824/1824
f 1824/1824 1823/1823 1825/1825
f 585/585 572/572 539/539
f 541/541 539/539 538/538
f 533/533 537/537 535/535
f 534/534 535/535 536/536
f 6008/6008 6007/6007 6009/6009
f 4082/4082 4083/4083 4084/4084
f 4084/4084 4083/4083 4085/4085
f 6008/6008 6005/6005 6007/6007
f 2440/2440 2456/2456 2435/2435
f 1934/1934 1930/1930 1942/1942
f 4080/4080 4096/4096 4097/4097
f 6005/6005 6006/6006 6007/6007
f 5232/5232 5233/5233 5220/5220
f 1942/1942 1930/1930 1927/1927
f 4080/4080 4079/4079 4081/4081
f 4081/4081 4095/4095 4080/4080
f 6882/6882 6884/6884 6890/6890
f 6882/6882 6881/6881 6884/6884
f 4079/4079 4087/4087 4081/4081
f 6886/6886 6880/6880 6885/6885
f 6885/6885 6880/6880 6882/6882
f 6880/6880 6883/6883 6881/6881
f 6880/6880 6881/6881 6882/6882
f 6887/6887 6880/6880 6886/6886
f 4079/4079 4086/4086 4087/4087
f 1448/1448 1437/1437 1439/1439
f 1636/1636 1635/1635 1656/1656
f 3113/3113 3109/3109 3114/3114
f 3141/3141 3123/3123 3135/3135
f 321/321 314/314 329/329
f 3134/3134 3119/3119 3133/3133
f 3133/3133 3119/3119 3122/3122
f 3913/3913 3910/3910 3912/3912
f 3914/3914 3913/3913 3912/3912
f 1383/1383 1391/1391 1380/1380
f 8410/8410 8411/8411 8408/8408
f 8414/8414 8264/8264 8406/8406
f 2875/2875 2869/2869 2872/2872
f 2874/2874 2865/2865 2869/2869
f 2875/2875 2874/2874 2869/2869
f 8403/8403 8261/8261 8258/8258
f 8261/8261 8260/8260 8258/8258
f 8260/8260 8259/8259 8258/8258
f 8259/8259 8257/8257 8258/8258
f 2871/2871 2868/2868 2867/2867
f 8270/8270 8275/8275 8276/8276
f 8275/8275 8457/8457 8276/8276
f 1779/1779 1787/1787 1784/1784
f 1787/1787 1807/1807 1788/1788
f 1807/1807 1806/1806 1788/1788
f 1810/1810 1817/1817 1814/1814
f 1818/1818 1819/1819 1833/1833
f 1818/1818 1833/1833 1823/1823
f 1823/1823 1826/1826 1825/1825
f 1827/1827 1828/1828 1829/1829
f 539/539 537/537 538/538
f 538/538 537/537 533/533
f 4085/4085 4091/4091 4084/4084
f 2440/2440 2442/2442 2456/2456
f 4078/4078 4080/4080 4082/4082
f 4082/4082 4080/4080 4083/4083
f 4078/4078 4077/4077 4079/4079
f 4078/4078 4079/4079 4080/4080
f 1927/1927 1928/1928 1929/1929
f 1927/1927 1930/1930 1928/1928
f 4077/4077 4086/4086 4079/4079
f 5332/5332 5329/5329 5333/5333
f 4086/4086 4088/4088 4087/4087
f 5331/5331 5329/5329 5332/5332
f 6887/6887 6888/6888 6880/6880
f 1448/1448 1514/1514 1437/1437
f 1514/1514 1512/1512 1437/1437
f 3089/3089 3090/3090 3091/3091
f 3088/3088 3086/3086 3087/3087
f 3091/3091 3090/3090 3093/3093
f 3091/3091 3093/3093 3094/3094
f 3114/3114 3109/3109 3111/3111
f 3114/3114 3111/3111 3115/3115
f 3135/3135 3123/3123 3119/3119
f 3135/3135 3119/3119 3134/3134
f 321/321 315/315 314/314
f 2728/2728 2723/2723 2730/2730
f 6602/6602 6604/6604 6603/6603
f 1476/1476 1464/1464 1516/1516
f 2655/2655 2652/2652 2658/2658
f 3907/3907 3891/3891 3894/3894
f 3907/3907 3909/3909 3891/3891
f 3912/3912 3910/3910 3909/3909
f 3913/3913 3915/3915 3910/3910
f 8004/8004 8005/8005 8006/8006
f 3913/3913 3916/3916 3915/3915
f 2870/2870 2861/2861 2897/2897
f 8411/8411 8414/8414 8408/8408
f 1383/1383 1389/1389 1391/1391
f 2872/2872 2869/2869 2870/2870
f 2870/2870 2869/2869 2861/2861
f 2861/2861 2869/2869 2860/2860
f 2869/2869 2865/2865 2860/2860
f 8264/8264 8261/8261 8403/8403
f 2865/2865 2862/2862 2860/2860
f 8260/8260 8265/8265 8259/8259
f 2871/2871 2867/2867 2865/2865
f 2874/2874 2871/2871 2865/2865
f 8265/8265 8266/8266 8259/8259
f 8265/8265 8267/8267 8266/8266
f 2867/2867 2868/2868 2856/2856
f 8269/8269 8268/8268 8267/8267
f 8269/8269 8270/8270 8268/8268
f 888/888 905/905 846/846
f 1800/1800 1774/1774 1780/1780
f 1778/1778 1774/1774 1777/1777
f 1826/1826 1827/1827 1825/1825
f 1827/1827 1826/1826 1828/1828
f 1829/1829 1834/1834 1838/1838
f 1838/1838 1834/1834 1840/1840
f 539/539 572/572 537/537
f 1937/1937 1938/1938 1940/1940
f 535/535 569/569 536/536
f 4091/4091 4078/4078 4084/4084
f 4078/4078 4082/4082 4084/4084
f 1937/1937 1934/1934 1938/1938
f 1937/1937 1933/1933 1934/1934
f 1933/1933 1930/1930 1934/1934
f 1933/1933 1931/1931 1930/1930
f 1930/1930 1931/1931 1928/1928
f 1931/1931 1932/1932 1928/1928
f 4077/4077 4076/4076 4086/4086
f 5328/5328 5330/5330 5329/5329
f 5331/5331 5327/5327 5329/5329
f 4090/4090 4098/4098 4088/4088
f 5128/5128 5131/5131 5132/5132
f 1919/1919 1916/1916 1920/1920
f 1919/1919 1920/1920 1923/1923
f 1916/1916 1921/1921 1920/1920
f 1923/1923 1920/1920 1924/1924
f 1921/1921 1925/1925 1920/1920
f 1925/1925 1924/1924 1920/1920
f 2226/2226 2225/2225 2237/2237
f 3087/3087 3086/3086 3083/3083
f 3087/3087 3083/3083 3089/3089
f 3089/3089 3083/3083 3090/3090
f 3093/3093 3107/3107 3106/3106
f 3094/3094 3093/3093 3106/3106
f 2222/2222 2238/2238 2240/2240
f 5066/5066 5057/5057 5059/5059
f 3115/3115 3111/3111 3123/3123
f 5055/5055 5058/5058 5056/5056
f 3111/3111 3119/3119 3123/3123
f 3119/3119 3121/3121 3122/3122
f 338/338 369/369 321/321
f 2723/2723 2716/2716 2721/2721
f 3910/3910 3895/3895 3909/3909
f 3909/3909 3895/3895 3891/3891
f 2897/2897 2861/2861 2893/2893
f 8414/8414 8448/8448 8264/8264
f 8264/8264 8262/8262 8261/8261
f 8262/8262 8260/8260 8261/8261
f 8260/8260 8418/8418 8265/8265
f 2865/2865 2867/2867 2862/2862
f 8418/8418 8398/8398 8265/8265
f 8398/8398 8267/8267 8265/8265
f 8398/8398 8269/8269 8267/8267
f 2867/2867 2856/2856 2855/2855
f 2888/2888 2889/2889 2856/2856
f 8273/8273 8270/8270 8269/8269
f 8273/8273 8274/8274 8270/8270
f 8274/8274 8275/8275 8270/8270
f 1803/1803 1798/1798 1800/1800
f 1800/1800 1792/1792 1774/1774
f 1806/1806 1815/1815 1810/1810
f 1828/1828 1834/1834 1829/1829
f 4155/4155 4146/4146 4142/4142
f 4093/4093 4091/4091 4099/4099
f 4091/4091 4100/4100 4099/4099
f 6229/6229 6230/6230 6231/6231
f 535/535 562/562 569/569
f 6724/6724 6722/6722 6723/6723
f 4146/4146 4127/4127 4142/4142
f 4091/4091 4092/4092 4078/4078
f 5216/5216 5215/5215 5226/5226
f 1941/1941 1933/1933 1937/1937
f 3414/3414 3412/3412 3417/3417
f 3414/3414 3413/3413 3412/3412
f 3413/3413 3410/3410 3412/3412
f 4075/4075 4077/4077 4078/4078
f 4075/4075 4076/4076 4077/4077
f 4/4 5/5 6/6
f 1933/1933 1918/1918 1931/1931
f 7168/7168 7165/7165 7164/7164
f 1941/1941 1935/1935 1933/1933
f 1935/1935 1918/1918 1933/1933
f 5348/5348 5345/5345 5347/5347
f 1918/1918 1932/1932 1931/1931
f 1918/1918 1936/1936 1932/1932
f 4076/4076 4089/4089 4086/4086
f 7230/7230 7228/7228 7229/7229
f 7229/7229 7228/7228 7225/7225
f 5330/5330 5328/5328 5353/5353
f 7228/7228 7226/7226 7225/7225
f 4086/4086 4090/4090 4088/4088
f 4388/4388 4384/4384 4395/4395
f 4395/4395 4384/4384 4385/4385
f 1917/1917 1919/1919 1922/1922
f 1915/1915 1916/1916 1917/1917
f 1917/1917 1916/1916 1919/1919
f 6644/6644 6640/6640 6642/6642
f 1919/1919 1923/1923 1922/1922
f 6633/6633 6639/6639 6642/6642
f 6640/6640 6633/6633 6642/6642
f 6633/6633 6635/6635 6639/6639
f 6639/6639 6635/6635 6641/6641
f 7493/7493 7490/7490 7492/7492
f 7490/7490 7491/7491 7492/7492
f 2223/2223 2219/2219 2221/2221
f 2222/2222 2215/2215 2217/2217
f 3086/3086 3085/3085 3083/3083
f 2222/2222 2231/2231 2238/2238
f 3107/3107 3109/3109 3106/3106
f 3106/3106 3109/3109 3113/3113
f 3111/3111 3117/3117 3119/3119
f 3117/3117 3120/3120 3119/3119
f 3119/3119 3120/3120 3121/3121
f 369/369 347/347 321/321
f 8007/8007 8008/8008 8009/8009
f 2658/2658 2659/2659 2669/2669
f 8007/8007 8010/8010 8008/8008
f 8013/8013 8011/8011 8007/8007
f 8007/8007 8011/8011 8010/8010
f 8411/8411 8453/8453 8414/8414
f 8448/8448 8262/8262 8264/8264
f 2862/2862 2857/2857 2860/2860
f 8262/8262 8263/8263 8260/8260
f 8263/8263 8418/8418 8260/8260
f 2862/2862 2867/2867 2855/2855
f 8398/8398 8399/8399 8269/8269
f 8400/8400 8273/8273 8269/8269
f 1804/1804 1799/1799 1803/1803
f 1803/1803 1799/1799 1798/1798
f 1798/1798 1797/1797 1792/1792
f 1798/1798 1792/1792 1800/1800
f 1774/1774 1792/1792 1775/1775
f 1774/1774 1775/1775 1776/1776
f 1774/1774 1776/1776 1777/1777
f 1777/1777 1776/1776 1779/1779
f 1815/1815 1821/1821 1810/1810
f 1810/1810 1821/1821 1817/1817
f 1817/1817 1837/1837 1814/1814
f 1814/1814 1837/1837 1819/1819
f 1819/1819 1837/1837 1833/1833
f 1833/1833 1835/1835 1831/1831
f 1833/1833 1831/1831 1823/1823
f 1823/1823 1831/1831 1826/1826
f 4159/4159 4158/4158 4157/4157
f 4158/4158 4156/4156 4157/4157
f 4157/4157 4156/4156 4147/4147
f 4158/4158 4162/4162 4156/4156
f 4162/4162 4163/4163 4156/4156
f 4156/4156 4145/4145 4147/4147
f 4147/4147 4145/4145 4144/4144
f 6730/6730 6729/6729 6724/6724
f 4163/4163 4155/4155 4156/4156
f 4156/4156 4155/4155 4145/4145
f 4145/4145 4142/4142 4144/4144
f 4145/4145 4155/4155 4142/4142
f 4142/4142 4129/4129 4144/4144
f 537/537 560/560 535/535
f 6729/6729 6735/6735 6717/6717
f 6729/6729 6717/6717 6724/6724
f 6724/6724 6717/6717 6722/6722
f 4093/4093 4092/4092 4091/4091
f 6722/6722 6718/6718 6723/6723
f 4142/4142 4127/4127 4129/4129
f 4092/4092 4094/4094 4078/4078
f 6723/6723 6718/6718 6725/6725
f 562/562 564/564 569/569
f 3414/3414 3417/3417 3427/3427
f 3427/3427 3417/3417 3418/3418
f 3417/3417 3412/3412 3418/3418
f 6725/6725 6726/6726 6723/6723
f 4094/4094 4107/4107 4075/4075
f 3412/3412 3410/3410 3411/3411
f 6725/6725 6727/6727 6726/6726
f 4164/4164 4148/4148 4143/4143
f 564/564 565/565 566/566
f 7164/7164 7165/7165 7166/7166
f 566/566 565/565 567/567
f 7164/7164 7166/7166 7167/7167
f 1935/1935 1939/1939 1926/1926
f 1935/1935 1926/1926 1918/1918
f 1918/1918 1922/1922 1936/1936
f 7384/7384 7386/7386 7385/7385
f 7383/7383 7384/7384 7385/7385
f 7225/7225 7226/7226 7227/7227
f 7226/7226 7235/7235 7227/7227
f 4089/4089 4090/4090 4086/4086
f 4385/4385 4380/4380 4391/4391
f 4388/4388 4381/4381 4384/4384
f 4384/4384 4371/4371 4380/4380
f 4384/4384 4380/4380 4385/4385
f 4381/4381 4371/4371 4384/4384
f 5128/5128 5130/5130 5131/5131
f 5131/5131 5130/5130 5133/5133
f 6633/6633 6634/6634 6635/6635
f 2226/2226 2224/2224 2225/2225
f 2225/2225 2224/2224 2223/2223
f 2223/2223 2224/2224 2219/2219
f 3083/3083 3082/3082 3090/3090
f 3085/3085 3084/3084 3083/3083
f 6602/6602 6603/6603 6600/6600
f 3120/3120 3132/3132 3121/3121
f 2723/2723 2724/2724 2716/2716
f 2638/2638 2652/2652 2653/2653
f 2652/2652 2659/2659 2658/2658
f 3911/3911 3895/3895 3910/3910
f 2893/2893 2861/2861 2846/2846
f 2861/2861 2841/2841 2846/2846
f 8453/8453 8449/8449 8448/8448
f 8453/8453 8448/8448 8414/8414
f 2861/2861 2860/2860 2841/2841
f 2860/2860 2847/2847 2841/2841
f 2860/2860 2857/2857 2847/2847
f 2862/2862 2855/2855 2857/2857
f 8486/8486 8487/8487 8488/8488
f 8486/8486 8489/8489 8487/8487
f 8399/8399 8400/8400 8269/8269
f 1797/1797 1796/1796 1792/1792
f 1779/1779 1776/1776 1787/1787
f 1806/1806 1807/1807 1815/1815
f 1817/1817 1821/1821 1837/1837
f 1833/1833 1837/1837 1835/1835
f 4161/4161 4159/4159 4160/4160
f 6764/6764 6763/6763 6745/6745
f 4159/4159 4157/4157 4160/4160
f 586/586 585/585 593/593
f 6764/6764 6745/6745 6739/6739
f 6745/6745 6740/6740 6739/6739
f 6740/6740 6738/6738 6739/6739
f 6739/6739 6738/6738 6734/6734
f 4147/4147 4176/4176 4172/4172
f 6734/6734 6738/6738 6733/6733
f 4147/4147 4144/4144 4176/4176
f 6733/6733 6731/6731 6730/6730
f 6734/6734 6733/6733 6730/6730
f 6731/6731 6732/6732 6729/6729
f 6730/6730 6731/6731 6729/6729
f 6732/6732 6735/6735 6729/6729
f 6735/6735 6715/6715 6717/6717
f 535/535 561/561 562/562
f 6875/6875 6876/6876 6877/6877
f 8469/8469 8471/8471 8468/8468
f 6722/6722 6717/6717 6718/6718
f 4127/4127 4128/4128 4129/4129
f 4092/4092 4106/4106 4094/4094
f 563/563 564/564 562/562
f 3412/3412 3419/3419 3418/3418
f 6718/6718 6720/6720 6725/6725
f 4127/4127 4130/4130 4128/4128
f 4094/4094 4106/4106 4107/4107
f 3412/3412 3411/3411 3419/3419
f 3411/3411 3410/3410 3398/3398
f 6725/6725 6765/6765 6728/6728
f 6725/6725 6728/6728 6727/6727
f 4143/4143 4133/4133 4127/4127
f 3410/3410 3415/3415 3405/3405
f 3410/3410 3405/3405 3398/3398
f 4143/4143 4148/4148 4133/4133
f 3415/3415 3416/3416 3405/3405
f 7227/7227 7235/7235 7234/7234
f 7167/7167 7166/7166 7169/7169
f 567/567 565/565 568/568
f 567/567 568/568 601/601
f 4391/4391 4380/4380 4377/4377
f 7167/7167 7169/7169 7170/7170
f 4380/4380 4366/4366 4377/4377
f 4381/4381 4368/4368 4371/4371
f 4371/4371 4368/4368 4366/4366
f 4371/4371 4366/4366 4380/4380
f 5327/5327 5313/5313 5326/5326
f 6637/6637 6633/6633 6640/6640
f 5128/5128 5125/5125 5130/5130
f 6633/6633 6636/6636 6634/6634
f 3082/3082 3092/3092 3090/3090
f 3090/3090 3092/3092 3093/3093
f 3885/3885 3882/3882 3886/3886
f 3111/3111 3116/3116 3117/3117
f 2727/2727 2723/2723 2728/2728
f 2727/2727 2724/2724 2723/2723
f 3140/3140 3132/3132 3120/3120
f 4067/4067 4065/4065 4066/4066
f 4065/4065 4074/4074 4064/4064
f 4064/4064 4063/4063 4065/4065
f 4064/4064 4057/4057 4063/4063
f 4072/4072 4057/4057 4064/4064
f 3156/3156 3148/3148 3155/3155
f 2653/2653 2716/2716 2671/2671
f 3891/3891 3880/3880 3887/3887
f 3904/3904 3895/3895 3911/3911
f 8010/8010 8012/8012 8008/8008
f 3905/3905 3904/3904 3911/3911
f 2670/2670 2669/2669 2659/2659
f 2846/2846 2844/2844 2898/2898
f 8453/8453 8477/8477 8449/8449
f 8449/8449 8402/8402 8448/8448
f 8402/8402 8262/8262 8448/8448
f 8402/8402 8263/8263 8262/8262
f 2857/2857 2839/2839 2847/2847
f 2855/2855 2852/2852 2857/2857
f 2856/2856 2854/2854 2855/2855
f 2855/2855 2854/2854 2852/2852
f 2856/2856 2859/2859 2854/2854
f 2859/2859 2889/2889 2858/2858
f 8400/8400 8277/8277 8273/8273
f 8277/8277 8274/8274 8273/8273
f 8277/8277 8278/8278 8274/8274
f 1837/1837 1850/1850 1835/1835
f 1826/1826 1831/1831 1830/1830
f 1826/1826 1830/1830 1828/1828
f 4165/4165 4159/4159 4161/4161
f 1839/1839 1840/1840 1834/1834
f 6762/6762 6763/6763 6764/6764
f 6762/6762 6757/6757 6763/6763
f 4160/4160 4172/4172 4169/4169
f 595/595 586/586 593/593
f 6763/6763 6757/6757 6758/6758
f 6757/6757 6750/6750 6758/6758
f 6758/6758 6750/6750 6745/6745
f 6745/6745 6750/6750 6740/6740
f 586/586 572/572 585/585
f 6738/6738 6754/6754 6733/6733
f 572/572 573/573 537/537
f 6754/6754 6731/6731 6733/6733
f 6754/6754 6741/6741 6731/6731
f 537/537 573/573 560/560
f 560/560 561/561 535/535
f 4103/4103 4102/4102 4101/4101
f 4102/4102 4093/4093 4101/4101
f 8470/8470 8469/8469 8456/8456
f 8456/8456 8468/8468 8467/8467
f 4129/4129 4128/4128 4139/4139
f 4102/4102 4104/4104 4092/4092
f 4093/4093 4102/4102 4092/4092
f 8468/8468 8472/8472 8467/8467
f 6717/6717 6716/6716 6718/6718
f 562/562 561/561 563/563
f 4092/4092 4104/4104 4106/4106
f 6720/6720 6748/6748 6725/6725
f 3419/3419 3411/3411 3404/3404
f 563/563 565/565 564/564
f 3411/3411 3398/3398 3404/3404
f 6748/6748 6765/6765 6725/6725
f 3423/3423 3424/3424 3426/3426
f 3423/3423 3400/3400 3424/3424
f 3400/3400 3402/3402 3403/3403
f 3400/3400 3403/3403 3424/3424
f 3424/3424 3403/3403 3425/3425
f 3405/3405 3420/3420 3401/3401
f 5479/5479 5476/5476 5478/5478
f 5478/5478 5476/5476 5477/5477
f 5476/5476 5474/5474 5477/5477
f 7385/7385 7386/7386 7387/7387
f 4148/4148 4149/4149 4133/4133
f 4391/4391 4377/4377 4383/4383
f 4365/4365 4372/4372 4377/4377
f 5176/5176 5183/5183 5177/5177
f 4366/4366 4362/4362 4365/4365
f 4366/4366 4365/4365 4377/4377
f 5181/5181 5184/5184 5176/5176
f 5183/5183 5185/5185 5177/5177
f 7169/7169 7171/7171 7170/7170
f 4367/4367 4362/4362 4368/4368
f 4368/4368 4362/4362 4366/4366
f 5176/5176 5184/5184 5183/5183
f 5184/5184 5186/5186 5183/5183
f 6637/6637 6636/6636 6633/6633
f 5186/5186 5190/5190 5183/5183
f 5183/5183 5190/5190 5185/5185
f 5138/5138 5126/5126 5129/5129
f 5129/5129 5126/5126 5128/5128
f 5126/5126 5125/5125 5128/5128
f 2226/2226 2227/2227 2224/2224
f 2224/2224 2220/2220 2219/2219
f 2215/2215 2216/2216 2217/2217
f 3888/3888 3896/3896 3908/3908
f 3085/3085 3095/3095 3084/3084
f 3084/3084 3095/3095 3082/3082
f 6599/6599 6602/6602 6600/6600
f 2725/2725 2724/2724 2727/2727
f 3137/3137 3120/3120 3117/3117
f 3117/3117 3124/3124 3137/3137
f 3137/3137 3140/3140 3120/3120
f 3137/3137 3147/3147 3140/3140
f 3147/3147 3132/3132 3140/3140
f 2724/2724 2717/2717 2716/2716
f 4065/4065 4063/4063 4066/4066
f 3147/3147 3148/3148 3156/3156
f 4063/4063 4057/4057 4059/4059
f 3148/3148 3152/3152 3155/3155
f 3148/3148 3149/3149 3152/3152
f 4070/4070 4058/4058 4057/4057
f 4057/4057 4058/4058 4059/4059
f 8010/8010 8014/8014 8012/8012
f 2841/2841 2847/2847 2833/2833
f 2847/2847 2839/2839 2833/2833
f 8415/8415 8416/8416 8263/8263
f 2839/2839 2857/2857 2843/2843
f 8490/8490 8489/8489 8486/8486
f 2857/2857 2852/2852 2843/2843
f 2636/2636 2649/2649 2677/2677
f 2649/2649 2683/2683 2677/2677
f 8401/8401 8400/8400 8399/8399
f 8401/8401 8280/8280 8400/8400
f 2854/2854 2858/2858 2853/2853
f 8280/8280 8277/8277 8400/8400
f 1808/1808 1799/1799 1804/1804
f 1799/1799 1797/1797 1798/1798
f 1792/1792 1791/1791 1775/1775
f 1775/1775 1781/1781 1776/1776
f 1776/1776 1781/1781 1795/1795
f 1776/1776 1795/1795 1802/1802
f 1776/1776 1802/1802 1787/1787
f 1787/1787 1802/1802 1807/1807
f 1807/1807 1816/1816 1815/1815
f 1815/1815 1843/1843 1821/1821
f 1850/1850 1847/1847 1835/1835
f 1835/1835 1844/1844 1831/1831
f 1830/1830 1832/1832 1828/1828
f 1828/1828 1832/1832 1834/1834
f 6750/6750 6751/6751 6740/6740
f 6740/6740 6751/6751 6738/6738
f 6751/6751 6754/6754 6738/6738
f 6755/6755 6741/6741 6754/6754
f 6741/6741 6732/6732 6731/6731
f 6735/6735 6737/6737 6715/6715
f 8446/8446 8386/8386 8456/8456
f 8446/8446 8456/8456 8465/8465
f 8456/8456 8467/8467 8465/8465
f 8465/8465 8467/8467 8466/8466
f 8467/8467 8473/8473 8466/8466
f 3982/3982 3978/3978 3981/3981
f 6715/6715 6716/6716 6717/6717
f 4102/4102 4105/4105 4104/4104
f 8467/8467 8472/8472 8473/8473
f 4104/4104 4105/4105 4106/4106
f 6716/6716 6720/6720 6718/6718
f 6720/6720 6747/6747 6748/6748
f 4130/4130 4131/4131 4128/4128
f 563/563 594/594 565/565
f 5371/5371 5722/5722 5723/5723
f 3404/3404 3398/3398 3395/3395
f 3404/3404 3395/3395 3407/3407
f 3407/3407 3395/3395 3406/3406
f 3395/3395 3397/3397 3406/3406
f 3406/3406 3397/3397 3408/3408
f 4346/4346 4333/4333 4334/4334
f 3398/3398 3396/3396 3395/3395
f 3395/3395 3396/3396 3397/3397
f 3397/3397 3400/3400 3408/3408
f 3408/3408 3400/3400 3409/3409
f 3409/3409 3400/3400 3423/3423
f 3398/3398 3401/3401 3396/3396
f 3396/3396 3399/3399 3397/3397
f 3397/3397 3399/3399 3400/3400
f 4130/4130 4133/4133 4132/4132
f 4133/4133 4137/4137 4132/4132
f 5179/5179 5180/5180 5176/5176
f 5179/5179 5176/5176 5178/5178
f 5476/5476 5475/5475 5474/5474
f 5182/5182 5181/5181 5180/5180
f 5176/5176 5177/5177 5178/5178
f 5178/5178 5177/5177 5201/5201
f 7618/7618 7505/7505 7619/7619
f 7384/7384 7388/7388 7386/7386
f 4365/4365 4364/4364 4372/4372
f 4365/4365 4362/4362 4364/4364
f 4149/4149 4137/4137 4133/4133
f 7619/7619 7505/7505 7499/7499
f 5182/5182 5184/5184 5181/5181
f 5177/5177 5185/5185 5201/5201
f 5182/5182 5187/5187 5184/5184
f 5185/5185 5141/5141 5201/5201
f 4368/4368 4379/4379 4367/4367
f 6637/6637 6638/6638 6636/6636
f 7504/7504 7500/7500 7503/7503
f 5187/5187 5186/5186 5184/5184
f 5187/5187 5193/5193 5191/5191
f 5187/5187 5191/5191 5186/5186
f 5138/5138 5137/5137 5126/5126
f 5191/5191 5195/5195 5186/5186
f 5186/5186 5195/5195 5190/5190
f 5130/5130 5123/5123 5133/5133
f 5190/5190 5195/5195 5199/5199
f 5130/5130 5125/5125 5123/5123
f 2220/2220 2218/2218 2219/2219
f 2218/2218 2216/2216 2215/2215
f 3082/3082 3096/3096 3092/3092
f 5062/5062 5063/5063 5065/5065
f 3111/3111 3110/3110 3116/3116
f 2725/2725 2717/2717 2724/2724
f 3116/3116 3124/3124 3117/3117
f 3143/3143 3147/3147 3137/3137
f 2717/2717 2671/2671 2716/2716
f 3143/3143 3148/3148 3147/3147
f 352/352 346/346 322/322
f 3148/3148 3146/3146 3149/3149
f 4063/4063 4059/4059 4061/4061
f 4058/4058 4060/4060 4059/4059
f 4059/4059 4060/4060 4061/4061
f 4070/4070 4071/4071 4058/4058
f 2631/2631 2652/2652 2638/2638
f 2652/2652 2631/2631 2659/2659
f 3904/3904 3901/3901 3895/3895
f 3905/3905 3901/3901 3904/3904
f 2631/2631 2641/2641 2659/2659
f 2641/2641 2660/2660 2659/2659
f 2841/2841 2830/2830 2844/2844
f 2846/2846 2841/2841 2844/2844
f 2641/2641 2661/2661 2660/2660
f 2830/2830 2841/2841 2833/2833
f 8415/8415 8263/8263 8402/8402
f 2854/2854 2853/2853 2852/2852
f 8280/8280 8279/8279 8277/8277
f 8277/8277 8279/8279 8278/8278
f 1808/1808 1797/1797 1799/1799
f 1796/1796 1791/1791 1792/1792
f 1775/1775 1791/1791 1782/1782
f 1775/1775 1782/1782 1781/1781
f 1781/1781 1782/1782 1789/1789
f 1842/1842 1836/1836 1795/1795
f 1781/1781 1842/1842 1795/1795
f 1781/1781 1789/1789 1842/1842
f 1807/1807 1802/1802 1816/1816
f 1815/1815 1816/1816 1843/1843
f 1843/1843 1849/1849 1837/1837
f 1849/1849 1850/1850 1837/1837
f 1835/1835 1847/1847 1844/1844
f 1844/1844 1830/1830 1831/1831
f 8527/8527 8526/8526 8528/8528
f 1832/1832 1839/1839 1834/1834
f 6760/6760 6757/6757 6762/6762
f 6760/6760 6759/6759 6757/6757
f 4169/4169 4172/4172 4174/4174
f 6757/6757 6756/6756 6750/6750
f 6757/6757 6759/6759 6756/6756
f 6753/6753 6754/6754 6751/6751
f 6753/6753 6755/6755 6754/6754
f 6755/6755 6746/6746 6741/6741
f 8311/8311 8334/8334 8327/8327
f 8327/8327 8334/8334 8335/8335
f 6746/6746 6736/6736 6741/6741
f 6741/6741 6736/6736 6732/6732
f 8311/8311 8336/8336 8334/8334
f 5932/5932 5931/5931 5937/5937
f 6736/6736 6735/6735 6732/6732
f 8446/8446 8465/8465 8385/8385
f 6735/6735 6736/6736 6737/6737
f 4139/4139 4188/4188 4186/4186
f 8465/8465 8463/8463 8460/8460
f 8312/8312 8323/8323 8373/8373
f 8312/8312 8373/8373 8311/8311
f 8465/8465 8466/8466 8463/8463
f 6715/6715 6714/6714 6713/6713
f 6715/6715 6713/6713 6716/6716
f 8323/8323 8374/8374 8373/8373
f 8323/8323 8426/8426 8374/8374
f 6716/6716 6721/6721 6720/6720
f 6721/6721 6747/6747 6720/6720
f 4317/4317 4327/4327 4314/4314
f 4327/4327 4322/4322 4314/4314
f 4348/4348 4350/4350 4349/4349
f 7088/7088 7089/7089 7090/7090
f 5727/5727 5639/5639 5476/5476
f 4130/4130 4132/4132 4131/4131
f 3401/3401 3422/3422 3396/3396
f 3422/3422 3399/3399 3396/3396
f 7093/7093 7092/7092 7091/7091
f 3399/3399 3402/3402 3400/3400
f 7092/7092 7089/7089 7091/7091
f 7091/7091 7089/7089 7088/7088
f 3401/3401 3420/3420 3421/3421
f 3401/3401 3421/3421 3422/3422
f 5476/5476 5639/5639 5638/5638
f 8356/8356 8355/8355 8443/8443
f 7386/7386 7389/7389 7387/7387
f 5180/5180 5189/5189 5182/5182
f 8443/8443 8436/8436 8440/8440
f 565/565 600/600 568/568
f 7618/7618 7523/7523 7505/7505
f 7388/7388 7389/7389 7386/7386
f 5189/5189 5188/5188 5182/5182
f 4362/4362 4363/4363 4364/4364
f 4367/4367 4363/4363 4362/4362
f 5188/5188 5187/5187 5182/5182
f 5474/5474 5475/5475 5472/5472
f 5474/5474 5472/5472 5473/5473
f 5188/5188 5192/5192 5187/5187
f 4150/4150 4141/4141 4137/4137
f 5192/5192 5193/5193 5187/5187
f 5185/5185 5190/5190 5137/5137
f 5185/5185 5137/5137 5141/5141
f 5141/5141 5137/5137 5138/5138
f 5190/5190 5199/5199 5137/5137
f 5309/5309 5312/5312 5313/5313
f 5313/5313 5312/5312 5316/5316
f 5193/5193 5196/5196 5194/5194
f 5193/5193 5194/5194 5191/5191
f 5191/5191 5194/5194 5195/5195
f 5195/5195 5194/5194 5198/5198
f 5126/5126 5121/5121 5125/5125
f 5194/5194 5197/5197 5198/5198
f 2227/2227 2233/2233 2230/2230
f 2227/2227 2230/2230 2224/2224
f 443/443 434/434 446/446
f 3095/3095 3096/3096 3082/3082
f 3093/3093 3092/3092 3100/3100
f 3100/3100 3107/3107 3093/3093
f 3107/3107 3100/3100 3109/3109
f 3109/3109 3110/3110 3111/3111
f 2734/2734 2725/2725 2727/2727
f 6598/6598 6600/6600 6585/6585
f 3110/3110 3118/3118 3116/3116
f 3124/3124 3138/3138 3137/3137
f 3138/3138 3143/3143 3137/3137
f 3143/3143 3145/3145 3146/3146
f 3143/3143 3146/3146 3148/3148
f 3149/3149 3146/3146 3150/3150
f 3151/3151 3153/3153 3152/3152
f 3149/3149 3151/3151 3152/3152
f 3149/3149 3150/3150 3151/3151
f 346/346 349/349 334/334
f 4058/4058 4071/4071 4060/4060
f 4060/4060 4062/4062 4061/4061
f 4061/4061 4062/4062 4069/4069
f 3905/3905 3903/3903 3901/3901
f 2833/2833 2832/2832 2830/2830
f 2641/2641 2639/2639 2661/2661
f 8279/8279 8281/8281 8278/8278
f 8281/8281 8283/8283 8278/8278
f 8281/8281 8284/8284 8283/8283
f 8283/8283 8284/8284 8285/8285
f 8285/8285 8284/8284 8286/8286
f 1842/1842 1822/1822 1836/1836
f 1836/1836 1822/1822 1802/1802
f 1822/1822 1816/1816 1802/1802
f 7599/7599 7591/7591 7607/7607
f 7607/7607 7591/7591 7606/7606
f 1844/1844 1848/1848 1830/1830
f 8365/8365 8372/8372 8333/8333
f 8365/8365 8368/8368 8372/8372
f 8365/8365 8333/8333 8306/8306
f 8365/8365 8306/8306 8366/8366
f 8366/8366 8367/8367 8365/8365
f 8306/8306 8478/8478 8366/8366
f 8332/8332 8478/8478 8306/8306
f 8478/8478 8371/8371 8366/8366
f 8308/8308 8361/8361 8332/8332
f 6752/6752 6751/6751 6750/6750
f 6756/6756 6752/6752 6750/6750
f 8361/8361 8362/8362 8332/8332
f 8363/8363 8362/8362 8361/8361
f 8455/8455 8459/8459 8476/8476
f 6752/6752 6753/6753 6751/6751
f 8308/8308 8327/8327 8361/8361
f 5940/5940 5939/5939 5941/5941
f 8459/8459 8464/8464 8476/8476
f 8385/8385 8459/8459 8455/8455
f 7609/7609 7590/7590 7603/7603
f 8310/8310 8311/8311 8308/8308
f 8308/8308 8311/8311 8327/8327
f 8459/8459 8461/8461 8464/8464
f 6755/6755 6753/6753 6746/6746
f 8310/8310 8312/8312 8311/8311
f 5936/5936 5939/5939 5938/5938
f 5937/5937 5936/5936 5938/5938
f 8385/8385 8460/8460 8459/8459
f 8460/8460 8461/8461 8459/8459
f 8460/8460 8462/8462 8461/8461
f 3979/3979 3983/3983 3984/3984
f 8460/8460 8463/8463 8462/8462
f 6736/6736 6714/6714 6737/6737
f 7604/7604 7600/7600 7616/7616
f 6737/6737 6714/6714 6715/6715
f 6714/6714 6709/6709 6713/6713
f 561/561 599/599 563/563
f 6713/6713 6721/6721 6716/6716
f 563/563 599/599 594/594
f 8323/8323 8360/8360 8426/8426
f 4128/4128 4131/4131 4138/4138
f 5674/5674 5660/5660 5639/5639
f 5660/5660 5659/5659 5639/5639
f 7613/7613 7521/7521 7614/7614
f 7094/7094 7099/7099 7095/7095
f 7093/7093 7094/7094 7092/7092
f 7094/7094 7095/7095 7092/7092
f 5639/5639 5659/5659 5638/5638
f 7100/7100 7099/7099 7094/7094
f 7614/7614 7521/7521 7523/7523
f 4378/4378 4392/4392 4390/4390
f 4372/4372 4378/4378 4390/4390
f 7505/7505 7524/7524 7502/7502
f 7524/7524 7535/7535 7502/7502
f 7535/7535 7584/7584 7502/7502
f 8436/8436 8437/8437 8440/8440
f 4363/4363 4370/4370 4364/4364
f 5475/5475 5626/5626 5472/5472
f 4132/4132 4137/4137 4135/4135
f 5189/5189 5204/5204 5188/5188
f 4367/4367 4369/4369 4363/4363
f 4379/4379 4374/4374 4367/4367
f 4374/4374 4369/4369 4367/4367
f 4137/4137 4141/4141 4135/4135
f 5188/5188 5203/5203 5192/5192
f 5192/5192 5202/5202 5193/5193
f 5137/5137 5121/5121 5126/5126
f 5199/5199 5121/5121 5137/5137
f 5195/5195 5198/5198 5199/5199
f 5198/5198 5143/5143 5199/5199
f 5196/5196 5197/5197 5194/5194
f 5121/5121 5118/5118 5125/5125
f 5197/5197 5155/5155 5198/5198
f 5198/5198 5155/5155 5200/5200
f 5125/5125 5118/5118 5123/5123
f 2224/2224 2230/2230 2220/2220
f 443/443 438/438 434/434
f 2216/2216 2228/2228 2231/2231
f 6601/6601 6599/6599 6587/6587
f 2228/2228 2235/2235 2231/2231
f 6599/6599 6598/6598 6587/6587
f 5052/5052 5051/5051 5049/5049
f 3100/3100 3110/3110 3109/3109
f 2726/2726 2725/2725 2734/2734
f 3116/3116 3118/3118 3124/3124
f 2720/2720 2717/2717 2725/2725
f 3138/3138 3144/3144 3143/3143
f 2688/2688 2671/2671 2717/2717
f 3144/3144 3145/3145 3143/3143
f 2688/2688 2638/2638 2671/2671
f 3151/3151 3154/3154 3153/3153
f 4073/4073 4062/4062 4060/4060
f 4071/4071 4073/4073 4060/4060
f 3901/3901 3902/3902 3897/3897
f 3903/3903 3902/3902 3901/3901
f 2845/2845 2830/2830 2829/2829
f 2830/2830 2832/2832 2827/2827
f 2639/2639 2633/2633 2624/2624
f 2839/2839 2843/2843 2837/2837
f 2636/2636 2597/2597 2649/2649
f 8396/8396 8279/8279 8280/8280
f 8279/8279 8282/8282 8281/8281
f 8282/8282 8397/8397 8281/8281
f 8397/8397 8284/8284 8281/8281
f 8397/8397 8287/8287 8284/8284
f 8284/8284 8287/8287 8286/8286
f 8286/8286 8288/8288 8289/8289
f 8287/8287 8288/8288 8286/8286
f 1782/1782 1805/1805 1789/1789
f 1789/1789 1805/1805 1822/1822
f 7591/7591 7576/7576 7606/7606
f 1847/1847 1851/1851 1844/1844
f 1830/1830 1848/1848 1832/1832
f 8304/8304 8333/8333 8301/8301
f 4168/4168 4169/4169 4173/4173
f 8304/8304 8305/8305 8306/8306
f 8304/8304 8306/8306 8333/8333
f 8365/8365 8367/8367 8368/8368
f 8367/8367 8369/8369 8368/8368
f 7610/7610 7612/7612 7605/7605
f 8305/8305 8332/8332 8306/8306
f 8308/8308 8332/8332 8305/8305
f 8366/8366 8371/8371 8367/8367
f 8369/8369 8370/8370 8368/8368
f 8371/8371 8370/8370 8369/8369
f 8516/8516 8517/8517 8518/8518
f 8455/8455 8476/8476 8370/8370
f 8371/8371 8455/8455 8370/8370
f 8476/8476 8484/8484 8370/8370
f 8484/8484 8476/8476 8479/8479
f 8362/8362 8364/8364 8332/8332
f 8332/8332 8364/8364 8478/8478
f 8517/8517 8519/8519 8518/8518
f 8476/8476 8464/8464 8479/8479
f 8479/8479 8481/8481 8484/8484
f 8383/8383 8385/8385 8455/8455
f 8363/8363 8364/8364 8362/8362
f 7590/7590 7600/7600 7603/7603
f 3986/3986 3984/3984 3985/3985
f 6753/6753 6761/6761 6746/6746
f 8363/8363 8380/8380 8364/8364
f 8381/8381 8380/8380 8363/8363
f 8381/8381 8382/8382 8380/8380
f 8380/8380 8385/8385 8384/8384
f 3984/3984 3983/3983 3985/3985
f 3979/3979 3960/3960 3983/3983
f 8312/8312 8314/8314 8323/8323
f 3980/3980 3964/3964 3979/3979
f 7600/7600 7525/7525 7613/7613
f 8317/8317 8360/8360 8323/8323
f 6721/6721 6743/6743 6747/6747
f 5369/5369 5370/5370 5371/5371
f 6747/6747 6749/6749 6748/6748
f 8317/8317 8325/8325 8360/8360
f 7006/7006 7004/7004 7003/7003
f 8317/8317 8322/8322 8325/8325
f 8322/8322 8340/8340 8325/8325
f 6658/6658 6660/6660 6661/6661
f 7095/7095 7097/7097 7096/7096
f 7099/7099 7098/7098 7095/7095
f 4131/4131 4132/4132 4134/4134
f 8520/8520 8522/8522 8523/8523
f 7241/7241 7240/7240 7244/7244
f 4132/4132 4135/4135 4134/4134
f 4392/4392 4378/4378 4393/4393
f 4372/4372 4373/4373 4378/4378
f 4370/4370 4373/4373 4372/4372
f 4364/4364 4370/4370 4372/4372
f 4363/4363 4369/4369 4370/4370
f 5204/5204 5171/5171 5188/5188
f 4135/4135 4141/4141 4140/4140
f 5171/5171 5203/5203 5188/5188
f 5473/5473 5472/5472 5471/5471
f 5202/5202 5196/5196 5193/5193
f 4150/4150 4151/4151 4141/4141
f 5202/5202 5166/5166 5196/5196
f 3580/3580 3569/3569 3568/3568
f 5166/5166 5197/5197 5196/5196
f 5166/5166 5165/5165 5197/5197
f 5198/5198 5200/5200 5146/5146
f 5200/5200 5153/5153 5146/5146
f 5198/5198 5146/5146 5143/5143
f 5165/5165 5159/5159 5197/5197
f 5197/5197 5159/5159 5155/5155
f 5309/5309 5311/5311 5312/5312
f 2230/2230 2232/2232 2220/2220
f 2218/2218 2228/2228 2216/2216
f 6601/6601 6587/6587 6597/6597
f 2726/2726 2734/2734 2729/2729
f 6598/6598 6583/6583 6587/6587
f 6598/6598 6585/6585 6583/6583
f 2726/2726 2720/2720 2725/2725
f 3118/3118 3130/3130 3124/3124
f 3124/3124 3130/3130 3138/3138
f 2687/2687 2717/2717 2720/2720
f 2687/2687 2688/2688 2717/2717
f 3138/3138 3139/3139 3144/3144
f 2568/2568 2565/2565 2638/2638
f 442/442 421/421 440/440
f 424/424 425/425 445/445
f 2830/2830 2827/2827 2829/2829
f 2633/2633 2639/2639 2641/2641
f 2624/2624 2596/2596 2639/2639
f 2636/2636 2596/2596 2597/2597
f 2837/2837 2843/2843 2842/2842
f 2650/2650 2683/2683 2649/2649
f 8422/8422 8280/8280 8401/8401
f 8497/8497 8498/8498 8499/8499
f 8498/8498 8500/8500 8499/8499
f 8282/8282 8279/8279 8396/8396
f 8444/8444 8397/8397 8282/8282
f 8387/8387 8339/8339 8444/8444
f 8444/8444 8339/8339 8397/8397
f 8339/8339 8287/8287 8397/8397
f 8289/8289 8288/8288 8290/8290
f 8339/8339 8296/8296 8287/8287
f 1822/1822 1845/1845 1816/1816
f 1845/1845 1846/1846 1816/1816
f 1816/1816 1846/1846 1843/1843
f 1846/1846 1849/1849 1843/1843
f 7599/7599 7594/7594 7591/7591
f 7594/7594 7589/7589 7591/7591
f 7591/7591 7589/7589 7576/7576
f 8339/8339 8298/8298 8296/8296
f 7576/7576 7571/7571 7606/7606
f 8298/8298 8297/8297 8296/8296
f 8298/8298 8302/8302 8301/8301
f 8298/8298 8299/8299 8297/8297
f 8298/8298 8301/8301 8299/8299
f 8299/8299 8300/8300 8297/8297
f 8305/8305 8304/8304 8302/8302
f 8304/8304 8301/8301 8302/8302
f 8027/8027 8026/8026 8028/8028
f 8307/8307 8308/8308 8305/8305
f 7612/7612 7602/7602 7605/7605
f 8367/8367 8371/8371 8369/8369
f 8309/8309 8310/8310 8308/8308
f 7605/7605 7546/7546 7610/7610
f 7610/7610 7546/7546 7609/7609
f 4178/4178 4177/4177 4179/4179
f 7609/7609 7546/7546 7590/7590
f 8479/8479 8480/8480 8481/8481
f 6753/6753 6766/6766 6761/6761
f 8380/8380 8384/8384 8383/8383
f 8364/8364 8380/8380 8383/8383
f 8310/8310 8313/8313 8312/8312
f 8313/8313 8314/8314 8312/8312
f 6736/6736 6742/6742 6719/6719
f 4186/4186 4188/4188 4187/4187
f 6736/6736 6710/6710 6714/6714
f 6719/6719 6711/6711 6710/6710
f 6736/6736 6719/6719 6710/6710
f 3966/3966 3965/3965 3964/3964
f 6714/6714 6710/6710 6709/6709
f 7600/7600 7562/7562 7525/7525
f 3967/3967 3968/3968 3965/3965
f 3966/3966 3967/3967 3965/3965
f 3965/3965 3968/3968 3970/3970
f 8314/8314 8317/8317 8323/8323
f 6713/6713 6743/6743 6721/6721
f 6743/6743 6767/6767 6747/6747
f 6747/6747 6767/6767 6749/6749
f 5370/5370 5369/5369 5367/5367
f 7613/7613 7525/7525 7521/7521
f 8318/8318 8322/8322 8317/8317
f 8322/8322 8359/8359 8340/8340
f 8318/8318 8321/8321 8328/8328
f 8328/8328 8485/8485 8322/8322
f 8318/8318 8328/8328 8322/8322
f 8485/8485 8359/8359 8322/8322
f 8485/8485 8354/8354 8359/8359
f 6658/6658 6659/6659 6660/6660
f 5660/5660 5640/5640 5659/5659
f 7631/7631 7632/7632 7633/7633
f 5659/5659 5640/5640 5658/5658
f 7243/7243 7223/7223 7222/7222
f 8436/8436 8434/8434 8435/8435
f 8436/8436 8435/8435 8437/8437
f 4370/4370 4382/4382 4373/4373
f 8437/8437 8438/8438 8439/8439
f 4369/4369 4387/4387 4382/4382
f 4369/4369 4382/4382 4370/4370
f 4374/4374 4375/4375 4369/4369
f 5626/5626 5625/5625 5472/5472
f 5625/5625 5470/5470 5472/5472
f 5203/5203 5170/5170 5202/5202
f 5203/5203 5202/5202 5192/5192
f 5472/5472 5470/5470 5471/5471
f 2302/2302 2303/2303 2297/2297
f 2303/2303 2298/2298 2297/2297
f 2298/2298 2294/2294 2297/2297
f 2297/2297 2294/2294 2293/2293
f 5121/5121 5143/5143 5120/5120
f 5146/5146 5145/5145 5143/5143
f 5165/5165 5160/5160 5159/5159
f 5159/5159 5158/5158 5156/5156
f 5159/5159 5156/5156 5155/5155
f 5156/5156 5154/5154 5155/5155
f 5155/5155 5153/5153 5200/5200
f 5155/5155 5154/5154 5153/5153
f 5121/5121 5109/5109 5118/5118
f 5121/5121 5120/5120 5109/5109
f 5118/5118 5111/5111 5123/5123
f 5309/5309 5310/5310 5311/5311
f 2220/2220 2229/2229 2218/2218
f 2735/2735 2734/2734 2742/2742
f 2735/2735 2729/2729 2734/2734
f 2229/2229 2228/2228 2218/2218
f 6585/6585 6535/6535 6583/6583
f 3138/3138 3130/3130 3139/3139
f 354/354 320/320 319/319
f 2568/2568 2638/2638 2688/2688
f 2631/2631 2638/2638 2565/2565
f 2632/2632 2641/2641 2631/2631
f 2597/2597 2622/2622 2649/2649
f 2852/2852 2850/2850 2842/2842
f 2649/2649 2622/2622 2650/2650
f 2852/2852 2851/2851 2850/2850
f 8502/8502 8503/8503 8504/8504
f 8503/8503 8505/8505 8504/8504
f 8505/8505 8506/8506 8504/8504
f 8377/8377 8387/8387 8444/8444
f 8377/8377 8337/8337 8387/8387
f 8337/8337 8303/8303 8387/8387
f 8288/8288 8291/8291 8290/8290
f 1805/1805 1845/1845 1822/1822
f 7608/7608 7582/7582 7599/7599
f 7599/7599 7582/7582 7579/7579
f 7599/7599 7579/7579 7594/7594
f 7594/7594 7595/7595 7593/7593
f 7594/7594 7593/7593 7589/7589
f 8387/8387 8303/8303 8339/8339
f 8287/8287 8294/8294 8288/8288
f 8288/8288 8294/8294 8291/8291
f 8290/8290 8291/8291 8292/8292
f 8303/8303 8298/8298 8339/8339
f 8296/8296 8295/8295 8287/8287
f 8303/8303 8302/8302 8298/8298
f 8287/8287 8295/8295 8294/8294
f 8297/8297 8295/8295 8296/8296
f 6610/6610 6615/6615 6620/6620
f 6620/6620 6615/6615 6621/6621
f 8297/8297 8338/8338 8295/8295
f 8297/8297 8300/8300 8338/8338
f 6620/6620 6608/6608 6610/6610
f 7615/7615 7548/7548 7611/7611
f 8307/8307 8305/8305 8302/8302
f 4170/4170 4168/4168 4190/4190
f 8309/8309 8308/8308 8307/8307
f 8326/8326 8310/8310 8309/8309
f 8326/8326 8324/8324 8310/8310
f 7546/7546 7547/7547 7590/7590
f 3987/3987 3988/3988 3989/3989
f 8310/8310 8324/8324 8313/8313
f 6761/6761 6742/6742 6746/6746
f 6742/6742 6736/6736 6746/6746
f 3960/3960 3963/3963 3983/3983
f 3964/3964 3961/3961 3960/3960
f 6711/6711 6708/6708 6710/6710
f 3964/3964 3965/3965 3961/3961
f 6708/6708 6712/6712 6709/6709
f 6708/6708 6709/6709 6710/6710
f 3965/3965 3970/3970 3961/3961
f 3970/3970 3971/3971 3961/3961
f 3970/3970 3969/3969 3971/3971
f 6712/6712 6713/6713 6709/6709
f 6712/6712 6744/6744 6713/6713
f 8316/8316 8317/8317 8314/8314
f 3968/3968 3969/3969 3970/3970
f 3968/3968 3967/3967 3969/3969
f 6713/6713 6744/6744 6743/6743
f 6019/6019 6023/6023 6024/6024
f 8316/8316 8318/8318 8317/8317
f 6022/6022 6018/6018 6019/6019
f 6657/6657 6656/6656 6658/6658
f 6658/6658 6656/6656 6655/6655
f 6658/6658 6655/6655 6659/6659
f 786/786 779/779 783/783
f 5662/5662 5661/5661 5660/5660
f 5660/5660 5661/5661 5640/5640
f 8433/8433 8434/8434 8328/8328
f 8328/8328 8434/8434 8485/8485
f 779/779 778/778 783/783
f 8441/8441 8435/8435 8433/8433
f 8433/8433 8435/8435 8434/8434
f 778/778 774/774 776/776
f 8109/8109 8097/8097 8108/8108
f 4393/4393 4378/4378 4394/4394
f 8451/8451 8452/8452 8438/8438
f 8451/8451 8438/8438 8441/8441
f 8441/8441 8438/8438 8435/8435
f 4373/4373 4389/4389 4378/4378
f 5086/5086 5082/5082 5171/5171
f 4375/4375 4386/4386 4369/4369
f 4374/4374 4376/4376 4375/4375
f 4135/4135 4140/4140 4134/4134
f 5171/5171 5082/5082 5170/5170
f 5171/5171 5170/5170 5203/5203
f 5202/5202 5170/5170 5167/5167
f 2301/2301 2297/2297 2293/2293
f 2301/2301 2293/2293 2295/2295
f 2293/2293 2294/2294 2295/2295
f 2295/2295 2294/2294 2296/2296
f 2296/2296 2300/2300 2299/2299
f 2295/2295 2296/2296 2299/2299
f 5202/5202 5167/5167 5166/5166
f 2294/2294 2305/2305 2296/2296
f 2296/2296 2305/2305 2309/2309
f 2296/2296 2309/2309 2300/2300
f 5166/5166 5164/5164 5165/5165
f 2298/2298 2307/2307 2294/2294
f 2294/2294 2307/2307 2310/2310
f 2294/2294 2310/2310 2305/2305
f 4702/4702 4692/4692 4703/4703
f 4703/4703 4692/4692 4700/4700
f 5165/5165 5164/5164 5160/5160
f 5145/5145 5144/5144 5143/5143
f 5318/5318 5311/5311 5317/5317
f 2298/2298 2308/2308 2307/2307
f 2308/2308 2311/2311 2307/2307
f 2307/2307 2311/2311 2310/2310
f 5160/5160 5158/5158 5159/5159
f 5311/5311 5314/5314 5317/5317
f 2220/2220 2232/2232 2229/2229
f 432/432 426/426 414/414
f 6592/6592 6597/6597 6587/6587
f 2715/2715 2726/2726 2729/2729
f 6535/6535 6532/6532 6534/6534
f 6583/6583 6535/6535 6534/6534
f 2715/2715 2720/2720 2726/2726
f 2715/2715 2687/2687 2720/2720
f 447/447 439/439 444/444
f 2565/2565 2560/2560 2631/2631
f 2631/2631 2560/2560 2632/2632
f 2826/2826 2827/2827 2824/2824
f 2632/2632 2633/2633 2641/2641
f 2832/2832 2837/2837 2834/2834
f 8497/8497 8501/8501 8498/8498
f 8395/8395 8378/8378 8396/8396
f 8378/8378 8376/8376 8377/8377
f 8376/8376 8337/8337 8377/8377
f 6227/6227 6202/6202 6201/6201
f 7608/7608 7601/7601 7582/7582
f 7579/7579 7596/7596 7594/7594
f 7598/7598 7577/7577 7592/7592
f 7592/7592 7577/7577 7589/7589
f 4451/4451 4454/4454 4456/4456
f 8337/8337 8329/8329 8302/8302
f 8337/8337 8302/8302 8303/8303
f 8294/8294 8293/8293 8291/8291
f 8293/8293 8292/8292 8291/8291
f 694/694 693/693 692/692
f 6824/6824 6820/6820 6822/6822
f 6820/6820 6821/6821 6822/6822
f 6822/6822 6821/6821 6823/6823
f 7571/7571 7548/7548 7615/7615
f 8329/8329 8307/8307 8302/8302
f 7548/7548 7533/7533 7611/7611
f 7611/7611 7533/7533 7602/7602
f 7602/7602 7545/7545 7605/7605
f 7545/7545 7546/7546 7605/7605
f 3974/3974 3976/3976 3989/3989
f 3988/3988 3974/3974 3989/3989
f 5391/5391 5383/5383 5381/5381
f 5391/5391 5381/5381 5382/5382
f 7562/7562 7531/7531 7525/7525
f 8313/8313 8315/8315 8314/8314
f 3960/3960 3962/3962 3963/3963
f 5365/5365 5362/5362 5364/5364
f 3960/3960 3961/3961 3962/3962
f 3962/3962 3961/3961 3972/3972
f 3972/3972 3961/3961 3971/3971
f 3972/3972 3971/3971 3977/3977
f 5362/5362 5361/5361 5360/5360
f 8315/8315 8316/8316 8314/8314
f 7626/7626 7625/7625 7627/7627
f 7623/7623 7624/7624 7625/7625
f 7623/7623 7625/7625 7626/7626
f 8320/8320 8321/8321 8318/8318
f 5662/5662 5663/5663 5661/5661
f 779/779 774/774 778/778
f 5640/5640 5632/5632 5633/5633
f 5633/5633 5631/5631 5658/5658
f 5633/5633 5632/5632 5631/5631
f 5631/5631 5626/5626 5658/5658
f 777/777 787/787 776/776
f 5085/5085 5082/5082 5086/5086
f 5631/5631 5625/5625 5626/5626
f 5631/5631 5628/5628 5625/5625
f 5134/5134 5079/5079 5085/5085
f 777/777 791/791 787/787
f 5082/5082 5075/5075 5170/5170
f 4588/4588 4585/4585 4587/4587
f 4587/4587 4585/4585 4582/4582
f 5625/5625 5627/5627 5470/5470
f 4582/4582 4585/4585 4580/4580
f 2299/2299 2300/2300 2304/2304
f 2300/2300 2306/2306 2304/2304
f 5166/5166 5167/5167 5164/5164
f 4700/4700 4693/4693 4698/4698
f 2309/2309 2312/2312 2300/2300
f 2300/2300 2312/2312 2306/2306
f 5470/5470 5468/5468 5471/5471
f 4692/4692 4693/4693 4700/4700
f 5144/5144 5119/5119 5143/5143
f 4690/4690 4692/4692 4702/4702
f 5154/5154 5147/5147 5153/5153
f 5153/5153 5147/5147 5145/5145
f 4701/4701 4695/4695 4690/4690
f 5158/5158 5157/5157 5156/5156
f 5157/5157 5154/5154 5156/5156
f 5311/5311 5310/5310 5314/5314
f 5109/5109 5111/5111 5118/5118
f 2743/2743 2735/2735 2742/2742
f 6597/6597 6592/6592 6596/6596
f 378/378 379/379 380/380
f 2228/2228 2229/2229 2234/2234
f 2228/2228 2234/2234 2235/2235
f 2234/2234 2239/2239 2235/2235
f 2715/2715 2623/2623 2687/2687
f 2688/2688 2573/2573 2568/2568
f 2565/2565 2564/2564 2560/2560
f 2826/2826 2824/2824 2825/2825
f 2583/2583 2624/2624 2633/2633
f 2832/2832 2834/2834 2831/2831
f 2624/2624 2583/2583 2596/2596
f 2596/2596 2584/2584 2597/2597
f 2837/2837 2840/2840 2838/2838
f 2640/2640 2645/2645 2676/2676
f 8394/8394 8378/8378 8395/8395
f 8394/8394 8379/8379 8378/8378
f 8379/8379 8376/8376 8378/8378
f 8331/8331 8337/8337 8376/8376
f 7579/7579 7578/7578 7597/7597
f 7597/7597 7578/7578 7598/7598
f 7598/7598 7578/7578 7577/7577
f 7577/7577 7552/7552 7576/7576
f 7576/7576 7542/7542 7571/7571
f 692/692 691/691 695/695
f 4451/4451 4452/4452 4453/4453
f 4451/4451 4453/4453 4454/4454
f 8331/8331 8330/8330 8329/8329
f 693/693 690/690 692/692
f 690/690 691/691 692/692
f 8330/8330 8307/8307 8329/8329
f 755/755 768/768 764/764
f 7602/7602 7533/7533 7544/7544
f 767/767 761/761 771/771
f 7590/7590 7547/7547 7562/7562
f 3974/3974 3963/3963 3973/3973
f 3974/3974 3973/3973 3975/3975
f 3973/3973 3972/3972 3975/3975
f 6045/6045 6011/6011 6020/6020
f 3963/3963 3962/3962 3972/3972
f 3963/3963 3972/3972 3973/3973
f 5360/5360 5361/5361 5359/5359
f 5359/5359 5712/5712 5368/5368
f 754/754 780/780 782/782
f 8319/8319 8318/8318 8316/8316
f 6656/6656 6653/6653 6655/6655
f 5661/5661 5730/5730 5632/5632
f 776/776 774/774 775/775
f 776/776 775/775 777/777
f 5632/5632 5630/5630 5631/5631
f 5631/5631 5630/5630 5628/5628
f 5628/5628 5627/5627 5625/5625
f 5079/5079 5075/5075 5082/5082
f 5134/5134 5077/5077 5079/5079
f 5627/5627 5634/5634 5470/5470
f 5170/5170 5172/5172 5167/5167
f 7105/7105 7102/7102 7101/7101
f 4140/4140 4151/4151 4154/4154
f 4693/4693 4697/4697 4698/4698
f 4692/4692 4691/4691 4693/4693
f 4690/4690 4694/4694 4691/4691
f 4690/4690 4691/4691 4692/4692
f 5160/5160 5161/5161 5158/5158
f 5145/5145 5147/5147 5144/5144
f 4695/4695 4696/4696 4694/4694
f 4695/4695 4694/4694 4690/4690
f 5119/5119 5109/5109 5120/5120
f 5109/5109 5108/5108 5111/5111
f 2695/2695 2715/2715 2729/2729
f 6592/6592 6587/6587 6577/6577
f 6577/6577 6587/6587 6534/6534
f 3939/3939 3926/3926 3937/3937
f 2623/2623 2573/2573 2687/2687
f 406/406 409/409 413/413
f 2568/2568 2566/2566 2565/2565
f 2565/2565 2566/2566 2564/2564
f 2584/2584 2598/2598 2597/2597
f 2597/2597 2598/2598 2599/2599
f 2599/2599 2622/2622 2597/2597
f 2622/2622 2640/2640 2650/2650
f 8331/8331 8376/8376 8379/8379
f 7578/7578 7552/7552 7577/7577
f 7576/7576 7552/7552 7542/7542
f 4453/4453 4455/4455 4454/4454
f 6193/6193 6201/6201 6202/6202
f 5959/5959 5960/5960 5961/5961
f 760/760 750/750 764/764
f 764/764 750/750 755/755
f 7546/7546 7528/7528 7547/7547
f 7547/7547 7528/7528 7530/7530
f 7530/7530 7531/7531 7562/7562
f 753/753 770/770 761/761
f 5376/5376 5375/5375 5383/5383
f 5383/5383 5375/5375 5381/5381
f 5375/5375 5379/5379 5381/5381
f 5381/5381 5379/5379 5382/5382
f 5382/5382 5379/5379 5385/5385
f 5382/5382 5385/5385 5365/5365
f 753/753 769/769 770/770
f 5365/5365 5385/5385 5362/5362
f 5362/5362 5385/5385 5388/5388
f 5362/5362 5388/5388 5361/5361
f 754/754 782/782 769/769
f 8056/8056 8057/8057 8058/8058
f 780/780 766/766 779/779
f 6653/6653 6654/6654 6655/6655
f 5663/5663 5664/5664 5661/5661
f 4191/4191 4136/4136 4193/4193
f 766/766 774/774 779/779
f 5632/5632 5730/5730 5729/5729
f 5630/5630 5629/5629 5628/5628
f 5629/5629 5627/5627 5628/5628
f 4140/4140 4152/4152 4134/4134
f 5134/5134 5122/5122 5077/5077
f 5075/5075 5172/5172 5170/5170
f 5634/5634 5469/5469 5470/5470
f 5167/5167 5173/5173 5164/5164
f 5469/5469 5467/5467 5468/5468
f 5470/5470 5469/5469 5468/5468
f 3568/3568 3571/3571 3579/3579
f 5164/5164 5173/5173 5163/5163
f 5164/5164 5163/5163 5160/5160
f 3568/3568 3570/3570 3571/3571
f 5160/5160 5163/5163 5161/5161
f 5144/5144 5110/5110 5119/5119
f 5161/5161 5157/5157 5158/5158
f 5147/5147 5148/5148 5144/5144
f 5314/5314 5315/5315 5323/5323
f 5315/5315 5310/5310 5334/5334
f 3955/3955 3957/3957 3948/3948
f 3948/3948 3957/3957 3956/3956
f 3948/3948 3956/3956 3949/3949
f 3956/3956 3958/3958 3949/3949
f 3994/3994 3997/3997 3993/3993
f 3998/3998 3990/3990 3999/3999
f 3990/3990 3993/3993 3999/3999
f 3992/3992 3994/3994 3993/3993
f 3990/3990 3992/3992 3993/3993
f 2736/2736 2735/2735 2743/2743
f 6595/6595 6596/6596 6594/6594
f 6596/6596 6592/6592 6594/6594
f 2733/2733 2729/2729 2735/2735
f 2733/2733 2664/2664 2729/2729
f 2664/2664 2695/2695 2729/2729
f 6534/6534 6536/6536 6577/6577
f 2634/2634 2715/2715 2695/2695
f 2634/2634 2623/2623 2715/2715
f 6531/6531 6533/6533 6537/6537
f 2564/2564 2558/2558 2560/2560
f 2559/2559 2632/2632 2560/2560
f 2827/2827 2831/2831 2824/2824
f 2633/2633 2559/2559 2583/2583
f 2583/2583 2584/2584 2596/2596
f 2599/2599 2640/2640 2622/2622
f 2645/2645 2646/2646 2651/2651
f 2646/2646 2668/2668 2651/2651
f 7579/7579 7556/7556 7578/7578
f 7556/7556 7552/7552 7578/7578
f 759/759 756/756 760/760
f 5963/5963 5967/5967 5966/5966
f 5966/5966 5967/5967 5968/5968
f 6201/6201 6193/6193 6200/6200
f 7542/7542 7538/7538 7537/7537
f 756/756 750/750 760/760
f 755/755 761/761 767/767
f 5376/5376 5372/5372 5375/5375
f 5669/5669 5667/5667 5359/5359
f 5361/5361 5669/5669 5359/5359
f 5667/5667 5713/5713 5712/5712
f 5675/5675 5664/5664 5663/5663
f 766/766 773/773 774/774
f 774/774 773/773 775/775
f 1712/1712 1709/1709 1711/1711
f 1712/1712 1711/1711 1702/1702
f 5629/5629 5731/5731 5627/5627
f 5627/5627 5465/5465 5635/5635
f 5627/5627 5635/5635 5634/5634
f 5075/5075 5074/5074 5172/5172
f 5122/5122 5076/5076 5077/5077
f 4140/4140 4154/4154 4152/4152
f 5172/5172 5173/5173 5167/5167
f 3518/3518 3516/3516 3515/3515
f 5163/5163 5169/5169 5161/5161
f 5468/5468 5467/5467 5466/5466
f 5161/5161 5169/5169 5162/5162
f 5161/5161 5162/5162 5157/5157
f 5144/5144 5148/5148 5110/5110
f 5149/5149 5147/5147 5154/5154
f 5157/5157 5149/5149 5154/5154
f 5110/5110 5109/5109 5119/5119
f 3950/3950 3949/3949 3952/3952
f 3949/3949 3959/3959 3952/3952
f 5310/5310 5336/5336 5335/5335
f 5310/5310 5335/5335 5334/5334
f 3998/3998 3995/3995 3990/3990
f 3995/3995 3991/3991 3990/3990
f 3990/3990 3991/3991 3992/3992
f 2736/2736 2733/2733 2735/2735
f 6594/6594 6592/6592 6564/6564
f 6564/6564 6592/6592 6577/6577
f 2664/2664 2635/2635 2695/2695
f 6577/6577 6536/6536 6573/6573
f 6534/6534 6531/6531 6536/6536
f 6550/6550 6551/6551 6537/6537
f 2567/2567 2564/2564 2566/2566
f 2564/2564 2567/2567 2558/2558
f 2820/2820 2825/2825 2824/2824
f 2558/2558 2559/2559 2560/2560
f 2840/2840 2848/2848 2849/2849
f 2599/2599 2642/2642 2640/2640
f 870/870 857/857 856/856
f 7556/7556 7557/7557 7541/7541
f 6203/6203 6217/6217 6228/6228
f 7552/7552 7541/7541 7538/7538
f 7541/7541 7539/7539 7538/7538
f 6200/6200 6199/6199 6203/6203
f 6193/6193 6199/6199 6200/6200
f 6193/6193 6178/6178 6177/6177
f 734/734 732/732 750/750
f 755/755 732/732 730/730
f 7513/7513 7517/7517 7530/7530
f 7048/7048 7051/7051 6990/6990
f 6027/6027 6025/6025 6015/6015
f 753/753 754/754 769/769
f 6014/6014 6027/6027 6015/6015
f 5388/5388 5669/5669 5361/5361
f 6017/6017 6033/6033 6026/6026
f 5667/5667 5673/5673 5713/5713
f 5667/5667 5665/5665 5673/5673
f 757/757 780/780 754/754
f 757/757 766/766 780/780
f 766/766 772/772 773/773
f 5664/5664 5414/5414 5413/5413
f 5413/5413 5410/5410 5434/5434
f 4136/4136 4153/4153 4194/4194
f 6647/6647 6646/6646 6648/6648
f 5074/5074 5174/5174 5172/5172
f 3750/3750 3749/3749 3751/3751
f 5122/5122 5091/5091 5076/5076
f 5172/5172 5174/5174 5173/5173
f 5173/5173 5175/5175 5163/5163
f 5148/5148 5100/5100 5110/5110
f 3570/3570 3572/3572 3571/3571
f 5162/5162 5149/5149 5157/5157
f 5147/5147 5149/5149 5148/5148
f 3995/3995 3996/3996 3991/3991
f 6622/6622 6624/6624 6625/6625
f 5108/5108 5112/5112 5111/5111
f 5111/5111 5112/5112 5117/5117
f 6595/6595 6594/6594 6563/6563
f 6594/6594 6564/6564 6563/6563
f 6564/6564 6577/6577 6556/6556
f 6577/6577 6573/6573 6556/6556
f 6537/6537 6538/6538 6531/6531
f 2574/2574 2573/2573 2623/2623
f 2573/2573 2572/2572 2568/2568
f 6551/6551 6540/6540 6537/6537
f 2568/2568 2571/2571 2566/2566
f 6544/6544 6545/6545 6543/6543
f 2566/2566 2571/2571 2567/2567
f 2821/2821 2820/2820 2822/2822
f 2820/2820 2824/2824 2823/2823
f 2559/2559 2570/2570 2583/2583
f 2834/2834 2838/2838 2904/2904
f 2598/2598 2629/2629 2599/2599
f 2642/2642 2643/2643 2640/2640
f 2643/2643 2645/2645 2640/2640
f 2784/2784 2910/2910 2848/2848
f 2811/2811 2784/2784 2848/2848
f 2811/2811 2783/2783 2784/2784
f 740/740 750/750 756/756
f 740/740 734/734 750/750
f 6177/6177 6192/6192 6193/6193
f 4182/4182 4173/4173 4181/4181
f 728/728 725/725 753/753
f 5379/5379 5384/5384 5385/5385
f 725/725 754/754 753/753
f 754/754 722/722 727/727
f 5669/5669 5666/5666 5667/5667
f 754/754 727/727 757/757
f 5666/5666 5665/5665 5667/5667
f 7393/7393 7390/7390 7392/7392
f 757/757 758/758 766/766
f 5717/5717 5412/5412 5414/5414
f 5414/5414 5412/5412 5413/5413
f 5413/5413 5412/5412 5410/5410
f 1709/1709 1710/1710 1703/1703
f 5410/5410 5409/5409 5434/5434
f 5434/5434 5409/5409 5433/5433
f 5731/5731 5433/5433 5465/5465
f 5465/5465 5725/5725 5635/5635
f 6645/6645 6646/6646 6647/6647
f 5076/5076 5078/5078 5074/5074
f 3750/3750 3744/3744 3749/3749
f 3749/3749 3744/3744 3748/3748
f 5091/5091 5083/5083 5076/5076
f 5173/5173 5174/5174 5175/5175
f 5467/5467 5460/5460 5466/5466
f 5168/5168 5102/5102 5162/5162
f 5169/5169 5168/5168 5162/5162
f 5162/5162 5102/5102 5149/5149
f 5148/5148 5103/5103 5100/5100
f 5100/5100 5109/5109 5110/5110
f 5100/5100 5108/5108 5109/5109
f 5100/5100 5106/5106 5108/5108
f 6622/6622 6623/6623 6624/6624
f 5108/5108 5113/5113 5112/5112
f 2666/2666 2733/2733 2736/2736
f 2666/2666 2664/2664 2733/2733
f 2574/2574 2623/2623 2634/2634
f 6531/6531 6538/6538 6547/6547
f 2572/2572 2573/2573 2574/2574
f 2572/2572 2571/2571 2568/2568
f 6537/6537 6540/6540 6539/6539
f 6539/6539 6540/6540 6541/6541
f 6541/6541 6543/6543 6542/6542
f 2567/2567 2550/2550 2558/2558
f 2558/2558 2551/2551 2559/2559
f 2583/2583 2570/2570 2584/2584
f 2834/2834 2904/2904 2836/2836
f 2584/2584 2615/2615 2618/2618
f 2584/2584 2618/2618 2598/2598
f 2643/2643 2646/2646 2645/2645
f 870/870 869/869 857/857
f 742/742 740/740 759/759
f 6203/6203 6215/6215 6217/6217
f 6177/6177 6180/6180 6192/6192
f 732/732 731/731 730/730
f 5372/5372 5374/5374 5375/5375
f 725/725 722/722 754/754
f 727/727 758/758 757/757
f 7390/7390 7391/7391 7392/7392
f 758/758 772/772 766/766
f 5651/5651 5412/5412 5717/5717
f 772/772 789/789 773/773
f 773/773 789/789 790/790
f 5412/5412 5411/5411 5410/5410
f 1710/1710 1714/1714 1703/1703
f 1709/1709 1703/1703 1700/1700
f 5409/5409 5408/5408 5433/5433
f 1709/1709 1700/1700 1711/1711
f 5433/5433 5408/5408 5435/5435
f 5433/5433 5435/5435 5465/5465
f 1711/1711 1700/1700 1702/1702
f 1702/1702 1700/1700 1701/1701
f 7441/7441 7442/7442 7437/7437
f 7441/7441 7437/7437 7440/7440
f 5174/5174 5074/5074 5088/5088
f 7440/7440 7437/7437 7439/7439
f 3750/3750 3742/3742 3744/3744
f 5175/5175 5168/5168 5169/5169
f 3572/3572 3573/3573 3571/3571
f 5149/5149 5102/5102 5103/5103
f 5149/5149 5103/5103 5148/5148
f 5335/5335 5337/5337 5338/5338
f 5112/5112 5116/5116 5117/5117
f 6593/6593 6595/6595 6563/6563
f 6564/6564 6556/6556 6557/6557
f 2666/2666 2665/2665 2664/2664
f 6553/6553 6547/6547 6549/6549
f 2574/2574 2634/2634 2635/2635
f 6537/6537 6539/6539 6538/6538
f 6541/6541 6542/6542 6539/6539
f 6543/6543 6546/6546 6542/6542
f 2824/2824 2828/2828 2823/2823
f 2550/2550 2551/2551 2558/2558
f 2559/2559 2551/2551 2563/2563
f 2559/2559 2563/2563 2570/2570
f 2570/2570 2614/2614 2584/2584
f 2584/2584 2614/2614 2615/2615
f 2618/2618 2629/2629 2598/2598
f 6192/6192 6204/6204 6199/6199
f 6180/6180 6184/6184 6192/6192
f 731/731 729/729 730/730
f 5377/5377 5373/5373 5372/5372
f 5372/5372 5373/5373 5374/5374
f 5375/5375 5374/5374 5379/5379
f 5669/5669 5670/5670 5668/5668
f 5669/5669 5668/5668 5666/5666
f 5665/5665 5666/5666 5650/5650
f 2089/2089 2095/2095 2091/2091
f 2091/2091 2095/2095 2097/2097
f 2091/2091 2097/2097 2092/2092
f 5665/5665 5650/5650 5652/5652
f 2090/2090 2096/2096 2089/2089
f 2096/2096 2098/2098 2089/2089
f 2089/2089 2098/2098 2095/2095
f 2090/2090 2104/2104 2096/2096
f 2096/2096 2102/2102 2098/2098
f 2098/2098 2101/2101 2095/2095
f 2097/2097 2100/2100 2092/2092
f 2092/2092 2100/2100 2099/2099
f 5652/5652 5650/5650 5651/5651
f 2098/2098 2102/2102 2101/2101
f 2095/2095 2101/2101 2097/2097
f 2101/2101 2100/2100 2097/2097
f 5650/5650 5412/5412 5651/5651
f 1881/1881 1883/1883 1887/1887
f 1887/1887 1883/1883 1885/1885
f 2101/2101 2103/2103 2100/2100
f 1883/1883 1882/1882 1885/1885
f 5411/5411 5406/5406 5410/5410
f 5410/5410 5406/5406 5409/5409
f 5408/5408 5437/5437 5435/5435
f 5430/5430 5428/5428 5480/5480
f 1700/1700 1698/1698 1701/1701
f 5074/5074 5080/5080 5088/5088
f 5088/5088 5090/5090 5174/5174
f 3744/3744 3747/3747 3748/3748
f 5091/5091 5084/5084 5083/5083
f 5174/5174 5090/5090 5175/5175
f 5090/5090 5139/5139 5175/5175
f 5175/5175 5139/5139 5168/5168
f 5168/5168 5139/5139 5140/5140
f 5460/5460 5456/5456 5466/5466
f 5168/5168 5101/5101 5102/5102
f 3572/3572 3574/3574 3573/3573
f 5106/5106 5105/5105 5108/5108
f 5105/5105 5113/5113 5108/5108
f 6590/6590 6593/6593 6565/6565
f 6593/6593 6563/6563 6565/6565
f 2662/2662 2736/2736 2740/2740
f 2662/2662 2666/2666 2736/2736
f 2582/2582 2574/2574 2635/2635
f 2574/2574 2578/2578 2572/2572
f 2572/2572 2575/2575 2571/2571
f 6542/6542 6546/6546 6548/6548
f 2551/2551 2550/2550 2549/2549
f 2831/2831 2835/2835 2828/2828
f 2599/2599 2703/2703 2642/2642
f 2642/2642 2644/2644 2643/2643
f 745/745 744/744 742/742
f 2784/2784 2783/2783 2782/2782
f 6199/6199 6209/6209 6215/6215
f 736/736 734/734 740/740
f 736/736 735/735 734/734
f 734/734 735/735 733/733
f 734/734 733/733 732/732
f 732/732 733/733 731/731
f 729/729 728/728 730/730
f 6025/6025 6028/6028 6029/6029
f 5374/5374 5380/5380 5379/5379
f 5379/5379 5380/5380 5384/5384
f 5384/5384 5387/5387 5385/5385
f 5385/5385 5387/5387 5388/5388
f 5388/5388 5670/5670 5669/5669
f 722/722 720/720 727/727
f 2084/2084 2089/2089 2087/2087
f 2087/2087 2089/2089 2091/2091
f 2092/2092 2099/2099 2093/2093
f 5666/5666 5668/5668 5650/5650
f 2090/2090 2089/2089 2084/2084
f 1884/1884 1877/1877 1880/1880
f 1880/1880 1877/1877 1871/1871
f 1871/1871 1877/1877 1876/1876
f 1880/1880 1871/1871 1881/1881
f 5650/5650 5642/5642 5412/5412
f 1871/1871 1873/1873 1881/1881
f 1881/1881 1873/1873 1883/1883
f 1883/1883 1873/1873 1882/1882
f 5642/5642 5411/5411 5412/5412
f 1714/1714 1713/1713 1703/1703
f 5409/5409 5406/5406 5408/5408
f 5408/5408 5415/5415 5437/5437
f 1701/1701 1704/1704 1720/1720
f 5080/5080 5078/5078 5081/5081
f 7438/7438 7443/7443 7439/7439
f 7437/7437 7438/7438 7439/7439
f 3742/3742 3743/3743 3744/3744
f 5083/5083 5084/5084 5078/5078
f 5078/5078 5084/5084 5081/5081
f 5140/5140 5101/5101 5168/5168
f 3573/3573 3575/3575 3586/3586
f 5102/5102 5097/5097 5103/5103
f 5097/5097 5100/5100 5103/5103
f 3320/3320 3316/3316 3321/3321
f 3320/3320 3319/3319 3316/3316
f 3320/3320 3325/3325 3319/3319
f 3325/3325 3331/3331 3319/3319
f 2744/2744 2739/2739 2740/2740
f 2739/2739 2663/2663 2740/2740
f 2663/2663 2662/2662 2740/2740
f 2666/2666 2662/2662 2600/2600
f 6563/6563 6557/6557 6558/6558
f 6547/6547 6538/6538 6549/6549
f 6538/6538 6539/6539 6488/6488
f 2575/2575 2569/2569 2571/2571
f 2571/2571 2552/2552 2567/2567
f 2593/2593 2570/2570 2563/2563
f 2570/2570 2608/2608 2614/2614
f 2599/2599 2629/2629 2703/2703
f 2642/2642 2703/2703 2712/2712
f 6199/6199 6204/6204 6209/6209
f 7510/7510 7532/7532 7512/7512
f 6208/6208 6204/6204 6192/6192
f 6184/6184 6208/6208 6192/6192
f 7512/7512 7527/7527 7514/7514
f 729/729 726/726 728/728
f 728/728 726/726 725/725
f 5388/5388 5671/5671 5670/5670
f 5670/5670 5671/5671 5668/5668
f 2077/2077 2087/2087 2086/2086
f 6865/6865 6856/6856 6872/6872
f 5668/5668 5672/5672 5650/5650
f 1871/1871 1876/1876 1872/1872
f 1882/1882 1873/1873 1878/1878
f 5642/5642 5406/5406 5411/5411
f 5406/5406 5407/5407 5408/5408
f 5408/5408 5407/5407 5415/5415
f 5415/5415 5416/5416 5430/5430
f 5428/5428 5427/5427 5432/5432
f 5279/5279 5291/5291 5285/5285
f 5081/5081 5090/5090 5088/5088
f 3742/3742 3745/3745 3743/3743
f 5081/5081 5089/5089 5090/5090
f 3744/3744 3743/3743 3746/3746
f 3744/3744 3746/3746 3747/3747
f 5460/5460 5459/5459 5456/5456
f 5091/5091 5096/5096 5084/5084
f 5101/5101 5097/5097 5102/5102
f 3326/3326 3321/3321 3324/3324
f 3574/3574 3575/3575 3573/3573
f 3321/3321 3316/3316 3324/3324
f 5097/5097 5099/5099 5100/5100
f 5100/5100 5099/5099 5106/5106
f 3316/3316 3319/3319 3317/3317
f 3316/3316 3317/3317 3318/3318
f 3330/3330 3328/3328 3319/3319
f 3319/3319 3328/3328 3317/3317
f 3319/3319 3331/3331 3330/3330
f 5113/5113 5114/5114 5112/5112
f 5112/5112 5114/5114 5116/5116
f 2745/2745 2739/2739 2744/2744
f 6563/6563 6562/6562 6565/6565
f 6563/6563 6558/6558 6562/6562
f 2600/2600 2665/2665 2666/2666
f 2579/2579 2578/2578 2574/2574
f 6549/6549 6538/6538 6489/6489
f 2572/2572 2578/2578 2575/2575
f 2571/2571 2569/2569 2552/2552
f 2567/2567 2552/2552 2550/2550
f 2550/2550 2547/2547 2549/2549
f 2551/2551 2549/2549 2563/2563
f 2570/2570 2593/2593 2608/2608
f 2618/2618 2628/2628 2629/2629
f 2703/2703 2704/2704 2712/2712
f 765/765 749/749 744/744
f 744/744 741/741 742/742
f 714/714 729/729 731/731
f 6041/6041 6037/6037 6040/6040
f 6041/6041 6040/6040 6044/6044
f 5396/5396 5394/5394 5374/5374
f 5394/5394 5392/5392 5380/5380
f 5380/5380 5392/5392 5386/5386
f 5380/5380 5386/5386 5384/5384
f 5386/5386 5390/5390 5384/5384
f 5384/5384 5390/5390 5389/5389
f 5384/5384 5389/5389 5387/5387
f 709/709 713/713 722/722
f 5387/5387 5671/5671 5388/5388
f 720/720 717/717 719/719
f 4005/4005 4001/4001 4006/4006
f 4006/4006 4007/4007 4005/4005
f 4006/4006 4012/4012 4007/4007
f 4007/4007 4012/4012 4014/4014
f 1884/1884 1890/1890 1877/1877
f 1877/1877 1890/1890 1876/1876
f 1871/1871 1872/1872 1873/1873
f 4020/4020 4024/4024 4027/4027
f 1703/1703 1699/1699 1700/1700
f 5407/5407 5416/5416 5415/5415
f 5430/5430 5416/5416 5428/5428
f 1701/1701 1698/1698 1704/1704
f 5291/5291 5286/5286 5285/5285
f 5459/5459 5721/5721 5461/5461
f 3586/3586 3581/3581 3585/3585
f 1720/1720 1704/1704 1743/1743
f 5089/5089 5139/5139 5090/5090
f 5459/5459 5458/5458 5456/5456
f 6437/6437 6408/6408 6419/6419
f 5084/5084 5087/5087 5081/5081
f 5081/5081 5087/5087 5089/5089
f 5089/5089 5087/5087 5093/5093
f 5089/5089 5093/5093 5139/5139
f 5093/5093 5140/5140 5139/5139
f 5084/5084 5096/5096 5092/5092
f 5084/5084 5092/5092 5087/5087
f 5456/5456 5454/5454 5455/5455
f 5093/5093 5101/5101 5140/5140
f 5454/5454 5441/5441 5455/5455
f 5093/5093 5097/5097 5101/5101
f 5942/5942 5952/5952 5943/5943
f 5954/5954 5948/5948 5946/5946
f 5943/5943 5954/5954 5946/5946
f 3318/3318 3317/3317 3322/3322
f 3317/3317 3323/3323 3322/3322
f 5099/5099 5105/5105 5106/5106
f 3328/3328 3329/3329 3317/3317
f 3317/3317 3329/3329 3323/3323
f 3330/3330 3331/3331 3332/3332
f 3330/3330 3332/3332 3328/3328
f 4121/4121 4120/4120 4117/4117
f 4123/4123 4120/4120 4121/4121
f 6588/6588 6565/6565 6567/6567
f 6588/6588 6590/6590 6565/6565
f 6565/6565 6562/6562 6566/6566
f 2663/2663 2591/2591 2662/2662
f 6558/6558 6557/6557 6555/6555
f 2600/2600 2582/2582 2665/2665
f 6553/6553 6549/6549 6552/6552
f 6489/6489 6538/6538 6488/6488
f 6488/6488 6539/6539 6495/6495
f 2569/2569 2554/2554 2552/2552
f 2552/2552 2547/2547 2550/2550
f 2549/2549 2592/2592 2563/2563
f 2563/2563 2592/2592 2593/2593
f 2614/2614 2616/2616 2615/2615
f 2615/2615 2616/2616 2618/2618
f 2616/2616 2628/2628 2618/2618
f 2628/2628 2700/2700 2629/2629
f 744/744 749/749 746/746
f 741/741 736/736 740/740
f 733/733 714/714 731/731
f 6037/6037 6039/6039 6040/6040
f 6035/6035 6034/6034 6037/6037
f 713/713 717/717 722/722
f 4002/4002 4001/4001 4005/4005
f 4001/4001 4008/4008 4006/4006
f 2080/2080 2078/2078 2085/2085
f 4013/4013 4014/4014 4012/4012
f 6856/6856 6851/6851 6854/6854
f 4014/4014 4015/4015 4018/4018
f 4015/4015 4020/4020 4018/4018
f 1873/1873 1875/1875 1878/1878
f 4015/4015 4024/4024 4020/4020
f 1713/1713 1707/1707 1703/1703
f 4024/4024 4028/4028 4027/4027
f 1703/1703 1707/1707 1699/1699
f 1700/1700 1699/1699 1698/1698
f 5720/5720 5427/5427 5461/5461
f 5459/5459 5461/5461 5458/5458
f 5456/5456 5458/5458 5454/5454
f 5087/5087 5094/5094 5093/5093
f 5093/5093 5094/5094 5097/5097
f 5943/5943 5946/5946 5945/5945
f 3574/3574 3576/3576 3575/3575
f 5094/5094 5095/5095 5097/5097
f 5946/5946 5948/5948 5947/5947
f 5097/5097 5098/5098 5099/5099
f 3322/3322 3323/3323 3327/3327
f 3323/3323 3334/3334 3327/3327
f 3323/3323 3329/3329 3334/3334
f 4119/4119 4111/4111 4113/4113
f 4118/4118 4110/4110 4119/4119
f 4119/4119 4110/4110 4111/4111
f 4120/4120 4114/4114 4117/4117
f 4117/4117 4110/4110 4118/4118
f 4117/4117 4114/4114 4110/4110
f 5105/5105 5115/5115 5113/5113
f 5115/5115 5114/5114 5113/5113
f 2746/2746 2667/2667 2739/2739
f 2746/2746 2739/2739 2745/2745
f 2667/2667 2663/2663 2739/2739
f 6567/6567 6565/6565 6566/6566
f 2591/2591 2600/2600 2662/2662
f 2600/2600 2587/2587 2579/2579
f 2600/2600 2579/2579 2582/2582
f 2579/2579 2580/2580 2578/2578
f 2916/2916 2908/2908 2915/2915
f 2569/2569 2561/2561 2554/2554
f 746/746 741/741 744/744
f 6204/6204 6218/6218 6209/6209
f 6195/6195 6208/6208 6184/6184
f 5401/5401 5393/5393 5392/5392
f 5392/5392 5393/5393 5386/5386
f 4004/4004 4001/4001 4003/4003
f 4003/4003 4001/4001 4000/4000
f 4000/4000 4001/4001 4002/4002
f 4004/4004 4008/4008 4001/4001
f 4008/4008 4009/4009 4006/4006
f 4006/4006 4009/4009 4012/4012
f 4009/4009 4013/4013 4012/4012
f 4013/4013 4015/4015 4014/4014
f 1876/1876 1890/1890 1888/1888
f 1876/1876 1888/1888 1879/1879
f 1876/1876 1879/1879 1872/1872
f 1872/1872 1874/1874 1873/1873
f 1873/1873 1874/1874 1875/1875
f 4015/4015 4026/4026 4024/4024
f 4028/4028 4034/4034 4027/4027
f 5416/5416 5424/5424 5427/5427
f 5428/5428 5416/5416 5427/5427
f 5427/5427 5462/5462 5461/5461
f 5461/5461 5462/5462 5458/5458
f 6419/6419 6408/6408 6413/6413
f 5087/5087 5092/5092 5094/5094
f 5092/5092 5095/5095 5094/5094
f 5095/5095 5098/5098 5097/5097
f 5104/5104 5099/5099 5098/5098
f 5104/5104 5105/5105 5099/5099
f 4114/4114 4108/4108 4110/4110
f 4576/4576 4572/4572 4571/4571
f 4571/4571 4572/4572 4573/4573
f 5152/5152 5116/5116 5151/5151
f 4572/4572 4577/4577 4575/4575
f 4577/4577 4578/4578 4575/4575
f 4572/4572 4575/4575 4574/4574
f 4572/4572 4574/4574 4573/4573
f 6558/6558 6555/6555 6559/6559
f 2590/2590 2600/2600 2591/2591
f 2590/2590 2587/2587 2600/2600
f 2579/2579 2586/2586 2580/2580
f 2578/2578 2581/2581 2575/2575
f 2569/2569 2575/2575 2561/2561
f 2916/2916 2915/2915 2917/2917
f 2554/2554 2553/2553 2552/2552
f 2547/2547 2548/2548 2549/2549
f 2616/2616 2617/2617 2628/2628
f 2628/2628 2699/2699 2700/2700
f 2629/2629 2702/2702 2703/2703
f 781/781 748/748 749/749
f 749/749 748/748 746/746
f 2788/2788 2782/2782 2781/2781
f 738/738 735/735 736/736
f 2790/2790 2786/2786 2791/2791
f 6216/6216 6218/6218 6204/6204
f 723/723 714/714 733/733
f 6198/6198 6213/6213 6195/6195
f 6205/6205 6214/6214 6198/6198
f 7952/7952 7953/7953 7954/7954
f 7155/7155 7153/7153 7156/7156
f 7156/7156 7153/7153 7163/7163
f 7153/7153 7146/7146 7163/7163
f 4011/4011 4004/4004 4003/4003
f 713/713 716/716 717/717
f 4011/4011 4010/4010 4004/4004
f 4010/4010 4008/4008 4004/4004
f 717/717 718/718 719/719
f 4009/4009 4016/4016 4013/4013
f 4013/4013 4019/4019 4015/4015
f 1872/1872 1879/1879 1874/1874
f 4024/4024 4026/4026 4028/4028
f 1699/1699 1689/1689 1698/1698
f 3583/3583 3590/3590 3589/3589
f 1698/1698 1697/1697 1704/1704
f 1697/1697 1715/1715 1704/1704
f 5427/5427 5464/5464 5462/5462
f 7487/7487 7484/7484 7488/7488
f 7484/7484 7486/7486 7488/7488
f 7486/7486 7489/7489 7488/7488
f 6408/6408 6405/6405 6413/6413
f 7484/7484 7485/7485 7486/7486
f 5205/5205 5206/5206 5207/5207
f 5206/5206 5208/5208 5207/5207
f 5454/5454 5453/5453 5441/5441
f 2422/2422 2409/2409 2410/2410
f 4110/4110 4109/4109 4111/4111
f 4108/4108 4115/4115 4109/4109
f 4108/4108 4109/4109 4110/4110
f 6774/6774 6772/6772 6773/6773
f 6773/6773 6772/6772 6769/6769
f 5114/5114 5136/5136 5116/5116
f 2747/2747 2756/2756 2731/2731
f 2731/2731 2746/2746 2747/2747
f 6589/6589 6567/6567 6580/6580
f 2627/2627 2667/2667 2731/2731
f 2731/2731 2667/2667 2746/2746
f 2627/2627 2620/2620 2667/2667
f 2620/2620 2663/2663 2667/2667
f 2620/2620 2591/2591 2663/2663
f 2620/2620 2621/2621 2591/2591
f 6558/6558 6559/6559 6561/6561
f 2587/2587 2586/2586 2579/2579
f 2575/2575 2576/2576 2561/2561
f 2553/2553 2547/2547 2552/2552
f 2592/2592 2601/2601 2593/2593
f 2608/2608 2602/2602 2614/2614
f 2614/2614 2617/2617 2616/2616
f 2700/2700 2702/2702 2629/2629
f 2702/2702 2704/2704 2703/2703
f 2786/2786 2787/2787 2781/2781
f 6216/6216 6204/6204 6208/6208
f 6195/6195 6213/6213 6208/6208
f 6219/6219 6213/6213 6214/6214
f 6214/6214 6213/6213 6198/6198
f 714/714 706/706 709/709
f 714/714 709/709 726/726
f 5401/5401 5402/5402 5393/5393
f 7155/7155 7154/7154 7153/7153
f 7144/7144 7157/7157 7146/7146
f 4010/4010 4023/4023 4008/4008
f 4023/4023 4022/4022 4008/4008
f 4008/4008 4022/4022 4017/4017
f 4008/4008 4017/4017 4009/4009
f 4017/4017 4016/4016 4009/4009
f 4016/4016 4019/4019 4013/4013
f 1888/1888 1889/1889 1879/1879
f 4015/4015 4019/4019 4026/4026
f 1707/1707 1706/1706 1699/1699
f 4026/4026 4029/4029 4028/4028
f 4034/4034 4028/4028 4035/4035
f 5407/5407 5417/5417 5416/5416
f 5424/5424 5429/5429 5427/5427
f 5427/5427 5429/5429 5464/5464
f 3581/3581 3582/3582 3583/3583
f 5740/5740 5739/5739 5744/5744
f 1704/1704 1724/1724 1743/1743
f 7483/7483 7485/7485 7484/7484
f 7482/7482 7483/7483 7484/7484
f 5209/5209 5211/5211 5206/5206
f 5209/5209 5206/5206 5205/5205
f 6413/6413 6405/6405 6403/6403
f 5092/5092 5127/5127 5095/5095
f 5107/5107 5098/5098 5095/5095
f 5098/5098 5107/5107 5104/5104
f 4112/4112 4122/4122 4126/4126
f 4109/4109 4122/4122 4112/4112
f 6424/6424 6381/6381 6425/6425
f 4125/4125 4116/4116 4115/4115
f 4115/4115 4116/4116 4109/4109
f 5115/5115 5124/5124 5114/5114
f 6774/6774 6777/6777 6772/6772
f 6777/6777 6771/6771 6772/6772
f 4418/4418 4416/4416 4414/4414
f 6554/6554 6484/6484 6482/6482
f 2580/2580 2581/2581 2578/2578
f 2581/2581 2577/2577 2575/2575
f 2575/2575 2577/2577 2576/2576
f 2576/2576 2557/2557 2561/2561
f 2561/2561 2557/2557 2554/2554
f 2549/2549 2548/2548 2592/2592
f 2592/2592 2605/2605 2601/2601
f 2601/2601 2602/2602 2593/2593
f 2593/2593 2602/2602 2608/2608
f 2602/2602 2617/2617 2614/2614
f 723/723 733/733 737/737
f 6213/6213 6216/6216 6208/6208
f 706/706 714/714 723/723
f 7154/7154 7145/7145 7153/7153
f 7153/7153 7145/7145 7146/7146
f 7146/7146 7145/7145 7144/7144
f 716/716 718/718 717/717
f 7144/7144 7143/7143 7157/7157
f 7143/7143 7151/7151 7157/7157
f 4017/4017 4022/4022 4021/4021
f 4017/4017 4021/4021 4016/4016
f 4021/4021 4025/4025 4016/4016
f 4025/4025 4019/4019 4016/4016
f 4025/4025 4026/4026 4019/4019
f 1889/1889 1886/1886 1879/1879
f 1879/1879 1886/1886 1874/1874
f 4026/4026 4031/4031 4029/4029
f 1689/1689 1697/1697 1698/1698
f 5416/5416 5417/5417 5424/5424
f 3582/3582 3584/3584 3583/3583
f 1704/1704 1715/1715 1724/1724
f 5211/5211 5213/5213 5206/5206
f 5206/5206 5210/5210 5208/5208
f 5453/5453 5438/5438 5441/5441
f 5095/5095 5127/5127 5107/5107
f 6401/6401 6390/6390 6424/6424
f 6390/6390 6381/6381 6424/6424
f 6425/6425 6381/6381 6426/6426
f 6381/6381 6388/6388 6426/6426
f 5124/5124 5135/5135 5114/5114
f 5114/5114 5135/5135 5136/5136
f 2648/2648 2627/2627 2731/2731
f 2648/2648 2625/2625 2627/2627
f 2621/2621 2522/2522 2591/2591
f 6485/6485 6488/6488 6487/6487
f 2557/2557 2556/2556 2554/2554
f 2554/2554 2545/2545 2553/2553
f 2547/2547 2546/2546 2548/2548
f 2592/2592 2548/2548 2605/2605
f 2602/2602 2613/2613 2617/2617
f 2617/2617 2619/2619 2628/2628
f 2628/2628 2619/2619 2699/2699
f 2699/2699 2701/2701 2700/2700
f 748/748 751/751 747/747
f 746/746 747/747 741/741
f 741/741 739/739 736/736
f 736/736 739/739 738/738
f 4226/4226 4217/4217 4223/4223
f 709/709 706/706 708/708
f 7145/7145 7139/7139 7144/7144
f 1693/1693 1676/1676 1685/1685
f 1708/1708 1705/1705 1706/1706
f 4026/4026 4030/4030 4031/4031
f 1706/1706 1705/1705 1699/1699
f 1699/1699 1705/1705 1689/1689
f 4029/4029 4035/4035 4028/4028
f 5407/5407 5555/5555 5418/5418
f 5407/5407 5418/5418 5417/5417
f 5213/5213 5214/5214 5206/5206
f 5206/5206 5214/5214 5210/5210
f 5210/5210 5214/5214 5212/5212
f 5210/5210 5212/5212 5208/5208
f 5554/5554 5438/5438 5453/5453
f 6405/6405 6404/6404 6403/6403
f 5438/5438 5440/5440 5441/5441
f 6404/6404 6402/6402 6403/6403
f 3578/3578 3577/3577 3576/3576
f 6403/6403 6402/6402 6401/6401
f 2722/2722 2731/2731 2741/2741
f 2741/2741 2731/2731 2756/2756
f 6581/6581 6580/6580 6569/6569
f 6572/6572 6581/6581 6569/6569
f 2722/2722 2648/2648 2731/2731
f 2722/2722 2674/2674 2648/2648
f 2648/2648 2647/2647 2625/2625
f 6576/6576 6561/6561 6474/6474
f 2522/2522 2589/2589 2591/2591
f 2591/2591 2589/2589 2590/2590
f 2590/2590 2589/2589 2587/2587
f 6554/6554 6482/6482 6560/6560
f 2586/2586 2587/2587 2516/2516
f 6484/6484 6485/6485 6483/6483
f 2555/2555 2545/2545 2554/2554
f 2545/2545 2546/2546 2547/2547
f 2548/2548 2562/2562 2605/2605
f 2619/2619 2714/2714 2699/2699
f 2714/2714 2701/2701 2699/2699
f 2700/2700 2701/2701 2702/2702
f 2701/2701 2706/2706 2702/2702
f 747/747 743/743 741/741
f 741/741 743/743 739/739
f 737/737 738/738 724/724
f 737/737 724/724 723/723
f 6216/6216 6221/6221 6218/6218
f 723/723 707/707 706/706
f 6213/6213 6220/6220 6216/6216
f 6219/6219 6226/6226 6213/6213
f 6226/6226 6225/6225 6213/6213
f 709/709 712/712 713/713
f 7144/7144 7139/7139 7136/7136
f 7144/7144 7136/7136 7143/7143
f 1690/1690 1676/1676 1693/1693
f 7143/7143 7141/7141 7151/7151
f 7148/7148 7158/7158 7151/7151
f 7151/7151 7158/7158 7161/7161
f 5693/5693 5684/5684 5700/5700
f 4025/4025 4030/4030 4026/4026
f 4030/4030 4032/4032 4031/4031
f 4030/4030 4033/4033 4032/4032
f 4033/4033 4035/4035 4029/4029
f 5555/5555 5553/5553 5418/5418
f 5424/5424 5422/5422 5429/5429
f 6401/6401 6391/6391 6390/6390
f 6378/6378 6377/6377 6381/6381
f 6381/6381 6377/6377 6388/6388
f 6410/6410 6389/6389 6411/6411
f 6410/6410 6411/6411 6423/6423
f 4415/4415 4410/4410 4416/4416
f 6579/6579 6584/6584 6572/6572
f 6572/6572 6569/6569 6571/6571
f 2674/2674 2647/2647 2648/2648
f 2625/2625 2626/2626 2534/2534
f 2625/2625 2534/2534 2620/2620
f 2620/2620 2534/2534 2531/2531
f 2531/2531 2621/2621 2620/2620
f 2621/2621 2530/2530 2522/2522
f 2589/2589 2588/2588 2587/2587
f 6560/6560 6482/6482 6480/6480
f 2519/2519 2516/2516 2587/2587
f 2516/2516 2513/2513 2586/2586
f 2586/2586 2513/2513 2580/2580
f 6901/6901 6902/6902 6903/6903
f 2749/2749 2557/2557 2576/2576
f 2555/2555 2554/2554 2556/2556
f 2545/2545 2543/2543 2546/2546
f 2546/2546 2562/2562 2548/2548
f 2605/2605 2603/2603 2601/2601
f 2601/2601 2603/2603 2602/2602
f 2613/2613 2619/2619 2617/2617
f 739/739 762/762 738/738
f 6216/6216 6222/6222 6221/6221
f 707/707 703/703 706/706
f 6213/6213 6225/6225 6220/6220
f 709/709 711/711 712/712
f 712/712 715/715 713/713
f 7136/7136 7141/7141 7143/7143
f 7151/7151 7141/7141 7148/7148
f 5692/5692 5687/5687 5685/5685
f 5692/5692 5685/5685 5693/5693
f 5685/5685 5684/5684 5693/5693
f 6850/6850 6845/6845 6849/6849
f 5700/5700 5684/5684 5682/5682
f 1748/1748 1745/1745 1708/1708
f 5700/5700 5682/5682 5680/5680
f 5424/5424 5417/5417 5422/5422
f 6408/6408 6399/6399 6405/6405
f 5426/5426 5438/5438 5554/5554
f 6405/6405 6399/6399 6404/6404
f 6404/6404 6394/6394 6402/6402
f 6402/6402 6393/6393 6391/6391
f 6391/6391 6383/6383 6390/6390
f 6390/6390 6383/6383 6381/6381
f 6383/6383 6378/6378 6381/6381
f 6388/6388 6377/6377 6389/6389
f 6388/6388 6389/6389 6410/6410
f 6591/6591 6579/6579 6574/6574
f 6591/6591 6584/6584 6579/6579
f 6574/6574 6579/6579 6572/6572
f 2679/2679 2722/2722 2738/2738
f 2680/2680 2679/2679 2738/2738
f 2738/2738 2722/2722 2741/2741
f 2679/2679 2674/2674 2722/2722
f 2679/2679 2675/2675 2674/2674
f 2675/2675 2647/2647 2674/2674
f 6571/6571 6570/6570 6470/6470
f 2647/2647 2630/2630 2625/2625
f 2630/2630 2626/2626 2625/2625
f 2621/2621 2531/2531 2530/2530
f 2588/2588 2519/2519 2587/2587
f 2594/2594 2577/2577 2581/2581
f 6894/6894 6902/6902 6901/6901
f 6904/6904 6902/6902 6894/6894
f 2750/2750 2748/2748 2749/2749
f 2748/2748 2557/2557 2749/2749
f 2748/2748 2556/2556 2557/2557
f 2555/2555 2542/2542 2545/2545
f 2562/2562 2607/2607 2605/2605
f 2602/2602 2604/2604 2613/2613
f 2613/2613 2612/2612 2619/2619
f 2714/2714 2710/2710 2701/2701
f 2702/2702 2705/2705 2704/2704
f 748/748 702/702 751/751
f 793/793 739/739 792/792
f 792/792 739/739 743/743
f 793/793 762/762 739/739
f 2787/2787 2790/2790 2789/2789
f 2006/2006 2005/2005 2007/2007
f 703/703 705/705 706/706
f 1676/1676 1674/1674 1685/1685
f 1685/1685 1674/1674 1684/1684
f 1684/1684 1671/1671 1740/1740
f 6849/6849 6845/6845 6844/6844
f 5682/5682 5679/5679 5680/5680
f 1745/1745 1736/1736 1705/1705
f 5680/5680 5679/5679 5678/5678
f 1705/1705 1688/1688 1689/1689
f 5555/5555 5678/5678 5553/5553
f 5417/5417 5420/5420 5422/5422
f 6408/6408 6418/6418 6407/6407
f 5422/5422 5420/5420 5423/5423
f 5422/5422 5423/5423 5425/5425
f 6408/6408 6407/6407 6399/6399
f 5425/5425 5423/5423 5426/5426
f 5426/5426 5436/5436 5438/5438
f 6399/6399 6394/6394 6404/6404
f 6394/6394 6393/6393 6402/6402
f 6391/6391 6393/6393 6383/6383
f 6801/6801 6817/6817 6813/6813
f 6817/6817 6818/6818 6813/6813
f 4352/4352 4351/4351 4356/4356
f 7374/7374 7377/7377 7379/7379
f 6578/6578 6591/6591 6574/6574
f 2675/2675 2679/2679 2680/2680
f 2691/2691 2675/2675 2680/2680
f 2675/2675 2630/2630 2647/2647
f 6570/6570 6575/6575 6478/6478
f 6575/6575 6576/6576 6473/6473
f 2588/2588 2698/2698 2519/2519
f 2518/2518 2516/2516 2519/2519
f 2514/2514 2515/2515 2518/2518
f 2518/2518 2515/2515 2516/2516
f 2514/2514 2512/2512 2515/2515
f 2512/2512 2513/2513 2515/2515
f 2515/2515 2513/2513 2516/2516
f 2513/2513 2585/2585 2580/2580
f 2580/2580 2585/2585 2581/2581
f 2581/2581 2585/2585 2594/2594
f 6894/6894 6901/6901 6897/6897
f 6895/6895 6899/6899 6904/6904
f 6895/6895 6904/6904 6894/6894
f 2750/2750 2751/2751 2748/2748
f 2748/2748 2555/2555 2556/2556
f 2543/2543 2542/2542 2539/2539
f 2543/2543 2544/2544 2546/2546
f 7082/7082 7083/7083 7081/7081
f 2757/2757 2607/2607 2562/2562
f 2607/2607 2606/2606 2605/2605
f 2605/2605 2606/2606 2603/2603
f 2603/2603 2604/2604 2602/2602
f 2612/2612 2613/2613 2604/2604
f 3166/3166 3168/3168 3167/3167
f 3166/3166 3167/3167 3165/3165
f 2763/2763 2714/2714 2762/2762
f 2762/2762 2714/2714 2619/2619
f 2701/2701 2710/2710 2706/2706
f 2702/2702 2706/2706 2705/2705
f 792/792 743/743 747/747
f 4292/4292 4294/4294 4291/4291
f 795/795 793/793 792/792
f 793/793 794/794 763/763
f 763/763 762/762 793/793
f 738/738 763/763 752/752
f 2008/2008 2002/2002 2006/2006
f 2392/2392 2397/2397 2395/2395
f 2398/2398 2397/2397 2392/2392
f 807/807 808/808 712/712
f 807/807 712/712 711/711
f 7139/7139 7137/7137 7136/7136
f 1674/1674 1669/1669 1684/1684
f 1684/1684 1669/1669 1671/1671
f 5687/5687 5686/5686 5685/5685
f 1671/1671 1725/1725 1740/1740
f 1740/1740 1725/1725 1734/1734
f 1736/1736 1732/1732 1688/1688
f 1688/1688 1682/1682 1689/1689
f 1689/1689 1682/1682 1697/1697
f 5423/5423 5436/5436 5426/5426
f 6399/6399 6395/6395 6394/6394
f 6801/6801 6813/6813 6808/6808
f 6383/6383 6379/6379 6378/6378
f 6813/6813 6818/6818 6814/6814
f 7377/7377 7369/7369 7378/7378
f 7374/7374 7373/7373 7377/7377
f 7377/7377 7373/7373 7369/7369
f 7371/7371 7368/7368 7373/7373
f 7374/7374 7371/7371 7373/7373
f 6377/6377 6376/6376 6389/6389
f 4415/4415 4408/4408 4410/4410
f 6605/6605 6591/6591 6578/6578
f 2693/2693 2680/2680 2718/2718
f 2718/2718 2680/2680 2738/2738
f 2693/2693 2691/2691 2680/2680
f 2691/2691 2681/2681 2675/2675
f 6572/6572 6468/6468 6466/6466
f 2681/2681 2630/2630 2675/2675
f 6570/6570 6478/6478 6470/6470
f 6575/6575 6477/6477 6478/6478
f 2630/2630 2637/2637 2626/2626
f 6575/6575 6473/6473 6477/6477
f 2532/2532 2531/2531 2534/2534
f 2528/2528 2530/2530 2531/2531
f 2514/2514 2508/2508 2505/2505
f 2505/2505 2503/2503 2514/2514
f 2503/2503 2512/2512 2514/2514
f 2503/2503 2500/2500 2512/2512
f 2500/2500 2507/2507 2512/2512
f 2507/2507 2513/2513 2512/2512
f 2513/2513 2511/2511 2585/2585
f 2753/2753 2752/2752 2750/2750
f 2752/2752 2751/2751 2750/2750
f 2748/2748 2775/2775 2542/2542
f 2748/2748 2542/2542 2555/2555
f 2542/2542 2540/2540 2539/2539
f 7076/7076 7081/7081 7078/7078
f 7076/7076 7082/7082 7081/7081
f 2757/2757 2758/2758 2607/2607
f 2758/2758 2606/2606 2607/2607
f 2606/2606 2536/2536 2603/2603
f 2612/2612 2604/2604 2611/2611
f 3163/3163 3168/3168 3166/3166
f 3162/3162 3166/3166 3165/3165
f 3169/3169 3168/3168 3163/3163
f 2766/2766 2764/2764 2762/2762
f 2766/2766 2770/2770 2764/2764
f 2762/2762 2764/2764 2763/2763
f 2763/2763 2764/2764 2714/2714
f 2764/2764 2710/2710 2714/2714
f 788/788 751/751 698/698
f 4293/4293 4295/4295 4294/4294
f 4293/4293 4294/4294 4292/4292
f 796/796 793/793 795/795
f 2788/2788 2793/2793 2792/2792
f 796/796 794/794 793/793
f 2789/2789 2793/2793 2788/2788
f 3785/3785 3786/3786 3780/3780
f 3780/3780 3786/3786 3784/3784
f 3780/3780 3784/3784 3778/3778
f 3788/3788 3786/3786 3785/3785
f 3786/3786 3787/3787 3784/3784
f 2005/2005 2001/2001 2004/2004
f 3788/3788 3787/3787 3786/3786
f 1999/1999 2001/2001 2005/2005
f 2006/2006 2000/2000 2005/2005
f 2399/2399 2398/2398 2392/2392
f 809/809 808/808 807/807
f 808/808 715/715 712/712
f 715/715 721/721 716/716
f 1690/1690 1675/1675 1676/1676
f 5682/5682 5681/5681 5679/5679
f 5678/5678 5679/5679 5657/5657
f 5678/5678 5657/5657 5553/5553
f 5436/5436 5439/5439 5438/5438
f 5438/5438 5439/5439 5440/5440
f 3577/3577 3619/3619 3591/3591
f 6801/6801 6808/6808 6806/6806
f 6380/6380 6379/6379 6383/6383
f 7378/7378 7369/7369 7375/7375
f 7369/7369 7363/7363 7375/7375
f 7373/7373 7368/7368 7369/7369
f 6389/6389 6376/6376 6392/6392
f 6411/6411 6389/6389 6392/6392
f 6392/6392 6436/6436 6411/6411
f 2697/2697 2693/2693 2718/2718
f 6582/6582 6605/6605 6578/6578
f 6582/6582 6578/6578 6463/6463
f 2691/2691 2693/2693 2681/2681
f 2682/2682 2630/2630 2681/2681
f 2682/2682 2678/2678 2630/2630
f 2678/2678 2637/2637 2630/2630
f 2637/2637 2684/2684 2626/2626
f 2626/2626 2684/2684 2685/2685
f 2535/2535 2532/2532 2534/2534
f 5872/5872 5873/5873 5871/5871
f 2685/2685 2534/2534 2626/2626
f 2527/2527 2525/2525 2528/2528
f 2527/2527 2528/2528 2532/2532
f 2528/2528 2531/2531 2532/2532
f 2525/2525 2523/2523 2528/2528
f 2528/2528 2523/2523 2522/2522
f 2528/2528 2522/2522 2530/2530
f 2521/2521 2692/2692 2589/2589
f 2522/2522 2521/2521 2589/2589
f 2589/2589 2692/2692 2588/2588
f 2588/2588 2692/2692 2698/2698
f 3646/3646 3651/3651 3643/3643
f 2517/2517 2508/2508 2514/2514
f 2517/2517 2514/2514 2518/2518
f 2505/2505 2504/2504 2503/2503
f 2500/2500 2502/2502 2507/2507
f 2507/2507 2511/2511 2513/2513
f 2585/2585 2595/2595 2594/2594
f 6892/6892 6894/6894 6893/6893
f 6891/6891 6895/6895 6892/6892
f 6892/6892 6895/6895 6894/6894
f 6896/6896 6899/6899 6895/6895
f 6896/6896 6895/6895 6891/6891
f 2754/2754 2752/2752 2753/2753
f 2751/2751 2775/2775 2748/2748
f 2542/2542 2775/2775 2540/2540
f 7077/7077 7076/7076 7078/7078
f 7080/7080 7082/7082 7076/7076
f 2759/2759 2760/2760 2758/2758
f 2759/2759 2758/2758 2757/2757
f 3162/3162 3163/3163 3166/3166
f 3162/3162 3165/3165 3159/3159
f 2766/2766 2773/2773 2770/2770
f 2770/2770 2778/2778 2764/2764
f 2710/2710 2709/2709 2706/2706
f 2709/2709 2707/2707 2706/2706
f 2706/2706 2707/2707 2705/2705
f 2707/2707 2708/2708 2705/2705
f 702/702 698/698 751/751
f 698/698 700/700 788/788
f 4289/4289 4293/4293 4287/4287
f 4287/4287 4293/4293 4286/4286
f 4289/4289 4295/4295 4293/4293
f 798/798 796/796 797/797
f 797/797 796/796 795/795
f 796/796 798/798 812/812
f 794/794 801/801 784/784
f 794/794 784/784 763/763
f 3781/3781 3788/3788 3785/3785
f 3781/3781 3785/3785 3774/3774
f 3785/3785 3780/3780 3774/3774
f 3774/3774 3780/3780 3775/3775
f 752/752 763/763 784/784
f 3775/3775 3780/3780 3778/3778
f 804/804 803/803 802/802
f 2790/2790 2800/2800 2789/2789
f 2001/2001 1986/1986 2004/2004
f 803/803 703/703 802/802
f 703/703 707/707 802/802
f 2005/2005 2000/2000 1999/1999
f 2006/2006 2002/2002 2000/2000
f 2009/2009 2003/2003 2008/2008
f 703/703 704/704 705/705
f 2393/2393 2396/2396 2399/2399
f 2386/2386 2393/2393 2392/2392
f 2386/2386 2392/2392 2388/2388
f 810/810 808/808 809/809
f 1752/1752 1751/1751 1750/1750
f 7137/7137 7126/7126 7136/7136
f 1691/1691 1675/1675 1690/1690
f 7135/7135 7140/7140 7141/7141
f 7148/7148 7141/7141 7147/7147
f 1669/1669 1670/1670 1671/1671
f 1671/1671 1670/1670 1725/1725
f 5685/5685 5683/5683 5684/5684
f 5684/5684 5683/5683 5682/5682
f 1731/1731 1681/1681 1688/1688
f 1732/1732 1731/1731 1688/1688
f 1688/1688 1681/1681 1682/1682
f 5657/5657 5580/5580 5553/5553
f 5553/5553 5580/5580 5421/5421
f 5553/5553 5421/5421 5418/5418
f 1697/1697 1717/1717 1715/1715
f 5418/5418 5419/5419 5417/5417
f 1715/1715 1717/1717 1724/1724
f 5417/5417 5419/5419 5420/5420
f 6399/6399 6329/6329 6395/6395
f 6455/6455 6458/6458 6457/6457
f 5913/5913 5910/5910 5912/5912
f 5910/5910 5909/5909 5912/5912
f 5912/5912 5909/5909 5914/5914
f 6395/6395 6353/6353 6394/6394
f 6394/6394 6353/6353 6355/6355
f 5439/5439 5442/5442 5440/5440
f 6394/6394 6355/6355 6393/6393
f 6355/6355 6385/6385 6393/6393
f 3621/3621 3619/3619 3577/3577
f 3578/3578 3621/3621 3577/3577
f 6393/6393 6385/6385 6383/6383
f 6806/6806 6807/6807 6805/6805
f 6383/6383 6385/6385 6380/6380
f 6807/6807 6815/6815 6816/6816
f 7375/7375 7363/7363 7376/7376
f 7369/7369 7366/7366 7363/7363
f 7368/7368 7367/7367 7366/7366
f 7368/7368 7366/7366 7369/7369
f 7371/7371 7372/7372 7370/7370
f 7371/7371 7370/7370 7368/7368
f 4408/4408 4409/4409 4410/4410
f 6606/6606 6582/6582 6459/6459
f 6459/6459 6582/6582 6460/6460
f 2719/2719 2696/2696 2697/2697
f 6582/6582 6463/6463 6460/6460
f 2696/2696 2693/2693 2697/2697
f 2696/2696 2694/2694 2693/2693
f 7211/7211 7213/7213 7214/7214
f 2694/2694 2690/2690 2693/2693
f 2690/2690 2681/2681 2693/2693
f 2690/2690 2689/2689 2681/2681
f 2689/2689 2682/2682 2681/2681
f 6468/6468 6469/6469 6467/6467
f 6477/6477 6473/6473 6476/6476
f 5865/5865 5867/5867 5872/5872
f 5872/5872 5870/5870 5865/5865
f 2529/2529 2532/2532 2535/2535
f 2533/2533 2526/2526 2529/2529
f 2529/2529 2526/2526 2527/2527
f 2529/2529 2527/2527 2532/2532
f 2527/2527 2526/2526 2525/2525
f 2526/2526 2524/2524 2525/2525
f 2524/2524 2523/2523 2525/2525
f 2524/2524 2520/2520 2523/2523
f 6475/6475 6479/6479 6472/6472
f 2520/2520 2521/2521 2522/2522
f 2523/2523 2520/2520 2522/2522
f 2521/2521 2776/2776 2692/2692
f 3647/3647 3650/3650 3646/3646
f 3642/3642 3644/3644 3645/3645
f 3645/3645 3644/3644 3648/3648
f 2509/2509 2508/2508 2517/2517
f 2509/2509 2506/2506 2508/2508
f 2508/2508 2506/2506 2505/2505
f 2506/2506 2504/2504 2505/2505
f 2504/2504 2501/2501 2503/2503
f 2503/2503 2501/2501 2500/2500
f 2500/2500 2501/2501 2502/2502
f 2502/2502 2510/2510 2507/2507
f 2507/2507 2510/2510 2511/2511
f 2511/2511 2510/2510 2672/2672
f 2672/2672 2686/2686 2585/2585
f 2686/2686 2595/2595 2585/2585
f 2754/2754 2755/2755 2752/2752
f 2755/2755 2751/2751 2752/2752
f 2755/2755 2779/2779 2751/2751
f 2779/2779 2775/2775 2751/2751
f 2539/2539 2540/2540 2541/2541
f 2539/2539 2541/2541 2543/2543
f 2541/2541 2544/2544 2543/2543
f 7079/7079 7077/7077 7078/7078
f 7077/7077 7074/7074 7076/7076
f 7072/7072 7076/7076 7074/7074
f 7072/7072 7071/7071 7075/7075
f 7072/7072 7075/7075 7080/7080
f 7072/7072 7080/7080 7076/7076
f 2761/2761 2760/2760 2759/2759
f 2761/2761 2765/2765 2760/2760
f 2760/2760 2765/2765 2768/2768
f 2760/2760 2768/2768 2758/2758
f 2768/2768 2767/2767 2758/2758
f 2767/2767 2606/2606 2758/2758
f 2767/2767 2536/2536 2606/2606
f 2536/2536 2538/2538 2603/2603
f 2604/2604 2610/2610 2611/2611
f 3164/3164 3163/3163 3158/3158
f 2774/2774 2773/2773 2766/2766
f 3164/3164 3169/3169 3163/3163
f 2773/2773 2780/2780 2770/2770
f 2780/2780 2778/2778 2770/2770
f 2764/2764 2778/2778 2769/2769
f 2764/2764 2769/2769 2710/2710
f 2769/2769 2711/2711 2710/2710
f 2710/2710 2711/2711 2709/2709
f 699/699 698/698 702/702
f 799/799 800/800 798/798
f 799/799 798/798 797/797
f 4288/4288 4287/4287 4280/4280
f 800/800 812/812 798/798
f 812/812 801/801 796/796
f 796/796 801/801 794/794
f 3789/3789 3781/3781 3782/3782
f 3782/3782 3781/3781 3777/3777
f 806/806 805/805 804/804
f 3775/3775 3778/3778 3776/3776
f 804/804 805/805 803/803
f 803/803 805/805 811/811
f 811/811 710/710 803/803
f 803/803 710/710 703/703
f 703/703 710/710 704/704
f 2008/2008 2003/2003 2002/2002
f 2394/2394 2396/2396 2389/2389
f 2393/2393 2386/2386 2389/2389
f 2386/2386 2388/2388 2387/2387
f 1754/1754 1753/1753 1752/1752
f 1753/1753 1751/1751 1752/1752
f 1751/1751 1749/1749 1750/1750
f 1750/1750 1749/1749 1691/1691
f 808/808 721/721 715/715
f 1676/1676 1675/1675 1674/1674
f 7141/7141 7140/7140 7147/7147
f 7147/7147 7159/7159 7158/7158
f 7148/7148 7147/7147 7158/7158
f 5687/5687 5690/5690 5686/5686
f 5686/5686 5683/5683 5685/5685
f 1670/1670 1726/1726 1725/1725
f 5682/5682 5683/5683 5681/5681
f 5681/5681 5657/5657 5679/5679
f 1697/1697 1696/1696 1717/1717
f 5421/5421 5419/5419 5418/5418
f 1717/1717 1738/1738 1724/1724
f 6418/6418 6409/6409 6407/6407
f 6407/6407 6406/6406 6399/6399
f 7380/7380 7381/7381 7382/7382
f 6456/6456 6455/6455 6453/6453
f 6455/6455 6457/6457 6454/6454
f 6453/6453 6455/6455 6454/6454
f 5915/5915 5911/5911 5913/5913
f 5916/5916 5915/5915 5913/5913
f 5913/5913 5911/5911 5910/5910
f 5911/5911 5908/5908 5910/5910
f 5908/5908 5909/5909 5910/5910
f 5439/5439 5443/5443 5442/5442
f 6807/6807 6816/6816 6810/6810
f 7376/7376 7363/7363 7362/7362
f 7366/7366 7365/7365 7363/7363
f 7367/7367 7365/7365 7366/7366
f 6378/6378 6365/6365 6377/6377
f 7370/7370 7367/7367 7368/7368
f 7215/7215 7212/7212 7211/7211
f 6059/6059 6053/6053 6054/6054
f 6054/6054 6053/6053 6051/6051
f 6051/6051 6053/6053 6052/6052
f 6051/6051 6052/6052 6049/6049
f 6051/6051 6049/6049 6048/6048
f 6048/6048 6049/6049 6050/6050
f 6050/6050 6049/6049 6055/6055
f 6050/6050 6055/6055 6056/6056
f 6056/6056 6055/6055 6057/6057
f 6056/6056 6057/6057 6058/6058
f 7704/7704 7699/7699 7702/7702
f 7702/7702 7697/7697 7703/7703
f 7703/7703 7697/7697 7695/7695
f 7695/7695 7691/7691 7690/7690
f 7690/7690 7692/7692 7701/7701
f 2692/2692 2776/2776 2777/2777
f 1339/1339 1322/1322 1323/1323
f 1358/1358 1186/1186 1368/1368
f 2673/2673 2672/2672 2510/2510
f 2290/2290 2289/2289 2287/2287
f 2290/2290 2287/2287 2281/2281
f 6834/6834 6832/6832 6831/6831
f 7394/7394 7395/7395 7396/7396
f 2536/2536 2537/2537 2538/2538
f 2538/2538 2604/2604 2603/2603
f 2538/2538 2609/2609 2604/2604
f 2604/2604 2609/2609 2610/2610
f 4428/4428 4427/4427 4422/4422
f 4422/4422 4423/4423 4424/4424
f 2707/2707 2713/2713 2708/2708
f 697/697 698/698 699/699
f 697/697 700/700 698/698
f 697/697 701/701 700/700
f 1328/1328 1222/1222 1311/1311
f 1328/1328 1311/1311 1359/1359
f 3783/3783 3789/3789 3782/3782
f 1359/1359 1311/1311 1026/1026
f 1252/1252 1229/1229 1349/1349
f 1349/1349 1306/1306 1352/1352
f 2387/2387 2388/2388 2390/2390
f 1749/1749 1692/1692 1691/1691
f 7126/7126 7135/7135 7136/7136
f 1691/1691 1692/1692 1675/1675
f 1674/1674 1672/1672 1669/1669
f 1669/1669 1672/1672 1670/1670
f 5421/5421 5431/5431 5419/5419
f 6407/6407 6409/6409 6406/6406
f 6450/6450 6456/6456 6453/6453
f 5911/5911 5915/5915 5908/5908
f 5909/5909 5908/5908 5917/5917
f 7365/7365 7364/7364 7363/7363
f 7211/7211 7212/7212 7213/7213
f 7690/7690 7691/7691 7692/7692
f 1340/1340 1322/1322 1339/1339
f 1323/1323 1318/1318 1354/1354
f 1355/1355 1343/1343 1358/1358
f 1358/1358 1343/1343 1186/1186
f 1186/1186 1185/1185 1368/1368
f 7361/7361 7358/7358 7357/7357
f 7357/7357 7358/7358 7359/7359
f 7359/7359 7358/7358 7360/7360
f 1305/1305 1106/1106 1304/1304
f 1304/1304 1106/1106 1109/1109
f 1277/1277 1276/1276 1275/1275
f 2283/2283 2285/2285 2286/2286
f 1067/1067 1065/1065 1346/1346
f 6834/6834 6837/6837 6832/6832
f 6831/6831 6832/6832 6833/6833
f 6833/6833 6832/6832 6835/6835
f 1096/1096 1094/1094 1095/1095
f 1091/1091 1049/1049 1051/1051
f 1049/1049 1050/1050 1051/1051
f 4422/4422 4427/4427 4423/4423
f 4423/4423 4425/4425 4424/4424
f 4424/4424 4425/4425 4426/4426
f 4426/4426 4429/4429 4430/4430
f 1126/1126 1125/1125 1030/1030
f 2713/2713 2771/2771 2772/2772
f 1311/1311 1022/1022 1026/1026
f 1252/1252 1251/1251 1229/1229
f 1229/1229 1306/1306 1349/1349
f 1352/1352 1306/1306 1005/1005
f 2000/2000 1989/1989 1999/1999
f 2002/2002 1994/1994 1989/1989
f 2002/2002 1989/1989 2000/2000
f 2002/2002 2003/2003 1994/1994
f 1341/1341 1331/1331 1351/1351
f 1351/1351 1331/1331 1344/1344
f 1674/1674 1675/1675 1672/1672
f 1670/1670 1694/1694 1726/1726
f 1694/1694 1728/1728 1726/1726
f 1695/1695 1681/1681 1731/1731
f 1682/1682 1696/1696 1697/1697
f 5421/5421 5481/5481 5431/5431
f 5481/5481 5482/5482 5431/5431
f 6399/6399 6406/6406 6329/6329
f 6103/6103 6106/6106 6107/6107
f 6107/6107 6106/6106 6109/6109
f 5915/5915 5918/5918 5908/5908
f 5908/5908 5918/5918 5917/5917
f 6109/6109 6106/6106 6110/6110
f 6379/6379 6380/6380 6366/6366
f 6379/6379 6366/6366 6378/6378
f 5027/5027 5013/5013 5015/5015
f 6378/6378 6366/6366 6365/6365
f 5028/5028 5022/5022 5013/5013
f 5028/5028 5013/5013 5027/5027
f 6377/6377 6365/6365 6376/6376
f 5030/5030 5025/5025 5029/5029
f 1196/1196 1189/1189 1193/1193
f 1193/1193 1189/1189 1191/1191
f 1184/1184 1191/1191 1146/1146
f 1138/1138 1134/1134 1136/1136
f 1136/1136 1134/1134 1135/1135
f 1119/1119 1120/1120 1112/1112
f 1112/1112 1113/1113 1118/1118
f 1318/1318 1343/1343 1355/1355
f 2284/2284 2282/2282 2281/2281
f 2281/2281 2282/2282 2283/2283
f 2283/2283 2282/2282 2285/2285
f 1030/1030 1025/1025 1014/1014
f 1030/1030 1014/1014 1031/1031
f 7996/7996 7997/7997 7998/7998
f 1337/1337 1216/1216 1006/1006
f 1211/1211 1022/1022 1311/1311
f 1005/1005 978/978 996/996
f 1344/1344 1331/1331 1010/1010
f 5686/5686 5688/5688 5683/5683
f 5683/5683 5688/5688 5691/5691
f 1672/1672 1673/1673 1670/1670
f 1670/1670 1673/1673 1694/1694
f 1695/1695 1735/1735 1728/1728
f 1694/1694 1695/1695 1728/1728
f 5683/5683 5691/5691 5681/5681
f 5691/5691 5697/5697 5681/5681
f 5681/5681 5697/5697 5657/5657
f 5657/5657 5488/5488 5580/5580
f 6406/6406 6325/6325 6329/6329
f 6329/6329 6325/6325 6328/6328
f 5302/5302 5301/5301 5305/5305
f 5918/5918 5919/5919 5917/5917
f 3592/3592 3591/3591 3615/3615
f 6104/6104 6106/6106 6103/6103
f 6110/6110 6106/6106 6117/6117
f 6110/6110 6117/6117 6118/6118
f 5025/5025 5026/5026 5029/5029
f 6376/6376 6375/6375 6392/6392
f 6392/6392 6397/6397 6436/6436
f 1196/1196 1190/1190 1189/1189
f 1191/1191 1189/1189 1182/1182
f 1191/1191 1182/1182 1146/1146
f 1146/1146 1182/1182 1147/1147
f 1146/1146 1137/1137 1138/1138
f 1138/1138 1137/1137 1134/1134
f 1134/1134 1131/1131 1135/1135
f 1112/1112 1104/1104 1113/1113
f 1106/1106 1088/1088 1109/1109
f 2285/2285 2282/2282 2288/2288
f 1067/1067 1068/1068 1066/1066
f 1067/1067 1066/1066 1065/1065
f 1054/1054 1049/1049 1091/1091
f 1049/1049 1047/1047 1050/1050
f 4429/4429 4433/4433 4431/4431
f 1125/1125 1108/1108 1030/1030
f 1030/1030 1108/1108 1025/1025
f 2798/2798 2799/2799 2793/2793
f 2001/2001 1988/1988 1986/1986
f 1999/1999 1988/1988 2001/2001
f 1989/1989 1988/1988 1999/1999
f 996/996 978/978 995/995
f 6283/6283 6282/6282 6285/6285
f 1010/1010 1011/1011 1019/1019
f 7135/7135 7138/7138 7140/7140
f 1692/1692 1686/1686 1675/1675
f 7140/7140 7142/7142 7147/7147
f 1686/1686 1672/1672 1675/1675
f 7147/7147 7160/7160 7159/7159
f 5689/5689 5688/5688 5686/5686
f 1694/1694 1673/1673 1695/1695
f 1681/1681 1680/1680 1682/1682
f 5657/5657 5701/5701 5488/5488
f 5431/5431 5483/5483 5490/5490
f 6409/6409 6330/6330 6406/6406
f 5490/5490 5483/5483 5491/5491
f 6100/6100 6099/6099 6103/6103
f 6099/6099 6104/6104 6103/6103
f 6104/6104 6108/6108 6106/6106
f 5443/5443 5444/5444 5442/5442
f 6108/6108 6111/6111 6106/6106
f 6106/6106 6111/6111 6119/6119
f 3621/3621 3620/3620 3619/3619
f 6106/6106 6119/6119 6117/6117
f 6118/6118 6117/6117 6121/6121
f 5025/5025 5022/5022 5026/5026
f 6365/6365 6375/6375 6376/6376
f 4406/4406 4402/4402 4404/4404
f 6392/6392 6375/6375 6397/6397
f 1146/1146 1147/1147 1137/1137
f 1129/1129 1128/1128 1116/1116
f 1088/1088 1083/1083 1109/1109
f 1109/1109 1083/1083 1103/1103
f 2282/2282 2291/2291 2288/2288
f 1066/1066 1060/1060 1065/1065
f 1065/1065 1060/1060 1064/1064
f 1064/1064 1060/1060 1063/1063
f 1094/1094 1086/1086 1085/1085
f 1094/1094 1085/1085 1054/1054
f 1049/1049 1044/1044 1047/1047
f 4425/4425 4434/4434 4433/4433
f 1125/1125 1143/1143 1108/1108
f 1025/1025 1000/1000 1014/1014
f 1000/1000 1001/1001 1006/1006
f 1209/1209 956/956 1022/1022
f 956/956 957/957 958/958
f 989/989 962/962 978/978
f 995/995 978/978 994/994
f 7126/7126 7138/7138 7135/7135
f 7142/7142 7152/7152 7147/7147
f 1672/1672 1686/1686 1683/1683
f 7147/7147 7152/7152 7160/7160
f 1683/1683 1677/1677 1672/1672
f 1672/1672 1677/1677 1673/1673
f 1673/1673 1680/1680 1681/1681
f 5697/5697 5701/5701 5657/5657
f 1680/1680 1696/1696 1682/1682
f 6098/6098 6099/6099 6100/6100
f 6098/6098 6101/6101 6099/6099
f 6406/6406 6330/6330 6325/6325
f 6325/6325 6319/6319 6322/6322
f 5457/5457 5445/5445 5443/5443
f 5443/5443 5445/5445 5444/5444
f 6117/6117 6132/6132 6121/6121
f 6382/6382 6371/6371 6380/6380
f 6380/6380 6371/6371 6366/6366
f 6366/6366 6371/6371 6369/6369
f 1147/1147 1132/1132 1137/1137
f 1137/1137 1132/1132 1134/1134
f 1131/1131 1128/1128 1129/1129
f 1116/1116 1112/1112 1120/1120
f 1112/1112 1111/1111 1104/1104
f 1092/1092 1087/1087 1088/1088
f 1044/1044 1045/1045 1047/1047
f 1125/1125 1145/1145 1143/1143
f 1000/1000 999/999 1001/1001
f 962/962 964/964 978/978
f 7138/7138 7142/7142 7140/7140
f 1677/1677 1678/1678 1673/1673
f 1678/1678 1679/1679 1673/1673
f 1673/1673 1679/1679 1680/1680
f 5699/5699 5701/5701 5697/5697
f 5481/5481 5488/5488 5482/5482
f 5482/5482 5483/5483 5431/5431
f 6330/6330 6324/6324 6325/6325
f 6325/6325 6324/6324 6319/6319
f 6101/6101 6102/6102 6099/6099
f 5483/5483 5492/5492 5491/5491
f 5491/5491 5492/5492 5457/5457
f 6102/6102 6104/6104 6099/6099
f 3619/3619 3608/3608 3615/3615
f 6104/6104 6112/6112 6108/6108
f 3620/3620 3608/3608 3619/3619
f 6108/6108 6113/6113 6111/6111
f 6113/6113 6115/6115 6111/6111
f 6111/6111 6115/6115 6120/6120
f 6111/6111 6120/6120 6119/6119
f 6120/6120 6125/6125 6119/6119
f 6119/6119 6125/6125 6117/6117
f 6117/6117 6125/6125 6132/6132
f 6371/6371 6370/6370 6369/6369
f 6367/6367 6373/6373 6365/6365
f 1147/1147 1133/1133 1132/1132
f 1132/1132 1131/1131 1134/1134
f 1128/1128 1115/1115 1116/1116
f 1111/1111 1105/1105 1104/1104
f 1090/1090 1089/1089 1104/1104
f 1087/1087 1082/1082 1088/1088
f 1103/1103 1083/1083 1093/1093
f 1079/1079 1069/1069 1068/1068
f 1069/1069 1066/1066 1068/1068
f 1066/1066 1070/1070 1060/1060
f 1061/1061 1085/1085 1086/1086
f 1085/1085 1040/1040 1054/1054
f 1054/1054 1040/1040 1044/1044
f 1145/1145 1144/1144 1143/1143
f 1108/1108 1024/1024 1025/1025
f 1025/1025 1024/1024 1000/1000
f 1994/1994 1990/1990 1989/1989
f 7084/7084 7085/7085 7086/7086
f 980/980 977/977 979/979
f 990/990 979/979 976/976
f 990/990 976/976 1010/1010
f 7126/7126 7128/7128 7138/7138
f 7142/7142 7150/7150 7152/7152
f 5688/5688 5695/5695 5691/5691
f 5691/5691 5696/5696 5697/5697
f 5697/5697 5696/5696 5699/5699
f 5701/5701 5550/5550 5488/5488
f 6105/6105 6102/6102 6101/6101
f 6114/6114 6104/6104 6102/6102
f 6114/6114 6116/6116 6104/6104
f 6104/6104 6116/6116 6112/6112
f 6108/6108 6112/6112 6113/6113
f 6132/6132 6133/6133 6121/6121
f 6382/6382 6417/6417 6371/6371
f 6370/6370 6373/6373 6367/6367
f 6373/6373 6374/6374 6365/6365
f 6365/6365 6374/6374 6375/6375
f 6375/6375 6400/6400 6397/6397
f 4406/4406 4405/4405 4402/4402
f 1147/1147 1168/1168 1133/1133
f 1132/1132 1130/1130 1131/1131
f 1131/1131 1130/1130 1128/1128
f 1115/1115 1111/1111 1116/1116
f 1089/1089 1084/1084 1087/1087
f 1084/1084 1082/1082 1087/1087
f 1088/1088 1082/1082 1083/1083
f 1093/1093 1083/1083 1078/1078
f 1066/1066 1069/1069 1070/1070
f 1060/1060 1057/1057 1061/1061
f 1061/1061 1062/1062 1085/1085
f 1047/1047 1045/1045 1055/1055
f 1013/1013 993/993 1003/1003
f 956/956 959/959 957/957
f 1986/1986 1984/1984 1985/1985
f 957/957 959/959 960/960
f 1989/1989 1990/1990 1987/1987
f 1989/1989 1987/1987 1988/1988
f 964/964 973/973 978/978
f 978/978 977/977 980/980
f 1540/1540 1618/1618 1538/1538
f 1540/1540 1542/1542 1618/1618
f 1010/1010 976/976 1011/1011
f 1541/1541 1542/1542 1540/1540
f 976/976 987/987 1011/1011
f 1011/1011 987/987 1020/1020
f 1541/1541 1544/1544 1542/1542
f 1542/1542 1544/1544 1551/1551
f 1542/1542 1551/1551 1622/1622
f 1686/1686 1716/1716 1687/1687
f 1897/1897 1892/1892 1898/1898
f 5689/5689 5694/5694 5688/5688
f 5688/5688 5694/5694 5695/5695
f 1544/1544 1557/1557 1551/1551
f 1892/1892 1904/1904 1898/1898
f 5695/5695 5696/5696 5691/5691
f 5550/5550 5489/5489 5488/5488
f 5489/5489 5486/5486 5488/5488
f 1680/1680 1719/1719 1696/1696
f 5488/5488 5486/5486 5482/5482
f 6319/6319 6323/6323 6320/6320
f 6131/6131 6127/6127 6105/6105
f 6105/6105 6127/6127 6102/6102
f 5492/5492 5445/5445 5457/5457
f 6102/6102 6127/6127 6114/6114
f 5445/5445 5446/5446 5444/5444
f 3620/3620 3606/3606 3608/3608
f 6112/6112 6122/6122 6113/6113
f 6113/6113 6122/6122 6115/6115
f 6115/6115 6124/6124 6120/6120
f 6120/6120 6124/6124 6125/6125
f 6125/6125 6135/6135 6132/6132
f 6133/6133 6139/6139 6121/6121
f 6371/6371 6372/6372 6370/6370
f 6370/6370 6372/6372 6373/6373
f 6374/6374 6386/6386 6375/6375
f 6375/6375 6386/6386 6400/6400
f 1078/1078 1069/1069 1079/1079
f 1060/1060 1059/1059 1057/1057
f 1061/1061 1057/1057 1062/1062
f 1040/1040 1042/1042 1044/1044
f 1144/1144 1124/1124 1143/1143
f 1108/1108 1032/1032 1024/1024
f 1000/1000 998/998 999/999
f 1003/1003 968/968 985/985
f 985/985 968/968 956/956
f 1986/1986 1985/1985 2014/2014
f 1988/1988 1987/1987 1984/1984
f 978/978 973/973 977/977
f 1538/1538 1618/1618 1625/1625
f 1625/1625 1618/1618 1629/1629
f 7128/7128 7149/7149 7138/7138
f 1539/1539 1540/1540 1538/1538
f 7138/7138 7149/7149 7142/7142
f 1618/1618 1622/1622 1629/1629
f 1622/1622 1630/1630 1629/1629
f 7149/7149 7150/7150 7142/7142
f 1539/1539 1543/1543 1541/1541
f 1539/1539 1541/1541 1540/1540
f 1622/1622 1631/1631 1630/1630
f 1543/1543 1545/1545 1541/1541
f 1545/1545 1544/1544 1541/1541
f 1622/1622 1551/1551 1631/1631
f 5698/5698 5694/5694 5689/5689
f 1897/1897 1894/1894 1892/1892
f 1545/1545 1550/1550 1544/1544
f 1550/1550 1557/1557 1544/1544
f 1557/1557 1631/1631 1551/1551
f 1550/1550 1558/1558 1557/1557
f 1907/1907 1909/1909 1908/1908
f 1679/1679 1718/1718 1680/1680
f 1696/1696 1721/1721 1717/1717
f 1717/1717 1721/1721 1738/1738
f 4761/4761 4759/4759 4760/4760
f 5482/5482 5484/5484 5483/5483
f 4760/4760 4759/4759 4758/4758
f 5901/5901 5898/5898 5900/5900
f 6443/6443 6445/6445 6446/6446
f 6112/6112 6123/6123 6122/6122
f 6122/6122 6124/6124 6115/6115
f 6417/6417 6372/6372 6371/6371
f 6373/6373 6372/6372 6374/6374
f 1083/1083 1080/1080 1078/1078
f 1078/1078 1076/1076 1069/1069
f 1042/1042 1043/1043 1044/1044
f 1044/1044 1043/1043 1045/1045
f 1046/1046 1052/1052 1045/1045
f 1045/1045 1052/1052 1055/1055
f 1055/1055 1124/1124 1144/1144
f 1143/1143 1032/1032 1108/1108
f 1024/1024 1002/1002 1000/1000
f 1003/1003 993/993 968/968
f 968/968 959/959 956/956
f 973/973 972/972 977/977
f 6286/6286 6254/6254 6253/6253
f 1537/1537 1536/1536 1538/1538
f 977/977 976/976 979/979
f 1538/1538 1625/1625 1537/1537
f 1539/1539 1538/1538 1536/1536
f 4527/4527 4532/4532 4526/4526
f 7130/7130 7149/7149 7128/7128
f 1543/1543 1549/1549 1545/1545
f 4616/4616 4615/4615 4611/4611
f 1894/1894 1897/1897 1899/1899
f 3685/3685 3684/3684 3691/3691
f 4616/4616 4617/4617 4615/4615
f 4616/4616 4678/4678 4617/4617
f 4678/4678 4649/4649 4617/4617
f 1907/1907 1908/1908 1904/1904
f 1558/1558 1563/1563 1557/1557
f 4677/4677 4649/4649 4678/4678
f 1772/1772 1757/1757 1771/1771
f 1771/1771 1757/1757 1759/1759
f 1949/1949 1957/1957 1961/1961
f 1949/1949 1961/1961 1965/1965
f 1968/1968 1961/1961 1969/1969
f 1718/1718 1719/1719 1680/1680
f 5486/5486 5485/5485 5482/5482
f 5482/5482 5485/5485 5484/5484
f 6330/6330 6326/6326 6324/6324
f 6324/6324 6326/6326 6323/6323
f 4759/4759 4751/4751 4758/4758
f 5896/5896 5897/5897 5898/5898
f 5896/5896 5898/5898 5902/5902
f 4751/4751 4750/4750 4758/4758
f 5898/5898 5897/5897 5900/5900
f 6447/6447 6444/6444 6443/6443
f 6443/6443 6444/6444 6445/6445
f 6444/6444 6449/6449 6445/6445
f 5448/5448 5447/5447 5445/5445
f 6127/6127 6130/6130 6114/6114
f 5445/5445 5447/5447 5446/5446
f 2266/2266 2265/2265 2259/2259
f 2259/2259 2265/2265 2262/2262
f 2262/2262 2260/2260 2259/2259
f 2260/2260 2263/2263 2261/2261
f 2263/2263 2260/2260 2264/2264
f 6122/6122 6123/6123 6126/6126
f 6124/6124 6135/6135 6125/6125
f 2260/2260 2262/2262 2264/2264
f 6122/6122 6141/6141 6124/6124
f 6124/6124 6141/6141 6140/6140
f 6140/6140 6135/6135 6124/6124
f 6133/6133 6138/6138 6139/6139
f 2262/2262 2276/2276 2264/2264
f 2262/2262 2277/2277 2276/2276
f 6374/6374 6387/6387 6386/6386
f 1111/1111 1115/1115 1105/1105
f 1078/1078 1080/1080 1076/1076
f 1043/1043 1046/1046 1045/1045
f 1055/1055 1052/1052 1124/1124
f 1032/1032 1028/1028 1024/1024
f 1028/1028 1023/1023 1024/1024
f 1024/1024 1023/1023 1002/1002
f 1002/1002 998/998 1000/1000
f 998/998 993/993 999/999
f 1985/1985 1998/1998 2014/2014
f 6253/6253 6250/6250 6267/6267
f 1531/1531 1536/1536 1537/1537
f 4523/4523 4527/4527 4517/4517
f 1536/1536 1543/1543 1539/1539
f 1536/1536 1549/1549 1543/1543
f 7130/7130 7133/7133 7149/7149
f 7149/7149 7133/7133 7150/7150
f 976/976 975/975 987/987
f 1960/1960 1956/1956 1966/1966
f 1966/1966 1956/1956 1964/1964
f 3679/3679 3678/3678 3685/3685
f 1900/1900 1893/1893 1899/1899
f 3685/3685 3678/3678 3684/3684
f 1895/1895 1904/1904 1892/1892
f 1895/1895 1905/1905 1904/1904
f 1545/1545 1562/1562 1550/1550
f 3691/3691 3684/3684 3690/3690
f 1905/1905 1907/1907 1904/1904
f 1550/1550 1562/1562 1558/1558
f 1772/1772 1769/1769 1757/1757
f 4677/4677 4676/4676 4649/4649
f 1961/1961 1967/1967 1969/1969
f 5550/5550 5498/5498 5489/5489
f 1719/1719 1723/1723 1696/1696
f 1721/1721 1696/1696 1722/1722
f 5485/5485 5646/5646 5484/5484
f 5907/5907 5906/5906 5905/5905
f 4759/4759 4757/4757 4751/4751
f 5903/5903 5899/5899 5896/5896
f 5903/5903 5904/5904 5899/5899
f 5903/5903 5896/5896 5905/5905
f 5896/5896 5899/5899 5897/5897
f 7172/7172 7173/7173 7174/7174
f 7174/7174 7173/7173 7175/7175
f 6447/6447 6448/6448 6444/6444
f 6130/6130 6129/6129 6114/6114
f 6114/6114 6129/6129 6116/6116
f 2266/2266 2259/2259 2268/2268
f 2270/2270 2266/2266 2268/2268
f 2268/2268 2259/2259 2269/2269
f 2259/2259 2261/2261 2269/2269
f 2261/2261 2267/2267 2272/2272
f 2269/2269 2261/2261 2272/2272
f 6116/6116 6129/6129 6128/6128
f 6116/6116 6128/6128 6112/6112
f 6112/6112 6128/6128 6123/6123
f 2261/2261 2263/2263 2267/2267
f 2267/2267 2263/2263 2271/2271
f 2263/2263 2264/2264 2275/2275
f 2263/2263 2275/2275 2271/2271
f 6140/6140 6136/6136 6135/6135
f 2264/2264 2280/2280 2275/2275
f 4298/4298 4299/4299 4303/4303
f 6122/6122 6126/6126 6141/6141
f 6417/6417 6420/6420 6398/6398
f 6417/6417 6398/6398 6372/6372
f 2276/2276 2280/2280 2264/2264
f 4302/4302 4296/4296 4298/4298
f 6372/6372 6387/6387 6374/6374
f 6162/6162 6160/6160 6159/6159
f 6160/6160 6165/6165 6161/6161
f 6387/6387 6396/6396 6386/6386
f 6396/6396 6412/6412 6386/6386
f 4403/4403 4405/4405 4407/4407
f 6412/6412 6400/6400 6386/6386
f 1090/1090 1098/1098 1084/1084
f 1076/1076 1072/1072 1069/1069
f 1072/1072 1071/1071 1069/1069
f 1069/1069 1071/1071 1070/1070
f 1062/1062 1056/1056 1085/1085
f 1040/1040 1041/1041 1042/1042
f 998/998 992/992 993/993
f 992/992 988/988 993/993
f 988/988 968/968 993/993
f 988/988 967/967 968/968
f 1984/1984 1981/1981 1985/1985
f 1990/1990 1991/1991 1987/1987
f 973/973 965/965 972/972
f 4524/4524 4523/4523 4518/4518
f 4518/4518 4523/4523 4517/4517
f 4517/4517 4526/4526 4513/4513
f 7131/7131 7132/7132 7130/7130
f 1548/1548 1549/1549 1536/1536
f 7130/7130 7132/7132 7133/7133
f 4618/4618 4613/4613 4610/4610
f 975/975 984/984 987/987
f 1891/1891 1892/1892 1893/1893
f 3684/3684 3682/3682 3690/3690
f 1910/1910 1907/1907 1905/1905
f 1949/1949 1944/1944 1951/1951
f 1770/1770 1769/1769 1772/1772
f 1949/1949 1951/1951 1957/1957
f 1558/1558 1565/1565 1563/1563
f 5512/5512 5498/5498 5550/5550
f 1739/1739 1723/1723 1719/1719
f 1718/1718 1739/1739 1719/1719
f 5489/5489 5487/5487 5486/5486
f 1723/1723 1722/1722 1696/1696
f 5486/5486 5487/5487 5485/5485
f 6421/6421 6331/6331 6330/6330
f 6330/6330 6331/6331 6326/6326
f 213/213 259/259 209/209
f 7177/7177 7173/7173 7172/7172
f 7173/7173 7176/7176 7175/7175
f 7175/7175 7179/7179 7181/7181
f 5240/5240 5250/5250 5249/5249
f 5240/5240 5249/5249 5238/5238
f 2271/2271 2279/2279 2273/2273
f 4756/4756 4747/4747 4727/4727
f 2271/2271 2275/2275 2279/2279
f 4303/4303 4299/4299 4304/4304
f 6136/6136 6134/6134 6132/6132
f 6132/6132 6134/6134 6133/6133
f 6133/6133 6134/6134 6138/6138
f 4296/4296 4297/4297 4298/4298
f 4297/4297 4299/4299 4298/4298
f 6398/6398 6387/6387 6372/6372
f 4300/4300 4297/4297 4296/4296
f 6161/6161 6164/6164 6163/6163
f 6161/6161 6166/6166 6164/6164
f 6167/6167 6166/6166 6165/6165
f 3860/3860 3853/3853 3855/3855
f 3860/3860 3855/3855 3862/3862
f 6165/6165 6166/6166 6161/6161
f 1140/1140 1105/1105 1115/1115
f 1105/1105 1098/1098 1090/1090
f 1098/1098 1097/1097 1084/1084
f 1082/1082 1081/1081 1080/1080
f 1059/1059 1058/1058 1057/1057
f 1056/1056 1038/1038 1085/1085
f 1038/1038 1040/1040 1085/1085
f 1041/1041 1046/1046 1043/1043
f 1052/1052 1053/1053 1124/1124
f 1124/1124 1053/1053 1143/1143
f 1143/1143 1053/1053 1032/1032
f 960/960 963/963 964/964
f 1530/1530 1536/1536 1531/1531
f 6250/6250 6249/6249 6245/6245
f 1530/1530 1532/1532 1536/1536
f 1536/1536 1532/1532 1547/1547
f 4619/4619 4620/4620 4621/4621
f 1547/1547 1548/1548 1536/1536
f 6255/6255 6249/6249 6254/6254
f 5559/5559 5558/5558 5557/5557
f 972/972 975/975 976/976
f 3686/3686 3679/3679 3685/3685
f 1891/1891 1896/1896 1895/1895
f 1895/1895 1906/1906 1905/1905
f 3684/3684 3678/3678 3682/3682
f 1906/1906 1910/1910 1905/1905
f 1562/1562 1569/1569 1564/1564
f 1757/1757 1758/1758 1759/1759
f 1564/1564 1558/1558 1562/1562
f 1957/1957 1963/1963 1961/1961
f 1558/1558 1564/1564 1565/1565
f 1718/1718 1741/1741 1739/1739
f 1961/1961 1963/1963 1967/1967
f 1565/1565 1611/1611 1563/1563
f 4662/4662 4676/4676 4677/4677
f 6327/6327 6336/6336 6348/6348
f 6349/6349 6327/6327 6348/6348
f 5485/5485 5495/5495 5646/5646
f 5646/5646 5495/5495 5726/5726
f 4757/4757 4736/4736 4751/4751
f 4751/4751 4736/4736 4737/4737
f 7178/7178 7180/7180 7179/7179
f 4751/4751 4737/4737 4750/4750
f 7176/7176 7178/7178 7175/7175
f 7175/7175 7178/7178 7179/7179
f 5449/5449 5447/5447 5448/5448
f 4750/4750 4737/4737 4745/4745
f 4747/4747 4748/4748 4727/4727
f 4299/4299 4307/4307 4304/4304
f 4727/4727 4724/4724 4726/4726
f 4299/4299 4297/4297 4307/4307
f 4300/4300 4301/4301 4297/4297
f 3852/3852 3854/3854 3853/3853
f 5929/5929 5924/5924 5930/5930
f 3856/3856 3857/3857 3839/3839
f 3856/3856 3839/3839 3853/3853
f 1097/1097 1081/1081 1084/1084
f 1081/1081 1076/1076 1080/1080
f 1062/1062 1057/1057 1056/1056
f 1040/1040 1038/1038 1037/1037
f 1040/1040 1037/1037 1041/1041
f 1041/1041 1037/1037 1046/1046
f 1981/1981 1982/1982 1985/1985
f 1987/1987 1980/1980 1984/1984
f 1991/1991 1992/1992 1987/1987
f 1530/1530 1531/1531 1528/1528
f 1526/1526 1532/1532 1530/1530
f 6280/6280 6279/6279 6281/6281
f 3688/3688 3687/3687 3686/3686
f 5558/5558 5556/5556 5557/5557
f 3686/3686 3687/3687 3679/3679
f 5557/5557 5519/5519 5517/5517
f 975/975 982/982 984/984
f 1773/1773 1760/1760 1770/1770
f 3678/3678 3680/3680 3682/3682
f 1770/1770 1755/1755 1769/1769
f 1755/1755 1756/1756 1757/1757
f 1769/1769 1755/1755 1757/1757
f 1756/1756 1758/1758 1757/1757
f 1958/1958 1963/1963 1957/1957
f 4649/4649 4652/4652 4648/4648
f 5489/5489 5498/5498 5497/5497
f 5487/5487 5493/5493 5485/5485
f 5485/5485 5493/5493 5452/5452
f 5452/5452 5495/5495 5485/5485
f 6421/6421 6433/6433 6331/6331
f 4757/4757 4738/4738 4736/4736
f 5495/5495 5496/5496 5726/5726
f 3607/3607 3610/3610 3614/3614
f 3609/3609 3607/3607 3606/3606
f 4745/4745 4744/4744 4746/4746
f 4745/4745 4746/4746 4747/4747
f 4747/4747 4746/4746 4748/4748
f 4727/4727 4748/4748 4724/4724
f 4726/4726 4724/4724 4723/4723
f 4726/4726 4723/4723 4728/4728
f 4728/4728 4723/4723 4729/4729
f 6136/6136 6137/6137 6134/6134
f 6420/6420 6427/6427 6398/6398
f 4306/4306 4305/4305 4301/4301
f 4301/4301 4305/4305 4297/4297
f 5920/5920 5922/5922 5928/5928
f 5927/5927 5920/5920 5928/5928
f 1127/1127 1123/1123 1098/1098
f 1097/1097 1102/1102 1081/1081
f 1081/1081 1077/1077 1076/1076
f 1057/1057 1048/1048 1056/1056
f 1046/1046 1037/1037 1052/1052
f 7278/7278 7277/7277 7279/7279
f 7278/7278 7279/7279 7314/7314
f 7279/7279 7277/7277 7263/7263
f 7279/7279 7263/7263 7314/7314
f 7314/7314 7263/7263 7269/7269
f 7263/7263 7262/7262 7269/7269
f 1023/1023 1012/1012 1002/1002
f 1998/1998 1982/1982 1997/1997
f 1992/1992 1980/1980 1987/1987
f 4525/4525 4524/4524 4509/4509
f 4524/4524 4518/4518 4509/4509
f 4518/4518 4517/4517 4497/4497
f 4517/4517 4498/4498 4497/4497
f 6257/6257 6245/6245 6247/6247
f 6245/6245 6240/6240 6242/6242
f 6245/6245 6242/6242 6247/6247
f 6245/6245 6249/6249 6240/6240
f 6249/6249 6243/6243 6240/6240
f 1576/1576 1577/1577 1547/1547
f 6274/6274 6279/6279 6280/6280
f 5556/5556 5519/5519 5557/5557
f 5816/5816 5823/5823 5825/5825
f 5825/5825 5823/5823 5826/5826
f 5514/5514 5505/5505 5510/5510
f 5510/5510 5505/5505 5509/5509
f 1896/1896 1902/1902 1895/1895
f 1902/1902 1906/1906 1895/1895
f 3678/3678 3677/3677 3680/3680
f 1768/1768 1760/1760 1773/1773
f 1760/1760 1755/1755 1770/1770
f 5509/5509 5505/5505 5502/5502
f 5511/5511 5502/5502 5500/5500
f 1570/1570 1567/1567 1569/1569
f 1567/1567 1564/1564 1569/1569
f 5511/5511 5500/5500 5498/5498
f 4676/4676 4662/4662 4652/4652
f 1567/1567 1566/1566 1564/1564
f 1564/1564 1566/1566 1565/1565
f 1565/1565 1578/1578 1611/1611
f 1611/1611 1578/1578 1610/1610
f 5497/5497 5487/5487 5489/5489
f 1566/1566 1568/1568 1575/1575
f 1566/1566 1578/1578 1565/1565
f 1566/1566 1575/1575 1578/1578
f 1575/1575 1584/1584 1578/1578
f 1584/1584 1605/1605 1578/1578
f 1605/1605 1613/1613 1610/1610
f 1578/1578 1605/1605 1610/1610
f 1575/1575 1583/1583 1584/1584
f 1575/1575 1582/1582 1583/1583
f 1584/1584 1585/1585 1605/1605
f 1584/1584 1583/1583 1585/1585
f 6331/6331 6434/6434 6332/6332
f 6331/6331 6332/6332 6327/6327
f 5495/5495 5452/5452 5496/5496
f 4736/4736 4734/4734 4737/4737
f 5449/5449 5450/5450 5447/5447
f 4730/4730 4717/4717 4721/4721
f 4723/4723 4722/4722 4729/4729
f 4720/4720 4717/4717 4725/4725
f 4725/4725 4717/4717 4730/4730
f 6427/6427 6414/6414 6398/6398
f 6398/6398 6414/6414 6387/6387
f 4305/4305 4309/4309 4308/4308
f 4305/4305 4308/4308 4297/4297
f 6414/6414 6415/6415 6387/6387
f 6387/6387 6415/6415 6396/6396
f 6396/6396 6429/6429 6412/6412
f 1098/1098 1123/1123 1114/1114
f 1081/1081 1102/1102 1077/1077
f 7276/7276 7278/7278 7281/7281
f 7281/7281 7278/7278 7305/7305
f 7305/7305 7278/7278 7313/7313
f 7278/7278 7314/7314 7313/7313
f 7276/7276 7277/7277 7278/7278
f 7276/7276 7264/7264 7277/7277
f 7314/7314 7333/7333 7336/7336
f 7314/7314 7269/7269 7333/7333
f 7277/7277 7264/7264 7263/7263
f 7264/7264 7261/7261 7263/7263
f 7261/7261 7262/7262 7263/7263
f 7261/7261 7257/7257 7260/7260
f 7261/7261 7260/7260 7262/7262
f 7262/7262 7333/7333 7269/7269
f 7261/7261 7259/7259 7257/7257
f 7262/7262 7260/7260 7270/7270
f 7254/7254 7255/7255 7259/7259
f 7259/7259 7255/7255 7257/7257
f 7255/7255 7256/7256 7257/7257
f 7257/7257 7256/7256 7260/7260
f 7260/7260 7256/7256 7270/7270
f 7256/7256 7258/7258 7270/7270
f 1002/1002 997/997 998/998
f 997/997 992/992 998/998
f 7254/7254 7252/7252 7255/7255
f 7255/7255 7252/7252 7256/7256
f 7252/7252 7253/7253 7256/7256
f 7256/7256 7253/7253 7258/7258
f 1984/1984 1971/1971 1981/1981
f 7949/7949 7950/7950 7951/7951
f 4531/4531 4525/4525 4508/4508
f 4508/4508 4525/4525 4509/4509
f 1527/1527 1528/1528 1529/1529
f 4509/4509 4518/4518 4497/4497
f 1527/1527 1526/1526 1528/1528
f 1526/1526 1530/1530 1528/1528
f 1526/1526 1546/1546 1532/1532
f 963/963 970/970 972/972
f 1559/1559 1547/1547 1532/1532
f 1559/1559 1576/1576 1547/1547
f 6242/6242 6274/6274 6247/6247
f 6632/6632 6629/6629 6631/6631
f 6240/6240 6243/6243 6241/6241
f 6240/6240 6241/6241 6242/6242
f 6242/6242 6241/6241 6274/6274
f 4540/4540 4537/4537 4539/4539
f 6241/6241 6246/6246 6274/6274
f 6274/6274 6246/6246 6279/6279
f 4541/4541 4537/4537 4540/4540
f 5556/5556 5531/5531 5519/5519
f 6249/6249 6248/6248 6243/6243
f 6251/6251 6248/6248 6249/6249
f 3670/3670 3660/3660 3679/3679
f 3679/3679 3660/3660 3678/3678
f 6291/6291 6314/6314 6316/6316
f 5514/5514 5513/5513 5505/5505
f 3678/3678 3660/3660 3677/3677
f 1896/1896 1903/1903 1902/1902
f 1572/1572 1570/1570 1569/1569
f 1758/1758 1756/1756 1763/1763
f 1570/1570 1571/1571 1567/1567
f 1741/1741 1742/1742 1739/1739
f 1571/1571 1568/1568 1567/1567
f 1571/1571 1574/1574 1568/1568
f 1568/1568 1566/1566 1567/1567
f 1581/1581 1575/1575 1568/1568
f 4657/4657 4655/4655 4656/4656
f 1581/1581 1582/1582 1575/1575
f 5487/5487 5494/5494 5493/5493
f 5493/5493 5535/5535 5452/5452
f 3602/3602 3605/3605 3604/3604
f 1583/1583 1582/1582 1587/1587
f 6333/6333 6335/6335 6336/6336
f 6433/6433 6435/6435 6434/6434
f 4735/4735 4734/4734 4736/4736
f 4738/4738 4735/4735 4736/4736
f 5452/5452 5451/5451 5449/5449
f 5496/5496 5452/5452 5449/5449
f 1587/1587 1586/1586 1583/1583
f 1583/1583 1586/1586 1585/1585
f 1613/1613 1605/1605 1614/1614
f 5449/5449 5451/5451 5450/5450
f 1586/1586 1590/1590 1585/1585
f 1585/1585 1590/1590 1605/1605
f 1590/1590 1614/1614 1605/1605
f 3609/3609 3610/3610 3607/3607
f 4737/4737 4742/4742 4744/4744
f 4748/4748 4718/4718 4724/4724
f 4724/4724 4718/4718 4723/4723
f 4723/4723 4718/4718 4722/4722
f 4722/4722 4714/4714 4720/4720
f 4720/4720 4714/4714 4717/4717
f 4310/4310 4309/4309 4305/4305
f 6415/6415 6422/6422 6396/6396
f 6396/6396 6422/6422 6429/6429
f 6412/6412 6429/6429 6432/6432
f 1077/1077 1074/1074 1076/1076
f 1076/1076 1074/1074 1072/1072
f 1071/1071 1072/1072 1058/1058
f 1058/1058 1048/1048 1057/1057
f 1048/1048 1039/1039 1038/1038
f 1056/1056 1048/1048 1038/1038
f 7284/7284 7281/7281 7302/7302
f 7281/7281 7305/7305 7302/7302
f 7305/7305 7313/7313 7302/7302
f 7302/7302 7313/7313 7316/7316
f 1052/1052 1033/1033 1053/1053
f 7280/7280 7266/7266 7276/7276
f 7266/7266 7264/7264 7276/7276
f 1053/1053 1033/1033 1032/1032
f 7264/7264 7266/7266 7265/7265
f 7266/7266 7271/7271 7265/7265
f 7265/7265 7261/7261 7264/7264
f 7265/7265 7271/7271 7259/7259
f 7265/7265 7259/7259 7261/7261
f 3567/3567 3566/3566 3562/3562
f 7262/7262 7356/7356 7333/7333
f 109/109 89/89 80/80
f 7268/7268 7254/7254 7259/7259
f 7268/7268 7267/7267 7254/7254
f 7267/7267 7251/7251 7254/7254
f 7254/7254 7251/7251 7252/7252
f 7267/7267 7272/7272 7251/7251
f 7251/7251 7249/7249 7252/7252
f 7252/7252 7249/7249 7253/7253
f 7253/7253 7248/7248 7258/7258
f 3564/3564 3565/3565 3559/3559
f 7249/7249 7248/7248 7253/7253
f 7249/7249 7246/7246 7248/7248
f 1981/1981 1973/1973 1982/1982
f 1971/1971 1973/1973 1981/1981
f 1980/1980 1975/1975 1971/1971
f 971/971 961/961 967/967
f 4520/4520 4531/4531 4508/4508
f 1525/1525 1526/1526 1527/1527
f 1525/1525 1546/1546 1526/1526
f 1546/1546 1559/1559 1532/1532
f 4537/4537 4538/4538 4539/4539
f 6243/6243 6244/6244 6241/6241
f 6241/6241 6244/6244 6246/6246
f 6248/6248 6244/6244 6243/6243
f 975/975 974/974 981/981
f 5515/5515 5513/5513 5514/5514
f 975/975 981/981 982/982
f 982/982 981/981 983/983
f 1768/1768 1762/1762 1760/1760
f 1762/1762 1761/1761 1760/1760
f 1760/1760 1756/1756 1755/1755
f 1572/1572 1588/1588 1573/1573
f 1756/1756 1761/1761 1764/1764
f 5505/5505 5501/5501 5502/5502
f 1573/1573 1570/1570 1572/1572
f 1573/1573 1571/1571 1570/1570
f 1742/1742 1744/1744 1739/1739
f 5500/5500 5499/5499 5498/5498
f 1571/1571 1579/1579 1574/1574
f 5498/5498 5499/5499 5497/5497
f 1574/1574 1580/1580 1568/1568
f 1739/1739 1744/1744 1723/1723
f 5487/5487 5497/5497 5494/5494
f 1723/1723 1744/1744 1746/1746
f 1723/1723 1746/1746 1722/1722
f 6333/6333 6334/6334 6335/6335
f 6434/6434 6334/6334 6332/6332
f 4735/4735 4732/4732 4734/4734
f 3614/3614 3610/3610 3605/3605
f 7965/7965 7966/7966 7964/7964
f 3609/3609 3611/3611 3610/3610
f 4742/4742 4743/4743 4744/4744
f 4749/4749 4716/4716 4718/4718
f 4721/4721 4712/4712 4719/4719
f 6438/6438 6414/6414 6427/6427
f 4718/4718 4714/4714 4722/4722
f 4717/4717 4714/4714 4712/4712
f 4717/4717 4712/4712 4721/4721
f 3839/3839 3814/3814 3845/3845
f 1102/1102 1101/1101 1077/1077
f 1072/1072 1073/1073 1058/1058
f 7287/7287 7284/7284 7301/7301
f 7284/7284 7302/7302 7301/7301
f 7301/7301 7302/7302 7310/7310
f 7302/7302 7316/7316 7310/7310
f 1039/1039 1036/1036 1038/1038
f 1038/1038 1036/1036 1037/1037
f 7283/7283 7281/7281 7284/7284
f 7282/7282 7280/7280 7276/7276
f 7282/7282 7276/7276 7281/7281
f 1037/1037 1034/1034 1052/1052
f 2154/2154 2149/2149 2143/2143
f 1032/1032 1033/1033 1028/1028
f 2154/2154 2143/2143 2146/2146
f 1028/1028 1027/1027 1023/1023
f 68/68 67/67 56/56
f 7268/7268 7275/7275 7273/7273
f 80/80 89/89 67/67
f 7268/7268 7273/7273 7267/7267
f 1012/1012 997/997 1002/1002
f 7273/7273 7274/7274 7267/7267
f 997/997 991/991 992/992
f 7267/7267 7274/7274 7272/7272
f 7862/7862 7841/7841 7808/7808
f 7251/7251 7272/7272 7250/7250
f 7251/7251 7250/7250 7249/7249
f 988/988 991/991 986/986
f 7250/7250 7246/7246 7249/7249
f 1973/1973 1974/1974 1983/1983
f 1973/1973 1983/1983 1982/1982
f 7246/7246 7247/7247 7248/7248
f 988/988 986/986 967/967
f 967/967 986/986 971/971
f 1535/1535 1529/1529 1617/1617
f 1535/1535 1533/1533 1529/1529
f 1533/1533 1527/1527 1529/1529
f 961/961 971/971 966/966
f 5810/5810 5814/5814 5816/5816
f 5531/5531 5530/5530 5519/5519
f 6244/6244 6252/6252 6246/6246
f 5816/5816 5815/5815 5823/5823
f 5823/5823 5822/5822 5826/5826
f 5515/5515 5516/5516 5513/5513
f 3670/3670 3665/3665 3660/3660
f 3660/3660 3659/3659 3677/3677
f 1588/1588 1589/1589 1573/1573
f 1763/1763 1764/1764 1766/1766
f 5501/5501 5499/5499 5500/5500
f 5502/5502 5501/5501 5500/5500
f 1589/1589 1579/1579 1573/1573
f 1573/1573 1579/1579 1571/1571
f 7974/7974 7971/7971 7973/7973
f 5497/5497 5623/5623 5494/5494
f 7973/7973 7971/7971 7969/7969
f 5733/5733 5738/5738 5736/5736
f 5299/5299 5293/5293 5298/5298
f 5293/5293 5297/5297 5294/5294
f 5293/5293 5295/5295 5298/5298
f 5293/5293 5294/5294 5295/5295
f 4985/4985 4980/4980 4990/4990
f 5535/5535 5534/5534 5452/5452
f 5452/5452 5534/5534 5451/5451
f 4732/4732 4733/4733 4734/4734
f 4734/4734 4733/4733 4742/4742
f 7964/7964 7962/7962 7961/7961
f 4744/4744 4743/4743 4749/4749
f 3845/3845 3846/3846 3861/3861
f 1163/1163 1102/1102 1114/1114
f 7292/7292 7301/7301 7304/7304
f 7292/7292 7287/7287 7301/7301
f 7285/7285 7287/7287 7292/7292
f 7301/7301 7310/7310 7304/7304
f 7288/7288 7286/7286 7285/7285
f 7285/7285 7284/7284 7287/7287
f 7286/7286 7283/7283 7285/7285
f 7285/7285 7283/7283 7284/7284
f 7282/7282 7281/7281 7283/7283
f 2161/2161 2157/2157 2149/2149
f 2149/2149 2142/2142 2140/2140
f 1033/1033 1027/1027 1028/1028
f 2143/2143 2145/2145 2146/2146
f 7999/7999 8000/8000 8001/8001
f 8001/8001 8000/8000 8003/8003
f 1023/1023 1027/1027 1012/1012
f 5251/5251 5253/5253 5254/5254
f 6667/6667 6668/6668 6669/6669
f 3560/3560 3561/3561 3562/3562
f 5254/5254 5253/5253 5255/5255
f 7808/7808 7802/7802 7805/7805
f 5255/5255 5256/5256 5258/5258
f 2027/2027 2033/2033 2031/2031
f 5258/5258 5259/5259 5264/5264
f 1598/1598 1603/1603 1604/1604
f 5264/5264 5263/5263 5265/5265
f 1603/1603 1560/1560 1604/1604
f 1598/1598 1593/1593 1603/1603
f 1603/1603 1553/1553 1560/1560
f 1593/1593 1553/1553 1603/1603
f 1975/1975 1972/1972 1971/1971
f 1553/1553 1535/1535 1555/1555
f 1555/1555 1535/1535 1617/1617
f 4521/4521 4520/4520 4511/4511
f 1554/1554 1533/1533 1553/1553
f 1553/1553 1533/1533 1535/1535
f 1554/1554 1534/1534 1533/1533
f 1533/1533 1534/1534 1527/1527
f 4262/4262 4260/4260 4251/4251
f 1534/1534 1525/1525 1527/1527
f 1552/1552 1546/1546 1525/1525
f 5798/5798 5801/5801 5799/5799
f 5798/5798 5809/5809 5810/5810
f 5801/5801 5798/5798 5810/5810
f 969/969 974/974 970/970
f 4541/4541 4533/4533 4537/4537
f 6246/6246 6252/6252 6269/6269
f 5519/5519 5530/5530 5518/5518
f 5519/5519 5518/5518 5517/5517
f 6248/6248 6252/6252 6244/6244
f 5814/5814 5815/5815 5816/5816
f 5518/5518 5516/5516 5517/5517
f 5517/5517 5516/5516 5515/5515
f 5815/5815 5822/5822 5823/5823
f 6251/6251 6258/6258 6248/6248
f 6272/6272 6268/6268 6251/6251
f 5513/5513 5523/5523 5506/5506
f 5513/5513 5506/5506 5505/5505
f 3659/3659 3656/3656 3677/3677
f 7976/7976 7975/7975 7974/7974
f 5499/5499 5403/5403 5497/5497
f 4988/4988 4975/4975 4985/4985
f 7971/7971 7970/7970 7969/7969
f 5734/5734 5733/5733 5736/5736
f 4975/4975 4980/4980 4985/4985
f 7969/7969 7970/7970 7968/7968
f 6335/6335 6337/6337 6339/6339
f 5293/5293 5300/5300 5297/5297
f 6434/6434 6338/6338 6334/6334
f 6334/6334 6338/6338 6337/6337
f 5294/5294 5296/5296 5295/5295
f 5451/5451 5463/5463 5450/5450
f 4712/4712 4710/4710 4719/4719
f 6438/6438 6416/6416 6414/6414
f 6093/6093 6088/6088 6091/6091
f 4716/4716 4711/4711 4714/4714
f 6089/6089 6084/6084 6088/6088
f 6414/6414 6416/6416 6415/6415
f 6089/6089 6087/6087 6084/6084
f 1102/1102 1162/1162 1101/1101
f 1074/1074 1100/1100 1075/1075
f 7293/7293 7292/7292 7303/7303
f 7303/7303 7304/7304 7312/7312
f 7292/7292 7304/7304 7303/7303
f 7289/7289 7292/7292 7293/7293
f 7289/7289 7285/7285 7292/7292
f 70/70 87/87 38/38
f 7289/7289 7288/7288 7285/7285
f 7296/7296 7286/7286 7288/7288
f 7296/7296 7297/7297 7286/7286
f 7286/7286 7297/7297 7283/7283
f 7297/7297 7282/7282 7283/7283
f 2162/2162 2157/2157 2161/2161
f 2149/2149 2157/2157 2142/2142
f 2149/2149 2140/2140 2143/2143
f 2143/2143 2144/2144 2145/2145
f 6668/6668 6670/6670 6669/6669
f 5253/5253 5256/5256 5255/5255
f 5258/5258 5256/5256 5259/5259
f 1601/1601 1608/1608 1609/1609
f 1601/1601 1598/1598 1608/1608
f 1598/1598 1604/1604 1608/1608
f 1608/1608 1604/1604 1615/1615
f 1604/1604 1616/1616 1615/1615
f 1601/1601 1597/1597 1598/1598
f 1604/1604 1561/1561 1616/1616
f 1604/1604 1560/1560 1561/1561
f 1597/1597 1595/1595 1593/1593
f 1597/1597 1593/1593 1598/1598
f 1560/1560 1555/1555 1561/1561
f 4514/4514 4521/4521 4511/4511
f 1595/1595 1594/1594 1593/1593
f 1560/1560 1553/1553 1555/1555
f 1976/1976 1972/1972 1975/1975
f 1594/1594 1599/1599 1600/1600
f 1594/1594 1592/1592 1593/1593
f 1594/1594 1600/1600 1592/1592
f 1592/1592 1591/1591 1593/1593
f 1591/1591 1554/1554 1553/1553
f 1592/1592 1556/1556 1591/1591
f 1591/1591 1556/1556 1554/1554
f 1554/1554 1556/1556 1534/1534
f 1556/1556 1552/1552 1534/1534
f 1552/1552 1525/1525 1534/1534
f 5810/5810 5809/5809 5814/5814
f 4537/4537 4535/4535 4538/4538
f 974/974 1004/1004 981/981
f 6258/6258 6259/6259 6248/6248
f 6251/6251 6268/6268 6258/6258
f 5513/5513 5516/5516 5524/5524
f 5513/5513 5524/5524 5523/5523
f 7946/7946 7947/7947 7948/7948
f 5505/5505 5506/5506 5501/5501
f 4929/4929 4927/4927 4942/4942
f 5501/5501 5503/5503 5499/5499
f 1747/1747 1744/1744 1742/1742
f 4653/4653 4654/4654 4650/4650
f 7975/7975 7972/7972 7974/7974
f 7972/7972 7970/7970 7971/7971
f 7974/7974 7972/7972 7971/7971
f 5497/5497 5622/5622 5623/5623
f 6339/6339 6337/6337 6340/6340
f 6338/6338 6341/6341 6337/6337
f 5069/5069 5068/5068 5072/5072
f 5534/5534 5536/5536 5451/5451
f 3610/3610 3612/3612 3618/3618
f 3611/3611 3612/3612 3610/3610
f 4743/4743 4713/4713 4716/4716
f 6097/6097 6093/6093 6096/6096
f 6439/6439 6431/6431 6438/6438
f 6438/6438 6431/6431 6416/6416
f 6093/6093 6091/6091 6092/6092
f 6091/6091 6086/6086 6092/6092
f 6091/6091 6088/6088 6083/6083
f 6091/6091 6083/6083 6086/6086
f 6416/6416 6430/6430 6415/6415
f 6088/6088 6084/6084 6083/6083
f 6084/6084 6081/6081 6083/6083
f 6415/6415 6430/6430 6422/6422
f 3813/3813 3847/3847 3846/3846
f 3845/3845 3813/3813 3846/3846
f 3835/3835 3817/3817 3816/3816
f 1101/1101 1162/1162 1151/1151
f 7324/7324 7323/7323 7321/7321
f 7324/7324 7325/7325 7323/7323
f 7315/7315 7293/7293 7303/7303
f 7291/7291 7293/7293 7315/7315
f 7323/7323 7322/7322 7321/7321
f 7323/7323 7326/7326 7322/7322
f 7291/7291 7289/7289 7293/7293
f 7326/7326 7327/7327 7322/7322
f 1075/1075 1058/1058 1073/1073
f 7291/7291 7290/7290 7289/7289
f 7290/7290 7288/7288 7289/7289
f 7327/7327 7328/7328 7322/7322
f 7290/7290 7298/7298 7288/7288
f 1058/1058 1099/1099 1048/1048
f 7298/7298 7296/7296 7288/7288
f 7327/7327 7329/7329 7328/7328
f 7317/7317 7318/7318 7296/7296
f 7318/7318 7297/7297 7296/7296
f 1039/1039 1110/1110 1036/1036
f 2162/2162 2160/2160 2157/2157
f 1036/1036 1035/1035 1034/1034
f 7786/7786 7792/7792 7790/7790
f 1034/1034 1027/1027 1033/1033
f 2140/2140 2141/2141 2143/2143
f 2143/2143 2141/2141 2144/2144
f 7999/7999 8002/8002 8000/8000
f 5252/5252 5257/5257 5253/5253
f 6668/6668 6673/6673 6670/6670
f 1012/1012 1029/1029 1018/1018
f 5267/5267 5260/5260 5269/5269
f 1609/1609 1608/1608 1627/1627
f 4529/4529 4530/4530 4516/4516
f 4530/4530 4528/4528 4516/4516
f 4516/4516 4528/4528 4519/4519
f 4519/4519 4514/4514 4515/4515
f 1599/1599 1594/1594 1596/1596
f 1596/1596 1594/1594 1595/1595
f 2012/2012 1979/1979 1976/1976
f 1600/1600 1556/1556 1592/1592
f 5803/5803 5802/5802 5800/5800
f 5800/5800 5797/5797 5799/5799
f 5797/5797 5798/5798 5799/5799
f 4537/4537 4533/4533 4535/4535
f 6252/6252 6262/6262 6269/6269
f 6248/6248 6259/6259 6252/6252
f 5523/5523 5524/5524 5594/5594
f 5523/5523 5594/5594 5596/5596
f 4929/4929 4920/4920 4927/4927
f 4942/4942 4927/4927 4972/4972
f 5501/5501 5504/5504 5503/5503
f 4930/4930 4975/4975 4972/4972
f 3695/3695 3658/3658 3696/3696
f 6077/6077 6074/6074 6078/6078
f 5497/5497 5403/5403 5622/5622
f 6779/6779 6780/6780 6781/6781
f 6337/6337 6341/6341 6340/6340
f 5073/5073 5067/5067 5071/5071
f 5071/5071 5067/5067 5069/5069
f 5067/5067 5068/5068 5069/5069
f 3380/3380 3385/3385 3376/3376
f 5536/5536 5463/5463 5451/5451
f 6439/6439 6440/6440 6431/6431
f 6092/6092 6086/6086 6094/6094
f 6083/6083 6085/6085 6086/6086
f 3847/3847 3813/3813 3812/3812
f 6081/6081 6082/6082 6083/6083
f 3817/3817 3815/3815 3816/3816
f 7335/7335 7334/7334 7330/7330
f 7334/7334 7324/7324 7330/7330
f 7330/7330 7324/7324 7321/7321
f 7330/7330 7321/7321 7332/7332
f 7332/7332 7321/7321 7320/7320
f 7322/7322 7319/7319 7321/7321
f 7321/7321 7319/7319 7320/7320
f 7294/7294 7290/7290 7291/7291
f 1075/1075 1099/1099 1058/1058
f 7290/7290 7295/7295 7298/7298
f 7322/7322 7328/7328 7319/7319
f 7328/7328 7308/7308 7319/7319
f 7329/7329 7331/7331 7328/7328
f 658/658 664/664 665/665
f 665/665 664/664 672/672
f 7298/7298 7317/7317 7296/7296
f 2157/2157 2160/2160 2159/2159
f 2157/2157 2159/2159 2142/2142
f 2144/2144 2167/2167 2145/2145
f 6679/6679 6677/6677 6678/6678
f 6678/6678 6677/6677 6676/6676
f 6673/6673 6672/6672 6670/6670
f 5269/5269 5275/5275 5276/5276
f 6670/6670 6672/6672 6671/6671
f 4516/4516 4519/4519 4512/4512
f 4512/4512 4519/4519 4515/4515
f 1016/1016 1017/1017 991/991
f 1602/1602 1599/1599 1596/1596
f 1599/1599 1607/1607 1600/1600
f 1607/1607 1619/1619 1600/1600
f 1600/1600 1619/1619 1556/1556
f 971/971 1007/1007 969/969
f 5805/5805 5798/5798 5797/5797
f 5806/5806 5811/5811 5809/5809
f 5809/5809 5811/5811 5814/5814
f 5530/5530 5529/5529 5518/5518
f 5811/5811 5815/5815 5814/5814
f 5815/5815 5819/5819 5822/5822
f 5596/5596 5595/5595 5506/5506
f 3660/3660 3654/3654 3659/3659
f 3659/3659 3654/3654 3656/3656
f 5501/5501 5506/5506 5504/5504
f 3654/3654 3655/3655 3656/3656
f 3656/3656 3655/3655 3657/3657
f 3655/3655 3658/3658 3657/3657
f 7984/7984 7986/7986 7985/7985
f 6073/6073 6076/6076 6074/6074
f 6074/6074 6076/6076 6078/6078
f 6076/6076 6079/6079 6078/6078
f 5622/5622 5403/5403 5405/5405
f 6779/6779 6783/6783 6780/6780
f 3380/3380 3387/3387 3389/3389
f 6783/6783 6784/6784 6780/6780
f 3387/3387 3375/3375 3374/3374
f 4980/4980 4984/4984 4991/4991
f 6338/6338 6342/6342 6341/6341
f 6341/6341 6342/6342 6340/6340
f 6342/6342 6343/6343 6340/6340
f 6340/6340 6343/6343 6345/6345
f 3374/3374 3375/3375 3370/3370
f 3376/3376 3370/3370 3375/3375
f 3376/3376 3371/3371 3370/3370
f 3376/3376 3381/3381 3371/3371
f 5536/5536 5537/5537 5463/5463
f 6441/6441 6431/6431 6440/6440
f 6416/6416 6431/6431 6430/6430
f 6094/6094 6085/6085 6095/6095
f 6094/6094 6086/6086 6085/6085
f 3808/3808 3803/3803 3813/3813
f 3803/3803 3805/3805 3813/3813
f 6083/6083 6082/6082 6085/6085
f 3813/3813 3805/3805 3812/3812
f 7868/7868 7945/7945 7870/7870
f 7342/7342 7335/7335 7341/7341
f 7341/7341 7335/7335 7339/7339
f 7335/7335 7330/7330 7339/7339
f 7338/7338 7332/7332 7346/7346
f 7332/7332 7320/7320 7346/7346
f 7320/7320 7319/7319 7307/7307
f 7319/7319 7306/7306 7307/7307
f 7307/7307 7306/7306 7299/7299
f 7299/7299 7295/7295 7294/7294
f 7306/7306 7300/7300 7299/7299
f 7299/7299 7300/7300 7295/7295
f 7294/7294 7295/7295 7290/7290
f 7319/7319 7308/7308 7306/7306
f 7306/7306 7308/7308 7300/7300
f 7300/7300 7311/7311 7295/7295
f 7295/7295 7311/7311 7309/7309
f 7295/7295 7309/7309 7298/7298
f 677/677 675/675 678/678
f 658/658 656/656 664/664
f 656/656 660/660 664/664
f 7337/7337 7318/7318 7317/7317
f 685/685 687/687 688/688
f 2151/2151 2159/2159 2160/2160
f 2150/2150 2142/2142 2159/2159
f 2140/2140 2139/2139 2141/2141
f 2141/2141 2152/2152 2144/2144
f 1027/1027 1035/1035 1117/1117
f 1027/1027 1117/1117 1029/1029
f 4506/4506 4490/4490 4489/4489
f 1624/1624 1623/1623 1612/1612
f 1612/1612 1606/1606 1602/1602
f 2016/2016 1979/1979 2012/2012
f 1606/1606 1599/1599 1602/1602
f 1606/1606 1607/1607 1599/1599
f 5802/5802 5797/5797 5800/5800
f 5805/5805 5806/5806 5798/5798
f 5798/5798 5806/5806 5809/5809
f 4533/4533 4534/4534 4535/4535
f 4543/4543 4542/4542 4533/4533
f 5518/5518 5520/5520 5516/5516
f 6258/6258 6268/6268 6260/6260
f 6265/6265 6260/6260 6268/6268
f 5524/5524 5525/5525 5594/5594
f 3665/3665 3663/3663 3660/3660
f 3660/3660 3663/3663 3654/3654
f 5595/5595 5508/5508 5506/5506
f 3661/3661 3655/3655 3654/3654
f 3658/3658 3655/3655 3667/3667
f 5504/5504 5527/5527 5503/5503
f 6955/6955 6956/6956 6957/6957
f 6072/6072 6074/6074 6077/6077
f 6072/6072 6075/6075 6073/6073
f 6072/6072 6073/6073 6074/6074
f 6072/6072 6080/6080 6075/6075
f 5656/5656 5648/5648 5649/5649
f 5648/5648 5404/5404 5403/5403
f 5649/5649 5648/5648 5403/5403
f 3389/3389 3387/3387 3392/3392
f 5403/5403 5404/5404 5405/5405
f 3387/3387 3374/3374 3388/3388
f 4980/4980 4939/4939 4984/4984
f 3374/3374 3373/3373 3379/3379
f 3373/3373 3378/3378 3379/3379
f 5576/5576 5405/5405 5538/5538
f 5576/5576 5538/5538 5536/5536
f 6343/6343 6350/6350 6345/6345
f 3374/3374 3370/3370 3373/3373
f 3370/3370 3372/3372 3373/3373
f 3373/3373 3372/3372 3377/3377
f 3373/3373 3377/3377 3378/3378
f 3370/3370 3371/3371 3372/3372
f 3372/3372 3382/3382 3377/3377
f 2383/2383 2365/2365 2375/2375
f 4708/4708 4731/4731 4707/4707
f 3371/3371 3383/3383 3372/3372
f 3372/3372 3383/3383 3382/3382
f 3383/3383 3386/3386 3382/3382
f 2374/2374 2365/2365 2383/2383
f 2372/2372 2368/2368 2373/2373
f 3391/3391 3384/3384 3381/3381
f 3381/3381 3384/3384 3371/3371
f 3371/3371 3384/3384 3383/3383
f 3613/3613 3616/3616 3612/3612
f 6363/6363 6442/6442 6441/6441
f 6442/6442 6431/6431 6441/6441
f 3812/3812 3806/3806 3810/3810
f 7343/7343 7342/7342 7341/7341
f 7339/7339 7330/7330 7338/7338
f 7330/7330 7332/7332 7338/7338
f 1075/1075 1121/1121 1099/1099
f 7308/7308 7311/7311 7300/7300
f 672/672 671/671 673/673
f 673/673 671/671 677/677
f 676/676 675/675 677/677
f 675/675 679/679 678/678
f 664/664 662/662 670/670
f 679/679 686/686 678/678
f 664/664 660/660 662/662
f 679/679 685/685 686/686
f 2142/2142 2138/2138 2140/2140
f 2140/2140 2138/2138 2139/2139
f 6681/6681 6680/6680 6679/6679
f 6674/6674 6685/6685 6672/6672
f 4522/4522 4516/4516 4465/4465
f 4510/4510 4522/4522 4465/4465
f 4465/4465 4516/4516 4503/4503
f 2022/2022 2035/2035 2023/2023
f 2023/2023 2035/2035 2016/2016
f 5750/5750 5746/5746 5749/5749
f 5752/5752 5844/5844 5846/5846
f 1612/1612 1623/1623 1606/1606
f 5846/5846 5844/5844 5839/5839
f 1623/1623 1620/1620 1606/1606
f 1606/1606 1620/1620 1607/1607
f 1620/1620 1621/1621 1607/1607
f 1607/1607 1621/1621 1626/1626
f 1626/1626 1619/1619 1607/1607
f 5862/5862 5855/5855 5803/5803
f 5803/5803 5855/5855 5802/5802
f 4924/4924 4896/4896 4895/4895
f 4534/4534 4536/4536 4535/4535
f 5529/5529 5521/5521 5518/5518
f 6259/6259 6261/6261 6262/6262
f 5518/5518 5521/5521 5520/5520
f 5516/5516 5520/5520 5522/5522
f 5522/5522 5525/5525 5516/5516
f 5516/5516 5525/5525 5524/5524
f 5595/5595 5597/5597 5508/5508
f 3663/3663 3661/3661 3654/3654
f 5508/5508 5507/5507 5506/5506
f 5506/5506 5507/5507 5504/5504
f 5507/5507 5526/5526 5504/5504
f 5504/5504 5526/5526 5527/5527
f 5526/5526 5528/5528 5527/5527
f 6958/6958 6959/6959 6956/6956
f 7983/7983 7986/7986 7984/7984
f 6825/6825 6827/6827 6829/6829
f 5655/5655 5643/5643 5648/5648
f 5648/5648 5643/5643 5404/5404
f 240/240 278/278 230/230
f 5404/5404 5538/5538 5405/5405
f 3388/3388 3379/3379 3390/3390
f 7062/7062 7061/7061 7060/7060
f 7060/7060 7058/7058 7057/7057
f 6342/6342 6344/6344 6343/6343
f 6343/6343 6344/6344 6346/6346
f 6343/6343 6347/6347 6350/6350
f 6343/6343 6346/6346 6347/6347
f 2375/2375 2367/2367 2376/2376
f 6347/6347 6361/6361 6350/6350
f 2365/2365 2367/2367 2375/2375
f 5538/5538 5537/5537 5536/5536
f 6361/6361 6358/6358 6362/6362
f 2374/2374 2363/2363 2365/2365
f 6358/6358 6360/6360 6363/6363
f 2372/2372 2370/2370 2368/2368
f 2373/2373 2368/2368 2374/2374
f 2374/2374 2368/2368 2363/2363
f 6363/6363 6360/6360 6442/6442
f 3834/3834 3831/3831 3819/3819
f 7343/7343 7341/7341 7345/7345
f 664/664 670/670 672/672
f 671/671 676/676 677/677
f 2151/2151 2150/2150 2159/2159
f 1107/1107 1122/1122 1035/1035
f 2141/2141 2139/2139 2152/2152
f 6681/6681 6686/6686 6680/6680
f 7801/7801 7800/7800 7802/7802
f 4503/4503 4512/4512 4477/4477
f 4512/4512 4507/4507 4477/4477
f 2036/2036 2035/2035 2022/2022
f 5752/5752 5749/5749 5845/5845
f 2036/2036 2037/2037 2035/2035
f 5752/5752 5845/5845 5844/5844
f 5862/5862 5836/5836 5855/5855
f 4534/4534 4546/4546 4536/4536
f 4544/4544 4545/4545 4542/4542
f 6261/6261 6275/6275 6273/6273
f 6261/6261 6276/6276 6275/6275
f 5520/5520 5676/5676 5522/5522
f 6260/6260 6263/6263 6261/6261
f 6261/6261 6263/6263 6276/6276
f 6260/6260 6264/6264 6263/6263
f 5522/5522 5581/5581 5525/5525
f 3665/3665 3669/3669 3663/3663
f 5525/5525 5581/5581 5597/5597
f 5526/5526 5539/5539 5528/5528
f 6826/6826 6828/6828 6827/6827
f 2074/2074 2073/2073 2070/2070
f 2073/2073 2069/2069 2070/2070
f 2070/2070 2069/2069 2067/2067
f 2073/2073 2076/2076 2069/2069
f 5643/5643 5547/5547 5404/5404
f 5716/5716 5537/5537 5538/5538
f 6346/6346 6357/6357 6347/6347
f 6357/6357 6358/6358 6347/6347
f 6357/6357 6359/6359 6358/6358
f 6347/6347 6358/6358 6361/6361
f 2368/2368 2364/2364 2363/2363
f 6359/6359 6360/6360 6358/6358
f 2370/2370 2369/2369 2368/2368
f 3817/3817 3819/3819 3818/3818
f 7345/7345 7339/7339 7340/7340
f 7340/7340 7339/7339 7338/7338
f 7307/7307 7355/7355 7346/7346
f 672/672 670/670 671/671
f 655/655 660/660 656/656
f 2142/2142 2150/2150 2138/2138
f 2139/2139 2130/2130 2152/2152
f 55/55 66/66 28/28
f 2152/2152 2130/2130 2189/2189
f 7800/7800 7798/7798 7797/7797
f 7206/7206 7194/7194 7185/7185
f 108/108 107/107 105/105
f 7185/7185 7186/7186 7187/7187
f 4869/4869 4870/4870 4876/4876
f 5747/5747 5753/5753 5748/5748
f 5844/5844 5840/5840 5839/5839
f 5840/5840 5838/5838 5839/5839
f 5839/5839 5838/5838 5837/5837
f 5855/5855 5836/5836 5834/5834
f 5855/5855 5804/5804 5802/5802
f 5802/5802 5804/5804 5797/5797
f 5805/5805 5808/5808 5806/5806
f 4534/4534 4547/4547 4546/4546
f 5552/5552 5532/5532 5529/5529
f 5812/5812 5811/5811 5806/5806
f 5529/5529 5532/5532 5521/5521
f 5521/5521 5533/5533 5520/5520
f 6275/6275 6277/6277 6278/6278
f 7218/7218 7219/7219 7221/7221
f 5520/5520 5533/5533 5676/5676
f 6276/6276 6277/6277 6275/6275
f 7216/7216 7217/7217 7218/7218
f 5040/5040 5035/5035 5039/5039
f 5039/5039 5035/5035 5034/5034
f 5035/5035 5031/5031 5034/5034
f 5031/5031 5033/5033 5034/5034
f 6264/6264 6270/6270 6263/6263
f 2060/2060 2054/2054 2059/2059
f 2059/2059 2054/2054 2055/2055
f 6265/6265 6266/6266 6264/6264
f 6264/6264 6266/6266 6270/6270
f 2054/2054 2046/2046 2053/2053
f 2054/2054 2053/2053 2055/2055
f 2055/2055 2053/2053 2058/2058
f 5031/5031 5032/5032 5033/5033
f 5033/5033 5032/5032 5036/5036
f 5033/5033 5036/5036 5037/5037
f 2046/2046 2045/2045 2053/2053
f 3663/3663 3666/3666 3661/3661
f 5508/5508 5617/5617 5507/5507
f 5617/5617 5641/5641 5507/5507
f 5507/5507 5641/5641 5589/5589
f 3661/3661 3662/3662 3655/3655
f 3655/3655 3662/3662 3667/3667
f 5589/5589 5526/5526 5507/5507
f 5589/5589 5585/5585 5526/5526
f 5526/5526 5585/5585 5539/5539
f 4601/4601 4602/4602 4603/4603
f 3667/3667 3671/3671 3689/3689
f 2065/2065 2072/2072 2062/2062
f 2074/2074 2063/2063 2071/2071
f 2064/2064 2065/2065 2062/2062
f 2074/2074 2070/2070 2063/2063
f 2063/2063 2070/2070 2067/2067
f 2064/2064 2067/2067 2066/2066
f 2064/2064 2066/2066 2065/2065
f 2067/2067 2068/2068 2066/2066
f 6938/6938 6932/6932 6935/6935
f 6939/6939 6933/6933 6938/6938
f 2067/2067 2069/2069 2068/2068
f 5620/5620 5538/5538 5404/5404
f 5404/5404 5547/5547 5620/5620
f 5620/5620 5716/5716 5538/5538
f 3442/3442 3443/3443 3444/3444
f 5716/5716 5620/5620 5537/5537
f 2364/2364 2366/2366 2365/2365
f 2368/2368 2369/2369 2364/2364
f 3830/3830 3829/3829 3819/3819
f 3815/3815 3822/3822 3844/3844
f 671/671 670/670 668/668
f 671/671 668/668 676/676
f 676/676 668/668 675/675
f 670/670 662/662 666/666
f 660/660 661/661 662/662
f 685/685 684/684 687/687
f 657/657 659/659 655/655
f 655/655 659/659 660/660
f 684/684 689/689 687/687
f 2151/2151 2148/2148 2150/2150
f 2150/2150 2148/2148 2138/2138
f 2131/2131 2130/2130 2139/2139
f 7201/7201 7195/7195 7200/7200
f 7200/7200 7194/7194 7206/7206
f 7194/7194 7186/7186 7185/7185
f 7186/7186 7188/7188 7187/7187
f 5748/5748 5851/5851 5749/5749
f 5844/5844 5845/5845 5840/5840
f 5837/5837 5838/5838 5835/5835
f 5837/5837 5835/5835 5836/5836
f 5834/5834 5804/5804 5855/5855
f 5807/5807 5805/5805 5797/5797
f 5805/5805 5807/5807 5808/5808
f 4846/4846 4854/4854 4847/4847
f 5811/5811 5812/5812 5815/5815
f 5521/5521 5590/5590 5533/5533
f 5533/5533 5728/5728 5676/5676
f 5815/5815 5817/5817 5819/5819
f 4686/4686 4679/4679 4689/4689
f 4689/4689 4679/4679 4688/4688
f 5031/5031 5041/5041 5032/5032
f 5718/5718 5615/5615 5618/5618
f 2053/2053 2045/2045 2042/2042
f 2053/2053 2057/2057 2075/2075
f 5032/5032 5038/5038 5036/5036
f 5618/5618 5615/5615 5617/5617
f 2050/2050 2061/2061 2047/2047
f 2050/2050 2047/2047 2046/2046
f 2042/2042 2056/2056 2053/2053
f 2053/2053 2056/2056 2057/2057
f 2047/2047 2043/2043 2046/2046
f 2046/2046 2043/2043 2045/2045
f 5617/5617 5616/5616 5641/5641
f 6704/6704 6703/6703 6706/6706
f 6704/6704 6706/6706 6707/6707
f 3661/3661 3664/3664 3662/3662
f 5589/5589 5654/5654 5587/5587
f 5589/5589 5587/5587 5585/5585
f 2061/2061 2071/2071 2049/2049
f 2061/2061 2049/2049 2047/2047
f 6926/6926 6905/6905 6928/6928
f 3662/3662 3671/3671 3667/3667
f 5585/5585 5542/5542 5539/5539
f 2071/2071 2063/2063 2049/2049
f 2048/2048 2062/2062 2051/2051
f 3671/3671 3697/3697 3689/3689
f 3689/3689 3697/3697 3699/3699
f 4600/4600 4599/4599 4601/4601
f 2049/2049 2063/2063 2062/2062
f 2063/2063 2064/2064 2062/2062
f 6929/6929 6927/6927 6936/6936
f 6932/6932 6929/6929 6935/6935
f 5540/5540 5547/5547 5643/5643
f 5621/5621 5537/5537 5620/5620
f 668/668 674/674 675/675
f 675/675 674/674 679/679
f 674/674 684/684 679/679
f 679/679 684/684 685/685
f 661/661 663/663 662/662
f 662/662 663/663 666/666
f 660/660 659/659 661/661
f 7784/7784 7781/7781 7783/7783
f 2139/2139 2138/2138 2131/2131
f 2131/2131 2128/2128 2130/2130
f 2128/2128 2129/2129 2130/2130
f 7202/7202 7195/7195 7201/7201
f 1139/1139 1169/1169 1172/1172
f 7195/7195 7194/7194 7200/7200
f 7194/7194 7189/7189 7186/7186
f 7186/7186 7189/7189 7188/7188
f 7189/7189 7190/7190 7188/7188
f 5753/5753 5851/5851 5748/5748
f 5851/5851 5850/5850 5749/5749
f 5749/5749 5850/5850 5845/5845
f 5836/5836 5835/5835 5834/5834
f 5804/5804 5807/5807 5797/5797
f 5808/5808 5813/5813 5806/5806
f 5813/5813 5812/5812 5806/5806
f 4897/4897 4898/4898 4905/4905
f 5532/5532 5636/5636 5521/5521
f 5636/5636 5590/5590 5521/5521
f 5812/5812 5817/5817 5815/5815
f 5533/5533 5590/5590 5598/5598
f 4683/4683 4680/4680 4679/4679
f 4683/4683 4679/4679 4686/4686
f 3669/3669 3668/3668 3663/3663
f 3661/3661 3666/3666 3664/3664
f 7207/7207 7208/7208 7209/7209
f 7207/7207 7209/7209 7210/7210
f 5617/5617 5615/5615 5616/5616
f 2042/2042 2044/2044 2056/2056
f 2045/2045 2043/2043 2042/2042
f 2042/2042 2043/2043 2044/2044
f 6697/6697 6703/6703 6704/6704
f 2043/2043 2052/2052 2044/2044
f 6689/6689 6698/6698 6691/6691
f 6698/6698 6694/6694 6691/6691
f 2047/2047 2048/2048 2043/2043
f 2043/2043 2051/2051 2052/2052
f 6699/6699 6702/6702 6695/6695
f 2047/2047 2049/2049 2048/2048
f 2048/2048 2051/2051 2043/2043
f 6698/6698 6701/6701 6700/6700
f 6698/6698 6700/6700 6694/6694
f 6694/6694 6700/6700 6699/6699
f 6907/6907 6906/6906 6909/6909
f 6694/6694 6699/6699 6695/6695
f 5587/5587 5586/5586 5585/5585
f 6905/6905 6908/6908 6906/6906
f 6905/6905 6906/6906 6907/6907
f 5585/5585 5586/5586 5542/5542
f 6929/6929 6911/6911 6925/6925
f 3699/3699 3697/3697 3700/3700
f 4598/4598 4599/4599 4600/4600
f 6931/6931 6930/6930 6929/6929
f 5540/5540 5541/5541 5547/5547
f 5547/5547 5548/5548 5551/5551
f 5547/5547 5551/5551 5620/5620
f 5620/5620 5551/5551 5621/5621
f 478/478 479/479 482/482
f 668/668 669/669 674/674
f 670/670 666/666 668/668
f 2148/2148 2147/2147 2138/2138
f 2128/2128 2125/2125 2129/2129
f 107/107 88/88 99/99
f 7195/7195 7193/7193 7194/7194
f 7193/7193 7189/7189 7194/7194
f 7193/7193 7192/7192 7189/7189
f 7189/7189 7191/7191 7190/7190
f 5758/5758 5762/5762 5754/5754
f 4477/4477 4487/4487 4476/4476
f 5845/5845 5849/5849 5840/5840
f 5834/5834 5824/5824 5804/5804
f 4838/4838 4953/4953 4968/4968
f 4855/4855 4856/4856 4854/4854
f 5653/5653 5644/5644 5645/5645
f 5645/5645 5644/5644 5552/5552
f 5552/5552 5644/5644 5532/5532
f 5813/5813 5818/5818 5812/5812
f 5817/5817 5820/5820 5819/5819
f 4687/4687 4681/4681 4684/4684
f 4679/4679 4681/4681 4682/4682
f 3663/3663 3668/3668 3666/3666
f 5615/5615 5614/5614 5613/5613
f 5615/5615 5613/5613 5616/5616
f 6689/6689 6691/6691 6690/6690
f 6688/6688 6689/6689 6690/6690
f 5613/5613 5647/5647 5616/5616
f 6690/6690 6691/6691 6692/6692
f 6692/6692 6691/6691 6693/6693
f 6691/6691 6694/6694 6693/6693
f 6696/6696 6697/6697 6704/6704
f 6694/6694 6695/6695 6693/6693
f 6693/6693 6695/6695 6696/6696
f 6696/6696 6695/6695 6697/6697
f 6695/6695 6702/6702 6697/6697
f 6697/6697 6702/6702 6703/6703
f 6143/6143 6144/6144 6145/6145
f 6703/6703 6702/6702 6705/6705
f 6143/6143 6145/6145 6146/6146
f 5587/5587 5703/5703 5586/5586
f 6906/6906 6910/6910 6909/6909
f 6147/6147 6148/6148 6144/6144
f 6147/6147 6144/6144 6143/6143
f 6908/6908 6911/6911 6910/6910
f 6908/6908 6910/6910 6906/6906
f 5542/5542 5541/5541 5539/5539
f 6931/6931 6937/6937 6943/6943
f 5539/5539 5541/5541 5540/5540
f 6934/6934 6924/6924 6937/6937
f 5541/5541 5548/5548 5547/5547
f 3828/3828 3833/3833 3824/3824
f 490/490 527/527 491/491
f 666/666 667/667 668/668
f 668/668 667/667 669/669
f 663/663 667/667 666/666
f 684/684 645/645 689/689
f 641/641 639/639 643/643
f 2148/2148 2212/2212 2156/2156
f 643/643 639/639 638/638
f 643/643 638/638 682/682
f 661/661 680/680 663/663
f 2138/2138 2147/2147 2135/2135
f 2138/2138 2135/2135 2131/2131
f 2128/2128 2126/2126 2125/2125
f 99/99 88/88 75/75
f 7196/7196 7193/7193 7195/7195
f 7196/7196 7192/7192 7193/7193
f 7192/7192 7191/7191 7189/7189
f 7191/7191 7199/7199 7190/7190
f 7190/7190 7199/7199 7203/7203
f 7190/7190 7203/7203 7204/7204
f 2478/2478 2479/2479 2480/2480
f 5760/5760 5762/5762 5758/5758
f 5754/5754 5854/5854 5753/5753
f 5854/5854 5851/5851 5753/5753
f 5840/5840 5842/5842 5838/5838
f 5838/5838 5842/5842 5835/5835
f 4882/4882 4993/4993 4960/4960
f 5807/5807 5821/5821 5808/5808
f 4968/4968 4973/4973 4992/4992
f 4992/4992 4973/4973 4857/4857
f 8034/8034 8035/8035 8036/8036
f 5653/5653 5724/5724 5644/5644
f 5808/5808 5821/5821 5813/5813
f 5644/5644 5677/5677 5532/5532
f 5818/5818 5817/5817 5812/5812
f 5636/5636 5702/5702 5599/5599
f 5636/5636 5599/5599 5590/5590
f 5590/5590 5599/5599 5598/5598
f 4562/4562 4564/4564 4563/4563
f 6148/6148 6149/6149 6144/6144
f 6144/6144 6149/6149 6145/6145
f 5703/5703 5543/5543 5586/5586
f 5586/5586 5543/5543 5542/5542
f 3532/3532 3533/3533 3545/3545
f 5542/5542 5543/5543 5541/5541
f 3533/3533 3544/3544 3545/3545
f 3533/3533 3537/3537 3544/3544
f 3872/3872 3871/3871 3869/3869
f 6921/6921 6923/6923 6924/6924
f 3623/3623 3624/3624 3622/3622
f 1150/1150 1152/1152 1149/1149
f 1156/1156 1152/1152 1167/1167
f 667/667 683/683 669/669
f 669/669 620/620 674/674
f 674/674 645/645 684/684
f 663/663 680/680 667/667
f 682/682 638/638 659/659
f 659/659 638/638 661/661
f 638/638 681/681 661/661
f 661/661 681/681 680/680
f 2148/2148 2156/2156 2147/2147
f 2135/2135 2133/2133 2131/2131
f 28/28 75/75 59/59
f 2131/2131 2133/2133 2132/2132
f 2131/2131 2132/2132 2128/2128
f 7196/7196 7197/7197 7192/7192
f 88/88 102/102 76/76
f 7192/7192 7198/7198 7191/7191
f 6792/6792 6787/6787 6793/6793
f 2486/2486 2485/2485 2478/2478
f 2486/2486 2478/2478 2482/2482
f 2482/2482 2478/2478 2481/2481
f 2486/2486 2492/2492 2485/2485
f 2481/2481 2480/2480 2488/2488
f 2478/2478 2480/2480 2481/2481
f 2488/2488 2480/2480 2491/2491
f 2492/2492 2484/2484 2485/2485
f 2492/2492 2493/2493 2484/2484
f 2484/2484 2479/2479 2478/2478
f 2485/2485 2484/2484 2478/2478
f 2480/2480 2489/2489 2491/2491
f 2493/2493 2498/2498 2484/2484
f 2498/2498 2494/2494 2484/2484
f 2484/2484 2494/2494 2483/2483
f 2484/2484 2483/2483 2479/2479
f 2479/2479 2483/2483 2480/2480
f 2480/2480 2483/2483 2487/2487
f 2480/2480 2487/2487 2489/2489
f 2489/2489 2487/2487 2490/2490
f 2494/2494 2487/2487 2483/2483
f 2494/2494 2499/2499 2487/2487
f 5845/5845 5850/5850 5849/5849
f 4993/4993 4986/4986 4960/4960
f 4960/4960 4986/4986 4963/4963
f 5834/5834 5835/5835 5824/5824
f 5804/5804 5824/5824 5807/5807
f 5807/5807 5824/5824 5821/5821
f 8042/8042 8041/8041 8044/8044
f 4797/4797 4787/4787 4784/4784
f 5677/5677 5702/5702 5636/5636
f 5702/5702 5601/5601 5599/5599
f 5598/5598 5599/5599 5600/5600
f 4681/4681 4687/4687 4682/4682
f 3668/3668 3672/3672 3666/3666
f 5614/5614 5600/5600 5613/5613
f 5613/5613 5546/5546 5647/5647
f 3525/3525 3527/3527 3530/3530
f 3525/3525 3526/3526 3527/3527
f 3527/3527 3532/3532 3530/3530
f 6149/6149 6150/6150 6145/6145
f 6145/6145 6150/6150 6151/6151
f 3527/3527 3533/3533 3532/3532
f 4599/4599 4607/4607 4602/4602
f 4599/4599 4608/4608 4607/4607
f 3873/3873 3865/3865 3866/3866
f 3548/3548 3537/3537 3533/3533
f 3867/3867 3863/3863 3865/3865
f 3863/3863 3864/3864 3865/3865
f 3544/3544 3537/3537 3538/3538
f 3538/3538 3546/3546 3547/3547
f 4599/4599 4609/4609 4608/4608
f 3863/3863 3869/3869 3864/3864
f 3869/3869 3871/3871 3864/3864
f 3537/3537 3536/3536 3538/3538
f 3538/3538 3536/3536 3546/3546
f 3824/3824 3825/3825 3823/3823
f 476/476 473/473 479/479
f 1158/1158 1188/1188 1157/1157
f 1158/1158 1157/1157 1153/1153
f 1150/1150 1153/1153 1152/1152
f 651/651 649/649 650/650
f 650/650 649/649 641/641
f 620/620 621/621 674/674
f 674/674 621/621 645/645
f 641/641 636/636 639/639
f 639/639 636/636 638/638
f 2128/2128 2127/2127 2126/2126
f 2124/2124 2125/2125 2126/2126
f 2124/2124 2153/2153 2125/2125
f 7197/7197 7198/7198 7192/7192
f 76/76 83/83 78/78
f 2497/2497 2486/2486 2482/2482
f 2206/2206 2195/2195 2204/2204
f 2195/2195 2198/2198 2204/2204
f 2195/2195 2197/2197 2198/2198
f 2198/2198 2197/2197 2199/2199
f 3348/3348 3349/3349 3336/3336
f 2200/2200 2202/2202 2199/2199
f 2199/2199 2202/2202 2203/2203
f 2202/2202 2209/2209 2203/2203
f 2209/2209 2202/2202 2208/2208
f 2208/2208 2211/2211 2209/2209
f 2490/2490 2487/2487 2495/2495
f 2487/2487 2499/2499 2496/2496
f 2487/2487 2496/2496 2495/2495
f 5842/5842 5843/5843 5835/5835
f 5835/5835 5843/5843 5841/5841
f 4986/4986 4987/4987 4963/4963
f 5835/5835 5841/5841 5824/5824
f 4959/4959 4961/4961 4957/4957
f 4973/4973 4957/4957 4983/4983
f 4973/4973 4983/4983 4857/4857
f 8043/8043 8045/8045 8041/8041
f 5599/5599 5601/5601 5600/5600
f 4860/4860 4900/4900 4899/4899
f 5600/5600 5602/5602 5613/5613
f 5613/5613 5602/5602 5546/5546
f 3528/3528 3526/3526 3525/3525
f 5647/5647 5546/5546 5549/5549
f 6150/6150 6152/6152 6151/6151
f 3527/3527 3526/3526 3529/3529
f 3531/3531 3533/3533 3527/3527
f 3527/3527 3529/3529 3531/3531
f 5544/5544 5541/5541 5543/5543
f 3866/3866 3868/3868 3870/3870
f 3531/3531 3548/3548 3533/3533
f 3865/3865 3864/3864 3866/3866
f 3866/3866 3864/3864 3868/3868
f 4665/4665 4664/4664 4608/4608
f 6921/6921 6916/6916 6918/6918
f 6921/6921 6918/6918 6923/6923
f 6918/6918 6922/6922 6923/6923
f 3548/3548 3534/3534 3537/3537
f 3537/3537 3534/3534 3536/3536
f 3534/3534 3535/3535 3536/3536
f 3536/3536 3543/3543 3546/3546
f 4609/4609 4671/4671 4665/4665
f 3536/3536 3535/3535 3543/3543
f 3543/3543 3535/3535 3540/3540
f 3540/3540 3542/3542 3543/3543
f 1167/1167 1171/1171 1170/1170
f 1167/1167 1170/1170 1156/1156
f 683/683 620/620 669/669
f 645/645 621/621 640/640
f 641/641 642/642 636/636
f 667/667 614/614 683/683
f 2212/2212 2155/2155 2156/2156
f 680/680 614/614 667/667
f 638/638 636/636 635/635
f 638/638 635/635 681/681
f 635/635 622/622 681/681
f 681/681 622/622 680/680
f 2128/2128 2132/2132 2127/2127
f 2127/2127 2124/2124 2126/2126
f 7205/7205 7198/7198 7197/7197
f 2153/2153 2124/2124 2158/2158
f 2206/2206 2158/2158 2195/2195
f 6792/6792 6785/6785 6787/6787
f 5769/5769 5770/5770 5767/5767
f 2197/2197 2200/2200 2199/2199
f 2202/2202 2207/2207 2208/2208
f 5784/5784 5853/5853 5854/5854
f 5854/5854 5853/5853 5851/5851
f 2208/2208 2207/2207 2210/2210
f 5851/5851 5853/5853 5850/5850
f 2208/2208 2210/2210 2211/2211
f 7654/7654 7655/7655 7651/7651
f 7654/7654 7651/7651 7653/7653
f 5849/5849 5847/5847 5840/5840
f 5840/5840 5847/5847 5842/5842
f 4963/4963 4987/4987 4962/4962
f 4962/4962 4987/4987 4989/4989
f 4499/4499 4501/4501 4504/4504
f 4962/4962 4989/4989 4964/4964
f 4964/4964 4989/4989 4967/4967
f 5719/5719 5612/5612 5611/5611
f 4983/4983 4966/4966 4994/4994
f 5611/5611 5609/5609 5610/5610
f 5608/5608 5607/5607 5606/5606
f 5606/5606 5607/5607 5605/5605
f 5606/5606 5605/5605 5601/5601
f 5818/5818 5830/5830 5817/5817
f 4794/4794 4858/4858 4860/4860
f 4910/4910 4794/4794 4860/4860
f 5601/5601 5602/5602 5600/5600
f 7649/7649 7646/7646 7647/7647
f 3672/3672 3675/3675 3681/3681
f 5549/5549 5546/5546 5545/5545
f 5543/5543 5545/5545 5544/5544
f 4607/4607 4647/4647 4641/4641
f 3531/3531 3554/3554 3548/3548
f 4607/4607 4664/4664 4647/4647
f 6922/6922 6920/6920 6914/6914
f 6918/6918 6920/6920 6922/6922
f 3554/3554 3551/3551 3548/3548
f 3548/3548 3551/3551 3534/3534
f 3551/3551 3539/3539 3534/3534
f 3534/3534 3539/3539 3535/3535
f 4671/4671 4669/4669 4666/4666
f 3539/3539 3540/3540 3535/3535
f 3539/3539 3541/3541 3540/3540
f 3540/3540 3541/3541 3542/3542
f 3542/3542 3541/3541 3549/3549
f 3541/3541 3550/3550 3549/3549
f 1157/1157 1154/1154 1153/1153
f 1152/1152 1166/1166 1167/1167
f 614/614 616/616 683/683
f 2156/2156 2155/2155 2147/2147
f 622/622 614/614 680/680
f 2147/2147 2136/2136 2135/2135
f 2135/2135 2134/2134 2133/2133
f 2133/2133 2134/2134 2132/2132
f 5771/5771 5770/5770 5769/5769
f 6785/6785 6788/6788 6786/6786
f 6785/6785 6786/6786 6787/6787
f 6787/6787 6794/6794 6795/6795
f 2197/2197 2201/2201 2200/2200
f 5778/5778 5783/5783 5762/5762
f 2200/2200 2205/2205 2202/2202
f 2202/2202 2205/2205 2207/2207
f 5824/5824 5828/5828 5821/5821
f 5612/5612 5609/5609 5611/5611
f 5821/5821 5827/5827 5813/5813
f 5609/5609 5608/5608 5610/5610
f 5827/5827 5829/5829 5813/5813
f 5609/5609 5607/5607 5608/5608
f 5813/5813 5829/5829 5818/5818
f 5829/5829 5830/5830 5818/5818
f 5830/5830 5831/5831 5817/5817
f 5817/5817 5831/5831 5833/5833
f 5601/5601 5605/5605 5604/5604
f 5817/5817 5833/5833 5820/5820
f 7650/7650 7640/7640 7649/7649
f 5604/5604 5603/5603 5601/5601
f 5603/5603 5602/5602 5601/5601
f 3668/3668 3673/3673 3672/3672
f 7649/7649 7640/7640 7646/7646
f 3672/3672 3674/3674 3675/3675
f 5546/5546 5544/5544 5545/5545
f 3681/3681 3683/3683 3692/3692
f 5010/5010 5007/5007 5009/5009
f 6920/6920 6915/6915 6914/6914
f 6916/6916 6948/6948 6917/6917
f 6916/6916 6917/6917 6918/6918
f 6918/6918 6917/6917 6919/6919
f 6918/6918 6919/6919 6920/6920
f 3539/3539 3551/3551 3552/3552
f 3552/3552 3553/3553 3539/3539
f 3553/3553 3541/3541 3539/3539
f 4055/4055 4048/4048 4049/4049
f 1153/1153 1154/1154 1152/1152
f 3170/3170 3171/3171 3172/3172
f 3171/3171 3207/3207 3172/3172
f 649/649 646/646 642/642
f 683/683 616/616 620/620
f 2155/2155 2136/2136 2147/2147
f 2135/2135 2136/2136 2134/2134
f 2132/2132 2137/2137 2127/2127
f 2127/2127 2166/2166 2124/2124
f 2124/2124 2166/2166 2158/2158
f 2166/2166 2188/2188 2158/2158
f 2188/2188 2194/2194 2158/2158
f 6786/6786 6794/6794 6787/6787
f 5770/5770 5776/5776 5778/5778
f 2195/2195 2194/2194 2196/2196
f 2195/2195 2196/2196 2197/2197
f 2197/2197 2196/2196 2201/2201
f 5857/5857 5850/5850 5853/5853
f 5850/5850 5852/5852 5849/5849
f 5849/5849 5852/5852 5847/5847
f 5843/5843 5832/5832 5841/5841
f 5841/5841 5832/5832 5824/5824
f 5824/5824 5832/5832 5828/5828
f 5828/5828 5827/5827 5821/5821
f 7650/7650 7634/7634 7640/7640
f 3673/3673 3674/3674 3672/3672
f 7640/7640 7641/7641 7646/7646
f 3674/3674 3676/3676 3675/3675
f 7646/7646 7641/7641 7647/7647
f 4801/4801 4798/4798 4771/4771
f 7647/7647 7641/7641 7648/7648
f 3675/3675 3676/3676 3681/3681
f 3681/3681 3676/3676 3683/3683
f 3692/3692 3683/3683 3694/3694
f 3694/3694 3683/3683 3698/3698
f 4909/4909 4935/4935 4941/4941
f 5007/5007 5008/5008 5009/5009
f 5003/5003 5000/5000 5002/5002
f 3827/3827 3840/3840 3841/3841
f 6920/6920 6919/6919 6915/6915
f 4052/4052 4051/4051 4056/4056
f 4056/4056 4051/4051 4053/4053
f 4053/4053 4047/4047 4054/4054
f 1188/1188 1260/1260 1160/1160
f 1166/1166 1187/1187 1171/1171
f 3170/3170 3173/3173 3171/3171
f 3185/3185 3207/3207 3310/3310
f 651/651 652/652 649/649
f 1217/1217 1268/1268 1250/1250
f 642/642 637/637 636/636
f 636/636 634/634 635/635
f 635/635 634/634 622/622
f 2134/2134 2137/2137 2132/2132
f 2137/2137 2168/2168 2127/2127
f 2127/2127 2168/2168 2166/2166
f 7673/7673 7671/7671 7680/7680
f 5784/5784 5857/5857 5853/5853
f 5850/5850 5857/5857 5852/5852
f 7634/7634 7637/7637 7640/7640
f 7640/7640 7637/7637 7641/7641
f 7641/7641 7642/7642 7648/7648
f 6169/6169 6172/6172 6175/6175
f 7642/7642 7645/7645 7648/7648
f 7759/7759 7757/7757 7756/7756
f 5007/5007 5005/5005 5008/5008
f 5000/5000 5001/5001 5002/5002
f 4051/4051 4047/4047 4053/4053
f 449/449 448/448 451/451
f 1160/1160 1161/1161 1154/1154
f 1154/1154 1155/1155 1152/1152
f 1152/1152 1155/1155 1166/1166
f 1187/1187 1223/1223 1171/1171
f 652/652 646/646 649/649
f 642/642 646/646 637/637
f 2155/2155 2171/2171 2136/2136
f 634/634 612/612 622/622
f 622/622 612/612 614/614
f 2136/2136 2163/2163 2134/2134
f 72/72 21/21 20/20
f 2168/2168 2191/2191 2166/2166
f 7659/7659 7656/7656 7658/7658
f 7656/7656 7657/7657 7658/7658
f 6789/6789 6790/6790 6786/6786
f 6789/6789 6786/6786 6788/6788
f 1236/1236 1237/1237 1270/1270
f 1270/1270 1237/1237 1269/1269
f 5847/5847 5848/5848 5842/5842
f 5842/5842 5848/5848 5843/5843
f 6071/6071 6070/6070 6066/6066
f 6003/6003 5999/5999 6001/6001
f 2942/2942 2940/2940 2941/2941
f 3842/3842 3840/3840 3838/3838
f 1155/1155 1187/1187 1166/1166
f 3207/3207 3308/3308 3310/3310
f 619/619 633/633 621/621
f 620/620 616/616 619/619
f 621/621 633/633 640/640
f 637/637 631/631 636/636
f 614/614 613/613 616/616
f 636/636 631/631 634/634
f 2171/2171 2164/2164 2136/2136
f 2134/2134 2170/2170 2137/2137
f 2137/2137 2169/2169 2168/2168
f 7660/7660 7657/7657 7661/7661
f 1236/1236 1235/1235 1237/1237
f 5795/5795 5856/5856 5832/5832
f 5832/5832 5856/5856 5828/5828
f 5828/5828 5859/5859 5827/5827
f 2948/2948 2944/2944 2943/2943
f 3673/3673 3693/3693 3674/3674
f 6062/6062 6063/6063 6064/6064
f 3674/3674 3693/3693 3676/3676
f 6063/6063 6065/6065 6064/6064
f 6168/6168 6173/6173 6174/6174
f 7642/7642 7639/7639 7643/7643
f 5999/5999 6000/6000 6001/6001
f 3676/3676 3693/3693 3683/3683
f 2943/2943 2940/2940 2942/2942
f 2940/2940 2939/2939 2941/2941
f 5007/5007 5006/5006 5005/5005
f 5005/5005 5006/5006 5004/5004
f 5005/5005 5004/5004 4996/4996
f 4999/4999 4998/4998 5000/5000
f 1154/1154 1161/1161 1155/1155
f 1187/1187 1224/1224 1223/1223
f 620/620 619/619 621/621
f 633/633 644/644 640/640
f 646/646 648/648 637/637
f 2155/2155 2164/2164 2171/2171
f 2164/2164 2163/2163 2136/2136
f 634/634 631/631 612/612
f 612/612 613/613 614/614
f 2163/2163 2170/2170 2134/2134
f 7668/7668 7683/7683 7665/7665
f 5852/5852 5791/5791 5847/5847
f 5847/5847 5791/5791 5848/5848
f 5856/5856 5858/5858 5828/5828
f 6001/6001 6000/6000 6002/6002
f 2943/2943 2933/2933 2940/2940
f 3175/3175 3178/3178 3171/3171
f 652/652 648/648 646/646
f 616/616 618/618 619/619
f 616/616 617/617 618/618
f 613/613 617/617 616/616
f 2164/2164 2165/2165 2163/2163
f 631/631 615/615 612/612
f 2163/2163 2165/2165 2172/2172
f 2172/2172 2182/2182 2187/2187
f 7665/7665 7683/7683 7684/7684
f 7665/7665 7684/7684 7667/7667
f 7667/7667 7666/7666 7663/7663
f 1237/1237 1239/1239 1269/1269
f 5857/5857 5788/5788 5791/5791
f 5848/5848 5795/5795 5843/5843
f 2943/2943 2934/2934 2933/2933
f 2933/2933 2939/2939 2940/2940
f 5004/5004 4997/4997 4996/4996
f 4996/4996 4997/4997 4998/4998
f 4996/4996 4998/4998 4999/4999
f 1160/1160 1261/1261 1262/1262
f 1155/1155 1224/1224 1187/1187
f 3308/3308 3246/3246 3310/3310
f 648/648 631/631 637/637
f 7435/7435 7432/7432 7436/7436
f 1238/1238 1239/1239 1237/1237
f 1239/1239 1314/1314 1269/1269
f 5783/5783 5786/5786 5785/5785
f 5857/5857 5785/5785 5788/5788
f 5791/5791 5792/5792 5848/5848
f 5856/5856 5860/5860 5858/5858
f 5860/5860 5861/5861 5858/5858
f 2968/2968 2967/2967 2963/2963
f 2933/2933 2935/2935 2938/2938
f 2933/2933 2938/2938 2939/2939
f 2938/2938 2959/2959 2958/2958
f 3206/3206 3246/3246 3308/3308
f 3310/3310 3246/3246 3309/3309
f 619/619 632/632 633/633
f 613/613 623/623 617/617
f 2164/2164 2181/2181 2165/2165
f 615/615 623/623 613/613
f 2165/2165 2173/2173 2172/2172
f 2172/2172 2174/2174 2182/2182
f 93/93 71/71 63/63
f 97/97 93/93 63/63
f 97/97 95/95 93/93
f 7688/7688 7689/7689 7684/7684
f 7416/7416 7418/7418 7435/7435
f 7684/7684 7689/7689 7667/7667
f 7435/7435 7418/7418 7432/7432
f 5785/5785 5787/5787 5788/5788
f 5848/5848 5792/5792 5795/5795
f 5856/5856 5795/5795 5796/5796
f 2991/2991 2969/2969 2968/2968
f 2956/2956 2960/2960 2951/2951
f 619/619 626/626 628/628
f 618/618 625/625 619/619
f 2181/2181 2173/2173 2165/2165
f 2172/2172 2173/2173 2174/2174
f 7418/7418 7431/7431 7432/7432
f 5788/5788 5790/5790 5791/5791
f 5792/5792 5793/5793 5794/5794
f 5792/5792 5794/5794 5795/5795
f 5794/5794 5796/5796 5795/5795
f 2991/2991 2988/2988 2969/2969
f 2950/2950 2962/2962 2961/2961
f 3282/3282 3249/3249 3290/3290
f 625/625 626/626 619/619
f 2181/2181 2183/2183 2173/2173
f 2173/2173 2175/2175 2174/2174
f 7424/7424 7421/7421 7423/7423
f 7421/7421 7422/7422 7423/7423
f 7421/7421 7419/7419 7422/7422
f 7418/7418 7430/7430 7431/7431
f 1240/1240 1241/1241 1239/1239
f 1314/1314 1239/1239 1303/1303
f 5787/5787 5789/5789 5788/5788
f 5792/5792 5790/5790 5793/5793
f 626/626 629/629 628/628
f 623/623 627/627 624/624
f 2190/2190 2183/2183 2181/2181
f 2173/2173 2183/2183 2175/2175
f 7424/7424 7420/7420 7421/7421
f 7421/7421 7420/7420 7419/7419
f 7412/7412 7416/7416 7419/7419
f 7420/7420 7412/7412 7419/7419
f 7416/7416 7417/7417 7418/7418
f 7418/7418 7417/7417 7430/7430
f 7431/7431 7430/7430 7434/7434
f 1239/1239 1241/1241 1303/1303
f 5788/5788 5789/5789 5790/5790
f 3226/3226 3225/3225 3227/3227
f 2181/2181 2193/2193 2192/2192
f 3219/3219 3221/3221 3222/3222
f 2192/2192 2190/2190 2181/2181
f 2175/2175 2176/2176 2174/2174
f 2174/2174 2176/2176 2177/2177
f 7412/7412 7417/7417 7416/7416
f 71/71 91/91 61/61
f 114/114 91/91 92/92
f 50/50 53/53 27/27
f 2177/2177 2176/2176 2178/2178
f 2177/2177 2178/2178 2179/2179
f 7420/7420 7415/7415 7412/7412
f 91/91 110/110 61/61
f 114/114 110/110 91/91
f 7412/7412 7410/7410 7425/7425
f 7412/7412 7425/7425 7417/7417
f 7412/7412 7411/7411 7410/7410
f 7417/7417 7429/7429 7430/7430
f 7430/7430 7429/7429 7434/7434
f 7417/7417 7425/7425 7429/7429
f 7410/7410 7409/7409 7425/7425
f 7425/7425 7427/7427 7429/7429
f 7429/7429 7427/7427 7434/7434
f 7409/7409 7426/7426 7425/7425
f 7425/7425 7426/7426 7427/7427
f 7410/7410 7406/7406 7409/7409
f 7427/7427 7433/7433 7434/7434
f 7409/7409 7408/7408 7426/7426
f 7427/7427 7428/7428 7433/7433
f 7408/7408 7428/7428 7427/7427
f 7426/7426 7408/7408 7427/7427
f 2190/2190 2185/2185 2183/2183
f 2183/2183 2185/2185 2175/2175
f 2175/2175 2185/2185 2176/2176
f 2179/2179 2178/2178 2180/2180
f 7414/7414 7412/7412 7415/7415
f 7414/7414 7413/7413 7412/7412
f 110/110 60/60 61/61
f 7412/7412 7413/7413 7411/7411
f 110/110 114/114 113/113
f 7411/7411 7407/7407 7410/7410
f 114/114 115/115 113/113
f 7410/7410 7407/7407 7406/7406
f 7409/7409 7406/7406 7408/7408
f 7406/7406 7404/7404 7408/7408
f 7406/7406 7405/7405 7404/7404
f 7408/7408 7404/7404 7403/7403
f 7408/7408 7403/7403 7428/7428
f 7428/7428 7403/7403 7433/7433
f 2185/2185 2184/2184 2176/2176
f 2176/2176 2184/2184 2178/2178
f 7407/7407 7405/7405 7406/7406
f 7405/7405 7401/7401 7404/7404
f 7404/7404 7401/7401 7403/7403
f 7401/7401 7402/7402 7403/7403
f 2178/2178 2184/2184 2180/2180
f 2180/2180 2213/2213 2214/2214
f 110/110 111/111 98/98
f 110/110 98/98 60/60
f 3722/3722 3710/3710 3721/3721
f 3721/3721 3710/3710 3712/3712
f 3721/3721 3712/3712 3720/3720
f 3720/3720 3712/3712 3707/3707
f 3720/3720 3707/3707 3719/3719
f 3709/3709 3713/3713 3719/3719
f 3718/3718 3717/3717 3710/3710
f 2180/2180 2186/2186 2213/2213
f 3709/3709 3708/3708 3713/3713
f 3260/3260 3262/3262 3285/3285
f 3710/3710 3717/3717 3705/3705
f 3717/3717 3716/3716 3705/3705
f 3705/3705 3716/3716 3711/3711
f 3701/3701 3703/3703 3704/3704
f 8168/8168 8166/8166 8169/8169
f 8170/8170 8164/8164 8168/8168
f 6971/6971 6973/6973 6974/6974
f 6974/6974 6978/6978 6977/6977
f 8171/8171 8168/8168 8169/8169
f 8169/8169 8166/8166 8179/8179
f 8179/8179 8166/8166 8167/8167
f 6971/6971 6974/6974 6975/6975
f 8529/8529 8530/8530 8531/8531
f 6961/6961 6973/6973 6962/6962
f 6973/6973 6971/6971 6962/6962
f 6975/6975 6974/6974 6977/6977
f 6979/6979 6977/6977 6980/6980
f 8180/8180 8177/8177 8182/8182
f 6976/6976 6975/6975 6977/6977
f 6976/6976 6977/6977 6979/6979
f 3638/3638 3629/3629 3632/3632
f 3629/3629 3631/3631 3632/3632
f 6985/6985 6970/6970 6968/6968
f 6968/6968 6967/6967 6964/6964
f 6962/6962 6971/6971 6966/6966
f 6966/6966 6971/6971 6972/6972
f 6971/6971 6975/6975 6972/6972
f 6972/6972 6975/6975 6976/6976
f 3637/3637 3625/3625 3633/3633
f 3625/3625 3627/3627 3629/3629
f 3633/3633 3625/3625 3629/3629
f 3629/3629 3627/3627 3631/3631
f 4279/4279 4274/4274 4276/4276
f 4268/4268 4270/4270 4269/4269
f 7042/7042 6970/6970 6984/6984
f 3637/3637 3634/3634 3630/3630
f 3637/3637 3630/3630 3625/3625
f 3627/3627 3628/3628 3631/3631
f 7444/7444 7445/7445 7446/7446
f 1496/1496 1501/1501 1475/1475
f 4276/4276 4274/4274 4273/4273
f 4273/4273 4268/4268 4272/4272
f 4272/4272 4268/4268 4267/4267
f 4267/4267 4268/4268 4269/4269
f 4269/4269 4270/4270 4271/4271
f 6984/6984 6970/6970 6985/6985
f 3639/3639 3636/3636 3626/3626
f 3634/3634 3639/3639 3626/3626
f 3626/3626 3636/3636 3635/3635
f 3626/3626 3635/3635 3628/3628
f 3630/3630 3634/3634 3626/3626
f 3630/3630 3626/3626 3625/3625
f 3625/3625 3626/3626 3627/3627
f 3627/3627 3626/3626 3628/3628
f 3355/3355 3363/3363 3358/3358
f 7045/7045 7042/7042 6987/6987
f 6987/6987 7042/7042 6984/6984
f 3366/3366 3365/3365 3359/3359
f 3359/3359 3365/3365 3361/3361
f 3352/3352 3361/3361 3355/3355
f 3354/3354 3352/3352 3355/3355
f 7736/7736 7733/7733 7737/7737
f 7738/7738 7736/7736 7737/7737
f 3367/3367 3354/3354 3358/3358
f 3354/3354 3355/3355 3358/3358
f 7738/7738 7737/7737 7739/7739
f 7047/7047 7045/7045 6987/6987
f 6985/6985 6968/6968 7010/7010
f 6968/6968 6964/6964 7033/7033
f 7033/7033 6964/6964 6965/6965
f 1460/1460 1467/1467 1461/1461
f 3364/3364 3366/3366 3359/3359
f 3360/3360 3364/3364 3359/3359
f 3359/3359 3361/3361 3352/3352
f 7741/7741 7728/7728 7730/7730
f 3368/3368 3354/3354 3367/3367
f 7046/7046 7047/7047 6987/6987
f 7005/7005 6985/6985 7010/7010
f 7010/7010 6968/6968 7033/7033
f 294/294 302/302 301/301
f 7726/7726 7718/7718 7717/7717
f 7726/7726 7717/7717 7716/7716
f 3360/3360 3359/3359 3351/3351
f 3351/3351 3359/3359 3352/3352
f 3351/3351 3352/3352 3353/3353
f 7730/7730 7728/7728 7729/7729
f 7730/7730 7729/7729 7731/7731
f 3353/3353 3352/3352 3354/3354
f 1518/1518 1467/1467 1462/1462
f 301/301 302/302 317/317
f 302/302 318/318 317/317
f 317/317 318/318 336/336
f 336/336 318/318 337/337
f 7448/7448 7447/7447 7449/7449
f 3356/3356 3362/3362 3360/3360
f 3356/3356 3360/3360 3351/3351
f 7734/7734 7726/7726 7716/7716
f 7726/7726 7734/7734 7729/7729
f 3356/3356 3351/3351 3353/3353
f 7729/7729 7734/7734 7732/7732
f 3357/3357 3356/3356 3353/3353
f 7729/7729 7732/7732 7731/7731
f 3369/3369 3357/3357 3353/3353
f 7046/7046 6987/6987 6995/6995
f 6987/6987 6984/6984 6986/6986
f 6984/6984 6985/6985 6983/6983
f 290/290 293/293 284/284
f 293/293 294/294 289/289
f 289/289 294/294 301/301
f 7712/7712 7721/7721 7711/7711
f 6983/6983 6985/6985 7005/7005
f 8144/8144 8150/8150 8151/8151
f 284/284 293/293 289/289
f 7044/7044 7043/7043 6996/6996
f 6996/6996 7043/7043 6995/6995
f 6995/6995 6987/6987 6986/6986
f 7022/7022 7055/7055 7054/7054
f 8141/8141 8144/8144 8130/8130
f 8132/8132 8141/8141 8130/8130
f 2924/2924 2931/2931 2930/2930
f 2924/2924 2930/2930 2925/2925
f 2925/2925 2921/2921 2924/2924
f 2924/2924 2921/2921 2920/2920
f 2920/2920 2921/2921 2922/2922
f 2922/2922 2921/2921 2923/2923
f 2923/2923 2929/2929 2922/2922
f 2922/2922 2929/2929 2928/2928
f 7721/7721 7722/7722 7713/7713
f 7711/7711 7713/7713 7710/7710
f 7711/7711 7710/7710 7708/7708
f 7708/7708 7710/7710 7709/7709
f 7708/7708 7709/7709 7706/7706
f 7705/7705 7706/7706 7707/7707
f 7033/7033 7021/7021 7010/7010
f 7007/7007 7021/7021 7022/7022
f 289/289 301/301 304/304
f 7713/7713 7715/7715 7714/7714
f 7713/7713 7714/7714 7710/7710
f 6994/6994 7044/7044 6996/6996
f 7005/7005 7010/7010 7007/7007
f 7007/7007 7010/7010 7021/7021
f 7007/7007 7022/7022 7023/7023
f 2926/2926 2924/2924 2920/2920
f 2920/2920 2922/2922 2927/2927
f 2927/2927 2922/2922 2928/2928
f 7722/7722 7723/7723 7715/7715
f 7049/7049 7044/7044 6994/6994
f 6986/6986 6984/6984 6982/6982
f 6982/6982 6984/6984 6983/6983
f 2926/2926 2920/2920 2927/2927
f 2449/2449 2450/2450 2451/2451
f 2452/2452 2449/2449 2451/2451
f 2451/2451 2450/2450 2453/2453
f 286/286 291/291 290/290
f 290/290 284/284 286/286
f 304/304 317/317 311/311
f 311/311 317/317 323/323
f 2334/2334 2313/2313 2326/2326
f 377/377 358/358 356/356
f 358/358 362/362 359/359
f 359/359 362/362 361/361
f 362/362 363/363 361/361
f 363/363 364/364 361/361
f 7050/7050 7049/7049 6994/6994
f 7024/7024 7007/7007 7023/7023
f 2932/2932 2926/2926 2927/2927
f 2454/2454 2444/2444 2447/2447
f 2449/2449 2447/2447 2448/2448
f 2448/2448 2446/2446 2450/2450
f 2449/2449 2448/2448 2450/2450
f 344/344 307/307 306/306
f 2344/2344 2340/2340 2346/2346
f 327/327 323/323 328/328
f 357/357 358/358 359/359
f 7007/7007 7024/7024 7012/7012
f 7011/7011 7007/7007 7012/7012
f 2444/2444 2443/2443 2447/2447
f 2447/2447 2443/2443 2448/2448
f 2448/2448 2443/2443 2446/2446
f 339/339 344/344 306/306
f 306/306 307/307 292/292
f 307/307 291/291 292/292
f 284/284 289/289 285/285
f 1654/1654 1661/1661 1659/1659
f 325/325 323/323 327/327
f 327/327 356/356 357/357
f 357/357 359/359 360/360
f 360/360 359/359 361/361
f 360/360 361/361 365/365
f 939/939 940/940 942/942
f 365/365 361/361 364/364
f 8198/8198 8195/8195 8197/8197
f 7050/7050 6994/6994 7001/7001
f 6983/6983 7005/7005 7007/7007
f 2443/2443 2429/2429 2446/2446
f 2446/2446 2429/2429 2445/2445
f 1479/1479 1480/1480 1482/1482
f 286/286 284/284 283/283
f 289/289 304/304 285/285
f 308/308 304/304 311/311
f 357/357 360/360 366/366
f 952/952 937/937 939/939
f 939/939 938/938 940/940
f 938/938 951/951 940/940
f 8230/8230 8229/8229 8222/8222
f 7031/7031 7050/7050 7001/7001
f 6994/6994 6996/6996 6986/6986
f 6981/6981 6982/6982 6983/6983
f 2437/2437 2434/2434 2427/2427
f 7011/7011 7012/7012 7019/7019
f 309/309 339/339 306/306
f 1412/1412 1410/1410 1409/1409
f 287/287 286/286 283/283
f 283/283 284/284 285/285
f 2349/2349 2346/2346 2357/2357
f 285/285 304/304 308/308
f 368/368 357/357 367/367
f 357/357 366/366 367/367
f 1652/1652 1657/1657 1666/1666
f 955/955 946/946 932/932
f 938/938 945/945 951/951
f 908/908 909/909 907/907
f 8220/8220 8221/8221 8218/8218
f 6983/6983 7007/7007 7009/7009
f 7009/7009 7007/7007 7011/7011
f 168/168 169/169 167/167
f 343/343 339/339 309/309
f 1418/1418 1422/1422 1443/1443
f 1505/1505 1489/1489 1411/1411
f 2358/2358 2349/2349 2357/2357
f 1647/1647 1649/1649 1642/1642
f 308/308 311/311 325/325
f 922/922 921/921 915/915
f 1429/1429 1397/1397 1438/1438
f 355/355 325/325 327/327
f 922/922 915/915 923/923
f 2654/2654 2737/2737 2721/2721
f 327/327 357/357 368/368
f 923/923 919/919 930/930
f 374/374 367/367 366/366
f 941/941 944/944 945/945
f 2885/2885 2886/2886 2884/2884
f 934/934 936/936 937/937
f 937/937 936/936 938/938
f 936/936 941/941 938/938
f 941/941 945/945 938/938
f 2890/2890 2894/2894 2892/2892
f 894/894 901/901 892/892
f 901/901 898/898 892/892
f 898/898 903/903 889/889
f 900/900 901/901 894/894
f 7001/7001 6994/6994 6993/6993
f 6986/6986 6996/6996 6995/6995
f 2427/2427 2430/2430 2428/2428
f 2427/2427 2428/2428 2429/2429
f 342/342 343/343 309/309
f 1648/1648 1647/1647 1633/1633
f 921/921 926/926 924/924
f 313/313 308/308 325/325
f 919/919 915/915 910/910
f 1643/1643 1655/1655 1652/1652
f 1643/1643 1652/1652 1644/1644
f 929/929 919/919 910/910
f 929/929 910/910 912/912
f 930/930 919/919 929/929
f 372/372 368/368 367/367
f 930/930 929/929 931/931
f 930/930 931/931 932/932
f 932/932 931/931 933/933
f 941/941 943/943 944/944
f 372/372 367/367 374/374
f 932/932 933/933 934/934
f 936/936 933/933 941/941
f 934/934 933/933 936/936
f 8219/8219 8218/8218 8217/8217
f 8218/8218 8216/8216 8217/8217
f 8217/8217 8216/8216 8214/8214
f 892/892 898/898 889/889
f 7032/7032 7031/7031 6993/6993
f 895/895 900/900 893/893
f 6993/6993 7031/7031 7001/7001
f 6981/6981 6983/6983 7009/7009
f 7013/7013 7009/7009 7011/7011
f 2434/2434 2438/2438 2430/2430
f 7018/7018 7011/7011 7019/7019
f 2429/2429 2428/2428 2436/2436
f 155/155 160/160 161/161
f 160/160 167/167 161/161
f 292/292 291/291 286/286
f 1650/1650 1648/1648 1636/1636
f 1636/1636 1648/1648 1633/1633
f 1633/1633 1647/1647 1642/1642
f 1477/1477 1488/1488 1500/1500
f 283/283 285/285 313/313
f 285/285 308/308 313/313
f 329/329 313/313 355/355
f 355/355 313/313 325/325
f 1464/1464 1438/1438 1445/1445
f 1642/1642 1643/1643 1641/1641
f 929/929 912/912 935/935
f 935/935 912/912 948/948
f 935/935 948/948 943/943
f 931/931 929/929 935/935
f 931/931 935/935 933/933
f 933/933 935/935 941/941
f 941/941 935/935 943/943
f 1663/1663 1666/1666 1667/1667
f 2873/2873 2890/2890 2868/2868
f 2868/2868 2890/2890 2887/2887
f 2887/2887 2890/2890 2892/2892
f 2892/2892 2896/2896 2895/2895
f 905/905 909/909 908/908
f 904/904 907/907 896/896
f 891/891 899/899 902/902
f 816/816 897/897 895/895
f 893/893 900/900 894/894
f 816/816 895/895 893/893
f 7013/7013 7011/7011 7018/7018
f 2438/2438 2439/2439 2435/2435
f 2430/2430 2438/2438 2435/2435
f 2430/2430 2435/2435 2431/2431
f 2430/2430 2431/2431 2428/2428
f 342/342 309/309 310/310
f 310/310 309/309 305/305
f 309/309 306/306 305/305
f 305/305 306/306 292/292
f 287/287 283/283 295/295
f 927/927 928/928 925/925
f 1633/1633 1642/1642 1641/1641
f 924/924 927/927 925/925
f 1464/1464 1487/1487 1517/1517
f 915/915 916/916 914/914
f 949/949 950/950 947/947
f 1476/1476 1441/1441 1440/1440
f 915/915 914/914 910/910
f 913/913 949/949 947/947
f 911/911 913/913 947/947
f 910/910 911/911 912/912
f 912/912 911/911 947/947
f 2654/2654 2721/2721 2716/2716
f 2653/2653 2654/2654 2716/2716
f 1641/1641 1643/1643 1644/1644
f 841/841 896/896 830/830
f 830/830 896/896 890/890
f 891/891 890/890 899/899
f 891/891 902/902 897/897
f 885/885 892/892 889/889
f 883/883 894/894 892/892
f 7030/7030 7032/7032 6993/6993
f 6982/6982 6981/6981 6988/6988
f 7008/7008 6981/6981 7009/7009
f 2439/2439 2441/2441 2440/2440
f 7013/7013 7018/7018 7028/7028
f 2431/2431 2432/2432 2428/2428
f 2428/2428 2432/2432 2433/2433
f 6890/6890 6889/6889 6882/6882
f 161/161 167/167 158/158
f 305/305 292/292 288/288
f 288/288 292/292 286/286
f 286/286 287/287 288/288
f 1635/1635 1636/1636 1633/1633
f 1635/1635 1633/1633 1632/1632
f 1507/1507 1500/1500 1506/1506
f 1633/1633 1641/1641 1640/1640
f 916/916 918/918 917/917
f 916/916 917/917 914/914
f 910/910 914/914 913/913
f 949/949 913/913 920/920
f 910/910 913/913 911/911
f 1645/1645 1641/1641 1644/1644
f 1651/1651 1644/1644 1663/1663
f 842/842 904/904 896/896
f 830/830 890/890 821/821
f 821/821 890/890 891/891
f 883/883 892/892 885/885
f 6992/6992 6994/6994 6986/6986
f 6981/6981 7008/7008 6997/6997
f 5231/5231 5232/5232 5217/5217
f 5218/5218 5231/5231 5217/5217
f 5220/5220 5233/5233 5229/5229
f 155/155 161/161 156/156
f 156/156 161/161 158/158
f 159/159 160/160 155/155
f 154/154 159/159 155/155
f 341/341 342/342 310/310
f 153/153 162/162 159/159
f 153/153 165/165 162/162
f 166/166 165/165 153/153
f 163/163 166/166 151/151
f 1448/1448 1439/1439 1442/1442
f 5056/5056 5060/5060 5061/5061
f 5058/5058 5060/5060 5056/5056
f 313/313 329/329 314/314
f 913/913 914/914 920/920
f 1640/1640 1641/1641 1646/1646
f 1646/1646 1641/1641 1645/1645
f 1645/1645 1644/1644 1651/1651
f 2868/2868 2887/2887 2856/2856
f 2856/2856 2887/2887 2888/2888
f 2888/2888 2895/2895 2889/2889
f 846/846 905/905 904/904
f 841/841 842/842 896/896
f 817/817 821/821 891/891
f 891/891 897/897 817/817
f 817/817 897/897 814/814
f 816/816 893/893 884/884
f 6988/6988 6981/6981 6997/6997
f 4091/4091 4085/4085 4100/4100
f 6230/6230 6239/6239 6235/6235
f 6230/6230 6235/6235 6234/6234
f 7008/7008 7009/7009 7013/7013
f 5217/5217 5232/5232 5220/5220
f 5221/5221 5220/5220 5229/5229
f 5228/5228 5221/5221 5229/5229
f 5234/5234 5228/5228 5230/5230
f 5228/5228 5229/5229 5230/5230
f 5235/5235 5228/5228 5234/5234
f 5345/5345 5333/5333 5329/5329
f 153/153 159/159 154/154
f 151/151 166/166 153/153
f 147/147 163/163 151/151
f 148/148 164/164 163/163
f 1638/1638 1656/1656 1635/1635
f 5056/5056 5061/5061 5059/5059
f 1633/1633 1640/1640 1634/1634
f 1632/1632 1633/1633 1634/1634
f 1516/1516 1464/1464 1517/1517
f 2721/2721 2730/2730 2723/2723
f 846/846 904/904 842/842
f 885/885 889/889 886/886
f 884/884 893/893 883/883
f 7030/7030 6993/6993 7016/7016
f 7016/7016 6993/6993 6998/6998
f 6992/6992 6993/6993 6994/6994
f 6231/6231 6230/6230 6234/6234
f 5222/5222 5218/5218 5219/5219
f 5216/5216 5218/5218 5217/5217
f 5219/5219 5218/5218 5216/5216
f 7008/7008 7013/7013 7014/7014
f 5215/5215 5216/5216 5217/5217
f 7014/7014 7013/7013 7028/7028
f 5215/5215 5217/5217 5220/5220
f 5221/5221 5215/5215 5220/5220
f 5226/5226 5215/5215 5221/5221
f 7014/7014 7028/7028 7026/7026
f 5227/5227 5221/5221 5228/5228
f 5226/5226 5221/5221 5227/5227
f 5348/5348 5352/5352 5333/5333
f 5348/5348 5333/5333 5345/5345
f 7229/7229 7238/7238 7230/7230
f 5328/5328 5329/5329 5327/5327
f 3798/3798 3802/3802 3797/3797
f 148/148 163/163 147/147
f 1638/1638 1635/1635 1637/1637
f 1635/1635 1632/1632 1637/1637
f 283/283 313/313 295/295
f 295/295 313/313 314/314
f 338/338 373/373 369/369
f 3877/3877 3875/3875 3887/3887
f 3887/3887 3894/3894 3891/3891
f 2856/2856 2889/2889 2859/2859
f 814/814 897/897 816/816
f 883/883 885/885 858/858
f 858/858 885/885 879/879
f 816/816 884/884 840/840
f 884/884 883/883 847/847
f 6232/6232 6229/6229 6231/6231
f 6997/6997 7008/7008 7002/7002
f 5223/5223 5222/5222 5219/5219
f 5224/5224 5219/5219 5216/5216
f 5224/5224 5216/5216 5226/5226
f 4127/4127 4146/4146 4143/4143
f 4075/4075 4078/4078 4094/4094
f 7014/7014 7026/7026 7025/7025
f 3410/3410 3413/3413 3415/3415
f 7026/7026 7037/7037 7025/7025
f 5345/5345 5329/5329 5346/5346
f 5347/5347 5345/5345 5346/5346
f 7025/7025 7037/7037 7039/7039
f 7238/7238 7229/7229 7233/7233
f 7229/7229 7225/7225 7231/7231
f 1915/1915 1917/1917 1918/1918
f 1926/1926 1915/1915 1918/1918
f 1918/1918 1917/1917 1922/1922
f 5328/5328 5327/5327 5326/5326
f 3799/3799 3798/3798 3793/3793
f 3793/3793 3798/3798 3797/3797
f 156/156 158/158 157/157
f 149/149 164/164 148/148
f 2215/2215 2221/2221 2219/2219
f 2222/2222 2221/2221 2215/2215
f 2231/2231 2222/2222 2217/2217
f 5062/5062 5058/5058 5055/5055
f 5064/5064 5058/5058 5062/5062
f 315/315 321/321 347/347
f 3878/3878 3874/3874 3876/3876
f 3874/3874 3875/3875 3876/3876
f 3876/3876 3875/3875 3877/3877
f 888/888 846/846 844/844
f 844/844 846/846 842/842
f 842/842 841/841 831/831
f 841/841 830/830 831/831
f 830/830 821/821 829/829
f 840/840 884/884 847/847
f 847/847 883/883 858/858
f 6998/6998 6993/6993 6992/6992
f 4172/4172 4157/4157 4147/4147
f 4093/4093 4099/4099 4101/4101
f 6233/6233 6229/6229 6232/6232
f 5223/5223 5225/5225 5222/5222
f 6875/6875 6879/6879 6876/6876
f 5223/5223 5219/5219 5224/5224
f 6877/6877 6876/6876 6878/6878
f 8468/8468 8471/8471 8472/8472
f 7002/7002 7008/7008 7014/7014
f 7233/7233 7229/7229 7232/7232
f 7232/7232 7229/7229 7231/7231
f 7231/7231 7225/7225 7227/7227
f 7231/7231 7227/7227 7234/7234
f 1926/1926 1939/1939 1943/1943
f 6640/6640 6644/6644 6643/6643
f 6637/6637 6640/6640 6643/6643
f 3795/3795 3799/3799 3793/3793
f 3794/3794 3793/3793 3797/3797
f 3794/3794 3797/3797 3800/3800
f 3800/3800 3797/3797 3801/3801
f 7490/7490 7494/7494 7491/7491
f 152/152 154/154 155/155
f 152/152 155/155 131/131
f 153/153 154/154 152/152
f 151/151 153/153 150/150
f 3082/3082 3083/3083 3084/3084
f 1639/1639 1638/1638 1637/1637
f 5056/5056 5059/5059 5057/5057
f 3882/3882 3883/3883 3878/3878
f 4067/4067 4068/4068 4065/4065
f 844/844 842/842 831/831
f 831/831 830/830 829/829
f 828/828 821/821 824/824
f 824/824 821/821 818/818
f 821/821 817/817 818/818
f 817/817 814/814 813/813
f 879/879 885/885 886/886
f 4160/4160 4157/4157 4172/4172
f 6763/6763 6758/6758 6745/6745
f 6986/6986 6982/6982 6988/6988
f 4139/4139 4144/4144 4129/4129
f 6233/6233 6232/6232 6236/6236
f 8469/8469 8468/8468 8456/8456
f 4341/4341 4343/4343 4338/4338
f 4130/4130 4127/4127 4133/4133
f 3398/3398 3405/3405 3401/3401
f 7232/7232 7231/7231 7237/7237
f 7237/7237 7231/7231 7234/7234
f 3795/3795 3793/3793 3792/3792
f 5321/5321 5326/5326 5313/5313
f 7495/7495 7491/7491 7494/7494
f 131/131 155/155 156/156
f 340/340 341/341 310/310
f 340/340 310/310 333/333
f 150/150 153/153 152/152
f 148/148 147/147 142/142
f 5053/5053 5057/5057 5052/5052
f 5056/5056 5057/5057 5053/5053
f 5064/5064 5062/5062 5065/5065
f 3882/3882 3885/3885 3883/3883
f 315/315 347/347 316/316
f 316/316 347/347 348/348
f 4072/4072 4064/4064 4074/4074
f 2638/2638 2653/2653 2671/2671
f 3877/3877 3887/3887 3880/3880
f 2854/2854 2859/2859 2858/2858
f 831/831 829/829 832/832
f 829/829 821/821 828/828
f 818/818 817/817 813/813
f 879/879 886/886 880/880
f 816/816 840/840 815/815
f 815/815 840/840 826/826
f 4161/4161 4160/4160 4169/4169
f 4186/4186 4144/4144 4139/4139
f 5932/5932 5934/5934 5933/5933
f 6233/6233 6236/6236 6237/6237
f 6237/6237 6236/6236 6238/6238
f 4339/4339 4341/4341 4338/4338
f 4338/4338 4340/4340 4337/4337
f 4320/4320 4340/4340 4331/4331
f 7003/7003 7014/7014 7025/7025
f 7025/7025 7039/7039 7027/7027
f 7235/7235 7236/7236 7234/7234
f 7234/7234 7236/7236 7239/7239
f 5180/5180 5181/5181 5176/5176
f 4383/4383 4377/4377 4372/4372
f 5320/5320 5321/5321 5313/5313
f 3792/3792 3793/3793 3794/3794
f 7495/7495 7496/7496 7491/7491
f 120/120 147/147 151/151
f 120/120 151/151 150/150
f 142/142 147/147 128/128
f 312/312 310/310 305/305
f 139/139 148/148 142/142
f 149/149 148/148 139/139
f 2231/2231 2217/2217 2216/2216
f 5055/5055 5056/5056 5054/5054
f 5054/5054 5056/5056 5053/5053
f 300/300 295/295 314/314
f 300/300 314/314 315/315
f 3881/3881 3878/3878 3879/3879
f 322/322 316/316 348/348
f 3879/3879 3878/3878 3876/3876
f 348/348 352/352 322/322
f 3895/3895 3893/3893 3891/3891
f 844/844 831/831 833/833
f 833/833 831/831 832/832
f 880/880 886/886 887/887
f 813/813 814/814 815/815
f 814/814 816/816 815/815
f 826/826 840/840 847/847
f 826/826 847/847 848/848
f 7016/7016 6998/6998 6999/6999
f 6999/6999 6998/6998 6992/6992
f 1821/1821 1843/1843 1837/1837
f 4165/4165 4161/4161 4167/4167
f 4174/4174 4172/4172 4176/4176
f 4176/4176 4144/4144 4186/4186
f 8311/8311 8373/8373 8336/8336
f 5931/5931 5932/5932 5933/5933
f 6991/6991 6988/6988 6997/6997
f 3980/3980 3981/3981 3978/3978
f 4339/4339 4338/4338 4335/4335
f 4335/4335 4338/4338 4337/4337
f 4335/4335 4337/4337 4336/4336
f 4138/4138 4139/4139 4128/4128
f 4337/4337 4340/4340 4320/4320
f 7002/7002 7014/7014 7003/7003
f 4320/4320 4331/4331 4327/4327
f 4320/4320 4327/4327 4317/4317
f 4324/4324 4322/4322 4325/4325
f 4347/4347 4346/4346 4348/4348
f 4347/4347 4348/4348 4349/4349
f 4325/4325 4334/4334 4333/4333
f 7003/7003 7025/7025 7006/7006
f 7006/7006 7025/7025 7027/7027
f 7237/7237 7234/7234 7240/7240
f 7240/7240 7234/7234 7239/7239
f 4390/4390 4383/4383 4372/4372
f 3795/3795 3792/3792 3796/3796
f 4137/4137 4149/4149 4150/4150
f 5320/5320 5313/5313 5316/5316
f 7497/7497 7498/7498 7496/7496
f 7497/7497 7496/7496 7495/7495
f 131/131 156/156 138/138
f 147/147 120/120 128/128
f 129/129 142/142 128/128
f 139/139 142/142 129/129
f 305/305 288/288 299/299
f 296/296 288/288 287/287
f 2215/2215 2219/2219 2218/2218
f 3896/3896 3888/3888 3889/3889
f 3889/3889 3888/3888 3884/3884
f 3888/3888 3886/3886 3884/3884
f 5053/5053 5052/5052 5043/5043
f 5043/5043 5052/5052 5049/5049
f 298/298 295/295 300/300
f 6599/6599 6600/6600 6598/6598
f 3884/3884 3886/3886 3882/3882
f 3882/3882 3878/3878 3881/3881
f 3879/3879 3876/3876 3877/3877
f 322/322 346/346 334/334
f 3893/3893 3880/3880 3891/3891
f 3901/3901 3893/3893 3895/3895
f 2853/2853 2858/2858 2864/2864
f 829/829 828/828 836/836
f 824/824 818/818 823/823
f 818/818 813/813 820/820
f 848/848 847/847 858/858
f 1802/1802 1795/1795 1836/1836
f 4166/4166 4165/4165 4167/4167
f 8024/8024 8025/8025 8026/8026
f 8027/8027 8024/8024 8026/8026
f 8525/8525 8526/8526 8527/8527
f 4167/4167 4161/4161 4168/4168
f 4168/4168 4161/4161 4169/4169
f 6989/6989 6986/6986 6988/6988
f 4177/4177 4174/4174 4176/4176
f 4177/4177 4176/4176 4186/4186
f 5937/5937 5931/5931 5936/5936
f 8385/8385 8465/8465 8460/8460
f 5936/5936 5931/5931 5935/5935
f 8386/8386 8446/8446 8380/8380
f 5931/5931 5933/5933 5935/5935
f 3980/3980 3978/3978 3966/3966
f 4188/4188 4139/4139 4138/4138
f 6991/6991 6997/6997 7002/7002
f 4336/4336 4337/4337 4330/4330
f 4330/4330 4337/4337 4319/4319
f 4337/4337 4320/4320 4319/4319
f 4315/4315 4314/4314 4322/4322
f 4323/4323 4322/4322 4324/4324
f 4324/4324 4325/4325 4332/4332
f 4323/4323 4324/4324 4332/4332
f 4332/4332 4325/4325 4333/4333
f 4333/4333 4346/4346 4347/4347
f 8355/8355 8356/8356 8345/8345
f 8345/8345 8356/8356 8346/8346
f 8345/8345 8346/8346 8343/8343
f 5475/5475 5476/5476 5638/5638
f 7241/7241 7237/7237 7240/7240
f 7240/7240 7239/7239 7242/7242
f 7497/7497 7499/7499 7498/7498
f 7498/7498 7500/7500 7496/7496
f 7496/7496 7500/7500 7504/7504
f 5324/5324 5316/5316 5312/5312
f 138/138 156/156 157/157
f 127/127 152/152 131/131
f 127/127 150/150 152/152
f 120/120 150/150 127/127
f 137/137 139/139 129/129
f 299/299 288/288 296/296
f 297/297 287/287 295/295
f 5054/5054 5053/5053 5043/5043
f 5063/5063 5062/5062 5055/5055
f 300/300 315/315 303/303
f 316/316 322/322 319/319
f 319/319 322/322 334/334
f 3879/3879 3877/3877 3880/3880
f 2845/2845 2844/2844 2830/2830
f 3906/3906 3903/3903 3905/3905
f 2832/2832 2833/2833 2837/2837
f 2837/2837 2833/2833 2839/2839
f 2596/2596 2636/2636 2639/2639
f 2852/2852 2853/2853 2851/2851
f 2853/2853 2864/2864 2851/2851
f 837/837 833/833 832/832
f 828/828 824/824 823/823
f 823/823 818/818 820/820
f 813/813 815/815 819/819
f 819/819 815/815 826/826
f 4170/4170 4167/4167 4168/4168
f 8333/8333 8375/8375 8301/8301
f 4173/4173 4169/4169 4174/4174
f 5940/5940 5938/5938 5939/5939
f 8380/8380 8446/8446 8385/8385
f 8382/8382 8386/8386 8380/8380
f 3964/3964 3980/3980 3966/3966
f 3966/3966 3978/3978 3967/3967
f 4335/4335 4336/4336 4330/4330
f 4326/4326 4335/4335 4330/4330
f 6991/6991 7002/7002 7003/7003
f 4319/4319 4320/4320 4317/4317
f 4313/4313 4317/4317 4314/4314
f 4313/4313 4314/4314 4315/4315
f 4315/4315 4322/4322 4323/4323
f 8119/8119 8118/8118 8106/8106
f 8118/8118 8120/8120 8117/8117
f 8106/8106 8118/8118 8117/8117
f 4332/4332 4333/4333 4342/4342
f 8124/8124 8125/8125 8126/8126
f 8105/8105 8106/8106 8116/8116
f 8106/8106 8105/8105 8102/8102
f 8106/8106 8117/8117 8116/8116
f 8102/8102 8105/8105 8101/8101
f 7096/7096 7089/7089 7092/7092
f 8523/8523 8524/8524 8520/8520
f 7523/7523 7524/7524 7505/7505
f 7505/7505 7502/7502 7501/7501
f 7499/7499 7505/7505 7501/7501
f 7499/7499 7501/7501 7498/7498
f 7498/7498 7501/7501 7500/7500
f 7500/7500 7501/7501 7502/7502
f 7500/7500 7502/7502 7503/7503
f 5344/5344 5320/5320 5316/5316
f 5121/5121 5199/5199 5143/5143
f 345/345 340/340 333/333
f 312/312 305/305 299/299
f 296/296 287/287 297/297
f 446/446 434/434 433/433
f 297/297 295/295 298/298
f 6585/6585 6607/6607 6535/6535
f 6535/6535 6607/6607 6586/6586
f 5045/5045 5055/5055 5054/5054
f 5045/5045 5054/5054 5043/5043
f 3884/3884 3882/3882 3881/3881
f 303/303 315/315 316/316
f 3893/3893 3892/3892 3880/3880
f 3901/3901 3897/3897 3893/3893
f 2919/2919 2845/2845 2826/2826
f 2826/2826 2845/2845 2829/2829
f 2851/2851 2864/2864 2866/2866
f 906/906 833/833 837/837
f 876/876 879/879 875/875
f 875/875 879/879 880/880
f 880/880 887/887 875/875
f 836/836 828/828 823/823
f 876/876 858/858 879/879
f 825/825 823/823 820/820
f 848/848 858/858 876/876
f 7036/7036 7016/7016 6999/6999
f 820/820 813/813 819/819
f 1842/1842 1789/1789 1822/1822
f 4171/4171 4166/4166 4167/4167
f 4171/4171 4167/4167 4170/4170
f 4174/4174 4177/4177 4178/4178
f 8383/8383 8478/8478 8364/8364
f 8479/8479 8464/8464 8480/8480
f 8384/8384 8385/8385 8383/8383
f 3987/3987 3986/3986 3985/3985
f 4177/4177 4186/4186 4179/4179
f 6990/6990 6988/6988 6991/6991
f 7604/7604 7603/7603 7600/7600
f 3960/3960 3979/3979 3964/3964
f 4187/4187 4188/4188 4189/4189
f 4189/4189 4188/4188 4138/4138
f 4330/4330 4319/4319 4326/4326
f 4326/4326 4319/4319 4321/4321
f 4319/4319 4317/4317 4318/4318
f 4321/4321 4319/4319 4318/4318
f 4317/4317 4313/4313 4318/4318
f 4318/4318 4313/4313 4316/4316
f 4316/4316 4313/4313 4315/4315
f 4316/4316 4315/4315 4344/4344
f 4344/4344 4315/4315 4323/4323
f 5722/5722 5371/5371 5370/5370
f 5722/5722 5370/5370 5710/5710
f 5722/5722 5710/5710 5674/5674
f 8100/8100 8111/8111 8084/8084
f 8084/8084 8111/8111 8104/8104
f 8084/8084 8104/8104 8102/8102
f 8102/8102 8104/8104 8106/8106
f 7004/7004 7006/7006 7020/7020
f 8355/8355 8345/8345 8354/8354
f 8354/8354 8345/8345 8344/8344
f 8344/8344 8345/8345 8343/8343
f 7095/7095 7096/7096 7092/7092
f 5638/5638 5659/5659 5658/5658
f 7244/7244 7240/7240 7243/7243
f 7243/7243 7240/7240 7242/7242
f 7243/7243 7242/7242 7223/7223
f 7020/7020 7006/7006 7027/7027
f 7056/7056 7020/7020 7027/7027
f 5475/5475 5638/5638 5658/5658
f 5475/5475 5658/5658 5626/5626
f 5316/5316 5324/5324 5344/5344
f 5344/5344 5324/5324 5325/5325
f 5324/5324 5312/5312 5325/5325
f 5325/5325 5312/5312 5318/5318
f 5318/5318 5312/5312 5311/5311
f 120/120 127/127 123/123
f 333/333 310/310 312/312
f 122/122 128/128 120/120
f 129/129 128/128 122/122
f 134/134 129/129 122/122
f 129/129 134/134 137/137
f 2230/2230 2233/2233 2236/2236
f 437/437 438/438 443/443
f 3889/3889 3890/3890 3896/3896
f 3884/3884 3890/3890 3889/3889
f 5045/5045 5043/5043 5042/5042
f 298/298 300/300 303/303
f 303/303 316/316 319/319
f 319/319 334/334 354/354
f 349/349 371/371 370/370
f 2842/2842 2843/2843 2852/2852
f 837/837 832/832 835/835
f 835/835 832/832 829/829
f 829/829 836/836 835/835
f 838/838 836/836 823/823
f 838/838 823/823 825/825
f 819/819 826/826 827/827
f 1844/1844 1851/1851 1848/1848
f 7612/7612 7611/7611 7602/7602
f 4173/4173 4174/4174 4178/4178
f 3987/3987 3985/3985 3988/3988
f 4179/4179 4186/4186 4187/4187
f 4189/4189 4138/4138 4191/4191
f 4326/4326 4321/4321 4328/4328
f 4328/4328 4321/4321 4329/4329
f 6991/6991 7003/7003 7004/7004
f 4329/4329 4321/4321 4345/4345
f 4321/4321 4318/4318 4345/4345
f 8095/8095 8103/8103 8081/8081
f 8081/8081 8103/8103 8082/8082
f 8081/8081 8082/8082 8080/8080
f 8080/8080 8082/8082 8100/8100
f 6661/6661 6657/6657 6658/6658
f 8078/8078 8081/8081 8080/8080
f 8078/8078 8080/8080 8079/8079
f 8079/8079 8080/8080 8100/8100
f 8079/8079 8100/8100 8084/8084
f 4138/4138 4131/4131 4136/4136
f 8321/8321 8433/8433 8328/8328
f 8096/8096 8114/8114 8089/8089
f 8089/8089 8114/8114 8091/8091
f 8077/8077 8078/8078 8079/8079
f 8355/8355 8354/8354 8485/8485
f 8077/8077 8079/8079 8083/8083
f 8083/8083 8079/8079 8084/8084
f 8084/8084 8102/8102 8101/8101
f 8083/8083 8084/8084 8101/8101
f 8520/8520 8521/8521 8522/8522
f 8089/8089 8091/8091 8086/8086
f 7245/7245 7243/7243 7222/7222
f 8085/8085 8077/8077 8083/8083
f 7098/7098 7097/7097 7095/7095
f 7523/7523 7521/7521 7522/7522
f 7523/7523 7522/7522 7524/7524
f 4136/4136 4131/4131 4134/4134
f 8096/8096 8089/8089 8088/8088
f 7524/7524 7522/7522 7535/7535
f 7563/7563 7574/7574 7584/7584
f 7535/7535 7563/7563 7584/7584
f 8438/8438 8437/8437 8435/8435
f 2302/2302 2297/2297 2301/2301
f 5145/5145 5146/5146 5153/5153
f 345/345 333/333 351/351
f 121/121 120/120 123/123
f 120/120 121/121 122/122
f 434/434 426/426 433/433
f 433/433 426/426 432/432
f 3933/3933 3890/3890 3884/3884
f 6532/6532 6535/6535 6586/6586
f 5048/5048 5049/5049 5051/5051
f 3929/3929 3933/3933 3884/3884
f 5047/5047 5045/5045 5042/5042
f 5042/5042 5043/5043 5044/5044
f 5044/5044 5043/5043 5049/5049
f 5044/5044 5049/5049 5048/5048
f 3881/3881 3929/3929 3884/3884
f 3925/3925 3929/3929 3881/3881
f 320/320 303/303 319/319
f 3930/3930 3881/3881 3879/3879
f 3892/3892 3930/3930 3879/3879
f 417/417 416/416 441/441
f 441/441 416/416 418/418
f 3892/3892 3879/3879 3880/3880
f 442/442 441/441 418/418
f 442/442 418/418 421/421
f 354/354 334/334 353/353
f 440/440 421/421 422/422
f 334/334 349/349 353/353
f 435/435 440/440 422/422
f 3897/3897 3892/3892 3893/3893
f 435/435 422/422 424/424
f 424/424 422/422 423/423
f 423/423 436/436 425/425
f 370/370 353/353 349/349
f 424/424 423/423 425/425
f 3902/3902 3898/3898 3897/3897
f 2825/2825 2919/2919 2826/2826
f 2826/2826 2829/2829 2827/2827
f 2840/2840 2837/2837 2842/2842
f 835/835 836/836 843/843
f 878/878 848/848 876/876
f 843/843 836/836 838/838
f 856/856 848/848 878/878
f 827/827 826/826 848/848
f 827/827 848/848 856/856
f 695/695 696/696 692/692
f 6992/6992 6986/6986 6989/6989
f 4190/4190 4168/4168 4185/4185
f 4185/4185 4168/4168 4175/4175
f 4175/4175 4168/4168 4173/4173
f 6989/6989 6988/6988 6990/6990
f 3988/3988 3985/3985 3963/3963
f 3963/3963 3985/3985 3983/3983
f 6010/6010 6047/6047 6023/6023
f 5367/5367 5369/5369 5358/5358
f 8112/8112 8113/8113 8095/8095
f 8114/8114 8115/8115 8113/8113
f 8114/8114 8113/8113 8112/8112
f 8114/8114 8112/8112 8091/8091
f 8078/8078 8112/8112 8095/8095
f 8078/8078 8095/8095 8081/8081
f 8091/8091 8112/8112 8078/8078
f 4191/4191 4138/4138 4136/4136
f 8086/8086 8091/8091 8078/8078
f 8086/8086 8078/8078 8077/8077
f 7522/7522 7563/7563 7535/7535
f 8086/8086 8077/8077 8087/8087
f 8087/8087 8077/8077 8090/8090
f 8121/8121 8122/8122 8123/8123
f 8090/8090 8110/8110 8108/8108
f 7222/7222 7223/7223 7224/7224
f 8089/8089 8086/8086 8088/8088
f 8088/8088 8086/8086 8087/8087
f 8093/8093 8096/8096 8088/8088
f 8088/8088 8087/8087 8092/8092
f 8092/8092 8087/8087 8097/8097
f 8094/8094 8092/8092 8098/8098
f 8098/8098 8092/8092 8107/8107
f 8107/8107 8092/8092 8097/8097
f 4387/4387 4369/4369 4386/4386
f 243/243 244/244 242/242
f 4580/4580 4585/4585 4586/4586
f 4580/4580 4586/4586 4583/4583
f 3568/3568 3569/3569 3570/3570
f 131/131 138/138 133/133
f 130/130 127/127 131/131
f 123/123 127/127 130/130
f 126/126 122/122 125/125
f 134/134 122/122 135/135
f 135/135 122/122 126/126
f 2230/2230 2236/2236 2232/2232
f 391/391 380/380 437/437
f 437/437 380/380 438/438
f 438/438 380/380 379/379
f 438/438 379/379 434/434
f 3933/3933 3927/3927 3890/3890
f 431/431 432/432 414/414
f 6587/6587 6583/6583 6534/6534
f 6532/6532 6586/6586 6533/6533
f 5042/5042 5044/5044 5046/5046
f 5047/5047 5042/5042 5046/5046
f 5046/5046 5044/5044 5048/5048
f 324/324 298/298 303/303
f 3925/3925 3881/3881 3930/3930
f 303/303 320/320 330/330
f 2573/2573 2688/2688 2687/2687
f 417/417 408/408 416/416
f 416/416 408/408 415/415
f 416/416 415/415 418/418
f 427/427 439/439 447/447
f 427/427 447/447 436/436
f 421/421 418/418 420/420
f 421/421 420/420 422/422
f 420/420 427/427 423/423
f 423/423 427/427 436/436
f 422/422 420/420 423/423
f 3892/3892 3897/3897 3898/3898
f 2831/2831 2827/2827 2832/2832
f 2834/2834 2837/2837 2838/2838
f 2842/2842 2850/2850 2848/2848
f 2851/2851 2866/2866 2863/2863
f 906/906 837/837 849/849
f 849/849 837/837 835/835
f 838/838 825/825 845/845
f 845/845 825/825 834/834
f 825/825 820/820 834/834
f 820/820 819/819 822/822
f 822/822 819/819 827/827
f 822/822 827/827 839/839
f 839/839 827/827 856/856
f 8331/8331 8329/8329 8337/8337
f 7594/7594 7596/7596 7595/7595
f 7593/7593 7592/7592 7589/7589
f 755/755 767/767 768/768
f 4233/4233 4179/4179 4187/4187
f 7600/7600 7590/7590 7562/7562
f 3974/3974 3988/3988 3963/3963
f 5363/5363 5364/5364 5362/5362
f 5366/5366 5363/5363 5357/5357
f 5357/5357 5363/5363 5362/5362
f 5357/5357 5362/5362 5360/5360
f 5357/5357 5360/5360 5355/5355
f 5354/5354 5357/5357 5355/5355
f 5354/5354 5355/5355 5356/5356
f 5354/5354 5356/5356 5358/5358
f 5356/5356 5368/5368 5367/5367
f 7521/7521 7525/7525 7519/7519
f 6018/6018 6010/6010 6019/6019
f 6019/6019 6010/6010 6023/6023
f 5356/5356 5367/5367 5358/5358
f 7035/7035 6991/6991 7004/7004
f 8319/8319 8320/8320 8318/8318
f 6656/6656 6657/6657 6653/6653
f 198/198 218/218 197/197
f 7522/7522 7521/7521 7520/7520
f 7561/7561 7575/7575 7574/7574
f 7522/7522 7561/7561 7563/7563
f 7563/7563 7561/7561 7574/7574
f 193/193 237/237 195/195
f 8087/8087 8090/8090 8097/8097
f 8097/8097 8090/8090 8108/8108
f 195/195 237/237 196/196
f 8093/8093 8088/8088 8092/8092
f 8093/8093 8092/8092 8094/8094
f 237/237 243/243 196/196
f 8099/8099 8093/8093 8094/8094
f 5082/5082 5085/5085 5079/5079
f 196/196 243/243 242/242
f 4582/4582 4580/4580 4579/4579
f 4579/4579 4580/4580 4581/4581
f 4580/4580 4583/4583 4581/4581
f 4581/4581 4583/4583 4584/4584
f 4140/4140 4141/4141 4151/4151
f 5120/5120 5143/5143 5119/5119
f 5319/5319 5317/5317 5314/5314
f 132/132 131/131 133/133
f 130/130 131/131 132/132
f 351/351 333/333 350/350
f 122/122 121/121 124/124
f 125/125 122/122 124/124
f 135/135 126/126 146/146
f 389/389 390/390 388/388
f 387/387 388/388 384/384
f 146/146 134/134 135/135
f 3934/3934 3935/3935 3932/3932
f 387/387 389/389 388/388
f 387/387 384/384 386/386
f 3945/3945 3934/3934 3941/3941
f 386/386 378/378 380/380
f 387/387 386/386 391/391
f 391/391 386/386 380/380
f 379/379 426/426 434/434
f 3929/3929 3927/3927 3933/3933
f 326/326 296/296 297/297
f 429/429 431/431 414/414
f 326/326 297/297 324/324
f 324/324 297/297 298/298
f 6531/6531 6532/6532 6533/6533
f 5048/5048 5051/5051 5050/5050
f 430/430 429/429 407/407
f 5048/5048 5050/5050 5046/5046
f 428/428 430/430 407/407
f 428/428 407/407 408/408
f 324/324 303/303 330/330
f 408/408 406/406 415/415
f 415/415 406/406 439/439
f 439/439 406/406 413/413
f 439/439 413/413 444/444
f 418/418 415/415 419/419
f 419/419 415/415 439/439
f 3930/3930 3892/3892 3899/3899
f 3918/3918 3930/3930 3899/3899
f 420/420 419/419 427/427
f 419/419 439/439 427/427
f 420/420 418/418 419/419
f 3900/3900 3899/3899 3898/3898
f 3899/3899 3892/3892 3898/3898
f 2840/2840 2842/2842 2848/2848
f 2848/2848 2850/2850 2851/2851
f 850/850 835/835 843/843
f 850/850 843/843 854/854
f 854/854 843/843 853/853
f 843/843 838/838 853/853
f 853/853 838/838 845/845
f 834/834 820/820 822/822
f 7582/7582 7601/7601 7581/7581
f 7582/7582 7581/7581 7579/7579
f 7596/7596 7579/7579 7597/7597
f 7589/7589 7577/7577 7576/7576
f 5965/5965 5962/5962 5964/5964
f 7602/7602 7544/7544 7545/7545
f 4233/4233 4178/4178 4179/4179
f 761/761 770/770 771/771
f 3974/3974 3975/3975 3976/3976
f 6042/6042 6020/6020 6016/6016
f 4187/4187 4189/4189 4192/4192
f 6011/6011 6045/6045 6013/6013
f 6990/6990 6991/6991 7035/7035
f 6012/6012 6011/6011 6013/6013
f 6010/6010 6011/6011 6012/6012
f 5355/5355 5360/5360 5359/5359
f 4189/4189 4191/4191 4192/4192
f 5355/5355 5359/5359 5356/5356
f 5356/5356 5359/5359 5368/5368
f 7521/7521 7519/7519 7520/7520
f 6022/6022 6017/6017 6018/6018
f 7568/7568 7575/7575 7561/7561
f 198/198 197/197 191/191
f 197/197 193/193 191/191
f 5640/5640 5661/5661 5632/5632
f 190/190 193/193 195/195
f 5630/5630 5632/5632 5729/5729
f 4587/4587 4582/4582 4590/4590
f 5075/5075 5079/5079 5077/5077
f 4582/4582 4579/4579 4590/4590
f 4579/4579 4581/4581 4589/4589
f 4581/4581 4584/4584 4589/4589
f 4589/4589 4584/4584 4592/4592
f 7101/7101 7102/7102 7103/7103
f 5322/5322 5319/5319 5314/5314
f 5315/5315 5314/5314 5310/5310
f 123/123 130/130 141/141
f 350/350 333/333 312/312
f 124/124 121/121 123/123
f 388/388 385/385 384/384
f 384/384 385/385 383/383
f 384/384 383/383 378/378
f 331/331 299/299 296/296
f 386/386 384/384 378/378
f 379/379 378/378 381/381
f 3941/3941 3934/3934 3939/3939
f 3926/3926 3934/3934 3932/3932
f 3939/3939 3934/3934 3926/3926
f 3932/3932 3928/3928 3926/3926
f 3926/3926 3928/3928 3927/3927
f 426/426 379/379 381/381
f 3924/3924 3926/3926 3927/3927
f 414/414 426/426 381/381
f 3940/3940 3941/3941 3939/3939
f 3924/3924 3927/3927 3929/3929
f 3940/3940 3939/3939 3937/3937
f 3923/3923 3926/3926 3924/3924
f 6534/6534 6532/6532 6531/6531
f 3942/3942 3940/3940 3937/3937
f 429/429 414/414 407/407
f 3942/3942 3937/3937 3943/3943
f 3947/3947 3942/3942 3943/3943
f 3921/3921 3924/3924 3925/3925
f 3924/3924 3929/3929 3925/3925
f 6537/6537 6533/6533 6550/6550
f 3946/3946 3947/3947 3943/3943
f 3946/3946 3943/3943 3944/3944
f 3918/3918 3921/3921 3925/3925
f 408/408 407/407 405/405
f 408/408 405/405 406/406
f 3918/3918 3925/3925 3930/3930
f 3917/3917 3918/3918 3899/3899
f 2819/2819 2820/2820 2821/2821
f 3900/3900 3917/3917 3899/3899
f 2848/2848 2851/2851 2863/2863
f 878/878 876/876 870/870
f 870/870 876/876 875/875
f 7040/7040 7036/7036 6999/6999
f 849/849 835/835 850/850
f 851/851 849/849 850/850
f 861/861 853/853 845/845
f 867/867 845/845 834/834
f 852/852 822/822 839/839
f 861/861 845/845 867/867
f 6999/6999 6992/6992 7000/7000
f 7581/7581 7580/7580 7579/7579
f 5962/5962 5959/5959 5961/5961
f 5964/5964 5962/5962 5961/5961
f 7571/7571 7542/7542 7548/7548
f 4185/4185 4175/4175 4182/4182
f 6989/6989 6990/6990 7015/7015
f 7562/7562 7547/7547 7530/7530
f 4233/4233 4187/4187 4232/4232
f 6042/6042 6016/6016 6021/6021
f 4232/4232 4187/4187 4192/4192
f 6021/6021 6016/6016 6015/6015
f 6011/6011 6016/6016 6020/6020
f 7525/7525 7531/7531 7517/7517
f 7525/7525 7517/7517 7519/7519
f 6015/6015 6016/6016 6011/6011
f 6014/6014 6015/6015 6011/6011
f 6010/6010 6014/6014 6011/6011
f 6017/6017 6014/6014 6010/6010
f 6017/6017 6010/6010 6018/6018
f 6017/6017 6022/6022 6036/6036
f 4192/4192 4191/4191 4193/4193
f 7522/7522 7520/7520 7561/7561
f 191/191 193/193 190/190
f 4153/4153 4136/4136 4134/4134
f 195/195 196/196 194/194
f 196/196 242/242 194/194
f 4593/4593 4587/4587 4591/4591
f 4587/4587 4590/4590 4591/4591
f 4591/4591 4590/4590 4596/4596
f 4596/4596 4590/4590 4595/4595
f 4595/4595 4590/4590 4579/4579
f 4595/4595 4579/4579 4594/4594
f 4594/4594 4579/4579 4589/4589
f 3514/3514 3522/3522 3513/3513
f 3508/3508 3513/3513 3512/3512
f 7101/7101 7103/7103 7104/7104
f 4691/4691 4697/4697 4693/4693
f 5322/5322 5314/5314 5323/5323
f 3954/3954 3955/3955 3948/3948
f 3948/3948 3949/3949 3950/3950
f 3949/3949 3958/3958 3959/3959
f 136/136 132/132 133/133
f 123/123 141/141 140/140
f 124/124 123/123 140/140
f 335/335 312/312 299/299
f 335/335 299/299 331/331
f 378/378 383/383 382/382
f 381/381 378/378 382/382
f 331/331 296/296 332/332
f 381/381 382/382 392/392
f 296/296 326/326 332/332
f 414/414 381/381 392/392
f 2635/2635 2634/2634 2695/2695
f 3937/3937 3926/3926 3923/3923
f 414/414 392/392 393/393
f 414/414 393/393 407/407
f 7747/7747 7748/7748 7749/7749
f 407/407 393/393 403/403
f 3923/3923 3924/3924 3921/3921
f 407/407 403/403 405/405
f 3937/3937 3923/3923 3922/3922
f 3922/3922 3923/3923 3921/3921
f 405/405 403/403 404/404
f 3944/3944 3943/3943 3937/3937
f 3946/3946 3944/3944 3938/3938
f 3938/3938 3944/3944 3937/3937
f 3936/3936 3937/3937 3922/3922
f 413/413 409/409 412/412
f 3938/3938 3937/3937 3936/3936
f 405/405 404/404 406/406
f 406/406 404/404 409/409
f 7476/7476 7479/7479 7477/7477
f 3936/3936 3922/3922 3931/3931
f 3931/3931 3922/3922 3919/3919
f 3919/3919 3922/3922 3921/3921
f 3919/3919 3921/3921 3918/3918
f 3920/3920 3931/3931 3919/3919
f 3920/3920 3919/3919 3917/3917
f 3917/3917 3919/3919 3918/3918
f 2633/2633 2632/2632 2559/2559
f 2863/2863 2811/2811 2848/2848
f 870/870 875/875 872/872
f 860/860 850/850 854/854
f 857/857 839/839 856/856
f 860/860 854/854 853/853
f 860/860 853/853 861/861
f 855/855 834/834 822/822
f 855/855 822/822 852/852
f 834/834 855/855 863/863
f 867/867 834/834 868/868
f 834/834 863/863 868/868
f 7579/7579 7580/7580 7556/7556
f 5960/5960 5959/5959 5963/5963
f 5960/5960 5963/5963 5966/5966
f 7542/7542 7537/7537 7548/7548
f 7548/7548 7537/7537 7533/7533
f 7544/7544 7533/7533 7529/7529
f 732/732 755/755 750/750
f 7544/7544 7529/7529 7545/7545
f 7545/7545 7529/7529 7528/7528
f 4180/4180 4173/4173 4178/4178
f 7545/7545 7528/7528 7546/7546
f 730/730 761/761 755/755
f 730/730 753/753 761/761
f 7519/7519 7517/7517 7518/7518
f 7048/7048 6990/6990 7035/7035
f 7561/7561 7567/7567 7568/7568
f 6017/6017 6026/6026 6014/6014
f 7520/7520 7519/7519 7518/7518
f 6654/6654 6653/6653 6662/6662
f 5661/5661 5664/5664 5413/5413
f 4193/4193 4136/4136 4194/4194
f 5730/5730 5661/5661 5413/5413
f 5729/5729 5434/5434 5630/5630
f 4153/4153 4134/4134 4152/4152
f 4591/4591 4596/4596 4597/4597
f 3523/3523 3524/3524 3507/3507
f 5075/5075 5077/5077 5076/5076
f 3507/3507 3524/3524 3514/3514
f 3507/3507 3514/3514 3508/3508
f 3508/3508 3514/3514 3513/3513
f 3506/3506 3507/3507 3508/3508
f 3506/3506 3508/3508 3509/3509
f 3509/3509 3508/3508 3512/3512
f 3517/3517 3509/3509 3512/3512
f 3506/3506 3509/3509 3515/3515
f 3515/3515 3509/3509 3517/3517
f 3518/3518 3515/3515 3517/3517
f 5350/5350 5322/5322 5349/5349
f 4699/4699 4694/4694 4696/4696
f 5322/5322 5323/5323 5349/5349
f 3954/3954 3948/3948 3951/3951
f 3951/3951 3948/3948 3950/3950
f 3951/3951 3950/3950 3953/3953
f 3953/3953 3950/3950 3952/3952
f 140/140 141/141 130/130
f 350/350 312/312 335/335
f 140/140 130/130 143/143
f 6573/6573 6536/6536 6547/6547
f 6547/6547 6536/6536 6531/6531
f 393/393 395/395 403/403
f 409/409 404/404 411/411
f 409/409 411/411 412/412
f 7476/7476 7477/7477 7478/7478
f 7478/7478 7477/7477 7480/7480
f 7478/7478 7480/7480 7481/7481
f 8068/8068 8069/8069 8070/8070
f 870/870 856/856 878/878
f 7040/7040 6999/6999 7000/7000
f 2783/2783 2811/2811 2806/2806
f 852/852 839/839 857/857
f 851/851 850/850 881/881
f 881/881 850/850 865/865
f 865/865 850/850 860/860
f 865/865 860/860 864/864
f 860/860 861/861 864/864
f 2805/2805 2806/2806 2807/2807
f 864/864 861/861 866/866
f 866/866 861/861 867/867
f 7556/7556 7541/7541 7552/7552
f 7552/7552 7538/7538 7542/7542
f 7533/7533 7537/7537 7507/7507
f 7533/7533 7507/7507 7529/7529
f 4182/4182 4175/4175 4173/4173
f 7528/7528 7529/7529 7506/7506
f 7528/7528 7513/7513 7530/7530
f 7015/7015 6990/6990 7052/7052
f 7531/7531 7530/7530 7517/7517
f 728/728 753/753 730/730
f 5376/5376 5377/5377 5372/5372
f 6015/6015 6025/6025 6021/6021
f 4232/4232 4192/4192 4230/4230
f 7555/7555 7570/7570 7567/7567
f 7520/7520 7526/7526 7555/7555
f 7561/7561 7555/7555 7567/7567
f 7520/7520 7518/7518 7526/7526
f 7520/7520 7555/7555 7561/7561
f 6017/6017 6036/6036 6033/6033
f 5664/5664 5675/5675 5414/5414
f 6664/6664 6654/6654 6662/6662
f 6664/6664 6662/6662 6665/6665
f 5729/5729 5730/5730 5413/5413
f 5729/5729 5413/5413 5434/5434
f 5630/5630 5434/5434 5433/5433
f 5630/5630 5433/5433 5731/5731
f 5629/5629 5630/5630 5731/5731
f 190/190 195/195 194/194
f 5627/5627 5731/5731 5465/5465
f 4593/4593 4591/4591 4597/4597
f 5074/5074 5075/5075 5076/5076
f 3510/3510 3521/3521 3523/3523
f 3510/3510 3523/3523 3507/3507
f 3510/3510 3507/3507 3506/3506
f 3511/3511 3510/3510 3506/3506
f 3516/3516 3511/3511 3515/3515
f 3511/3511 3506/3506 3515/3515
f 3511/3511 3516/3516 3520/3520
f 266/266 274/274 268/268
f 5349/5349 5323/5323 5351/5351
f 4450/4450 4447/4447 4448/4448
f 4447/4447 4446/4446 4441/4441
f 4441/4441 4446/4446 4443/4443
f 4442/4442 4441/4441 4443/4443
f 6627/6627 6626/6626 6624/6624
f 4441/4441 4442/4442 4439/4439
f 6625/6625 6624/6624 6626/6626
f 383/383 397/397 382/382
f 382/382 394/394 393/393
f 392/392 382/382 393/393
f 401/401 410/410 411/411
f 403/403 395/395 401/401
f 404/404 401/401 411/411
f 403/403 401/401 404/404
f 6541/6541 6544/6544 6543/6543
f 2822/2822 2820/2820 2823/2823
f 2828/2828 2824/2824 2831/2831
f 2831/2831 2834/2834 2836/2836
f 2838/2838 2840/2840 2904/2904
f 2904/2904 2840/2840 2849/2849
f 2910/2910 2849/2849 2848/2848
f 2806/2806 2805/2805 2783/2783
f 862/862 855/855 852/852
f 863/863 855/855 862/862
f 756/756 759/759 740/740
f 7550/7550 7588/7588 7587/7587
f 868/868 863/863 882/882
f 7509/7509 7588/7588 7550/7550
f 7538/7538 7539/7539 7534/7534
f 866/866 867/867 868/868
f 7538/7538 7534/7534 7537/7537
f 7537/7537 7534/7534 7507/7507
f 6199/6199 6193/6193 6192/6192
f 7529/7529 7507/7507 7506/7506
f 4181/4181 4173/4173 4180/4180
f 7528/7528 7506/7506 7513/7513
f 7051/7051 7052/7052 6990/6990
f 7518/7518 7517/7517 7516/7516
f 6014/6014 6026/6026 6031/6031
f 4230/4230 4192/4192 4229/4229
f 4229/4229 4192/4192 4193/4193
f 212/212 198/198 191/191
f 4231/4231 4193/4193 4194/4194
f 4194/4194 4153/4153 4195/4195
f 5287/5287 5292/5292 5282/5282
f 3519/3519 3521/3521 3510/3510
f 3588/3588 3579/3579 3585/3585
f 5078/5078 5076/5076 5083/5083
f 3519/3519 3510/3510 3511/3511
f 3519/3519 3511/3511 3520/3520
f 5163/5163 5175/5175 5169/5169
f 266/266 268/268 267/267
f 267/267 268/268 270/270
f 267/267 270/270 271/271
f 4444/4444 4448/4448 4438/4438
f 4438/4438 4448/4448 4447/4447
f 4438/4438 4447/4447 4441/4441
f 4438/4438 4439/4439 4440/4440
f 4438/4438 4441/4441 4439/4439
f 4440/4440 4439/4439 4445/4445
f 5335/5335 5336/5336 5337/5337
f 132/132 136/136 145/145
f 130/130 132/132 144/144
f 144/144 132/132 145/145
f 143/143 130/130 144/144
f 394/394 397/397 396/396
f 382/382 397/397 394/394
f 6553/6553 6556/6556 6573/6573
f 395/395 394/394 396/396
f 6553/6553 6573/6573 6547/6547
f 2582/2582 2635/2635 2664/2664
f 393/393 394/394 395/395
f 395/395 396/396 401/401
f 401/401 396/396 402/402
f 401/401 402/402 410/410
f 2835/2835 2831/2831 2836/2836
f 7041/7041 7040/7040 7000/7000
f 862/862 852/852 859/859
f 859/859 852/852 857/857
f 2783/2783 2805/2805 2785/2785
f 7550/7550 7587/7587 7560/7560
f 6215/6215 6203/6203 6199/6199
f 866/866 868/868 882/882
f 7507/7507 7534/7534 7509/7509
f 7507/7507 7509/7509 7508/7508
f 7506/7506 7507/7507 7508/7508
f 6989/6989 7015/7015 7034/7034
f 7513/7513 7506/7506 7511/7511
f 7513/7513 7511/7511 7515/7515
f 4178/4178 4233/4233 4226/4226
f 7517/7517 7513/7513 7515/7515
f 7517/7517 7515/7515 7516/7516
f 7558/7558 7569/7569 7570/7570
f 7555/7555 7558/7558 7570/7570
f 7518/7518 7516/7516 7526/7526
f 7526/7526 7558/7558 7555/7555
f 6027/6027 6014/6014 6030/6030
f 189/189 191/191 190/190
f 4231/4231 4194/4194 4195/4195
f 188/188 190/190 194/194
f 3599/3599 3588/3588 3598/3598
f 5282/5282 5288/5288 5283/5283
f 3598/3598 3588/3588 3587/3587
f 217/217 194/194 277/277
f 188/188 194/194 217/217
f 5281/5281 5287/5287 5282/5282
f 5282/5282 5283/5283 5280/5280
f 217/217 277/277 264/264
f 5080/5080 5074/5074 5078/5078
f 3587/3587 3588/3588 3585/3585
f 264/264 266/266 265/265
f 3585/3585 3579/3579 3586/3586
f 3586/3586 3579/3579 3571/3571
f 266/266 267/267 265/265
f 3586/3586 3571/3571 3573/3573
f 4448/4448 4444/4444 4449/4449
f 267/267 271/271 272/272
f 4445/4445 4444/4444 4440/4440
f 4444/4444 4445/4445 4449/4449
f 4444/4444 4438/4438 4440/4440
f 6622/6622 6628/6628 6623/6623
f 5340/5340 5338/5338 5339/5339
f 5339/5339 5338/5338 5337/5337
f 6563/6563 6564/6564 6557/6557
f 397/397 398/398 396/396
f 398/398 400/400 399/399
f 396/396 398/398 399/399
f 396/396 399/399 402/402
f 2909/2909 2849/2849 2910/2910
f 7041/7041 7000/7000 7029/7029
f 859/859 857/857 869/869
f 7017/7017 7000/7000 6992/6992
f 7587/7587 7553/7553 7560/7560
f 7550/7550 7560/7560 7549/7549
f 7509/7509 7550/7550 7508/7508
f 7550/7550 7549/7549 7510/7510
f 7508/7508 7550/7550 7510/7510
f 7508/7508 7510/7510 7506/7506
f 7506/7506 7510/7510 7511/7511
f 7053/7053 7034/7034 7015/7015
f 7053/7053 7015/7015 7052/7052
f 6030/6030 6014/6014 6031/6031
f 192/192 212/212 191/191
f 4229/4229 4193/4193 4231/4231
f 5619/5619 5430/5430 5480/5480
f 5281/5281 5282/5282 5278/5278
f 5278/5278 5282/5282 5280/5280
f 217/217 264/264 239/239
f 265/265 267/267 269/269
f 275/275 265/265 269/269
f 269/269 267/267 273/273
f 5341/5341 5343/5343 5340/5340
f 5341/5341 5340/5340 5342/5342
f 5342/5342 5340/5340 5339/5339
f 3325/3325 3333/3333 3331/3331
f 5142/5142 5117/5117 5116/5116
f 2582/2582 2664/2664 2665/2665
f 2823/2823 2828/2828 2905/2905
f 2910/2910 2784/2784 2782/2782
f 870/870 872/872 871/871
f 871/871 872/872 873/873
f 869/869 870/870 871/871
f 7029/7029 7000/7000 7017/7017
f 7560/7560 7553/7553 7549/7549
f 7017/7017 6992/6992 6989/6989
f 7511/7511 7514/7514 7515/7515
f 7516/7516 7515/7515 7514/7514
f 4180/4180 4178/4178 4226/4226
f 7526/7526 7514/7514 7527/7527
f 7558/7558 7527/7527 7559/7559
f 7569/7569 7559/7559 7573/7573
f 7516/7516 7514/7514 7526/7526
f 7559/7559 7569/7569 7558/7558
f 7526/7526 7527/7527 7558/7558
f 4224/4224 4233/4233 4232/4232
f 6025/6025 6027/6027 6028/6028
f 4232/4232 4230/4230 4213/4213
f 6031/6031 6026/6026 6033/6033
f 2086/2086 2087/2087 2078/2078
f 2087/2087 2091/2091 2078/2078
f 2078/2078 2091/2091 2085/2085
f 2091/2091 2092/2092 2085/2085
f 2084/2084 2087/2087 2077/2077
f 2085/2085 2092/2092 2093/2093
f 2085/2085 2093/2093 2094/2094
f 189/189 190/190 188/188
f 4231/4231 4195/4195 4234/4234
f 3598/3598 3587/3587 3589/3589
f 188/188 217/217 199/199
f 5281/5281 5278/5278 5277/5277
f 5278/5278 5280/5280 5279/5279
f 5480/5480 5428/5428 5432/5432
f 199/199 217/217 239/239
f 5277/5277 5278/5278 5279/5279
f 5088/5088 5080/5080 5081/5081
f 239/239 264/264 265/265
f 239/239 265/265 275/275
f 5466/5466 5456/5456 5455/5455
f 6557/6557 6556/6556 6555/6555
f 6555/6555 6556/6556 6553/6553
f 2579/2579 2574/2574 2582/2582
f 6539/6539 6542/6542 6548/6548
f 2904/2904 2849/2849 2909/2909
f 2781/2781 2782/2782 2783/2783
f 741/741 740/740 742/742
f 2783/2783 2785/2785 2781/2781
f 7549/7549 7553/7553 7536/7536
f 2785/2785 2791/2791 2786/2786
f 7510/7510 7549/7549 7536/7536
f 7038/7038 7017/7017 6989/6989
f 7038/7038 6989/6989 7034/7034
f 7572/7572 7583/7583 7617/7617
f 7510/7510 7512/7512 7511/7511
f 7511/7511 7512/7512 7514/7514
f 7572/7572 7617/7617 7573/7573
f 4181/4181 4180/4180 4183/4183
f 7559/7559 7572/7572 7573/7573
f 709/709 725/725 726/726
f 5373/5373 5378/5378 5374/5374
f 709/709 722/722 725/725
f 6028/6028 6043/6043 6029/6029
f 6032/6032 6030/6030 6031/6031
f 2084/2084 2077/2077 2083/2083
f 6865/6865 6872/6872 6867/6867
f 6868/6868 6872/6872 6856/6856
f 6858/6858 6868/6868 6856/6856
f 4229/4229 4231/4231 4215/4215
f 5284/5284 5277/5277 5279/5279
f 5284/5284 5279/5279 5285/5285
f 239/239 275/275 276/276
f 275/275 269/269 276/276
f 5942/5942 5950/5950 5952/5952
f 3324/3324 3316/3316 3318/3318
f 5943/5943 5952/5952 5954/5954
f 2916/2916 2823/2823 2908/2908
f 2836/2836 2904/2904 2903/2903
f 2911/2911 2904/2904 2909/2909
f 2911/2911 2909/2909 2910/2910
f 2796/2796 2910/2910 2782/2782
f 871/871 873/873 874/874
f 874/874 873/873 877/877
f 7565/7565 7585/7585 7566/7566
f 7553/7553 7564/7564 7551/7551
f 7566/7566 7585/7585 7586/7586
f 7543/7543 7553/7553 7551/7551
f 7536/7536 7553/7553 7543/7543
f 2781/2781 2785/2785 2786/2786
f 7583/7583 7566/7566 7586/7586
f 7536/7536 7543/7543 7532/7532
f 7554/7554 7566/7566 7583/7583
f 7510/7510 7536/7536 7532/7532
f 7512/7512 7532/7532 7527/7527
f 7527/7527 7554/7554 7559/7559
f 7554/7554 7583/7583 7572/7572
f 7559/7559 7554/7554 7572/7572
f 4183/4183 4180/4180 4184/4184
f 4226/4226 4233/4233 4224/4224
f 6044/6044 6040/6040 6046/6046
f 6041/6041 6044/6044 6043/6043
f 6043/6043 6044/6044 6046/6046
f 5378/5378 5396/5396 5374/5374
f 6037/6037 6041/6041 6035/6035
f 5380/5380 5374/5374 5394/5394
f 4224/4224 4232/4232 4213/4213
f 6035/6035 6041/6041 6028/6028
f 6028/6028 6041/6041 6043/6043
f 6035/6035 6028/6028 6027/6027
f 6035/6035 6027/6027 6030/6030
f 4213/4213 4230/4230 4212/4212
f 720/720 722/722 717/717
f 6032/6032 6031/6031 6033/6033
f 4230/4230 4229/4229 4212/4212
f 2077/2077 2086/2086 2078/2078
f 2085/2085 2094/2094 2088/2088
f 4212/4212 4229/4229 4215/4215
f 2083/2083 2077/2077 2082/2082
f 192/192 191/191 185/185
f 4231/4231 4234/4234 4216/4216
f 183/183 188/188 199/199
f 3589/3589 3587/3587 3583/3583
f 5284/5284 5285/5285 5286/5286
f 3583/3583 3587/3587 3585/3585
f 5290/5290 5284/5284 5289/5289
f 187/187 239/239 276/276
f 5949/5949 5951/5951 5950/5950
f 5949/5949 5950/5950 5942/5942
f 5942/5942 5943/5943 5944/5944
f 3329/3329 3328/3328 3332/3332
f 5152/5152 5142/5142 5116/5116
f 6552/6552 6549/6549 6489/6489
f 6495/6495 6539/6539 6548/6548
f 2823/2823 2905/2905 2908/2908
f 2905/2905 2828/2828 2900/2900
f 2828/2828 2835/2835 2900/2900
f 2902/2902 2835/2835 2836/2836
f 2902/2902 2836/2836 2903/2903
f 2903/2903 2904/2904 2911/2911
f 2911/2911 2910/2910 2796/2796
f 7551/7551 7565/7565 7540/7540
f 7543/7543 7551/7551 7540/7540
f 7540/7540 7565/7565 7566/7566
f 7532/7532 7543/7543 7540/7540
f 7540/7540 7566/7566 7554/7554
f 7527/7527 7532/7532 7540/7540
f 7527/7527 7540/7540 7554/7554
f 4184/4184 4180/4180 4228/4228
f 7952/7952 7955/7955 7953/7953
f 714/714 726/726 729/729
f 2080/2080 2085/2085 2088/2088
f 2082/2082 2077/2077 2079/2079
f 2077/2077 2078/2078 2079/2079
f 186/186 192/192 185/185
f 6856/6856 6865/6865 6851/6851
f 6858/6858 6856/6856 6854/6854
f 185/185 191/191 189/189
f 6859/6859 6858/6858 6854/6854
f 4215/4215 4231/4231 4216/4216
f 189/189 188/188 184/184
f 3600/3600 3598/3598 3589/3589
f 5289/5289 5284/5284 5286/5286
f 187/187 199/199 239/239
f 5721/5721 5720/5720 5461/5461
f 3583/3583 3585/3585 3581/3581
f 5957/5957 5951/5951 5956/5956
f 5951/5951 5949/5949 5956/5956
f 3581/3581 3586/3586 3575/3575
f 5949/5949 5942/5942 5944/5944
f 5944/5944 5943/5943 5945/5945
f 5945/5945 5946/5946 5947/5947
f 5947/5947 5948/5948 5953/5953
f 6567/6567 6589/6589 6588/6588
f 6555/6555 6553/6553 6554/6554
f 6554/6554 6553/6553 6552/6552
f 2900/2900 2835/2835 2902/2902
f 4228/4228 4180/4180 4226/4226
f 6039/6039 6037/6037 6038/6038
f 6035/6035 6030/6030 6034/6034
f 6034/6034 6030/6030 6032/6032
f 2079/2079 2078/2078 2081/2081
f 2078/2078 2080/2080 2081/2081
f 2080/2080 2088/2088 2105/2105
f 6308/6308 6305/6305 6302/6302
f 6851/6851 6865/6865 6863/6863
f 185/185 189/189 184/184
f 184/184 188/188 183/183
f 183/183 199/199 187/187
f 5957/5957 5956/5956 5958/5958
f 2425/2425 2426/2426 2411/2411
f 2426/2426 2423/2423 2411/2411
f 2412/2412 2423/2423 2424/2424
f 3577/3577 3575/3575 3576/3576
f 5945/5945 5947/5947 5955/5955
f 5955/5955 5947/5947 5953/5953
f 7778/7778 7779/7779 7780/7780
f 7064/7064 7068/7068 7065/7065
f 6768/6768 6769/6769 6770/6770
f 6568/6568 6567/6567 6566/6566
f 6562/6562 6558/6558 6561/6561
f 6552/6552 6489/6489 6484/6484
f 6489/6489 6488/6488 6485/6485
f 2911/2911 2796/2796 2803/2803
f 747/747 746/746 748/748
f 2795/2795 2796/2796 2782/2782
f 6221/6221 6209/6209 6218/6218
f 733/733 735/735 737/737
f 4217/4217 4226/4226 4224/4224
f 6306/6306 6315/6315 6307/6307
f 6038/6038 6037/6037 6034/6034
f 6303/6303 6311/6311 6302/6302
f 6302/6302 6311/6311 6308/6308
f 6871/6871 6874/6874 6873/6873
f 6863/6863 6870/6870 6869/6869
f 6302/6302 6305/6305 6304/6304
f 6867/6867 6870/6870 6863/6863
f 6865/6865 6867/6867 6863/6863
f 180/180 186/186 185/185
f 4216/4216 4234/4234 4248/4248
f 3590/3590 3600/3600 3589/3589
f 5739/5739 5745/5745 5744/5744
f 2415/2415 2425/2425 2411/2411
f 2411/2411 2423/2423 2412/2412
f 2412/2412 2424/2424 2405/2405
f 2424/2424 2410/2410 2405/2405
f 4113/4113 4111/4111 4112/4112
f 4126/4126 4113/4113 4112/4112
f 7064/7064 7065/7065 7066/7066
f 7067/7067 7064/7064 7066/7066
f 6770/6770 6769/6769 6771/6771
f 5151/5151 5116/5116 5136/5136
f 6771/6771 6769/6769 6772/6772
f 6569/6569 6580/6580 6567/6567
f 6568/6568 6566/6566 6561/6561
f 6561/6561 6566/6566 6562/6562
f 6560/6560 6555/6555 6554/6554
f 6554/6554 6552/6552 6484/6484
f 6484/6484 6489/6489 6485/6485
f 6488/6488 6495/6495 6487/6487
f 2907/2907 2902/2902 2903/2903
f 2803/2803 2796/2796 2795/2795
f 2788/2788 2781/2781 2787/2787
f 737/737 735/735 738/738
f 7956/7956 7954/7954 7953/7953
f 7956/7956 7953/7953 7960/7960
f 4223/4223 4228/4228 4226/4226
f 4224/4224 4213/4213 4217/4217
f 6307/6307 6313/6313 6303/6303
f 6313/6313 6311/6311 6303/6303
f 6871/6871 6873/6873 6866/6866
f 4212/4212 4215/4215 4214/4214
f 6861/6861 6859/6859 6854/6854
f 180/180 185/185 184/184
f 4214/4214 4215/4215 4216/4216
f 3590/3590 3583/3583 3584/3584
f 2415/2415 2411/2411 2404/2404
f 2403/2403 2404/2404 2411/2411
f 2403/2403 2411/2411 2412/2412
f 2403/2403 2412/2412 2401/2401
f 2401/2401 2412/2412 2405/2405
f 2409/2409 2405/2405 2410/2410
f 4109/4109 4112/4112 4111/4111
f 7070/7070 7067/7067 7069/7069
f 7069/7069 7067/7067 7066/7066
f 6776/6776 6770/6770 6771/6771
f 6569/6569 6567/6567 6568/6568
f 2625/2625 2620/2620 2627/2627
f 6559/6559 6555/6555 6560/6560
f 6487/6487 6495/6495 6493/6493
f 2918/2918 2917/2917 2915/2915
f 2547/2547 2553/2553 2545/2545
f 2912/2912 2908/2908 2906/2906
f 2908/2908 2905/2905 2906/2906
f 2899/2899 2900/2900 2901/2901
f 2900/2900 2902/2902 2901/2901
f 2907/2907 2901/2901 2902/2902
f 2907/2907 2903/2903 2914/2914
f 2914/2914 2903/2903 2810/2810
f 2792/2792 2782/2782 2788/2788
f 2790/2790 2787/2787 2786/2786
f 711/711 709/709 708/708
f 6306/6306 6307/6307 6301/6301
f 6863/6863 6869/6869 6864/6864
f 6869/6869 6871/6871 6864/6864
f 6864/6864 6871/6871 6866/6866
f 6851/6851 6863/6863 6852/6852
f 200/200 186/186 180/180
f 6854/6854 6851/6851 6853/6853
f 6851/6851 6852/6852 6853/6853
f 183/183 187/187 181/181
f 5739/5739 5740/5740 5741/5741
f 5742/5742 5739/5739 5741/5741
f 181/181 187/187 238/238
f 3582/3582 3581/3581 3575/3575
f 3582/3582 3575/3575 3577/3577
f 2400/2400 2404/2404 2403/2403
f 2406/2406 2404/2404 2400/2400
f 2400/2400 2403/2403 2401/2401
f 2400/2400 2401/2401 2402/2402
f 2402/2402 2401/2401 2405/2405
f 2402/2402 2405/2405 2409/2409
f 2417/2417 2402/2402 2419/2419
f 2419/2419 2402/2402 2409/2409
f 4116/4116 4124/4124 4109/4109
f 4124/4124 4122/4122 4109/4109
f 4354/4354 4357/4357 4359/4359
f 4355/4355 4357/4357 4354/4354
f 6775/6775 6778/6778 6776/6776
f 6777/6777 6775/6775 6771/6771
f 6775/6775 6776/6776 6771/6771
f 4413/4413 4414/4414 4410/4410
f 4410/4410 4414/4414 4416/4416
f 6570/6570 6569/6569 6568/6568
f 6576/6576 6568/6568 6561/6561
f 6486/6486 6485/6485 6487/6487
f 2915/2915 2908/2908 2912/2912
f 2905/2905 2900/2900 2906/2906
f 2906/2906 2900/2900 2899/2899
f 2903/2903 2911/2911 2810/2810
f 2810/2810 2911/2911 2808/2808
f 2808/2808 2911/2911 2803/2803
f 2795/2795 2782/2782 2792/2792
f 6307/6307 6303/6303 6301/6301
f 4213/4213 4212/4212 4198/4198
f 4198/4198 4212/4212 4211/4211
f 6297/6297 6302/6302 6300/6300
f 4211/4211 4212/4212 4214/4214
f 6300/6300 6302/6302 6304/6304
f 6852/6852 6863/6863 6864/6864
f 6852/6852 6864/6864 6855/6855
f 6854/6854 6853/6853 6857/6857
f 6861/6861 6854/6854 6857/6857
f 6862/6862 6861/6861 6857/6857
f 5742/5742 5741/5741 5743/5743
f 5974/5974 5975/5975 5973/5973
f 181/181 238/238 207/207
f 5974/5974 5973/5973 5969/5969
f 207/207 245/245 206/206
f 206/206 245/245 246/246
f 2406/2406 2400/2400 2407/2407
f 2408/2408 2406/2406 2407/2407
f 2407/2407 2400/2400 2402/2402
f 2407/2407 2418/2418 2416/2416
f 2418/2418 2407/2407 2417/2417
f 2407/2407 2402/2402 2417/2417
f 4355/4355 4358/4358 4357/4357
f 2416/2416 2418/2418 2420/2420
f 2418/2418 2417/2417 2421/2421
f 4355/4355 4354/4354 4352/4352
f 4352/4352 4354/4354 4353/4353
f 6584/6584 6581/6581 6572/6572
f 6570/6570 6568/6568 6575/6575
f 6575/6575 6568/6568 6576/6576
f 6482/6482 6484/6484 6483/6483
f 6486/6486 6483/6483 6485/6485
f 6487/6487 6493/6493 6490/6490
f 6490/6490 6493/6493 6494/6494
f 6494/6494 6493/6493 6496/6496
f 2812/2812 2907/2907 2914/2914
f 707/707 723/723 724/724
f 7958/7958 7956/7956 7960/7960
f 7958/7958 7960/7960 7959/7959
f 4222/4222 4223/4223 4217/4217
f 6301/6301 6303/6303 6295/6295
f 4198/4198 4211/4211 4201/4201
f 6855/6855 6864/6864 6866/6866
f 6862/6862 6857/6857 6860/6860
f 4214/4214 4216/4216 4210/4210
f 4032/4032 4033/4033 4029/4029
f 184/184 183/183 178/178
f 5973/5973 5977/5977 5970/5970
f 5970/5970 5977/5977 5976/5976
f 5969/5969 5973/5973 5970/5970
f 5969/5969 5970/5970 5971/5971
f 5972/5972 5978/5978 5971/5971
f 181/181 207/207 206/206
f 2414/2414 2408/2408 2413/2413
f 206/206 246/246 241/241
f 2413/2413 2408/2408 2407/2407
f 2413/2413 2407/2407 2416/2416
f 4360/4360 4355/4355 4356/4356
f 4356/4356 4355/4355 4352/4352
f 6571/6571 6569/6569 6570/6570
f 6561/6561 6559/6559 6474/6474
f 6474/6474 6559/6559 6475/6475
f 6475/6475 6559/6559 6560/6560
f 6475/6475 6560/6560 6480/6480
f 6494/6494 6496/6496 6500/6500
f 6494/6494 6500/6500 6501/6501
f 2913/2913 2901/2901 2907/2907
f 702/702 748/748 781/781
f 2789/2789 2788/2788 2787/2787
f 752/752 724/724 738/738
f 706/706 705/705 708/708
f 6306/6306 6301/6301 6296/6296
f 716/716 713/713 715/715
f 6296/6296 6301/6301 6295/6295
f 6295/6295 6303/6303 6297/6297
f 6303/6303 6302/6302 6297/6297
f 6853/6853 6852/6852 6850/6850
f 6850/6850 6852/6852 6855/6855
f 6857/6857 6853/6853 6849/6849
f 6849/6849 6853/6853 6850/6850
f 6860/6860 6857/6857 6849/6849
f 180/180 184/184 178/178
f 1705/1705 1708/1708 1745/1745
f 4214/4214 4210/4210 4207/4207
f 4210/4210 4216/4216 4247/4247
f 4247/4247 4216/4216 4248/4248
f 3601/3601 3590/3590 3594/3594
f 3594/3594 3590/3590 3584/3584
f 178/178 183/183 181/181
f 5970/5970 5976/5976 5972/5972
f 5970/5970 5972/5972 5971/5971
f 181/181 206/206 205/205
f 205/205 206/206 241/241
f 6401/6401 6402/6402 6391/6391
f 6798/6798 6800/6800 6799/6799
f 6799/6799 6800/6800 6801/6801
f 4361/4361 4360/4360 4356/4356
f 4351/4351 4352/4352 4353/4353
f 4412/4412 4413/4413 4410/4410
f 6468/6468 6572/6572 6571/6571
f 6486/6486 6487/6487 6490/6490
f 2543/2543 2545/2545 2542/2542
f 6501/6501 6500/6500 6504/6504
f 2913/2913 2899/2899 2901/2901
f 2913/2913 2907/2907 2812/2812
f 2812/2812 2914/2914 2810/2810
f 4197/4197 4217/4217 4213/4213
f 7139/7139 7145/7145 7137/7137
f 6846/6846 6848/6848 6844/6844
f 1745/1745 1737/1737 1736/1736
f 1688/1688 1705/1705 1736/1736
f 178/178 181/181 179/179
f 3582/3582 3577/3577 3591/3591
f 205/205 241/241 261/261
f 6796/6796 6797/6797 6798/6798
f 6796/6796 6798/6798 6799/6799
f 4412/4412 4410/4410 4411/4411
f 6574/6574 6572/6572 6466/6466
f 6468/6468 6571/6571 6470/6470
f 6473/6473 6576/6576 6474/6474
f 3651/3651 3649/3649 3643/3643
f 3643/3643 3649/3649 3648/3648
f 6492/6492 6483/6483 6486/6486
f 6501/6501 6504/6504 6505/6505
f 6505/6505 6504/6504 6514/6514
f 2808/2808 2803/2803 2804/2804
f 747/747 751/751 788/788
f 738/738 762/762 763/763
f 4222/4222 4217/4217 4220/4220
f 6298/6298 6306/6306 6296/6296
f 4220/4220 4217/4217 4197/4197
f 4197/4197 4213/4213 4198/4198
f 6845/6845 6850/6850 6847/6847
f 177/177 180/180 178/178
f 6844/6844 6845/6845 6846/6846
f 3584/3584 3582/3582 3593/3593
f 3592/3592 3582/3582 3591/3591
f 181/181 205/205 204/204
f 6796/6796 6799/6799 6802/6802
f 6799/6799 6801/6801 6802/6802
f 6808/6808 6813/6813 6814/6814
f 4409/4409 4411/4411 4410/4410
f 6463/6463 6578/6578 6464/6464
f 6464/6464 6578/6578 6574/6574
f 6464/6464 6574/6574 6466/6466
f 6479/6479 6475/6475 6480/6480
f 3643/3643 3648/3648 3644/3644
f 6497/6497 6486/6486 6498/6498
f 6486/6486 6490/6490 6498/6498
f 6893/6893 6894/6894 6897/6897
f 6490/6490 6494/6494 6498/6498
f 6515/6515 6505/6505 6514/6514
f 2813/2813 2913/2913 2812/2812
f 2809/2809 2810/2810 2808/2808
f 4293/4293 4292/4292 4286/4286
f 4286/4286 4292/4292 4291/4291
f 4286/4286 4291/4291 4285/4285
f 7957/7957 7958/7958 7959/7959
f 2393/2393 2399/2399 2392/2392
f 2392/2392 2395/2395 2388/2388
f 7141/7141 7136/7136 7135/7135
f 6297/6297 6300/6300 6299/6299
f 200/200 180/180 174/174
f 211/211 200/200 174/174
f 4211/4211 4214/4214 4204/4204
f 174/174 180/180 177/177
f 4204/4204 4214/4214 4207/4207
f 6845/6845 6847/6847 6846/6846
f 3593/3593 3582/3582 3592/3592
f 204/204 205/205 260/260
f 260/260 205/205 261/261
f 6803/6803 6796/6796 6802/6802
f 6802/6802 6801/6801 6806/6806
f 6806/6806 6808/6808 6807/6807
f 6808/6808 6814/6814 6815/6815
f 6808/6808 6815/6815 6807/6807
f 6463/6463 6464/6464 6462/6462
f 6468/6468 6470/6470 6469/6469
f 6470/6470 6478/6478 6471/6471
f 6478/6478 6477/6477 6471/6471
f 5870/5870 5872/5872 5871/5871
f 6472/6472 6473/6473 6474/6474
f 6474/6474 6475/6475 6472/6472
f 6479/6479 6480/6480 6481/6481
f 6480/6480 6482/6482 6481/6481
f 3646/3646 3643/3643 3642/3642
f 3642/3642 3643/3643 3644/3644
f 6481/6481 6482/6482 6483/6483
f 6483/6483 6492/6492 6491/6491
f 6492/6492 6486/6486 6497/6497
f 2672/2672 2585/2585 2511/2511
f 6898/6898 6900/6900 6896/6896
f 6900/6900 6899/6899 6896/6896
f 6498/6498 6494/6494 6499/6499
f 6503/6503 6494/6494 6501/6501
f 2899/2899 2913/2913 2813/2813
f 2813/2813 2812/2812 2814/2814
f 3163/3163 3162/3162 3158/3158
f 3158/3158 3162/3162 3159/3159
f 2814/2814 2812/2812 2809/2809
f 2812/2812 2810/2810 2809/2809
f 2809/2809 2808/2808 2804/2804
f 4288/4288 4289/4289 4287/4287
f 2804/2804 2803/2803 2795/2795
f 4280/4280 4287/4287 4286/4286
f 4280/4280 4286/4286 4281/4281
f 4281/4281 4286/4286 4285/4285
f 2794/2794 2795/2795 2792/2792
f 3777/3777 3781/3781 3774/3774
f 3777/3777 3774/3774 3773/3773
f 3773/3773 3774/3774 3775/3775
f 2389/2389 2396/2396 2393/2393
f 6295/6295 6297/6297 6293/6293
f 6293/6293 6297/6297 6292/6292
f 6292/6292 6297/6297 6299/6299
f 4201/4201 4211/4211 4204/4204
f 3593/3593 3594/3594 3584/3584
f 6803/6803 6802/6802 6804/6804
f 6802/6802 6806/6806 6805/6805
f 6804/6804 6802/6802 6805/6805
f 6805/6805 6807/6807 6809/6809
f 6460/6460 6463/6463 6462/6462
f 6462/6462 6464/6464 6465/6465
f 6464/6464 6466/6466 6465/6465
f 6466/6466 6468/6468 6467/6467
f 6465/6465 6466/6466 6467/6467
f 6469/6469 6470/6470 6471/6471
f 6471/6471 6477/6477 6476/6476
f 5865/5865 5870/5870 5866/5866
f 5866/5866 5870/5870 5871/5871
f 6476/6476 6473/6473 6472/6472
f 3647/3647 3646/3646 3642/3642
f 6481/6481 6483/6483 6491/6491
f 6891/6891 6892/6892 6893/6893
f 6898/6898 6896/6896 6891/6891
f 6499/6499 6494/6494 6503/6503
f 6503/6503 6501/6501 6505/6505
f 6515/6515 6514/6514 6517/6517
f 6517/6517 6514/6514 6521/6521
f 3160/3160 3159/3159 3161/3161
f 3158/3158 3159/3159 3160/3160
f 4280/4280 4281/4281 4282/4282
f 4281/4281 4285/4285 4284/4284
f 2804/2804 2795/2795 2794/2794
f 2794/2794 2792/2792 2793/2793
f 3783/3783 3782/3782 3777/3777
f 3776/3776 3773/3773 3775/3775
f 3776/3776 3778/3778 3779/3779
f 785/785 752/752 784/784
f 2394/2394 2389/2389 2391/2391
f 2389/2389 2386/2386 2385/2385
f 2385/2385 2386/2386 2387/2387
f 171/171 177/177 172/172
f 177/177 178/178 176/176
f 176/176 178/178 179/179
f 6395/6395 6329/6329 6353/6353
f 181/181 204/204 201/201
f 6804/6804 6805/6805 6811/6811
f 6811/6811 6805/6805 6812/6812
f 6812/6812 6805/6805 6809/6809
f 6809/6809 6807/6807 6810/6810
f 6810/6810 6816/6816 6819/6819
f 6459/6459 6460/6460 6461/6461
f 6461/6461 6460/6460 6462/6462
f 6469/6469 6471/6471 6502/6502
f 6502/6502 6471/6471 6476/6476
f 5867/5867 5865/5865 5864/5864
f 5864/5864 5865/5865 5866/5866
f 5864/5864 5866/5866 5868/5868
f 5868/5868 5866/5866 5869/5869
f 3642/3642 3645/3645 3652/3652
f 1325/1325 1353/1353 1065/1065
f 7073/7073 7072/7072 7074/7074
f 7071/7071 7072/7072 7073/7073
f 1284/1284 1366/1366 1283/1283
f 1283/1283 1366/1366 1361/1361
f 4288/4288 4280/4280 4290/4290
f 4282/4282 4281/4281 4283/4283
f 4283/4283 4281/4281 4284/4284
f 4280/4280 4282/4282 4290/4290
f 3783/3783 3777/3777 3791/3791
f 2798/2798 2793/2793 2789/2789
f 3777/3777 3773/3773 3791/3791
f 3791/3791 3773/3773 3790/3790
f 3790/3790 3773/3773 3776/3776
f 2798/2798 2789/2789 2800/2800
f 1334/1334 1356/1356 1348/1348
f 2391/2391 2389/2389 2385/2385
f 6298/6298 6296/6296 6283/6283
f 6283/6283 6296/6296 6284/6284
f 6296/6296 6295/6295 6284/6284
f 6284/6284 6295/6295 6293/6293
f 174/174 177/177 171/171
f 172/172 177/177 176/176
f 6450/6450 6453/6453 6451/6451
f 6451/6451 6453/6453 6454/6454
f 176/176 179/179 182/182
f 179/179 181/181 182/182
f 6353/6353 6352/6352 6354/6354
f 6355/6355 6353/6353 6354/6354
f 6355/6355 6354/6354 6356/6356
f 5914/5914 5909/5909 5917/5917
f 6355/6355 6356/6356 6385/6385
f 6385/6385 6356/6356 6428/6428
f 201/201 204/204 260/260
f 201/201 260/260 247/247
f 3760/3760 3769/3769 3756/3756
f 6385/6385 6428/6428 6384/6384
f 6385/6385 6384/6384 6380/6380
f 7362/7362 7363/7363 7364/7364
f 7992/7992 7993/7993 7994/7994
f 7992/7992 7994/7994 7995/7995
f 6527/6527 6459/6459 6461/6461
f 6461/6461 6462/6462 6525/6525
f 6525/6525 6462/6462 6524/6524
f 6462/6462 6465/6465 6524/6524
f 6523/6523 6465/6465 6467/6467
f 6467/6467 6469/6469 6526/6526
f 6526/6526 6469/6469 6522/6522
f 6522/6522 6469/6469 6502/6502
f 5874/5874 5867/5867 5864/5864
f 7702/7702 7699/7699 7697/7697
f 6476/6476 6472/6472 6519/6519
f 6516/6516 6472/6472 6479/6479
f 1322/1322 1340/1340 1324/1324
f 3653/3653 3647/3647 3642/3642
f 3653/3653 3642/3642 3652/3652
f 1324/1324 1118/1118 1113/1113
f 6507/6507 6491/6491 6492/6492
f 1263/1263 1371/1371 1368/1368
f 1263/1263 1368/1368 1185/1185
f 6506/6506 6497/6497 6498/6498
f 1298/1298 1360/1360 1286/1286
f 1286/1286 1360/1360 1304/1304
f 1277/1277 1360/1360 1298/1298
f 1276/1276 1277/1277 1298/1298
f 1276/1276 1298/1298 1274/1274
f 1275/1275 1278/1278 1277/1277
f 2292/2292 2289/2289 2290/2290
f 6506/6506 6498/6498 6499/6499
f 1353/1353 1346/1346 1065/1065
f 1248/1248 1287/1287 1326/1326
f 1249/1249 1312/1312 1287/1287
f 1249/1249 1313/1313 1312/1312
f 6843/6843 6837/6837 6834/6834
f 6515/6515 6517/6517 6520/6520
f 1091/1091 1095/1095 1054/1054
f 7852/7852 7858/7858 7861/7861
f 1050/1050 1361/1361 1051/1051
f 1280/1280 1283/1283 1361/1361
f 1282/1282 1284/1284 1283/1283
f 1282/1282 1283/1283 1281/1281
f 4428/4428 4435/4435 4432/4432
f 4428/4428 4432/4432 4427/4427
f 2771/2771 2713/2713 2707/2707
f 1329/1329 1330/1330 1264/1264
f 1330/1330 1347/1347 1264/1264
f 1264/1264 1347/1347 1302/1302
f 1302/1302 1347/1347 1338/1338
f 1338/1338 1347/1347 1350/1350
f 1328/1328 1329/1329 1264/1264
f 1328/1328 1264/1264 1222/1222
f 2794/2794 2793/2793 2797/2797
f 1251/1251 1253/1253 1345/1345
f 1252/1252 1253/1253 1251/1251
f 1363/1363 1367/1367 958/958
f 958/958 1367/1367 1357/1357
f 13/13 14/14 15/15
f 1348/1348 1369/1369 1310/1310
f 1333/1333 1348/1348 1310/1310
f 1369/1369 1365/1365 1310/1310
f 4221/4221 4222/4222 4220/4220
f 1356/1356 1334/1334 1341/1341
f 1735/1735 1695/1695 1731/1731
f 5421/5421 5580/5580 5481/5481
f 6450/6450 6451/6451 6452/6452
f 6329/6329 6328/6328 6353/6353
f 6353/6353 6328/6328 6352/6352
f 182/182 181/181 201/201
f 3756/3756 3752/3752 3755/3755
f 3755/3755 3752/3752 3754/3754
f 3752/3752 3753/3753 3754/3754
f 3754/3754 3753/3753 3759/3759
f 3762/3762 3759/3759 3763/3763
f 5016/5016 5023/5023 5020/5020
f 5016/5016 5020/5020 5015/5015
f 5022/5022 5028/5028 5029/5029
f 7933/7933 7932/7932 7922/7922
f 1225/1225 1231/1231 1199/1199
f 7932/7932 7944/7944 7931/7931
f 1208/1208 1225/1225 1199/1199
f 1208/1208 1199/1199 1196/1196
f 1197/1197 1208/1208 1196/1196
f 1193/1193 1197/1197 1196/1196
f 6524/6524 6465/6465 6523/6523
f 1192/1192 1193/1193 1191/1191
f 6523/6523 6467/6467 6526/6526
f 1184/1184 1192/1192 1191/1191
f 1184/1184 1146/1146 1138/1138
f 6502/6502 6476/6476 6528/6528
f 1290/1290 1294/1294 1292/1292
f 1294/1294 1342/1342 1292/1292
f 1292/1292 1342/1342 1327/1327
f 1327/1327 1342/1342 1364/1364
f 1327/1327 1364/1364 1135/1135
f 1364/1364 1136/1136 1135/1135
f 7697/7697 7699/7699 7698/7698
f 7697/7697 7698/7698 7696/7696
f 7695/7695 7697/7697 7696/7696
f 7695/7695 7696/7696 7693/7693
f 6519/6519 6472/6472 6516/6516
f 7695/7695 7693/7693 7691/7691
f 7691/7691 7693/7693 7692/7692
f 7692/7692 7693/7693 7694/7694
f 6516/6516 6479/6479 6512/6512
f 6512/6512 6479/6479 6510/6510
f 1118/1118 1119/1119 1112/1112
f 6510/6510 6479/6479 6481/6481
f 1322/1322 1324/1324 1320/1320
f 1320/1320 1324/1324 1321/1321
f 1321/1321 1324/1324 1113/1113
f 1322/1322 1320/1320 1319/1319
f 1323/1323 1322/1322 1319/1319
f 1323/1323 1319/1319 1318/1318
f 1355/1355 1354/1354 1318/1318
f 1186/1186 1343/1343 1092/1092
f 1185/1185 1186/1186 1092/1092
f 6507/6507 6492/6492 6497/6497
f 1286/1286 1304/1304 1109/1109
f 1275/1275 1276/1276 1274/1274
f 1275/1275 1274/1274 1273/1273
f 2287/2287 2289/2289 2284/2284
f 2281/2281 2287/2287 2284/2284
f 6513/6513 6503/6503 6518/6518
f 6518/6518 6503/6503 6505/6505
f 1325/1325 1065/1065 1064/1064
f 6518/6518 6505/6505 6515/6515
f 1326/1326 1325/1325 1243/1243
f 1248/1248 1326/1326 1243/1243
f 1249/1249 1287/1287 1248/1248
f 6832/6832 6837/6837 6836/6836
f 6832/6832 6836/6836 6835/6835
f 6835/6835 6836/6836 6838/6838
f 7857/7857 7858/7858 7837/7837
f 1095/1095 1094/1094 1054/1054
f 7837/7837 7858/7858 7852/7852
f 1361/1361 1050/1050 1280/1280
f 1283/1283 1280/1280 1281/1281
f 4423/4423 4427/4427 4425/4425
f 4426/4426 4425/4425 4429/4429
f 4430/4430 4429/4429 4431/4431
f 2809/2809 2804/2804 2817/2817
f 6649/6649 6650/6650 6651/6651
f 1338/1338 1350/1350 1006/1006
f 1350/1350 1337/1337 1006/1006
f 1264/1264 1302/1302 1221/1221
f 1221/1221 1302/1302 1212/1212
f 1212/1212 1302/1302 1338/1338
f 1222/1222 1264/1264 1221/1221
f 1222/1222 1221/1221 1220/1220
f 1222/1222 1220/1220 1211/1211
f 1311/1311 1222/1222 1211/1211
f 1251/1251 1345/1345 1230/1230
f 1230/1230 1345/1345 1362/1362
f 1230/1230 1362/1362 1363/1363
f 1362/1362 1367/1367 1363/1363
f 958/958 1026/1026 1022/1022
f 1251/1251 1230/1230 1229/1229
f 1357/1357 1026/1026 958/958
f 1005/1005 1306/1306 989/989
f 978/978 1005/1005 989/989
f 1334/1334 1348/1348 1333/1333
f 1334/1334 1333/1333 1332/1332
f 1310/1310 1365/1365 995/995
f 1365/1365 996/996 995/995
f 1341/1341 1334/1334 1332/1332
f 1341/1341 1332/1332 1331/1331
f 6298/6298 6283/6283 6285/6285
f 1344/1344 1010/1010 1019/1019
f 6288/6288 6284/6284 6293/6293
f 6288/6288 6293/6293 6292/6292
f 4200/4200 4198/4198 4201/4201
f 4200/4200 4201/4201 4204/4204
f 6294/6294 6299/6299 6309/6309
f 3601/3601 3594/3594 3597/3597
f 5580/5580 5488/5488 5481/5481
f 3596/3596 3593/3593 3595/3595
f 3595/3595 3593/3593 3592/3592
f 6328/6328 6351/6351 6352/6352
f 5302/5302 5306/5306 5308/5308
f 5302/5302 5308/5308 5307/5307
f 6322/6322 6328/6328 6325/6325
f 5305/5305 5306/5306 5302/5302
f 3615/3615 3591/3591 3619/3619
f 3760/3760 3756/3756 3757/3757
f 3757/3757 3756/3756 3755/3755
f 6380/6380 6384/6384 6382/6382
f 3754/3754 3759/3759 3762/3762
f 3762/3762 3763/3763 3767/3767
f 5014/5014 5016/5016 5015/5015
f 5013/5013 5014/5014 5015/5015
f 5022/5022 5029/5029 5026/5026
f 4404/4404 4409/4409 4408/4408
f 7922/7922 7932/7932 7931/7931
f 1199/1199 1231/1231 1226/1226
f 7922/7922 7931/7931 7920/7920
f 1199/1199 1226/1226 1190/1190
f 1196/1196 1199/1199 1190/1190
f 7920/7920 7931/7931 7923/7923
f 6522/6522 6502/6502 6528/6528
f 1292/1292 1327/1327 1291/1291
f 1291/1291 1327/1327 1135/1135
f 1291/1291 1135/1135 1131/1131
f 6528/6528 6476/6476 6519/6519
f 1290/1290 1292/1292 1289/1289
f 1289/1289 1292/1292 1293/1293
f 1292/1292 1291/1291 1293/1293
f 1290/1290 1289/1289 1288/1288
f 7696/7696 7698/7698 7700/7700
f 7696/7696 7700/7700 7693/7693
f 7693/7693 7700/7700 7694/7694
f 6510/6510 6481/6481 6509/6509
f 1319/1319 1320/1320 1316/1316
f 1318/1318 1319/1319 1316/1316
f 6509/6509 6481/6481 6491/6491
f 1318/1318 1317/1317 1343/1343
f 6509/6509 6491/6491 6507/6507
f 1317/1317 1092/1092 1343/1343
f 6507/6507 6497/6497 6508/6508
f 1263/1263 1185/1185 1106/1106
f 1185/1185 1092/1092 1106/1106
f 6497/6497 6506/6506 6508/6508
f 1286/1286 1109/1109 1103/1103
f 1272/1272 1298/1298 1286/1286
f 1272/1272 1286/1286 1103/1103
f 1274/1274 1298/1298 1272/1272
f 6506/6506 6499/6499 6511/6511
f 1273/1273 1274/1274 1272/1272
f 6513/6513 6499/6499 6503/6503
f 1325/1325 1064/1064 1243/1243
f 1243/1243 1064/1064 1063/1063
f 1248/1248 1243/1243 1247/1247
f 1249/1249 1248/1248 1247/1247
f 6836/6836 6837/6837 6842/6842
f 6836/6836 6842/6842 6840/6840
f 6836/6836 6840/6840 6839/6839
f 7837/7837 7851/7851 7857/7857
f 6836/6836 6839/6839 6838/6838
f 1281/1281 1280/1280 1279/1279
f 1282/1282 1281/1281 1279/1279
f 4427/4427 4432/4432 4436/4436
f 4425/4425 4427/4427 4436/4436
f 7861/7861 7860/7860 7838/7838
f 2817/2817 2804/2804 2816/2816
f 6649/6649 6651/6651 6652/6652
f 1006/1006 1216/1216 1014/1014
f 1212/1212 1338/1338 1013/1013
f 1338/1338 1006/1006 1001/1001
f 1220/1220 1221/1221 1210/1210
f 1221/1221 1212/1212 1210/1210
f 1220/1220 1210/1210 1211/1211
f 1229/1229 1230/1230 1219/1219
f 1230/1230 1363/1363 1370/1370
f 1370/1370 1363/1363 958/958
f 2799/2799 2798/2798 2800/2800
f 1229/1229 1219/1219 989/989
f 1306/1306 1229/1229 989/989
f 1332/1332 1333/1333 1307/1307
f 1307/1307 1333/1333 1310/1310
f 1307/1307 1310/1310 1309/1309
f 1310/1310 995/995 1309/1309
f 1309/1309 995/995 994/994
f 4219/4219 4220/4220 4197/4197
f 1331/1331 1332/1332 1307/1307
f 1331/1331 1307/1307 1010/1010
f 6282/6282 6283/6283 6284/6284
f 4218/4218 4197/4197 4199/4199
f 4196/4196 4197/4197 4198/4198
f 4196/4196 4198/4198 4200/4200
f 6292/6292 6299/6299 6294/6294
f 5686/5686 5690/5690 5689/5689
f 174/174 171/171 170/170
f 1673/1673 1681/1681 1695/1695
f 3594/3594 3593/3593 3596/3596
f 8060/8060 8063/8063 8064/8064
f 6322/6322 6364/6364 6351/6351
f 6322/6322 6351/6351 6328/6328
f 5303/5303 5302/5302 5307/5307
f 5301/5301 5302/5302 5303/5303
f 5301/5301 5303/5303 5304/5304
f 3595/3595 3592/3592 3615/3615
f 182/182 201/201 202/202
f 201/201 247/247 203/203
f 3768/3768 3760/3760 3757/3757
f 3757/3757 3755/3755 3758/3758
f 3758/3758 3755/3755 3754/3754
f 3766/3766 3762/3762 3767/3767
f 4406/4406 4404/4404 4408/4408
f 7921/7921 7922/7922 7920/7920
f 7919/7919 7920/7920 7923/7923
f 7919/7919 7923/7923 7926/7926
f 7918/7918 7926/7926 7937/7937
f 7924/7924 7937/7937 7938/7938
f 7938/7938 7941/7941 7939/7939
f 7939/7939 7941/7941 7942/7942
f 1293/1293 1291/1291 1289/1289
f 1291/1291 1131/1131 1129/1129
f 1289/1289 1291/1291 1129/1129
f 1289/1289 1129/1129 1116/1116
f 1288/1288 1289/1289 1116/1116
f 6529/6529 6519/6519 6516/6516
f 1120/1120 1288/1288 1116/1116
f 1104/1104 1321/1321 1113/1113
f 1316/1316 1320/1320 1321/1321
f 1316/1316 1321/1321 1104/1104
f 1318/1318 1316/1316 1317/1317
f 1317/1317 1087/1087 1092/1092
f 1106/1106 1092/1092 1088/1088
f 1273/1273 1272/1272 1271/1271
f 1301/1301 1273/1273 1271/1271
f 6511/6511 6499/6499 6513/6513
f 1301/1301 1271/1271 1300/1300
f 7850/7850 7859/7859 7855/7855
f 7850/7850 7855/7855 7851/7851
f 1280/1280 1050/1050 1047/1047
f 1279/1279 1280/1280 1055/1055
f 7852/7852 7861/7861 7838/7838
f 4425/4425 4436/4436 4434/4434
f 4425/4425 4433/4433 4429/4429
f 1000/1000 1006/1006 1014/1014
f 1338/1338 1001/1001 1013/1013
f 1013/1013 1001/1001 999/999
f 2804/2804 2794/2794 2797/2797
f 1211/1211 1210/1210 1209/1209
f 1022/1022 1211/1211 1209/1209
f 956/956 958/958 1022/1022
f 1230/1230 1370/1370 957/957
f 1219/1219 1230/1230 957/957
f 7452/7452 7453/7453 7454/7454
f 989/989 1219/1219 962/962
f 1219/1219 957/957 962/962
f 4221/4221 4220/4220 4219/4219
f 1307/1307 1309/1309 1308/1308
f 1308/1308 1309/1309 980/980
f 980/980 1309/1309 994/994
f 1307/1307 1308/1308 1285/1285
f 4219/4219 4197/4197 4218/4218
f 1010/1010 1307/1307 1285/1285
f 1010/1010 1285/1285 990/990
f 7125/7125 7126/7126 7127/7127
f 4199/4199 4197/4197 4196/4196
f 208/208 174/174 170/170
f 170/170 171/171 172/172
f 4209/4209 4210/4210 4247/4247
f 173/173 172/172 175/175
f 172/172 176/176 175/175
f 3597/3597 3594/3594 3596/3596
f 8062/8062 8060/8060 8059/8059
f 8059/8059 8060/8060 8061/8061
f 202/202 201/201 203/203
f 3764/3764 3758/3758 3754/3754
f 3764/3764 3754/3754 3766/3766
f 3766/3766 3754/3754 3762/3762
f 5012/5012 5018/5018 5016/5016
f 5012/5012 5016/5016 5014/5014
f 6366/6366 6369/6369 6368/6368
f 5012/5012 5014/5014 5013/5013
f 7/7 8/8 9/9
f 5011/5011 5012/5012 5013/5013
f 6365/6365 6366/6366 6367/6367
f 5022/5022 5011/5011 5013/5013
f 4400/4400 4404/4404 4402/4402
f 5025/5025 5019/5019 5022/5022
f 5019/5019 5011/5011 5022/5022
f 7921/7921 7920/7920 7917/7917
f 7917/7917 7920/7920 7919/7919
f 1190/1190 1226/1226 1183/1183
f 1183/1183 1226/1226 1255/1255
f 1189/1189 1190/1190 1183/1183
f 7919/7919 7926/7926 7918/7918
f 1182/1182 1189/1189 1183/1183
f 7918/7918 7937/7937 7924/7924
f 7924/7924 7938/7938 7939/7939
f 7925/7925 7924/7924 7939/7939
f 7939/7939 7942/7942 7943/7943
f 6529/6529 6516/6516 6512/6512
f 1316/1316 1104/1104 1315/1315
f 1315/1315 1104/1104 1089/1089
f 1317/1317 1316/1316 1315/1315
f 1317/1317 1315/1315 1087/1087
f 1087/1087 1315/1315 1089/1089
f 1272/1272 1103/1103 1271/1271
f 1300/1300 1271/1271 1068/1068
f 7854/7854 7859/7859 7850/7850
f 1243/1243 1063/1063 1061/1061
f 1247/1247 1243/1243 1061/1061
f 6840/6840 6842/6842 6841/6841
f 6840/6840 6841/6841 6839/6839
f 1049/1049 1054/1054 1044/1044
f 1055/1055 1280/1280 1047/1047
f 1259/1259 1279/1279 1055/1055
f 1259/1259 1055/1055 1144/1144
f 4434/4434 4437/4437 4433/4433
f 7838/7838 7860/7860 7834/7834
f 2816/2816 2804/2804 2815/2815
f 2815/2815 2804/2804 2797/2797
f 1212/1212 1013/1013 1003/1003
f 1212/1212 1003/1003 985/985
f 1210/1210 1212/1212 985/985
f 1209/1209 1210/1210 985/985
f 2797/2797 2793/2793 2799/2799
f 980/980 994/994 978/978
f 8053/8053 8054/8054 8055/8055
f 1308/1308 980/980 1285/1285
f 979/979 1285/1285 980/980
f 16/16 17/17 18/18
f 6285/6285 6284/6284 6286/6286
f 1285/1285 979/979 990/990
f 6294/6294 6309/6309 6310/6310
f 4204/4204 4207/4207 4206/4206
f 170/170 172/172 173/173
f 4209/4209 4207/4207 4210/4210
f 6319/6319 6321/6321 6322/6322
f 202/202 203/203 214/214
f 3768/3768 3757/3757 3770/3770
f 3770/3770 3757/3757 3761/3761
f 3761/3761 3757/3757 3758/3758
f 3758/3758 3764/3764 3765/3765
f 3761/3761 3758/3758 3765/3765
f 5017/5017 5021/5021 5018/5018
f 5012/5012 5017/5017 5018/5018
f 5017/5017 5012/5012 5011/5011
f 5019/5019 5017/5017 5011/5011
f 4397/4397 4400/4400 4402/4402
f 1183/1183 1255/1255 1178/1178
f 7917/7917 7919/7919 7918/7918
f 7917/7917 7918/7918 7908/7908
f 1182/1182 1183/1183 1178/1178
f 7908/7908 7918/7918 7924/7924
f 1182/1182 1178/1178 1147/1147
f 7943/7943 7942/7942 7936/7936
f 7942/7942 7940/7940 7936/7936
f 1112/1112 1116/1116 1111/1111
f 7873/7873 7880/7880 7879/7879
f 1271/1271 1103/1103 1078/1078
f 1078/1078 1103/1103 1093/1093
f 1068/1068 1271/1271 1078/1078
f 1068/1068 1078/1078 1079/1079
f 7854/7854 7850/7850 7845/7845
f 1063/1063 1060/1060 1061/1061
f 7850/7850 7851/7851 7843/7843
f 7837/7837 7852/7852 7821/7821
f 7821/7821 7852/7852 7838/7838
f 2815/2815 2797/2797 2802/2802
f 2802/2802 2797/2797 2801/2801
f 2801/2801 2797/2797 2799/2799
f 956/956 1209/1209 985/985
f 962/962 957/957 960/960
f 6267/6267 6287/6287 6285/6285
f 6267/6267 6285/6285 6286/6286
f 6286/6286 6284/6284 6288/6288
f 7128/7128 7126/7126 7125/7125
f 6289/6289 6288/6288 6292/6292
f 1683/1683 1686/1686 1687/1687
f 6289/6289 6292/6292 6294/6294
f 4206/4206 4207/4207 4209/4209
f 6319/6319 6320/6320 6321/6321
f 5024/5024 5021/5021 5017/5017
f 4417/4417 4400/4400 4396/4396
f 4396/4396 4400/4400 4397/4397
f 1178/1178 1255/1255 1254/1254
f 7916/7916 7917/7917 7908/7908
f 1178/1178 1254/1254 1204/1204
f 7916/7916 7908/7908 7906/7906
f 1147/1147 1178/1178 1168/1168
f 1104/1104 1105/1105 1090/1090
f 6530/6530 6512/6512 6510/6510
f 6529/6529 6512/6512 6530/6530
f 7877/7877 7880/7880 7873/7873
f 7872/7872 7875/7875 7874/7874
f 7845/7845 7850/7850 7843/7843
f 7837/7837 7843/7843 7851/7851
f 2815/2815 2817/2817 2816/2816
f 1984/1984 1986/1986 1988/1988
f 960/960 964/964 962/962
f 7128/7128 7125/7125 7127/7127
f 7128/7128 7127/7127 7129/7129
f 1618/1618 1542/1542 1622/1622
f 4200/4200 4204/4204 4205/4205
f 215/215 173/173 210/210
f 173/173 175/175 210/210
f 4247/4247 4249/4249 4209/4209
f 210/210 175/175 176/176
f 210/210 176/176 209/209
f 6323/6323 6319/6319 6324/6324
f 176/176 182/182 209/209
f 202/202 214/214 221/221
f 2274/2274 2278/2278 2265/2265
f 2265/2265 2278/2278 2262/2262
f 3761/3761 3765/3765 3771/3771
f 2262/2262 2278/2278 2277/2277
f 3765/3765 3772/3772 3771/3771
f 4419/4419 4417/4417 4396/4396
f 4397/4397 4402/4402 4401/4401
f 4401/4401 4402/4402 4403/4403
f 4403/4403 4402/4402 4405/4405
f 1168/1168 1178/1178 1204/1204
f 7905/7905 7908/7908 7924/7924
f 7925/7925 7939/7939 7929/7929
f 7929/7929 7939/7939 7943/7943
f 7873/7873 7879/7879 7878/7878
f 7878/7878 7875/7875 7872/7872
f 7872/7872 7874/7874 7863/7863
f 7863/7863 7874/7874 7865/7865
f 7849/7849 7865/7865 7854/7854
f 7849/7849 7854/7854 7845/7845
f 7843/7843 7837/7837 7816/7816
f 7816/7816 7837/7837 7821/7821
f 1013/1013 999/999 993/993
f 2802/2802 2801/2801 2818/2818
f 6253/6253 6267/6267 6286/6286
f 7130/7130 7128/7128 7129/7129
f 7152/7152 7150/7150 7162/7162
f 6291/6291 6289/6289 6294/6294
f 7160/7160 7152/7152 7162/7162
f 6294/6294 6310/6310 6312/6312
f 208/208 170/170 216/216
f 219/219 208/208 216/216
f 4205/4205 4204/4204 4206/4206
f 216/216 170/170 173/173
f 216/216 173/173 215/215
f 8049/8049 8052/8052 8050/8050
f 8049/8049 8050/8050 8051/8051
f 6409/6409 6421/6421 6330/6330
f 5898/5898 5901/5901 5902/5902
f 209/209 182/182 213/213
f 213/213 182/182 202/202
f 213/213 202/202 221/221
f 2266/2266 2274/2274 2265/2265
f 4420/4420 4419/4419 4399/4399
f 4399/4399 4419/4419 4396/4396
f 4396/4396 4397/4397 4398/4398
f 4399/4399 4396/4396 4398/4398
f 7906/7906 7908/7908 7905/7905
f 7905/7905 7924/7924 7925/7925
f 1132/1132 1133/1133 1130/1130
f 7900/7900 7925/7925 7929/7929
f 7929/7929 7943/7943 7902/7902
f 1060/1060 1070/1070 1059/1059
f 7821/7821 7838/7838 7822/7822
f 7822/7822 7838/7838 7834/7834
f 7130/7130 7129/7129 7131/7131
f 6286/6286 6288/6288 6271/6271
f 4613/4613 4611/4611 4610/4610
f 6271/6271 6288/6288 6289/6289
f 4610/4610 4611/4611 4612/4612
f 4203/4203 4196/4196 4200/4200
f 4612/4612 4611/4611 4614/4614
f 6290/6290 6289/6289 6291/6291
f 4614/4614 4611/4611 4615/4615
f 1893/1893 1894/1894 1899/1899
f 1965/1965 1962/1962 1949/1949
f 4241/4241 4206/4206 4209/4209
f 1965/1965 1961/1961 1968/1968
f 3597/3597 3596/3596 3603/3603
f 8065/8065 8066/8066 8067/8067
f 5896/5896 5902/5902 5905/5905
f 3615/3615 3608/3608 3607/3607
f 2259/2259 2260/2260 2261/2261
f 6135/6135 6136/6136 6132/6132
f 4420/4420 4399/4399 4421/4421
f 4401/4401 4398/4398 4397/4397
f 7916/7916 7906/7906 7904/7904
f 7904/7904 7906/7906 7905/7905
f 1168/1168 1204/1204 1177/1177
f 1204/1204 1254/1254 1177/1177
f 7928/7928 7916/7916 7904/7904
f 1133/1133 1168/1168 1177/1177
f 7905/7905 7925/7925 7900/7900
f 7900/7900 7929/7929 7902/7902
f 1128/1128 1130/1130 1115/1115
f 7902/7902 7943/7943 7936/7936
f 7894/7894 7936/7936 7877/7877
f 7877/7877 7936/7936 7940/7940
f 1089/1089 1090/1090 1084/1084
f 7876/7876 7877/7877 7873/7873
f 7873/7873 7878/7878 7872/7872
f 1083/1083 1082/1082 1080/1080
f 7863/7863 7865/7865 7849/7849
f 7815/7815 7816/7816 7821/7821
f 7815/7815 7821/7821 7822/7822
f 7834/7834 7835/7835 7819/7819
f 7835/7835 7840/7840 7820/7820
f 2030/2030 2032/2032 2034/2034
f 2029/2029 2014/2014 1998/1998
f 2030/2030 2029/2029 1998/1998
f 960/960 959/959 961/961
f 973/973 964/964 965/965
f 6253/6253 6254/6254 6249/6249
f 4517/4517 4527/4527 4526/4526
f 6286/6286 6255/6255 6254/6254
f 4202/4202 4218/4218 4199/4199
f 4618/4618 4619/4619 4613/4613
f 6255/6255 6286/6286 6271/6271
f 6271/6271 6289/6289 6290/6290
f 1900/1900 1899/1899 1913/1913
f 1913/1913 1899/1899 1914/1914
f 1893/1893 1892/1892 1894/1894
f 6291/6291 6294/6294 6312/6312
f 4614/4614 4615/4615 4617/4617
f 1962/1962 1952/1952 1948/1948
f 1962/1962 1948/1948 1949/1949
f 4205/4205 4206/4206 4208/4208
f 4208/4208 4206/4206 4241/4241
f 3603/3603 3596/3596 3602/3602
f 3602/3602 3596/3596 3595/3595
f 6349/6349 6323/6323 6327/6327
f 5903/5903 5905/5905 5906/5906
f 6327/6327 6323/6323 6326/6326
f 3595/3595 3615/3615 3614/3614
f 5241/5241 5250/5250 5240/5240
f 5249/5249 5247/5247 5238/5238
f 2267/2267 2271/2271 2273/2273
f 7120/7120 7121/7121 7117/7117
f 6159/6159 6160/6160 6161/6161
f 6159/6159 6161/6161 6163/6163
f 7904/7904 7905/7905 7900/7900
f 1133/1133 1177/1177 1130/1130
f 7900/7900 7902/7902 7888/7888
f 1115/1115 1130/1130 1140/1140
f 7877/7877 7876/7876 7898/7898
f 7873/7873 7872/7872 7867/7867
f 7872/7872 7863/7863 7856/7856
f 7863/7863 7849/7849 7856/7856
f 7845/7845 7843/7843 7833/7833
f 7813/7813 7843/7843 7816/7816
f 7818/7818 7834/7834 7819/7819
f 7819/7819 7835/7835 7820/7820
f 967/967 959/959 968/968
f 4244/4244 4219/4219 4227/4227
f 4227/4227 4219/4219 4225/4225
f 4225/4225 4219/4219 4218/4218
f 6250/6250 6253/6253 6249/6249
f 4225/4225 4218/4218 4202/4202
f 4202/4202 4199/4199 4196/4196
f 4202/4202 4196/4196 4203/4203
f 2244/2244 2245/2245 2247/2247
f 2244/2244 2247/2247 2248/2248
f 4203/4203 4200/4200 4205/4205
f 1955/1955 1964/1964 1956/1956
f 1955/1955 1956/1956 1945/1945
f 1895/1895 1892/1892 1891/1891
f 1952/1952 1955/1955 1945/1945
f 1952/1952 1945/1945 1948/1948
f 1948/1948 1945/1945 1944/1944
f 1948/1948 1944/1944 1949/1949
f 220/220 215/215 210/210
f 4241/4241 4209/4209 4249/4249
f 220/220 210/210 222/222
f 210/210 209/209 222/222
f 4461/4461 4462/4462 4458/4458
f 4458/4458 4462/4462 4463/4463
f 4458/4458 4463/4463 4460/4460
f 5238/5238 5247/5247 5239/5239
f 3614/3614 3615/3615 3607/3607
f 5239/5239 5247/5247 5246/5246
f 5239/5239 5246/5246 5245/5245
f 5245/5245 5246/5246 5248/5248
f 6142/6142 6139/6139 6138/6138
f 7116/7116 7120/7120 7117/7117
f 7117/7117 7119/7119 7118/7118
f 7116/7116 7117/7117 7118/7118
f 7901/7901 7904/7904 7900/7900
f 7928/7928 7904/7904 7901/7901
f 1177/1177 1244/1244 1176/1176
f 1130/1130 1177/1177 1176/1176
f 7892/7892 7902/7902 7936/7936
f 7892/7892 7936/7936 7894/7894
f 7893/7893 7894/7894 7877/7877
f 7893/7893 7877/7877 7898/7898
f 1082/1082 1084/1084 1081/1081
f 7867/7867 7872/7872 7856/7856
f 7856/7856 7849/7849 7848/7848
f 7848/7848 7849/7849 7845/7845
f 1058/1058 1059/1059 1070/1070
f 7813/7813 7833/7833 7843/7843
f 7813/7813 7816/7816 7815/7815
f 7813/7813 7815/7815 7814/7814
f 7815/7815 7822/7822 7817/7817
f 7822/7822 7834/7834 7818/7818
f 1998/1998 1985/1985 1982/1982
f 961/961 959/959 967/967
f 960/960 961/961 963/963
f 4237/4237 4244/4244 4227/4227
f 4517/4517 4513/4513 4498/4498
f 6250/6250 6245/6245 6256/6256
f 4498/4498 4513/4513 4502/4502
f 6256/6256 6245/6245 6257/6257
f 976/976 977/977 972/972
f 4620/4620 4619/4619 4618/4618
f 7133/7133 7132/7132 7134/7134
f 1956/1956 1960/1960 1959/1959
f 1956/1956 1959/1959 1954/1954
f 2244/2244 2243/2243 2245/2245
f 1901/1901 1893/1893 1900/1900
f 1956/1956 1954/1954 1945/1945
f 1901/1901 1891/1891 1893/1893
f 6314/6314 6291/6291 6312/6312
f 1944/1944 1945/1945 1946/1946
f 4614/4614 4617/4617 4638/4638
f 4652/4652 4649/4649 4676/4676
f 4241/4241 4249/4249 4257/4257
f 222/222 209/209 259/259
f 4457/4457 4461/4461 4458/4458
f 4457/4457 4458/4458 4459/4459
f 4458/4458 4460/4460 4459/4459
f 7177/7177 7184/7184 7173/7173
f 3602/3602 3595/3595 3614/3614
f 5241/5241 5240/5240 5237/5237
f 5240/5240 5238/5238 5237/5237
f 5236/5236 5238/5238 5239/5239
f 3606/3606 3607/3607 3608/3608
f 5239/5239 5245/5245 5244/5244
f 7122/7122 7116/7116 7118/7118
f 7118/7118 7119/7119 7123/7123
f 7118/7118 7123/7123 7124/7124
f 5922/5922 5923/5923 5924/5924
f 3852/3852 3853/3853 3839/3839
f 7901/7901 7900/7900 7899/7899
f 1130/1130 1176/1176 1140/1140
f 7888/7888 7902/7902 7892/7892
f 7876/7876 7873/7873 7867/7867
f 7848/7848 7845/7845 7842/7842
f 7842/7842 7845/7845 7833/7833
f 7817/7817 7822/7822 7818/7818
f 6249/6249 6255/6255 6251/6251
f 4610/4610 4612/4612 4622/4622
f 6251/6251 6255/6255 6271/6271
f 1954/1954 1959/1959 1953/1953
f 4612/4612 4614/4614 4638/4638
f 4622/4622 4612/4612 4638/4638
f 1954/1954 1953/1953 1945/1945
f 2244/2244 2248/2248 2253/2253
f 2252/2252 2244/2244 2253/2253
f 2241/2241 2242/2242 2243/2243
f 2241/2241 2243/2243 2244/2244
f 1944/1944 1946/1946 1950/1950
f 1944/1944 1950/1950 1951/1951
f 219/219 216/216 224/224
f 4617/4617 4649/4649 4642/4642
f 1951/1951 1950/1950 1958/1958
f 224/224 216/216 215/215
f 1957/1957 1951/1951 1958/1958
f 4642/4642 4649/4649 4648/4648
f 215/215 220/220 223/223
f 6333/6333 6336/6336 6327/6327
f 6331/6331 6327/6327 6326/6326
f 7176/7176 7173/7173 7184/7184
f 7176/7176 7184/7184 7183/7183
f 7176/7176 7183/7183 7178/7178
f 7183/7183 7182/7182 7178/7178
f 7178/7178 7182/7182 7180/7180
f 5243/5243 5237/5237 5236/5236
f 5236/5236 5237/5237 5238/5238
f 3724/3724 3732/3732 3728/3728
f 5236/5236 5239/5239 5244/5244
f 3728/3728 3731/3731 3729/3729
f 3729/3729 3731/3731 3734/3734
f 3738/3738 3729/3729 3734/3734
f 5925/5925 5921/5921 5920/5920
f 5921/5921 5923/5923 5922/5922
f 5920/5920 5921/5921 5922/5922
f 5926/5926 5920/5920 5927/5927
f 3853/3853 3854/3854 3855/3855
f 5922/5922 5924/5924 5929/5929
f 5928/5928 5922/5922 5929/5929
f 7928/7928 7901/7901 7899/7899
f 7934/7934 7928/7928 7899/7899
f 7910/7910 7934/7934 7899/7899
f 7899/7899 7900/7900 7888/7888
f 1140/1140 1176/1176 1127/1127
f 1105/1105 1140/1140 1127/1127
f 7883/7883 7892/7892 7894/7894
f 1105/1105 1127/1127 1098/1098
f 7893/7893 7898/7898 7882/7882
f 7898/7898 7876/7876 7871/7871
f 7867/7867 7856/7856 7864/7864
f 7856/7856 7848/7848 7847/7847
f 1058/1058 1070/1070 1071/1071
f 7814/7814 7810/7810 7813/7813
f 7794/7794 7814/7814 7815/7815
f 7794/7794 7815/7815 7817/7817
f 7807/7807 7818/7818 7819/7819
f 2032/2032 2030/2030 2031/2031
f 2030/2030 1998/1998 2031/2031
f 1980/1980 1971/1971 1984/1984
f 4259/4259 4237/4237 4236/4236
f 4236/4236 4237/4237 4227/4227
f 964/964 963/963 965/965
f 972/972 965/965 963/963
f 6629/6629 6630/6630 6631/6631
f 6251/6251 6271/6271 6272/6272
f 6272/6272 6271/6271 6290/6290
f 6272/6272 6290/6290 6316/6316
f 5517/5517 5515/5515 5514/5514
f 1945/1945 1953/1953 1947/1947
f 6316/6316 6290/6290 6291/6291
f 4203/4203 4205/4205 4240/4240
f 2241/2241 2244/2244 2252/2252
f 2246/2246 2242/2242 2241/2241
f 1945/1945 1947/1947 1946/1946
f 1911/1911 1891/1891 1912/1912
f 1891/1891 1901/1901 1912/1912
f 1911/1911 1896/1896 1891/1891
f 4205/4205 4208/4208 4243/4243
f 224/224 215/215 223/223
f 5512/5512 5511/5511 5498/5498
f 4254/4254 4241/4241 4257/4257
f 236/236 220/220 235/235
f 220/220 222/222 235/235
f 3602/3602 3614/3614 3605/3605
f 5241/5241 5237/5237 5242/5242
f 5242/5242 5237/5237 5243/5243
f 3733/3733 3732/3732 3727/3727
f 4745/4745 4737/4737 4744/4744
f 3727/3727 3732/3732 3724/3724
f 3724/3724 3728/3728 3725/3725
f 3725/3725 3728/3728 3729/3729
f 3725/3725 3729/3729 3738/3738
f 3737/3737 3725/3725 3738/3738
f 4312/4312 4307/4307 4308/4308
f 4308/4308 4307/4307 4297/4297
f 4305/4305 4306/4306 4310/4310
f 5926/5926 5925/5925 5920/5920
f 7899/7899 7888/7888 7897/7897
f 7888/7888 7892/7892 7883/7883
f 7883/7883 7894/7894 7893/7893
f 7883/7883 7893/7893 7882/7882
f 1097/1097 1098/1098 1114/1114
f 7864/7864 7856/7856 7847/7847
f 7842/7842 7847/7847 7848/7848
f 7842/7842 7833/7833 7832/7832
f 7811/7811 7832/7832 7833/7833
f 7811/7811 7833/7833 7813/7813
f 7811/7811 7813/7813 7810/7810
f 7810/7810 7814/7814 7794/7794
f 85/85 84/84 69/69
f 7793/7793 7817/7817 7818/7818
f 69/69 84/84 68/68
f 7807/7807 7819/7819 7805/7805
f 3562/3562 3566/3566 3564/3564
f 3562/3562 3564/3564 3563/3563
f 7819/7819 7820/7820 7808/7808
f 3563/3563 3564/3564 3559/3559
f 1997/1997 2031/2031 1998/1998
f 4260/4260 4259/4259 4236/4236
f 4236/4236 4227/4227 4235/4235
f 4227/4227 4225/4225 4235/4235
f 4618/4618 4610/4610 4622/4622
f 974/974 975/975 972/972
f 4242/4242 4203/4203 4240/4240
f 4622/4622 4638/4638 4639/4639
f 2249/2249 2246/2246 2241/2241
f 4240/4240 4205/4205 4243/4243
f 1903/1903 1896/1896 1911/1911
f 4617/4617 4642/4642 4638/4638
f 4648/4648 4652/4652 4645/4645
f 4652/4652 4662/4662 4653/4653
f 223/223 220/220 227/227
f 4662/4662 4656/4656 4653/4653
f 1581/1581 1568/1568 1580/1580
f 3603/3603 3602/3602 3604/3604
f 4655/4655 4657/4657 4658/4658
f 6331/6331 6433/6433 6434/6434
f 6332/6332 6333/6333 6327/6327
f 222/222 259/259 249/249
f 249/249 255/255 254/254
f 3733/3733 3727/3727 3730/3730
f 3723/3723 3727/3727 3724/3724
f 4746/4746 4744/4744 4748/4748
f 4309/4309 4312/4312 4308/4308
f 3845/3845 3852/3852 3839/3839
f 7910/7910 7899/7899 7897/7897
f 7934/7934 7910/7910 7930/7930
f 1176/1176 1244/1244 1245/1245
f 7897/7897 7888/7888 7896/7896
f 1176/1176 1245/1245 1202/1202
f 1127/1127 1176/1176 1202/1202
f 1127/1127 1202/1202 1181/1181
f 1123/1123 1127/1127 1181/1181
f 7882/7882 7898/7898 7871/7871
f 7871/7871 7876/7876 7867/7867
f 7853/7853 7847/7847 7846/7846
f 7846/7846 7847/7847 7842/7842
f 7839/7839 7842/7842 7832/7832
f 7794/7794 7817/7817 7793/7793
f 86/86 85/85 69/69
f 7807/7807 7793/7793 7818/7818
f 7268/7268 7259/7259 7271/7271
f 68/68 80/80 67/67
f 7805/7805 7819/7819 7808/7808
f 988/988 992/992 991/991
f 966/966 963/963 961/961
f 972/972 970/970 974/974
f 4618/4618 4622/4622 4623/4623
f 4202/4202 4203/4203 4242/4242
f 4623/4623 4622/4622 4639/4639
f 2254/2254 2241/2241 2252/2252
f 2250/2250 2249/2249 2241/2241
f 232/232 219/219 229/229
f 229/229 219/219 224/224
f 1756/1756 1764/1764 1763/1763
f 4243/4243 4208/4208 4241/4241
f 4642/4642 4648/4648 4645/4645
f 4645/4645 4652/4652 4653/4653
f 4653/4653 4656/4656 4655/4655
f 3469/3469 3468/3468 3495/3495
f 235/235 222/222 248/248
f 6334/6334 6333/6333 6332/6332
f 248/248 222/222 249/249
f 4655/4655 4658/4658 4659/4659
f 3730/3730 3727/3727 3723/3723
f 3726/3726 3730/3730 3723/3723
f 4748/4748 4744/4744 4749/4749
f 3723/3723 3724/3724 3725/3725
f 3726/3726 3723/3723 3725/3725
f 4748/4748 4749/4749 4718/4718
f 3726/3726 3735/3735 3736/3736
f 3735/3735 3726/3726 3725/3725
f 3735/3735 3725/3725 3737/3737
f 3736/3736 3735/3735 3739/3739
f 3739/3739 3735/3735 3737/3737
f 4311/4311 4309/4309 4310/4310
f 7887/7887 7896/7896 7888/7888
f 7883/7883 7882/7882 7881/7881
f 1097/1097 1114/1114 1102/1102
f 7882/7882 7871/7871 7881/7881
f 7869/7869 7871/7871 7867/7867
f 7869/7869 7867/7867 7864/7864
f 7864/7864 7847/7847 7853/7853
f 7846/7846 7842/7842 7839/7839
f 7826/7826 7832/7832 7811/7811
f 7826/7826 7811/7811 7812/7812
f 87/87 86/86 35/35
f 86/86 69/69 35/35
f 7806/7806 7793/7793 7807/7807
f 69/69 68/68 56/56
f 7806/7806 7807/7807 7805/7805
f 7268/7268 7271/7271 7275/7275
f 3562/3562 3563/3563 3560/3560
f 7808/7808 7820/7820 7862/7862
f 3563/3563 3559/3559 3560/3560
f 2027/2027 2031/2031 1997/1997
f 2027/2027 1997/1997 1983/1983
f 1982/1982 1983/1983 1997/1997
f 3559/3559 3565/3565 3558/3558
f 4508/4508 4509/4509 4490/4490
f 4490/4490 4509/4509 4497/4497
f 4251/4251 4260/4260 4236/4236
f 4497/4497 4498/4498 4496/4496
f 4235/4235 4225/4225 4238/4238
f 4620/4620 4618/4618 4623/4623
f 2254/2254 2252/2252 2255/2255
f 2255/2255 2252/2252 2253/2253
f 2255/2255 2253/2253 2256/2256
f 234/234 232/232 229/229
f 2250/2250 2251/2251 2249/2249
f 2250/2250 2241/2241 2254/2254
f 4639/4639 4638/4638 4637/4637
f 4950/4950 4951/4951 4948/4948
f 1760/1760 1761/1761 1756/1756
f 4243/4243 4241/4241 4254/4254
f 227/227 220/220 236/236
f 236/236 235/235 248/248
f 5732/5732 5737/5737 5733/5733
f 4655/4655 4659/4659 4660/4660
f 6335/6335 6334/6334 6337/6337
f 4737/4737 4734/4734 4742/4742
f 7965/7965 7964/7964 7961/7961
f 251/251 249/249 254/254
f 7961/7961 7962/7962 7963/7963
f 254/254 257/257 256/256
f 256/256 257/257 258/258
f 258/258 257/257 263/263
f 3740/3740 3726/3726 3736/3736
f 6089/6089 6090/6090 6087/6087
f 3736/3736 3739/3739 3741/3741
f 1202/1202 1245/1245 1257/1257
f 7911/7911 7930/7930 7910/7910
f 7911/7911 7910/7910 7897/7897
f 7887/7887 7888/7888 7883/7883
f 1181/1181 1179/1179 1163/1163
f 1123/1123 1181/1181 1163/1163
f 1114/1114 1123/1123 1163/1163
f 1077/1077 1101/1101 1074/1074
f 1072/1072 1074/1074 1073/1073
f 7826/7826 7839/7839 7832/7832
f 7112/7112 7111/7111 7114/7114
f 7809/7809 7812/7812 7811/7811
f 7810/7810 7809/7809 7811/7811
f 87/87 35/35 36/36
f 1052/1052 1034/1034 1033/1033
f 7792/7792 7793/7793 7806/7806
f 3561/3561 3560/3560 3555/3555
f 3555/3555 3560/3560 3556/3556
f 3556/3556 3560/3560 3559/3559
f 3556/3556 3559/3559 3558/3558
f 1974/1974 1973/1973 1970/1970
f 1970/1970 1973/1973 1971/1971
f 1970/1970 1971/1971 1972/1972
f 4511/4511 4520/4520 4508/4508
f 1553/1553 1593/1593 1591/1591
f 4506/4506 4508/4508 4490/4490
f 4491/4491 4497/4497 4495/4495
f 4495/4495 4497/4497 4496/4496
f 4498/4498 4502/4502 4500/4500
f 4496/4496 4498/4498 4500/4500
f 963/963 966/966 969/969
f 970/970 963/963 969/969
f 4500/4500 4502/4502 4505/4505
f 4238/4238 4225/4225 4239/4239
f 4624/4624 4620/4620 4623/4623
f 4239/4239 4225/4225 4202/4202
f 983/983 981/981 1004/1004
f 2257/2257 2254/2254 2255/2255
f 2255/2255 2256/2256 2258/2258
f 2250/2250 2254/2254 2257/2257
f 4950/4950 4948/4948 4949/4949
f 4949/4949 4948/4948 4947/4947
f 4947/4947 4948/4948 4945/4945
f 1762/1762 1767/1767 1761/1761
f 1761/1761 1767/1767 1765/1765
f 3657/3657 3677/3677 3656/3656
f 4637/4637 4638/4638 4644/4644
f 1761/1761 1765/1765 1764/1764
f 4638/4638 4642/4642 4644/4644
f 1764/1764 1765/1765 1766/1766
f 4253/4253 4243/4243 4254/4254
f 4642/4642 4645/4645 4644/4644
f 4644/4644 4645/4645 4650/4650
f 4653/4653 4650/4650 4645/4645
f 3466/3466 3468/3468 3465/3465
f 4654/4654 4653/4653 4655/4655
f 5732/5732 5733/5733 5734/5734
f 262/262 236/236 248/248
f 3470/3470 3469/3469 3492/3492
f 7966/7966 7969/7969 7968/7968
f 7966/7966 7968/7968 7967/7967
f 248/248 249/249 250/250
f 250/250 249/249 251/251
f 3605/3605 3610/3610 3618/3618
f 7966/7966 7967/7967 7964/7964
f 7980/7980 7982/7982 7962/7962
f 7964/7964 7967/7967 7980/7980
f 7964/7964 7980/7980 7962/7962
f 251/251 254/254 256/256
f 4749/4749 4743/4743 4716/4716
f 4718/4718 4716/4716 4714/4714
f 4711/4711 4712/4712 4714/4714
f 3816/3816 3814/3814 3839/3839
f 7911/7911 7897/7897 7909/7909
f 7909/7909 7897/7897 7896/7896
f 7909/7909 7896/7896 7887/7887
f 7886/7886 7887/7887 7883/7883
f 1179/1179 1181/1181 1202/1202
f 1179/1179 1202/1202 1201/1201
f 7869/7869 7881/7881 7871/7871
f 7864/7864 7866/7866 7868/7868
f 7866/7866 7864/7864 7853/7853
f 1074/1074 1101/1101 1100/1100
f 7323/7323 7325/7325 7326/7326
f 48/48 58/58 70/70
f 7115/7115 7111/7111 7113/7113
f 7111/7111 7112/7112 7113/7113
f 38/38 87/87 36/36
f 7812/7812 7809/7809 7830/7830
f 7794/7794 7809/7809 7810/7810
f 7785/7785 7794/7794 7793/7793
f 7785/7785 7793/7793 7792/7792
f 35/35 69/69 29/29
f 7790/7790 7792/7792 7799/7799
f 7799/7799 7792/7792 7806/7806
f 29/29 69/69 56/56
f 67/67 89/89 94/94
f 6671/6671 6669/6669 6670/6670
f 7836/7836 7808/7808 7841/7841
f 3555/3555 3556/3556 3557/3557
f 5264/5264 5259/5259 5263/5263
f 3557/3557 3556/3556 3558/3558
f 5263/5263 5271/5271 5266/5266
f 5265/5265 5263/5263 5266/5266
f 5271/5271 5272/5272 5266/5266
f 4514/4514 4511/4511 4506/4506
f 4511/4511 4508/4508 4506/4506
f 4491/4491 4490/4490 4497/4497
f 4264/4264 4262/4262 4251/4251
f 4239/4239 4202/4202 4242/4242
f 4623/4623 4639/4639 4637/4637
f 6268/6268 6272/6272 6316/6316
f 4943/4943 4945/4945 4944/4944
f 4943/4943 4944/4944 4929/4929
f 4947/4947 4945/4945 4946/4946
f 4945/4945 4943/4943 4946/4946
f 4946/4946 4943/4943 4942/4942
f 4943/4943 4929/4929 4942/4942
f 4946/4946 4942/4942 4972/4972
f 4246/4246 4243/4243 4253/4253
f 224/224 223/223 225/225
f 7977/7977 7975/7975 7976/7976
f 3463/3463 3466/3466 3465/3465
f 3465/3465 3468/3468 3469/3469
f 3465/3465 3469/3469 3467/3467
f 5732/5732 5734/5734 5735/5735
f 4654/4654 4655/4655 4661/4661
f 4655/4655 4660/4660 4661/4661
f 7967/7967 7979/7979 7980/7980
f 4990/4990 4980/4980 4991/4991
f 4732/4732 4739/4739 4733/4733
f 7980/7980 7979/7979 7982/7982
f 250/250 251/251 252/252
f 6096/6096 6093/6093 6092/6092
f 4711/4711 4710/4710 4712/4712
f 6081/6081 6084/6084 6087/6087
f 3814/3814 3813/3813 3845/3845
f 3813/3813 3814/3814 3808/3808
f 7909/7909 7887/7887 7903/7903
f 7903/7903 7887/7887 7886/7886
f 1202/1202 1257/1257 1256/1256
f 7884/7884 7886/7886 7883/7883
f 7884/7884 7883/7883 7881/7881
f 7884/7884 7881/7881 7885/7885
f 1102/1102 1163/1163 1162/1162
f 7868/7868 7869/7869 7864/7864
f 7870/7870 7869/7869 7868/7868
f 1074/1074 1075/1075 1073/1073
f 48/48 70/70 38/38
f 7812/7812 7830/7830 7831/7831
f 1039/1039 1048/1048 1110/1110
f 7794/7794 7795/7795 7809/7809
f 1037/1037 1036/1036 1034/1034
f 7791/7791 7790/7790 7799/7799
f 7788/7788 7791/7791 7799/7799
f 7797/7797 7799/7799 7806/7806
f 29/29 56/56 55/55
f 7806/7806 7805/7805 7797/7797
f 5251/5251 5252/5252 5253/5253
f 65/65 67/67 94/94
f 7797/7797 7805/7805 7802/7802
f 5269/5269 5276/5276 5273/5273
f 5253/5253 5257/5257 5260/5260
f 5270/5270 5269/5269 5273/5273
f 5267/5267 5269/5269 5270/5270
f 5270/5270 5273/5273 5274/5274
f 5256/5256 5253/5253 5260/5260
f 5261/5261 5260/5260 5267/5267
f 5256/5256 5260/5260 5261/5261
f 5267/5267 5270/5270 5268/5268
f 1628/1628 1609/1609 1627/1627
f 5261/5261 5267/5267 5268/5268
f 5268/5268 5270/5270 5272/5272
f 5272/5272 5270/5270 5274/5274
f 1016/1016 991/991 997/997
f 5259/5259 5256/5256 5261/5261
f 5259/5259 5261/5261 5263/5263
f 5261/5261 5268/5268 5271/5271
f 5263/5263 5261/5261 5271/5271
f 5268/5268 5272/5272 5271/5271
f 1009/1009 986/986 991/991
f 1009/1009 991/991 1017/1017
f 4515/4515 4514/4514 4506/4506
f 971/971 986/986 1009/1009
f 1976/1976 1977/1977 1972/1972
f 969/969 966/966 971/971
f 4250/4250 4251/4251 4236/4236
f 4250/4250 4236/4236 4235/4235
f 4250/4250 4235/4235 4238/4238
f 983/983 1004/1004 1015/1015
f 1021/1021 983/983 1015/1015
f 4246/4246 4240/4240 4243/4243
f 229/229 224/224 228/228
f 4605/4605 4637/4637 4644/4644
f 4988/4988 4972/4972 4975/4975
f 3695/3695 3657/3657 3658/3658
f 225/225 223/223 227/227
f 7985/7985 7990/7990 7981/7981
f 227/227 236/236 240/240
f 236/236 262/262 240/240
f 7978/7978 7981/7981 7979/7979
f 7979/7979 7981/7981 7990/7990
f 6782/6782 6779/6779 6781/6781
f 3469/3469 3470/3470 3467/3467
f 7968/7968 7970/7970 7978/7978
f 7968/7968 7978/7978 7967/7967
f 7967/7967 7978/7978 7979/7979
f 3387/3387 3380/3380 3375/3375
f 3380/3380 3376/3376 3375/3375
f 4733/4733 4739/4739 4740/4740
f 4733/4733 4740/4740 4741/4741
f 3376/3376 3385/3385 3381/3381
f 4742/4742 4733/4733 4741/4741
f 4742/4742 4741/4741 4743/4743
f 3612/3612 3611/3611 3613/3613
f 253/253 252/252 251/251
f 8543/8543 8534/8534 8533/8533
f 8538/8538 8543/8543 8533/8533
f 4706/4706 4709/4709 4710/4710
f 8533/8533 8534/8534 8535/8535
f 8533/8533 8535/8535 8536/8536
f 4711/4711 4706/4706 4710/4710
f 4716/4716 4713/4713 4711/4711
f 3835/3835 3836/3836 3817/3817
f 3808/3808 3814/3814 3815/3815
f 3816/3816 3815/3815 3814/3814
f 7927/7927 7911/7911 7909/7909
f 1201/1201 1202/1202 1256/1256
f 7903/7903 7886/7886 7884/7884
f 7890/7890 7885/7885 7881/7881
f 1162/1162 1163/1163 1179/1179
f 7890/7890 7881/7881 7869/7869
f 7890/7890 7869/7869 7915/7915
f 7868/7868 7866/7866 7945/7945
f 1101/1101 1151/1151 1100/1100
f 7354/7354 7303/7303 7312/7312
f 1048/1048 1099/1099 1110/1110
f 7831/7831 7830/7830 7809/7809
f 7831/7831 7809/7809 7823/7823
f 7823/7823 7809/7809 7795/7795
f 1036/1036 1110/1110 1107/1107
f 7795/7795 7794/7794 7785/7785
f 1035/1035 1036/1036 1107/1107
f 35/35 29/29 22/22
f 7785/7785 7792/7792 7786/7786
f 1027/1027 1034/1034 1035/1035
f 1/1 2/2 3/3
f 7787/7787 7789/7789 7788/7788
f 7788/7788 7799/7799 7787/7787
f 55/55 56/56 65/65
f 65/65 56/56 67/67
f 6687/6687 6678/6678 6676/6676
f 65/65 94/94 100/100
f 1012/1012 1027/1027 1029/1029
f 5257/5257 5262/5262 5260/5260
f 5260/5260 5262/5262 5275/5275
f 5260/5260 5275/5275 5269/5269
f 997/997 1012/1012 1018/1018
f 7836/7836 7802/7802 7808/7808
f 4522/4522 4529/4529 4516/4516
f 997/997 1018/1018 1016/1016
f 4515/4515 4506/4506 4507/4507
f 1978/1978 1976/1976 1979/1979
f 1976/1976 1978/1978 1977/1977
f 971/971 1009/1009 1008/1008
f 1007/1007 971/971 1008/1008
f 4624/4624 4623/4623 4625/4625
f 6262/6262 6252/6252 6259/6259
f 4920/4920 4921/4921 4918/4918
f 231/231 234/234 229/229
f 4972/4972 4927/4927 4930/4930
f 228/228 224/224 226/226
f 226/226 224/224 225/225
f 4605/4605 4644/4644 4650/4650
f 4663/4663 4605/4605 4650/4650
f 4663/4663 4650/4650 4654/4654
f 7984/7984 7985/7985 7981/7981
f 7978/7978 7984/7984 7981/7981
f 7970/7970 7972/7972 7978/7978
f 4980/4980 4975/4975 4937/4937
f 4980/4980 4937/4937 4939/4939
f 6781/6781 6780/6780 6784/6784
f 5067/5067 5070/5070 5068/5068
f 4740/4740 4739/4739 4752/4752
f 4740/4740 4752/4752 4753/4753
f 4740/4740 4753/4753 4741/4741
f 4743/4743 4741/4741 4715/4715
f 252/252 253/253 279/279
f 4706/4706 4705/4705 4709/4709
f 4743/4743 4715/4715 4713/4713
f 4713/4713 4715/4715 4704/4704
f 4713/4713 4704/4704 4711/4711
f 4704/4704 4706/4706 4711/4711
f 8538/8538 8533/8533 8537/8537
f 8533/8533 8536/8536 8537/8537
f 8537/8537 8536/8536 8539/8539
f 7628/7628 7629/7629 7630/7630
f 1201/1201 1256/1256 1242/1242
f 1180/1180 1179/1179 1201/1201
f 1162/1162 1179/1179 1180/1180
f 7885/7885 7890/7890 7889/7889
f 7915/7915 7869/7869 7870/7870
f 7343/7343 7344/7344 7342/7342
f 7346/7346 7320/7320 7307/7307
f 7315/7315 7303/7303 7354/7354
f 7291/7291 7315/7315 7353/7353
f 57/57 58/58 48/48
f 7294/7294 7291/7291 7348/7348
f 7348/7348 7291/7291 7352/7352
f 1075/1075 1100/1100 1121/1121
f 658/658 653/653 656/656
f 24/24 35/35 22/22
f 7785/7785 7786/7786 7787/7787
f 7797/7797 7787/7787 7799/7799
f 6676/6676 6677/6677 6674/6674
f 6676/6676 6674/6674 6675/6675
f 6674/6674 6672/6672 6673/6673
f 6675/6675 6674/6674 6673/6673
f 105/105 65/65 100/100
f 7797/7797 7802/7802 7800/7800
f 4862/4862 4928/4928 4868/4868
f 7801/7801 7802/7802 7836/7836
f 4862/4862 4868/4868 4863/4863
f 4861/4861 4862/4862 4863/4863
f 4503/4503 4516/4516 4512/4512
f 4864/4864 4861/4861 4863/4863
f 4512/4512 4515/4515 4507/4507
f 4861/4861 4864/4864 4865/4865
f 4865/4865 4871/4871 4872/4872
f 4894/4894 4872/4872 4874/4874
f 4495/4495 4496/4496 4494/4494
f 3432/3432 3500/3500 3497/3497
f 3432/3432 3497/3497 3499/3499
f 4923/4923 4924/4924 4912/4912
f 4238/4238 4239/4239 4252/4252
f 4534/4534 4533/4533 4542/4542
f 4923/4923 4912/4912 4921/4921
f 4623/4623 4637/4637 4629/4629
f 4245/4245 4239/4239 4242/4242
f 6259/6259 6258/6258 6260/6260
f 4242/4242 4240/4240 4245/4245
f 4245/4245 4240/4240 4246/4246
f 4629/4629 4637/4637 4633/4633
f 6268/6268 6316/6316 6317/6317
f 6265/6265 6268/6268 6317/6317
f 4604/4604 4637/4637 4605/4605
f 231/231 229/229 228/228
f 3464/3464 3466/3466 3463/3463
f 7989/7989 7988/7988 7975/7975
f 7975/7975 7988/7988 7983/7983
f 6956/6956 6955/6955 6958/6958
f 6958/6958 6955/6955 6960/6960
f 7987/7987 7991/7991 7985/7985
f 4975/4975 4930/4930 4937/4937
f 7975/7975 7983/7983 7972/7972
f 7972/7972 7983/7983 7978/7978
f 7978/7978 7983/7983 7984/7984
f 225/225 227/227 230/230
f 230/230 227/227 240/240
f 3465/3465 3467/3467 3446/3446
f 278/278 240/240 262/262
f 3394/3394 3389/3389 3392/3392
f 3392/3392 3387/3387 3388/3388
f 3388/3388 3374/3374 3379/3379
f 7060/7060 7061/7061 7058/7058
f 3444/3444 3467/3467 3470/3470
f 4753/4753 4752/4752 4755/4755
f 2384/2384 2375/2375 2376/2376
f 3617/3617 3618/3618 3612/3612
f 4753/4753 4755/4755 4741/4741
f 4741/4741 4755/4755 4754/4754
f 4741/4741 4754/4754 4715/4715
f 4754/4754 4708/4708 4704/4704
f 4715/4715 4754/4754 4704/4704
f 3386/3386 3383/3383 3384/3384
f 4704/4704 4708/4708 4707/4707
f 4704/4704 4707/4707 4705/4705
f 4704/4704 4705/4705 4706/4706
f 280/280 279/279 253/253
f 8541/8541 8538/8538 8537/8537
f 3809/3809 3811/3811 3807/3807
f 8544/8544 8545/8545 8546/8546
f 8540/8540 8537/8537 8539/8539
f 8540/8540 8539/8539 8542/8542
f 3808/3808 3807/3807 3803/3803
f 3803/3803 3807/3807 3804/3804
f 3803/3803 3804/3804 3805/3805
f 3805/3805 3804/3804 3806/3806
f 3812/3812 3810/3810 3849/3849
f 3805/3805 3806/3806 3812/3812
f 7912/7912 7927/7927 7909/7909
f 7912/7912 7909/7909 7903/7903
f 7889/7889 7903/7903 7884/7884
f 7889/7889 7884/7884 7885/7885
f 1180/1180 1201/1201 1242/1242
f 7891/7891 7889/7889 7890/7890
f 7891/7891 7890/7890 7914/7914
f 7914/7914 7890/7890 7915/7915
f 497/497 523/523 498/498
f 523/523 503/503 498/498
f 1100/1100 1151/1151 1150/1150
f 7353/7353 7315/7315 7354/7354
f 7347/7347 7294/7294 7348/7348
f 7307/7307 7299/7299 7351/7351
f 7347/7347 7299/7299 7294/7294
f 32/32 38/38 36/36
f 1099/1099 1141/1141 1110/1110
f 1110/1110 1141/1141 1142/1142
f 1107/1107 1110/1110 1142/1142
f 7824/7824 7823/7823 7795/7795
f 7785/7785 7787/7787 7796/7796
f 2144/2144 2152/2152 2167/2167
f 55/55 65/65 66/66
f 6679/6679 6680/6680 6677/6677
f 4928/4928 4940/4940 4868/4868
f 4863/4863 4868/4868 4864/4864
f 4507/4507 4506/4506 4487/4487
f 4487/4487 4506/4506 4489/4489
f 4865/4865 4864/4864 4866/4866
f 4865/4865 4866/4866 4871/4871
f 5749/5749 5752/5752 5751/5751
f 5750/5750 5749/5749 5751/5751
f 4874/4874 4872/4872 4871/4871
f 4894/4894 4874/4874 4891/4891
f 4896/4896 4894/4894 4891/4891
f 4494/4494 4496/4496 4500/4500
f 4924/4924 4895/4895 4912/4912
f 4256/4256 4238/4238 4252/4252
f 4625/4625 4623/4623 4629/4629
f 4544/4544 4542/4542 4543/4543
f 4252/4252 4239/4239 4245/4245
f 6262/6262 6261/6261 6273/6273
f 8046/8046 8047/8047 8048/8048
f 6261/6261 6259/6259 6260/6260
f 6260/6260 6265/6265 6264/6264
f 4633/4633 4637/4637 4604/4604
f 4920/4920 4918/4918 4913/4913
f 3455/3455 3464/3464 3463/3463
f 4604/4604 4605/4605 4603/4603
f 4603/4603 4605/4605 4601/4601
f 7986/7986 7987/7987 7985/7985
f 3463/3463 3465/3465 3446/3446
f 4937/4937 4930/4930 4919/4919
f 5656/5656 5655/5655 5648/5648
f 4937/4937 4919/4919 4939/4939
f 2471/2471 2470/2470 2465/2465
f 3392/3392 3388/3388 3393/3393
f 3388/3388 3390/3390 3393/3393
f 7063/7063 7062/7062 7060/7060
f 3446/3446 3467/3467 3444/3444
f 7057/7057 7058/7058 7059/7059
f 3444/3444 3470/3470 3442/3442
f 3617/3617 3612/3612 3616/3616
f 281/281 279/279 280/280
f 3834/3834 3819/3819 3836/3836
f 3836/3836 3819/3819 3817/3817
f 3844/3844 3809/3809 3808/3808
f 3808/3808 3809/3809 3807/3807
f 3815/3815 3844/3844 3808/3808
f 3806/3806 3804/3804 3810/3810
f 3817/3817 3818/3818 3815/3815
f 7935/7935 7927/7927 7912/7912
f 7907/7907 7903/7903 7889/7889
f 7895/7895 7889/7889 7891/7891
f 498/498 503/503 501/501
f 1151/1151 1162/1162 1159/1159
f 7345/7345 7341/7341 7339/7339
f 7352/7352 7291/7291 7353/7353
f 57/57 48/48 41/41
f 7351/7351 7299/7299 7347/7347
f 41/41 48/48 38/38
f 41/41 38/38 37/37
f 1141/1141 1099/1099 1121/1121
f 37/37 38/38 32/32
f 32/32 36/36 35/35
f 653/653 654/654 655/655
f 656/656 653/653 655/655
f 7782/7782 7824/7824 7795/7795
f 7782/7782 7795/7795 7783/7783
f 7795/7795 7785/7785 7796/7796
f 22/22 29/29 28/28
f 28/28 29/29 55/55
f 7787/7787 7797/7797 7798/7798
f 6680/6680 6683/6683 6677/6677
f 105/105 66/66 65/65
f 6677/6677 6683/6683 6682/6682
f 6677/6677 6682/6682 6674/6674
f 1029/1029 1117/1117 1173/1173
f 6674/6674 6682/6682 6684/6684
f 6674/6674 6684/6684 6685/6685
f 1205/1205 1029/1029 1173/1173
f 4464/4464 4510/4510 4465/4465
f 4925/4925 4868/4868 4940/4940
f 4868/4868 4925/4925 4867/4867
f 4864/4864 4868/4868 4867/4867
f 4477/4477 4507/4507 4487/4487
f 4866/4866 4864/4864 4867/4867
f 4866/4866 4867/4867 4869/4869
f 4871/4871 4866/4866 4869/4869
f 5748/5748 5749/5749 5746/5746
f 4490/4490 4491/4491 4488/4488
f 4871/4871 4869/4869 4873/4873
f 4874/4874 4871/4871 4873/4873
f 3434/3434 3435/3435 3441/3441
f 3435/3435 3433/3433 3441/3441
f 3441/3441 3433/3433 3501/3501
f 3433/3433 3432/3432 3501/3501
f 3501/3501 3432/3432 3499/3499
f 4895/4895 4896/4896 4891/4891
f 3499/3499 3497/3497 3493/3493
f 4912/4912 4895/4895 4905/4905
f 6273/6273 6275/6275 6278/6278
f 4921/4921 4912/4912 4918/4918
f 4927/4927 4920/4920 4913/4913
f 231/231 228/228 233/233
f 4927/4927 4913/4913 4914/4914
f 4930/4930 4927/4927 4914/4914
f 3463/3463 3446/3446 3453/3453
f 6825/6825 6826/6826 6827/6827
f 4919/4919 4930/4930 4914/4914
f 6829/6829 6827/6827 6830/6830
f 6939/6939 6954/6954 6941/6941
f 2465/2465 2470/2470 2464/2464
f 2464/2464 2470/2470 2469/2469
f 2464/2464 2469/2469 2461/2461
f 2461/2461 2469/2469 2467/2467
f 2466/2466 2467/2467 2468/2468
f 4984/4984 4939/4939 4976/4976
f 281/281 280/280 282/282
f 7912/7912 7903/7903 7907/7907
f 7907/7907 7889/7889 7895/7895
f 471/471 480/480 470/470
f 457/457 480/480 496/496
f 496/496 497/497 457/457
f 457/457 497/497 455/455
f 455/455 497/497 498/498
f 498/498 501/501 500/500
f 1162/1162 1180/1180 1159/1159
f 529/529 528/528 490/490
f 7350/7350 7352/7352 7353/7353
f 7348/7348 7352/7352 7350/7350
f 47/47 57/57 41/41
f 7355/7355 7307/7307 7351/7351
f 7349/7349 7347/7347 7348/7348
f 1121/1121 1100/1100 1150/1150
f 1141/1141 1121/1121 1148/1148
f 32/32 35/35 24/24
f 654/654 657/657 655/655
f 1107/1107 1142/1142 1122/1122
f 7796/7796 7783/7783 7795/7795
f 1035/1035 1122/1122 1139/1139
f 1117/1117 1035/1035 1139/1139
f 7796/7796 7787/7787 7798/7798
f 107/107 66/66 105/105
f 7803/7803 7800/7800 7801/7801
f 4464/4464 4465/4465 4466/4466
f 4466/4466 4465/4465 4467/4467
f 4465/4465 4503/4503 4467/4467
f 5775/5775 5780/5780 5774/5774
f 4467/4467 4503/4503 4477/4477
f 5775/5775 5774/5774 5766/5766
f 4867/4867 4925/4925 4926/4926
f 4867/4867 4926/4926 4870/4870
f 4867/4867 4870/4870 4869/4869
f 5756/5756 5747/5747 5746/5746
f 5746/5746 5747/5747 5748/5748
f 4488/4488 4489/4489 4490/4490
f 4869/4869 4876/4876 4875/4875
f 3436/3436 3438/3438 3429/3429
f 2038/2038 2037/2037 2036/2036
f 3439/3439 3438/3438 3436/3436
f 4873/4873 4869/4869 4875/4875
f 3434/3434 3439/3439 3436/3436
f 4494/4494 4491/4491 4495/4495
f 4874/4874 4873/4873 4881/4881
f 4891/4891 4874/4874 4881/4881
f 3501/3501 3499/3499 3498/3498
f 4500/4500 4505/4505 4501/4501
f 3493/3493 3497/3497 3496/3496
f 3493/3493 3496/3496 3490/3490
f 4547/4547 4534/4534 4542/4542
f 4780/4780 4839/4839 4789/4789
f 4780/4780 4789/4789 4788/4788
f 4789/4789 4790/4790 4788/4788
f 4252/4252 4245/4245 4255/4255
f 4788/4788 4790/4790 4792/4792
f 4918/4918 4912/4912 4911/4911
f 7217/7217 7216/7216 7220/7220
f 2058/2058 2053/2053 2075/2075
f 3461/3461 3464/3464 3455/3455
f 4918/4918 4911/4911 4913/4913
f 6265/6265 6317/6317 6318/6318
f 4633/4633 4604/4604 4606/4606
f 4606/4606 4604/4604 4602/4602
f 3453/3453 3455/3455 3463/3463
f 4602/4602 4604/4604 4603/4603
f 233/233 228/228 226/226
f 2051/2051 2062/2062 2072/2072
f 5540/5540 5528/5528 5539/5539
f 2063/2063 2067/2067 2064/2064
f 6940/6940 6939/6939 6941/6941
f 4939/4939 4919/4919 4932/4932
f 2462/2462 2461/2461 2467/2467
f 2462/2462 2467/2467 2466/2466
f 4976/4976 4939/4939 4932/4932
f 4976/4976 4932/4932 4981/4981
f 2474/2474 2468/2468 2477/2477
f 2381/2381 2367/2367 2366/2366
f 2381/2381 2376/2376 2367/2367
f 2365/2365 2366/2366 2367/2367
f 2363/2363 2364/2364 2365/2365
f 2371/2371 2370/2370 2382/2382
f 2370/2370 2371/2371 2369/2369
f 3830/3830 3819/3819 3831/3831
f 7913/7913 7912/7912 7907/7907
f 7913/7913 7907/7907 7895/7895
f 477/477 471/471 472/472
f 470/470 480/480 461/461
f 461/461 480/480 457/457
f 502/502 500/500 501/501
f 455/455 498/498 500/500
f 502/502 529/529 499/499
f 1151/1151 1159/1159 1150/1150
f 527/527 528/528 526/526
f 519/519 524/524 520/520
f 7349/7349 7348/7348 7350/7350
f 1141/1141 1148/1148 1142/1142
f 7781/7781 7782/7782 7783/7783
f 24/24 22/22 23/23
f 28/28 66/66 99/99
f 99/99 66/66 107/107
f 7829/7829 7798/7798 7800/7800
f 106/106 107/107 108/108
f 7804/7804 7800/7800 7803/7803
f 4468/4468 4464/4464 4466/4466
f 4467/4467 4477/4477 4475/4475
f 4870/4870 4926/4926 4877/4877
f 4876/4876 4870/4870 4877/4877
f 4876/4876 4877/4877 4878/4878
f 5772/5772 5761/5761 5759/5759
f 5772/5772 5759/5759 5757/5757
f 5759/5759 5755/5755 5757/5757
f 5757/5757 5755/5755 5756/5756
f 5755/5755 5747/5747 5756/5756
f 5772/5772 5757/5757 5773/5773
f 4875/4875 4876/4876 4878/4878
f 4875/4875 4878/4878 4879/4879
f 4879/4879 4878/4878 4970/4970
f 4873/4873 4875/4875 4880/4880
f 4879/4879 4970/4970 4971/4971
f 3440/3440 3439/3439 3434/3434
f 3440/3440 3434/3434 3441/3441
f 4881/4881 4873/4873 4880/4880
f 4626/4626 4624/4624 4625/4625
f 4895/4895 4891/4891 4889/4889
f 4897/4897 4895/4895 4889/4889
f 4905/4905 4895/4895 4897/4897
f 4845/4845 4846/4846 4847/4847
f 4545/4545 4547/4547 4542/4542
f 4779/4779 4839/4839 4780/4780
f 4256/4256 4252/4252 4255/4255
f 4779/4779 4780/4780 4775/4775
f 4775/4775 4780/4780 4781/4781
f 4781/4781 4780/4780 4788/4788
f 4781/4781 4788/4788 4791/4791
f 4791/4791 4788/4788 4792/4792
f 4912/4912 4905/4905 4911/4911
f 4823/4823 4781/4781 4822/4822
f 4822/4822 4781/4781 4791/4791
f 7217/7217 7219/7219 7218/7218
f 4824/4824 4823/4823 4825/4825
f 4825/4825 4823/4823 4822/4822
f 4824/4824 4825/4825 4826/4826
f 4827/4827 4824/4824 4826/4826
f 4827/4827 4826/4826 4831/4831
f 7108/7108 7109/7109 7106/7106
f 7106/7106 7107/7107 7108/7108
f 7108/7108 7107/7107 7110/7110
f 4913/4913 4911/4911 4907/4907
f 4914/4914 4913/4913 4907/4907
f 2049/2049 2062/2062 2048/2048
f 6905/6905 6926/6926 6925/6925
f 6925/6925 6926/6926 6927/6927
f 4919/4919 4914/4914 4916/4916
f 6935/6935 6929/6929 6936/6936
f 6933/6933 6932/6932 6938/6938
f 4919/4919 4916/4916 4932/4932
f 6940/6940 6933/6933 6939/6939
f 2463/2463 2476/2476 2465/2465
f 6940/6940 6951/6951 6942/6942
f 2465/2465 2464/2464 2463/2463
f 2464/2464 2461/2461 2463/2463
f 2463/2463 2461/2461 2460/2460
f 2460/2460 2461/2461 2462/2462
f 2460/2460 2462/2462 2466/2466
f 4978/4978 4981/4981 4932/4932
f 2473/2473 2460/2460 2466/2466
f 2473/2473 2466/2466 2474/2474
f 2466/2466 2468/2468 2474/2474
f 2379/2379 2381/2381 2366/2366
f 2378/2378 2379/2379 2364/2364
f 2379/2379 2366/2366 2364/2364
f 3829/3829 3832/3832 3828/3828
f 2371/2371 2377/2377 2369/2369
f 2377/2377 2378/2378 2364/2364
f 2369/2369 2377/2377 2364/2364
f 3829/3829 3828/3828 3819/3819
f 3819/3819 3821/3821 3818/3818
f 3818/3818 3821/3821 3820/3820
f 3820/3820 3822/3822 3815/3815
f 3818/3818 3820/3820 3815/3815
f 7935/7935 7912/7912 7913/7913
f 1242/1242 1267/1267 1232/1232
f 464/464 472/472 471/471
f 464/464 471/471 470/470
f 500/500 502/502 499/499
f 1180/1180 1242/1242 1232/1232
f 1159/1159 1180/1180 1232/1232
f 499/499 529/529 490/490
f 490/490 528/528 527/527
f 1158/1158 1150/1150 1159/1159
f 1121/1121 1149/1149 1148/1148
f 1142/1142 1148/1148 1164/1164
f 1122/1122 1142/1142 1165/1165
f 3037/3037 3044/3044 3035/3035
f 3035/3035 3044/3044 3041/3041
f 1139/1139 1122/1122 1165/1165
f 7829/7829 7796/7796 7798/7798
f 1117/1117 1139/1139 1172/1172
f 1173/1173 1117/1117 1172/1172
f 88/88 107/107 106/106
f 1173/1173 1203/1203 1205/1205
f 5774/5774 5780/5780 5768/5768
f 4469/4469 4467/4467 4472/4472
f 4472/4472 4467/4467 4475/4475
f 5774/5774 5768/5768 5765/5765
f 5766/5766 5774/5774 5765/5765
f 5766/5766 5765/5765 5760/5760
f 5766/5766 5760/5760 5761/5761
f 5761/5761 5760/5760 5759/5759
f 5759/5759 5760/5760 5758/5758
f 5759/5759 5758/5758 5755/5755
f 5755/5755 5754/5754 5747/5747
f 5747/5747 5754/5754 5753/5753
f 4487/4487 4489/4489 4488/4488
f 4488/4488 4491/4491 4492/4492
f 4880/4880 4875/4875 4882/4882
f 4892/4892 4879/4879 4971/4971
f 4875/4875 4879/4879 4882/4882
f 4882/4882 4879/4879 4892/4892
f 3502/3502 3504/3504 3440/3440
f 3502/3502 3440/3440 3441/3441
f 3502/3502 3441/3441 3501/3501
f 4881/4881 4880/4880 4883/4883
f 3502/3502 3501/3501 3503/3503
f 4499/4499 4494/4494 4500/4500
f 4887/4887 4881/4881 4883/4883
f 4891/4891 4881/4881 4889/4889
f 4889/4889 4881/4881 4887/4887
f 4855/4855 4854/4854 4846/4846
f 4844/4844 4846/4846 4845/4845
f 4839/4839 4844/4844 4845/4845
f 4838/4838 4844/4844 4839/4839
f 4779/4779 4838/4838 4839/4839
f 4768/4768 4775/4775 4823/4823
f 4773/4773 4775/4775 4768/4768
f 4823/4823 4775/4775 4781/4781
f 3456/3456 3462/3462 3461/3461
f 4683/4683 4685/4685 4684/4684
f 4768/4768 4823/4823 4824/4824
f 4683/4683 4684/4684 4680/4680
f 4829/4829 4768/4768 4824/4824
f 4829/4829 4824/4824 4828/4828
f 4828/4828 4824/4824 4827/4827
f 4556/4556 4551/4551 4549/4549
f 4549/4549 4551/4551 4550/4550
f 4827/4827 4831/4831 4832/4832
f 4832/4832 4831/4831 4833/4833
f 4907/4907 4911/4911 4901/4901
f 4831/4831 4834/4834 4833/4833
f 4833/4833 4834/4834 4835/4835
f 7620/7620 7621/7621 7622/7622
f 5881/5881 5882/5882 5877/5877
f 4914/4914 4907/4907 4915/4915
f 4602/4602 4601/4601 4599/4599
f 6905/6905 6925/6925 6908/6908
f 3449/3449 3453/3453 3446/3446
f 4914/4914 4915/4915 4916/4916
f 6929/6929 6925/6925 6927/6927
f 6934/6934 6931/6931 6933/6933
f 6933/6933 6931/6931 6932/6932
f 6932/6932 6931/6931 6929/6929
f 4916/4916 4917/4917 4932/4932
f 6942/6942 6933/6933 6940/6940
f 6942/6942 6951/6951 6950/6950
f 6949/6949 6942/6942 6950/6950
f 4978/4978 4932/4932 4977/4977
f 2472/2472 2463/2463 2460/2460
f 3491/3491 3443/3443 3442/3442
f 2475/2475 2472/2472 2460/2460
f 2475/2475 2460/2460 2473/2473
f 2371/2371 2380/2380 2377/2377
f 3623/3623 3622/3622 3616/3616
f 3622/3622 3617/3617 3616/3616
f 3819/3819 3828/3828 3821/3821
f 3844/3844 3850/3850 3859/3859
f 3850/3850 3844/3844 3822/3822
f 460/460 464/464 470/470
f 455/455 500/500 453/453
f 500/500 499/499 453/453
f 475/475 477/477 472/472
f 41/41 37/37 39/39
f 1149/1149 1121/1121 1150/1150
f 1142/1142 1164/1164 1165/1165
f 3035/3035 3036/3036 3037/3037
f 23/23 22/22 19/19
f 3038/3038 3035/3035 3041/3041
f 3045/3045 3038/3038 3041/3041
f 1139/1139 1165/1165 1169/1169
f 3051/3051 3045/3045 3041/3041
f 28/28 99/99 75/75
f 7800/7800 7827/7827 7829/7829
f 1173/1173 1172/1172 1203/1203
f 106/106 102/102 88/88
f 7825/7825 7827/7827 7800/7800
f 7825/7825 7800/7800 7804/7804
f 5780/5780 5779/5779 5768/5768
f 4469/4469 4468/4468 4466/4466
f 4466/4466 4467/4467 4469/4469
f 5765/5765 5768/5768 5764/5764
f 5765/5765 5764/5764 5760/5760
f 8071/8071 8072/8072 8073/8073
f 5755/5755 5758/5758 5754/5754
f 4476/4476 4487/4487 4485/4485
f 4492/4492 4491/4491 4493/4493
f 4491/4491 4494/4494 4493/4493
f 4882/4882 4892/4892 4993/4993
f 3505/3505 3504/3504 3502/3502
f 4880/4880 4882/4882 4890/4890
f 4890/4890 4882/4882 4936/4936
f 4884/4884 4880/4880 4890/4890
f 4883/4883 4880/4880 4884/4884
f 3498/3498 3503/3503 3501/3501
f 4887/4887 4883/4883 4886/4886
f 3498/3498 3499/3499 3493/3493
f 4888/4888 4887/4887 4886/4886
f 4889/4889 4887/4887 4888/4888
f 4838/4838 4968/4968 4844/4844
f 4844/4844 4992/4992 4846/4846
f 4992/4992 4855/4855 4846/4846
f 4625/4625 4629/4629 4628/4628
f 4779/4779 4777/4777 4838/4838
f 4772/4772 4777/4777 4779/4779
f 4772/4772 4779/4779 4775/4775
f 4773/4773 4772/4772 4775/4775
f 4773/4773 4768/4768 4764/4764
f 4911/4911 4905/4905 4901/4901
f 4905/4905 4898/4898 4901/4901
f 4830/4830 4768/4768 4829/4829
f 4680/4680 4684/4684 4681/4681
f 4555/4555 4557/4557 4570/4570
f 3455/3455 3456/3456 3461/3461
f 4555/4555 4570/4570 4556/4556
f 4548/4548 4549/4549 4550/4550
f 4688/4688 4679/4679 4682/4682
f 5718/5718 5614/5614 5615/5615
f 4550/4550 4568/4568 4558/4558
f 4548/4548 4550/4550 4558/4558
f 4907/4907 4901/4901 4906/4906
f 5876/5876 5881/5881 5877/5877
f 5879/5879 5881/5881 5876/5876
f 3452/3452 3453/3453 3449/3449
f 6911/6911 6908/6908 6925/6925
f 6930/6930 6931/6931 6943/6943
f 6930/6930 6911/6911 6929/6929
f 4916/4916 4915/4915 4917/4917
f 6934/6934 6937/6937 6931/6931
f 3445/3445 3446/3446 3444/3444
f 4932/4932 4917/4917 4938/4938
f 6934/6934 6933/6933 6942/6942
f 6934/6934 6942/6942 6924/6924
f 6924/6924 6942/6942 6945/6945
f 3443/3443 3445/3445 3444/3444
f 4932/4932 4938/4938 4977/4977
f 6945/6945 6942/6942 6949/6949
f 3828/3828 3824/3824 3821/3821
f 3823/3823 3850/3850 3822/3822
f 3820/3820 3823/3823 3822/3822
f 453/453 499/499 449/449
f 460/460 470/470 461/461
f 456/456 461/461 457/457
f 478/478 477/477 474/474
f 475/475 472/472 464/464
f 479/479 478/478 476/476
f 525/525 527/527 526/526
f 513/513 519/519 515/515
f 519/519 520/520 515/515
f 525/525 526/526 522/522
f 506/506 522/522 508/508
f 522/522 521/521 508/508
f 1149/1149 1156/1156 1148/1148
f 3035/3035 3034/3034 3036/3036
f 75/75 88/88 76/76
f 3045/3045 3051/3051 3046/3046
f 7844/7844 7825/7825 7804/7804
f 76/76 102/102 101/101
f 4470/4470 4468/4468 4469/4469
f 3494/3494 3505/3505 3502/3502
f 3494/3494 3502/3502 3503/3503
f 4936/4936 4882/4882 4960/4960
f 4890/4890 4936/4936 4960/4960
f 4959/4959 4890/4890 4960/4960
f 4884/4884 4890/4890 4958/4958
f 4958/4958 4890/4890 4959/4959
f 4499/4499 4500/4500 4501/4501
f 4885/4885 4883/4883 4884/4884
f 4885/4885 4884/4884 4956/4956
f 4884/4884 4958/4958 4956/4956
f 4958/4958 4959/4959 4957/4957
f 4886/4886 4883/4883 4885/4885
f 4956/4956 4958/4958 4957/4957
f 4886/4886 4885/4885 4955/4955
f 4955/4955 4885/4885 4956/4956
f 4956/4956 4957/4957 4954/4954
f 4626/4626 4625/4625 4627/4627
f 4955/4955 4956/4956 4954/4954
f 4888/4888 4886/4886 4785/4785
f 4785/4785 4886/4886 4952/4952
f 4886/4886 4955/4955 4952/4952
f 4955/4955 4954/4954 4952/4952
f 4952/4952 4954/4954 4953/4953
f 4953/4953 4954/4954 4968/4968
f 4844/4844 4968/4968 4992/4992
f 4787/4787 4888/4888 4785/4785
f 4785/4785 4952/4952 4953/4953
f 4856/4856 4855/4855 4857/4857
f 8041/8041 8042/8042 8043/8043
f 4889/4889 4888/4888 4797/4797
f 4888/4888 4787/4787 4797/4797
f 4778/4778 4785/4785 4777/4777
f 4785/4785 4778/4778 4786/4786
f 4785/4785 4953/4953 4777/4777
f 4889/4889 4797/4797 4893/4893
f 4953/4953 4838/4838 4777/4777
f 3457/3457 3490/3490 3462/3462
f 4897/4897 4889/4889 4893/4893
f 4774/4774 4778/4778 4777/4777
f 4898/4898 4897/4897 4893/4893
f 4772/4772 4774/4774 4777/4777
f 5636/5636 5532/5532 5677/5677
f 4628/4628 4629/4629 4633/4633
f 4764/4764 4772/4772 4773/4773
f 4764/4764 4768/4768 4765/4765
f 4765/4765 4768/4768 4830/4830
f 4554/4554 4557/4557 4555/4555
f 4552/4552 4555/4555 4556/4556
f 4679/4679 4680/4680 4681/4681
f 4552/4552 4556/4556 4549/4549
f 4552/4552 4549/4549 4548/4548
f 3456/3456 3455/3455 3452/3452
f 4548/4548 4558/4558 4559/4559
f 4559/4559 4558/4558 4560/4560
f 4559/4559 4560/4560 4561/4561
f 4560/4560 4562/4562 4561/4561
f 4561/4561 4562/4562 4563/4563
f 5875/5875 5876/5876 5877/5877
f 5875/5875 5877/5877 5878/5878
f 4563/4563 4564/4564 4565/4565
f 4565/4565 4564/4564 4567/4567
f 5879/5879 5876/5876 5875/5875
f 5880/5880 5879/5879 5875/5875
f 3452/3452 3455/3455 3453/3453
f 4907/4907 4906/4906 4915/4915
f 6944/6944 6911/6911 6930/6930
f 7397/7397 7398/7398 7399/7399
f 3448/3448 3449/3449 3446/3446
f 3873/3873 3867/3867 3865/3865
f 3448/3448 3446/3446 3445/3445
f 4977/4977 4938/4938 4974/4974
f 3823/3823 3851/3851 3850/3850
f 3482/3482 3443/3443 3491/3491
f 3821/3821 3824/3824 3820/3820
f 3824/3824 3823/3823 3820/3820
f 460/460 461/461 456/456
f 456/456 457/457 455/455
f 449/449 499/499 490/490
f 477/477 475/475 474/474
f 476/476 478/478 474/474
f 510/510 518/518 519/519
f 508/508 517/517 509/509
f 508/508 521/521 517/517
f 1153/1153 1150/1150 1158/1158
f 1156/1156 1149/1149 1152/1152
f 30/30 37/37 32/32
f 1164/1164 1148/1148 1156/1156
f 1165/1165 1164/1164 1174/1174
f 3033/3033 3031/3031 3034/3034
f 1165/1165 1174/1174 1175/1175
f 3033/3033 3034/3034 3035/3035
f 3038/3038 3033/3033 3035/3035
f 19/19 22/22 20/20
f 1169/1169 1165/1165 1175/1175
f 1203/1203 1172/1172 1198/1198
f 4473/4473 4468/4468 4470/4470
f 83/83 76/76 101/101
f 6795/6795 6793/6793 6787/6787
f 5768/5768 5779/5779 5769/5769
f 4470/4470 4469/4469 4471/4471
f 5768/5768 5769/5769 5767/5767
f 4469/4469 4472/4472 4474/4474
f 5768/5768 5767/5767 5764/5764
f 5764/5764 5767/5767 5763/5763
f 4472/4472 4475/4475 4476/4476
f 5764/5764 5763/5763 5760/5760
f 5762/5762 5760/5760 5763/5763
f 3337/3337 3349/3349 3350/3350
f 4485/4485 4487/4487 4488/4488
f 4493/4493 4494/4494 4499/4499
f 3494/3494 3503/3503 3487/3487
f 4960/4960 4963/4963 4959/4959
f 4954/4954 4957/4957 4968/4968
f 4968/4968 4957/4957 4973/4973
f 3493/3493 3490/3490 3457/3457
f 4627/4627 4625/4625 4628/4628
f 4787/4787 4785/4785 4786/4786
f 5644/5644 5724/5724 5608/5608
f 4787/4787 4786/4786 4778/4778
f 4784/4784 4787/4787 4778/4778
f 5677/5677 5644/5644 5608/5608
f 4784/4784 4778/4778 4774/4774
f 4797/4797 4784/4784 4793/4793
f 4793/4793 4784/4784 4774/4774
f 4793/4793 4774/4774 4782/4782
f 4782/4782 4774/4774 4770/4770
f 4770/4770 4774/4774 4772/4772
f 4910/4910 4893/4893 4793/4793
f 4770/4770 4772/4772 4764/4764
f 3456/3456 3457/3457 3462/3462
f 4898/4898 4893/4893 4899/4899
f 4901/4901 4898/4898 4900/4900
f 4898/4898 4899/4899 4900/4900
f 4763/4763 4764/4764 4765/4765
f 4765/4765 4830/4830 4767/4767
f 4901/4901 4900/4900 4902/4902
f 4555/4555 4552/4552 4554/4554
f 4553/4553 4552/4552 4548/4548
f 4633/4633 4606/4606 4634/4634
f 4563/4563 4565/4565 4566/4566
f 5883/5883 5880/5880 5875/5875
f 6149/6149 6148/6148 6153/6153
f 4606/4606 4602/4602 4641/4641
f 6154/6154 6153/6153 6148/6148
f 6156/6156 6154/6154 6155/6155
f 6155/6155 6154/6154 6148/6148
f 4641/4641 4602/4602 4607/4607
f 7771/7771 7773/7773 7762/7762
f 7761/7761 7771/7771 7762/7762
f 7397/7397 7399/7399 7400/7400
f 3447/3447 3448/3448 3445/3445
f 4608/4608 4609/4609 4665/4665
f 4938/4938 4917/4917 4931/4931
f 6921/6921 6924/6924 6946/6946
f 3447/3447 3445/3445 3443/3443
f 6924/6924 6945/6945 6946/6946
f 3823/3823 3848/3848 3851/3851
f 3479/3479 3443/3443 3482/3482
f 3824/3824 3833/3833 3825/3825
f 452/452 453/453 449/449
f 454/454 456/456 455/455
f 455/455 453/453 452/452
f 527/527 525/525 491/491
f 510/510 519/519 513/513
f 517/517 518/518 510/510
f 509/509 517/517 510/510
f 525/525 522/522 506/506
f 47/47 41/41 39/39
f 46/46 47/47 39/39
f 32/32 24/24 23/23
f 3184/3184 3185/3185 3190/3190
f 22/22 28/28 20/20
f 20/20 28/28 59/59
f 3040/3040 3038/3038 3045/3045
f 59/59 75/75 74/74
f 1172/1172 1169/1169 1198/1198
f 75/75 76/76 74/74
f 3040/3040 3045/3045 3046/3046
f 74/74 76/76 78/78
f 4471/4471 4469/4469 4474/4474
f 3341/3341 3347/3347 3336/3336
f 3347/3347 3348/3348 3336/3336
f 5767/5767 5770/5770 5763/5763
f 4474/4474 4472/4472 4476/4476
f 3336/3336 3349/3349 3337/3337
f 4484/4484 4476/4476 4485/4485
f 3337/3337 3350/3350 3342/3342
f 3505/3505 3494/3494 3489/3489
f 4959/4959 4963/4963 4962/4962
f 3487/3487 3503/3503 3475/3475
f 3475/3475 3503/3503 3498/3498
f 4959/4959 4962/4962 4961/4961
f 4646/4646 4626/4626 4627/4627
f 3472/3472 3498/3498 3493/3493
f 5724/5724 5611/5611 5610/5610
f 5608/5608 5724/5724 5610/5610
f 4893/4893 4797/4797 4793/4793
f 5677/5677 5608/5608 5606/5606
f 5702/5702 5677/5677 5606/5606
f 4628/4628 4633/4633 4632/4632
f 4770/4770 4764/4764 4763/4763
f 5702/5702 5606/5606 5601/5601
f 4899/4899 4893/4893 4910/4910
f 4899/4899 4910/4910 4860/4860
f 4763/4763 4765/4765 4766/4766
f 4766/4766 4765/4765 4767/4767
f 4553/4553 4554/4554 4552/4552
f 4767/4767 4805/4805 4804/4804
f 4553/4553 4548/4548 4569/4569
f 4901/4901 4902/4902 4906/4906
f 4569/4569 4548/4548 4559/4559
f 4807/4807 4809/4809 4808/4808
f 4808/4808 4809/4809 4810/4810
f 4808/4808 4810/4810 4811/4811
f 4811/4811 4810/4810 4812/4812
f 4848/4848 4849/4849 4850/4850
f 4848/4848 4850/4850 4851/4851
f 4811/4811 4812/4812 4813/4813
f 4813/4813 4849/4849 4848/4848
f 4818/4818 4811/4811 4840/4840
f 4811/4811 4813/4813 4821/4821
f 4840/4840 4811/4811 4821/4821
f 4821/4821 4813/4813 4848/4848
f 4821/4821 4848/4848 4852/4852
f 3448/3448 3451/3451 3452/3452
f 3448/3448 3452/3452 3449/3449
f 3450/3450 3451/3451 3448/3448
f 4634/4634 4606/4606 4641/4641
f 4915/4915 4906/4906 4908/4908
f 4837/4837 4818/4818 4840/4840
f 4915/4915 4908/4908 4917/4917
f 6157/6157 6154/6154 6156/6156
f 7761/7761 7767/7767 7771/7771
f 7761/7761 7762/7762 7763/7763
f 7763/7763 7762/7762 7764/7764
f 7763/7763 7764/7764 7769/7769
f 4607/4607 4608/4608 4664/4664
f 4917/4917 4908/4908 4931/4931
f 4938/4938 4931/4931 4941/4941
f 6916/6916 6921/6921 6947/6947
f 6947/6947 6921/6921 6946/6946
f 3479/3479 3447/3447 3443/3443
f 4938/4938 4941/4941 4969/4969
f 4938/4938 4969/4969 4974/4974
f 4974/4974 4969/4969 4982/4982
f 3826/3826 3848/3848 3823/3823
f 4665/4665 4671/4671 4666/4666
f 3823/3823 3825/3825 3826/3826
f 449/449 490/490 450/450
f 454/454 455/455 452/452
f 460/460 456/456 459/459
f 459/459 456/456 454/454
f 474/474 475/475 462/462
f 462/462 475/475 464/464
f 462/462 464/464 460/460
f 491/491 525/525 506/506
f 39/39 37/37 30/30
f 30/30 32/32 23/23
f 1164/1164 1156/1156 1170/1170
f 1174/1174 1164/1164 1170/1170
f 3184/3184 3172/3172 3185/3185
f 3018/3018 3032/3032 3031/3031
f 3019/3019 3018/3018 3031/3031
f 1175/1175 1174/1174 1194/1194
f 3033/3033 3019/3019 3031/3031
f 3039/3039 3033/3033 3038/3038
f 3039/3039 3038/3038 3040/3040
f 1169/1169 1175/1175 1194/1194
f 1169/1169 1194/1194 1200/1200
f 1198/1198 1169/1169 1200/1200
f 3042/3042 3040/3040 3046/3046
f 5779/5779 5782/5782 5769/5769
f 7828/7828 7827/7827 7825/7825
f 7828/7828 7825/7825 7844/7844
f 4482/4482 4473/4473 4470/4470
f 4470/4470 4471/4471 4480/4480
f 5763/5763 5770/5770 5778/5778
f 4474/4474 4476/4476 4478/4478
f 3335/3335 3336/3336 3337/3337
f 5762/5762 5784/5784 5754/5754
f 5754/5754 5784/5784 5854/5854
f 4485/4485 4488/4488 4492/4492
f 7651/7651 7652/7652 7653/7653
f 3489/3489 3494/3494 3487/3487
f 4961/4961 4962/4962 4964/4964
f 4961/4961 4964/4964 4965/4965
f 3472/3472 3475/3475 3498/3498
f 4961/4961 4965/4965 4966/4966
f 4957/4957 4961/4961 4966/4966
f 4965/4965 4964/4964 4967/4967
f 4965/4965 4967/4967 4966/4966
f 5724/5724 5719/5719 5611/5611
f 4983/4983 4957/4957 4966/4966
f 4994/4994 4967/4967 4995/4995
f 4967/4967 4994/4994 4966/4966
f 3472/3472 3493/3493 3457/3457
f 4794/4794 4793/4793 4782/4782
f 4794/4794 4782/4782 4783/4783
f 4782/4782 4770/4770 4769/4769
f 4783/4783 4782/4782 4769/4769
f 3454/3454 3457/3457 3456/3456
f 4794/4794 4910/4910 4793/4793
f 4769/4769 4770/4770 4763/4763
f 4769/4769 4763/4763 4766/4766
f 4633/4633 4634/4634 4632/4632
f 3454/3454 3456/3456 3452/3452
f 4766/4766 4767/4767 4804/4804
f 4902/4902 4900/4900 4903/4903
f 3451/3451 3454/3454 3452/3452
f 4902/4902 4903/4903 4904/4904
f 4804/4804 4805/4805 4806/4806
f 4806/4806 4805/4805 4807/4807
f 4908/4908 4906/4906 4902/4902
f 4806/4806 4807/4807 4808/4808
f 4908/4908 4902/4902 4904/4904
f 4816/4816 4806/4806 4808/4808
f 4816/4816 4808/4808 4818/4818
f 4818/4818 4808/4808 4811/4811
f 4836/4836 4816/4816 4837/4837
f 4837/4837 4816/4816 4818/4818
f 4848/4848 4851/4851 4852/4852
f 4852/4852 4851/4851 4853/4853
f 6157/6157 6158/6158 6154/6154
f 4841/4841 4836/4836 4842/4842
f 7770/7770 7767/7767 7765/7765
f 7767/7767 7761/7761 7765/7765
f 7765/7765 7761/7761 7763/7763
f 7763/7763 7769/7769 7768/7768
f 3450/3450 3448/3448 3447/3447
f 6912/6912 6913/6913 6914/6914
f 3477/3477 3450/3450 3447/3447
f 3479/3479 3477/3477 3447/3447
f 4664/4664 4665/4665 4666/4666
f 4666/4666 4669/4669 4667/4667
f 4667/4667 4669/4669 4674/4674
f 450/450 490/490 491/491
f 1157/1157 1188/1188 1160/1160
f 494/494 491/491 506/506
f 3184/3184 3170/3170 3172/3172
f 3048/3048 3032/3032 3018/3018
f 3185/3185 3172/3172 3207/3207
f 1174/1174 1170/1170 1195/1195
f 641/641 649/649 642/642
f 1194/1194 1174/1174 1195/1195
f 73/73 59/59 74/74
f 74/74 78/78 77/77
f 3055/3055 3052/3052 3081/3081
f 4483/4483 4473/4473 4482/4482
f 78/78 83/83 81/81
f 4482/4482 4470/4470 4481/4481
f 4470/4470 4480/4480 4481/4481
f 3340/3340 3341/3341 3336/3336
f 5763/5763 5778/5778 5762/5762
f 3338/3338 3336/3336 3335/3335
f 4478/4478 4476/4476 4484/4484
f 3339/3339 3335/3335 3337/3337
f 3339/3339 3337/3337 3342/3342
f 3339/3339 3342/3342 3344/3344
f 3075/3075 3074/3074 3077/3077
f 3488/3488 3489/3489 3487/3487
f 4646/4646 4627/4627 4630/4630
f 3475/3475 3472/3472 3473/3473
f 3473/3473 3472/3472 3459/3459
f 3459/3459 3472/3472 3457/3457
f 3458/3458 3459/3459 3457/3457
f 3458/3458 3457/3457 3454/3454
f 4860/4860 4858/4858 4859/4859
f 4795/4795 4858/4858 4794/4794
f 4771/4771 4804/4804 4801/4801
f 4801/4801 4804/4804 4803/4803
f 4803/4803 4804/4804 4806/4806
f 3450/3450 3454/3454 3451/3451
f 4904/4904 4903/4903 4922/4922
f 4803/4803 4806/4806 4816/4816
f 4817/4817 4816/4816 4836/4836
f 4908/4908 4904/4904 4909/4909
f 4843/4843 4817/4817 4841/4841
f 4817/4817 4836/4836 4841/4841
f 7772/7772 7758/7758 7770/7770
f 7772/7772 7770/7770 7765/7765
f 4908/4908 4909/4909 4931/4931
f 3476/3476 3450/3450 3477/3477
f 7765/7765 7763/7763 7766/7766
f 7766/7766 7763/7763 7768/7768
f 4931/4931 4909/4909 4941/4941
f 4969/4969 4941/4941 4979/4979
f 6912/6912 6914/6914 6915/6915
f 3837/3837 3838/3838 3827/3827
f 6948/6948 6916/6916 6947/6947
f 3827/3827 3841/3841 3826/3826
f 3837/3837 3827/3827 3825/3825
f 3825/3825 3827/3827 3826/3826
f 4664/4664 4666/4666 4667/4667
f 469/469 476/476 474/474
f 469/469 474/474 462/462
f 469/469 473/473 476/476
f 46/46 39/39 45/45
f 505/505 506/506 508/508
f 45/45 39/39 40/40
f 1170/1170 1171/1171 1218/1218
f 1170/1170 1218/1218 1217/1217
f 3047/3047 3048/3048 3018/3018
f 1195/1195 1170/1170 1217/1217
f 1194/1194 1195/1195 1207/1207
f 3020/3020 3033/3033 3039/3039
f 20/20 59/59 72/72
f 72/72 59/59 73/73
f 1198/1198 1200/1200 1213/1213
f 5782/5782 5781/5781 5769/5769
f 73/73 74/74 77/77
f 3043/3043 3042/3042 3046/3046
f 3052/3052 3043/3043 3046/3046
f 2195/2195 2158/2158 2194/2194
f 4471/4471 4474/4474 4479/4479
f 4480/4480 4471/4471 4479/4479
f 3338/3338 3340/3340 3336/3336
f 5762/5762 5783/5783 5784/5784
f 2200/2200 2201/2201 2205/2205
f 3338/3338 3335/3335 3339/3339
f 3078/3078 3076/3076 3072/3072
f 7655/7655 7678/7678 7677/7677
f 7655/7655 7677/7677 7651/7651
f 3346/3346 3339/3339 3344/3344
f 7677/7677 7676/7676 7651/7651
f 3072/3072 3076/3076 3073/3073
f 3484/3484 3488/3488 3487/3487
f 3484/3484 3487/3487 3475/3475
f 3484/3484 3475/3475 3473/3473
f 3483/3483 3484/3484 3473/3473
f 4627/4627 4628/4628 4630/4630
f 3481/3481 3473/3473 3471/3471
f 3471/3471 3473/3473 3459/3459
f 3471/3471 3459/3459 3458/3458
f 3471/3471 3458/3458 3480/3480
f 4859/4859 4858/4858 4799/4799
f 4799/4799 4858/4858 4795/4795
f 4795/4795 4794/4794 4783/4783
f 4799/4799 4795/4795 4796/4796
f 4771/4771 4769/4769 4766/4766
f 3460/3460 3458/3458 3454/3454
f 4771/4771 4766/4766 4804/4804
f 3485/3485 3478/3478 3460/3460
f 3460/3460 3454/3454 3450/3450
f 4903/4903 4933/4933 4922/4922
f 4798/4798 4801/4801 4802/4802
f 4802/4802 4801/4801 4803/4803
f 3485/3485 3460/3460 3476/3476
f 4802/4802 4803/4803 4816/4816
f 3486/3486 3485/3485 3476/3476
f 4802/4802 4816/4816 4817/4817
f 4815/4815 4802/4802 4817/4817
f 3476/3476 3460/3460 3450/3450
f 4909/4909 4904/4904 4922/4922
f 7755/7755 7758/7758 7756/7756
f 7758/7758 7772/7772 7756/7756
f 7772/7772 7760/7760 7756/7756
f 7760/7760 7772/7772 7774/7774
f 7772/7772 7765/7765 7774/7774
f 7774/7774 7765/7765 7766/7766
f 4643/4643 4641/4641 4647/4647
f 7777/7777 7766/7766 7768/7768
f 4668/4668 4664/4664 4667/4667
f 4672/4672 4667/4667 4673/4673
f 4673/4673 4667/4667 4674/4674
f 4049/4049 4048/4048 4040/4040
f 4049/4049 4040/4040 4050/4050
f 448/448 449/449 450/450
f 454/454 452/452 451/451
f 452/452 449/449 451/451
f 462/462 460/460 459/459
f 492/492 491/491 493/493
f 493/493 491/491 494/494
f 467/467 473/473 469/469
f 514/514 513/513 515/515
f 510/510 513/513 512/512
f 494/494 506/506 505/505
f 1154/1154 1157/1157 1160/1160
f 39/39 30/30 40/40
f 40/40 30/30 31/31
f 1167/1167 1166/1166 1171/1171
f 3174/3174 3173/3173 3170/3170
f 1218/1218 1227/1227 1217/1217
f 3047/3047 3050/3050 3048/3048
f 25/25 30/30 23/23
f 3017/3017 3047/3047 3018/3018
f 1195/1195 1217/1217 1250/1250
f 3016/3016 3017/3017 3018/3018
f 3016/3016 3018/3018 3019/3019
f 25/25 23/23 19/19
f 1207/1207 1195/1195 1250/1250
f 1194/1194 1207/1207 1206/1206
f 3020/3020 3019/3019 3033/3033
f 1200/1200 1194/1194 1206/1206
f 72/72 73/73 79/79
f 3022/3022 3020/3020 3039/3039
f 3022/3022 3039/3039 3040/3040
f 3042/3042 3022/3022 3040/3040
f 5771/5771 5769/5769 5781/5781
f 77/77 78/78 81/81
f 5770/5770 5771/5771 5776/5776
f 4482/4482 4481/4481 4486/4486
f 4486/4486 4481/4481 4480/4480
f 3343/3343 3340/3340 3338/3338
f 4479/4479 4474/4474 4478/4478
f 3345/3345 3343/3343 3338/3338
f 7680/7680 7671/7671 7672/7672
f 7680/7680 7672/7672 7678/7678
f 7672/7672 7675/7675 7676/7676
f 7676/7676 7675/7675 7679/7679
f 3345/3345 3338/3338 3339/3339
f 3346/3346 3345/3345 3339/3339
f 7678/7678 7672/7672 7677/7677
f 3070/3070 3078/3078 3072/3072
f 7672/7672 7676/7676 7677/7677
f 3007/3007 3074/3074 3075/3075
f 3075/3075 3077/3077 3009/3009
f 3009/3009 3077/3077 3079/3079
f 3483/3483 3473/3473 3481/3481
f 4630/4630 4628/4628 4631/4631
f 3481/3481 3471/3471 3480/3480
f 4631/4631 4628/4628 4632/4632
f 3474/3474 3480/3480 3458/3458
f 3474/3474 3458/3458 3460/3460
f 4783/4783 4769/4769 4776/4776
f 3474/3474 3460/3460 3478/3478
f 4799/4799 4796/4796 4800/4800
f 4795/4795 4783/4783 4776/4776
f 4776/4776 4769/4769 4771/4771
f 4635/4635 4632/4632 4634/4634
f 4795/4795 4776/4776 4796/4796
f 6066/6066 6070/6070 6061/6061
f 6066/6066 6061/6061 6060/6060
f 4796/4796 4776/4776 4819/4819
f 4820/4820 4796/4796 4819/4819
f 4819/4819 4776/4776 4798/4798
f 4798/4798 4776/4776 4771/4771
f 4635/4635 4634/4634 4636/4636
f 6067/6067 6063/6063 6069/6069
f 4814/4814 4798/4798 4802/4802
f 4815/4815 4814/4814 4802/4802
f 4922/4922 4933/4933 4934/4934
f 4636/4636 4634/4634 4640/4640
f 7753/7753 7755/7755 7754/7754
f 7752/7752 7753/7753 7754/7754
f 4634/4634 4641/4641 4640/4640
f 4640/4640 4641/4641 4643/4643
f 7755/7755 7756/7756 7757/7757
f 7754/7754 7755/7755 7757/7757
f 4941/4941 4935/4935 4979/4979
f 3843/3843 3841/3841 3840/3840
f 7759/7759 7756/7756 7760/7760
f 7759/7759 7760/7760 7776/7776
f 7760/7760 7774/7774 7776/7776
f 7776/7776 7774/7774 7775/7775
f 7775/7775 7774/7774 7766/7766
f 7775/7775 7766/7766 7777/7777
f 3838/3838 3840/3840 3827/3827
f 6948/6948 6952/6952 6917/6917
f 6917/6917 6952/6952 6919/6919
f 6919/6919 6952/6952 6953/6953
f 6919/6919 6953/6953 6915/6915
f 4054/4054 4047/4047 4048/4048
f 4048/4048 4047/4047 4038/4038
f 4048/4048 4038/4038 4040/4040
f 458/458 454/454 451/451
f 465/465 454/454 458/458
f 492/492 450/450 491/491
f 512/512 513/513 514/514
f 494/494 505/505 504/504
f 507/507 508/508 509/509
f 507/507 509/509 510/510
f 507/507 505/505 508/508
f 1218/1218 1171/1171 1223/1223
f 3182/3182 3181/3181 3179/3179
f 1227/1227 1218/1218 1228/1228
f 31/31 30/30 25/25
f 3049/3049 3053/3053 3050/3050
f 3199/3199 3179/3179 3198/3198
f 3049/3049 3050/3050 3047/3047
f 3200/3200 3199/3199 3198/3198
f 3017/3017 3049/3049 3047/3047
f 3201/3201 3198/3198 3197/3197
f 3201/3201 3197/3197 3202/3202
f 1265/1265 1250/1250 1295/1295
f 1207/1207 1250/1250 1233/1233
f 1250/1250 1265/1265 1233/1233
f 3016/3016 3019/3019 3020/3020
f 19/19 20/20 21/21
f 1206/1206 1207/1207 1233/1233
f 1200/1200 1206/1206 1214/1214
f 1213/1213 1200/1200 1214/1214
f 3025/3025 3022/3022 3042/3042
f 82/82 73/73 77/77
f 3043/3043 3025/3025 3042/3042
f 82/82 77/77 103/103
f 103/103 77/77 81/81
f 103/103 81/81 104/104
f 3052/3052 3055/3055 3043/3043
f 2166/2166 2191/2191 2188/2188
f 3043/3043 3055/3055 3059/3059
f 3059/3059 3055/3055 3060/3060
f 3055/3055 3080/3080 3060/3060
f 6791/6791 6794/6794 6786/6786
f 3060/3060 3080/3080 3071/3071
f 7682/7682 7659/7659 7669/7669
f 7659/7659 7658/7658 7669/7669
f 7669/7669 7658/7658 7660/7660
f 7674/7674 7682/7682 7669/7669
f 7669/7669 7660/7660 7670/7670
f 7660/7660 7681/7681 7679/7679
f 7671/7671 7669/7669 7670/7670
f 7674/7674 7669/7669 7673/7673
f 7673/7673 7669/7669 7671/7671
f 7670/7670 7660/7660 7679/7679
f 7671/7671 7670/7670 7672/7672
f 7672/7672 7670/7670 7675/7675
f 7675/7675 7670/7670 7679/7679
f 3069/3069 3078/3078 3070/3070
f 5784/5784 5785/5785 5857/5857
f 3010/3010 3073/3073 3007/3007
f 3007/3007 3073/3073 3074/3074
f 3007/3007 3075/3075 3006/3006
f 3006/3006 3075/3075 3009/3009
f 3009/3009 3079/3079 3014/3014
f 7634/7634 7635/7635 7636/7636
f 7637/7637 7634/7634 7636/7636
f 6060/6060 6061/6061 6062/6062
f 6062/6062 6061/6061 6063/6063
f 6063/6063 6067/6067 6065/6065
f 6168/6168 6172/6172 6169/6169
f 6168/6168 6169/6169 6170/6170
f 6170/6170 6169/6169 6171/6171
f 7751/7751 7753/7753 7752/7752
f 4922/4922 4934/4934 4935/4935
f 4909/4909 4922/4922 4935/4935
f 7750/7750 7751/7751 7752/7752
f 7750/7750 7752/7752 7754/7754
f 4675/4675 4668/4668 4670/4670
f 4051/4051 4052/4052 4045/4045
f 4045/4045 4052/4052 4046/4046
f 4670/4670 4668/4668 4667/4667
f 4051/4051 4045/4045 4036/4036
f 4670/4670 4667/4667 4672/4672
f 4047/4047 4051/4051 4036/4036
f 4047/4047 4036/4036 4038/4038
f 4038/4038 4039/4039 4040/4040
f 4039/4039 4042/4042 4040/4040
f 492/492 448/448 450/450
f 459/459 454/454 465/465
f 463/463 462/462 459/459
f 467/467 469/469 462/462
f 514/514 515/515 516/516
f 493/493 494/494 504/504
f 507/507 510/510 511/511
f 511/511 510/510 512/512
f 504/504 505/505 507/507
f 3179/3179 3176/3176 3197/3197
f 3207/3207 3171/3171 3206/3206
f 3198/3198 3179/3179 3197/3197
f 1265/1265 1295/1295 1296/1296
f 3023/3023 3017/3017 3016/3016
f 1246/1246 1233/1233 1265/1265
f 3021/3021 3016/3016 3020/3020
f 3021/3021 3020/3020 3022/3022
f 1206/1206 1233/1233 1214/1214
f 79/79 73/73 82/82
f 7656/7656 7668/7668 7665/7665
f 1213/1213 1214/1214 1215/1215
f 5771/5771 5781/5781 5777/5777
f 5771/5771 5777/5777 5776/5776
f 7658/7658 7657/7657 7660/7660
f 6790/6790 6791/6791 6786/6786
f 3068/3068 3069/3069 3065/3065
f 5784/5784 5783/5783 5785/5785
f 3069/3069 3070/3070 3008/3008
f 3070/3070 3072/3072 3010/3010
f 3010/3010 3072/3072 3073/3073
f 5828/5828 5858/5858 5859/5859
f 5827/5827 5859/5859 5829/5829
f 7637/7637 7636/7636 7638/7638
f 7637/7637 7638/7638 7639/7639
f 5979/5979 5985/5985 5982/5982
f 5979/5979 5982/5982 5980/5980
f 5980/5980 5982/5982 5984/5984
f 5980/5980 5984/5984 5983/5983
f 7641/7641 7637/7637 7639/7639
f 7641/7641 7639/7639 7642/7642
f 6064/6064 6065/6065 6068/6068
f 6173/6173 6168/6168 6170/6170
f 7645/7645 7642/7642 7643/7643
f 3842/3842 3858/3858 3843/3843
f 3840/3840 3842/3842 3843/3843
f 5000/5000 4998/4998 5001/5001
f 4037/4037 4046/4046 4041/4041
f 4045/4045 4046/4046 4037/4037
f 4041/4041 4044/4044 4043/4043
f 4041/4041 4043/4043 4042/4042
f 4045/4045 4037/4037 4036/4036
f 4037/4037 4041/4041 4039/4039
f 4039/4039 4041/4041 4042/4042
f 4036/4036 4037/4037 4038/4038
f 4038/4038 4037/4037 4039/4039
f 465/465 458/458 451/451
f 466/466 462/462 463/463
f 495/495 492/492 493/493
f 467/467 462/462 466/466
f 1160/1160 1260/1260 1261/1261
f 495/495 493/493 504/504
f 43/43 45/45 40/40
f 3181/3181 3177/3177 3179/3179
f 3179/3179 3177/3177 3176/3176
f 3177/3177 3175/3175 3176/3176
f 3176/3176 3175/3175 3174/3174
f 3174/3174 3175/3175 3173/3173
f 3173/3173 3175/3175 3171/3171
f 3207/3207 3206/3206 3308/3308
f 3023/3023 3016/3016 3021/3021
f 1246/1246 1265/1265 1296/1296
f 1258/1258 1246/1246 1296/1296
f 3023/3023 3021/3021 3024/3024
f 3024/3024 3021/3021 3022/3022
f 21/21 72/72 64/64
f 64/64 72/72 79/79
f 64/64 79/79 97/97
f 1214/1214 1233/1233 1246/1246
f 2137/2137 2170/2170 2169/2169
f 1214/1214 1246/1246 1234/1234
f 1234/1234 1246/1246 1258/1258
f 79/79 82/82 95/95
f 3024/3024 3022/3022 3025/3025
f 3027/3027 3025/3025 3043/3043
f 7656/7656 7665/7665 7664/7664
f 7656/7656 7664/7664 7657/7657
f 1215/1215 1214/1214 1234/1234
f 7657/7657 7664/7664 7663/7663
f 3054/3054 3027/3027 3043/3043
f 7657/7657 7663/7663 7662/7662
f 7657/7657 7662/7662 7661/7661
f 1236/1236 1215/1215 1235/1235
f 3071/3071 3066/3066 3062/3062
f 3066/3066 3068/3068 3064/3064
f 3064/3064 3068/3068 3065/3065
f 3065/3065 3069/3069 3008/3008
f 3008/3008 3070/3070 3010/3010
f 5832/5832 5843/5843 5795/5795
f 3006/3006 3009/3009 2995/2995
f 2995/2995 3009/3009 3014/3014
f 2953/2953 3015/3015 2952/2952
f 2953/2953 2952/2952 2947/2947
f 2947/2947 2952/2952 2946/2946
f 2945/2945 2947/2947 2946/2946
f 2948/2948 2945/2945 2944/2944
f 5979/5979 5980/5980 5981/5981
f 5980/5980 5983/5983 5981/5981
f 5981/5981 5983/5983 5986/5986
f 5981/5981 5986/5986 5987/5987
f 4640/4640 4643/4643 4651/4651
f 451/451 448/448 483/483
f 483/483 448/448 484/484
f 3298/3298 3307/3307 3306/3306
f 463/463 459/459 465/465
f 3298/3298 3306/3306 3289/3289
f 466/466 463/463 468/468
f 3315/3315 3313/3313 3277/3277
f 3284/3284 3301/3301 3297/3297
f 3181/3181 3183/3183 3177/3177
f 3171/3171 3178/3178 3206/3206
f 2170/2170 2163/2163 2172/2172
f 2170/2170 2172/2172 2187/2187
f 64/64 97/97 63/63
f 1258/1258 1296/1296 1297/1297
f 3028/3028 3023/3023 3024/3024
f 2169/2169 2170/2170 2187/2187
f 97/97 79/79 95/95
f 3026/3026 3024/3024 3025/3025
f 7664/7664 7665/7665 7667/7667
f 3029/3029 3028/3028 3024/3024
f 3029/3029 3024/3024 3026/3026
f 7664/7664 7667/7667 7663/7663
f 7663/7663 7666/7666 7662/7662
f 1215/1215 1234/1234 1235/1235
f 1235/1235 1234/1234 1258/1258
f 3026/3026 3025/3025 3027/3027
f 1235/1235 1258/1258 1299/1299
f 1299/1299 1258/1258 1297/1297
f 3057/3057 3059/3059 3060/3060
f 3061/3061 3060/3060 3062/3062
f 3060/3060 3071/3071 3062/3062
f 3062/3062 3066/3066 3063/3063
f 5852/5852 5857/5857 5791/5791
f 3008/3008 3010/3010 2998/2998
f 2998/2998 3010/3010 3007/3007
f 2996/2996 3007/3007 3006/3006
f 2995/2995 2996/2996 3006/3006
f 3015/3015 2963/2963 2952/2952
f 2995/2995 3014/3014 2985/2985
f 2985/2985 3014/3014 3011/3011
f 2952/2952 2949/2949 2946/2946
f 3005/3005 2985/2985 3011/3011
f 2945/2945 2946/2946 2934/2934
f 3005/3005 3011/3011 3013/3013
f 2944/2944 2945/2945 2934/2934
f 3013/3013 3012/3012 3005/3005
f 2943/2943 2944/2944 2934/2934
f 3005/3005 3012/3012 3002/3002
f 7643/7643 7639/7639 7644/7644
f 6000/6000 6004/6004 6002/6002
f 465/465 451/451 481/481
f 451/451 483/483 481/481
f 463/463 465/465 481/481
f 3271/3271 3298/3298 3289/3289
f 485/485 467/467 466/466
f 487/487 467/467 485/485
f 3281/3281 3289/3289 3288/3288
f 3313/3313 3314/3314 3278/3278
f 3288/3288 3289/3289 3296/3296
f 3296/3296 3289/3289 3301/3301
f 3282/3282 3315/3315 3277/3277
f 3299/3299 3315/3315 3282/3282
f 1161/1161 1160/1160 1262/1262
f 3296/3296 3301/3301 3284/3284
f 3287/3287 3297/3297 3299/3299
f 3287/3287 3299/3299 3290/3290
f 43/43 40/40 42/42
f 40/40 31/31 42/42
f 3186/3186 3183/3183 3181/3181
f 3183/3183 3180/3180 3177/3177
f 3177/3177 3180/3180 3175/3175
f 3175/3175 3180/3180 3178/3178
f 613/613 612/612 615/615
f 21/21 64/64 50/50
f 7683/7683 7686/7686 7685/7685
f 7683/7683 7685/7685 7684/7684
f 95/95 82/82 96/96
f 3030/3030 3026/3026 3027/3027
f 3030/3030 3027/3027 3054/3054
f 3030/3030 3029/3029 3026/3026
f 1238/1238 1235/1235 1299/1299
f 3029/3029 3030/3030 3056/3056
f 3067/3067 3056/3056 3030/3030
f 3043/3043 3059/3059 3057/3057
f 3057/3057 3060/3060 3061/3061
f 1237/1237 1235/1235 1238/1238
f 3063/3063 3066/3066 3064/3064
f 3064/3064 3065/3065 3003/3003
f 3003/3003 3065/3065 3008/3008
f 2998/2998 2994/2994 3008/3008
f 2996/2996 2998/2998 3007/3007
f 5858/5858 5861/5861 5859/5859
f 5859/5859 5861/5861 5863/5863
f 2952/2952 2963/2963 2949/2949
f 2949/2949 2963/2963 2954/2954
f 2949/2949 2954/2954 2951/2951
f 2949/2949 2951/2951 2937/2937
f 2946/2946 2949/2949 2937/2937
f 2934/2934 2946/2946 2937/2937
f 2959/2959 3001/3001 3000/3000
f 2939/2939 2938/2938 2957/2957
f 2957/2957 2938/2938 2958/2958
f 483/483 484/484 489/489
f 468/468 463/463 481/481
f 3266/3266 3265/3265 3212/3212
f 3211/3211 3265/3265 3253/3253
f 3212/3212 3265/3265 3211/3211
f 486/486 466/466 468/468
f 3271/3271 3289/3289 3281/3281
f 486/486 485/485 466/466
f 3277/3277 3313/3313 3278/3278
f 3290/3290 3299/3299 3282/3282
f 3284/3284 3297/3297 3287/3287
f 3183/3183 3187/3187 3180/3180
f 3206/3206 3178/3178 3204/3204
f 31/31 25/25 33/33
f 33/33 25/25 26/26
f 25/25 19/19 26/26
f 7686/7686 7687/7687 7685/7685
f 50/50 64/64 63/63
f 7684/7684 7685/7685 7688/7688
f 93/93 95/95 96/96
f 3058/3058 3030/3030 3054/3054
f 3054/3054 3043/3043 3057/3057
f 1239/1239 1238/1238 1240/1240
f 2994/2994 3003/3003 3008/3008
f 2966/2966 2998/2998 2996/2996
f 5856/5856 5796/5796 5860/5860
f 2956/2956 2966/2966 2996/2996
f 2967/2967 2964/2964 2963/2963
f 2954/2954 2964/2964 2956/2956
f 2956/2956 2996/2996 2960/2960
f 2963/2963 2964/2964 2954/2954
f 2960/2960 2996/2996 2995/2995
f 2954/2954 2956/2956 2951/2951
f 2960/2960 2995/2995 2985/2985
f 2937/2937 2951/2951 2950/2950
f 2965/2965 2985/2985 3005/3005
f 2937/2937 2950/2950 2936/2936
f 2934/2934 2937/2937 2936/2936
f 2934/2934 2936/2936 2935/2935
f 2933/2933 2934/2934 2935/2935
f 2961/2961 3001/3001 2959/2959
f 2938/2938 2935/2935 2959/2959
f 2958/2958 2959/2959 3000/3000
f 3253/3253 3271/3271 3252/3252
f 3211/3211 3253/3253 3252/3252
f 3214/3214 3266/3266 3212/3212
f 3252/3252 3271/3271 3281/3281
f 3208/3208 3212/3212 3211/3211
f 3214/3214 3212/3212 3192/3192
f 3192/3192 3212/3212 3208/3208
f 3208/3208 3211/3211 3196/3196
f 3274/3274 3281/3281 3288/3288
f 488/488 487/487 485/485
f 3213/3213 3214/3214 3192/3192
f 3277/3277 3278/3278 3276/3276
f 1161/1161 1262/1262 1266/1266
f 1155/1155 1161/1161 1266/1266
f 3287/3287 3290/3290 3250/3250
f 3193/3193 3195/3195 3194/3194
f 3296/3296 3284/3284 3270/3270
f 3284/3284 3287/3287 3247/3247
f 3270/3270 3284/3284 3247/3247
f 3189/3189 3188/3188 3183/3183
f 3186/3186 3189/3189 3183/3183
f 3187/3187 3192/3192 3180/3180
f 3180/3180 3192/3192 3193/3193
f 3183/3183 3188/3188 3187/3187
f 3180/3180 3193/3193 3178/3178
f 3193/3193 3194/3194 3178/3178
f 3178/3178 3194/3194 3204/3204
f 619/619 628/628 632/632
f 633/633 632/632 644/644
f 617/617 624/624 618/618
f 631/631 648/648 647/647
f 624/624 617/617 623/623
f 26/26 19/19 27/27
f 19/19 21/21 27/27
f 93/93 96/96 92/92
f 3058/3058 3054/3054 3057/3057
f 3061/3061 3062/3062 2999/2999
f 5785/5785 5786/5786 5787/5787
f 3063/3063 3064/3064 3004/3004
f 3004/3004 3064/3064 3003/3003
f 2994/2994 2997/2997 3003/3003
f 5791/5791 5790/5790 5792/5792
f 2971/2971 2994/2994 2998/2998
f 2971/2971 2998/2998 2966/2966
f 2987/2987 2988/2988 2991/2991
f 2967/2967 2971/2971 2966/2966
f 2967/2967 2966/2966 2964/2964
f 2969/2969 2967/2967 2968/2968
f 2964/2964 2966/2966 2956/2956
f 2951/2951 2960/2960 2955/2955
f 2955/2955 2960/2960 2985/2985
f 2951/2951 2955/2955 2950/2950
f 2955/2955 2985/2985 2965/2965
f 2962/2962 2965/2965 3005/3005
f 2936/2936 2950/2950 2935/2935
f 3002/3002 2962/2962 3005/3005
f 2935/2935 2950/2950 2961/2961
f 2961/2961 2962/2962 3002/3002
f 2961/2961 3002/3002 3001/3001
f 2935/2935 2961/2961 2959/2959
f 3211/3211 3252/3252 3210/3210
f 3196/3196 3211/3211 3210/3210
f 3210/3210 3252/3252 3281/3281
f 3205/3205 3196/3196 3210/3210
f 3210/3210 3281/3281 3274/3274
f 3273/3273 3282/3282 3277/3277
f 3276/3276 3278/3278 3279/3279
f 1266/1266 1262/1262 1335/1335
f 1262/1262 1336/1336 1335/1335
f 3195/3195 3208/3208 3196/3196
f 3273/3273 3277/3277 3276/3276
f 3191/3191 3213/3213 3192/3192
f 3192/3192 3208/3208 3195/3195
f 3274/3274 3288/3288 3296/3296
f 3188/3188 3191/3191 3187/3187
f 3187/3187 3191/3191 3192/3192
f 3192/3192 3195/3195 3193/3193
f 3194/3194 3195/3195 3196/3196
f 3194/3194 3196/3196 3203/3203
f 3203/3203 3196/3196 3205/3205
f 3270/3270 3274/3274 3296/3296
f 3247/3247 3287/3287 3250/3250
f 3203/3203 3205/3205 3209/3209
f 44/44 42/42 31/31
f 3204/3204 3194/3194 3203/3203
f 3204/3204 3203/3203 3209/3209
f 44/44 31/31 34/34
f 3204/3204 3209/3209 3215/3215
f 3206/3206 3204/3204 3246/3246
f 34/34 31/31 33/33
f 3309/3309 3246/3246 3236/3236
f 3311/3311 3303/3303 3234/3234
f 2164/2164 2193/2193 2181/2181
f 631/631 647/647 615/615
f 27/27 21/21 50/50
f 71/71 93/93 92/92
f 71/71 92/92 91/91
f 3030/3030 3058/3058 2984/2984
f 3067/3067 3030/3030 2984/2984
f 2981/2981 3058/3058 3057/3057
f 3057/3057 3061/3061 2986/2986
f 2999/2999 3062/3062 2980/2980
f 2980/2980 3062/3062 3063/3063
f 2980/2980 3063/3063 3004/3004
f 2997/2997 3004/3004 3003/3003
f 2971/2971 2979/2979 2994/2994
f 2967/2967 2970/2970 2971/2971
f 2969/2969 2970/2970 2967/2967
f 2950/2950 2955/2955 2965/2965
f 2950/2950 2965/2965 2962/2962
f 3243/3243 3210/3210 3274/3274
f 3205/3205 3210/3210 3243/3243
f 3251/3251 3282/3282 3273/3273
f 3249/3249 3282/3282 3251/3251
f 3250/3250 3290/3290 3249/3249
f 3273/3273 3276/3276 3275/3275
f 3276/3276 3279/3279 3280/3280
f 3272/3272 3274/3274 3270/3270
f 3272/3272 3270/3270 3248/3248
f 3248/3248 3270/3270 3247/3247
f 3204/3204 3215/3215 3216/3216
f 3246/3246 3204/3204 3216/3216
f 628/628 629/629 632/632
f 3303/3303 3228/3228 3234/3234
f 3236/3236 3246/3246 3216/3216
f 624/624 625/625 618/618
f 3236/3236 3218/3218 3312/3312
f 630/630 627/627 615/615
f 627/627 623/623 615/615
f 50/50 63/63 54/54
f 54/54 63/63 71/71
f 2984/2984 3058/3058 2981/2981
f 2981/2981 3057/3057 2986/2986
f 2986/2986 3061/3061 2999/2999
f 2977/2977 2980/2980 3004/3004
f 2977/2977 3004/3004 2997/2997
f 2976/2976 2997/2997 2994/2994
f 2979/2979 2976/2976 2994/2994
f 2989/2989 2990/2990 2975/2975
f 2979/2979 2971/2971 2972/2972
f 2989/2989 2975/2975 2973/2973
f 2989/2989 2973/2973 2987/2987
f 2972/2972 2971/2971 2970/2970
f 2987/2987 2973/2973 2969/2969
f 2987/2987 2969/2969 2988/2988
f 2969/2969 2972/2972 2970/2970
f 3243/3243 3274/3274 3272/3272
f 3205/3205 3243/3243 3238/3238
f 3242/3242 3250/3250 3249/3249
f 3275/3275 3276/3276 3280/3280
f 3247/3247 3250/3250 3242/3242
f 3209/3209 3205/3205 3238/3238
f 3233/3233 3247/3247 3242/3242
f 3248/3248 3247/3247 3224/3224
f 3224/3224 3247/3247 3233/3233
f 3223/3223 3225/3225 3226/3226
f 3226/3226 3227/3227 3228/3228
f 34/34 33/33 49/49
f 3221/3221 3223/3223 3222/3222
f 624/624 626/626 625/625
f 3303/3303 3226/3226 3228/3228
f 3216/3216 3218/3218 3236/3236
f 49/49 33/33 26/26
f 2992/2992 2984/2984 2983/2983
f 2983/2983 2984/2984 2981/2981
f 2986/2986 2999/2999 2980/2980
f 2981/2981 2986/2986 2980/2980
f 2981/2981 2980/2980 2978/2978
f 2978/2978 2980/2980 2977/2977
f 2993/2993 2983/2983 2982/2982
f 2993/2993 2982/2982 2990/2990
f 2990/2990 2982/2982 2978/2978
f 2976/2976 2977/2977 2997/2997
f 2990/2990 2978/2978 2975/2975
f 2972/2972 2976/2976 2979/2979
f 2973/2973 2972/2972 2969/2969
f 3268/3268 3251/3251 3273/3273
f 3268/3268 3273/3273 3275/3275
f 3238/3238 3243/3243 3272/3272
f 3249/3249 3251/3251 3231/3231
f 3251/3251 3268/3268 3237/3237
f 3233/3233 3242/3242 3230/3230
f 3230/3230 3242/3242 3249/3249
f 3230/3230 3249/3249 3231/3231
f 3231/3231 3251/3251 3237/3237
f 3238/3238 3272/3272 3254/3254
f 3254/3254 3272/3272 3248/3248
f 44/44 34/34 90/90
f 3209/3209 3238/3238 3215/3215
f 3254/3254 3248/3248 3232/3232
f 3233/3233 3230/3230 3225/3225
f 3225/3225 3230/3230 3227/3227
f 3227/3227 3230/3230 3231/3231
f 3227/3227 3231/3231 3229/3229
f 3232/3232 3248/3248 3224/3224
f 3224/3224 3233/3233 3225/3225
f 3227/3227 3229/3229 3228/3228
f 3228/3228 3229/3229 3234/3234
f 90/90 34/34 49/49
f 3216/3216 3215/3215 3217/3217
f 3224/3224 3225/3225 3223/3223
f 3221/3221 3232/3232 3224/3224
f 3221/3221 3224/3224 3223/3223
f 3216/3216 3217/3217 3218/3218
f 3217/3217 3221/3221 3219/3219
f 3218/3218 3217/3217 3219/3219
f 52/52 49/49 26/26
f 52/52 26/26 51/51
f 26/26 27/27 51/51
f 51/51 27/27 53/53
f 53/53 50/50 54/54
f 61/61 54/54 71/71
f 2983/2983 2981/2981 2982/2982
f 2982/2982 2981/2981 2978/2978
f 2978/2978 2977/2977 2975/2975
f 2975/2975 2977/2977 2974/2974
f 2974/2974 2977/2977 2976/2976
f 2974/2974 2976/2976 2972/2972
f 2973/2973 2975/2975 2974/2974
f 2973/2973 2974/2974 2972/2972
f 3269/3269 3268/3268 3275/3275
f 3269/3269 3275/3275 3280/3280
f 3269/3269 3280/3280 3283/3283
f 3229/3229 3231/3231 3235/3235
f 3235/3235 3231/3231 3237/3237
f 3215/3215 3238/3238 3220/3220
f 3238/3238 3254/3254 3220/3220
f 3220/3220 3254/3254 3232/3232
f 3283/3283 3293/3293 3245/3245
f 3269/3269 3283/3283 3245/3245
f 3215/3215 3220/3220 3217/3217
f 3221/3221 3220/3220 3232/3232
f 3217/3217 3220/3220 3221/3221
f 3234/3234 3229/3229 3239/3239
f 3240/3240 3234/3234 3239/3239
f 53/53 54/54 60/60
f 60/60 54/54 61/61
f 113/113 115/115 117/117
f 117/117 115/115 118/118
f 115/115 119/119 118/118
f 3235/3235 3237/3237 3241/3241
f 3229/3229 3235/3235 3241/3241
f 3239/3239 3229/3229 3241/3241
f 3267/3267 3245/3245 3293/3293
f 51/51 53/53 62/62
f 62/62 53/53 60/60
f 113/113 117/117 116/116
f 116/116 117/117 118/118
f 3237/3237 3268/3268 3269/3269
f 3241/3241 3237/3237 3244/3244
f 3244/3244 3237/3237 3269/3269
f 3244/3244 3269/3269 3245/3245
f 3241/3241 3244/3244 3245/3245
f 3239/3239 3241/3241 3256/3256
f 3240/3240 3239/3239 3256/3256
f 3267/3267 3293/3293 3294/3294
f 110/110 113/113 112/112
f 112/112 113/113 116/116
f 3256/3256 3241/3241 3255/3255
f 3241/3241 3245/3245 3255/3255
f 3255/3255 3245/3245 3267/3267
f 3259/3259 3240/3240 3256/3256
f 3291/3291 3267/3267 3294/3294
f 3259/3259 3256/3256 3258/3258
f 3291/3291 3294/3294 3304/3304
f 3291/3291 3304/3304 3300/3300
f 3295/3295 3259/3259 3258/3258
f 3286/3286 3295/3295 3258/3258
f 98/98 62/62 60/60
f 2180/2180 2184/2184 2186/2186
f 111/111 110/110 112/112
f 3711/3711 3715/3715 3706/3706
f 3706/3706 3715/3715 3703/3703
f 3719/3719 3707/3707 3709/3709
f 112/112 116/116 118/118
f 3708/3708 3715/3715 3714/3714
f 3713/3713 3708/3708 3714/3714
f 3257/3257 3255/3255 3267/3267
f 3267/3267 3291/3291 3264/3264
f 3257/3257 3256/3256 3255/3255
f 3257/3257 3267/3267 3264/3264
f 3258/3258 3256/3256 3257/3257
f 3264/3264 3291/3291 3300/3300
f 3258/3258 3257/3257 3260/3260
f 3286/3286 3258/3258 3260/3260
f 3292/3292 3264/3264 3300/3300
f 3292/3292 3300/3300 3305/3305
f 3286/3286 3260/3260 3285/3285
f 3302/3302 3292/3292 3305/3305
f 3292/3292 3302/3302 3263/3263
f 3702/3702 3705/3705 3711/3711
f 3702/3702 3711/3711 3706/3706
f 3710/3710 3705/3705 3701/3701
f 3712/3712 3710/3710 3701/3701
f 3701/3701 3705/3705 3702/3702
f 3707/3707 3701/3701 3704/3704
f 3707/3707 3712/3712 3701/3701
f 3709/3709 3707/3707 3704/3704
f 3703/3703 3715/3715 3708/3708
f 3704/3704 3703/3703 3708/3708
f 3709/3709 3704/3704 3708/3708
f 3260/3260 3257/3257 3261/3261
f 3261/3261 3257/3257 3264/3264
f 3262/3262 3260/3260 3261/3261
f 3263/3263 3261/3261 3264/3264
f 3262/3262 3261/3261 3263/3263
f 3263/3263 3264/3264 3292/3292
f 3703/3703 3702/3702 3706/3706
f 3701/3701 3702/3702 3703/3703

